{
  "code": "pianokeys",
  "behaviors": [
  ],
  "shape": { "base": "item/part/pianokeys" },
  "maxstacksize": 32,
  "attributes": {
    "shelvable": true,
    "displaycaseable": true,
    "onDisplayTransform": {
      "translation": {
        "x": 0.02,
        "y": 0,
        "z": 0.02
      }
    },
    "handbook": {
    }
  },
  "creativeinventory": {
    "general": [ "*" ],
    "items": [ "*" ],
    "instruments-sbc": [ "*" ]
  },
  "guiTransform": {
    "rotation": {
      "x": 135,
      "y": 0,
      "z": 0
    },
    "origin": {
      "x": 0.67,
      "y": -0.1,
      "z": 0.6
    },
    "scaleXyz": {
      "x": -2.22,
      "y": 2.22,
      "z": 2.22
    }
  }
}