{
  "editor": {
    "allAngles": false,
    "entityTextureMode": false
  },
  "textureWidth": 16,
  "textureHeight": 16,
  "elements": [
    {
      "name": "bread",
      "from": [2.0, 0.0, 2.0],
      "to": [4.0, 0.3, 13.8],
      "rotationOrigin": [3.4, 0.0, 3.5],
      "faces": {
        "north": {
          "texture": "#flaxraw",
          "uv": [5.0, 1.0, 5.5, 3.0],
          "rotation": 90
        },
        "east": {
          "texture": "#flaxraw",
          "uv": [1.5, 7.5, 13.0, 8.0],
          "rotation": 180
        },
        "south": { "texture": "#flaxraw", "uv": [11.0, 8.0, 13.0, 8.5] },
        "west": {
          "texture": "#flaxraw",
          "uv": [3.5, 9.0, 15.0, 9.5],
          "rotation": 180
        },
        "up": {
          "texture": "#flaxraw",
          "uv": [2.0, 2.0, 4.0, 13.5],
          "rotation": 180
        },
        "down": { "texture": "#flaxraw", "uv": [4.0, 1.5, 6.0, 13.0] }
      }
    },
    {
      "name": "bread2",
      "from": [6.0, 0.0, 1.7],
      "to": [8.0, 0.3, 14.3],
      "rotationOrigin": [7.4, 0.0, 3.2],
      "faces": {
        "north": {
          "texture": "#flaxraw",
          "uv": [7.0, 4.0, 7.5, 6.0],
          "rotation": 90
        },
        "east": {
          "texture": "#flaxraw",
          "uv": [2.0, 4.0, 14.5, 4.5],
          "rotation": 180
        },
        "south": { "texture": "#flaxraw", "uv": [6.0, 14.0, 8.0, 14.5] },
        "west": {
          "texture": "#flaxraw",
          "uv": [0.5, 8.5, 13.0, 9.0],
          "rotation": 180
        },
        "up": {
          "texture": "#flaxraw",
          "uv": [5.0, 1.0, 7.0, 13.5],
          "rotation": 180
        },
        "down": { "texture": "#flaxraw", "uv": [0.0, 2.5, 2.0, 15.0] }
      }
    },
    {
      "name": "bread3",
      "from": [10.0, 0.0, 1.9],
      "to": [12.0, 0.3, 14.0],
      "rotationOrigin": [11.4, 0.0, 3.4],
      "faces": {
        "north": {
          "texture": "#flaxraw",
          "uv": [12.0, 2.0, 12.5, 4.0],
          "rotation": 90
        },
        "east": {
          "texture": "#flaxraw",
          "uv": [2.5, 12.5, 14.5, 13.0],
          "rotation": 180
        },
        "south": { "texture": "#flaxraw", "uv": [8.0, 0.0, 10.0, 0.5] },
        "west": {
          "texture": "#flaxraw",
          "uv": [3.0, 15.0, 15.0, 15.5],
          "rotation": 180
        },
        "up": {
          "texture": "#flaxraw",
          "uv": [8.5, 2.0, 10.5, 14.0],
          "rotation": 180
        },
        "down": { "texture": "#flaxraw", "uv": [8.0, 2.0, 10.0, 14.0] }
      }
    },
    {
      "name": "bread4",
      "from": [4.0, 0.0, 1.5],
      "to": [6.0, 0.3, 14.6],
      "rotationOrigin": [5.4, 0.0, 3.0],
      "faces": {
        "north": {
          "texture": "#flaxraw",
          "uv": [5.0, 12.5, 5.5, 14.5],
          "rotation": 90
        },
        "east": {
          "texture": "#flaxraw",
          "uv": [0.5, 9.0, 13.5, 9.5],
          "rotation": 180
        },
        "south": { "texture": "#flaxraw", "uv": [1.5, 12.5, 3.5, 13.0] },
        "west": {
          "texture": "#flaxraw",
          "uv": [0.0, 13.5, 13.0, 14.0],
          "rotation": 180
        },
        "up": {
          "texture": "#flaxraw",
          "uv": [3.0, 2.0, 5.0, 15.0],
          "rotation": 180
        },
        "down": { "texture": "#flaxraw", "uv": [4.5, 1.0, 6.5, 14.0] }
      }
    },
    {
      "name": "bread5",
      "from": [8.0, 0.0, 1.7],
      "to": [10.0, 0.3, 14.6],
      "rotationOrigin": [9.4, 0.0, 3.2],
      "faces": {
        "north": {
          "texture": "#flaxraw",
          "uv": [11.5, 5.0, 12.0, 7.0],
          "rotation": 90
        },
        "east": {
          "texture": "#flaxraw",
          "uv": [1.5, 8.5, 14.0, 9.0],
          "rotation": 180
        },
        "south": { "texture": "#flaxraw", "uv": [1.5, 6.0, 3.5, 6.5] },
        "west": {
          "texture": "#flaxraw",
          "uv": [1.0, 13.5, 13.5, 14.0],
          "rotation": 180
        },
        "up": {
          "texture": "#flaxraw",
          "uv": [7.0, 1.5, 9.0, 14.0],
          "rotation": 180
        },
        "down": { "texture": "#flaxraw", "uv": [5.0, 0.5, 7.0, 13.0] }
      }
    },
    {
      "name": "bread6",
      "from": [12.0, 0.0, 1.7],
      "to": [14.0, 0.3, 14.1],
      "rotationOrigin": [13.4, 0.0, 3.2],
      "faces": {
        "north": {
          "texture": "#flaxraw",
          "uv": [5.0, 8.5, 5.5, 10.5],
          "rotation": 90
        },
        "east": {
          "texture": "#flaxraw",
          "uv": [1.0, 6.5, 13.0, 7.0],
          "rotation": 180
        },
        "south": { "texture": "#flaxraw", "uv": [5.0, 3.0, 7.0, 3.5] },
        "west": {
          "texture": "#flaxraw",
          "uv": [1.0, 4.5, 13.0, 5.0],
          "rotation": 180
        },
        "up": {
          "texture": "#flaxraw",
          "uv": [12.0, 2.5, 14.0, 14.5],
          "rotation": 180
        },
        "down": { "texture": "#flaxraw", "uv": [7.5, 2.5, 9.5, 14.5] }
      }
    }
  ]
}
