[
    {
        "op": "addmerge", "path": "/texturesByType/*/inner_seasonedfirewood",
        "value": {
            "base": "fseasonedfirewood:block/wood/firewood/seasoned/side"
        },
        "file": "game:blocktypes/wood/firepit.json",
        "side": "Server"
    },
    {
        "op": "addmerge", "path": "/texturesByType/*/seasonedfirewood",
        "value": {
            "base": "fseasonedfirewood:block/wood/firewood/seasoned/bark"
        },
        "file": "game:blocktypes/wood/firepit.json",
        "side": "Server"
    },
    {
        "op": "addmerge",
        "path": "/texturesByType/*-lit/seasonedfirewood",
        "value": {
            "base": "fseasonedfirewood:block/wood/firewood/seasoned/bark",
            "overlays": [ "game:block/coal/hot_wood" ]
        },
        "file": "game:blocktypes/wood/firepit.json",
        "side": "Server"
    },
    {
        "op": "addmerge",
        "path": "/texturesByType/*-lit/inner_seasonedfirewood",
        "value": {
            "base": "fseasonedfirewood:block/wood/firewood/seasoned/side",
            "overlays": [ "game:block/coal/hot_wood" ]
        },
        "file": "game:blocktypes/wood/firepit.json",
        "side": "Server"
    }
]