{
	"editor": {
		"collapsedPaths": "Root/origin/body/frame,Root/origin/body/head/tuningpeg,Root/origin/body/head/wood,Root/origin/body/case,Root/origin/body/neck",
		"allAngles": false,
		"entityTextureMode": false
	},
	"textureWidth": 16,
	"textureHeight": 16,
	"textureSizes": {
		"banjostrings.png": [64,64],
		"guitarfrets.png": [64,64],
		"texture": [64,64],
		"banjostrings": [128,128],
		"guitarfrets": [128,128],
		"stainlesssteel": [16,16],
		"chromium": [16,16],
		"oak": [16,16],
		"oak2": [16,16],
		"oak-h": [16,16],
		"steel": [16,16],
		"bone1": [16,16],
		"bone2": [16,16],
		"white": [16,16]
	},
	"textures": {
		"banjostrings": "item/instrument/banjostrings",
		"guitarfrets": "item/instrument/guitarfrets",
		"white": "game:block/leather/white",
		"chromium": "game:block/metal/plate/chromium",
		"stainlesssteel": "game:block/metal/plate/stainlesssteel",
		"steel": "game:block/metal/plate/steel",
		"oak": "game:block/wood/debarked/oak"
	},
	"elements": [
		{
			"name": "origin",
			"from": [ 8.0, 8.0, 8.0 ],
			"to": [ 8.0, 8.0, 8.0 ],
			"rotationOrigin": [ 8.0, 8.0, 8.0 ],
			"faces": {
				"north": { "texture": "#null", "uv": [ 0.0, 0.0, 0.5, 0.5 ], "enabled": false },
				"east": { "texture": "#null", "uv": [ 0.0, 0.0, 0.5, 0.5 ], "enabled": false },
				"south": { "texture": "#null", "uv": [ 0.0, 0.0, 0.5, 0.5 ], "enabled": false },
				"west": { "texture": "#null", "uv": [ 0.0, 0.0, 0.5, 0.5 ], "enabled": false },
				"up": { "texture": "#null", "uv": [ 0.0, 0.0, 0.5, 0.5 ], "enabled": false },
				"down": { "texture": "#null", "uv": [ 0.0, 0.0, 0.5, 0.5 ], "enabled": false }
			},
			"children": [
				{
					"name": "body",
					"from": [ 0.0, 0.0, 0.0 ],
					"to": [ 0.0, 0.0, 0.0 ],
					"faces": {
						"north": { "texture": "#null", "uv": [ 0.0, 0.0, 0.5, 0.5 ], "enabled": false },
						"east": { "texture": "#null", "uv": [ 0.0, 0.0, 0.5, 0.5 ], "enabled": false },
						"south": { "texture": "#null", "uv": [ 0.0, 0.0, 0.5, 0.5 ], "enabled": false },
						"west": { "texture": "#null", "uv": [ 0.0, 0.0, 0.5, 0.5 ], "enabled": false },
						"up": { "texture": "#null", "uv": [ 0.0, 0.0, 0.5, 0.5 ], "enabled": false },
						"down": { "texture": "#null", "uv": [ 0.0, 0.0, 0.5, 0.5 ], "enabled": false }
					},
					"children": [
						{
							"name": "frame",
							"from": [ -13.75, -7.05, -5.0 ],
							"to": [ -13.75, -7.05, -5.0 ],
							"rotationOrigin": [ -13.75, -7.05, -5.0 ],
							"faces": {
								"north": { "texture": "#oak", "uv": [ 0.0, 0.0, 0.5, 0.5 ], "enabled": false },
								"east": { "texture": "#oak", "uv": [ 0.0, 0.0, 0.5, 0.5 ], "enabled": false },
								"south": { "texture": "#oak", "uv": [ 0.0, 0.0, 0.5, 0.5 ], "enabled": false },
								"west": { "texture": "#oak", "uv": [ 0.0, 0.0, 0.5, 0.5 ], "enabled": false },
								"up": { "texture": "#oak", "uv": [ 0.0, 0.0, 0.5, 0.5 ], "enabled": false },
								"down": { "texture": "#oak", "uv": [ 0.0, 0.0, 0.5, 0.5 ], "enabled": false }
							},
							"children": [
								{
									"name": "cube",
									"from": [ -1.45, -1.275, 12.575 ],
									"to": [ 1.45, 1.0, 13.775 ],
									"rotationOrigin": [ 0.0, 0.0, 0.0 ],
									"rotationY": 45.0,
									"faces": {
										"north": { "texture": "#oak", "uv": [ 8.0, 12.0, 11.0, 14.0 ], "autoUv": false, "snapUv": false },
										"east": { "texture": "#oak", "uv": [ 10.0, 2.0, 11.0, 4.0 ], "autoUv": false, "snapUv": false },
										"south": { "texture": "#oak", "uv": [ 8.0, 14.0, 11.0, 16.0 ], "autoUv": false, "snapUv": false },
										"west": { "texture": "#oak", "uv": [ 12.0, 3.0, 13.0, 5.0 ], "autoUv": false, "snapUv": false },
										"up": { "texture": "#oak", "uv": [ 11.0, 12.0, 8.0, 11.0 ], "autoUv": false, "snapUv": false },
										"down": { "texture": "#oak", "uv": [ 14.0, 8.0, 11.0, 9.0 ], "autoUv": false, "snapUv": false }
									}
								},
								{
									"name": "cube",
									"from": [ -3.75, -1.3, 1.25 ],
									"to": [ 4.75, 1.025, 2.75 ],
									"rotationOrigin": [ 6.5, 0.0, -1.5 ],
									"rotationY": 90.0,
									"faces": {
										"north": { "texture": "#oak", "uv": [ 4.0, 6.0, 13.0, 8.0 ], "autoUv": false, "snapUv": false },
										"east": { "texture": "#oak", "uv": [ 10.0, 13.0, 12.0, 15.0 ], "autoUv": false, "snapUv": false },
										"south": { "texture": "#oak", "uv": [ 4.0, 8.0, 13.0, 10.0 ], "autoUv": false, "snapUv": false },
										"west": { "texture": "#oak", "uv": [ 2.0, 2.0, 4.0, 4.0 ], "autoUv": false, "snapUv": false },
										"up": { "texture": "#oak", "uv": [ 13.0, 12.0, 4.0, 10.0 ], "autoUv": false, "snapUv": false },
										"down": { "texture": "#oak", "uv": [ 9.0, 2.0, 0.0, 4.0 ], "autoUv": false, "snapUv": false }
									}
								},
								{
									"name": "cube",
									"from": [ 0.25, -1.3, 9.25 ],
									"to": [ 8.75, 1.025, 10.75 ],
									"rotationOrigin": [ 10.5, 0.0, 6.5 ],
									"faces": {
										"north": { "texture": "#oak", "uv": [ 5.0, 0.0, 14.0, 2.0 ], "autoUv": false, "snapUv": false },
										"east": { "texture": "#oak", "uv": [ 0.0, 1.0, 2.0, 3.0 ], "autoUv": false, "snapUv": false },
										"south": { "texture": "#oak", "uv": [ 5.0, 2.0, 14.0, 4.0 ], "autoUv": false, "snapUv": false },
										"west": { "texture": "#oak", "uv": [ 2.0, 1.0, 4.0, 3.0 ], "autoUv": false, "snapUv": false },
										"up": { "texture": "#oak", "uv": [ 14.0, 6.0, 5.0, 4.0 ], "autoUv": false, "snapUv": false },
										"down": { "texture": "#oak", "uv": [ 10.0, 2.0, 1.0, 4.0 ], "autoUv": false, "snapUv": false }
									}
								},
								{
									"name": "cube",
									"from": [ -1.45, -1.275, 7.95 ],
									"to": [ 1.45, 1.0, 9.15 ],
									"rotationOrigin": [ 0.0, 0.0, 9.0 ],
									"rotationX": -180.0,
									"rotationY": 45.0,
									"rotationZ": -180.0,
									"faces": {
										"north": { "texture": "#oak", "uv": [ 8.0, 13.0, 11.0, 15.0 ], "autoUv": false, "snapUv": false },
										"east": { "texture": "#oak", "uv": [ 13.0, 3.0, 14.0, 5.0 ], "autoUv": false, "snapUv": false },
										"south": { "texture": "#oak", "uv": [ 11.0, 13.0, 14.0, 15.0 ], "autoUv": false, "snapUv": false },
										"west": { "texture": "#oak", "uv": [ 9.0, 3.0, 10.0, 5.0 ], "autoUv": false, "snapUv": false },
										"up": { "texture": "#oak", "uv": [ 14.0, 10.0, 11.0, 9.0 ], "autoUv": false, "snapUv": false },
										"down": { "texture": "#oak", "uv": [ 14.0, 10.0, 11.0, 11.0 ], "autoUv": false, "snapUv": false }
									}
								},
								{
									"name": "cube",
									"from": [ -4.75, -1.3, 3.25 ],
									"to": [ 3.75, 1.025, 4.75 ],
									"rotationOrigin": [ -0.5, 0.0, 4.5 ],
									"rotationY": 90.0,
									"faces": {
										"north": { "texture": "#oak", "uv": [ 5.0, 2.0, 14.0, 4.0 ], "autoUv": false, "snapUv": false },
										"east": { "texture": "#oak", "uv": [ 4.0, 1.0, 6.0, 3.0 ], "autoUv": false, "snapUv": false },
										"south": { "texture": "#oak", "uv": [ 0.0, 4.0, 9.0, 6.0 ], "autoUv": false, "snapUv": false },
										"west": { "texture": "#oak", "uv": [ 6.0, 1.0, 8.0, 3.0 ], "autoUv": false, "snapUv": false },
										"up": { "texture": "#oak", "uv": [ 10.0, 6.0, 1.0, 4.0 ], "autoUv": false, "snapUv": false },
										"down": { "texture": "#oak", "uv": [ 11.0, 12.0, 2.0, 14.0 ], "autoUv": false, "snapUv": false }
									}
								},
								{
									"name": "cube",
									"from": [ -1.75, 0.7, 3.0 ],
									"to": [ 0.75, 1.525, 4.25 ],
									"rotationOrigin": [ -0.5, 0.0, 4.5 ],
									"rotationY": 90.0,
									"faces": {
										"north": { "texture": "#oak", "uv": [ 11.0, 11.0, 14.0, 12.0 ], "autoUv": false, "snapUv": false },
										"east": { "texture": "#oak", "uv": [ 10.0, 14.0, 11.0, 15.0 ], "autoUv": false, "snapUv": false },
										"south": { "texture": "#oak", "uv": [ 11.0, 15.0, 14.0, 16.0 ], "autoUv": false, "snapUv": false },
										"west": { "texture": "#oak", "uv": [ 2.0, 3.0, 3.0, 4.0 ], "autoUv": false, "snapUv": false },
										"up": { "texture": "#oak", "uv": [ 7.0, 4.0, 4.0, 3.0 ], "autoUv": false, "snapUv": false },
										"down": { "texture": "#oak", "uv": [ 9.0, 2.0, 6.0, 3.0 ], "autoUv": false, "snapUv": false }
									}
								},
								{
									"name": "cube",
									"from": [ -1.45, -1.275, -1.05 ],
									"to": [ 1.45, 1.0, 0.15 ],
									"rotationOrigin": [ 0.0, 0.0, 0.0 ],
									"rotationY": 45.0,
									"faces": {
										"north": { "texture": "#oak", "uv": [ 9.0, 13.0, 12.0, 15.0 ], "autoUv": false, "snapUv": false },
										"east": { "texture": "#oak", "uv": [ 11.0, 3.0, 12.0, 5.0 ], "autoUv": false, "snapUv": false },
										"south": { "texture": "#oak", "uv": [ 7.0, 13.0, 10.0, 15.0 ], "autoUv": false, "snapUv": false },
										"west": { "texture": "#oak", "uv": [ 12.0, 3.0, 13.0, 5.0 ], "autoUv": false, "snapUv": false },
										"up": { "texture": "#oak", "uv": [ 3.0, 4.0, 0.0, 3.0 ], "autoUv": false, "snapUv": false },
										"down": { "texture": "#oak", "uv": [ 12.0, 2.0, 9.0, 3.0 ], "autoUv": false, "snapUv": false }
									}
								},
								{
									"name": "cube",
									"from": [ 0.25, -1.3, -1.75 ],
									"to": [ 8.75, 1.025, -0.25 ],
									"rotationOrigin": [ 10.5, 0.0, -3.5 ],
									"faces": {
										"north": { "texture": "#oak", "uv": [ 2.0, 14.0, 11.0, 16.0 ], "autoUv": false, "snapUv": false },
										"east": { "texture": "#oak", "uv": [ 8.0, 1.0, 10.0, 3.0 ], "autoUv": false, "snapUv": false },
										"south": { "texture": "#oak", "uv": [ 5.0, 4.0, 14.0, 6.0 ], "autoUv": false, "snapUv": false },
										"west": { "texture": "#oak", "uv": [ 10.0, 1.0, 12.0, 3.0 ], "autoUv": false, "snapUv": false },
										"up": { "texture": "#oak", "uv": [ 9.0, 8.0, 0.0, 6.0 ], "autoUv": false, "snapUv": false },
										"down": { "texture": "#oak", "uv": [ 10.0, 6.0, 1.0, 8.0 ], "autoUv": false, "snapUv": false }
									}
								},
								{
									"name": "cube",
									"from": [ -1.45, -1.275, 21.575 ],
									"to": [ 1.45, 1.0, 22.775 ],
									"rotationOrigin": [ 0.0, 0.0, 9.0 ],
									"rotationX": -180.0,
									"rotationY": 45.0,
									"rotationZ": -180.0,
									"faces": {
										"north": { "texture": "#oak", "uv": [ 8.0, 10.0, 11.0, 12.0 ], "autoUv": false, "snapUv": false },
										"east": { "texture": "#oak", "uv": [ 13.0, 3.0, 14.0, 5.0 ], "autoUv": false, "snapUv": false },
										"south": { "texture": "#oak", "uv": [ 7.0, 13.0, 10.0, 15.0 ], "autoUv": false, "snapUv": false },
										"west": { "texture": "#oak", "uv": [ 9.0, 3.0, 10.0, 5.0 ], "autoUv": false, "snapUv": false },
										"up": { "texture": "#oak", "uv": [ 10.0, 2.0, 7.0, 1.0 ], "autoUv": false, "snapUv": false },
										"down": { "texture": "#oak", "uv": [ 10.0, 2.0, 7.0, 3.0 ], "autoUv": false, "snapUv": false }
									}
								}
							]
						},
						{
							"name": "case",
							"from": [ 0.0, 0.0, 0.0 ],
							"to": [ 0.0, 0.0, 0.0 ],
							"faces": {
								"north": { "texture": "#white", "uv": [ 0.0, 0.0, 0.5, 0.5 ], "enabled": false },
								"east": { "texture": "#white", "uv": [ 0.0, 0.0, 0.5, 0.5 ], "enabled": false },
								"south": { "texture": "#white", "uv": [ 0.0, 0.0, 0.5, 0.5 ], "enabled": false },
								"west": { "texture": "#white", "uv": [ 0.0, 0.0, 0.5, 0.5 ], "enabled": false },
								"up": { "texture": "#white", "uv": [ 0.0, 0.0, 0.5, 0.5 ], "enabled": false },
								"down": { "texture": "#white", "uv": [ 0.0, 0.0, 0.5, 0.5 ], "enabled": false }
							},
							"children": [
								{
									"name": "cube",
									"from": [ -13.25, -6.55, -4.5 ],
									"to": [ -5.25, -5.975, 3.5 ],
									"rotationOrigin": [ -3.25, -7.0, -0.5 ],
									"faces": {
										"north": { "texture": "#white", "uv": [ 6.0, 4.0, 14.0, 5.0 ], "autoUv": false, "snapUv": false },
										"east": { "texture": "#white", "uv": [ 6.0, 5.0, 14.0, 6.0 ], "autoUv": false, "snapUv": false },
										"south": { "texture": "#white", "uv": [ 5.0, 11.0, 13.0, 12.0 ], "autoUv": false, "snapUv": false },
										"west": { "texture": "#white", "uv": [ 6.0, 2.0, 14.0, 3.0 ], "autoUv": false, "snapUv": false },
										"up": { "texture": "#white", "uv": [ 8.0, 8.0, 0.0, 0.0 ], "autoUv": false, "snapUv": false },
										"down": { "texture": "#white", "uv": [ 8.0, 8.0, 0.0, 16.0 ], "autoUv": false, "snapUv": false }
									}
								},
								{
									"name": "cube",
									"from": [ -13.25, -6.55, -6.5 ],
									"to": [ -5.25, -5.975, -4.5 ],
									"rotationOrigin": [ -3.25, -7.0, -8.5 ],
									"faces": {
										"north": { "texture": "#white", "uv": [ 6.0, 3.0, 14.0, 4.0 ], "autoUv": false, "snapUv": false },
										"east": { "texture": "#white", "uv": [ 9.0, 3.0, 11.0, 4.0 ], "autoUv": false, "snapUv": false },
										"south": { "texture": "#white", "uv": [ 6.0, 4.0, 14.0, 5.0 ], "autoUv": false, "snapUv": false },
										"west": { "texture": "#white", "uv": [ 11.0, 3.0, 13.0, 4.0 ], "autoUv": false, "snapUv": false },
										"up": { "texture": "#white", "uv": [ 9.0, 2.0, 1.0, 0.0 ], "autoUv": false, "snapUv": false },
										"down": { "texture": "#white", "uv": [ 13.0, 6.0, 5.0, 8.0 ], "autoUv": false, "snapUv": false }
									}
								},
								{
									"name": "cube",
									"from": [ -13.25, -6.55, 3.5 ],
									"to": [ -5.25, -5.975, 5.5 ],
									"rotationOrigin": [ -3.25, -7.0, 1.5 ],
									"faces": {
										"north": { "texture": "#white", "uv": [ 6.0, 5.0, 14.0, 6.0 ], "autoUv": false, "snapUv": false },
										"east": { "texture": "#white", "uv": [ 8.0, 3.0, 10.0, 4.0 ], "autoUv": false, "snapUv": false },
										"south": { "texture": "#white", "uv": [ 0.0, 12.0, 8.0, 13.0 ], "autoUv": false, "snapUv": false },
										"west": { "texture": "#white", "uv": [ 0.0, 4.0, 2.0, 5.0 ], "autoUv": false, "snapUv": false },
										"up": { "texture": "#white", "uv": [ 8.0, 10.0, 0.0, 8.0 ], "autoUv": false, "snapUv": false },
										"down": { "texture": "#white", "uv": [ 11.0, 8.0, 3.0, 10.0 ], "autoUv": false, "snapUv": false }
									}
								},
								{
									"name": "cube",
									"from": [ -17.25, -6.55, -4.5 ],
									"to": [ -9.25, -5.975, -2.5 ],
									"rotationOrigin": [ -7.25, -7.0, -6.5 ],
									"rotationY": 90.0,
									"faces": {
										"north": { "texture": "#white", "uv": [ 5.0, 12.0, 13.0, 13.0 ], "autoUv": false, "snapUv": false },
										"east": { "texture": "#white", "uv": [ 2.0, 4.0, 4.0, 5.0 ], "autoUv": false, "snapUv": false },
										"south": { "texture": "#white", "uv": [ 3.0, 12.0, 11.0, 13.0 ], "autoUv": false, "snapUv": false },
										"west": { "texture": "#white", "uv": [ 4.0, 4.0, 6.0, 5.0 ], "autoUv": false, "snapUv": false },
										"up": { "texture": "#white", "uv": [ 11.0, 10.0, 3.0, 8.0 ], "autoUv": false, "snapUv": false },
										"down": { "texture": "#white", "uv": [ 11.0, 8.0, 3.0, 10.0 ], "autoUv": false, "snapUv": false }
									}
								},
								{
									"name": "cube",
									"from": [ -18.25, -6.55, -1.5 ],
									"to": [ -10.25, -5.975, 0.5 ],
									"rotationOrigin": [ -14.25, -7.0, -0.5 ],
									"rotationY": 90.0,
									"faces": {
										"north": { "texture": "#white", "uv": [ 0.0, 13.0, 8.0, 14.0 ], "autoUv": false, "snapUv": false },
										"east": { "texture": "#white", "uv": [ 9.0, 4.0, 11.0, 5.0 ], "autoUv": false, "snapUv": false },
										"south": { "texture": "#white", "uv": [ 3.0, 13.0, 11.0, 14.0 ], "autoUv": false, "snapUv": false },
										"west": { "texture": "#white", "uv": [ 9.0, 5.0, 11.0, 6.0 ], "autoUv": false, "snapUv": false },
										"up": { "texture": "#white", "uv": [ 8.0, 12.0, 0.0, 10.0 ], "autoUv": false, "snapUv": false },
										"down": { "texture": "#white", "uv": [ 13.0, 6.0, 5.0, 8.0 ], "autoUv": false, "snapUv": false }
									}
								},
								{
									"name": "cube",
									"from": [ -15.15, -6.525, 3.3 ],
									"to": [ -12.35, -6.0, 5.0 ],
									"rotationOrigin": [ -13.75, -7.0, 4.0 ],
									"rotationX": -180.0,
									"rotationY": 45.0,
									"rotationZ": -180.0,
									"faces": {
										"north": { "texture": "#white", "uv": [ 7.0, 13.0, 10.0, 14.0 ], "autoUv": false, "snapUv": false },
										"east": { "texture": "#white", "uv": [ 6.0, 4.0, 8.0, 5.0 ], "autoUv": false, "snapUv": false },
										"south": { "texture": "#white", "uv": [ 9.0, 2.0, 12.0, 3.0 ], "autoUv": false, "snapUv": false },
										"west": { "texture": "#white", "uv": [ 8.0, 4.0, 10.0, 5.0 ], "autoUv": false, "snapUv": false },
										"up": { "texture": "#white", "uv": [ 3.0, 16.0, 0.0, 14.0 ], "autoUv": false, "snapUv": false },
										"down": { "texture": "#white", "uv": [ 6.0, 14.0, 3.0, 16.0 ], "autoUv": false, "snapUv": false }
									}
								},
								{
									"name": "cube",
									"from": [ -15.15, -6.525, 15.725 ],
									"to": [ -12.35, -6.0, 17.425 ],
									"rotationOrigin": [ -13.75, -7.0, 4.0 ],
									"rotationX": -180.0,
									"rotationY": 45.0,
									"rotationZ": -180.0,
									"faces": {
										"north": { "texture": "#white", "uv": [ 7.0, 14.0, 10.0, 15.0 ], "autoUv": false, "snapUv": false },
										"east": { "texture": "#white", "uv": [ 10.0, 4.0, 12.0, 5.0 ], "autoUv": false, "snapUv": false },
										"south": { "texture": "#white", "uv": [ 7.0, 2.0, 10.0, 3.0 ], "autoUv": false, "snapUv": false },
										"west": { "texture": "#white", "uv": [ 9.0, 4.0, 11.0, 5.0 ], "autoUv": false, "snapUv": false },
										"up": { "texture": "#white", "uv": [ 9.0, 16.0, 6.0, 14.0 ], "autoUv": false, "snapUv": false },
										"down": { "texture": "#white", "uv": [ 12.0, 14.0, 9.0, 16.0 ], "autoUv": false, "snapUv": false }
									}
								},
								{
									"name": "cube",
									"from": [ -15.15, -6.525, 6.725 ],
									"to": [ -12.35, -6.0, 8.425 ],
									"rotationOrigin": [ -13.75, -7.0, -5.0 ],
									"rotationY": 45.0,
									"faces": {
										"north": { "texture": "#white", "uv": [ 0.0, 3.0, 3.0, 4.0 ], "autoUv": false, "snapUv": false },
										"east": { "texture": "#white", "uv": [ 8.0, 4.0, 10.0, 5.0 ], "autoUv": false, "snapUv": false },
										"south": { "texture": "#white", "uv": [ 3.0, 3.0, 6.0, 4.0 ], "autoUv": false, "snapUv": false },
										"west": { "texture": "#white", "uv": [ 10.0, 4.0, 12.0, 5.0 ], "autoUv": false, "snapUv": false },
										"up": { "texture": "#white", "uv": [ 10.0, 16.0, 7.0, 14.0 ], "autoUv": false, "snapUv": false },
										"down": { "texture": "#white", "uv": [ 12.0, 0.0, 9.0, 2.0 ], "autoUv": false, "snapUv": false }
									}
								},
								{
									"name": "cube",
									"from": [ -15.15, -6.525, -5.7 ],
									"to": [ -12.35, -6.0, -4.0 ],
									"rotationOrigin": [ -13.75, -7.0, -5.0 ],
									"rotationY": 45.0,
									"faces": {
										"north": { "texture": "#white", "uv": [ 6.0, 3.0, 9.0, 4.0 ], "autoUv": false, "snapUv": false },
										"east": { "texture": "#white", "uv": [ 9.0, 2.0, 11.0, 3.0 ], "autoUv": false, "snapUv": false },
										"south": { "texture": "#white", "uv": [ 8.0, 6.0, 11.0, 7.0 ], "autoUv": false, "snapUv": false },
										"west": { "texture": "#white", "uv": [ 9.0, 3.0, 11.0, 4.0 ], "autoUv": false, "snapUv": false },
										"up": { "texture": "#white", "uv": [ 13.0, 10.0, 10.0, 8.0 ], "autoUv": false, "snapUv": false },
										"down": { "texture": "#white", "uv": [ 3.0, 2.0, 0.0, 4.0 ], "autoUv": false, "snapUv": false }
									}
								}
							]
						},
						{
							"name": "strings",
							"from": [ 0.0, 0.0, 0.0 ],
							"to": [ 0.0, 0.0, 0.0 ],
							"faces": {
								"north": { "texture": "#null", "uv": [ 0.0, 0.0, 0.5, 0.5 ], "enabled": false },
								"east": { "texture": "#null", "uv": [ 0.0, 0.0, 0.5, 0.5 ], "enabled": false },
								"south": { "texture": "#null", "uv": [ 0.0, 0.0, 0.5, 0.5 ], "enabled": false },
								"west": { "texture": "#null", "uv": [ 0.0, 0.0, 0.5, 0.5 ], "enabled": false },
								"up": { "texture": "#null", "uv": [ 0.0, 0.0, 0.5, 0.5 ], "enabled": false },
								"down": { "texture": "#null", "uv": [ 0.0, 0.0, 0.5, 0.5 ], "enabled": false }
							},
							"children": [
								{
									"name": "metalbits",
									"from": [ -8.5, -6.0, -0.25 ],
									"to": [ -8.5, -6.0, -0.25 ],
									"rotationOrigin": [ -8.5, -6.0, -0.25 ],
									"faces": {
										"north": { "texture": "#chromium", "uv": [ 0.0, 0.0, 0.5, 0.5 ], "enabled": false },
										"east": { "texture": "#chromium", "uv": [ 0.0, 0.0, 0.5, 0.5 ], "enabled": false },
										"south": { "texture": "#chromium", "uv": [ 0.0, 0.0, 0.5, 0.5 ], "enabled": false },
										"west": { "texture": "#chromium", "uv": [ 0.0, 0.0, 0.5, 0.5 ], "enabled": false },
										"up": { "texture": "#chromium", "uv": [ 0.0, 0.0, 0.5, 0.5 ], "enabled": false },
										"down": { "texture": "#chromium", "uv": [ 0.0, 0.0, 0.5, 0.5 ], "enabled": false }
									},
									"children": [
										{
											"name": "cube",
											"from": [ -1.5, 0.0, -2.25 ],
											"to": [ -1.0, 0.5, 1.75 ],
											"rotationOrigin": [ -0.5, 0.0, 0.0 ],
											"faces": {
												"north": { "texture": "#chromium", "uv": [ 9.0, 5.0, 10.0, 6.0 ], "autoUv": false, "snapUv": false },
												"east": { "texture": "#chromium", "uv": [ 6.0, 12.0, 10.0, 13.0 ], "autoUv": false, "snapUv": false },
												"south": { "texture": "#chromium", "uv": [ 10.0, 1.0, 11.0, 2.0 ], "autoUv": false, "snapUv": false },
												"west": { "texture": "#chromium", "uv": [ 6.0, 13.0, 10.0, 14.0 ], "autoUv": false, "snapUv": false },
												"up": { "texture": "#chromium", "uv": [ 13.0, 5.0, 12.0, 1.0 ], "autoUv": false, "snapUv": false },
												"down": { "texture": "#chromium", "uv": [ 14.0, 1.0, 13.0, 5.0 ], "autoUv": false, "snapUv": false }
											}
										}
									]
								},
								{
									"name": "plates",
									"from": [ -8.5, -6.0, -0.25 ],
									"to": [ -8.5, -6.0, -0.25 ],
									"rotationOrigin": [ -8.5, -6.0, -0.25 ],
									"faces": {
										"north": { "texture": "#stainlesssteel", "uv": [ 0.0, 0.0, 0.5, 0.5 ], "enabled": false },
										"east": { "texture": "#stainlesssteel", "uv": [ 0.0, 0.0, 0.5, 0.5 ], "enabled": false },
										"south": { "texture": "#stainlesssteel", "uv": [ 0.0, 0.0, 0.5, 0.5 ], "enabled": false },
										"west": { "texture": "#stainlesssteel", "uv": [ 0.0, 0.0, 0.5, 0.5 ], "enabled": false },
										"up": { "texture": "#stainlesssteel", "uv": [ 0.0, 0.0, 0.5, 0.5 ], "enabled": false },
										"down": { "texture": "#stainlesssteel", "uv": [ 0.0, 0.0, 0.5, 0.5 ], "enabled": false }
									},
									"children": [
										{
											"name": "cube",
											"from": [ -1.8, 0.0, -2.55 ],
											"to": [ -0.7, 0.15, 2.05 ],
											"rotationOrigin": [ -0.5, 0.0, 0.0 ],
											"faces": {
												"north": { "texture": "#stainlesssteel", "uv": [ 10.0, 5.0, 11.0, 6.0 ], "autoUv": false, "snapUv": false },
												"east": { "texture": "#stainlesssteel", "uv": [ 5.0, 6.0, 10.0, 7.0 ], "autoUv": false, "snapUv": false },
												"south": { "texture": "#stainlesssteel", "uv": [ 11.0, 5.0, 12.0, 6.0 ], "autoUv": false, "snapUv": false },
												"west": { "texture": "#stainlesssteel", "uv": [ 5.0, 7.0, 10.0, 8.0 ], "autoUv": false, "snapUv": false },
												"up": { "texture": "#stainlesssteel", "uv": [ 11.0, 5.0, 10.0, 0.0 ], "autoUv": false, "snapUv": false },
												"down": { "texture": "#stainlesssteel", "uv": [ 9.0, 0.0, 8.0, 5.0 ], "autoUv": false, "snapUv": false }
											}
										}
									]
								},
								{
									"name": "string",
									"from": [ -15.05, -6.025, -2.2 ],
									"to": [ 25.95, -5.725, 1.05 ],
									"rotationOrigin": [ -3.55, -7.0, -0.7 ],
									"faces": {
										"north": { "texture": "#banjostrings", "uv": [ 27.5, 19.5, 68.0, 19.75 ], "autoUv": false, "snapUv": false },
										"east": { "texture": "#banjostrings", "uv": [ 45.0, 30.0, 48.25, 30.25 ], "autoUv": false, "snapUv": false },
										"south": { "texture": "#banjostrings", "uv": [ 22.0, 32.0, 62.5, 32.25 ], "autoUv": false, "snapUv": false },
										"west": { "texture": "#banjostrings", "uv": [ 35.5, 29.0, 38.75, 29.25 ], "autoUv": false, "snapUv": false },
										"up": { "texture": "#banjostrings", "uv": [ 76.5, 8.0, 1.0, 2.0 ], "autoUv": false, "snapUv": false },
										"down": { "texture": "#banjostrings", "uv": [ 62.5, 27.5, 22.0, 30.75 ], "autoUv": false, "snapUv": false }
									}
								},
								{
									"name": "frets",
									"from": [ -7.25, -6.2, -2.0 ],
									"to": [ 24.25, -5.9, 1.25 ],
									"rotationOrigin": [ 2.75, -7.0, -0.5 ],
									"faces": {
										"north": { "texture": "#guitarfrets", "uv": [ 7.5, 12.0, 48.0, 12.25 ], "autoUv": false, "snapUv": false },
										"east": { "texture": "#guitarfrets", "uv": [ 19.0, 15.0, 22.25, 15.25 ], "autoUv": false, "snapUv": false },
										"south": { "texture": "#guitarfrets", "uv": [ 6.5, 18.5, 47.0, 18.75 ], "autoUv": false, "snapUv": false },
										"west": { "texture": "#guitarfrets", "uv": [ 17.5, 14.0, 20.75, 14.25 ], "autoUv": false, "snapUv": false },
										"up": { "texture": "#guitarfrets", "uv": [ 69.0, 6.5, 6.0, 0.0 ], "autoUv": false, "snapUv": false },
										"down": { "texture": "#guitarfrets", "uv": [ 49.0, 16.5, 8.5, 19.75 ], "autoUv": false, "snapUv": false }
									}
								}
							]
						},
						{
							"name": "neck",
							"from": [ 0.0, 0.0, 0.0 ],
							"to": [ 0.0, 0.0, 0.0 ],
							"faces": {
								"north": { "texture": "#oak", "uv": [ 0.0, 0.0, 0.5, 0.5 ], "enabled": false },
								"east": { "texture": "#oak", "uv": [ 0.0, 0.0, 0.5, 0.5 ], "enabled": false },
								"south": { "texture": "#oak", "uv": [ 0.0, 0.0, 0.5, 0.5 ], "enabled": false },
								"west": { "texture": "#oak", "uv": [ 0.0, 0.0, 0.5, 0.5 ], "enabled": false },
								"up": { "texture": "#oak", "uv": [ 0.0, 0.0, 0.5, 0.5 ], "enabled": false },
								"down": { "texture": "#oak", "uv": [ 0.0, 0.0, 0.5, 0.5 ], "enabled": false }
							},
							"children": [
								{
									"name": "cube",
									"from": [ -4.25, -8.025, -2.0 ],
									"to": [ 0.75, -5.95, 1.0 ],
									"rotationOrigin": [ -1.25, -8.0, 0.0 ],
									"faces": {
										"north": { "texture": "#oak", "uv": [ 5.0, 6.0, 10.0, 8.0 ], "autoUv": false, "snapUv": false },
										"east": { "texture": "#oak", "uv": [ 3.0, 2.0, 6.0, 4.0 ], "autoUv": false, "snapUv": false },
										"south": { "texture": "#oak", "uv": [ 6.0, 10.0, 11.0, 12.0 ], "autoUv": false, "snapUv": false },
										"west": { "texture": "#oak", "uv": [ 1.0, 2.0, 4.0, 4.0 ], "autoUv": false, "snapUv": false },
										"up": { "texture": "#oak", "uv": [ 13.0, 13.0, 8.0, 10.0 ], "autoUv": false, "snapUv": false },
										"down": { "texture": "#oak", "uv": [ 10.0, 8.0, 5.0, 11.0 ], "autoUv": false, "snapUv": false }
									}
								},
								{
									"name": "cube",
									"from": [ -15.25, -8.025, -1.25 ],
									"to": [ -4.25, -6.95, 0.25 ],
									"rotationOrigin": [ -1.25, -8.0, 0.0 ],
									"faces": {
										"north": { "texture": "#oak", "uv": [ 0.0, 11.0, 11.0, 12.0 ], "autoUv": false, "snapUv": false },
										"east": { "texture": "#oak", "uv": [ 9.0, 4.0, 11.0, 5.0 ], "autoUv": false, "snapUv": false },
										"south": { "texture": "#oak", "uv": [ 0.0, 10.0, 11.0, 11.0 ], "autoUv": false, "snapUv": false },
										"west": { "texture": "#oak", "uv": [ 9.0, 5.0, 11.0, 6.0 ], "autoUv": false, "snapUv": false },
										"up": { "texture": "#oak", "uv": [ 11.0, 2.0, 0.0, 0.0 ], "autoUv": false, "snapUv": false },
										"down": { "texture": "#oak", "uv": [ 14.0, 0.0, 3.0, 2.0 ], "autoUv": false, "snapUv": false }
									}
								},
								{
									"name": "cube",
									"from": [ 0.45, -7.3, -1.975 ],
									"to": [ 2.45, -6.55, 0.975 ],
									"rotationOrigin": [ 1.45, -7.3, 0.0 ],
									"rotationZ": 45.0,
									"faces": {
										"north": { "texture": "#oak", "uv": [ 9.0, 8.0, 11.0, 9.0 ], "autoUv": false, "snapUv": false },
										"east": { "texture": "#oak", "uv": [ 8.0, 7.0, 11.0, 8.0 ], "autoUv": false, "snapUv": false },
										"south": { "texture": "#oak", "uv": [ 9.0, 9.0, 11.0, 10.0 ], "autoUv": false, "snapUv": false },
										"west": { "texture": "#oak", "uv": [ 8.0, 8.0, 11.0, 9.0 ], "autoUv": false, "snapUv": false },
										"up": { "texture": "#oak", "uv": [ 13.0, 3.0, 11.0, 0.0 ], "autoUv": false, "snapUv": false },
										"down": { "texture": "#oak", "uv": [ 10.0, 0.0, 8.0, 3.0 ], "autoUv": false, "snapUv": false }
									}
								},
								{
									"name": "cube",
									"from": [ 0.75, -7.0, -2.0 ],
									"to": [ 9.75, -6.0, 1.0 ],
									"rotationOrigin": [ 1.75, -8.0, 0.0 ],
									"faces": {
										"north": { "texture": "#oak", "uv": [ 1.0, 2.0, 10.0, 3.0 ], "autoUv": false, "snapUv": false },
										"east": { "texture": "#oak", "uv": [ 9.0, 3.0, 12.0, 4.0 ], "autoUv": false, "snapUv": false },
										"south": { "texture": "#oak", "uv": [ 1.0, 3.0, 10.0, 4.0 ], "autoUv": false, "snapUv": false },
										"west": { "texture": "#oak", "uv": [ 8.0, 9.0, 11.0, 10.0 ], "autoUv": false, "snapUv": false },
										"up": { "texture": "#oak", "uv": [ 9.0, 9.0, 0.0, 6.0 ], "autoUv": false, "snapUv": false },
										"down": { "texture": "#oak", "uv": [ 9.0, 9.0, 0.0, 12.0 ], "autoUv": false, "snapUv": false }
									}
								},
								{
									"name": "cube",
									"from": [ 9.75, -7.0, -1.75 ],
									"to": [ 20.0, -6.0, 0.75 ],
									"rotationOrigin": [ 15.75, -8.0, 0.25 ],
									"faces": {
										"north": { "texture": "#oak", "uv": [ 1.0, 0.0, 11.0, 1.0 ], "autoUv": false, "snapUv": false },
										"east": { "texture": "#oak", "uv": [ 6.0, 3.0, 9.0, 4.0 ], "autoUv": false, "snapUv": false },
										"south": { "texture": "#oak", "uv": [ 1.0, 1.0, 11.0, 2.0 ], "autoUv": false, "snapUv": false },
										"west": { "texture": "#oak", "uv": [ 9.0, 3.0, 12.0, 4.0 ], "autoUv": false, "snapUv": false },
										"up": { "texture": "#oak", "uv": [ 10.0, 3.0, 0.0, 0.0 ], "autoUv": false, "snapUv": false },
										"down": { "texture": "#oak", "uv": [ 10.0, 3.0, 0.0, 6.0 ], "autoUv": false, "snapUv": false }
									}
								}
							]
						},
						{
							"name": "head",
							"from": [ 23.5271, -8.2834, 0.5 ],
							"to": [ 23.5271, -8.2834, 0.5 ],
							"rotationOrigin": [ 23.5271, -8.2834, 0.5 ],
							"rotationZ": -4.5,
							"faces": {
								"north": { "texture": "#null", "uv": [ 0.0, 0.0, 0.5, 0.5 ], "enabled": false },
								"east": { "texture": "#null", "uv": [ 0.0, 0.0, 0.5, 0.5 ], "enabled": false },
								"south": { "texture": "#null", "uv": [ 0.0, 0.0, 0.5, 0.5 ], "enabled": false },
								"west": { "texture": "#null", "uv": [ 0.0, 0.0, 0.5, 0.5 ], "enabled": false },
								"up": { "texture": "#null", "uv": [ 0.0, 0.0, 0.5, 0.5 ], "enabled": false },
								"down": { "texture": "#null", "uv": [ 0.0, 0.0, 0.5, 0.5 ], "enabled": false }
							},
							"children": [
								{
									"name": "wood",
									"from": [ -2.75, 1.0, -1.0 ],
									"to": [ -2.75, 1.0, -1.0 ],
									"rotationOrigin": [ -2.75, 1.0, -1.0 ],
									"faces": {
										"north": { "texture": "#oak", "uv": [ 0.0, 0.0, 0.5, 0.5 ], "enabled": false },
										"east": { "texture": "#oak", "uv": [ 0.0, 0.0, 0.5, 0.5 ], "enabled": false },
										"south": { "texture": "#oak", "uv": [ 0.0, 0.0, 0.5, 0.5 ], "enabled": false },
										"west": { "texture": "#oak", "uv": [ 0.0, 0.0, 0.5, 0.5 ], "enabled": false },
										"up": { "texture": "#oak", "uv": [ 0.0, 0.0, 0.5, 0.5 ], "enabled": false },
										"down": { "texture": "#oak", "uv": [ 0.0, 0.0, 0.5, 0.5 ], "enabled": false }
									},
									"children": [
										{
											"name": "cube",
											"from": [ -1.0, -0.05, -2.0 ],
											"to": [ 5.0, 1.05, 2.0 ],
											"faces": {
												"north": { "texture": "#oak", "uv": [ 8.0, 12.0, 14.0, 13.0 ], "autoUv": false, "snapUv": false },
												"east": { "texture": "#oak", "uv": [ 6.0, 14.0, 10.0, 15.0 ], "autoUv": false, "snapUv": false },
												"south": { "texture": "#oak", "uv": [ 5.0, 10.0, 11.0, 11.0 ], "autoUv": false, "snapUv": false },
												"west": { "texture": "#oak", "uv": [ 6.0, 15.0, 10.0, 16.0 ], "autoUv": false, "snapUv": false },
												"up": { "texture": "#oak", "uv": [ 14.0, 16.0, 8.0, 12.0 ], "autoUv": false, "snapUv": false },
												"down": { "texture": "#oak", "uv": [ 12.0, 12.0, 6.0, 16.0 ], "autoUv": false, "snapUv": false }
											}
										}
									]
								},
								{
									"name": "tuningpeg",
									"from": [ 0.0, 0.0, 0.75 ],
									"to": [ 0.0, 0.0, 0.75 ],
									"rotationOrigin": [ 0.0, 0.0, 0.75 ],
									"faces": {
										"north": { "texture": "#steel", "uv": [ 0.0, 0.0, 0.5, 0.5 ], "enabled": false },
										"east": { "texture": "#steel", "uv": [ 0.0, 0.0, 0.5, 0.5 ], "enabled": false },
										"south": { "texture": "#steel", "uv": [ 0.0, 0.0, 0.5, 0.5 ], "enabled": false },
										"west": { "texture": "#steel", "uv": [ 0.0, 0.0, 0.5, 0.5 ], "enabled": false },
										"up": { "texture": "#steel", "uv": [ 0.0, 0.0, 0.5, 0.5 ], "enabled": false },
										"down": { "texture": "#steel", "uv": [ 0.0, 0.0, 0.5, 0.5 ], "enabled": false }
									},
									"children": [
										{
											"name": "left_tuningpegs",
											"from": [ 1.4, 0.0, -1.75 ],
											"to": [ 1.4, 0.0, -1.75 ],
											"rotationOrigin": [ 1.4, 0.0, -1.75 ],
											"rotationY": 22.5,
											"faces": {
												"north": { "texture": "#steel", "uv": [ 0.0, 0.0, 0.5, 0.5 ], "enabled": false },
												"east": { "texture": "#steel", "uv": [ 0.0, 0.0, 0.5, 0.5 ], "enabled": false },
												"south": { "texture": "#steel", "uv": [ 0.0, 0.0, 0.5, 0.5 ], "enabled": false },
												"west": { "texture": "#steel", "uv": [ 0.0, 0.0, 0.5, 0.5 ], "enabled": false },
												"up": { "texture": "#steel", "uv": [ 0.0, 0.0, 0.5, 0.5 ], "enabled": false },
												"down": { "texture": "#steel", "uv": [ 0.0, 0.0, 0.5, 0.5 ], "enabled": false }
											},
											"children": [
												{
													"name": "cube",
													"from": [ -2.8, 2.025, -1.9 ],
													"to": [ -2.05, 2.775, -1.15 ],
													"rotationOrigin": [ 0.0, 0.0, 0.0 ],
													"rotationY": -22.5,
													"faces": {
														"north": { "texture": "#steel", "uv": [ 12.0, 5.0, 13.0, 6.0 ], "autoUv": false, "snapUv": false },
														"east": { "texture": "#steel", "uv": [ 13.0, 5.0, 14.0, 6.0 ], "autoUv": false, "snapUv": false },
														"south": { "texture": "#steel", "uv": [ 9.0, 5.0, 10.0, 6.0 ], "autoUv": false, "snapUv": false },
														"west": { "texture": "#steel", "uv": [ 10.0, 5.0, 11.0, 6.0 ], "autoUv": false, "snapUv": false },
														"up": { "texture": "#steel", "uv": [ 9.0, 6.0, 8.0, 5.0 ], "autoUv": false, "snapUv": false },
														"down": { "texture": "#steel", "uv": [ 11.0, 13.0, 10.0, 14.0 ], "autoUv": false, "snapUv": false }
													}
												},
												{
													"name": "cube",
													"from": [ -0.4, 2.025, -1.65 ],
													"to": [ 0.35, 2.775, -0.9 ],
													"rotationOrigin": [ 0.0, 0.0, 0.0 ],
													"rotationY": -22.5,
													"faces": {
														"north": { "texture": "#steel", "uv": [ 10.0, 14.0, 11.0, 15.0 ], "autoUv": false, "snapUv": false },
														"east": { "texture": "#steel", "uv": [ 10.0, 5.0, 11.0, 6.0 ], "autoUv": false, "snapUv": false },
														"south": { "texture": "#steel", "uv": [ 10.0, 15.0, 11.0, 16.0 ], "autoUv": false, "snapUv": false },
														"west": { "texture": "#steel", "uv": [ 11.0, 5.0, 12.0, 6.0 ], "autoUv": false, "snapUv": false },
														"up": { "texture": "#steel", "uv": [ 4.0, 4.0, 3.0, 3.0 ], "autoUv": false, "snapUv": false },
														"down": { "texture": "#steel", "uv": [ 11.0, 2.0, 10.0, 3.0 ], "autoUv": false, "snapUv": false }
													}
												},
												{
													"name": "cube",
													"from": [ -0.325, 1.25, -3.0 ],
													"to": [ 0.225, 1.8, -1.25 ],
													"rotationOrigin": [ 0.0, 0.125, 0.0 ],
													"rotationY": -22.5,
													"faces": {
														"north": { "texture": "#steel", "uv": [ 13.0, 5.0, 14.0, 6.0 ], "autoUv": false, "snapUv": false },
														"east": { "texture": "#steel", "uv": [ 9.0, 10.0, 11.0, 11.0 ], "autoUv": false, "snapUv": false },
														"south": { "texture": "#steel", "uv": [ 10.0, 3.0, 11.0, 4.0 ], "autoUv": false, "snapUv": false },
														"west": { "texture": "#steel", "uv": [ 9.0, 11.0, 11.0, 12.0 ], "autoUv": false, "snapUv": false },
														"up": { "texture": "#steel", "uv": [ 11.0, 6.0, 10.0, 4.0 ], "autoUv": false, "snapUv": false },
														"down": { "texture": "#steel", "uv": [ 10.0, 4.0, 9.0, 6.0 ], "autoUv": false, "snapUv": false }
													}
												},
												{
													"name": "cube",
													"from": [ -0.575, 1.25, -3.5 ],
													"to": [ 0.475, 1.8, -3.0 ],
													"rotationOrigin": [ 0.0, 0.125, 0.0 ],
													"rotationY": -22.5,
													"faces": {
														"north": { "texture": "#steel", "uv": [ 9.0, 5.0, 10.0, 6.0 ], "autoUv": false, "snapUv": false },
														"east": { "texture": "#steel", "uv": [ 10.0, 4.0, 11.0, 5.0 ], "autoUv": false, "snapUv": false },
														"south": { "texture": "#steel", "uv": [ 10.0, 5.0, 11.0, 6.0 ], "autoUv": false, "snapUv": false },
														"west": { "texture": "#steel", "uv": [ 0.0, 6.0, 1.0, 7.0 ], "autoUv": false, "snapUv": false },
														"up": { "texture": "#steel", "uv": [ 12.0, 1.0, 11.0, 0.0 ], "autoUv": false, "snapUv": false },
														"down": { "texture": "#steel", "uv": [ 2.0, 6.0, 1.0, 7.0 ], "autoUv": false, "snapUv": false }
													}
												},
												{
													"name": "cube",
													"from": [ -2.45, 1.25, -3.0 ],
													"to": [ -1.9, 1.8, -1.25 ],
													"rotationOrigin": [ 0.0, 0.125, 0.0 ],
													"rotationY": -22.5,
													"faces": {
														"north": { "texture": "#steel", "uv": [ 11.0, 1.0, 12.0, 2.0 ], "autoUv": false, "snapUv": false },
														"east": { "texture": "#steel", "uv": [ 9.0, 12.0, 11.0, 13.0 ], "autoUv": false, "snapUv": false },
														"south": { "texture": "#steel", "uv": [ 11.0, 2.0, 12.0, 3.0 ], "autoUv": false, "snapUv": false },
														"west": { "texture": "#steel", "uv": [ 10.0, 4.0, 12.0, 5.0 ], "autoUv": false, "snapUv": false },
														"up": { "texture": "#steel", "uv": [ 3.0, 4.0, 2.0, 2.0 ], "autoUv": false, "snapUv": false },
														"down": { "texture": "#steel", "uv": [ 13.0, 4.0, 12.0, 6.0 ], "autoUv": false, "snapUv": false }
													}
												},
												{
													"name": "cube",
													"from": [ -2.7, 1.25, -3.5 ],
													"to": [ -1.65, 1.8, -3.0 ],
													"rotationOrigin": [ 0.0, 0.125, 0.0 ],
													"rotationY": -22.5,
													"faces": {
														"north": { "texture": "#steel", "uv": [ 11.0, 7.0, 12.0, 8.0 ], "autoUv": false, "snapUv": false },
														"east": { "texture": "#steel", "uv": [ 11.0, 8.0, 12.0, 9.0 ], "autoUv": false, "snapUv": false },
														"south": { "texture": "#steel", "uv": [ 9.0, 6.0, 10.0, 7.0 ], "autoUv": false, "snapUv": false },
														"west": { "texture": "#steel", "uv": [ 11.0, 9.0, 12.0, 10.0 ], "autoUv": false, "snapUv": false },
														"up": { "texture": "#steel", "uv": [ 11.0, 7.0, 10.0, 6.0 ], "autoUv": false, "snapUv": false },
														"down": { "texture": "#steel", "uv": [ 12.0, 10.0, 11.0, 11.0 ], "autoUv": false, "snapUv": false }
													}
												}
											]
										},
										{
											"name": "right_tuningpegs",
											"from": [ -2.0, 0.0, -1.75 ],
											"to": [ -2.0, 0.0, -1.75 ],
											"rotationOrigin": [ -2.0, 0.0, -1.75 ],
											"rotationX": 180.0,
											"rotationY": -22.5,
											"rotationZ": 180.0,
											"faces": {
												"north": { "texture": "#steel", "uv": [ 0.0, 0.0, 0.5, 0.5 ], "enabled": false },
												"east": { "texture": "#steel", "uv": [ 0.0, 0.0, 0.5, 0.5 ], "enabled": false },
												"south": { "texture": "#steel", "uv": [ 0.0, 0.0, 0.5, 0.5 ], "enabled": false },
												"west": { "texture": "#steel", "uv": [ 0.0, 0.0, 0.5, 0.5 ], "enabled": false },
												"up": { "texture": "#steel", "uv": [ 0.0, 0.0, 0.5, 0.5 ], "enabled": false },
												"down": { "texture": "#steel", "uv": [ 0.0, 0.0, 0.5, 0.5 ], "enabled": false }
											},
											"children": [
												{
													"name": "cube",
													"from": [ -3.75, 2.025, -1.525 ],
													"to": [ -3.0, 2.775, -0.775 ],
													"rotationOrigin": [ 0.0, 0.0, 0.0 ],
													"rotationY": -22.5,
													"faces": {
														"north": { "texture": "#steel", "uv": [ 11.0, 6.0, 12.0, 7.0 ], "autoUv": false, "snapUv": false },
														"east": { "texture": "#steel", "uv": [ 11.0, 11.0, 12.0, 12.0 ], "autoUv": false, "snapUv": false },
														"south": { "texture": "#steel", "uv": [ 12.0, 6.0, 13.0, 7.0 ], "autoUv": false, "snapUv": false },
														"west": { "texture": "#steel", "uv": [ 11.0, 12.0, 12.0, 13.0 ], "autoUv": false, "snapUv": false },
														"up": { "texture": "#steel", "uv": [ 12.0, 14.0, 11.0, 13.0 ], "autoUv": false, "snapUv": false },
														"down": { "texture": "#steel", "uv": [ 10.0, 6.0, 9.0, 7.0 ], "autoUv": false, "snapUv": false }
													}
												},
												{
													"name": "cube",
													"from": [ -1.35, 2.025, -1.775 ],
													"to": [ -0.6, 2.775, -1.025 ],
													"rotationOrigin": [ 0.0, 0.0, 0.0 ],
													"rotationY": -22.5,
													"faces": {
														"north": { "texture": "#steel", "uv": [ 11.0, 2.0, 12.0, 3.0 ], "autoUv": false, "snapUv": false },
														"east": { "texture": "#steel", "uv": [ 11.0, 6.0, 12.0, 7.0 ], "autoUv": false, "snapUv": false },
														"south": { "texture": "#steel", "uv": [ 11.0, 3.0, 12.0, 4.0 ], "autoUv": false, "snapUv": false },
														"west": { "texture": "#steel", "uv": [ 12.0, 6.0, 13.0, 7.0 ], "autoUv": false, "snapUv": false },
														"up": { "texture": "#steel", "uv": [ 12.0, 5.0, 11.0, 4.0 ], "autoUv": false, "snapUv": false },
														"down": { "texture": "#steel", "uv": [ 14.0, 6.0, 13.0, 7.0 ], "autoUv": false, "snapUv": false }
													}
												},
												{
													"name": "cube",
													"from": [ -1.5, 1.25, -3.0 ],
													"to": [ -0.95, 1.8, -1.25 ],
													"rotationOrigin": [ 0.0, 0.125, 0.0 ],
													"rotationY": -22.5,
													"faces": {
														"north": { "texture": "#steel", "uv": [ 11.0, 6.0, 12.0, 7.0 ], "autoUv": false, "snapUv": false },
														"east": { "texture": "#steel", "uv": [ 9.0, 5.0, 11.0, 6.0 ], "autoUv": false, "snapUv": false },
														"south": { "texture": "#steel", "uv": [ 10.0, 6.0, 11.0, 7.0 ], "autoUv": false, "snapUv": false },
														"west": { "texture": "#steel", "uv": [ 11.0, 5.0, 13.0, 6.0 ], "autoUv": false, "snapUv": false },
														"up": { "texture": "#steel", "uv": [ 11.0, 14.0, 10.0, 12.0 ], "autoUv": false, "snapUv": false },
														"down": { "texture": "#steel", "uv": [ 14.0, 5.0, 13.0, 7.0 ], "autoUv": false, "snapUv": false }
													}
												},
												{
													"name": "cube",
													"from": [ -3.65, 1.25, -3.0 ],
													"to": [ -3.1, 1.8, -1.25 ],
													"rotationOrigin": [ 0.0, 0.125, 0.0 ],
													"rotationY": -22.5,
													"faces": {
														"north": { "texture": "#steel", "uv": [ 11.0, 7.0, 12.0, 8.0 ], "autoUv": false, "snapUv": false },
														"east": { "texture": "#steel", "uv": [ 9.0, 5.0, 11.0, 6.0 ], "autoUv": false, "snapUv": false },
														"south": { "texture": "#steel", "uv": [ 11.0, 6.0, 12.0, 7.0 ], "autoUv": false, "snapUv": false },
														"west": { "texture": "#steel", "uv": [ 10.0, 14.0, 12.0, 15.0 ], "autoUv": false, "snapUv": false },
														"up": { "texture": "#steel", "uv": [ 4.0, 4.0, 3.0, 2.0 ], "autoUv": false, "snapUv": false },
														"down": { "texture": "#steel", "uv": [ 9.0, 5.0, 8.0, 7.0 ], "autoUv": false, "snapUv": false }
													}
												},
												{
													"name": "cube",
													"from": [ -1.75, 1.25, -3.5 ],
													"to": [ -0.7, 1.8, -3.0 ],
													"rotationOrigin": [ 0.0, 0.125, 0.0 ],
													"rotationY": -22.5,
													"faces": {
														"north": { "texture": "#steel", "uv": [ 11.0, 11.0, 12.0, 12.0 ], "autoUv": false, "snapUv": false },
														"east": { "texture": "#steel", "uv": [ 10.0, 6.0, 11.0, 7.0 ], "autoUv": false, "snapUv": false },
														"south": { "texture": "#steel", "uv": [ 11.0, 12.0, 12.0, 13.0 ], "autoUv": false, "snapUv": false },
														"west": { "texture": "#steel", "uv": [ 8.0, 6.0, 9.0, 7.0 ], "autoUv": false, "snapUv": false },
														"up": { "texture": "#steel", "uv": [ 12.0, 14.0, 11.0, 13.0 ], "autoUv": false, "snapUv": false },
														"down": { "texture": "#steel", "uv": [ 10.0, 6.0, 9.0, 7.0 ], "autoUv": false, "snapUv": false }
													}
												},
												{
													"name": "cube",
													"from": [ -3.9, 1.25, -3.5 ],
													"to": [ -2.85, 1.8, -3.0 ],
													"rotationOrigin": [ 0.0, 0.125, 0.0 ],
													"rotationY": -22.5,
													"faces": {
														"north": { "texture": "#steel", "uv": [ 11.0, 14.0, 12.0, 15.0 ], "autoUv": false, "snapUv": false },
														"east": { "texture": "#steel", "uv": [ 10.0, 6.0, 11.0, 7.0 ], "autoUv": false, "snapUv": false },
														"south": { "texture": "#steel", "uv": [ 11.0, 15.0, 12.0, 16.0 ], "autoUv": false, "snapUv": false },
														"west": { "texture": "#steel", "uv": [ 11.0, 6.0, 12.0, 7.0 ], "autoUv": false, "snapUv": false },
														"up": { "texture": "#steel", "uv": [ 5.0, 4.0, 4.0, 3.0 ], "autoUv": false, "snapUv": false },
														"down": { "texture": "#steel", "uv": [ 13.0, 6.0, 12.0, 7.0 ], "autoUv": false, "snapUv": false }
													}
												}
											]
										}
									]
								}
							]
						}
					]
				}
			]
		}
	]}