{
  "code": "ocarina",
  // "class": "item",
  "behaviors": [
    {
      "name": "GroundStorable",
      "properties": {
        "layout": "Quadrants",
        "collisionBox": {
          "x1": 0,
          "y1": 0,
          "z1": 0,
          "x2": 1,
          "y2": 0.125,
          "z2": 1
        }
      }
    }
    //{"name": "RightClickPickup"}
  ],
  "variantgroups": [
    {
      "code": "color",
      "states": [
        "blue",
        "fire",
        "red"
      ]
    },
    {
      "code": "state",
      "states": [
        "raw",
        "unfinished"
      ]
    }
  ],
  "shapeByType": {
    "*-unfinished": { "base": "item/instrument/ocarina-noholes" },
    "*": { "base": "item/instrument/ocarina-holes" }
  },
  "textures": {
    "color": {
      "base": "game:block/clay/{color}clay"
    }
  },
  "attributes": {
    "onTongTransform": {
      "translation": {
        "x": -1.4,
        "y": -1.12,
        "z": -1.11
      },
      "rotation": {
        "x": -83,
        "y": -16,
        "z": -4
      },
      "scale": 0.57
    },
    "groundStorageTransform": {
      "translation": {
        "x": 0,
        "y": 0,
        "z": -0.041
      },
      "rotation": {
        "x": 0,
        "y": -45,
        "z": 0
      },
      "origin": {
        "x": 0.54,
        "y": 0.05,
        "z": 0.5
      },
      "scale": 0.9
    },
    "handbook": {
      "groupBy": [
        "ocarina-*-{state}"
      ]
    }
  },
  "attributesByType": {
    "ocarina-red-raw": {
      "beehivekiln": {
        "0": {
          "type": "item",
          "code": "instrumentssbc:ocarina-tan-fired"
        },
        "1": {
          "type": "item",
          "code": "instrumentssbc:ocarina-orange-fired"
        },
        "2": {
          "type": "item",
          "code": "instrumentssbc:ocarina-red-fired"
        },
        "3": {
          "type": "item",
          "code": "instrumentssbc:ocarina-brown-fired"
        }
      }
    },
    "ocarina-blue-raw": {
      "beehivekiln": {
        "0": {
          "type": "item",
          "code": "instrumentssbc:ocarina-cream-fired"
        },
        "1": {
          "type": "item",
          "code": "instrumentssbc:ocarina-gray-fired"
        },
        "2": {
          "type": "item",
          "code": "instrumentssbc:ocarina-black-fired"
        },
        "3": {
          "type": "item",
          "code": "instrumentssbc:ocarina-black-fired"
        }
      }
    },
    "ocarina-fire-raw": {
      "beehivekiln": {
        "0": {
          "type": "item",
          "code": "instrumentssbc:ocarina-fire-fired"
        },
        "1": {
          "type": "item",
          "code": "instrumentssbc:ocarina-fire-fired"
        },
        "2": {
          "type": "item",
          "code": "instrumentssbc:ocarina-fire-fired"
        },
        "3": {
          "type": "item",
          "code": "instrumentssbc:ocarina-fire-fired"
        }
      }
    }
  },
  "combustiblePropsByType": {
    "ocarina-fire-raw": {
      "meltingPoint": 600,
      "meltingDuration": 30,
      "smeltedRatio": 1,
      "smeltingType": "fire",
      "requiresContainer": false,
      "smeltedStack": {
        "type": "item",
        "code": "instrumentssbc:ocarina-fire-fired"
      }
    },
    "ocarina-*-raw": {
      "meltingPoint": 600,
      "meltingDuration": 30,
      "smeltedRatio": 1,
      "smeltingType": "fire",
      "requiresContainer": false,
      "smeltedStack": {
        "type": "item",
        "code": "instrumentssbc:ocarina-blue-fired"
      }
    }
  },
  "doNotRenderAtLod2": true,
  "creativeinventory": {
    "general": [
      "*"
    ],
    "instruments-sbc": [
      "*"
    ]
  },
  "blockmaterial": "Ceramic",
  "replaceable": 900,
  "resistance": 1.5,
  "lightAbsorption": 1,
  "maxStackSize": 8,
  "sidesolid": {
    "all": false
  },
  "sideopaque": {
    "all": false
  },
  "emitsideao": {
    "all": false
  },
  "tpHandTransform": {
    "translation": {
      "x": -1.1,
      "y": 0,
      "z": -0.9
    },
    "rotation": {
      "x": 120,
      "y": 0,
      "z": 90
    },
    "origin": {
      "x": 0.54,
      "y": 0.05,
      "z": 0.5
    },
    "scale": 0.61
  },
  "guiTransform": {
    "translation": {
      "x": 6,
      "y": 8,
      "z": 0
    },
    "rotation": {
      "x": 132,
      "y": 47,
      "z": 0
    },
    "origin": {
      "x": 0.54,
      "y": 0.05,
      "z": 0.5
    },
    "scaleXyz": {
      "x": -2.83,
      "y": 2.83,
      "z": 2.83
    }
  },
  "sounds": {
    "walk": "game:walk/stone",
    "break": "game:block/ceramicplace",
    "hit": "game:block/ceramichit",
    "place": "game:block/ceramicplace"
  }
}