[
	{
		ingredientPattern: "IS_,aba",
		ingredients: {
                        "I": { type: "item", code: "solderingiron", isTool: true, toolDurabilityCost: 1 },
			"S": { type: "item", code: "solderbar-*", quantity: 1, name: "mat", allowedVariants: ["tin", "silver"]  },
			"a": { type: "block", code: "game:candlecup-*-candle0", name: "metal", quantity: 4},
			"b": { type: "item", code: "game:rod-*", name: "metal" }
		},
		width: 3,
		height: 2,
		output: { type: "block", code: "game:craftablechandelier-{metal}-candle0", quantity: 1  }
	},
	{
		ingredientPattern: "C	B",		
		ingredients: {
			"C": { type: "item", code: "game:chisel-*", isTool: true},
			"B": { type: "block", code: "game:craftablechandelier-*-candle0",  name: "metal" }
		},
		width: 1,
		height: 2,
		output: { type: "item", code: "game:metalbit-{metal}", quantity: 92 }
	}	
]
