[
	{
		ingredientPattern: "IS,cn",
		ingredients: {
                        "I": { type: "item", code: "solderingiron", isTool: true, toolDurabilityCost: 1 },
			"S": { type: "item", code: "solderbar-*", quantity: 1, name: "mat", allowedVariants: ["tin", "silver"]  },
			"c": { type: "block", code: "game:candlecup-*-candle0", name: "metal", quantity: 2},
			"n": { type: "item", code: "game:metalnailsandstrips-*", name: "metal", quantity: 4 }
		},
		width: 2,
		height: 2,
		output: { type: "block", code: "game:craftabletorchbracket-{metal}-empty-north", quantity: 2  }
	},
	{
		ingredientPattern: "C	B",		
		ingredients: {
			"C": { type: "item", code: "game:chisel-*", isTool: true},
			"B": { type: "block", code: "game:craftabletorchbracket-{metal}-empty-north",  name: "metal" }
		},
		width: 1,
		height: 2,
		output: { type: "item", code: "game:metalbit-{metal}", quantity: 20 }
	}	
]
