{
    "code": "compass-plain",
	"class": "compass",
	"creativeinventory": {
		"general": [ "*" ],
		"items": [ "*" ],
		"navigation": [ "*" ]
	},
    "variantgroups": [
        {
            "code": "frame",
            "states": [ "copper", "tinbronze", "blackbronze", "bismuthbronze", "brass", "iron", "meteoriciron", "steel", "silver", "gold" ]
        }
    ],
	"behaviors": [
		{ "name": "GroundStorable", "properties": { "layout": "Quadrants", "collisionBox": { "x1": 0, "y1": 0, "z1": 0, "x2": 1, "y2": 0.125, "z2": 1 } } }
	],
    "shape": {
        "base": "craftablecartography:compass"
    },
    "textures": {
        "tinbronze": { "base": "game:block/metal/ingot/{frame}" }
    },
	"storageFlags": 257,
	"heldTpIdleAnimation": "holdinglanternrighthand",
	"heldLeftTpIdleAnimation": "holdinglanternlefthand",
	"maxstacksize": 1,
	"attributes": {
		"displaycaseable": true,
		"shelvable": true,
		"groundStorageTransform": {
			"translation": { "x": 0, "y": -0.2, "z": 0 },
			"rotation": { "x": 0, "y": 5, "z": 0 },
			"scale": 0.6
		},
		"onshelfTransform": {
			"translation": { "x": 0, "y": -0.2, "z": 0 },
			"rotation": { "x": 0, "y": 5, "z": 0 },
			"scale": 0.6
		}
	},
	"guiTransform": {
		"translation": { "x": 2, "y": 3, "z": 0 },
		"rotation": { "x": 144, "y": 45, "z": 0 },
		"origin": { "x": 0.5, "y": 0.0625, "z": 0.5 },
		"scale": 2.5
	},
	"groundTransform": {
		"translation": { "x": 0.4, "y": 0, "z": 0.2 },
		"rotation": { "x": 0, "y": 0, "z": 0 },
		"origin": { "x": 0.5, "y": 0, "z": 0.5 },
		"scale": 3
	},
	"tpHandTransform": {
		"translation": { "x": -1.55, "y": -0.14, "z": -1.15 },
		"rotation": { "x": 112, "y": -18, "z": -80},
		"origin": { "x": 0.5, "y": 0.1, "z": 0.5 },
		"scale": 0.4
	},
	"tpOffHandTransform": {
		"translation": { "x": -1.55, "y": -0.14, "z": -1.42 },
		"rotation": { "x": 70, "y": -18, "z": -100 },
		"origin": { "x": 0.5, "y": 0.1, "z": 0.5 },
		"scale": 0.4
	}
}