{
	"editor": {
		"allAngles": true,
		"entityTextureMode": true
	},
	"textureWidth": 64,
	"textureHeight": 64,
	"textureSizes": {
		"brown-fur-coat": [64,64]
	},
	"textures": {
		"brown-fur-coat": "entity/humanoid/seraphclothes/emblem/brown-fur-coat"
	},
	"elements": [
		{
			"name": "pecho",
			"stepParentName": "UpperTorso",
			"from": [ 0.5, 0.0, 0.1 ], 
			"to": [ 0.5, 0.0, 0.1 ], 
			"autoUnwrap": false,
			"uv": [ 0.0, 0.0 ],
			"faces": {
				"north": { "texture": "#brown-fur-coat", "uv": [ 3.25, 0.0, 5.75, 2.5 ], "autoUv": false },
				"east": { "texture": "#brown-fur-coat", "uv": [ 0.5, 0.5, 1.0, 1.0 ] },
				"south": { "texture": "#brown-fur-coat", "uv": [ 1.0, 0.5, 1.5, 1.0 ] },
				"west": { "texture": "#brown-fur-coat", "uv": [ 1.5, 0.5, 2.0, 1.0 ] },
				"up": { "texture": "#brown-fur-coat", "uv": [ 0.0, 0.0, 0.5, 0.5 ] },
				"down": { "texture": "#brown-fur-coat", "uv": [ 0.5, 0.0, 1.0, 0.5 ] }
			},
			"children": [
				{
					"name": "atras",
					"from": [ -0.5, 0.2, 0.0 ], 
					"to": [ -0.5, 0.2, 0.0 ], 
					"autoUnwrap": false,
					"uv": [ 0.0, 0.0 ],
					"rotationOrigin": [ 4.8, 4.45, 3.0 ],
					"rotationZ": 16.0,
					"faces": {
						"north": { "texture": "#brown-fur-coat", "uv": [ 0.0, 0.0, 0.5, 0.5 ], "enabled": false },
						"east": { "texture": "#brown-fur-coat", "uv": [ 0.0, 0.0, 0.5, 0.5 ], "enabled": false },
						"south": { "texture": "#brown-fur-coat", "uv": [ 0.0, 0.0, 0.5, 0.5 ], "enabled": false },
						"west": { "texture": "#brown-fur-coat", "uv": [ 0.0, 0.0, 0.5, 0.5 ], "enabled": false },
						"up": { "texture": "#brown-fur-coat", "uv": [ 0.0, 0.0, 0.5, 0.5 ], "enabled": false },
						"down": { "texture": "#brown-fur-coat", "uv": [ 0.0, 0.0, 0.5, 0.5 ], "enabled": false }
					},
					"children": [
						{
							"name": "cube1",
							"from": [ 5.3, 0.5, 1.0 ], 
							"to": [ 5.3, 4.5, 5.0 ], 
							"autoUnwrap": false,
							"uv": [ 0.0, 0.0 ],
							"rotationOrigin": [ 5.3, 4.25, 3.0 ],
							"faces": {
								"north": { "texture": "#brown-fur-coat", "uv": [ 0.0, 0.0, 0.0, 0.0 ], "enabled": false, "autoUv": false },
								"east": { "texture": "#brown-fur-coat", "uv": [ 26.0, 27.5, 30.0, 31.5 ], "windMode": [1,0,0,1] },
								"south": { "texture": "#brown-fur-coat", "uv": [ 0.0, 0.0, 0.0, 0.0 ], "enabled": false, "autoUv": false },
								"west": { "texture": "#brown-fur-coat", "uv": [ 0.0, 0.0, 0.0, 0.0 ], "enabled": false, "autoUv": false },
								"up": { "texture": "#brown-fur-coat", "uv": [ 0.0, 0.0, 0.0, 0.0 ], "enabled": false, "autoUv": false },
								"down": { "texture": "#brown-fur-coat", "uv": [ 0.0, 0.0, 0.0, 0.0 ], "enabled": false, "autoUv": false }
							}
						}
					]
				},
				{
					"name": "atras1",
					"from": [ -0.8, 0.0, 0.0 ], 
					"to": [ -0.8, 0.0, 0.0 ], 
					"uv": [ 0.0, 0.0 ],
					"rotationOrigin": [ 4.5, 4.75, 5.0 ],
					"rotationX": -13.0,
					"faces": {
						"north": { "texture": "#brown-fur-coat", "uv": [ 0.0, 0.0, 0.0, 0.0 ], "enabled": false },
						"east": { "texture": "#brown-fur-coat", "uv": [ 0.0, 0.0, 0.0, 0.0 ], "enabled": false },
						"south": { "texture": "#brown-fur-coat", "uv": [ 0.0, 0.0, 0.0, 0.0 ], "enabled": false },
						"west": { "texture": "#brown-fur-coat", "uv": [ 0.0, 0.0, 0.0, 0.0 ], "enabled": false },
						"up": { "texture": "#brown-fur-coat", "uv": [ 0.0, 0.0, 0.0, 0.0 ], "enabled": false },
						"down": { "texture": "#brown-fur-coat", "uv": [ 0.0, 0.0, 0.0, 0.0 ], "enabled": false }
					},
					"children": [
						{
							"name": "cube2",
							"from": [ 5.3, 1.0, 4.0 ], 
							"to": [ 5.3, 5.0, 6.0 ], 
							"autoUnwrap": false,
							"uv": [ 0.0, 0.0 ],
							"rotationOrigin": [ 5.3, 4.75, 5.0 ],
							"rotationY": -10.0,
							"rotationZ": 13.0,
							"faces": {
								"north": { "texture": "#brown-fur-coat", "uv": [ 0.0, 0.0, 0.0, 0.0 ], "enabled": false, "autoUv": false },
								"east": { "texture": "#brown-fur-coat", "uv": [ 24.0, 27.5, 26.0, 31.5 ], "windMode": [1,0,0,1] },
								"south": { "texture": "#brown-fur-coat", "uv": [ 0.0, 0.0, 0.0, 0.0 ], "enabled": false, "autoUv": false },
								"west": { "texture": "#brown-fur-coat", "uv": [ 0.0, 0.0, 0.0, 0.0 ], "enabled": false, "autoUv": false },
								"up": { "texture": "#brown-fur-coat", "uv": [ 0.0, 0.0, 0.0, 0.0 ], "enabled": false, "autoUv": false },
								"down": { "texture": "#brown-fur-coat", "uv": [ 0.0, 0.0, 0.0, 0.0 ], "enabled": false, "autoUv": false }
							}
						}
					]
				},
				{
					"name": "atras2",
					"from": [ -0.8, 0.0, 0.0 ], 
					"to": [ -0.8, 0.0, 0.0 ], 
					"uv": [ 0.0, 0.0 ],
					"rotationOrigin": [ 4.5, 4.75, 1.0 ],
					"rotationX": 13.0,
					"faces": {
						"north": { "texture": "#brown-fur-coat", "uv": [ 0.0, 0.0, 0.0, 0.0 ], "enabled": false },
						"east": { "texture": "#brown-fur-coat", "uv": [ 0.0, 0.0, 0.0, 0.0 ], "enabled": false },
						"south": { "texture": "#brown-fur-coat", "uv": [ 0.0, 0.0, 0.0, 0.0 ], "enabled": false },
						"west": { "texture": "#brown-fur-coat", "uv": [ 0.0, 0.0, 0.0, 0.0 ], "enabled": false },
						"up": { "texture": "#brown-fur-coat", "uv": [ 0.0, 0.0, 0.0, 0.0 ], "enabled": false },
						"down": { "texture": "#brown-fur-coat", "uv": [ 0.0, 0.0, 0.0, 0.0 ], "enabled": false }
					},
					"children": [
						{
							"name": "cube3",
							"from": [ 5.3, 1.0, 0.0 ], 
							"to": [ 5.3, 5.0, 2.0 ], 
							"autoUnwrap": false,
							"uv": [ 0.0, 0.0 ],
							"rotationOrigin": [ 5.3, 4.75, 1.0 ],
							"rotationY": 10.0,
							"rotationZ": 13.0,
							"faces": {
								"north": { "texture": "#brown-fur-coat", "uv": [ 0.0, 0.0, 0.0, 0.0 ], "enabled": false, "autoUv": false },
								"east": { "texture": "#brown-fur-coat", "uv": [ 30.0, 27.5, 32.0, 31.5 ], "windMode": [1,0,0,1] },
								"south": { "texture": "#brown-fur-coat", "uv": [ 0.0, 0.0, 0.0, 0.0 ], "enabled": false, "autoUv": false },
								"west": { "texture": "#brown-fur-coat", "uv": [ 0.0, 0.0, 0.0, 0.0 ], "enabled": false, "autoUv": false },
								"up": { "texture": "#brown-fur-coat", "uv": [ 0.0, 0.0, 0.0, 0.0 ], "enabled": false, "autoUv": false },
								"down": { "texture": "#brown-fur-coat", "uv": [ 0.0, 0.0, 0.0, 0.0 ], "enabled": false, "autoUv": false }
							}
						}
					]
				},
				{
					"name": "adelante1",
					"from": [ 1.2, 0.0, 0.0 ], 
					"to": [ 1.2, 0.0, 0.0 ], 
					"uv": [ 0.0, 0.0 ],
					"rotationOrigin": [ -0.5, 4.75, 5.0 ],
					"rotationX": -13.0,
					"faces": {
						"north": { "texture": "#brown-fur-coat", "uv": [ 0.0, 0.0, 0.0, 0.0 ], "enabled": false },
						"east": { "texture": "#brown-fur-coat", "uv": [ 0.0, 0.0, 0.0, 0.0 ], "enabled": false },
						"south": { "texture": "#brown-fur-coat", "uv": [ 0.0, 0.0, 0.0, 0.0 ], "enabled": false },
						"west": { "texture": "#brown-fur-coat", "uv": [ 0.0, 0.0, 0.0, 0.0 ], "enabled": false },
						"up": { "texture": "#brown-fur-coat", "uv": [ 0.0, 0.0, 0.0, 0.0 ], "enabled": false },
						"down": { "texture": "#brown-fur-coat", "uv": [ 0.0, 0.0, 0.0, 0.0 ], "enabled": false }
					},
					"children": [
						{
							"name": "cube5",
							"from": [ -1.7, 0.9, 4.2 ], 
							"to": [ -1.7, 4.9, 6.2 ], 
							"autoUnwrap": false,
							"uv": [ 0.0, 0.0 ],
							"rotationOrigin": [ -1.7, 4.75, 4.5 ],
							"rotationY": 10.0,
							"rotationZ": -13.0,
							"faces": {
								"north": { "texture": "#brown-fur-coat", "uv": [ 0.0, 0.0, 0.0, 0.0 ], "enabled": false, "autoUv": false },
								"east": { "texture": "#brown-fur-coat", "uv": [ 4.0, 2.75, 5.0, 4.75 ], "enabled": false, "autoUv": false },
								"south": { "texture": "#brown-fur-coat", "uv": [ 0.0, 0.0, 0.0, 0.0 ], "enabled": false, "autoUv": false },
								"west": { "texture": "#brown-fur-coat", "uv": [ 22.0, 27.5, 24.0, 31.5 ], "windMode": [1,1,0,0] },
								"up": { "texture": "#brown-fur-coat", "uv": [ 0.0, 0.0, 0.0, 0.0 ], "enabled": false, "autoUv": false },
								"down": { "texture": "#brown-fur-coat", "uv": [ 0.0, 0.0, 0.0, 0.0 ], "enabled": false, "autoUv": false }
							}
						}
					]
				},
				{
					"name": "adelante2",
					"from": [ 1.2, 0.0, 0.0 ], 
					"to": [ 1.2, 0.0, 0.0 ], 
					"uv": [ 0.0, 0.0 ],
					"rotationOrigin": [ -0.5, 4.75, 1.0 ],
					"rotationX": 13.0,
					"faces": {
						"north": { "texture": "#brown-fur-coat", "uv": [ 0.0, 0.0, 0.0, 0.0 ], "enabled": false },
						"east": { "texture": "#brown-fur-coat", "uv": [ 0.0, 0.0, 0.0, 0.0 ], "enabled": false },
						"south": { "texture": "#brown-fur-coat", "uv": [ 0.0, 0.0, 0.0, 0.0 ], "enabled": false },
						"west": { "texture": "#brown-fur-coat", "uv": [ 0.0, 0.0, 0.0, 0.0 ], "enabled": false },
						"up": { "texture": "#brown-fur-coat", "uv": [ 0.0, 0.0, 0.0, 0.0 ], "enabled": false },
						"down": { "texture": "#brown-fur-coat", "uv": [ 0.0, 0.0, 0.0, 0.0 ], "enabled": false }
					},
					"children": [
						{
							"name": "cube6",
							"from": [ -1.6, 1.0, 0.0 ], 
							"to": [ -1.6, 5.0, 2.0 ], 
							"autoUnwrap": false,
							"uv": [ 0.0, 0.0 ],
							"rotationOrigin": [ -1.6, 4.75, 1.0 ],
							"rotationY": -10.0,
							"rotationZ": -13.0,
							"faces": {
								"north": { "texture": "#brown-fur-coat", "uv": [ 0.0, 0.0, 0.0, 0.0 ], "enabled": false, "autoUv": false },
								"east": { "texture": "#brown-fur-coat", "uv": [ 12.25, 2.75, 13.25, 4.75 ], "enabled": false, "autoUv": false },
								"south": { "texture": "#brown-fur-coat", "uv": [ 0.0, 0.0, 0.0, 0.0 ], "enabled": false, "autoUv": false },
								"west": { "texture": "#brown-fur-coat", "uv": [ 16.0, 27.5, 18.0, 31.5 ], "windMode": [1,1,0,0] },
								"up": { "texture": "#brown-fur-coat", "uv": [ 0.0, 0.0, 0.0, 0.0 ], "enabled": false, "autoUv": false },
								"down": { "texture": "#brown-fur-coat", "uv": [ 0.0, 0.0, 0.0, 0.0 ], "enabled": false, "autoUv": false }
							}
						}
					]
				},
				{
					"name": "cube0",
					"from": [ -0.8, 0.0, -0.4 ], 
					"to": [ 4.8, 5.2, 6.4 ], 
					"autoUnwrap": false,
					"uv": [ 0.0, 0.0 ],
					"rotationOrigin": [ 31.2, 0.0, 22.8 ],
					"faces": {
						"north": { "texture": "#brown-fur-coat", "uv": [ 41.0, 5.0, 46.0, 10.0 ], "autoUv": false },
						"east": { "texture": "#brown-fur-coat", "uv": [ 57.0, 5.0, 63.0, 10.0 ], "autoUv": false, "windMode": [-1,-1,-1,-1] },
						"south": { "texture": "#brown-fur-coat", "uv": [ 52.0, 5.0, 57.0, 10.0 ], "autoUv": false, "windMode": [-1,-1,-1,-1] },
						"west": { "texture": "#brown-fur-coat", "uv": [ 46.0, 5.0, 52.0, 10.0 ], "autoUv": false, "windMode": [-1,-1,-1,-1] },
						"up": { "texture": "#brown-fur-coat", "uv": [ 46.0, 0.0, 52.0, 5.0 ], "rotation": 90, "autoUv": false, "windMode": [-1,-1,-1,-1] },
						"down": { "texture": "#brown-fur-coat", "uv": [ 34.0, 5.0, 40.0, 10.0 ], "rotation": 90, "autoUv": false, "windMode": [-1,-1,-1,-1] }
					}
				},
				{
					"name": "arriba23",
					"from": [ 0.0, -1.0, 0.0 ], 
					"to": [ 0.0, -1.0, 0.0 ], 
					"uv": [ 0.0, 0.0 ],
					"rotationOrigin": [ 2.0, 5.2, 3.0 ],
					"rotationY": 90.0,
					"faces": {
						"north": { "texture": "#brown-fur-coat", "uv": [ 0.0, 0.0, 0.0, 0.0 ], "enabled": false },
						"east": { "texture": "#brown-fur-coat", "uv": [ 0.0, 0.0, 0.0, 0.0 ], "enabled": false },
						"south": { "texture": "#brown-fur-coat", "uv": [ 0.0, 0.0, 0.0, 0.0 ], "enabled": false },
						"west": { "texture": "#brown-fur-coat", "uv": [ 0.0, 0.0, 0.0, 0.0 ], "enabled": false },
						"up": { "texture": "#brown-fur-coat", "uv": [ 0.0, 0.0, 0.0, 0.0 ], "enabled": false },
						"down": { "texture": "#brown-fur-coat", "uv": [ 0.0, 0.0, 0.0, 0.0 ], "enabled": false }
					},
					"children": [
						{
							"name": "cube24",
							"from": [ -0.7, 6.2, 1.0 ], 
							"to": [ 0.8, 6.2, 5.0 ], 
							"autoUnwrap": false,
							"uv": [ 0.0, 0.0 ],
							"rotationOrigin": [ 0.8, 6.2, 3.0 ],
							"rotationZ": -15.0,
							"faces": {
								"north": { "texture": "#brown-fur-coat", "uv": [ 0.0, 0.0, 0.0, 0.0 ], "enabled": false, "autoUv": false },
								"east": { "texture": "#brown-fur-coat", "uv": [ 0.0, 0.0, 0.0, 0.0 ], "enabled": false, "autoUv": false },
								"south": { "texture": "#brown-fur-coat", "uv": [ 0.0, 0.0, 0.0, 0.0 ], "enabled": false, "autoUv": false },
								"west": { "texture": "#brown-fur-coat", "uv": [ 0.0, 0.0, 0.0, 0.0 ], "enabled": false, "autoUv": false },
								"up": { "texture": "#brown-fur-coat", "uv": [ 26.0, 44.5, 30.0, 46.0 ], "rotation": 90 },
								"down": { "texture": "#brown-fur-coat", "uv": [ 0.0, 0.0, 0.0, 0.0 ], "enabled": false, "autoUv": false }
							}
						}
					]
				},
				{
					"name": "arriba25",
					"from": [ 0.0, -1.0, 0.0 ], 
					"to": [ 0.0, -1.0, 0.0 ], 
					"uv": [ 0.0, 0.0 ],
					"rotationOrigin": [ 2.0, 5.2, 3.0 ],
					"rotationY": 135.0,
					"faces": {
						"north": { "texture": "#brown-fur-coat", "uv": [ 0.0, 0.0, 0.0, 0.0 ], "enabled": false },
						"east": { "texture": "#brown-fur-coat", "uv": [ 0.0, 0.0, 0.0, 0.0 ], "enabled": false },
						"south": { "texture": "#brown-fur-coat", "uv": [ 0.0, 0.0, 0.0, 0.0 ], "enabled": false },
						"west": { "texture": "#brown-fur-coat", "uv": [ 0.0, 0.0, 0.0, 0.0 ], "enabled": false },
						"up": { "texture": "#brown-fur-coat", "uv": [ 0.0, 0.0, 0.0, 0.0 ], "enabled": false },
						"down": { "texture": "#brown-fur-coat", "uv": [ 0.0, 0.0, 0.0, 0.0 ], "enabled": false }
					},
					"children": [
						{
							"name": "cube26",
							"from": [ -0.7, 6.2, 1.0 ], 
							"to": [ 0.8, 6.2, 5.0 ], 
							"autoUnwrap": false,
							"uv": [ 0.0, 0.0 ],
							"rotationOrigin": [ 0.8, 6.2, 3.0 ],
							"rotationZ": -20.0,
							"faces": {
								"north": { "texture": "#brown-fur-coat", "uv": [ 0.0, 0.0, 0.0, 0.0 ], "enabled": false, "autoUv": false },
								"east": { "texture": "#brown-fur-coat", "uv": [ 0.0, 0.0, 0.0, 0.0 ], "enabled": false, "autoUv": false },
								"south": { "texture": "#brown-fur-coat", "uv": [ 0.0, 0.0, 0.0, 0.0 ], "enabled": false, "autoUv": false },
								"west": { "texture": "#brown-fur-coat", "uv": [ 0.0, 0.0, 0.0, 0.0 ], "enabled": false, "autoUv": false },
								"up": { "texture": "#brown-fur-coat", "uv": [ 22.0, 44.5, 26.0, 46.0 ], "rotation": 90 },
								"down": { "texture": "#brown-fur-coat", "uv": [ 0.0, 0.0, 0.0, 0.0 ], "enabled": false, "autoUv": false }
							}
						}
					]
				},
				{
					"name": "arriba27",
					"from": [ 0.0, -1.0, 0.0 ], 
					"to": [ 0.0, -1.0, 0.0 ], 
					"uv": [ 0.0, 0.0 ],
					"rotationOrigin": [ 2.0, 5.2, 3.0 ],
					"rotationY": 180.0,
					"faces": {
						"north": { "texture": "#brown-fur-coat", "uv": [ 0.0, 0.0, 0.0, 0.0 ], "enabled": false },
						"east": { "texture": "#brown-fur-coat", "uv": [ 0.0, 0.0, 0.0, 0.0 ], "enabled": false },
						"south": { "texture": "#brown-fur-coat", "uv": [ 0.0, 0.0, 0.0, 0.0 ], "enabled": false },
						"west": { "texture": "#brown-fur-coat", "uv": [ 0.0, 0.0, 0.0, 0.0 ], "enabled": false },
						"up": { "texture": "#brown-fur-coat", "uv": [ 0.0, 0.0, 0.0, 0.0 ], "enabled": false },
						"down": { "texture": "#brown-fur-coat", "uv": [ 0.0, 0.0, 0.0, 0.0 ], "enabled": false }
					},
					"children": [
						{
							"name": "cube28",
							"from": [ -0.7, 6.2, 1.0 ], 
							"to": [ 0.8, 6.2, 5.0 ], 
							"autoUnwrap": false,
							"uv": [ 0.0, 0.0 ],
							"rotationOrigin": [ 0.8, 6.2, 3.0 ],
							"rotationZ": -20.0,
							"faces": {
								"north": { "texture": "#brown-fur-coat", "uv": [ 0.0, 0.0, 0.0, 0.0 ], "enabled": false, "autoUv": false },
								"east": { "texture": "#brown-fur-coat", "uv": [ 0.0, 0.0, 0.0, 0.0 ], "enabled": false, "autoUv": false },
								"south": { "texture": "#brown-fur-coat", "uv": [ 0.0, 0.0, 0.0, 0.0 ], "enabled": false, "autoUv": false },
								"west": { "texture": "#brown-fur-coat", "uv": [ 0.0, 0.0, 0.0, 0.0 ], "enabled": false, "autoUv": false },
								"up": { "texture": "#brown-fur-coat", "uv": [ 1.0, 44.5, 5.0, 46.0 ], "rotation": 90 },
								"down": { "texture": "#brown-fur-coat", "uv": [ 0.0, 0.0, 0.0, 0.0 ], "enabled": false, "autoUv": false }
							}
						}
					]
				},
				{
					"name": "arriba31",
					"from": [ 0.0, -1.0, 0.0 ], 
					"to": [ 0.0, -1.0, 0.0 ], 
					"uv": [ 0.0, 0.0 ],
					"rotationOrigin": [ 2.0, 5.2, 3.0 ],
					"rotationY": -90.0,
					"faces": {
						"north": { "texture": "#brown-fur-coat", "uv": [ 0.0, 0.0, 0.0, 0.0 ], "enabled": false },
						"east": { "texture": "#brown-fur-coat", "uv": [ 0.0, 0.0, 0.0, 0.0 ], "enabled": false },
						"south": { "texture": "#brown-fur-coat", "uv": [ 0.0, 0.0, 0.0, 0.0 ], "enabled": false },
						"west": { "texture": "#brown-fur-coat", "uv": [ 0.0, 0.0, 0.0, 0.0 ], "enabled": false },
						"up": { "texture": "#brown-fur-coat", "uv": [ 0.0, 0.0, 0.0, 0.0 ], "enabled": false },
						"down": { "texture": "#brown-fur-coat", "uv": [ 0.0, 0.0, 0.0, 0.0 ], "enabled": false }
					},
					"children": [
						{
							"name": "cube32",
							"from": [ -0.7, 6.2, 1.0 ], 
							"to": [ 0.8, 6.2, 5.0 ], 
							"autoUnwrap": false,
							"uv": [ 0.0, 0.0 ],
							"rotationOrigin": [ 0.8, 6.2, 3.0 ],
							"rotationZ": -15.0,
							"faces": {
								"north": { "texture": "#brown-fur-coat", "uv": [ 0.0, 0.0, 0.0, 0.0 ], "enabled": false, "autoUv": false },
								"east": { "texture": "#brown-fur-coat", "uv": [ 0.0, 0.0, 0.0, 0.0 ], "enabled": false, "autoUv": false },
								"south": { "texture": "#brown-fur-coat", "uv": [ 0.0, 0.0, 0.0, 0.0 ], "enabled": false, "autoUv": false },
								"west": { "texture": "#brown-fur-coat", "uv": [ 0.0, 0.0, 0.0, 0.0 ], "enabled": false, "autoUv": false },
								"up": { "texture": "#brown-fur-coat", "uv": [ 5.0, 44.5, 9.0, 46.0 ], "rotation": 90 },
								"down": { "texture": "#brown-fur-coat", "uv": [ 0.0, 0.0, 0.0, 0.0 ], "enabled": false, "autoUv": false }
							}
						}
					]
				},
				{
					"name": "arriba33",
					"from": [ 0.0, -1.0, 0.0 ], 
					"to": [ 0.0, -1.0, 0.0 ], 
					"uv": [ 0.0, 0.0 ],
					"rotationOrigin": [ 2.0, 5.2, 3.0 ],
					"rotationY": -135.0,
					"faces": {
						"north": { "texture": "#brown-fur-coat", "uv": [ 0.0, 0.0, 0.0, 0.0 ], "enabled": false },
						"east": { "texture": "#brown-fur-coat", "uv": [ 0.0, 0.0, 0.0, 0.0 ], "enabled": false },
						"south": { "texture": "#brown-fur-coat", "uv": [ 0.0, 0.0, 0.0, 0.0 ], "enabled": false },
						"west": { "texture": "#brown-fur-coat", "uv": [ 0.0, 0.0, 0.0, 0.0 ], "enabled": false },
						"up": { "texture": "#brown-fur-coat", "uv": [ 0.0, 0.0, 0.0, 0.0 ], "enabled": false },
						"down": { "texture": "#brown-fur-coat", "uv": [ 0.0, 0.0, 0.0, 0.0 ], "enabled": false }
					},
					"children": [
						{
							"name": "cube34",
							"from": [ -0.7, 6.2, 1.0 ], 
							"to": [ 0.8, 6.2, 5.0 ], 
							"autoUnwrap": false,
							"uv": [ 0.0, 0.0 ],
							"rotationOrigin": [ 0.8, 6.2, 3.0 ],
							"rotationZ": -20.0,
							"faces": {
								"north": { "texture": "#brown-fur-coat", "uv": [ 0.0, 0.0, 0.0, 0.0 ], "enabled": false, "autoUv": false },
								"east": { "texture": "#brown-fur-coat", "uv": [ 0.0, 0.0, 0.0, 0.0 ], "enabled": false, "autoUv": false },
								"south": { "texture": "#brown-fur-coat", "uv": [ 0.0, 0.0, 0.0, 0.0 ], "enabled": false, "autoUv": false },
								"west": { "texture": "#brown-fur-coat", "uv": [ 0.0, 0.0, 0.0, 0.0 ], "enabled": false, "autoUv": false },
								"up": { "texture": "#brown-fur-coat", "uv": [ 26.0, 44.5, 30.0, 46.0 ], "rotation": 90 },
								"down": { "texture": "#brown-fur-coat", "uv": [ 0.0, 0.0, 0.0, 0.0 ], "enabled": false, "autoUv": false }
							}
						}
					]
				},
				{
					"name": "atras35",
					"from": [ -0.6, 0.0, 0.0 ], 
					"to": [ -0.6, 0.0, 0.0 ], 
					"uv": [ 0.0, 0.0 ],
					"rotationOrigin": [ 4.7, 4.75, 5.0 ],
					"rotationX": -13.0,
					"rotationY": -60.0,
					"faces": {
						"north": { "texture": "#brown-fur-coat", "uv": [ 0.0, 0.0, 0.0, 0.0 ], "enabled": false },
						"east": { "texture": "#brown-fur-coat", "uv": [ 0.0, 0.0, 0.0, 0.0 ], "enabled": false },
						"south": { "texture": "#brown-fur-coat", "uv": [ 0.0, 0.0, 0.0, 0.0 ], "enabled": false },
						"west": { "texture": "#brown-fur-coat", "uv": [ 0.0, 0.0, 0.0, 0.0 ], "enabled": false },
						"up": { "texture": "#brown-fur-coat", "uv": [ 0.0, 0.0, 0.0, 0.0 ], "enabled": false },
						"down": { "texture": "#brown-fur-coat", "uv": [ 0.0, 0.0, 0.0, 0.0 ], "enabled": false }
					},
					"children": [
						{
							"name": "cube36",
							"from": [ 5.3, 1.0, 5.1 ], 
							"to": [ 5.3, 5.0, 7.1 ], 
							"autoUnwrap": false,
							"uv": [ 0.0, 0.0 ],
							"rotationOrigin": [ 5.3, 4.75, 6.1 ],
							"rotationY": -2.0,
							"rotationZ": 10.0,
							"faces": {
								"north": { "texture": "#brown-fur-coat", "uv": [ 0.0, 0.0, 0.0, 0.0 ], "enabled": false, "autoUv": false },
								"east": { "texture": "#brown-fur-coat", "uv": [ 14.0, 27.5, 16.0, 31.5 ], "windMode": [1,0,0,1] },
								"south": { "texture": "#brown-fur-coat", "uv": [ 0.0, 0.0, 0.0, 0.0 ], "enabled": false, "autoUv": false },
								"west": { "texture": "#brown-fur-coat", "uv": [ 0.0, 0.0, 0.0, 0.0 ], "enabled": false, "autoUv": false },
								"up": { "texture": "#brown-fur-coat", "uv": [ 0.0, 0.0, 0.0, 0.0 ], "enabled": false, "autoUv": false },
								"down": { "texture": "#brown-fur-coat", "uv": [ 0.0, 0.0, 0.0, 0.0 ], "enabled": false, "autoUv": false }
							}
						}
					]
				},
				{
					"name": "atras37",
					"from": [ -0.6, 0.0, 0.0 ], 
					"to": [ -0.6, 0.0, 0.0 ], 
					"uv": [ 0.0, 0.0 ],
					"rotationOrigin": [ 4.7, 4.75, 1.0 ],
					"rotationX": 13.0,
					"rotationY": 60.0,
					"faces": {
						"north": { "texture": "#brown-fur-coat", "uv": [ 0.0, 0.0, 0.0, 0.0 ], "enabled": false },
						"east": { "texture": "#brown-fur-coat", "uv": [ 0.0, 0.0, 0.0, 0.0 ], "enabled": false },
						"south": { "texture": "#brown-fur-coat", "uv": [ 0.0, 0.0, 0.0, 0.0 ], "enabled": false },
						"west": { "texture": "#brown-fur-coat", "uv": [ 0.0, 0.0, 0.0, 0.0 ], "enabled": false },
						"up": { "texture": "#brown-fur-coat", "uv": [ 0.0, 0.0, 0.0, 0.0 ], "enabled": false },
						"down": { "texture": "#brown-fur-coat", "uv": [ 0.0, 0.0, 0.0, 0.0 ], "enabled": false }
					},
					"children": [
						{
							"name": "cube38",
							"from": [ 5.3, 1.0, -1.1 ], 
							"to": [ 5.3, 5.0, 0.9 ], 
							"autoUnwrap": false,
							"uv": [ 0.0, 0.0 ],
							"rotationOrigin": [ 5.3, 4.75, -0.1 ],
							"rotationY": 2.0,
							"rotationZ": 10.0,
							"faces": {
								"north": { "texture": "#brown-fur-coat", "uv": [ 0.0, 0.0, 0.0, 0.0 ], "enabled": false, "autoUv": false },
								"east": { "texture": "#brown-fur-coat", "uv": [ 12.0, 27.5, 14.0, 31.5 ], "windMode": [1,0,0,1] },
								"south": { "texture": "#brown-fur-coat", "uv": [ 0.0, 0.0, 0.0, 0.0 ], "enabled": false, "autoUv": false },
								"west": { "texture": "#brown-fur-coat", "uv": [ 0.0, 0.0, 0.0, 0.0 ], "enabled": false, "autoUv": false },
								"up": { "texture": "#brown-fur-coat", "uv": [ 0.0, 0.0, 0.0, 0.0 ], "enabled": false, "autoUv": false },
								"down": { "texture": "#brown-fur-coat", "uv": [ 0.0, 0.0, 0.0, 0.0 ], "enabled": false, "autoUv": false }
							}
						}
					]
				},
				{
					"name": "adelante39",
					"from": [ 1.1, 0.3, -0.5 ], 
					"to": [ 1.1, 0.3, -0.5 ], 
					"uv": [ 0.0, 0.0 ],
					"rotationOrigin": [ -0.6, 5.05, 5.0 ],
					"rotationX": -13.0,
					"rotationY": 35.0,
					"rotationZ": -10.0,
					"faces": {
						"north": { "texture": "#brown-fur-coat", "uv": [ 0.0, 0.0, 0.0, 0.0 ], "enabled": false },
						"east": { "texture": "#brown-fur-coat", "uv": [ 0.0, 0.0, 0.0, 0.0 ], "enabled": false },
						"south": { "texture": "#brown-fur-coat", "uv": [ 0.0, 0.0, 0.0, 0.0 ], "enabled": false },
						"west": { "texture": "#brown-fur-coat", "uv": [ 0.0, 0.0, 0.0, 0.0 ], "enabled": false },
						"up": { "texture": "#brown-fur-coat", "uv": [ 0.0, 0.0, 0.0, 0.0 ], "enabled": false },
						"down": { "texture": "#brown-fur-coat", "uv": [ 0.0, 0.0, 0.0, 0.0 ], "enabled": false }
					},
					"children": [
						{
							"name": "cube40",
							"from": [ -1.7, 1.5, 5.0 ], 
							"to": [ -1.7, 4.5, 7.0 ], 
							"autoUnwrap": false,
							"uv": [ 0.0, 0.0 ],
							"rotationOrigin": [ -1.7, 5.25, 6.0 ],
							"rotationY": 2.0,
							"rotationZ": -10.0,
							"faces": {
								"north": { "texture": "#brown-fur-coat", "uv": [ 0.0, 0.0, 0.0, 0.0 ], "enabled": false, "autoUv": false },
								"east": { "texture": "#brown-fur-coat", "uv": [ 4.0, 2.75, 5.0, 4.75 ], "enabled": false, "autoUv": false },
								"south": { "texture": "#brown-fur-coat", "uv": [ 0.0, 0.0, 0.0, 0.0 ], "enabled": false, "autoUv": false },
								"west": { "texture": "#brown-fur-coat", "uv": [ 10.0, 28.5, 12.0, 31.5 ], "windMode": [1,1,0,0] },
								"up": { "texture": "#brown-fur-coat", "uv": [ 0.0, 0.0, 0.0, 0.0 ], "enabled": false, "autoUv": false },
								"down": { "texture": "#brown-fur-coat", "uv": [ 0.0, 0.0, 0.0, 0.0 ], "enabled": false, "autoUv": false }
							}
						}
					]
				},
				{
					"name": "adelante41",
					"from": [ 1.1, 0.3, 0.5 ], 
					"to": [ 1.1, 0.3, 0.5 ], 
					"uv": [ 0.0, 0.0 ],
					"rotationOrigin": [ -0.6, 5.05, 1.0 ],
					"rotationX": 13.0,
					"rotationY": -35.0,
					"rotationZ": -10.0,
					"faces": {
						"north": { "texture": "#brown-fur-coat", "uv": [ 0.0, 0.0, 0.0, 0.0 ], "enabled": false },
						"east": { "texture": "#brown-fur-coat", "uv": [ 0.0, 0.0, 0.0, 0.0 ], "enabled": false },
						"south": { "texture": "#brown-fur-coat", "uv": [ 0.0, 0.0, 0.0, 0.0 ], "enabled": false },
						"west": { "texture": "#brown-fur-coat", "uv": [ 0.0, 0.0, 0.0, 0.0 ], "enabled": false },
						"up": { "texture": "#brown-fur-coat", "uv": [ 0.0, 0.0, 0.0, 0.0 ], "enabled": false },
						"down": { "texture": "#brown-fur-coat", "uv": [ 0.0, 0.0, 0.0, 0.0 ], "enabled": false }
					},
					"children": [
						{
							"name": "cube42",
							"from": [ -1.7, 1.5, -1.0 ], 
							"to": [ -1.7, 4.5, 1.0 ], 
							"autoUnwrap": false,
							"uv": [ 0.0, 0.0 ],
							"rotationOrigin": [ -1.7, 5.25, 0.0 ],
							"rotationY": -2.0,
							"rotationZ": -10.0,
							"faces": {
								"north": { "texture": "#brown-fur-coat", "uv": [ 0.0, 0.0, 0.0, 0.0 ], "enabled": false, "autoUv": false },
								"east": { "texture": "#brown-fur-coat", "uv": [ 12.25, 2.75, 13.25, 4.75 ], "enabled": false, "autoUv": false },
								"south": { "texture": "#brown-fur-coat", "uv": [ 0.0, 0.0, 0.0, 0.0 ], "enabled": false, "autoUv": false },
								"west": { "texture": "#brown-fur-coat", "uv": [ 8.0, 28.5, 10.0, 31.5 ], "windMode": [1,1,0,0] },
								"up": { "texture": "#brown-fur-coat", "uv": [ 0.0, 0.0, 0.0, 0.0 ], "enabled": false, "autoUv": false },
								"down": { "texture": "#brown-fur-coat", "uv": [ 0.0, 0.0, 0.0, 0.0 ], "enabled": false, "autoUv": false }
							}
						}
					]
				},
				{
					"name": "adelante38",
					"from": [ -6.0, 0.3, 0.0 ], 
					"to": [ -6.0, 0.3, 0.0 ], 
					"autoUnwrap": false,
					"uv": [ 0.0, 0.0 ],
					"rotationOrigin": [ -0.7, 4.55, 3.0 ],
					"rotationZ": -15.0,
					"faces": {
						"north": { "texture": "#brown-fur-coat", "uv": [ 0.0, 0.0, 0.5, 0.5 ], "enabled": false },
						"east": { "texture": "#brown-fur-coat", "uv": [ 0.0, 0.0, 0.5, 0.5 ], "windMode": [-1,-1,-1,-1] },
						"south": { "texture": "#brown-fur-coat", "uv": [ 0.0, 0.0, 0.5, 0.5 ], "enabled": false },
						"west": { "texture": "#brown-fur-coat", "uv": [ 0.0, 0.0, 0.5, 0.5 ], "enabled": false, "windMode": [-1,-1,-1,-1] },
						"up": { "texture": "#brown-fur-coat", "uv": [ 0.0, 0.0, 0.5, 0.5 ], "enabled": false },
						"down": { "texture": "#brown-fur-coat", "uv": [ 0.0, 0.0, 0.5, 0.5 ], "enabled": false }
					},
					"children": [
						{
							"name": "cube39",
							"from": [ 5.3, 0.5, 1.0 ], 
							"to": [ 5.3, 4.5, 5.0 ], 
							"autoUnwrap": false,
							"uv": [ 0.0, 0.0 ],
							"rotationOrigin": [ 5.3, 4.25, 3.0 ],
							"faces": {
								"north": { "texture": "#brown-fur-coat", "uv": [ 0.0, 0.0, 0.0, 0.0 ], "enabled": false, "autoUv": false },
								"east": { "texture": "#brown-fur-coat", "uv": [ 26.0, 27.5, 30.0, 31.5 ], "enabled": false, "windMode": [-1,-1,-1,-1] },
								"south": { "texture": "#brown-fur-coat", "uv": [ 0.0, 0.0, 0.0, 0.0 ], "enabled": false, "autoUv": false },
								"west": { "texture": "#brown-fur-coat", "uv": [ 18.0, 27.5, 22.0, 31.5 ], "windMode": [1,1,0,0] },
								"up": { "texture": "#brown-fur-coat", "uv": [ 0.0, 0.0, 0.0, 0.0 ], "enabled": false, "autoUv": false },
								"down": { "texture": "#brown-fur-coat", "uv": [ 0.0, 0.0, 0.0, 0.0 ], "enabled": false, "autoUv": false }
							}
						}
					]
				}
			]
		},
		{
			"name": "brazoleft",
			"stepParentName": "UpperArmL",
			"from": [ -6.5, 2.0, -7.0 ], 
			"to": [ -6.5, 2.0, -7.0 ], 
			"uv": [ 0.0, 0.0 ],
			"rotationOrigin": [ 0.0, 2.0, 0.0 ],
			"faces": {
				"north": { "texture": "#brown-fur-coat", "uv": [ 0.0, 0.0, 0.0, 0.0 ], "enabled": false },
				"east": { "texture": "#brown-fur-coat", "uv": [ 0.0, 0.0, 0.0, 0.0 ], "enabled": false },
				"south": { "texture": "#brown-fur-coat", "uv": [ 0.0, 0.0, 0.0, 0.0 ], "enabled": false },
				"west": { "texture": "#brown-fur-coat", "uv": [ 0.0, 0.0, 0.0, 0.0 ], "enabled": false },
				"up": { "texture": "#brown-fur-coat", "uv": [ 0.0, 0.0, 0.0, 0.0 ], "enabled": false },
				"down": { "texture": "#brown-fur-coat", "uv": [ 0.0, 0.0, 0.0, 0.0 ], "enabled": false }
			},
			"children": [
				{
					"name": "cube81",
					"from": [ 6.3, -2.1, 6.8 ], 
					"to": [ 9.7, 5.1, 9.2 ], 
					"autoUnwrap": false,
					"uv": [ 2.75, 0.0 ],
					"rotationOrigin": [ 6.5, -2.1, 7.0 ],
					"faces": {
						"north": { "texture": "#brown-fur-coat", "uv": [ 47.0, 41.5, 50.0, 48.5 ] },
						"east": { "texture": "#brown-fur-coat", "uv": [ 50.0, 41.5, 52.0, 48.5 ], "windMode": [-1,-1,-1,-1] },
						"south": { "texture": "#brown-fur-coat", "uv": [ 42.0, 41.5, 45.0, 48.5 ], "windMode": [-1,-1,-1,-1] },
						"west": { "texture": "#brown-fur-coat", "uv": [ 45.0, 41.5, 47.0, 48.5 ], "windMode": [-1,-1,-1,-1] },
						"up": { "texture": "#brown-fur-coat", "uv": [ 45.0, 38.5, 47.0, 41.5 ], "rotation": 90, "windMode": [-1,-1,-1,-1] },
						"down": { "texture": "#brown-fur-coat", "uv": [ 45.0, 48.5, 47.0, 51.5 ], "rotation": 90, "windMode": [-1,-1,-1,-1] }
					}
				},
				{
					"name": "cube43",
					"from": [ 6.1, 0.0, 6.7 ], 
					"to": [ 9.9, 5.3, 9.5 ], 
					"autoUnwrap": false,
					"uv": [ 2.75, 0.0 ],
					"rotationOrigin": [ 6.3, 0.0, 6.9 ],
					"faces": {
						"north": { "texture": "#brown-fur-coat", "uv": [ 0.0, 28.5, 3.5, 33.5 ], "windMode": [1,0,0,1] },
						"east": { "texture": "#brown-fur-coat", "uv": [ 3.5, 28.5, 6.0, 33.5 ], "windMode": [1,0,0,1] },
						"south": { "texture": "#brown-fur-coat", "uv": [ 11.0, 28.5, 14.5, 33.5 ], "windMode": [1,1,0,0] },
						"west": { "texture": "#brown-fur-coat", "uv": [ 14.5, 28.5, 17.0, 33.5 ], "windMode": [1,1,0,0] },
						"up": { "texture": "#brown-fur-coat", "uv": [ 0.0, 27.5, 3.5, 30.0 ], "windMode": [0,0,0,0] },
						"down": { "texture": "#brown-fur-coat", "uv": [ 0.0, 33.5, 3.5, 36.0 ], "windMode": [1,1,1,1] }
					}
				}
			]
		},
		{
			"name": "brazoright",
			"stepParentName": "UpperArmR",
			"from": [ -6.5, 2.0, -7.0 ], 
			"to": [ -6.5, 2.0, -7.0 ], 
			"uv": [ 0.0, 0.0 ],
			"rotationOrigin": [ 0.0, 2.0, 0.0 ],
			"faces": {
				"north": { "texture": "#brown-fur-coat", "uv": [ 0.0, 0.0, 0.0, 0.0 ], "enabled": false },
				"east": { "texture": "#brown-fur-coat", "uv": [ 0.0, 0.0, 0.0, 0.0 ], "enabled": false },
				"south": { "texture": "#brown-fur-coat", "uv": [ 0.0, 0.0, 0.0, 0.0 ], "enabled": false },
				"west": { "texture": "#brown-fur-coat", "uv": [ 0.0, 0.0, 0.0, 0.0 ], "enabled": false },
				"up": { "texture": "#brown-fur-coat", "uv": [ 0.0, 0.0, 0.0, 0.0 ], "enabled": false },
				"down": { "texture": "#brown-fur-coat", "uv": [ 0.0, 0.0, 0.0, 0.0 ], "enabled": false }
			},
			"children": [
				{
					"name": "cube8",
					"from": [ 6.3, -2.1, 6.8 ], 
					"to": [ 9.7, 5.1, 9.2 ], 
					"autoUnwrap": false,
					"uv": [ 2.75, 0.0 ],
					"rotationOrigin": [ 6.5, -2.1, 7.0 ],
					"faces": {
						"north": { "texture": "#brown-fur-coat", "uv": [ 33.0, 41.5, 36.0, 48.5 ] },
						"east": { "texture": "#brown-fur-coat", "uv": [ 31.0, 41.5, 33.0, 48.5 ], "windMode": [-1,-1,-1,-1] },
						"south": { "texture": "#brown-fur-coat", "uv": [ 38.0, 41.5, 41.0, 48.5 ], "windMode": [-1,-1,-1,-1] },
						"west": { "texture": "#brown-fur-coat", "uv": [ 36.0, 41.5, 38.0, 48.5 ], "windMode": [-1,-1,-1,-1] },
						"up": { "texture": "#brown-fur-coat", "uv": [ 36.0, 38.5, 38.0, 41.5 ], "rotation": 90, "windMode": [-1,-1,-1,-1] },
						"down": { "texture": "#brown-fur-coat", "uv": [ 36.0, 48.5, 38.0, 51.5 ], "rotation": 90, "autoUv": false, "windMode": [-1,-1,-1,-1] }
					}
				},
				{
					"name": "cube44",
					"from": [ 6.1, 0.0, 6.5 ], 
					"to": [ 9.9, 5.3, 9.3 ], 
					"autoUnwrap": false,
					"uv": [ 2.75, 0.0 ],
					"rotationOrigin": [ 6.3, 0.0, 6.7 ],
					"faces": {
						"north": { "texture": "#brown-fur-coat", "uv": [ 28.5, 28.5, 32.0, 33.5 ], "windMode": [1,0,0,1] },
						"east": { "texture": "#brown-fur-coat", "uv": [ 26.0, 28.5, 28.5, 33.5 ], "windMode": [1,0,0,1] },
						"south": { "texture": "#brown-fur-coat", "uv": [ 16.5, 28.5, 20.0, 33.5 ], "windMode": [1,1,0,0] },
						"west": { "texture": "#brown-fur-coat", "uv": [ 23.5, 28.5, 26.0, 33.5 ], "windMode": [1,1,0,0] },
						"up": { "texture": "#brown-fur-coat", "uv": [ 3.5, 27.5, 7.0, 30.0 ], "windMode": [0,0,0,0] },
						"down": { "texture": "#brown-fur-coat", "uv": [ 3.5, 33.5, 7.0, 36.0 ], "windMode": [1,1,1,1] }
					}
				}
			]
		},
		{
			"name": "brazoabajoleft40",
			"stepParentName": "LowerArmL",
			"from": [ -6.5, 2.0, -7.0 ], 
			"to": [ -6.5, 2.0, -7.0 ], 
			"uv": [ 0.0, 0.0 ],
			"rotationOrigin": [ 0.0, 2.0, 0.0 ],
			"faces": {
				"north": { "texture": "#brown-fur-coat", "uv": [ 0.0, 0.0, 0.0, 0.0 ], "enabled": false },
				"east": { "texture": "#brown-fur-coat", "uv": [ 0.0, 0.0, 0.0, 0.0 ], "enabled": false },
				"south": { "texture": "#brown-fur-coat", "uv": [ 0.0, 0.0, 0.0, 0.0 ], "enabled": false },
				"west": { "texture": "#brown-fur-coat", "uv": [ 0.0, 0.0, 0.0, 0.0 ], "enabled": false },
				"up": { "texture": "#brown-fur-coat", "uv": [ 0.0, 0.0, 0.0, 0.0 ], "enabled": false },
				"down": { "texture": "#brown-fur-coat", "uv": [ 0.0, 0.0, 0.0, 0.0 ], "enabled": false }
			},
			"children": [
				{
					"name": "cube41",
					"from": [ 6.3, -2.1, 6.8 ], 
					"to": [ 9.2, 6.1, 9.2 ], 
					"autoUnwrap": false,
					"uv": [ 2.75, 0.0 ],
					"rotationOrigin": [ 6.5, -2.1, 7.0 ],
					"faces": {
						"north": { "texture": "#brown-fur-coat", "uv": [ 47.0, 51.5, 49.5, 59.5 ] },
						"east": { "texture": "#brown-fur-coat", "uv": [ 49.5, 51.5, 51.5, 59.5 ] },
						"south": { "texture": "#brown-fur-coat", "uv": [ 42.5, 51.5, 45.0, 59.5 ] },
						"west": { "texture": "#brown-fur-coat", "uv": [ 45.0, 51.5, 47.0, 59.5 ] },
						"up": { "texture": "#brown-fur-coat", "uv": [ 45.0, 48.5, 47.0, 51.0 ], "rotation": 90 },
						"down": { "texture": "#brown-fur-coat", "uv": [ 45.0, 48.5, 47.0, 51.0 ], "rotation": 90, "enabled": false, "windMode": [-1,-1,-1,-1] }
					}
				}
			]
		},
		{
			"name": "brazoabajoright42",
			"stepParentName": "LowerArmR",
			"from": [ -6.5, 2.0, -7.0 ], 
			"to": [ -6.5, 2.0, -7.0 ], 
			"uv": [ 0.0, 0.0 ],
			"rotationOrigin": [ 0.0, 2.0, 0.0 ],
			"faces": {
				"north": { "texture": "#brown-fur-coat", "uv": [ 0.0, 0.0, 0.0, 0.0 ], "enabled": false },
				"east": { "texture": "#brown-fur-coat", "uv": [ 0.0, 0.0, 0.0, 0.0 ], "enabled": false },
				"south": { "texture": "#brown-fur-coat", "uv": [ 0.0, 0.0, 0.0, 0.0 ], "enabled": false },
				"west": { "texture": "#brown-fur-coat", "uv": [ 0.0, 0.0, 0.0, 0.0 ], "enabled": false },
				"up": { "texture": "#brown-fur-coat", "uv": [ 0.0, 0.0, 0.0, 0.0 ], "enabled": false },
				"down": { "texture": "#brown-fur-coat", "uv": [ 0.0, 0.0, 0.0, 0.0 ], "enabled": false }
			},
			"children": [
				{
					"name": "cube45",
					"from": [ 6.3, -2.1, 6.8 ], 
					"to": [ 9.2, 6.1, 9.2 ], 
					"autoUnwrap": false,
					"uv": [ 2.75, 0.0 ],
					"rotationOrigin": [ 6.5, -2.1, 7.0 ],
					"faces": {
						"north": { "texture": "#brown-fur-coat", "uv": [ 33.5, 51.5, 36.0, 59.5 ] },
						"east": { "texture": "#brown-fur-coat", "uv": [ 31.5, 51.5, 33.5, 59.5 ] },
						"south": { "texture": "#brown-fur-coat", "uv": [ 38.0, 51.5, 40.5, 59.5 ] },
						"west": { "texture": "#brown-fur-coat", "uv": [ 36.0, 51.5, 38.0, 59.5 ] },
						"up": { "texture": "#brown-fur-coat", "uv": [ 36.0, 48.5, 38.0, 51.0 ], "rotation": 90 },
						"down": { "texture": "#brown-fur-coat", "uv": [ 45.0, 48.5, 47.0, 51.0 ], "rotation": 90, "enabled": false }
					}
				}
			]
		},
		{
			"name": "piernaleft",
			"stepParentName": "UpperFootL",
			"from": [ -0.2, 0.0, -0.2 ], 
			"to": [ 4.4, 9.2, 3.3 ], 
			"autoUnwrap": false,
			"uv": [ 0.0, 0.0 ],
			"rotationOrigin": [ 0.0, 0.0, -0.2 ],
			"rotationY": 0.1,
			"faces": {
				"north": { "texture": "#brown-fur-coat", "uv": [ 4.0, 37.0, 8.0, 46.0 ], "autoUv": false, "windMode": [-1,-1,-1,-1] },
				"east": { "texture": "#brown-fur-coat", "uv": [ 27.0, 37.0, 30.0, 46.0 ], "autoUv": false },
				"south": { "texture": "#brown-fur-coat", "uv": [ 23.0, 37.0, 27.0, 46.0 ], "autoUv": false },
				"west": { "texture": "#brown-fur-coat", "uv": [ 20.0, 37.0, 23.0, 46.0 ], "autoUv": false },
				"up": { "texture": "#brown-fur-coat", "uv": [ 20.0, 33.0, 23.0, 37.0 ], "rotation": 90, "autoUv": false },
				"down": { "texture": "#brown-fur-coat", "uv": [ 4.0, 0.0, 8.0, 3.0 ], "enabled": false, "autoUv": false }
			}
		},
		{
			"name": "piernaright45",
			"stepParentName": "UpperFootR",
			"from": [ -0.2, 0.0, -0.2 ], 
			"to": [ 4.4, 9.2, 3.3 ], 
			"autoUnwrap": false,
			"uv": [ 0.0, 0.0 ],
			"rotationOrigin": [ 0.0, 0.0, -0.2 ],
			"rotationY": 0.1,
			"faces": {
				"north": { "texture": "#brown-fur-coat", "uv": [ 16.0, 37.0, 20.0, 46.0 ], "enabled": false, "autoUv": false },
				"east": { "texture": "#brown-fur-coat", "uv": [ 1.0, 37.0, 4.0, 46.0 ], "autoUv": false },
				"south": { "texture": "#brown-fur-coat", "uv": [ 4.0, 47.5, 8.0, 56.5 ], "enabled": false, "autoUv": false },
				"west": { "texture": "#brown-fur-coat", "uv": [ 8.0, 37.0, 11.0, 46.0 ], "autoUv": false },
				"up": { "texture": "#brown-fur-coat", "uv": [ 8.0, 33.0, 11.0, 37.0 ], "rotation": 90, "autoUv": false },
				"down": { "texture": "#brown-fur-coat", "uv": [ 4.0, 0.0, 8.0, 3.0 ], "enabled": false, "autoUv": false }
			}
		},
		{
			"name": "cuerpoabajo",
			"stepParentName": "LowerTorso",
			"from": [ -0.28, -5.0, -0.28 ], 
			"to": [ 5.28, 5.2, 6.48 ], 
			"autoUnwrap": false,
			"uv": [ 0.0, 0.0 ],
			"rotationOrigin": [ 31.7, -5.0, 22.9 ],
			"faces": {
				"north": { "texture": "#brown-fur-coat", "uv": [ 41.0, 10.0, 46.0, 20.0 ], "autoUv": false },
				"east": { "texture": "#brown-fur-coat", "uv": [ 57.0, 10.0, 63.0, 20.0 ], "autoUv": false },
				"south": { "texture": "#brown-fur-coat", "uv": [ 52.0, 10.0, 57.0, 20.0 ], "autoUv": false },
				"west": { "texture": "#brown-fur-coat", "uv": [ 46.0, 10.0, 52.0, 20.0 ], "autoUv": false },
				"up": { "texture": "#brown-fur-coat", "uv": [ 34.0, 7.5, 40.0, 12.5 ], "rotation": 90, "autoUv": false },
				"down": { "texture": "#brown-fur-coat", "uv": [ 34.0, 7.5, 40.0, 12.5 ], "rotation": 90, "enabled": false, "autoUv": false, "windMode": [-1,-1,-1,-1] }
			}
		}
	]}