{
	"editor": {
		"allAngles": false,
		"entityTextureMode": true
	},
	"textureWidth": 64,
	"textureHeight": 64,
	"textureSizes": {
		"medieval-hide-robe": [64,64]
	},
	"textures": {
		"medieval-hide-robe": "entity/humanoid/seraphclothes/shoulder/medieval-hide-robe"
	},
	"elements": [
		{
			"name": "UpperTorsoOrigin",
			"stepParentName": "UpperTorso",
			"from": [ -0.04, -0.04, -0.04 ],
			"to": [ 5.04, 5.04, 6.24 ],
			"unwrapMode": 4,
			"autoUnwrap": false,
			"uv": [ 10.0, 0.0 ],
			"rotationOrigin": [ 2.0, 2.0, 3.25 ],
			"faces": {
				"north": { "texture": "#medieval-hide-robe", "uv": [ 41.0, 5.0, 46.0, 10.0 ], "windMode": [-1,-1,-1,-1], "windData": [1,1,1,1] },
				"east": { "texture": "#medieval-hide-robe", "uv": [ 57.0, 5.0, 63.0, 10.0 ], "windMode": [-1,-1,-1,-1] },
				"south": { "texture": "#medieval-hide-robe", "uv": [ 52.0, 5.0, 57.0, 10.0 ] },
				"west": { "texture": "#medieval-hide-robe", "uv": [ 46.0, 5.0, 52.0, 10.0 ] },
				"up": { "texture": "#medieval-hide-robe", "uv": [ 46.0, 0.0, 52.0, 5.0 ], "rotation": 90 },
				"down": { "texture": "#medieval-hide-robe", "uv": [ 34.0, 5.0, 40.0, 10.0 ], "rotation": 90, "windMode": [-1,-1,-1,-1] }
			},
			"children": [
				{
					"name": "Blackout",
					"from": [ 0.1, 0.8, 0.6 ],
					"to": [ 4.9, 4.8, 5.6 ],
					"autoUnwrap": false,
					"uv": [ 23.0, 9.0 ],
					"rotationOrigin": [ 0.1, 0.8, 0.6 ],
					"faces": {
						"north": { "texture": "#medieval-hide-robe", "uv": [ 58.5, 1.0, 63.0, 5.0 ], "autoUv": false },
						"east": { "texture": "#medieval-hide-robe", "uv": [ 59.0, 0.0, 63.0, 5.0 ], "rotation": 90, "windMode": [-1,-1,-1,-1], "windData": [1,1,1,1] },
						"south": { "texture": "#medieval-hide-robe", "uv": [ 58.5, 1.0, 63.0, 5.0 ], "windMode": [-1,-1,-1,-1], "windData": [1,1,1,1] },
						"west": { "texture": "#medieval-hide-robe", "uv": [ 59.0, 0.0, 63.0, 5.0 ], "rotation": 90, "windMode": [-1,-1,-1,-1], "windData": [1,1,1,1] },
						"up": { "texture": "#medieval-hide-robe", "uv": [ 58.5, 0.0, 63.0, 5.0 ] },
						"down": { "texture": "#medieval-hide-robe", "uv": [ 58.5, 0.0, 63.0, 5.0 ] }
					}
				}
			]
		},
		{
			"name": "LowerTorsoOrigin",
			"stepParentName": "LowerTorso",
			"from": [ -0.04, -0.04, -0.04 ],
			"to": [ 5.04, 5.04, 6.04 ],
			"unwrapMode": 4,
			"autoUnwrap": false,
			"uv": [ 9.0, 10.0 ],
			"rotationOrigin": [ 3.0, 3.0, 3.0 ],
			"faces": {
				"north": { "texture": "#medieval-hide-robe", "uv": [ 41.0, 10.0, 46.0, 15.0 ] },
				"east": { "texture": "#medieval-hide-robe", "uv": [ 57.0, 10.0, 63.0, 15.0 ] },
				"south": { "texture": "#medieval-hide-robe", "uv": [ 52.0, 10.0, 57.0, 15.0 ] },
				"west": { "texture": "#medieval-hide-robe", "uv": [ 46.0, 10.0, 52.0, 15.0 ] },
				"up": { "texture": "#medieval-hide-robe", "uv": [ 34.0, 5.0, 40.0, 10.0 ], "rotation": 270, "windMode": [-1,-1,-1,-1], "windData": [1,1,1,1] },
				"down": { "texture": "#medieval-hide-robe", "uv": [ 34.0, 10.0, 40.0, 15.0 ], "rotation": 90, "windMode": [-1,-1,-1,-1] }
			},
			"children": [
				{
					"name": "ShirtFrontTile",
					"from": [ -0.02, -6.06, -0.02 ],
					"to": [ 1.05, 0.01, 6.08 ],
					"autoUnwrap": false,
					"uv": [ 4.5, 38.85 ],
					"rotationOrigin": [ 0.0, 0.0, 3.0 ],
					"rotationZ": -3.5,
					"faces": {
						"north": { "texture": "#medieval-hide-robe", "uv": [ 45.0, 15.0, 46.0, 21.0 ], "windMode": [-1,-1,-1,-1] },
						"south": { "texture": "#medieval-hide-robe", "uv": [ 52.0, 15.0, 53.0, 21.0 ], "windMode": [-1,-1,-1,-1] },
						"west": { "texture": "#medieval-hide-robe", "uv": [ 46.0, 15.0, 52.0, 21.0 ], "windMode": [-1,-1,-1,-1] }
					}
				},
				{
					"name": "ShirtBackTile",
					"from": [ 4.01, -6.06, -0.02 ],
					"to": [ 5.08, 0.01, 6.08 ],
					"unwrapMode": 2,
					"autoUnwrap": false,
					"uv": [ 24.0, 14.0 ],
					"rotationOrigin": [ 5.0, 0.0, 3.0 ],
					"rotationZ": -5.0,
					"faces": {
						"north": { "texture": "#medieval-hide-robe", "uv": [ 56.0, 15.0, 57.0, 21.0 ], "windMode": [-1,-1,-1,-1] },
						"east": { "texture": "#medieval-hide-robe", "uv": [ 57.0, 15.0, 63.0, 21.0 ], "windMode": [-1,-1,-1,-1] },
						"south": { "texture": "#medieval-hide-robe", "uv": [ 63.0, 15.0, 64.0, 21.0 ], "windMode": [-1,-1,-1,-1] }
					}
				}
			]
		},
		{
			"name": "UpperFootLOrigin",
			"stepParentName": "UpperFootL",
			"from": [ -0.04, -0.04, -0.04 ],
			"to": [ 4.24, 9.04, 3.24 ],
			"unwrapMode": 3,
			"autoUnwrap": false,
			"uv": [ 15.0, 19.62 ],
			"rotationOrigin": [ 2.0, 9.0, 3.2 ],
			"faces": {
				"east": { "texture": "#medieval-hide-robe", "uv": [ 27.0, 37.0, 30.0, 46.0 ], "windMode": [-1,-1,-1,-1] },
				"south": { "texture": "#medieval-hide-robe", "uv": [ 23.0, 37.0, 27.0, 46.0 ], "windMode": [-1,-1,-1,-1] },
				"west": { "texture": "#medieval-hide-robe", "uv": [ 20.0, 37.0, 23.0, 46.0 ] },
				"up": { "texture": "#medieval-hide-robe", "uv": [ 20.0, 33.0, 23.0, 37.0 ], "rotation": 90, "windMode": [-1,-1,-1,-1], "windData": [1,1,1,1] }
			}
		},
		{
			"name": "UpperFootROrigin",
			"stepParentName": "UpperFootR",
			"from": [ -0.04, -0.04, -0.04 ],
			"to": [ 4.24, 9.04, 3.24 ],
			"unwrapMode": 1,
			"autoUnwrap": false,
			"uv": [ 1.0, 19.62 ],
			"rotationOrigin": [ 2.0, 9.0, 0.0 ],
			"faces": {
				"north": { "texture": "#medieval-hide-robe", "uv": [ 4.0, 37.0, 8.0, 46.0 ], "windMode": [-1,-1,-1,-1], "windData": [0,1,1,0] },
				"east": { "texture": "#medieval-hide-robe", "uv": [ 1.0, 37.0, 4.0, 46.0 ], "windMode": [-1,-1,-1,-1] },
				"west": { "texture": "#medieval-hide-robe", "uv": [ 8.0, 37.0, 11.0, 46.0 ], "windMode": [-1,-1,-1,-1] },
				"up": { "texture": "#medieval-hide-robe", "uv": [ 8.0, 33.0, 11.0, 37.0 ], "rotation": 270, "windMode": [-1,-1,-1,-1], "windData": [1,1,1,1] }
			}
		},
		{
			"name": "UpperArmROrigin",
			"stepParentName": "UpperArmR",
			"from": [ -0.04, -0.04, -0.04 ],
			"to": [ 3.04, 7.04, 2.04 ],
			"unwrapMode": 1,
			"autoUnwrap": false,
			"uv": [ 8.0, 21.0 ],
			"rotationOrigin": [ 1.5, 7.0, 1.0 ],
			"faces": {
				"north": { "texture": "#medieval-hide-robe", "uv": [ 33.0, 41.5, 36.0, 48.5 ] },
				"east": { "texture": "#medieval-hide-robe", "uv": [ 31.0, 41.5, 33.0, 48.5 ] },
				"south": { "texture": "#medieval-hide-robe", "uv": [ 38.0, 41.5, 41.0, 48.5 ] },
				"west": { "texture": "#medieval-hide-robe", "uv": [ 36.0, 41.5, 38.0, 48.5 ] },
				"up": { "texture": "#medieval-hide-robe", "uv": [ 36.0, 38.5, 38.0, 41.5 ], "rotation": 90, "windMode": [-1,-1,-1,-1] },
				"down": { "texture": "#medieval-hide-robe", "uv": [ 36.0, 48.5, 38.0, 51.5 ], "rotation": 90, "windMode": [-1,-1,-1,-1] }
			}
		},
		{
			"name": "UpperArmLOrigin",
			"stepParentName": "UpperArmL",
			"from": [ -0.04, -0.04, -0.04 ],
			"to": [ 3.04, 7.04, 2.04 ],
			"unwrapMode": 3,
			"autoUnwrap": false,
			"uv": [ 0.0, 13.0 ],
			"rotationOrigin": [ 1.5, 6.9, 1.0 ],
			"faces": {
				"north": { "texture": "#medieval-hide-robe", "uv": [ 42.0, 41.5, 45.0, 48.5 ] },
				"east": { "texture": "#medieval-hide-robe", "uv": [ 50.0, 41.5, 52.0, 48.5 ], "windMode": [-1,-1,-1,-1] },
				"south": { "texture": "#medieval-hide-robe", "uv": [ 47.0, 41.5, 50.0, 48.5 ], "windMode": [-1,-1,-1,-1] },
				"west": { "texture": "#medieval-hide-robe", "uv": [ 45.0, 41.5, 47.0, 48.5 ] },
				"up": { "texture": "#medieval-hide-robe", "uv": [ 45.0, 38.5, 47.0, 41.5 ], "rotation": 90, "windMode": [-1,-1,-1,-1] },
				"down": { "texture": "#medieval-hide-robe", "uv": [ 45.0, 48.5, 47.0, 51.5 ], "rotation": 90, "windMode": [-1,-1,-1,-1] }
			}
		},
		{
			"name": "LowerArmROrigin",
			"stepParentName": "LowerArmR",
			"from": [ -0.04, -0.04, -0.04 ],
			"to": [ 2.54, 8.04, 2.04 ],
			"unwrapMode": 1,
			"autoUnwrap": false,
			"uv": [ 0.0, 0.0 ],
			"rotationOrigin": [ 1.3, 7.8, 1.0 ],
			"faces": {
				"north": { "texture": "#medieval-hide-robe", "uv": [ 33.5, 51.5, 36.0, 59.5 ] },
				"east": { "texture": "#medieval-hide-robe", "uv": [ 31.5, 51.5, 33.5, 59.5 ] },
				"south": { "texture": "#medieval-hide-robe", "uv": [ 38.0, 51.5, 40.5, 59.5 ] },
				"west": { "texture": "#medieval-hide-robe", "uv": [ 36.0, 51.5, 38.0, 59.5 ] },
				"up": { "texture": "#medieval-hide-robe", "uv": [ 36.0, 49.0, 38.0, 51.5 ], "rotation": 90, "windMode": [-1,-1,-1,-1] },
				"down": { "texture": "#medieval-hide-robe", "uv": [ 36.0, 59.5, 38.0, 62.0 ], "rotation": 90, "windMode": [-1,-1,-1,-1] }
			}
		},
		{
			"name": "LowerArmLOrigin",
			"stepParentName": "LowerArmL",
			"from": [ -0.04, -0.04, -0.04 ],
			"to": [ 2.54, 8.04, 2.04 ],
			"unwrapMode": 3,
			"autoUnwrap": false,
			"uv": [ 0.0, 8.0 ],
			"rotationOrigin": [ 1.3, 7.8, 1.0 ],
			"faces": {
				"north": { "texture": "#medieval-hide-robe", "uv": [ 42.5, 51.5, 45.0, 59.5 ] },
				"east": { "texture": "#medieval-hide-robe", "uv": [ 49.5, 51.5, 51.5, 59.5 ], "windMode": [-1,-1,-1,-1] },
				"south": { "texture": "#medieval-hide-robe", "uv": [ 47.0, 51.5, 49.5, 59.5 ] },
				"west": { "texture": "#medieval-hide-robe", "uv": [ 45.0, 51.5, 47.0, 59.5 ] },
				"up": { "texture": "#medieval-hide-robe", "uv": [ 45.0, 49.0, 47.0, 51.5 ], "rotation": 90, "windMode": [-1,-1,-1,-1] },
				"down": { "texture": "#medieval-hide-robe", "uv": [ 45.0, 59.5, 47.0, 62.0 ], "rotation": 90, "windMode": [-1,-1,-1,-1] }
			}
		},
		{
			"name": "LowerFootLOrigin",
			"stepParentName": "LowerFootL",
			"from": [ -0.04, 0.5, -0.02 ],
			"to": [ 4.04, 10.04, 3.04 ],
			"unwrapMode": 4,
			"autoUnwrap": false,
			"uv": [ 13.0, 27.0 ],
			"rotationOrigin": [ 2.0, 9.5, 1.5 ],
			"faces": {
				"east": { "texture": "#medieval-hide-robe", "uv": [ 27.0, 50.0, 30.0, 59.5 ] },
				"south": { "texture": "#medieval-hide-robe", "uv": [ 23.0, 50.0, 27.0, 59.5 ] },
				"west": { "texture": "#medieval-hide-robe", "uv": [ 20.0, 50.0, 23.0, 59.5 ] },
				"up": { "texture": "#medieval-hide-robe", "uv": [ 20.0, 46.0, 23.0, 50.0 ], "rotation": 90, "windMode": [-1,-1,-1,-1] }
			}
		},
		{
			"name": "LowerFootROrigin",
			"stepParentName": "LowerFootR",
			"from": [ -0.04, 0.5, -0.04 ],
			"to": [ 4.04, 10.04, 3.02 ],
			"unwrapMode": 4,
			"autoUnwrap": false,
			"uv": [ 1.0, 27.0 ],
			"rotationOrigin": [ 2.0, 9.5, 1.5 ],
			"faces": {
				"north": { "texture": "#medieval-hide-robe", "uv": [ 4.0, 50.0, 8.0, 59.5 ] },
				"east": { "texture": "#medieval-hide-robe", "uv": [ 1.0, 50.0, 4.0, 59.5 ] },
				"west": { "texture": "#medieval-hide-robe", "uv": [ 8.0, 50.0, 11.0, 59.5 ] },
				"up": { "texture": "#medieval-hide-robe", "uv": [ 8.0, 46.0, 11.0, 50.0 ], "rotation": 90, "windMode": [-1,-1,-1,-1] }
			}
		},
		{
			"name": "hidecollar",
			"stepParentName": "Neck",
			"from": [ -0.04, 0.48, -0.04 ],
			"to": [ 3.04, 2.52, 3.04 ],
			"unwrapMode": 4,
			"uv": [ 12.0, 2.0 ],
			"rotationOrigin": [ 0.0, 0.5, 0.0 ],
			"faces": {
				"north": { "texture": "#medieval-hide-robe", "uv": [ 12.0, 2.0, 15.0, 4.0 ] },
				"east": { "texture": "#medieval-hide-robe", "uv": [ 21.0, 2.0, 24.0, 4.0 ] },
				"south": { "texture": "#medieval-hide-robe", "uv": [ 18.0, 2.0, 21.0, 4.0 ] },
				"west": { "texture": "#medieval-hide-robe", "uv": [ 15.0, 2.0, 18.0, 4.0 ] }
			}
		},
		{
			"name": "ArmorHelmet",
			"stepParentName": "Head",
			"from": [ -0.2, -0.5, -0.6 ],
			"to": [ -0.2, -0.5, -0.6 ],
			"unwrapMode": 4,
			"uv": [ 26.5, 14.0 ],
			"rotationOrigin": [ -0.1, -0.5, -0.6 ],
			"faces": {
			},
			"children": [
				{
					"name": "group",
					"stepParentName": "Head",
					"from": [ 0.05, -0.6, -0.6 ],
					"to": [ 0.05, -0.6, -0.6 ],
					"autoUnwrap": false,
					"uv": [ 999.0, 999.0 ],
					"rotationOrigin": [ 0.0, -0.6, -0.6 ],
					"faces": {
					},
					"children": [
						{
							"name": "cube451",
							"from": [ -0.5, -1.4, 0.1 ],
							"to": [ 6.3, 6.1, 6.0 ],
							"autoUnwrap": false,
							"uv": [ 32.0, 20.0 ],
							"rotationOrigin": [ -0.3, -0.6, 0.3 ],
							"faces": {
								"north": { "texture": "#medieval-hide-robe", "uv": [ 32.0, 27.0, 39.0, 34.5 ], "autoUv": false },
								"east": { "texture": "#medieval-hide-robe", "uv": [ 52.0, 27.0, 58.0, 34.5 ], "autoUv": false },
								"south": { "texture": "#medieval-hide-robe", "uv": [ 45.0, 27.0, 52.0, 34.5 ], "autoUv": false },
								"west": { "texture": "#medieval-hide-robe", "uv": [ 39.0, 27.0, 45.0, 34.5 ], "autoUv": false },
								"up": { "texture": "#medieval-hide-robe", "uv": [ 39.0, 20.0, 45.0, 27.0 ], "rotation": 90, "autoUv": false, "windMode": [-1,-1,-1,-1] },
								"down": { "texture": "#medieval-hide-robe", "uv": [ 38.0, 26.0, 39.0, 27.0 ], "rotation": 270, "autoUv": false, "windMode": [-1,-1,-1,-1] }
							}
						},
						{
							"name": "cube452",
							"from": [ -0.2, -2.3, 0.2 ],
							"to": [ 6.0, 5.7, 5.9 ],
							"autoUnwrap": false,
							"uv": [ 32.0, 20.0 ],
							"rotationOrigin": [ 0.0, -1.5, 0.4 ],
							"faces": {
								"north": { "texture": "#medieval-hide-robe", "uv": [ 8.0, 19.0, 14.0, 27.0 ], "autoUv": false },
								"east": { "texture": "#medieval-hide-robe", "uv": [ 38.0, 26.0, 39.0, 27.0 ], "autoUv": false },
								"south": { "texture": "#medieval-hide-robe", "uv": [ 19.0, 19.0, 25.0, 27.0 ], "autoUv": false },
								"west": { "texture": "#medieval-hide-robe", "uv": [ 14.0, 19.0, 19.0, 27.0 ], "autoUv": false },
								"up": { "texture": "#medieval-hide-robe", "uv": [ 14.0, 13.0, 19.0, 19.0 ], "rotation": 90, "autoUv": false },
								"down": { "texture": "#medieval-hide-robe", "uv": [ 38.0, 26.0, 39.0, 27.0 ], "rotation": 270, "autoUv": false }
							}
						},
						{
							"name": "back",
							"from": [ -0.2, -2.3, 0.2 ],
							"to": [ 6.0, 5.7, 5.9 ],
							"autoUnwrap": false,
							"uv": [ 32.0, 20.0 ],
							"rotationOrigin": [ 0.0, -1.5, 0.4 ],
							"faces": {
								"north": { "texture": "#medieval-hide-robe", "uv": [ 38.0, 26.0, 39.0, 27.0 ], "autoUv": false },
								"east": { "texture": "#medieval-hide-robe", "uv": [ 25.0, 19.0, 30.0, 27.0 ], "autoUv": false },
								"south": { "texture": "#medieval-hide-robe", "uv": [ 38.0, 26.0, 39.0, 27.0 ], "autoUv": false },
								"west": { "texture": "#medieval-hide-robe", "uv": [ 38.0, 26.0, 39.0, 27.0 ], "autoUv": false },
								"up": { "texture": "#medieval-hide-robe", "uv": [ 38.0, 26.0, 39.0, 27.0 ], "rotation": 90, "autoUv": false },
								"down": { "texture": "#medieval-hide-robe", "uv": [ 38.0, 26.0, 39.0, 27.0 ], "rotation": 270, "autoUv": false }
							}
						}
					]
				}
			]
		}
	]}