{
	"editor": {
		"allAngles": true,
		"entityTextureMode": true
	},
	"textureWidth": 64,
	"textureHeight": 64,
	"textureSizes": {
		"neckcover": [64,64]
	},
	"textures": {
		"neckcover": "entity/humanoid/seraphclothes/shoulder/neckcover"
	},
	"elements": [
		{
			"name": "brazoleft",
			"stepParentName": "UpperArmL",
			"from": [ -6.5, 2.0, -7.0 ], 
			"to": [ -6.5, 2.0, -7.0 ], 
			"uv": [ 0.0, 0.0 ],
			"rotationOrigin": [ 0.0, 2.0, 0.0 ],
			"faces": {
				"north": { "texture": "#neckcover", "uv": [ 0.0, 0.0, 0.0, 0.0 ], "enabled": false },
				"east": { "texture": "#neckcover", "uv": [ 0.0, 0.0, 0.0, 0.0 ], "enabled": false },
				"south": { "texture": "#neckcover", "uv": [ 0.0, 0.0, 0.0, 0.0 ], "enabled": false },
				"west": { "texture": "#neckcover", "uv": [ 0.0, 0.0, 0.0, 0.0 ], "enabled": false },
				"up": { "texture": "#neckcover", "uv": [ 0.0, 0.0, 0.0, 0.0 ], "enabled": false },
				"down": { "texture": "#neckcover", "uv": [ 0.0, 0.0, 0.0, 0.0 ], "enabled": false }
			},
			"children": [
				{
					"name": "cube81",
					"from": [ 6.4, -2.1, 6.9 ], 
					"to": [ 9.6, 5.1, 9.2 ], 
					"autoUnwrap": false,
					"uv": [ 2.75, 0.0 ],
					"rotationOrigin": [ 6.6, -2.1, 7.1 ],
					"faces": {
						"north": { "texture": "#neckcover", "uv": [ 47.0, 41.5, 50.0, 48.5 ] },
						"east": { "texture": "#neckcover", "uv": [ 50.0, 41.5, 52.0, 48.5 ], "windMode": [-1,-1,-1,-1] },
						"south": { "texture": "#neckcover", "uv": [ 42.0, 41.5, 45.0, 48.5 ], "windMode": [-1,-1,-1,-1] },
						"west": { "texture": "#neckcover", "uv": [ 45.0, 41.5, 47.0, 48.5 ], "windMode": [-1,-1,-1,-1] },
						"up": { "texture": "#neckcover", "uv": [ 45.0, 38.5, 47.0, 41.5 ], "rotation": 90, "windMode": [-1,-1,-1,-1] },
						"down": { "texture": "#neckcover", "uv": [ 45.0, 48.5, 47.0, 51.5 ], "rotation": 90, "windMode": [-1,-1,-1,-1] }
					}
				},
				{
					"name": "cube43",
					"from": [ 6.3, -1.3, 6.8 ], 
					"to": [ 9.7, 5.2, 9.3 ], 
					"autoUnwrap": false,
					"uv": [ 2.75, 0.0 ],
					"rotationOrigin": [ 6.5, -1.3, 7.0 ],
					"faces": {
						"north": { "texture": "#neckcover", "uv": [ 42.0, 42.0, 45.0, 48.5 ], "autoUv": false, "windMode": [1,0,0,1] },
						"east": { "texture": "#neckcover", "uv": [ 50.0, 42.0, 52.0, 48.5 ], "autoUv": false, "windMode": [1,0,0,1] },
						"south": { "texture": "#neckcover", "uv": [ 47.0, 42.0, 50.0, 48.5 ], "autoUv": false, "windMode": [1,1,0,0] },
						"west": { "texture": "#neckcover", "uv": [ 45.0, 42.0, 47.0, 48.5 ], "autoUv": false, "windMode": [1,1,0,0] },
						"up": { "texture": "#neckcover", "uv": [ 42.0, 41.5, 44.5, 45.0 ], "rotation": 90, "autoUv": false, "windMode": [0,0,0,0] },
						"down": { "texture": "#neckcover", "uv": [ 52.0, 2.5, 55.5, 5.0 ], "autoUv": false, "windMode": [1,1,1,1] }
					}
				}
			]
		},
		{
			"name": "brazoright",
			"stepParentName": "UpperArmR",
			"from": [ -6.5, 2.0, -7.0 ], 
			"to": [ -6.5, 2.0, -7.0 ], 
			"uv": [ 0.0, 0.0 ],
			"rotationOrigin": [ 0.0, 2.0, 0.0 ],
			"faces": {
				"north": { "texture": "#neckcover", "uv": [ 0.0, 0.0, 0.0, 0.0 ], "enabled": false },
				"east": { "texture": "#neckcover", "uv": [ 0.0, 0.0, 0.0, 0.0 ], "enabled": false },
				"south": { "texture": "#neckcover", "uv": [ 0.0, 0.0, 0.0, 0.0 ], "enabled": false },
				"west": { "texture": "#neckcover", "uv": [ 0.0, 0.0, 0.0, 0.0 ], "enabled": false },
				"up": { "texture": "#neckcover", "uv": [ 0.0, 0.0, 0.0, 0.0 ], "enabled": false },
				"down": { "texture": "#neckcover", "uv": [ 0.0, 0.0, 0.0, 0.0 ], "enabled": false }
			},
			"children": [
				{
					"name": "cube8",
					"from": [ 6.4, -2.1, 6.8 ], 
					"to": [ 9.6, 5.1, 9.1 ], 
					"autoUnwrap": false,
					"uv": [ 2.75, 0.0 ],
					"rotationOrigin": [ 6.6, -2.1, 7.0 ],
					"faces": {
						"north": { "texture": "#neckcover", "uv": [ 33.0, 41.5, 36.0, 48.5 ] },
						"east": { "texture": "#neckcover", "uv": [ 31.0, 41.5, 33.0, 48.5 ], "windMode": [-1,-1,-1,-1] },
						"south": { "texture": "#neckcover", "uv": [ 38.0, 41.5, 41.0, 48.5 ], "windMode": [-1,-1,-1,-1] },
						"west": { "texture": "#neckcover", "uv": [ 36.0, 41.5, 38.0, 48.5 ], "windMode": [-1,-1,-1,-1] },
						"up": { "texture": "#neckcover", "uv": [ 36.0, 38.5, 38.0, 41.5 ], "rotation": 90, "windMode": [-1,-1,-1,-1] },
						"down": { "texture": "#neckcover", "uv": [ 36.0, 48.5, 38.0, 51.5 ], "rotation": 90, "autoUv": false, "windMode": [-1,-1,-1,-1] }
					}
				},
				{
					"name": "cube44",
					"from": [ 6.3, -1.3, 6.7 ], 
					"to": [ 9.7, 5.2, 9.2 ], 
					"autoUnwrap": false,
					"uv": [ 2.75, 0.0 ],
					"rotationOrigin": [ 6.5, -1.3, 6.9 ],
					"faces": {
						"north": { "texture": "#neckcover", "uv": [ 33.0, 42.0, 36.0, 48.5 ], "autoUv": false, "windMode": [1,0,0,1] },
						"east": { "texture": "#neckcover", "uv": [ 31.0, 42.0, 33.0, 48.5 ], "autoUv": false, "windMode": [1,0,0,1] },
						"south": { "texture": "#neckcover", "uv": [ 38.0, 42.0, 41.0, 48.5 ], "autoUv": false, "windMode": [1,1,0,0] },
						"west": { "texture": "#neckcover", "uv": [ 36.0, 42.0, 38.0, 48.5 ], "autoUv": false, "windMode": [1,1,0,0] },
						"up": { "texture": "#neckcover", "uv": [ 38.5, 41.5, 41.0, 45.0 ], "rotation": 90, "autoUv": false, "windMode": [0,0,0,0] },
						"down": { "texture": "#neckcover", "uv": [ 52.0, 0.0, 55.5, 2.5 ], "autoUv": false, "windMode": [1,1,1,1] }
					}
				}
			]
		}
	]}