{
	"editor": {
		"allAngles": false,
		"entityTextureMode": true
	},
	"textureWidth": 64,
	"textureHeight": 64,
	"textureSizes": {
		"shoulder": [64,64]
	},
	"textures": {
	},
	"elements": [
		{
			"name": "UpperTorsoOrigin",
			"stepParentName": "UpperTorso",
			"from": [ -0.04, -0.04, -0.04 ],
			"to": [ 5.04, 5.04, 6.24 ],
			"unwrapMode": 4,
			"autoUnwrap": false,
			"uv": [ 10.0, 0.0 ],
			"rotationOrigin": [ 2.0, 2.0, 3.25 ],
			"faces": {
				"north": { "texture": "#shoulder", "uv": [ 41.0, 5.0, 46.0, 10.0 ], "windMode": [-1,-1,-1,-1], "windData": [1,1,1,1] },
				"east": { "texture": "#shoulder", "uv": [ 57.0, 5.0, 63.0, 10.0 ], "windMode": [-1,-1,-1,-1] },
				"south": { "texture": "#shoulder", "uv": [ 52.0, 5.0, 57.0, 10.0 ] },
				"west": { "texture": "#shoulder", "uv": [ 46.0, 5.0, 52.0, 10.0 ] },
				"up": { "texture": "#shoulder", "uv": [ 46.0, 0.0, 52.0, 5.0 ], "rotation": 90 },
				"down": { "texture": "#shoulder", "uv": [ 34.0, 5.0, 40.0, 10.0 ], "rotation": 90, "windMode": [-1,-1,-1,-1] }
			},
			"children": [
				{
					"name": "Blackout",
					"from": [ 0.1, 0.8, 0.6 ],
					"to": [ 4.9, 4.8, 5.6 ],
					"autoUnwrap": false,
					"uv": [ 23.0, 9.0 ],
					"rotationOrigin": [ 0.1, 0.8, 0.6 ],
					"faces": {
						"north": { "texture": "#shoulder", "uv": [ 58.5, 1.0, 63.0, 5.0 ], "autoUv": false },
						"east": { "texture": "#shoulder", "uv": [ 59.0, 0.0, 63.0, 5.0 ], "rotation": 90, "windMode": [-1,-1,-1,-1], "windData": [1,1,1,1] },
						"south": { "texture": "#shoulder", "uv": [ 58.5, 1.0, 63.0, 5.0 ], "windMode": [-1,-1,-1,-1], "windData": [1,1,1,1] },
						"west": { "texture": "#shoulder", "uv": [ 59.0, 0.0, 63.0, 5.0 ], "rotation": 90, "windMode": [-1,-1,-1,-1], "windData": [1,1,1,1] },
						"up": { "texture": "#shoulder", "uv": [ 58.5, 0.0, 63.0, 5.0 ] },
						"down": { "texture": "#shoulder", "uv": [ 58.5, 0.0, 63.0, 5.0 ] }
					}
				},
				{
					"name": "TrompaW",
					"from": [ 0.0, 4.08, 0.5 ],
					"to": [ 4.98, 5.08, 5.78 ],
					"autoUnwrap": false,
					"uv": [ 0.0, 0.0 ],
					"rotationOrigin": [ 0.0, 5.08, 0.5 ],
					"rotationZ": 11.0,
					"faces": {
						"north": { "texture": "#shoulder", "uv": [ 46.5, 0.0, 47.5, 5.0 ], "rotation": 90, "autoUv": false, "windMode": [-1,-1,-1,-1] },
						"east": { "texture": "#shoulder", "uv": [ 46.5, 1.0, 51.5, 0.0 ], "autoUv": false, "windMode": [-1,-1,-1,-1] },
						"south": { "texture": "#shoulder", "uv": [ 50.5, 0.0, 51.5, 5.0 ], "rotation": 90, "autoUv": false, "windMode": [-1,-1,-1,-1] },
						"west": { "texture": "#null", "uv": [ 14.0, 5.0, 19.0, 6.0 ], "enabled": false },
						"up": { "texture": "#shoulder", "uv": [ 46.5, 0.0, 51.5, 5.0 ], "rotation": 90, "autoUv": false, "windMode": [-1,-1,-1,-1] },
						"down": { "texture": "#null", "uv": [ 4.5, 0.0, 9.0, 5.0 ], "enabled": false }
					}
				}
			]
		},
		{
			"name": "UpperArmROrigin",
			"stepParentName": "UpperArmR",
			"from": [ -0.04, -0.04, -0.04 ],
			"to": [ 3.04, 7.04, 2.04 ],
			"unwrapMode": 1,
			"autoUnwrap": false,
			"uv": [ 8.0, 21.0 ],
			"rotationOrigin": [ 1.5, 7.0, 1.0 ],
			"faces": {
				"north": { "texture": "#shoulder", "uv": [ 33.0, 41.5, 36.0, 48.5 ] },
				"east": { "texture": "#shoulder", "uv": [ 31.0, 41.5, 33.0, 48.5 ] },
				"south": { "texture": "#shoulder", "uv": [ 38.0, 41.5, 41.0, 48.5 ] },
				"west": { "texture": "#shoulder", "uv": [ 36.0, 41.5, 38.0, 48.5 ] },
				"up": { "texture": "#shoulder", "uv": [ 36.0, 38.5, 38.0, 41.5 ], "rotation": 90, "windMode": [-1,-1,-1,-1] },
				"down": { "texture": "#shoulder", "uv": [ 36.0, 48.5, 38.0, 51.5 ], "rotation": 90, "windMode": [-1,-1,-1,-1] }
			}
		},
		{
			"name": "UpperArmLOrigin",
			"stepParentName": "UpperArmL",
			"from": [ -0.04, -0.04, -0.04 ],
			"to": [ 3.04, 7.04, 2.04 ],
			"unwrapMode": 3,
			"autoUnwrap": false,
			"uv": [ 0.0, 13.0 ],
			"rotationOrigin": [ 1.5, 6.9, 1.0 ],
			"faces": {
				"north": { "texture": "#shoulder", "uv": [ 42.0, 41.5, 45.0, 48.5 ] },
				"east": { "texture": "#shoulder", "uv": [ 50.0, 41.5, 52.0, 48.5 ], "windMode": [-1,-1,-1,-1] },
				"south": { "texture": "#shoulder", "uv": [ 47.0, 41.5, 50.0, 48.5 ], "windMode": [-1,-1,-1,-1] },
				"west": { "texture": "#shoulder", "uv": [ 45.0, 41.5, 47.0, 48.5 ] },
				"up": { "texture": "#shoulder", "uv": [ 45.0, 38.5, 47.0, 41.5 ], "rotation": 90, "windMode": [-1,-1,-1,-1] },
				"down": { "texture": "#shoulder", "uv": [ 45.0, 48.5, 47.0, 51.5 ], "rotation": 90, "windMode": [-1,-1,-1,-1] }
			}
		},
		{
			"name": "shoulderuparmR",
			"stepParentName": "UpperArmR",
			"from": [ -0.34, 1.96, -0.34 ],
			"to": [ 3.34, 6.04, 2.34 ],
			"unwrapMode": 1,
			"autoUnwrap": false,
			"uv": [ 8.0, 21.0 ],
			"rotationOrigin": [ 1.2, 9.0, 0.7 ],
			"faces": {
				"north": { "texture": "#shoulder", "uv": [ 56.0, 41.5, 59.0, 45.5 ], "autoUv": false },
				"east": { "texture": "#shoulder", "uv": [ 54.0, 41.5, 56.0, 45.5 ], "autoUv": false },
				"south": { "texture": "#shoulder", "uv": [ 61.0, 41.5, 64.0, 45.5 ], "autoUv": false },
				"west": { "texture": "#shoulder", "uv": [ 59.0, 41.5, 61.0, 45.5 ], "autoUv": false },
				"up": { "texture": "#shoulder", "uv": [ 33.5, 38.0, 36.0, 41.5 ], "rotation": 90 },
				"down": { "texture": "#shoulder", "uv": [ 38.0, 38.0, 40.5, 41.5 ], "rotation": 90 }
			}
		},
		{
			"name": "shoulderuparmL",
			"stepParentName": "UpperArmL",
			"from": [ -0.34, 1.96, -0.34 ],
			"to": [ 3.34, 6.04, 2.34 ],
			"unwrapMode": 3,
			"autoUnwrap": false,
			"uv": [ 0.0, 13.0 ],
			"rotationOrigin": [ 1.2, 8.9, 0.7 ],
			"faces": {
				"north": { "texture": "#shoulder", "uv": [ 54.0, 46.0, 57.0, 50.0 ], "autoUv": false },
				"east": { "texture": "#shoulder", "uv": [ 62.0, 46.0, 64.0, 50.0 ], "autoUv": false },
				"south": { "texture": "#shoulder", "uv": [ 59.0, 46.0, 62.0, 50.0 ], "autoUv": false },
				"west": { "texture": "#shoulder", "uv": [ 57.0, 46.0, 59.0, 50.0 ], "autoUv": false },
				"up": { "texture": "#shoulder", "uv": [ 42.5, 38.0, 45.0, 41.5 ], "rotation": 90 },
				"down": { "texture": "#shoulder", "uv": [ 47.0, 38.0, 49.5, 41.5 ], "rotation": 90 }
			}
		},
		{
			"name": "ArmorHelmet",
			"stepParentName": "Head",
			"from": [ -0.2, -0.5, -0.6 ],
			"to": [ -0.2, -0.5, -0.6 ],
			"unwrapMode": 4,
			"uv": [ 26.5, 14.0 ],
			"rotationOrigin": [ -0.2, -0.5, -0.6 ],
			"faces": {
				"north": { "texture": "#null", "uv": [ 26.5, 14.5, 27.0, 15.0 ], "enabled": false },
				"east": { "texture": "#null", "uv": [ 28.0, 14.5, 28.5, 15.0 ], "enabled": false },
				"south": { "texture": "#null", "uv": [ 27.5, 14.5, 28.0, 15.0 ], "enabled": false },
				"west": { "texture": "#null", "uv": [ 27.0, 14.5, 27.5, 15.0 ], "enabled": false },
				"up": { "texture": "#null", "uv": [ 27.0, 14.0, 27.5, 14.5 ], "rotation": 90, "enabled": false },
				"down": { "texture": "#null", "uv": [ 27.0, 15.0, 27.5, 15.5 ], "rotation": 90, "enabled": false }
			},
			"children": [
				{
					"name": "HeadHead",
					"stepParentName": "Head",
					"from": [ 0.0, -0.6, -0.6 ],
					"to": [ 0.0, -0.6, -0.6 ],
					"autoUnwrap": false,
					"uv": [ 999.0, 999.0 ],
					"rotationOrigin": [ 0.0, -0.6, -0.6 ],
					"faces": {
						"north": { "texture": "#null", "uv": [ 0.0, 0.5, 0.5, 1.0 ], "enabled": false },
						"east": { "texture": "#null", "uv": [ 0.5, 0.5, 1.0, 1.0 ], "enabled": false },
						"south": { "texture": "#null", "uv": [ 1.0, 0.5, 1.5, 1.0 ], "enabled": false },
						"west": { "texture": "#null", "uv": [ 1.5, 0.5, 2.0, 1.0 ], "enabled": false },
						"up": { "texture": "#null", "uv": [ 0.0, 0.0, 0.5, 0.5 ], "enabled": false },
						"down": { "texture": "#null", "uv": [ 0.5, 0.0, 1.0, 0.5 ], "enabled": false }
					},
					"children": [
						{
							"name": "cube451",
							"from": [ -0.46, -1.41, 0.05 ],
							"to": [ 6.36, 6.11, 6.07 ],
							"autoUnwrap": false,
							"uv": [ 32.0, 20.0 ],
							"rotationOrigin": [ -0.3, -0.6, 0.3 ],
							"faces": {
								"north": { "texture": "#shoulder", "uv": [ 32.0, 27.0, 39.0, 34.5 ], "autoUv": false },
								"east": { "texture": "#shoulder", "uv": [ 52.0, 27.0, 58.0, 34.5 ], "autoUv": false },
								"south": { "texture": "#shoulder", "uv": [ 45.0, 27.0, 52.0, 34.5 ], "autoUv": false },
								"west": { "texture": "#shoulder", "uv": [ 39.0, 27.0, 45.0, 34.5 ], "autoUv": false, "windMode": [-1,-1,-1,-1] },
								"up": { "texture": "#shoulder", "uv": [ 39.0, 20.0, 45.0, 27.0 ], "rotation": 90, "autoUv": false, "windMode": [-1,-1,-1,-1] },
								"down": { "texture": "#null", "uv": [ 6.5, 0.0, 13.0, 6.0 ], "enabled": false }
							}
						},
						{
							"name": "cube452",
							"from": [ -0.21, -2.31, 0.15 ],
							"to": [ 6.01, 5.71, 5.97 ],
							"autoUnwrap": false,
							"uv": [ 32.0, 20.0 ],
							"rotationOrigin": [ 0.0, -1.5, 0.4 ],
							"faces": {
								"north": { "texture": "#shoulder", "uv": [ 8.0, 19.0, 14.0, 27.0 ], "autoUv": false },
								"east": { "texture": "#shoulder", "uv": [ 38.0, 26.0, 39.0, 27.0 ], "autoUv": false },
								"south": { "texture": "#shoulder", "uv": [ 19.0, 19.0, 25.0, 27.0 ], "autoUv": false },
								"west": { "texture": "#shoulder", "uv": [ 14.0, 19.0, 19.0, 27.0 ], "autoUv": false },
								"up": { "texture": "#shoulder", "uv": [ 14.0, 13.0, 19.0, 19.0 ], "rotation": 90, "autoUv": false },
								"down": { "texture": "#null", "uv": [ 6.0, 0.0, 12.0, 5.5 ], "enabled": false }
							}
						},
						{
							"name": "Casco1",
							"from": [ 3.54, 1.59, 1.09 ],
							"to": [ 6.36, 6.11, 5.01 ],
							"autoUnwrap": false,
							"uv": [ 32.0, 20.0 ],
							"rotationOrigin": [ 6.4, 6.1, 1.3 ],
							"rotationZ": 27.0,
							"faces": {
								"north": { "texture": "#shoulder", "uv": [ 36.0, 27.0, 39.0, 31.5 ], "autoUv": false },
								"east": { "texture": "#shoulder", "uv": [ 53.0, 27.0, 57.0, 31.5 ], "autoUv": false },
								"south": { "texture": "#shoulder", "uv": [ 45.0, 27.0, 48.0, 31.5 ], "autoUv": false },
								"west": { "texture": "#shoulder", "uv": [ 39.0, 27.0, 45.0, 34.5 ], "autoUv": false },
								"up": { "texture": "#shoulder", "uv": [ 39.0, 20.0, 45.0, 27.0 ], "rotation": 90, "autoUv": false },
								"down": { "texture": "#shoulder", "uv": [ 57.0, 31.5, 53.0, 33.5 ], "rotation": 270, "autoUv": false }
							}
						},
						{
							"name": "Casco2",
							"from": [ 4.54, -0.91, 2.09 ],
							"to": [ 7.36, 3.61, 4.01 ],
							"autoUnwrap": false,
							"uv": [ 32.0, 20.0 ],
							"rotationOrigin": [ 7.4, 3.6, 2.3 ],
							"rotationZ": 9.0,
							"faces": {
								"north": { "texture": "#shoulder", "uv": [ 36.0, 27.0, 39.0, 31.5 ], "autoUv": false },
								"east": { "texture": "#shoulder", "uv": [ 54.0, 27.0, 56.0, 31.5 ], "autoUv": false },
								"south": { "texture": "#shoulder", "uv": [ 45.0, 27.0, 48.0, 31.5 ], "autoUv": false },
								"west": { "texture": "#shoulder", "uv": [ 39.0, 27.0, 45.0, 34.5 ], "autoUv": false },
								"up": { "texture": "#shoulder", "uv": [ 39.0, 20.0, 45.0, 27.0 ], "rotation": 90, "autoUv": false },
								"down": { "texture": "#shoulder", "uv": [ 56.0, 31.5, 54.0, 33.5 ], "rotation": 270, "autoUv": false, "windMode": [-1,-1,-1,-1] }
							}
						},
						{
							"name": "back",
							"from": [ -0.21, -2.31, 0.19 ],
							"to": [ 6.0, 5.71, 6.01 ],
							"autoUnwrap": false,
							"uv": [ 32.0, 20.0 ],
							"rotationOrigin": [ 0.0, -1.5, 0.4 ],
							"faces": {
								"north": { "texture": "#shoulder", "uv": [ 38.0, 26.0, 39.0, 27.0 ], "autoUv": false },
								"east": { "texture": "#shoulder", "uv": [ 25.0, 19.0, 30.0, 27.0 ], "autoUv": false },
								"south": { "texture": "#shoulder", "uv": [ 38.0, 26.0, 39.0, 27.0 ], "autoUv": false },
								"west": { "texture": "#shoulder", "uv": [ 38.0, 26.0, 39.0, 27.0 ], "autoUv": false },
								"up": { "texture": "#shoulder", "uv": [ 38.0, 26.0, 39.0, 27.0 ], "rotation": 90, "autoUv": false },
								"down": { "texture": "#null", "uv": [ 6.0, 0.0, 12.0, 5.5 ], "enabled": false }
							}
						},
						{
							"name": "Caratula1",
							"from": [ -1.96, 1.09, 0.04 ],
							"to": [ -0.46, 6.11, 6.08 ],
							"autoUnwrap": false,
							"uv": [ 32.0, 20.0 ],
							"rotationOrigin": [ -0.46, 6.1, 0.3 ],
							"rotationZ": 17.4,
							"faces": {
								"north": { "texture": "#shoulder", "uv": [ 37.5, 27.0, 39.0, 32.0 ], "autoUv": false, "windMode": [-1,-1,-1,-1] },
								"east": { "texture": "#null", "uv": [ 1.5, 6.0, 7.5, 11.0 ], "enabled": false },
								"south": { "texture": "#shoulder", "uv": [ 45.0, 27.0, 46.5, 32.0 ], "autoUv": false, "windMode": [-1,-1,-1,-1] },
								"west": { "texture": "#shoulder", "uv": [ 39.0, 27.0, 45.0, 32.0 ], "autoUv": false, "windMode": [-1,-1,-1,-1] },
								"up": { "texture": "#shoulder", "uv": [ 39.0, 25.0, 45.0, 26.5 ], "rotation": 90, "autoUv": false },
								"down": { "texture": "#null", "uv": [ 1.5, 0.0, 3.0, 6.0 ], "enabled": false }
							}
						}
					]
				}
			]
		}
	]}