{
  "editor": {
    "allAngles": false,
    "entityTextureMode": true
  },
  "textureWidth": 64,
  "textureHeight": 64,
  "textureSizes": {
    "piel": [
      64,
      64
    ]
  },
  "textures": {
    "piel": "entity/humanoid/seraphclothes/shoulder/piel"
  },
  "elements": [
    {
      "name": "UpperTorsoOrigin",
      "stepParentName": "UpperTorso",
      "from": [
        -0.04,
        -0.04,
        -0.04
      ],
      "to": [
        5.04,
        5.04,
        6.24
      ],
      "unwrapMode": 4,
      "autoUnwrap": false,
      "uv": [
        10.0,
        0.0
      ],
      "rotationOrigin": [
        2.0,
        2.0,
        3.25
      ],
      "faces": {
        "north": {
          "texture": "#piel",
          "uv": [
            41.0,
            5.0,
            46.0,
            10.0
          ],
          "windMode": [
            -1,
            -1,
            -1,
            -1
          ],
          "windData": [
            1,
            1,
            1,
            1
          ]
        },
        "east": {
          "texture": "#piel",
          "uv": [
            57.0,
            5.0,
            63.0,
            10.0
          ],
          "windMode": [
            -1,
            -1,
            -1,
            -1
          ]
        },
        "south": {
          "texture": "#piel",
          "uv": [
            52.0,
            5.0,
            57.0,
            10.0
          ]
        },
        "west": {
          "texture": "#piel",
          "uv": [
            46.0,
            5.0,
            52.0,
            10.0
          ]
        },
        "up": {
          "texture": "#piel",
          "uv": [
            46.0,
            0.0,
            52.0,
            5.0
          ],
          "rotation": 90
        },
        "down": {
          "texture": "#piel",
          "uv": [
            34.0,
            5.0,
            40.0,
            10.0
          ],
          "rotation": 90,
          "windMode": [
            -1,
            -1,
            -1,
            -1
          ]
        }
      },
      "children": [
        {
          "name": "Blackout",
          "from": [
            0.1,
            0.8,
            0.6
          ],
          "to": [
            4.9,
            4.8,
            5.6
          ],
          "autoUnwrap": false,
          "uv": [
            23.0,
            9.0
          ],
          "rotationOrigin": [
            0.1,
            0.8,
            0.6
          ],
          "faces": {
            "north": {
              "texture": "#piel",
              "uv": [
                58.5,
                1.0,
                63.0,
                5.0
              ],
              "autoUv": false
            },
            "east": {
              "texture": "#piel",
              "uv": [
                59.0,
                0.0,
                63.0,
                5.0
              ],
              "rotation": 90,
              "windMode": [
                -1,
                -1,
                -1,
                -1
              ],
              "windData": [
                1,
                1,
                1,
                1
              ]
            },
            "south": {
              "texture": "#piel",
              "uv": [
                58.5,
                1.0,
                63.0,
                5.0
              ],
              "windMode": [
                -1,
                -1,
                -1,
                -1
              ],
              "windData": [
                1,
                1,
                1,
                1
              ]
            },
            "west": {
              "texture": "#piel",
              "uv": [
                59.0,
                0.0,
                63.0,
                5.0
              ],
              "rotation": 90,
              "windMode": [
                -1,
                -1,
                -1,
                -1
              ],
              "windData": [
                1,
                1,
                1,
                1
              ]
            },
            "up": {
              "texture": "#piel",
              "uv": [
                58.5,
                0.0,
                63.0,
                5.0
              ]
            },
            "down": {
              "texture": "#piel",
              "uv": [
                58.5,
                0.0,
                63.0,
                5.0
              ]
            }
          }
        },
        {
          "name": "TrompaW",
          "from": [
            0.0,
            4.08,
            0.5
          ],
          "to": [
            4.98,
            5.08,
            5.78
          ],
          "autoUnwrap": false,
          "uv": [
            0.0,
            0.0
          ],
          "rotationOrigin": [
            0.0,
            5.08,
            0.5
          ],
          "rotationZ": 11.0,
          "faces": {
            "north": {
              "texture": "#piel",
              "uv": [
                46.5,
                0.0,
                47.5,
                5.0
              ],
              "rotation": 90,
              "autoUv": false,
              "windMode": [
                -1,
                -1,
                -1,
                -1
              ]
            },
            "east": {
              "texture": "#piel",
              "uv": [
                46.5,
                0.0,
                51.5,
                1.0
              ],
              "windMode": [
                -1,
                -1,
                -1,
                -1
              ]
            },
            "south": {
              "texture": "#piel",
              "uv": [
                50.5,
                0.0,
                51.5,
                5.0
              ],
              "rotation": 90,
              "autoUv": false,
              "windMode": [
                -1,
                -1,
                -1,
                -1
              ]
            },
            "up": {
              "texture": "#piel",
              "uv": [
                46.5,
                0.0,
                51.5,
                5.0
              ],
              "rotation": 90,
              "autoUv": false,
              "windMode": [
                -1,
                -1,
                -1,
                -1
              ]
            }
          }
        }
      ]
    },
    {
      "name": "UpperArmROrigin",
      "stepParentName": "UpperArmR",
      "from": [
        -0.04,
        -0.04,
        -0.04
      ],
      "to": [
        3.04,
        7.04,
        2.04
      ],
      "unwrapMode": 1,
      "autoUnwrap": false,
      "uv": [
        8.0,
        21.0
      ],
      "rotationOrigin": [
        1.5,
        7.0,
        1.0
      ],
      "faces": {
        "north": {
          "texture": "#piel",
          "uv": [
            33.0,
            41.5,
            36.0,
            48.5
          ]
        },
        "east": {
          "texture": "#piel",
          "uv": [
            31.0,
            41.5,
            33.0,
            48.5
          ]
        },
        "south": {
          "texture": "#piel",
          "uv": [
            38.0,
            41.5,
            41.0,
            48.5
          ]
        },
        "west": {
          "texture": "#piel",
          "uv": [
            36.0,
            41.5,
            38.0,
            48.5
          ]
        },
        "up": {
          "texture": "#piel",
          "uv": [
            36.0,
            38.5,
            38.0,
            41.5
          ],
          "rotation": 90,
          "windMode": [
            -1,
            -1,
            -1,
            -1
          ]
        },
        "down": {
          "texture": "#piel",
          "uv": [
            36.0,
            48.5,
            38.0,
            51.5
          ],
          "rotation": 90,
          "windMode": [
            -1,
            -1,
            -1,
            -1
          ]
        }
      }
    },
    {
      "name": "UpperArmLOrigin",
      "stepParentName": "UpperArmL",
      "from": [
        -0.04,
        -0.04,
        -0.04
      ],
      "to": [
        3.04,
        7.04,
        2.04
      ],
      "unwrapMode": 3,
      "autoUnwrap": false,
      "uv": [
        0.0,
        13.0
      ],
      "rotationOrigin": [
        1.5,
        6.9,
        1.0
      ],
      "faces": {
        "north": {
          "texture": "#piel",
          "uv": [
            42.0,
            41.5,
            45.0,
            48.5
          ]
        },
        "east": {
          "texture": "#piel",
          "uv": [
            50.0,
            41.5,
            52.0,
            48.5
          ],
          "windMode": [
            -1,
            -1,
            -1,
            -1
          ]
        },
        "south": {
          "texture": "#piel",
          "uv": [
            47.0,
            41.5,
            50.0,
            48.5
          ],
          "windMode": [
            -1,
            -1,
            -1,
            -1
          ]
        },
        "west": {
          "texture": "#piel",
          "uv": [
            45.0,
            41.5,
            47.0,
            48.5
          ]
        },
        "up": {
          "texture": "#piel",
          "uv": [
            45.0,
            38.5,
            47.0,
            41.5
          ],
          "rotation": 90,
          "windMode": [
            -1,
            -1,
            -1,
            -1
          ]
        },
        "down": {
          "texture": "#piel",
          "uv": [
            45.0,
            48.5,
            47.0,
            51.5
          ],
          "rotation": 90,
          "windMode": [
            -1,
            -1,
            -1,
            -1
          ]
        }
      }
    },
    {
      "name": "shoulderuparmR",
      "stepParentName": "UpperArmR",
      "from": [
        -0.34,
        1.96,
        -0.34
      ],
      "to": [
        3.34,
        6.04,
        2.34
      ],
      "unwrapMode": 1,
      "autoUnwrap": false,
      "uv": [
        8.0,
        21.0
      ],
      "rotationOrigin": [
        1.2,
        9.0,
        0.7
      ],
      "faces": {
        "north": {
          "texture": "#piel",
          "uv": [
            56.0,
            41.5,
            59.0,
            45.5
          ],
          "autoUv": false
        },
        "east": {
          "texture": "#piel",
          "uv": [
            54.0,
            41.5,
            56.0,
            45.5
          ],
          "autoUv": false
        },
        "south": {
          "texture": "#piel",
          "uv": [
            61.0,
            41.5,
            64.0,
            45.5
          ],
          "autoUv": false
        },
        "west": {
          "texture": "#piel",
          "uv": [
            59.0,
            41.5,
            61.0,
            45.5
          ],
          "autoUv": false
        },
        "up": {
          "texture": "#piel",
          "uv": [
            33.5,
            38.0,
            36.0,
            41.5
          ],
          "rotation": 90
        },
        "down": {
          "texture": "#piel",
          "uv": [
            38.0,
            38.0,
            40.5,
            41.5
          ],
          "rotation": 90
        }
      }
    },
    {
      "name": "shoulderuparmL",
      "stepParentName": "UpperArmL",
      "from": [
        -0.34,
        1.96,
        -0.34
      ],
      "to": [
        3.34,
        6.04,
        2.34
      ],
      "unwrapMode": 3,
      "autoUnwrap": false,
      "uv": [
        0.0,
        13.0
      ],
      "rotationOrigin": [
        1.2,
        8.9,
        0.7
      ],
      "faces": {
        "north": {
          "texture": "#piel",
          "uv": [
            54.0,
            46.0,
            57.0,
            50.0
          ],
          "autoUv": false
        },
        "east": {
          "texture": "#piel",
          "uv": [
            62.0,
            46.0,
            64.0,
            50.0
          ],
          "autoUv": false
        },
        "south": {
          "texture": "#piel",
          "uv": [
            59.0,
            46.0,
            62.0,
            50.0
          ],
          "autoUv": false
        },
        "west": {
          "texture": "#piel",
          "uv": [
            57.0,
            46.0,
            59.0,
            50.0
          ],
          "autoUv": false
        },
        "up": {
          "texture": "#piel",
          "uv": [
            42.5,
            38.0,
            45.0,
            41.5
          ],
          "rotation": 90
        },
        "down": {
          "texture": "#piel",
          "uv": [
            47.0,
            38.0,
            49.5,
            41.5
          ],
          "rotation": 90
        }
      }
    },
    {
      "name": "ArmorHelmet",
      "stepParentName": "Head",
      "from": [
        -0.2,
        -0.5,
        -0.6
      ],
      "to": [
        -0.2,
        -0.5,
        -0.6
      ],
      "unwrapMode": 4,
      "uv": [
        26.5,
        14.0
      ],
      "rotationOrigin": [
        -0.2,
        -0.5,
        -0.6
      ],
      "faces": {},
      "children": [
        {
          "name": "HeadHead",
          "stepParentName": "Head",
          "from": [
            0.0,
            -0.6,
            -0.6
          ],
          "to": [
            0.0,
            -0.6,
            -0.6
          ],
          "autoUnwrap": false,
          "uv": [
            999.0,
            999.0
          ],
          "rotationOrigin": [
            0.0,
            -0.6,
            -0.6
          ],
          "faces": {},
          "children": [
            {
              "name": "cube451",
              "from": [
                -0.46,
                -1.41,
                0.05
              ],
              "to": [
                6.36,
                6.11,
                6.07
              ],
              "autoUnwrap": false,
              "uv": [
                32.0,
                20.0
              ],
              "rotationOrigin": [
                -0.3,
                -0.6,
                0.3
              ],
              "faces": {
                "north": {
                  "texture": "#piel",
                  "uv": [
                    32.0,
                    27.0,
                    39.0,
                    34.5
                  ],
                  "autoUv": false
                },
                "east": {
                  "texture": "#piel",
                  "uv": [
                    52.0,
                    27.0,
                    58.0,
                    34.5
                  ],
                  "autoUv": false
                },
                "south": {
                  "texture": "#piel",
                  "uv": [
                    45.0,
                    27.0,
                    52.0,
                    34.5
                  ],
                  "autoUv": false
                },
                "west": {
                  "texture": "#piel",
                  "uv": [
                    39.0,
                    27.0,
                    45.0,
                    34.5
                  ],
                  "autoUv": false,
                  "windMode": [
                    -1,
                    -1,
                    -1,
                    -1
                  ]
                },
                "up": {
                  "texture": "#piel",
                  "uv": [
                    39.0,
                    20.0,
                    45.0,
                    27.0
                  ],
                  "rotation": 90,
                  "autoUv": false,
                  "windMode": [
                    -1,
                    -1,
                    -1,
                    -1
                  ]
                }
              }
            },
            {
              "name": "cube452",
              "from": [
                -0.21,
                -2.31,
                0.15
              ],
              "to": [
                6.01,
                5.71,
                5.97
              ],
              "autoUnwrap": false,
              "uv": [
                32.0,
                20.0
              ],
              "rotationOrigin": [
                0.0,
                -1.5,
                0.4
              ],
              "faces": {
                "north": {
                  "texture": "#piel",
                  "uv": [
                    8.0,
                    19.0,
                    14.0,
                    27.0
                  ],
                  "autoUv": false
                },
                "south": {
                  "texture": "#piel",
                  "uv": [
                    19.0,
                    19.0,
                    25.0,
                    27.0
                  ],
                  "autoUv": false
                },
                "west": {
                  "texture": "#piel",
                  "uv": [
                    14.0,
                    19.0,
                    19.0,
                    27.0
                  ],
                  "autoUv": false,
                  "windMode": [
                    -1,
                    -1,
                    -1,
                    -1
                  ]
                },
                "up": {
                  "texture": "#piel",
                  "uv": [
                    14.0,
                    13.0,
                    19.0,
                    19.0
                  ],
                  "rotation": 90,
                  "autoUv": false,
                  "windMode": [
                    -1,
                    -1,
                    -1,
                    -1
                  ]
                }
              }
            },
            {
              "name": "Casco1",
              "from": [
                3.54,
                1.59,
                1.09
              ],
              "to": [
                6.36,
                6.11,
                5.01
              ],
              "autoUnwrap": false,
              "uv": [
                32.0,
                20.0
              ],
              "rotationOrigin": [
                6.4,
                6.1,
                1.3
              ],
              "rotationZ": 27.0,
              "faces": {
                "north": {
                  "texture": "#piel",
                  "uv": [
                    36.0,
                    27.0,
                    39.0,
                    31.5
                  ],
                  "autoUv": false
                },
                "east": {
                  "texture": "#piel",
                  "uv": [
                    53.0,
                    27.0,
                    57.0,
                    31.5
                  ],
                  "autoUv": false
                },
                "south": {
                  "texture": "#piel",
                  "uv": [
                    45.0,
                    27.0,
                    48.0,
                    31.5
                  ],
                  "autoUv": false
                },
                "west": {
                  "texture": "#piel",
                  "uv": [
                    39.0,
                    27.0,
                    45.0,
                    34.5
                  ],
                  "autoUv": false
                },
                "up": {
                  "texture": "#piel",
                  "uv": [
                    39.0,
                    20.0,
                    45.0,
                    27.0
                  ],
                  "rotation": 90,
                  "autoUv": false
                },
                "down": {
                  "texture": "#piel",
                  "uv": [
                    57.0,
                    31.5,
                    53.0,
                    33.5
                  ],
                  "rotation": 270,
                  "autoUv": false
                }
              }
            },
            {
              "name": "Casco2",
              "from": [
                4.54,
                -0.91,
                2.09
              ],
              "to": [
                7.36,
                3.61,
                4.01
              ],
              "autoUnwrap": false,
              "uv": [
                32.0,
                20.0
              ],
              "rotationOrigin": [
                7.4,
                3.6,
                2.3
              ],
              "rotationZ": 9.0,
              "faces": {
                "north": {
                  "texture": "#piel",
                  "uv": [
                    36.0,
                    27.0,
                    39.0,
                    31.5
                  ],
                  "autoUv": false
                },
                "east": {
                  "texture": "#piel",
                  "uv": [
                    54.0,
                    27.0,
                    56.0,
                    31.5
                  ],
                  "autoUv": false
                },
                "south": {
                  "texture": "#piel",
                  "uv": [
                    45.0,
                    27.0,
                    48.0,
                    31.5
                  ],
                  "autoUv": false
                },
                "west": {
                  "texture": "#piel",
                  "uv": [
                    39.0,
                    27.0,
                    45.0,
                    34.5
                  ],
                  "autoUv": false
                },
                "up": {
                  "texture": "#piel",
                  "uv": [
                    39.0,
                    20.0,
                    45.0,
                    27.0
                  ],
                  "rotation": 90,
                  "autoUv": false
                },
                "down": {
                  "texture": "#piel",
                  "uv": [
                    56.0,
                    31.5,
                    54.0,
                    33.5
                  ],
                  "rotation": 270,
                  "autoUv": false,
                  "windMode": [
                    -1,
                    -1,
                    -1,
                    -1
                  ]
                }
              }
            },
            {
              "name": "back",
              "from": [
                -0.21,
                -2.31,
                0.19
              ],
              "to": [
                6.01,
                5.71,
                6.01
              ],
              "autoUnwrap": false,
              "uv": [
                32.0,
                20.0
              ],
              "rotationOrigin": [
                0.0,
                -1.5,
                0.4
              ],
              "faces": {
                "east": {
                  "texture": "#piel",
                  "uv": [
                    25.0,
                    19.0,
                    30.0,
                    27.0
                  ],
                  "autoUv": false,
                  "windMode": [
                    -1,
                    -1,
                    -1,
                    -1
                  ]
                }
              }
            },
            {
              "name": "cube453",
              "from": [
                -1.96,
                1.09,
                0.04
              ],
              "to": [
                -0.46,
                6.11,
                6.08
              ],
              "autoUnwrap": false,
              "uv": [
                32.0,
                20.0
              ],
              "rotationOrigin": [
                -0.46,
                6.1,
                0.3
              ],
              "rotationZ": 17.4,
              "faces": {
                "north": {
                  "texture": "#piel",
                  "uv": [
                    37.5,
                    27.0,
                    39.0,
                    32.0
                  ],
                  "autoUv": false,
                  "windMode": [
                    -1,
                    -1,
                    -1,
                    -1
                  ]
                },
                "south": {
                  "texture": "#piel",
                  "uv": [
                    45.0,
                    27.0,
                    46.5,
                    32.0
                  ],
                  "autoUv": false,
                  "windMode": [
                    -1,
                    -1,
                    -1,
                    -1
                  ]
                },
                "west": {
                  "texture": "#piel",
                  "uv": [
                    39.0,
                    27.0,
                    45.0,
                    32.0
                  ],
                  "autoUv": false,
                  "windMode": [
                    -1,
                    -1,
                    -1,
                    -1
                  ]
                },
                "up": {
                  "texture": "#piel",
                  "uv": [
                    39.0,
                    25.0,
                    45.0,
                    26.5
                  ],
                  "rotation": 90,
                  "autoUv": false
                }
              }
            }
          ]
        }
      ]
    },
    {
      "name": "abrigo",
      "from": [
        0.0,
        0.0,
        0.0
      ],
      "to": [
        1.0,
        1.0,
        1.0
      ],
      "uv": [
        0.0,
        0.0
      ],
      "faces": {},
      "children": [
        {
          "name": "FUR",
          "from": [
            0.0,
            0.0,
            0.0
          ],
          "to": [
            1.0,
            1.0,
            1.0
          ],
          "uv": [
            0.0,
            0.0
          ],
          "faces": {},
          "children": [
            {
              "name": "brazoleftfur",
              "stepParentName": "UpperArmL",
              "from": [
                -6.5,
                2.0,
                -7.0
              ],
              "to": [
                -6.5,
                2.0,
                -7.0
              ],
              "uv": [
                0.0,
                0.0
              ],
              "rotationOrigin": [
                0.0,
                2.0,
                0.0
              ],
              "faces": {},
              "children": [
                {
                  "name": "brazotorsoR",
                  "from": [
                    5.9,
                    2.3,
                    8.2
                  ],
                  "to": [
                    10.1,
                    5.5,
                    12.6
                  ],
                  "autoUnwrap": false,
                  "uv": [
                    0.0,
                    0.0
                  ],
                  "rotationOrigin": [
                    7.0,
                    5.5,
                    8.2
                  ],
                  "rotationX": 25.0,
                  "faces": {
                    "north": {
                      "texture": "#piel",
                      "uv": [
                        20.0,
                        27.5,
                        24.0,
                        30.5
                      ]
                    },
                    "east": {
                      "texture": "#piel",
                      "uv": [
                        20.0,
                        27.5,
                        23.0,
                        31.5
                      ],
                      "rotation": 90,
                      "windMode": [
                        -1,
                        -1,
                        1,
                        1
                      ]
                    },
                    "west": {
                      "texture": "#piel",
                      "uv": [
                        27.0,
                        27.5,
                        30.0,
                        31.5
                      ],
                      "rotation": 270,
                      "windMode": [
                        -1,
                        1,
                        1,
                        -1
                      ]
                    },
                    "up": {
                      "texture": "#piel",
                      "uv": [
                        23.0,
                        27.5,
                        27.0,
                        31.5
                      ],
                      "windMode": [
                        -1,
                        1,
                        1,
                        -1
                      ]
                    }
                  }
                },
                {
                  "name": "brazotorsoR2",
                  "from": [
                    6.2,
                    1.7,
                    8.5
                  ],
                  "to": [
                    9.8,
                    4.9,
                    12.9
                  ],
                  "autoUnwrap": false,
                  "uv": [
                    0.0,
                    0.0
                  ],
                  "rotationOrigin": [
                    7.3,
                    4.9,
                    8.5
                  ],
                  "rotationX": 43.0,
                  "faces": {
                    "north": {
                      "texture": "#piel",
                      "uv": [
                        20.0,
                        27.5,
                        23.5,
                        30.5
                      ]
                    },
                    "east": {
                      "texture": "#piel",
                      "uv": [
                        13.0,
                        27.5,
                        16.0,
                        31.5
                      ],
                      "rotation": 90,
                      "windMode": [
                        -1,
                        -1,
                        1,
                        1
                      ]
                    },
                    "west": {
                      "texture": "#piel",
                      "uv": [
                        10.0,
                        27.5,
                        13.0,
                        31.5
                      ],
                      "rotation": 270,
                      "windMode": [
                        -1,
                        1,
                        1,
                        -1
                      ]
                    },
                    "up": {
                      "texture": "#piel",
                      "uv": [
                        16.0,
                        27.5,
                        19.5,
                        31.5
                      ],
                      "windMode": [
                        -1,
                        1,
                        1,
                        -1
                      ]
                    }
                  }
                }
              ]
            },
            {
              "name": "brazorightfur",
              "stepParentName": "UpperArmR",
              "from": [
                -6.5,
                2.0,
                -7.0
              ],
              "to": [
                -6.5,
                2.0,
                -7.0
              ],
              "uv": [
                0.0,
                0.0
              ],
              "rotationOrigin": [
                0.0,
                2.0,
                0.0
              ],
              "faces": {},
              "children": [
                {
                  "name": "brazotorsoL2",
                  "from": [
                    6.2,
                    1.7,
                    3.1
                  ],
                  "to": [
                    9.8,
                    4.9,
                    7.5
                  ],
                  "autoUnwrap": false,
                  "uv": [
                    0.0,
                    0.0
                  ],
                  "rotationOrigin": [
                    7.3,
                    4.9,
                    7.5
                  ],
                  "rotationX": -43.0,
                  "faces": {
                    "east": {
                      "texture": "#piel",
                      "uv": [
                        20.0,
                        27.5,
                        23.0,
                        31.5
                      ],
                      "rotation": 270,
                      "windMode": [
                        1,
                        1,
                        -1,
                        -1
                      ]
                    },
                    "south": {
                      "texture": "#piel",
                      "uv": [
                        18.5,
                        27.5,
                        22.0,
                        30.5
                      ],
                      "windMode": [
                        -1,
                        -1,
                        -1,
                        -1
                      ]
                    },
                    "west": {
                      "texture": "#piel",
                      "uv": [
                        27.0,
                        27.5,
                        30.0,
                        31.5
                      ],
                      "rotation": 90,
                      "windMode": [
                        1,
                        -1,
                        -1,
                        1
                      ]
                    },
                    "up": {
                      "texture": "#piel",
                      "uv": [
                        23.0,
                        27.5,
                        26.5,
                        31.5
                      ],
                      "rotation": 180,
                      "windMode": [
                        1,
                        -1,
                        -1,
                        1
                      ]
                    }
                  }
                },
                {
                  "name": "brazotorsoL",
                  "from": [
                    5.9,
                    2.3,
                    3.4
                  ],
                  "to": [
                    10.1,
                    5.5,
                    7.8
                  ],
                  "autoUnwrap": false,
                  "uv": [
                    0.0,
                    0.0
                  ],
                  "rotationOrigin": [
                    7.0,
                    5.5,
                    7.8
                  ],
                  "rotationX": -25.0,
                  "faces": {
                    "east": {
                      "texture": "#piel",
                      "uv": [
                        20.0,
                        27.5,
                        23.0,
                        31.5
                      ],
                      "rotation": 270,
                      "windMode": [
                        1,
                        1,
                        -1,
                        -1
                      ]
                    },
                    "south": {
                      "texture": "#piel",
                      "uv": [
                        21.5,
                        27.5,
                        25.5,
                        30.5
                      ],
                      "windMode": [
                        -1,
                        -1,
                        -1,
                        -1
                      ]
                    },
                    "west": {
                      "texture": "#piel",
                      "uv": [
                        27.0,
                        27.5,
                        30.0,
                        31.5
                      ],
                      "rotation": 90,
                      "windMode": [
                        1,
                        -1,
                        -1,
                        1
                      ]
                    },
                    "up": {
                      "texture": "#piel",
                      "uv": [
                        23.0,
                        27.5,
                        27.0,
                        31.5
                      ],
                      "rotation": 180,
                      "windMode": [
                        1,
                        -1,
                        -1,
                        1
                      ]
                    }
                  }
                }
              ]
            }
          ]
        }
      ]
    }
  ]
}