{
	"editor": {
		"backDropShape": "seraph-hairless",
		"collapsedPaths": "",
		"allAngles": true,
		"entityTextureMode": true
	},
	"textureWidth": 16,
	"textureHeight": 16,
	"textureSizes": {
	},
	"textures": {
	},
	"elements": [
		{
			"name": "Cube2",
			"stepParentName": "Head",
			"from": [ -4.5, -25.5, 10.0 ],
			"to": [ -4.5, -25.5, 10.0 ],
			"uv": [ 0.0, 0.0 ],
			"rotationOrigin": [ -4.5, -0.5, 10.5 ],
			"rotationY": 90.0,
			"faces": {
				"north": { "texture": "#null", "uv": [ 0.0, 0.0, 0.5, 0.5 ] },
				"east": { "texture": "#null", "uv": [ 0.0, 0.0, 0.5, 0.5 ] },
				"south": { "texture": "#null", "uv": [ 0.0, 0.0, 0.5, 0.5 ] },
				"west": { "texture": "#null", "uv": [ 0.0, 0.0, 0.5, 0.5 ] },
				"up": { "texture": "#null", "uv": [ 0.0, 0.0, 0.5, 0.5 ] },
				"down": { "texture": "#null", "uv": [ 0.0, 0.0, 0.5, 0.5 ] }
			},
			"children": [
				{
					"name": "cube",
					"from": [ 8.1744, 27.1873, 10.529 ],
					"to": [ 10.8694, 28.8123, 11.054 ],
					"uv": [ 3.0, 15.0 ],
					"rotationOrigin": [ 10.0491, 27.7203, 11.0415 ],
					"rotationX": 1.6279,
					"rotationY": 4.4629,
					"rotationZ": 20.0634,
					"faces": {
						"north": { "texture": "#null", "uv": [ 44.0, 15.0, 47.0, 17.0 ] },
						"east": { "texture": "#null", "uv": [ 11.0, 21.0, 12.0, 23.0 ] },
						"south": { "texture": "#null", "uv": [ 44.0, 17.0, 47.0, 19.0 ] },
						"west": { "texture": "#null", "uv": [ 3.0, 22.0, 4.0, 24.0 ] },
						"up": { "texture": "#null", "uv": [ 47.0, 20.0, 44.0, 19.0 ] },
						"down": { "texture": "#null", "uv": [ 23.0, 44.0, 20.0, 45.0 ] }
					}
				},
				{
					"name": "cube",
					"from": [ 7.6, 26.73, 11.1 ],
					"to": [ 10.075, 27.73, 11.35 ],
					"uv": [ 14.0, 20.0 ],
					"rotationOrigin": [ 7.85, 26.475, 11.85 ],
					"rotationX": -6.0,
					"rotationY": 17.0,
					"rotationZ": -79.0,
					"faces": {
						"north": { "texture": "#null", "uv": [ 14.0, 20.5, 16.0, 21.5 ] },
						"east": { "texture": "#null", "uv": [ 16.0, 20.5, 16.5, 21.5 ] },
						"south": { "texture": "#null", "uv": [ 16.5, 20.5, 18.5, 21.5 ] },
						"west": { "texture": "#null", "uv": [ 18.5, 20.5, 19.0, 21.5 ] },
						"up": { "texture": "#null", "uv": [ 14.0, 20.0, 16.0, 20.5 ] },
						"down": { "texture": "#null", "uv": [ 16.0, 20.0, 18.0, 20.5 ] }
					}
				},
				{
					"name": "cube",
					"from": [ 8.1, 26.5, 10.775 ],
					"to": [ 9.45, 27.85, 11.375 ],
					"uv": [ 3.0, 16.0 ],
					"rotationOrigin": [ 8.45, 26.225, 10.375 ],
					"rotationZ": 45.0,
					"faces": {
						"north": { "texture": "#null", "uv": [ 3.0, 24.0, 4.0, 25.0 ] },
						"east": { "texture": "#null", "uv": [ 9.0, 25.0, 10.0, 26.0 ] },
						"south": { "texture": "#null", "uv": [ 9.0, 26.0, 10.0, 27.0 ] },
						"west": { "texture": "#null", "uv": [ 9.0, 27.0, 10.0, 28.0 ] },
						"up": { "texture": "#null", "uv": [ 10.0, 29.0, 9.0, 28.0 ] },
						"down": { "texture": "#null", "uv": [ 29.0, 16.0, 28.0, 17.0 ] }
					}
				},
				{
					"name": "cube",
					"from": [ 6.82, 25.63, 11.1 ],
					"to": [ 9.295, 26.63, 11.35 ],
					"uv": [ 10.0, 17.0 ],
					"rotationOrigin": [ 7.95, 25.375, 11.85 ],
					"rotationX": -6.0,
					"rotationY": -17.0,
					"rotationZ": 79.0,
					"faces": {
						"north": { "texture": "#null", "uv": [ 10.0, 17.5, 12.0, 18.5 ] },
						"east": { "texture": "#null", "uv": [ 12.0, 17.5, 12.5, 18.5 ] },
						"south": { "texture": "#null", "uv": [ 12.5, 17.5, 14.5, 18.5 ] },
						"west": { "texture": "#null", "uv": [ 14.5, 17.5, 15.0, 18.5 ] },
						"up": { "texture": "#null", "uv": [ 10.0, 17.0, 12.0, 17.5 ] },
						"down": { "texture": "#null", "uv": [ 12.0, 17.0, 14.0, 17.5 ] }
					}
				},
				{
					"name": "cube",
					"from": [ 5.1306, 27.1873, 10.529 ],
					"to": [ 7.8256, 28.8123, 11.054 ],
					"uv": [ 3.0, 20.0 ],
					"rotationOrigin": [ 5.9509, 27.7203, 11.0415 ],
					"rotationX": 1.6279,
					"rotationY": -4.4629,
					"rotationZ": -20.0634,
					"faces": {
						"north": { "texture": "#null", "uv": [ 43.0, 40.0, 46.0, 42.0 ] },
						"east": { "texture": "#null", "uv": [ 3.0, 20.0, 4.0, 22.0 ] },
						"south": { "texture": "#null", "uv": [ 43.0, 42.0, 46.0, 44.0 ] },
						"west": { "texture": "#null", "uv": [ 10.0, 21.0, 11.0, 23.0 ] },
						"up": { "texture": "#null", "uv": [ 3.0, 25.0, 0.0, 24.0 ] },
						"down": { "texture": "#null", "uv": [ 27.0, 23.0, 24.0, 24.0 ] }
					}
				},
				{
					"name": "cube",
					"from": [ 4.975, 28.0039, 4.8163 ],
					"to": [ 11.02, 29.7539, 10.7163 ],
					"uv": [ 28.0, 0.0 ],
					"rotationOrigin": [ 8.02, 28.7539, 8.5663 ],
					"rotationX": 15.0,
					"faces": {
						"north": { "texture": "#null", "uv": [ 41.0, 29.0, 47.0, 31.0 ] },
						"east": { "texture": "#null", "uv": [ 41.0, 31.0, 47.0, 33.0 ] },
						"south": { "texture": "#null", "uv": [ 42.0, 0.0, 48.0, 2.0 ] },
						"west": { "texture": "#null", "uv": [ 42.0, 2.0, 48.0, 4.0 ] },
						"up": { "texture": "#null", "uv": [ 28.0, 6.0, 22.0, 0.0 ] },
						"down": { "texture": "#null", "uv": [ 28.0, 6.0, 22.0, 12.0 ] }
					}
				},
				{
					"name": "cube",
					"from": [ 5.0, 27.5, 10.5 ],
					"to": [ 11.0, 29.0, 10.975 ],
					"uv": [ 10.0, 15.0 ],
					"rotationOrigin": [ 8.0, 29.0, 8.0 ],
					"faces": {
						"north": { "texture": "#null", "uv": [ 41.0, 25.0, 47.0, 27.0 ] },
						"east": { "texture": "#null", "uv": [ 10.0, 19.0, 11.0, 21.0 ] },
						"south": { "texture": "#null", "uv": [ 41.0, 27.0, 47.0, 29.0 ] },
						"west": { "texture": "#null", "uv": [ 11.0, 19.0, 12.0, 21.0 ] },
						"up": { "texture": "#null", "uv": [ 47.0, 15.0, 41.0, 14.0 ] },
						"down": { "texture": "#null", "uv": [ 49.0, 39.0, 43.0, 40.0 ] }
					}
				},
				{
					"name": "cube",
					"from": [ 5.0, 29.0, 4.75 ],
					"to": [ 11.0, 31.0, 11.0 ],
					"uv": [ 10.0, 10.0 ],
					"rotationOrigin": [ 8.0, 29.0, 8.0 ],
					"faces": {
						"north": { "texture": "#null", "uv": [ 41.0, 10.0, 47.0, 12.0 ] },
						"east": { "texture": "#null", "uv": [ 41.0, 12.0, 47.0, 14.0 ] },
						"south": { "texture": "#null", "uv": [ 41.0, 21.0, 47.0, 23.0 ] },
						"west": { "texture": "#null", "uv": [ 41.0, 23.0, 47.0, 25.0 ] },
						"up": { "texture": "#null", "uv": [ 24.0, 24.0, 18.0, 18.0 ] },
						"down": { "texture": "#null", "uv": [ 10.0, 19.0, 4.0, 25.0 ] }
					}
				}
			]
		}
	]}