{
  "ingredient": {
    "type": "item",
    "code": "game:ingot-*",
    "allowedVariants": [ "copper", "tinbronze", "blackbronze", "bismuthbronze", "brass", "iron", "meteoriciron", "steel", "silver", "gold" ],
    "name": "metal"
  },
  "output": {
    "type": "item",
    "code": "compassframe-{metal}"
  },
  "pattern": [
    [
      "#####",
      "#####",
      "#####",
      "#####",
      "#####"
    ],
    [
      "#####",
      "#___#",
      "#_#_#",
      "#___#",
      "#####"
    ]
  ]
}