{
  "type": "content",
  "modid": "medievalclothes",
  "name": "Medieval Clothes",
  "description": "\nEnjoy Medieval Clothing for Men and Women.\nWear different clothes for every activity.\nThe Armors was designed to perfectly fit the Seraph's contours.\nI want to give a special thanks to MisterAndyDandy and SpearAndFang for their help and support at all times.\n\nWARNING: The Clothing and Armor in this mod are not compatible with Vanilla Clothing and Armor, as it uses exclusive models.\n\nEnjoy!\n.",
  "authors": ["Tisma: Collaborator","Ruddi: Developer"],
  "Contributors": ["Mister_Andy_Dandy and SpearAndFang"],
  "version": "1.0.9"

}
