{
  "code": "brightpiano",
  "class": "instrumentssbc:brightPianoClass",
  "behaviors": [
    {
      "name": "GroundStorable",
      "properties": {
        "layout": "SingleCenter",
        "collisionBox": {
          "x1": 0,
          "y1": 0,
          "z1": 0,
          "x2": 1,
          "y2": 0.1,
          "z2": 1
        }
      }
    }
  ],
  "shape": { "base": "item/instrument/precussion/brightpiano" },
  "attributes": {
    "rackable": true,
    "toolrackTransform": {
      "rotation": { "z": 180 },
      "translation": { "y": -0.4 },
      "scale": 1
    },
    "groundStorageTransform": {
      "rotation":{
        "x": 0,
        "y": -180,
        "z": 0

      }
      }
  },
  "creativeinventory": {
    "general": [ "*" ],
    "items": [ "*" ],
    "instruments-sbc": [ "*" ]
  },
  "tpHandTransform": {
    "translation": {
      "x": -1,
      "y": -1.3,
      "z": -0.65
    },
    "rotation": {
      "x": -71,
      "y": -1,
      "z": -103
    },
    "scale": 0.6
  },
    "guiTransform": {
    "translation": { 
      "x": 1, 
      "y": 0, 
      "z": 50 
    },
    "rotation": { 
      "x": 147, 
      "y": -35, 
      "z": 2 
    },
    "origin":{
      "x":0,
      "y":1,
      "z":0
    },
    "scale": 0.63
  },
  "storageFlags": 2049,
  "heldTpUseAnimation": "holdbothhandslarge"
}