[
  {
    "op": "add",
    "path": "/requiresTrait",
    "value": "minter",
    "file": "coinage:recipes/grid/coinpress.json"
  },
  {
    "op": "add",
    "path": "/requirestrait",
    "value": "minter",
    "file": "coinage:recipes/grid/coinpressfeeder.json"
  },



  {
    "op": "add",
    "path": "/requirestrait",
    "value": "minter",
    "file": "coinage:recipes/grid/tool/anvildie.json"
  },
  {
    "op": "add",
    "path": "/requirestrait",
    "value": "minter",
    "file": "coinage:recipes/grid/tool/punch.json"
  },
  {
    "op": "add",
    "path": "/0/requirestrait",
    "value": "minter",
    "file": "coinage:recipes/grid/tool/trussel.json"
  }
]