{
  "editor": {
    "backDropShape": "entity/humanoid/seraph-faceless",
    "allAngles": true,
    "entityTextureMode": true
  },
  "textureWidth": 32,
  "textureHeight": 76,
  "textureSizes": {
  },
  "textures": {
    "parttexture": "seraph-for-eyes-black"
  },
  "elements": [
    {
      "name": "eyesroot",
      "stepParentName": "Head",
      "from": [
        0.0,
        0.0,
        0.0
      ],
      "to": [
        5.5,
        5.0,
        5.0
      ],
      "unwrapMode": 4,
      "uv": [
        0.0,
        0.0
      ],
      "faces": {
      },
      "children": [
        {
          "name": "R eyebrow 1",
          "from": [
            -0.1,
            2.8,
            1.45
          ],
          "to": [
            0.0,
            3.05,
            2.15
          ],
          "unwrapMode": 4,
          "uv": [
            28.0,
            11.0
          ],
          "rotationOrigin": [
            -0.1,
            2.8,
            2.1
          ],
          "rotationX": 9.0,
          "faces": {
            "north": {
              "texture": "#parttexture",
              "uv": [
                28.0,
                11.5,
                28.5,
                12.0
              ]
            },
            "south": {
              "texture": "#parttexture",
              "uv": [
                29.0,
                11.5,
                29.5,
                12.0
              ]
            },
            "west": {
              "texture": "#parttexture",
              "uv": [
                28.5,
                11.5,
                29.0,
                12.0
              ]
            },
            "up": {
              "texture": "#parttexture",
              "uv": [
                28.5,
                11.0,
                29.0,
                11.5
              ],
              "rotation": 90
            },
            "down": {
              "texture": "#parttexture",
              "uv": [
                28.5,
                12.0,
                29.0,
                12.5
              ],
              "rotation": 90
            }
          },
          "children": [
            {
              "name": "R eyebrow 2",
              "from": [
                0.0,
                0.065,
                -0.6
              ],
              "to": [
                0.1,
                0.245,
                0.1
              ],
              "unwrapMode": 4,
              "uv": [
                28.0,
                12.5
              ],
              "rotationOrigin": [
                0.0,
                0.05,
                0.1
              ],
              "rotationX": -2.0,
              "rotationZ": -1.0,
              "faces": {
                "north": {
                  "texture": "#parttexture",
                  "uv": [
                    28.0,
                    13.0,
                    28.5,
                    13.5
                  ]
                },
                "south": {
                  "texture": "#parttexture",
                  "uv": [
                    29.0,
                    13.0,
                    29.5,
                    13.5
                  ]
                },
                "west": {
                  "texture": "#parttexture",
                  "uv": [
                    28.5,
                    13.0,
                    29.0,
                    13.5
                  ]
                },
                "up": {
                  "texture": "#parttexture",
                  "uv": [
                    28.5,
                    12.5,
                    29.0,
                    13.0
                  ],
                  "rotation": 90
                },
                "down": {
                  "texture": "#parttexture",
                  "uv": [
                    28.5,
                    13.5,
                    29.0,
                    14.0
                  ],
                  "rotation": 90
                }
              },
              "children": [
                {
                  "name": "Cube2",
                  "from": [
                    0.03,
                    0.02,
                    -0.3
                  ],
                  "to": [
                    0.13,
                    0.18,
                    0.1
                  ],
                  "unwrapMode": 4,
                  "uv": [
                    28.0,
                    12.0
                  ],
                  "rotationOrigin": [
                    0.1,
                    0.1,
                    0.1
                  ],
                  "rotationX": -16.0,
                  "faces": {
                    "north": {
                      "texture": "#parttexture",
                      "uv": [
                        28.0,
                        12.5,
                        28.5,
                        13.0
                      ]
                    },
                    "south": {
                      "texture": "#parttexture",
                      "uv": [
                        29.0,
                        12.5,
                        29.5,
                        13.0
                      ]
                    },
                    "west": {
                      "texture": "#parttexture",
                      "uv": [
                        28.5,
                        12.5,
                        29.0,
                        13.0
                      ]
                    },
                    "up": {
                      "texture": "#parttexture",
                      "uv": [
                        28.5,
                        12.0,
                        29.0,
                        12.5
                      ],
                      "rotation": 90
                    },
                    "down": {
                      "texture": "#parttexture",
                      "uv": [
                        28.5,
                        13.0,
                        29.0,
                        13.5
                      ],
                      "rotation": 90
                    }
                  }
                }
              ]
            }
          ]
        },
        {
          "name": "L eyebrow 1",
          "from": [
            -0.1,
            2.8,
            2.85
          ],
          "to": [
            0.0,
            3.05,
            3.55
          ],
          "unwrapMode": 4,
          "uv": [
            30.0,
            11.0
          ],
          "rotationOrigin": [
            -0.1,
            2.8,
            2.8
          ],
          "rotationX": -9.0,
          "faces": {
            "north": {
              "texture": "#parttexture",
              "uv": [
                30.0,
                11.5,
                30.5,
                12.0
              ]
            },
            "south": {
              "texture": "#parttexture",
              "uv": [
                31.0,
                11.5,
                31.5,
                12.0
              ]
            },
            "west": {
              "texture": "#parttexture",
              "uv": [
                30.5,
                11.5,
                31.0,
                12.0
              ]
            },
            "up": {
              "texture": "#parttexture",
              "uv": [
                30.5,
                11.0,
                31.0,
                11.5
              ],
              "rotation": 90
            },
            "down": {
              "texture": "#parttexture",
              "uv": [
                30.5,
                12.0,
                31.0,
                12.5
              ],
              "rotation": 90
            }
          },
          "children": [
            {
              "name": "L eyebrow 2",
              "from": [
                0.0,
                0.06,
                0.6
              ],
              "to": [
                0.1,
                0.24,
                1.3
              ],
              "unwrapMode": 4,
              "uv": [
                30.5,
                12.5
              ],
              "rotationOrigin": [
                0.0,
                0.05,
                0.6
              ],
              "rotationX": 2.0,
              "rotationZ": -1.0,
              "faces": {
                "north": {
                  "texture": "#parttexture",
                  "uv": [
                    30.5,
                    13.0,
                    31.0,
                    13.5
                  ]
                },
                "south": {
                  "texture": "#parttexture",
                  "uv": [
                    31.5,
                    13.0,
                    32.0,
                    13.5
                  ]
                },
                "west": {
                  "texture": "#parttexture",
                  "uv": [
                    31.0,
                    13.0,
                    31.5,
                    13.5
                  ]
                },
                "up": {
                  "texture": "#parttexture",
                  "uv": [
                    31.0,
                    12.5,
                    31.5,
                    13.0
                  ],
                  "rotation": 90
                },
                "down": {
                  "texture": "#parttexture",
                  "uv": [
                    31.0,
                    13.5,
                    31.5,
                    14.0
                  ],
                  "rotation": 90
                }
              },
              "children": [
                {
                  "name": "Cube3",
                  "from": [
                    0.03,
                    0.02,
                    0.6
                  ],
                  "to": [
                    0.13,
                    0.18,
                    1.0
                  ],
                  "unwrapMode": 4,
                  "uv": [
                    30.5,
                    12.0
                  ],
                  "rotationOrigin": [
                    0.0,
                    0.0,
                    0.6
                  ],
                  "rotationX": 16.0,
                  "faces": {
                    "north": {
                      "texture": "#parttexture",
                      "uv": [
                        30.5,
                        12.5,
                        31.0,
                        13.0
                      ]
                    },
                    "south": {
                      "texture": "#parttexture",
                      "uv": [
                        31.5,
                        12.5,
                        32.0,
                        13.0
                      ]
                    },
                    "west": {
                      "texture": "#parttexture",
                      "uv": [
                        31.0,
                        12.5,
                        31.5,
                        13.0
                      ]
                    },
                    "up": {
                      "texture": "#parttexture",
                      "uv": [
                        31.0,
                        12.0,
                        31.5,
                        12.5
                      ],
                      "rotation": 90
                    },
                    "down": {
                      "texture": "#parttexture",
                      "uv": [
                        31.0,
                        13.0,
                        31.5,
                        13.5
                      ],
                      "rotation": 90
                    }
                  }
                }
              ]
            }
          ]
        }
      ],
      "attachmentpoints": [
        {
          "code": "Eyes",
          "posX": "1.3",
          "posY": "3.5",
          "posZ": "2.5",
          "rotationX": "0.0",
          "rotationY": "-90.0",
          "rotationZ": "0.0"
        }
      ]
    }
  ],
  "animations": [
  ]
}