{
	"editor": {
		"allAngles": true,
		"entityTextureMode": false
	},
	"textureWidth": 64,
	"textureHeight": 64,
	"textureSizes": {
		"emblem": [64,64]
	},
	"textures": {
		"emblem": "entity/humanoid/seraphclothes/emblem/capa"
	},
	"elements": [
		{
			"name": "pecho",
			"stepParentName": "UpperTorso",
			"from": [ 0.5, 0.0, 0.1 ],
			"to": [ 0.5, 0.0, 0.1 ],
			"faces": {
				"north": { "texture": "#emblem", "uv": [ 24.25, 2.0, 26.75, 4.5 ], "autoUv": false },
				"east": { "texture": "#emblem", "uv": [ 27.0, 3.0, 27.5, 3.5 ] },
				"south": { "texture": "#emblem", "uv": [ 28.0, 3.5, 28.5, 4.0 ] },
				"west": { "texture": "#emblem", "uv": [ 27.5, 2.5, 28.0, 3.0 ] },
				"up": { "texture": "#emblem", "uv": [ 26.0, 1.0, 26.5, 1.5 ] },
				"down": { "texture": "#emblem", "uv": [ 27.0, 2.0, 27.5, 2.5 ] }
			},
			"children": [
				{
					"name": "cube0",
					"from": [ -1.1, 0.0, -0.7 ],
					"to": [ 5.1, 5.2, 6.7 ],
					"rotationOrigin": [ 30.9, 0.0, 22.5 ],
					"faces": {
						"north": { "texture": "#emblem", "uv": [ 41.0, 5.0, 46.0, 10.0 ], "autoUv": false },
						"east": { "texture": "#emblem", "uv": [ 57.0, 5.0, 63.0, 10.0 ], "autoUv": false, "windMode": [-1,-1,-1,-1] },
						"south": { "texture": "#emblem", "uv": [ 52.0, 5.0, 57.0, 10.0 ], "autoUv": false, "windMode": [-1,-1,-1,-1] },
						"west": { "texture": "#emblem", "uv": [ 46.0, 5.0, 52.0, 10.0 ], "autoUv": false, "windMode": [-1,-1,-1,-1] },
						"up": { "texture": "#emblem", "uv": [ 46.0, 0.0, 52.0, 5.0 ], "rotation": 90, "autoUv": false, "windMode": [-1,-1,-1,-1] },
						"down": { "texture": "#emblem", "uv": [ 34.0, 5.0, 40.0, 10.0 ], "rotation": 90, "autoUv": false, "windMode": [-1,-1,-1,-1] }
					}
				}
			]
		},
		{
			"name": "brazoleft",
			"stepParentName": "UpperArmL",
			"from": [ -6.5, 2.0, -7.0 ],
			"to": [ -6.5, 2.0, -7.0 ],
			"rotationOrigin": [ 0.0, 2.0, 0.0 ],
			"faces": {
				"north": { "texture": "#null", "uv": [ 0.0, 0.0, 0.5, 0.5 ], "enabled": false },
				"east": { "texture": "#null", "uv": [ 0.0, 0.0, 0.5, 0.5 ], "enabled": false },
				"south": { "texture": "#null", "uv": [ 0.0, 0.0, 0.5, 0.5 ], "enabled": false },
				"west": { "texture": "#null", "uv": [ 0.0, 0.0, 0.5, 0.5 ], "enabled": false },
				"up": { "texture": "#null", "uv": [ 0.0, 0.0, 0.5, 0.5 ], "enabled": false },
				"down": { "texture": "#null", "uv": [ 0.0, 0.0, 0.5, 0.5 ], "enabled": false }
			},
			"children": [
				{
					"name": "cube81",
					"from": [ 6.0, -2.1, 6.8 ],
					"to": [ 10.0, 5.1, 9.5 ],
					"rotationOrigin": [ 6.2, -2.1, 7.0 ],
					"faces": {
						"north": { "texture": "#emblem", "uv": [ 42.0, 41.5, 45.0, 48.5 ], "autoUv": false },
						"east": { "texture": "#emblem", "uv": [ 50.0, 41.5, 52.0, 48.5 ], "autoUv": false, "windMode": [-1,-1,-1,-1] },
						"south": { "texture": "#emblem", "uv": [ 47.0, 41.5, 50.0, 48.5 ], "autoUv": false, "windMode": [-1,-1,-1,-1] },
						"west": { "texture": "#emblem", "uv": [ 45.0, 41.5, 47.0, 48.5 ], "autoUv": false, "windMode": [-1,-1,-1,-1] },
						"up": { "texture": "#emblem", "uv": [ 45.0, 38.5, 47.0, 41.5 ], "rotation": 90, "autoUv": false, "windMode": [-1,-1,-1,-1] },
						"down": { "texture": "#emblem", "uv": [ 45.0, 48.5, 47.0, 51.5 ], "rotation": 90, "autoUv": false, "windMode": [-1,-1,-1,-1] }
					}
				}
			]
		},
		{
			"name": "brazoright",
			"stepParentName": "UpperArmR",
			"from": [ -6.5, 2.0, -7.0 ],
			"to": [ -6.5, 2.0, -7.0 ],
			"rotationOrigin": [ 0.0, 2.0, 0.0 ],
			"faces": {
				"north": { "texture": "#null", "uv": [ 0.0, 0.0, 0.5, 0.5 ], "enabled": false },
				"east": { "texture": "#null", "uv": [ 0.0, 0.0, 0.5, 0.5 ], "enabled": false },
				"south": { "texture": "#null", "uv": [ 0.0, 0.0, 0.5, 0.5 ], "enabled": false },
				"west": { "texture": "#null", "uv": [ 0.0, 0.0, 0.5, 0.5 ], "enabled": false },
				"up": { "texture": "#null", "uv": [ 0.0, 0.0, 0.5, 0.5 ], "enabled": false },
				"down": { "texture": "#null", "uv": [ 0.0, 0.0, 0.5, 0.5 ], "enabled": false }
			},
			"children": [
				{
					"name": "cube8",
					"from": [ 6.0, -2.1, 6.5 ],
					"to": [ 10.0, 5.1, 9.2 ],
					"rotationOrigin": [ 6.2, -2.1, 6.7 ],
					"faces": {
						"north": { "texture": "#emblem", "uv": [ 33.0, 41.5, 36.0, 48.5 ], "autoUv": false },
						"east": { "texture": "#emblem", "uv": [ 31.0, 41.5, 33.0, 48.5 ], "autoUv": false, "windMode": [-1,-1,-1,-1] },
						"south": { "texture": "#emblem", "uv": [ 38.0, 41.5, 41.0, 48.5 ], "autoUv": false, "windMode": [-1,-1,-1,-1] },
						"west": { "texture": "#emblem", "uv": [ 36.0, 41.5, 38.0, 48.5 ], "autoUv": false, "windMode": [-1,-1,-1,-1] },
						"up": { "texture": "#emblem", "uv": [ 36.0, 38.5, 38.0, 41.5 ], "rotation": 90, "autoUv": false, "windMode": [-1,-1,-1,-1] },
						"down": { "texture": "#emblem", "uv": [ 36.0, 48.5, 38.0, 51.5 ], "rotation": 90, "autoUv": false, "windMode": [-1,-1,-1,-1] }
					}
				}
			]
		},
		{
			"name": "brazoabajoleft40",
			"stepParentName": "LowerArmL",
			"from": [ -6.5, 2.0, -7.0 ],
			"to": [ -6.5, 2.0, -7.0 ],
			"rotationOrigin": [ 0.0, 2.0, 0.0 ],
			"faces": {
				"north": { "texture": "#null", "uv": [ 0.0, 0.0, 0.5, 0.5 ], "enabled": false },
				"east": { "texture": "#null", "uv": [ 0.0, 0.0, 0.5, 0.5 ], "enabled": false },
				"south": { "texture": "#null", "uv": [ 0.0, 0.0, 0.5, 0.5 ], "enabled": false },
				"west": { "texture": "#null", "uv": [ 0.0, 0.0, 0.5, 0.5 ], "enabled": false },
				"up": { "texture": "#null", "uv": [ 0.0, 0.0, 0.5, 0.5 ], "enabled": false },
				"down": { "texture": "#null", "uv": [ 0.0, 0.0, 0.5, 0.5 ], "enabled": false }
			},
			"children": [
				{
					"name": "cube41",
					"from": [ 6.0, -2.1, 6.8 ],
					"to": [ 9.5, 6.1, 9.5 ],
					"rotationOrigin": [ 6.2, -2.1, 7.0 ],
					"faces": {
						"north": { "texture": "#emblem", "uv": [ 47.0, 51.5, 49.5, 59.5 ], "autoUv": false },
						"east": { "texture": "#emblem", "uv": [ 49.5, 51.5, 51.5, 59.5 ], "autoUv": false },
						"south": { "texture": "#emblem", "uv": [ 42.5, 51.5, 45.0, 59.5 ], "autoUv": false },
						"west": { "texture": "#emblem", "uv": [ 45.0, 51.5, 47.0, 59.5 ], "autoUv": false },
						"up": { "texture": "#emblem", "uv": [ 45.0, 48.5, 47.0, 51.0 ], "rotation": 90, "autoUv": false },
						"down": { "texture": "#null", "uv": [ 0.0, 0.0, 3.5, 2.5 ], "enabled": false }
					},
					"children": [
						{
							"name": "cube70",
							"from": [ -0.2, 1.5, -0.2 ],
							"to": [ 3.7, 3.0, 2.9 ],
							"rotationOrigin": [ 0.0, 1.5, 0.0 ],
							"faces": {
								"north": { "texture": "#emblem", "uv": [ 47.0, 56.0, 50.0, 57.5 ], "autoUv": false, "windMode": [-1,-1,-1,-1] },
								"east": { "texture": "#emblem", "uv": [ 49.0, 56.0, 51.5, 57.5 ], "autoUv": false, "windMode": [-1,-1,-1,-1] },
								"south": { "texture": "#emblem", "uv": [ 42.5, 56.0, 45.5, 57.5 ], "autoUv": false, "windMode": [-1,-1,-1,-1] },
								"west": { "texture": "#emblem", "uv": [ 44.5, 56.0, 47.0, 57.5 ], "autoUv": false, "windMode": [-1,-1,-1,-1] },
								"up": { "texture": "#emblem", "uv": [ 48.5, 2.0, 50.5, 4.5 ], "rotation": 90, "autoUv": false, "windMode": [-1,-1,-1,-1] },
								"down": { "texture": "#emblem", "uv": [ 48.5, 2.0, 50.5, 4.5 ], "rotation": 90, "autoUv": false, "windMode": [-1,-1,-1,-1] }
							}
						}
					]
				}
			]
		},
		{
			"name": "brazoabajoright42",
			"stepParentName": "LowerArmR",
			"from": [ -6.5, 2.0, -7.0 ],
			"to": [ -6.5, 2.0, -7.0 ],
			"rotationOrigin": [ 0.0, 2.0, 0.0 ],
			"faces": {
				"north": { "texture": "#null", "uv": [ 0.0, 0.0, 0.5, 0.5 ], "enabled": false },
				"east": { "texture": "#null", "uv": [ 0.0, 0.0, 0.5, 0.5 ], "enabled": false },
				"south": { "texture": "#null", "uv": [ 0.0, 0.0, 0.5, 0.5 ], "enabled": false },
				"west": { "texture": "#null", "uv": [ 0.0, 0.0, 0.5, 0.5 ], "enabled": false },
				"up": { "texture": "#null", "uv": [ 0.0, 0.0, 0.5, 0.5 ], "enabled": false },
				"down": { "texture": "#null", "uv": [ 0.0, 0.0, 0.5, 0.5 ], "enabled": false }
			},
			"children": [
				{
					"name": "cube45",
					"from": [ 6.0, -2.1, 6.5 ],
					"to": [ 9.5, 6.1, 9.2 ],
					"rotationOrigin": [ 6.2, -2.1, 6.7 ],
					"faces": {
						"north": { "texture": "#emblem", "uv": [ 33.5, 51.5, 36.0, 59.5 ], "autoUv": false },
						"east": { "texture": "#emblem", "uv": [ 31.5, 51.5, 33.5, 59.5 ], "autoUv": false },
						"south": { "texture": "#emblem", "uv": [ 38.0, 51.5, 40.5, 59.5 ], "autoUv": false },
						"west": { "texture": "#emblem", "uv": [ 36.0, 51.5, 38.0, 59.5 ], "autoUv": false },
						"up": { "texture": "#emblem", "uv": [ 36.0, 48.5, 38.0, 51.0 ], "rotation": 90, "autoUv": false },
						"down": { "texture": "#null", "uv": [ 0.0, 0.0, 3.5, 2.5 ], "enabled": false }
					},
					"children": [
						{
							"name": "cube71",
							"from": [ -0.2, 1.5, -0.2 ],
							"to": [ 3.7, 3.0, 2.9 ],
							"rotationOrigin": [ 0.0, 1.5, 0.0 ],
							"faces": {
								"north": { "texture": "#emblem", "uv": [ 33.0, 56.0, 36.0, 57.5 ], "autoUv": false, "windMode": [-1,-1,-1,-1] },
								"east": { "texture": "#emblem", "uv": [ 31.5, 56.0, 34.0, 57.5 ], "autoUv": false, "windMode": [-1,-1,-1,-1] },
								"south": { "texture": "#emblem", "uv": [ 37.5, 56.0, 40.5, 57.5 ], "autoUv": false, "windMode": [-1,-1,-1,-1] },
								"west": { "texture": "#emblem", "uv": [ 35.5, 56.0, 38.0, 57.5 ], "autoUv": false, "windMode": [-1,-1,-1,-1] },
								"up": { "texture": "#emblem", "uv": [ 48.5, 2.0, 50.5, 4.5 ], "rotation": 90, "autoUv": false, "windMode": [-1,-1,-1,-1] },
								"down": { "texture": "#emblem", "uv": [ 48.5, 2.0, 50.5, 4.5 ], "rotation": 90, "autoUv": false, "windMode": [-1,-1,-1,-1] }
							}
						}
					]
				}
			]
		},
		{
			"name": "cuerpoabajohide",
			"stepParentName": "LowerTorso",
			"from": [ -0.28, -5.0, -0.38 ],
			"to": [ 5.28, 5.2, 6.38 ],
			"rotationOrigin": [ 31.7, -5.0, 22.8 ],
			"faces": {
				"north": { "texture": "#emblem", "uv": [ 41.0, 10.0, 46.0, 20.0 ], "autoUv": false },
				"east": { "texture": "#emblem", "uv": [ 57.0, 10.0, 63.0, 20.0 ], "autoUv": false },
				"south": { "texture": "#emblem", "uv": [ 52.0, 10.0, 57.0, 20.0 ], "autoUv": false },
				"west": { "texture": "#emblem", "uv": [ 46.0, 10.0, 52.0, 20.0 ], "autoUv": false },
				"up": { "texture": "#emblem", "uv": [ 34.0, 7.5, 40.0, 12.5 ], "rotation": 90, "autoUv": false },
				"down": { "texture": "#null", "uv": [ 0.0, 0.0, 5.5, 6.5 ], "enabled": false }
			}
		},
		{
			"name": "ArmorHelmet",
			"stepParentName": "Head",
			"from": [ -0.2, -0.5, -0.6 ],
			"to": [ -0.2, -0.5, -0.6 ],
			"rotationOrigin": [ -0.2, -0.5, -0.6 ],
			"faces": {
				"north": { "texture": "#null", "uv": [ 0.0, 0.0, 0.5, 0.5 ], "enabled": false },
				"east": { "texture": "#null", "uv": [ 0.0, 0.0, 0.5, 0.5 ], "enabled": false },
				"south": { "texture": "#null", "uv": [ 0.0, 0.0, 0.5, 0.5 ], "enabled": false },
				"west": { "texture": "#null", "uv": [ 0.0, 0.0, 0.5, 0.5 ], "enabled": false },
				"up": { "texture": "#null", "uv": [ 0.0, 0.0, 0.5, 0.5 ], "enabled": false },
				"down": { "texture": "#null", "uv": [ 0.0, 0.0, 0.5, 0.5 ], "enabled": false }
			},
			"children": [
				{
					"name": "EmblemHead",
					"stepParentName": "Head",
					"from": [ 0.0, -0.6, -0.4 ],
					"to": [ 0.0, -0.6, -0.4 ],
					"rotationOrigin": [ 0.0, -0.6, -0.4 ],
					"faces": {
						"north": { "texture": "#null", "uv": [ 0.0, 0.0, 0.5, 0.5 ], "enabled": false },
						"east": { "texture": "#null", "uv": [ 0.0, 0.0, 0.5, 0.5 ], "enabled": false },
						"south": { "texture": "#null", "uv": [ 0.0, 0.0, 0.5, 0.5 ], "enabled": false },
						"west": { "texture": "#null", "uv": [ 0.0, 0.0, 0.5, 0.5 ], "enabled": false },
						"up": { "texture": "#null", "uv": [ 0.0, 0.0, 0.5, 0.5 ], "enabled": false },
						"down": { "texture": "#null", "uv": [ 0.0, 0.0, 0.5, 0.5 ], "enabled": false }
					},
					"children": [
						{
							"name": "cube451",
							"from": [ -0.5, -1.8, -0.4 ],
							"to": [ 6.7, 6.2, 6.1 ],
							"rotationOrigin": [ -0.3, -1.0, -0.2 ],
							"faces": {
								"north": { "texture": "#emblem", "uv": [ 32.0, 27.0, 39.0, 35.0 ], "autoUv": false },
								"east": { "texture": "#emblem", "uv": [ 52.0, 27.0, 58.0, 35.0 ], "autoUv": false },
								"south": { "texture": "#emblem", "uv": [ 45.0, 27.0, 52.0, 35.0 ], "autoUv": false },
								"west": { "texture": "#emblem", "uv": [ 39.0, 27.0, 45.0, 35.0 ], "autoUv": false },
								"up": { "texture": "#emblem", "uv": [ 39.0, 20.0, 45.0, 27.0 ], "rotation": 90, "autoUv": false, "windMode": [-1,-1,-1,-1] },
								"down": { "texture": "#emblem", "uv": [ 38.0, 26.0, 39.0, 27.0 ], "rotation": 270, "autoUv": false, "windMode": [-1,-1,-1,-1] }
							}
						},
						{
							"name": "cube452",
							"from": [ -0.21, -2.31, -0.01 ],
							"to": [ 6.01, 5.71, 5.71 ],
							"rotationOrigin": [ 0.0, -1.5, 0.2 ],
							"faces": {
								"north": { "texture": "#emblem", "uv": [ 8.0, 19.0, 14.0, 27.0 ], "autoUv": false },
								"east": { "texture": "#emblem", "uv": [ 25.0, 19.0, 30.0, 27.0 ], "autoUv": false },
								"south": { "texture": "#emblem", "uv": [ 19.0, 19.0, 25.0, 27.0 ], "autoUv": false },
								"west": { "texture": "#emblem", "uv": [ 14.0, 19.0, 19.0, 27.0 ], "autoUv": false },
								"up": { "texture": "#emblem", "uv": [ 14.0, 13.0, 19.0, 19.0 ], "rotation": 90, "autoUv": false },
								"down": { "texture": "#emblem", "uv": [ 38.0, 26.0, 39.0, 27.0 ], "rotation": 270, "autoUv": false }
							}
						}
					]
				}
			]
		},
		{
			"name": "Neck",
			"stepParentName": "Neck",
			"from": [ -0.2, -0.1, -0.2 ],
			"to": [ 3.2, 4.1, 3.2 ],
			"rotationOrigin": [ -0.2, -0.1, -0.2 ],
			"faces": {
				"north": { "texture": "#emblem", "uv": [ 12.0, 1.0, 15.0, 5.0 ], "autoUv": false },
				"east": { "texture": "#emblem", "uv": [ 21.0, 1.0, 24.0, 5.0 ], "autoUv": false },
				"south": { "texture": "#emblem", "uv": [ 18.0, 1.0, 21.0, 5.0 ], "autoUv": false },
				"west": { "texture": "#emblem", "uv": [ 15.0, 1.0, 18.0, 5.0 ], "autoUv": false },
				"up": { "texture": "#emblem", "uv": [ 24.0, 1.5, 27.0, 4.5 ], "rotation": 90, "autoUv": false },
				"down": { "texture": "#emblem", "uv": [ 24.0, 1.5, 27.0, 4.5 ], "rotation": 90, "autoUv": false }
			}
		},
		{
			"name": "piernarighthide",
			"stepParentName": "UpperFootR",
			"from": [ -0.5005, 0.0, -0.4 ],
			"to": [ 4.5995, 9.3, 3.6 ],
			"rotationOrigin": [ -0.3005, 0.0, -0.3995 ],
			"rotationY": 0.1,
			"faces": {
				"north": { "texture": "#emblem", "uv": [ 4.0, 37.0, 8.0, 46.0 ], "autoUv": false, "windMode": [-1,-1,-1,-1] },
				"east": { "texture": "#emblem", "uv": [ 1.0, 37.0, 4.0, 46.0 ], "autoUv": false, "windMode": [-1,-1,-1,-1] },
				"south": { "texture": "#null", "uv": [ 0.0, 0.0, 5.0, 9.0 ], "enabled": false },
				"west": { "texture": "#emblem", "uv": [ 8.0, 37.0, 11.0, 46.0 ], "autoUv": false, "windMode": [-1,-1,-1,-1] },
				"up": { "texture": "#emblem", "uv": [ 8.0, 33.0, 11.0, 37.0 ], "rotation": 90, "autoUv": false },
				"down": { "texture": "#null", "uv": [ 0.0, 0.0, 5.0, 4.0 ], "enabled": false }
			}
		},
		{
			"name": "piernalefthide",
			"stepParentName": "UpperFootL",
			"from": [ -0.5, 0.0, -0.4 ],
			"to": [ 4.6, 9.3, 3.6 ],
			"rotationOrigin": [ -0.3, 0.0, -0.3995 ],
			"rotationY": 0.1,
			"faces": {
				"north": { "texture": "#null", "uv": [ 0.0, 0.0, 5.0, 9.0 ], "enabled": false },
				"east": { "texture": "#emblem", "uv": [ 27.0, 37.0, 30.0, 46.0 ], "autoUv": false, "windMode": [-1,-1,-1,-1] },
				"south": { "texture": "#emblem", "uv": [ 23.0, 37.0, 27.0, 46.0 ], "autoUv": false, "windMode": [-1,-1,-1,-1] },
				"west": { "texture": "#emblem", "uv": [ 20.0, 37.0, 23.0, 46.0 ], "autoUv": false, "windMode": [-1,-1,-1,-1] },
				"up": { "texture": "#emblem", "uv": [ 20.0, 33.0, 23.0, 37.0 ], "rotation": 90, "autoUv": false },
				"down": { "texture": "#null", "uv": [ 0.0, 0.0, 5.0, 4.0 ], "enabled": false }
			}
		}
	]}