{
  "ingredientPattern": "G_,N_,PB",
  "width": 2,
  "height": 3,
  "ingredients": {
    "G": {
        "type": "block",
        "code": "game:glassslab-plain-*"
    },
    "N": {
        "type": "item",
        "code": "game:nugget-*",
        "allowedVariants": [ "hematite", "limonite", "magnetite" ]
    },
    "B": {
        "type": "block",
        "code": "game:bowl-*-fired"
    },
    "P": {
        "type": "item",
        "code": "compassframe-*",
        "name": "frame"
    }
  },
  "attributes": {
    "liquidContainerProps": {
      "requiresContent": {
        "type": "item",
        "code": "waterportion"
      },
      "requiresLitres": 1
    }
  },
  "output": {
    "type": "item",
    "code": "compass-plain-{frame}"
  }
}