{
	"editor": {
		"allAngles": false,
		"entityTextureMode": false
	},
	"textureWidth": 16,
	"textureHeight": 16,
	"textureSizes": {
	},
	"textures": {
		"birch": "block/wood/debarked/birch",
		"ashes": "block/wood/firepit/ground",
		"walnut-h": "block/wood/bark/walnut-h"
	},
	"elements": [
		{
			"name": "Ashes",
			"from": [ 1.0, 1.0, 0.01 ], 
			"to": [ 15.0, 15.0, 0.06 ], 
			"renderPass": 2,
			"rotationOrigin": [ 8.0, 8.0, 8.0 ],
			"rotationX": -90.0,
			"faces": {
				"north": { "texture": "#null", "uv": [ 0.0, 0.0, 14.0, 14.0 ], "enabled": false },
				"east": { "texture": "#null", "uv": [ 0.0, 0.0, 0.5, 14.0 ], "enabled": false },
				"south": { "texture": "#ashes", "uv": [ 1.0, 1.0, 15.0, 15.0 ] },
				"west": { "texture": "#null", "uv": [ 0.0, 0.0, 0.5, 14.0 ], "enabled": false },
				"up": { "texture": "#null", "uv": [ 0.0, 0.0, 14.0, 0.5 ], "enabled": false },
				"down": { "texture": "#null", "uv": [ 0.0, 0.0, 14.0, 0.5 ], "enabled": false }
			}
		},
		{
			"name": "Ember1",
			"from": [ 10.5, 0.0, 7.0 ], 
			"to": [ 12.5, 1.0, 9.0 ], 
			"faces": {
				"north": { "texture": "#ashes", "uv": [ 6.0, 5.0, 8.0, 6.0 ] },
				"east": { "texture": "#ashes", "uv": [ 7.0, 7.0, 9.0, 8.0 ] },
				"south": { "texture": "#ashes", "uv": [ 7.0, 4.0, 9.0, 5.0 ] },
				"west": { "texture": "#ashes", "uv": [ 6.0, 4.0, 8.0, 5.0 ] },
				"up": { "texture": "#ashes", "uv": [ 7.0, 5.0, 9.0, 7.0 ] },
				"down": { "texture": "#ashes", "uv": [ 0.0, 0.0, 2.0, 2.0 ], "enabled": false }
			}
		},
		{
			"name": "Ember2",
			"from": [ 10.5, 0.0, 6.0 ], 
			"to": [ 11.5, 0.7, 7.0 ], 
			"faces": {
				"north": { "texture": "#ashes", "uv": [ 7.0, 4.0, 8.0, 4.5 ] },
				"east": { "texture": "#ashes", "uv": [ 6.0, 5.0, 7.0, 5.5 ] },
				"south": { "texture": "#ashes", "uv": [ 8.0, 6.0, 9.0, 6.5 ] },
				"west": { "texture": "#ashes", "uv": [ 7.0, 5.0, 8.0, 5.5 ] },
				"up": { "texture": "#ashes", "uv": [ 7.0, 5.0, 8.0, 6.0 ] },
				"down": { "texture": "#ashes", "uv": [ 0.0, 0.0, 1.0, 1.0 ], "enabled": false }
			}
		},
		{
			"name": "Ember3",
			"from": [ 9.0, 0.0, 10.5 ], 
			"to": [ 10.0, 0.6, 11.5 ], 
			"faces": {
				"north": { "texture": "#ashes", "uv": [ 8.0, 4.0, 9.0, 4.5 ] },
				"east": { "texture": "#ashes", "uv": [ 7.0, 5.0, 8.0, 5.5 ] },
				"south": { "texture": "#ashes", "uv": [ 8.0, 4.0, 9.0, 4.5 ] },
				"west": { "texture": "#ashes", "uv": [ 6.0, 5.0, 7.0, 5.5 ] },
				"up": { "texture": "#ashes", "uv": [ 6.0, 6.0, 7.0, 7.0 ] },
				"down": { "texture": "#ashes", "uv": [ 0.0, 0.0, 1.0, 1.0 ], "enabled": false }
			}
		},
		{
			"name": "Ember4",
			"from": [ 11.0, 0.0, 9.0 ], 
			"to": [ 12.0, 0.6, 10.0 ], 
			"faces": {
				"north": { "texture": "#ashes", "uv": [ 7.0, 4.0, 8.0, 4.5 ] },
				"east": { "texture": "#ashes", "uv": [ 7.0, 4.0, 8.0, 4.5 ] },
				"south": { "texture": "#ashes", "uv": [ 8.0, 5.0, 9.0, 5.5 ] },
				"west": { "texture": "#ashes", "uv": [ 8.0, 4.0, 9.0, 4.5 ] },
				"up": { "texture": "#ashes", "uv": [ 8.0, 5.0, 9.0, 6.0 ] },
				"down": { "texture": "#ashes", "uv": [ 0.0, 0.0, 1.0, 1.0 ], "enabled": false }
			}
		},
		{
			"name": "Ember12",
			"from": [ 5.0, 0.0, 3.5 ], 
			"to": [ 7.0, 1.0, 5.5 ], 
			"faces": {
				"north": { "texture": "#ashes", "uv": [ 6.0, 5.0, 8.0, 6.0 ] },
				"east": { "texture": "#ashes", "uv": [ 7.0, 7.0, 9.0, 8.0 ] },
				"south": { "texture": "#ashes", "uv": [ 7.0, 4.0, 9.0, 5.0 ] },
				"west": { "texture": "#ashes", "uv": [ 6.0, 4.0, 8.0, 5.0 ] },
				"up": { "texture": "#ashes", "uv": [ 7.0, 5.0, 9.0, 7.0 ] },
				"down": { "texture": "#ashes", "uv": [ 0.0, 0.0, 2.0, 2.0 ], "enabled": false }
			}
		},
		{
			"name": "Ember13",
			"from": [ 8.0, 0.0, 4.0 ], 
			"to": [ 9.0, 0.5, 5.0 ], 
			"faces": {
				"north": { "texture": "#ashes", "uv": [ 7.0, 4.0, 8.0, 4.5 ] },
				"east": { "texture": "#ashes", "uv": [ 7.0, 4.0, 8.0, 4.5 ] },
				"south": { "texture": "#ashes", "uv": [ 8.0, 5.0, 9.0, 5.5 ] },
				"west": { "texture": "#ashes", "uv": [ 8.0, 4.0, 9.0, 4.5 ] },
				"up": { "texture": "#ashes", "uv": [ 8.0, 5.0, 9.0, 6.0 ] },
				"down": { "texture": "#ashes", "uv": [ 0.0, 0.0, 1.0, 1.0 ], "enabled": false }
			}
		},
		{
			"name": "Log-N",
			"from": [ -1.0, 1.4, 5.0 ], 
			"to": [ 9.0, 3.9, 7.5 ], 
			"rotationOrigin": [ 4.0, 1.4, 6.0 ],
			"rotationY": 67.5,
			"rotationZ": -22.5,
			"faces": {
				"north": { "texture": "#birch", "uv": [ 3.5, 6.5, 13.5, 9.0 ] },
				"east": { "texture": "#birch", "uv": [ 1.5, 7.0, 4.0, 9.5 ] },
				"south": { "texture": "#walnut-h", "uv": [ 3.0, 13.5, 13.0, 16.0 ] },
				"west": { "texture": "#birch", "uv": [ 13.0, 3.0, 15.5, 5.5 ] },
				"up": { "texture": "#walnut-h", "uv": [ 4.5, 0.0, 14.5, 2.5 ] },
				"down": { "texture": "#birch", "uv": [ 3.5, 7.5, 13.5, 10.0 ] }
			}
		},
		{
			"name": "Log-S",
			"from": [ 6.0, -0.1, 5.0 ], 
			"to": [ 16.0, 2.4, 7.5 ], 
			"rotationOrigin": [ 14.0, -0.1, 7.0 ],
			"rotationY": 67.5,
			"faces": {
				"north": { "texture": "#birch", "uv": [ 3.5, 6.5, 13.5, 9.0 ] },
				"east": { "texture": "#birch", "uv": [ 1.5, 7.0, 4.0, 9.5 ] },
				"south": { "texture": "#walnut-h", "uv": [ 4.0, 13.0, 14.0, 15.5 ] },
				"west": { "texture": "#birch", "uv": [ 13.0, 3.0, 15.5, 5.5 ] },
				"up": { "texture": "#walnut-h", "uv": [ 3.0, 13.0, 13.0, 15.5 ] },
				"down": { "texture": "#birch", "uv": [ 3.5, 7.5, 13.5, 10.0 ], "enabled": false }
			}
		},
		{
			"name": "Log-N15",
			"from": [ 5.8, 0.8, 3.0 ], 
			"to": [ 15.8, 2.8, 5.5 ], 
			"rotationOrigin": [ 10.8, 0.8, 4.5 ],
			"rotationX": -7.5,
			"rotationY": -16.0,
			"rotationZ": 21.5,
			"faces": {
				"north": { "texture": "#walnut-h", "uv": [ 1.0, 1.0, 11.0, 3.0 ] },
				"east": { "texture": "#birch", "uv": [ 2.0, 7.0, 4.5, 9.0 ] },
				"south": { "texture": "#birch", "uv": [ 0.5, 8.0, 10.5, 10.0 ] },
				"west": { "texture": "#birch", "uv": [ 13.0, 3.0, 15.5, 5.0 ], "enabled": false },
				"up": { "texture": "#birch", "uv": [ 3.5, 9.0, 13.5, 11.5 ] },
				"down": { "texture": "#walnut-h", "uv": [ 3.5, 13.5, 13.5, 16.0 ] }
			}
		},
		{
			"name": "Log-W",
			"from": [ -1.5, -0.3, 8.0 ], 
			"to": [ 8.5, 2.2, 10.5 ], 
			"rotationOrigin": [ 3.5, -0.3, 9.0 ],
			"rotationY": 112.5,
			"faces": {
				"north": { "texture": "#birch", "uv": [ 3.5, 6.5, 13.5, 9.0 ] },
				"east": { "texture": "#birch", "uv": [ 1.5, 7.0, 4.0, 9.5 ] },
				"south": { "texture": "#walnut-h", "uv": [ 0.5, 8.0, 10.5, 10.5 ] },
				"west": { "texture": "#birch", "uv": [ 13.0, 3.0, 15.5, 5.5 ] },
				"up": { "texture": "#walnut-h", "uv": [ 2.5, 0.0, 12.5, 2.5 ] },
				"down": { "texture": "#birch", "uv": [ 3.5, 7.5, 13.5, 10.0 ], "enabled": false }
			}
		},
		{
			"name": "Log-N17",
			"from": [ 2.8, 2.1, 11.2 ], 
			"to": [ 12.8, 4.6, 13.7 ], 
			"rotationOrigin": [ 7.8, 2.1, 12.7 ],
			"rotationX": 7.5,
			"rotationY": 7.0,
			"rotationZ": 3.5,
			"faces": {
				"north": { "texture": "#birch", "uv": [ 2.5, 6.5, 12.5, 9.0 ] },
				"east": { "texture": "#birch", "uv": [ 1.5, 7.0, 4.0, 9.5 ] },
				"south": { "texture": "#walnut-h", "uv": [ 1.5, 8.0, 11.5, 10.5 ] },
				"west": { "texture": "#birch", "uv": [ 13.0, 3.0, 15.5, 5.5 ] },
				"up": { "texture": "#walnut-h", "uv": [ 2.5, 7.0, 12.5, 9.5 ] },
				"down": { "texture": "#birch", "uv": [ 3.5, 7.5, 13.5, 10.0 ] }
			}
		}
	]}