{
	"editor": {
		"allAngles": false,
		"entityTextureMode": false
	},
	"textureWidth": 16,
	"textureHeight": 16,
	"textureSizes": {
	},
	"textures": {
		"walnut-h": "block/wood/bark/walnut-h",
		"birch": "block/wood/debarked/birch"
	},
	"elements": [
		{
			"name": "Ashes",
			"from": [ 1.0, 1.0, 0.01 ],
			"to": [ 15.0, 15.0, 0.06 ],
			"renderPass": 2,
			"rotationOrigin": [ 8.0, 8.0, 8.0 ],
			"rotationX": -90.0,
			"faces": {
				"south": { "texture": "#ashes", "uv": [ 1.0, 1.0, 15.0, 15.0 ] }
			}
		},
		{
			"name": "Ember",
			"from": [ 7.0, 0.0, 7.0 ],
			"to": [ 9.0, 2.0, 9.0 ],
			"faces": {
				"north": { "texture": "#fire", "uv": [ 6.0, 5.0, 8.0, 7.0 ], "glow": 160 },
				"east": { "texture": "#fire", "uv": [ 7.0, 7.0, 9.0, 9.0 ], "glow": 160 },
				"south": { "texture": "#fire", "uv": [ 7.0, 4.0, 9.0, 6.0 ], "glow": 160 },
				"west": { "texture": "#fire", "uv": [ 6.0, 4.0, 8.0, 6.0 ], "glow": 160 },
				"up": { "texture": "#fire", "uv": [ 7.0, 5.0, 9.0, 7.0 ], "glow": 160 }
			}
		},
		{
			"name": "Ember",
			"from": [ 7.0, 0.0, 6.0 ],
			"to": [ 8.0, 1.0, 7.0 ],
			"faces": {
				"north": { "texture": "#fire", "uv": [ 7.0, 4.0, 8.0, 5.0 ], "glow": 160 },
				"east": { "texture": "#fire", "uv": [ 6.0, 5.0, 7.0, 6.0 ], "glow": 160 },
				"south": { "texture": "#fire", "uv": [ 8.0, 6.0, 9.0, 7.0 ], "glow": 160 },
				"west": { "texture": "#fire", "uv": [ 7.0, 5.0, 8.0, 6.0 ], "glow": 160 },
				"up": { "texture": "#fire", "uv": [ 7.0, 5.0, 8.0, 6.0 ], "glow": 160 }
			}
		},
		{
			"name": "Ember",
			"from": [ 9.0, 0.0, 8.0 ],
			"to": [ 10.0, 1.0, 9.0 ],
			"faces": {
				"north": { "texture": "#fire", "uv": [ 8.0, 4.0, 9.0, 5.0 ], "glow": 160 },
				"east": { "texture": "#fire", "uv": [ 7.0, 5.0, 8.0, 6.0 ], "glow": 160 },
				"south": { "texture": "#fire", "uv": [ 8.0, 4.0, 9.0, 5.0 ], "glow": 160 },
				"west": { "texture": "#fire", "uv": [ 6.0, 5.0, 7.0, 6.0 ], "glow": 160 },
				"up": { "texture": "#fire", "uv": [ 6.0, 6.0, 7.0, 7.0 ], "glow": 160 }
			}
		},
		{
			"name": "Ember",
			"from": [ 7.0, 0.0, 9.0 ],
			"to": [ 8.0, 1.0, 10.0 ],
			"faces": {
				"north": { "texture": "#fire", "uv": [ 7.0, 4.0, 8.0, 5.0 ], "glow": 160 },
				"east": { "texture": "#fire", "uv": [ 7.0, 4.0, 8.0, 5.0 ], "glow": 160 },
				"south": { "texture": "#fire", "uv": [ 8.0, 5.0, 9.0, 6.0 ], "glow": 160 },
				"west": { "texture": "#fire", "uv": [ 8.0, 4.0, 9.0, 5.0 ], "glow": 160 },
				"up": { "texture": "#fire", "uv": [ 8.0, 5.0, 9.0, 6.0 ], "glow": 160 }
			}
		},
		{
			"name": "Log-N",
			"from": [ -0.4, 0.0, 7.0 ],
			"to": [ 9.6, 2.5, 9.5 ],
			"rotationOrigin": [ 4.6, 0.0, 8.0 ],
			"rotationY": -67.5,
			"faces": {
				"north": { "texture": "#birch", "uv": [ 3.5, 6.5, 13.5, 9.0 ] },
				"east": { "texture": "#birch", "uv": [ 13.0, 6.5, 15.5, 9.0 ] },
				"south": { "texture": "#walnut-h", "uv": [ 2.0, 5.5, 12.0, 8.0 ] },
				"west": { "texture": "#birch", "uv": [ 1.0, 6.0, 3.5, 8.5 ] },
				"up": { "texture": "#walnut-h", "uv": [ 2.5, 1.5, 12.5, 4.0 ] },
				"down": { "texture": "#birch", "uv": [ 3.5, 7.5, 13.5, 10.0 ] }
			}
		},
		{
			"name": "Log-S",
			"from": [ 3.3, -0.1, 5.0 ],
			"to": [ 13.3, 2.4, 7.5 ],
			"rotationOrigin": [ 11.3, -0.1, 7.0 ],
			"rotationY": 67.5,
			"faces": {
				"north": { "texture": "#birch", "uv": [ 3.5, 6.5, 13.5, 9.0 ] },
				"east": { "texture": "#birch", "uv": [ 5.5, 7.5, 8.0, 10.0 ] },
				"south": { "texture": "#walnut-h", "uv": [ 4.0, 13.0, 14.0, 15.5 ] },
				"west": { "texture": "#birch", "uv": [ 13.5, 6.5, 16.0, 9.0 ] },
				"up": { "texture": "#walnut-h", "uv": [ 5.5, 10.5, 15.5, 13.0 ] }
			}
		},
		{
			"name": "Log-N15",
			"from": [ 3.5, 3.0, 8.2 ],
			"to": [ 13.5, 5.0, 10.7 ],
			"rotationOrigin": [ 8.5, 3.0, 9.7 ],
			"rotationX": -7.5,
			"rotationY": -43.0,
			"rotationZ": -46.5,
			"faces": {
				"north": { "texture": "#walnut-h", "uv": [ 0.5, 6.5, 10.5, 8.5 ] },
				"east": { "texture": "#birch", "uv": [ 3.5, 9.5, 6.0, 11.5 ] },
				"south": { "texture": "#birch", "uv": [ 6.0, 7.0, 16.0, 9.0 ] },
				"west": { "texture": "#birch", "uv": [ 8.5, 3.5, 11.0, 5.5 ], "windMode": [-1,-1,-1,-1] },
				"up": { "texture": "#birch", "uv": [ 5.5, 3.0, 15.5, 5.5 ] },
				"down": { "texture": "#walnut-h", "uv": [ 2.5, 9.5, 12.5, 12.0 ] }
			}
		},
		{
			"name": "Log-W",
			"from": [ 1.5, 1.4, 6.0 ],
			"to": [ 11.5, 3.9, 8.5 ],
			"rotationOrigin": [ 6.5, 1.4, 7.0 ],
			"rotationY": 68.5,
			"rotationZ": -23.0,
			"faces": {
				"north": { "texture": "#birch", "uv": [ 3.5, 6.5, 13.5, 9.0 ] },
				"east": { "texture": "#birch", "uv": [ 1.5, 6.5, 4.0, 9.0 ] },
				"south": { "texture": "#walnut-h", "uv": [ 1.0, 8.0, 11.0, 10.5 ] },
				"west": { "texture": "#birch", "uv": [ 13.5, 6.5, 16.0, 9.0 ] },
				"up": { "texture": "#walnut-h", "uv": [ 2.5, 6.5, 12.5, 9.0 ] },
				"down": { "texture": "#birch", "uv": [ 3.5, 9.0, 13.5, 11.5 ], "windMode": [-1,-1,-1,-1] }
			}
		},
		{
			"name": "Log-N17",
			"from": [ 3.8, 2.8, 4.0 ],
			"to": [ 13.8, 5.3, 6.5 ],
			"rotationOrigin": [ 8.8, 2.8, 5.5 ],
			"rotationZ": -33.5,
			"faces": {
				"north": { "texture": "#birch", "uv": [ 2.5, 6.5, 12.5, 9.0 ] },
				"east": { "texture": "#birch", "uv": [ 5.5, 7.5, 8.0, 10.0 ] },
				"south": { "texture": "#walnut-h", "uv": [ 1.5, 8.0, 11.5, 10.5 ] },
				"west": { "texture": "#birch", "uv": [ 13.0, 6.5, 15.5, 9.0 ] },
				"up": { "texture": "#walnut-h", "uv": [ 1.0, 5.0, 11.0, 7.5 ] },
				"down": { "texture": "#birch", "uv": [ 3.0, 9.5, 13.0, 12.0 ] }
			}
		}
	]}