{
	"editor": {
		"backDropShape": "entity/humanoid/seraph",
		"allAngles": false,
		"entityTextureMode": true
	},
	"textureWidth": 16,
	"textureHeight": 16,
	"textureSizes": {
	},
	"textures": {
		"ribbon-head-side": "entity/humanoid/seraphclothes/head/ribbon-head-side"
	},
	"elements": [
		{
			"name": "Cube2",
			"stepParentName": "Head",
			"from": [ -5.0, 3.0, 6.0 ],
			"to": [ -5.0, 3.0, 6.0 ],
			"uv": [ 14.0, 14.5 ],
			"rotationOrigin": [ 3.0, 3.0, 6.0 ],
			"faces": {
				"north": { "texture": "#ribbon-head-side", "uv": [ 14.0, 15.0, 14.5, 15.5 ] },
				"east": { "texture": "#ribbon-head-side", "uv": [ 14.5, 15.0, 15.0, 15.5 ] },
				"south": { "texture": "#ribbon-head-side", "uv": [ 15.0, 15.0, 15.5, 15.5 ] },
				"west": { "texture": "#ribbon-head-side", "uv": [ 15.5, 15.0, 16.0, 15.5 ] },
				"up": { "texture": "#ribbon-head-side", "uv": [ 14.0, 14.5, 14.5, 15.0 ] },
				"down": { "texture": "#ribbon-head-side", "uv": [ 14.5, 14.5, 15.0, 15.0 ] }
			},
			"children": [
				{
					"name": "cube",
					"from": [ 8.3, -3.0, -1.0 ],
					"to": [ 9.3, 0.0, 0.0 ],
					"uv": [ 8.0, 11.0 ],
					"rotationOrigin": [ 8.0, -3.0, 0.0 ],
					"rotationZ": 7.5,
					"faces": {
						"north": { "texture": "#ribbon-head-side", "uv": [ 8.0, 12.0, 9.0, 15.0 ] },
						"east": { "texture": "#ribbon-head-side", "uv": [ 9.0, 12.0, 10.0, 15.0 ] },
						"south": { "texture": "#ribbon-head-side", "uv": [ 10.0, 12.0, 11.0, 15.0 ] },
						"west": { "texture": "#ribbon-head-side", "uv": [ 11.0, 12.0, 12.0, 15.0 ] },
						"up": { "texture": "#ribbon-head-side", "uv": [ 8.0, 11.0, 9.0, 12.0 ] },
						"down": { "texture": "#ribbon-head-side", "uv": [ 9.0, 11.0, 10.0, 12.0 ] }
					}
				},
				{
					"name": "cube",
					"from": [ 7.0, -1.0, -1.0 ],
					"to": [ 10.0, 2.0, -0.1 ],
					"uv": [ 9.0, 0.0 ],
					"rotationOrigin": [ 10.0, -1.0, 0.0 ],
					"rotationZ": -27.5,
					"faces": {
						"north": { "texture": "#ribbon-head-side", "uv": [ 9.0, 0.5, 12.0, 3.5 ] },
						"east": { "texture": "#ribbon-head-side", "uv": [ 12.0, 0.5, 12.5, 3.5 ] },
						"south": { "texture": "#ribbon-head-side", "uv": [ 12.5, 0.5, 15.5, 3.5 ] },
						"west": { "texture": "#ribbon-head-side", "uv": [ 15.5, 0.5, 16.0, 3.5 ] },
						"up": { "texture": "#ribbon-head-side", "uv": [ 9.0, 0.0, 12.0, 0.5 ] },
						"down": { "texture": "#ribbon-head-side", "uv": [ 12.0, 0.0, 15.0, 0.5 ] }
					}
				},
				{
					"name": "cube",
					"from": [ 8.0, -1.0, -1.0 ],
					"to": [ 10.0, 1.0, 0.0 ],
					"uv": [ 10.0, 4.0 ],
					"rotationOrigin": [ 10.0, -1.0, 0.0 ],
					"rotationZ": -45.0,
					"faces": {
						"north": { "texture": "#ribbon-head-side", "uv": [ 10.0, 5.0, 12.0, 7.0 ] },
						"east": { "texture": "#ribbon-head-side", "uv": [ 12.0, 5.0, 13.0, 7.0 ] },
						"south": { "texture": "#ribbon-head-side", "uv": [ 13.0, 5.0, 15.0, 7.0 ] },
						"west": { "texture": "#ribbon-head-side", "uv": [ 15.0, 5.0, 16.0, 7.0 ] },
						"up": { "texture": "#ribbon-head-side", "uv": [ 10.0, 4.0, 12.0, 5.0 ] },
						"down": { "texture": "#ribbon-head-side", "uv": [ 12.0, 4.0, 14.0, 5.0 ] }
					}
				},
				{
					"name": "cube",
					"from": [ 6.0, -1.0, -1.0 ],
					"to": [ 8.0, 1.0, 0.0 ],
					"uv": [ 0.0, 4.0 ],
					"rotationOrigin": [ 6.0, -1.0, 0.0 ],
					"rotationZ": 45.0,
					"faces": {
						"north": { "texture": "#ribbon-head-side", "uv": [ 0.0, 5.0, 2.0, 7.0 ] },
						"east": { "texture": "#ribbon-head-side", "uv": [ 2.0, 5.0, 3.0, 7.0 ] },
						"south": { "texture": "#ribbon-head-side", "uv": [ 3.0, 5.0, 5.0, 7.0 ] },
						"west": { "texture": "#ribbon-head-side", "uv": [ 5.0, 5.0, 6.0, 7.0 ] },
						"up": { "texture": "#ribbon-head-side", "uv": [ 0.0, 4.0, 2.0, 5.0 ] },
						"down": { "texture": "#ribbon-head-side", "uv": [ 2.0, 4.0, 4.0, 5.0 ] }
					}
				},
				{
					"name": "cube",
					"from": [ 6.0, -1.0, -1.0 ],
					"to": [ 9.0, 2.0, -0.1 ],
					"uv": [ 0.0, 0.0 ],
					"rotationOrigin": [ 6.0, -1.0, 0.0 ],
					"rotationZ": 27.5,
					"faces": {
						"north": { "texture": "#ribbon-head-side", "uv": [ 0.0, 0.5, 3.0, 3.5 ] },
						"east": { "texture": "#ribbon-head-side", "uv": [ 3.0, 0.5, 3.5, 3.5 ] },
						"south": { "texture": "#ribbon-head-side", "uv": [ 3.5, 0.5, 6.5, 3.5 ] },
						"west": { "texture": "#ribbon-head-side", "uv": [ 6.5, 0.5, 7.0, 3.5 ] },
						"up": { "texture": "#ribbon-head-side", "uv": [ 0.0, 0.0, 3.0, 0.5 ] },
						"down": { "texture": "#ribbon-head-side", "uv": [ 3.0, 0.0, 6.0, 0.5 ] }
					}
				},
				{
					"name": "cube",
					"from": [ 6.7, -3.0, -1.0 ],
					"to": [ 7.7, 0.0, 0.0 ],
					"uv": [ 1.5, 10.5 ],
					"rotationOrigin": [ 8.0, -3.0, 0.0 ],
					"rotationZ": -7.5,
					"faces": {
						"north": { "texture": "#ribbon-head-side", "uv": [ 1.5, 11.5, 2.5, 14.5 ] },
						"east": { "texture": "#ribbon-head-side", "uv": [ 2.5, 11.5, 3.5, 14.5 ] },
						"south": { "texture": "#ribbon-head-side", "uv": [ 3.5, 11.5, 4.5, 14.5 ] },
						"west": { "texture": "#ribbon-head-side", "uv": [ 4.5, 11.5, 5.5, 14.5 ] },
						"up": { "texture": "#ribbon-head-side", "uv": [ 1.5, 10.5, 2.5, 11.5 ] },
						"down": { "texture": "#ribbon-head-side", "uv": [ 2.5, 10.5, 3.5, 11.5 ] }
					}
				},
				{
					"name": "cube",
					"from": [ 7.0, 0.0, -1.0 ],
					"to": [ 9.0, 2.0, 0.3 ],
					"uv": [ 5.0, 7.5 ],
					"rotationOrigin": [ 8.0, 0.0, 0.0 ],
					"faces": {
						"north": { "texture": "#ribbon-head-side", "uv": [ 5.0, 8.5, 7.0, 10.5 ] },
						"east": { "texture": "#ribbon-head-side", "uv": [ 7.0, 8.5, 8.0, 10.5 ] },
						"south": { "texture": "#ribbon-head-side", "uv": [ 8.0, 8.5, 10.0, 10.5 ] },
						"west": { "texture": "#ribbon-head-side", "uv": [ 10.0, 8.5, 11.0, 10.5 ] },
						"up": { "texture": "#ribbon-head-side", "uv": [ 5.0, 7.5, 7.0, 8.5 ] },
						"down": { "texture": "#ribbon-head-side", "uv": [ 7.0, 7.5, 9.0, 8.5 ] }
					}
				}
			]
		}
	]}