{
  "editor": {
    "allAngles": false,
    "entityTextureMode": false
  },
  "textureWidth": 16,
  "textureHeight": 16,
  "textureSizes": {},
  "textures": {},
  "elements": [
    {
      "name": "Element",
      "from": [0.0, 0.0, 0.0],
      "to": [16.0, 15.055, 16.0],
      "renderPass": 3,
      "faces": {
        "north": {
          "texture": "#side",
          "uv": [0.0, 0.0, 16.0, 15.0],
          "enabled": false
        },
        "east": {
          "texture": "#side",
          "uv": [0.0, 0.0, 16.0, 15.0],
          "enabled": false
        },
        "south": {
          "texture": "#side",
          "uv": [0.0, 0.0, 16.0, 15.0],
          "enabled": false
        },
        "west": {
          "texture": "#side",
          "uv": [0.0, 0.0, 16.0, 15.0],
          "enabled": false
        },
        "up": { "texture": "#side", "uv": [0.0, 0.0, 16.0, 16.0] },
        "down": {
          "texture": "#bottom",
          "uv": [0.0, 0.0, 16.0, 16.0],
          "enabled": false
        }
      }
    }
  ]
}
