{
    "code": "coin",
    "class": "coin",
    "maxstacksize": 100,
    "dimensions": {
        "width": 0.0625,
        "height": 0.0625,
        "length": 0.0625
    },
    "storageFlags": 69,
    "variantgroups": [
        {
            "code": "metal",
            "loadFromProperties": "game:block/metal"
        },
        {
            "code": "shape",
            "states": [
                "square",
                "circle"
            ]
        },
        {
            "code": "size",
            "states": [
                "sm",
                "md",
                "lg"
            ]
        }
    ],
    "creativeinventory": {},
    "attributes": {
        "displaycaseable": true,
        "handbook": {
            "exclude": true
        },
        "onDisplayTransform": {
            "translation": {
                "x": 0,
                "y": -0.11,
                "z": 0
            },
            "rotation": {
                "x": 0,
                "y": 45,
                "z": 0
            },
            "scale": 0.75
        },
        "onCoinstandTransform": {
            "translationByType": {
                "*-sm": {
                    "x": -0.5,
                    "y": -0.16,
                    "z": -0.44
                },
                "*-md": {
                    "x": -0.5,
                    "y": -0.14,
                    "z": -0.44
                },
                "*-circle-lg": {
                    "x": -0.5,
                    "y": -0.09,
                    "z": -0.44
                },
                "*": {
                    "x": -0.5,
                    "y": -0.13,
                    "z": -0.45
                }
            },
            "rotation": {
                "x": 75,
                "y": -90,
                "z": 0
            },
            "origin": {
                "x": 0.5,
                "y": 0.25,
                "z": 0.5
            },
            "scaleByType": {
                "*-circle-lg": 0.28,
                "*": 0.3
            }
        },
        "coinStack": {
            "rowsAndColsByType": {
                "*-sm": 5,
                "*-md": 4,
                "*-lg": 3
            },
            "layers": 23,
            "scaleXZByType": {
                "*-square-sm": 0.26,
                "*-square-md": 0.33,
                "*-square-lg": 0.42,
                "*-circle-sm": 0.21,
                "*-circle-md": 0.26,
                "*-circle-lg": 0.35
            },
            "scaleY": 0.86,
            "offsetXZByType": {
                "*-square-*": 11.5,
                "*-circle-*": 15
            },
            "offsetY": 0.8,
            "stackingModel": "block/stackable/coin-{shape}-hd",
            "stackingModelLD": "block/stackable/coin-{shape}-ld"
        }
    },
    "behaviors": [
        {
            "name": "GroundStorable",
            "properties": {
                "layout": "Stacking",
                "placeRemoveSound": "sounds/coindrop",
                "stackingModel": "block/legacycoinstack/coinstack-square-{size}",
                "stackingTextures": {
                    "m": "game:block/metal/sheet/{metal}1"
                },
                "modelItemsToStackSizeRatioByType": {
                    "*-square-*": 5,
                    "*-circle-*": 21
                },
                "stackingCapacityByType": {
                    "*-sm": 575,
                    "*-md": 368,
                    "*-lg": 207
                },
                "transferQuantity": 1,
                "bulkTransferQuantity": 25,
                "collisionBox": {
                    "x1": 0,
                    "y1": 0,
                    "z1": 0,
                    "x2": 1,
                    "y2": 0.0434,
                    "z2": 1
                },
                "cbScaleYByLayerByType": {
                    "*-sm": 0.04,
                    "*-md": 0.06,
                    "*-lg": 0.11
                }
            }
        }
    ],
    "textures": {
        "metal": {
            "base": "game:block/metal/sheet/{metal}1",
            "alternates": [
                {
                    "base": "game:block/metal/sheet/{metal}2"
                },
                {
                    "base": "game:block/metal/sheet/{metal}3"
                },
                {
                    "base": "game:block/metal/sheet/{metal}4"
                },
                {
                    "base": "game:block/metal/sheet/{metal}5"
                }
            ]
        },
        "metal_dark": {
            "base": "game:block/metal/sheet/{metal}1",
            "overlays": [
                "game:block/slightlydarker"
            ]
        }
    },
    "shape": {
        "base": "item/coin/coin-{shape}-{size}"
    },
    "materialDensityByType": {
        "*-copper-*": 8960,
        "*-brass-*": 8500,
        "*-tinbronze-*": 7600,
        "*-bismuthbronze-*": 7900,
        "*-blackbronze-*": 9000,
        "*-iron-*": 7870,
        "*-meteoriciron-*": 7870,
        "*-gold-*": 19300,
        "*-lead-*": 11300,
        "*-electrum": 8900,
        "*-tin-*": 7260,
        "*-chromium-*": 7150,
        "*-platinum-*": 21500,
        "*-zinc-*": 7140,
        "*-silver-*": 10500,
        "*-bismuth-*": 9790,
        "*-molybdochalkos-*": 9600,
        "*-nickel-*": 8800,
        "*-cupronickel-*": 8940,
        "*-steel-*": 7820,
        "*-stainlesssteel-*": 7700,
        "*-uranium-*": 18900,
        "*-titanium-*": 4510
    },
    "combustibleProps": {
        "meltingPointByType": {
            "*-copper-*": 1084,
            "*-brass-*": 920,
            "*-tinbronze-*": 950,
            "*-bismuthbronze-*": 850,
            "*-blackbronze-*": 1020,
            "*-iron-*": 1482,
            "*-meteoriciron-*": 1482,
            "*-gold-*": 1062,
            "*-lead-*": 327,
            "*-electrum-*": 1010,
            "*-tin-*": 232,
            "*-chromium-*": 1907,
            "*-platinum-*": 1770,
            "*-zinc-*": 419,
            "*-silver-*": 961,
            "*-bismuth-*": 271,
            "*-molybdochalkos-*": 902,
            "*-nickel-*": 1455,
            "*-cupronickel-*": 1171,
            "*-steel-*": 1502,
            "*-stainlesssteel-*": 1530,
            "*-uranium-*": 1133,
            "*-titanium-*": 1668
        },
        "smeltedRatioByType": {
            "*-sm": 80,
            "*-md": 40,
            "*-lg": 10
        },
        "meltingDuration": 30,
        "smeltedStack": {
            "type": "item",
            "code": "game:ingot-{metal}",
            "stackSize": 2
        }
    },
    "heldRightTpIdleAnimation": "holdinglanternrighthand",
    "heldLeftTpIdleAnimation": "holdinglanternlefthand",
    "fpHandTransform": {
        "translation": {
            "x": 0.25,
            "y": -0.1,
            "z": 0
        },
        "rotation": {
            "x": 19,
            "y": -129,
            "z": -17
        }
    },
    "guiTransform": {
        "translation": {
            "x": 3,
            "y": 0,
            "z": 0
        },
        "rotation": {
            "x": -49,
            "y": -45,
            "z": 0
        },
        "origin": {
            "x": 0,
            "y": 0.8,
            "z": 0
        },
        "scale": 1.76
    },
    "tpHandTransform": {
        "translation": {
            "x": -2.1,
            "y": -1.1,
            "z": -1.4
        },
        "rotation": {
            "x": 8,
            "y": -158,
            "z": 12
        }
    },
    "groundTransform": {
        "translation": {
            "x": 0,
            "y": 0,
            "z": 0
        },
        "rotation": {
            "x": 0,
            "y": 0,
            "z": 0
        },
        "origin": {
            "x": 0,
            "y": 0,
            "z": 0
        },
        "scale": 1.5
    }
}
