{
	"editor": {
		"allAngles": true,
		"entityTextureMode": true
	},
	"textureWidth": 36,
	"textureHeight": 52,
	"textureSizes": {
		"skin": [36,52]
	},
	"textures": {
	},
	"elements": [
		{
			"name": "Origin",
			"from": [ 7.5, 1.5, 8.0 ],
			"to": [ 7.5, 1.5, 8.0 ],
			"uv": [ 0.0, 0.0 ],
			"rotationOrigin": [ 8.0, 0.0, 8.0 ],
			"faces": {
			},
			"children": [
				{
					"name": "Rear",
					"from": [ 2.9, 6.1, -1.75 ],
					"to": [ 6.9, 12.0, 1.75 ],
					"unwrapMode": 7,
					"unwrapRotation": 1,
					"autoUnwrap": false,
					"uv": [ 0.5, 26.0 ],
					"rotationOrigin": [ 2.9, 8.9, 0.0 ],
					"rotationZ": -2.0,
					"faces": {
						"north": { "texture": "#skin", "uv": [ 9.5, 31.5, 15.0, 35.5 ], "rotation": 90 },
						"east": { "texture": "#skin", "uv": [ 6.0, 35.5, 9.5, 41.0 ] },
						"south": { "texture": "#skin", "uv": [ 0.5, 31.5, 6.0, 35.5 ], "rotation": 270 },
						"west": { "texture": "#skin", "uv": [ 14.5, 42.5, 18.0, 48.0 ], "windMode": [-1,-1,-1,-1] },
						"up": { "texture": "#skin", "uv": [ 6.0, 31.5, 9.5, 35.5 ], "rotation": 270 },
						"down": { "texture": "#skin", "uv": [ 15.0, 31.5, 18.5, 35.5 ], "rotation": 90 }
					},
					"children": [
						{
							"name": "L Haunch",
							"from": [ 1.1, -0.2, 2.6 ],
							"to": [ 4.1, 4.5, 4.1 ],
							"unwrapMode": 3,
							"uv": [ 19.0, 20.0 ],
							"rotationOrigin": [ 2.7, 3.2, 3.4 ],
							"rotationX": 3.0,
							"rotationZ": -1.0,
							"faces": {
								"north": { "texture": "#skin", "uv": [ 25.0, 21.5, 28.0, 26.0 ] },
								"east": { "texture": "#skin", "uv": [ 23.5, 21.5, 25.0, 26.0 ] },
								"south": { "texture": "#skin", "uv": [ 20.5, 21.5, 23.5, 26.0 ] },
								"west": { "texture": "#skin", "uv": [ 19.0, 21.5, 20.5, 26.0 ] },
								"up": { "texture": "#skin", "uv": [ 20.5, 20.0, 23.5, 21.5 ], "windMode": [-1,-1,-1,-1], "windData": [0,0,1,1] },
								"down": { "texture": "#skin", "uv": [ 20.5, 26.0, 23.5, 27.5 ], "rotation": 180 }
							},
							"children": [
								{
									"name": "L LegUp",
									"from": [ 0.0, -4.0, 0.2 ],
									"to": [ 1.5, 0.0, 1.4 ],
									"unwrapMode": 3,
									"uv": [ 20.0, 28.0 ],
									"rotationOrigin": [ 0.0, 0.0, 0.9 ],
									"rotationX": 1.0,
									"rotationZ": 35.0,
									"faces": {
										"north": { "texture": "#skin", "uv": [ 23.5, 29.0, 25.0, 33.0 ] },
										"east": { "texture": "#skin", "uv": [ 22.5, 29.0, 23.5, 33.0 ] },
										"south": { "texture": "#skin", "uv": [ 21.0, 29.0, 22.5, 33.0 ] },
										"west": { "texture": "#skin", "uv": [ 20.0, 29.0, 21.0, 33.0 ] },
										"up": { "texture": "#skin", "uv": [ 21.0, 28.0, 22.5, 29.0 ] },
										"down": { "texture": "#skin", "uv": [ 21.0, 33.0, 22.5, 34.0 ], "rotation": 180 }
									},
									"children": [
										{
											"name": "L LegLow",
											"from": [ 0.4, -3.7, 0.1 ],
											"to": [ 1.4, 0.3, 1.1 ],
											"unwrapMode": 3,
											"uv": [ 20.0, 34.5 ],
											"rotationOrigin": [ 1.0, 0.2, 0.6 ],
											"rotationX": -4.0,
											"rotationZ": -34.0,
											"faces": {
												"north": { "texture": "#skin", "uv": [ 23.0, 35.5, 24.0, 39.5 ] },
												"east": { "texture": "#skin", "uv": [ 22.0, 35.5, 23.0, 39.5 ] },
												"south": { "texture": "#skin", "uv": [ 21.0, 35.5, 22.0, 39.5 ] },
												"west": { "texture": "#skin", "uv": [ 20.0, 35.5, 21.0, 39.5 ] },
												"up": { "texture": "#skin", "uv": [ 21.0, 34.5, 22.0, 35.5 ] },
												"down": { "texture": "#skin", "uv": [ 21.0, 39.5, 22.0, 40.5 ], "rotation": 180 }
											},
											"children": [
												{
													"name": "L Hind Pastern",
													"from": [ 0.1, -0.9, 0.1 ],
													"to": [ 0.9, 0.6, 0.9 ],
													"unwrapMode": 3,
													"uv": [ 21.0, 42.0 ],
													"rotationOrigin": [ 0.6, 0.4, 0.4 ],
													"rotationZ": 1.0,
													"faces": {
														"north": { "texture": "#skin", "uv": [ 22.5, 42.5, 23.0, 44.0 ] },
														"east": { "texture": "#skin", "uv": [ 22.0, 42.5, 22.5, 44.0 ] },
														"south": { "texture": "#skin", "uv": [ 21.5, 42.5, 22.0, 44.0 ] },
														"west": { "texture": "#skin", "uv": [ 21.0, 42.5, 21.5, 44.0 ] },
														"up": { "texture": "#skin", "uv": [ 21.5, 42.0, 22.0, 42.5 ] },
														"down": { "texture": "#skin", "uv": [ 21.5, 44.0, 22.0, 44.5 ], "rotation": 180 }
													},
													"children": [
														{
															"name": "L Hind Hoof",
															"from": [ 0.4, 0.6, 0.4 ],
															"to": [ 0.4, 0.6, 0.4 ],
															"uv": [ 0.0, 0.0 ],
															"rotationOrigin": [ 0.4, 0.6, 0.4 ],
															"rotationZ": -34.0,
															"faces": {
															},
															"children": [
																{
																	"name": "L Hind Hoof1",
																	"from": [ -1.2, -0.2, -0.35 ],
																	"to": [ -0.3, 0.1, 0.35 ],
																	"unwrapMode": 5,
																	"uv": [ 33.5, 46.5 ],
																	"rotationOrigin": [ -0.1, 0.0, 0.2 ],
																	"rotationZ": 55.0,
																	"faces": {
																		"north": { "texture": "#skin", "uv": [ 34.0, 46.5, 34.5, 47.0 ], "rotation": 180 },
																		"east": { "texture": "#skin", "uv": [ 34.5, 47.0, 35.0, 47.5 ], "rotation": 90 },
																		"south": { "texture": "#skin", "uv": [ 34.0, 47.5, 34.5, 48.0 ] },
																		"west": { "texture": "#skin", "uv": [ 33.5, 47.0, 34.0, 47.5 ], "rotation": 270 },
																		"up": { "texture": "#skin", "uv": [ 34.0, 47.0, 34.5, 47.5 ] },
																		"down": { "texture": "#skin", "uv": [ 35.0, 47.0, 35.5, 47.5 ] }
																	}
																},
																{
																	"name": "L Hind Hoof2",
																	"from": [ -0.9, -0.7, -0.35 ],
																	"to": [ 0.2, -0.3, 0.35 ],
																	"unwrapMode": 5,
																	"uv": [ 32.5, 47.5 ],
																	"rotationOrigin": [ 0.1, -0.2, 0.05 ],
																	"rotationZ": 27.0,
																	"faces": {
																		"north": { "texture": "#skin", "uv": [ 33.0, 47.5, 34.0, 48.0 ], "rotation": 180 },
																		"east": { "texture": "#skin", "uv": [ 34.0, 48.0, 34.5, 48.5 ], "rotation": 90 },
																		"south": { "texture": "#skin", "uv": [ 33.0, 48.5, 34.0, 49.0 ] },
																		"west": { "texture": "#skin", "uv": [ 32.5, 48.0, 33.0, 48.5 ], "rotation": 270 },
																		"up": { "texture": "#skin", "uv": [ 33.0, 48.0, 34.0, 48.5 ] },
																		"down": { "texture": "#skin", "uv": [ 34.5, 48.0, 35.5, 48.5 ] }
																	}
																}
															]
														}
													]
												}
											]
										}
									]
								}
							]
						},
						{
							"name": "Tail",
							"from": [ 3.5, 4.8, 1.3 ],
							"to": [ 4.0, 5.9, 2.3 ],
							"unwrapMode": 6,
							"uv": [ 10.5, 37.0 ],
							"rotationOrigin": [ 4.0, 5.9, 1.8 ],
							"rotationZ": 48.0,
							"faces": {
								"north": { "texture": "#skin", "uv": [ 11.5, 37.0, 12.0, 38.0 ], "windMode": [-1,-1,-1,-1], "windData": [0,1,1,0] },
								"east": { "texture": "#skin", "uv": [ 10.5, 38.0, 11.5, 39.0 ], "rotation": 90, "windMode": [-1,-1,-1,-1], "windData": [0,1,1,0] },
								"south": { "texture": "#skin", "uv": [ 11.5, 39.0, 12.0, 40.0 ], "rotation": 180 },
								"west": { "texture": "#skin", "uv": [ 12.0, 38.0, 13.0, 39.0 ], "rotation": 270, "windMode": [-1,-1,-1,-1], "windData": [0,0,1,1] },
								"up": { "texture": "#skin", "uv": [ 13.0, 38.0, 13.5, 39.0 ], "windMode": [-1,-1,-1,-1], "windData": [1,1,1,1] },
								"down": { "texture": "#skin", "uv": [ 11.5, 38.0, 12.0, 39.0 ], "windMode": [-1,-1,-1,-1] }
							},
							"children": [
								{
									"name": "Tail2",
									"from": [ -0.1, -2.1, 0.05 ],
									"to": [ 0.6, 0.3, 0.95 ],
									"unwrapMode": 2,
									"uv": [ 14.5, 37.0 ],
									"rotationOrigin": [ -0.1, 0.2, 0.4 ],
									"rotationZ": -22.0,
									"faces": {
										"north": { "texture": "#skin", "uv": [ 15.5, 37.5, 16.0, 39.5 ] },
										"east": { "texture": "#skin", "uv": [ 15.0, 37.5, 15.5, 39.5 ] },
										"south": { "texture": "#skin", "uv": [ 14.5, 37.5, 15.0, 39.5 ] },
										"west": { "texture": "#skin", "uv": [ 16.0, 37.5, 16.5, 39.5 ] },
										"up": { "texture": "#skin", "uv": [ 15.0, 37.0, 15.5, 37.5 ], "rotation": 270, "windMode": [-1,-1,-1,-1], "windData": [1,1,1,1] },
										"down": { "texture": "#skin", "uv": [ 15.0, 39.5, 15.5, 40.0 ], "rotation": 270 }
									}
								}
							]
						},
						{
							"name": "R Haunch",
							"from": [ 1.2, -0.2, -0.6 ],
							"to": [ 4.2, 4.5, 0.9 ],
							"unwrapMode": 1,
							"uv": [ 26.5, 26.5 ],
							"rotationOrigin": [ 2.7, 3.2, 0.0 ],
							"rotationX": -3.0,
							"rotationZ": -1.0,
							"faces": {
								"north": { "texture": "#skin", "uv": [ 28.0, 28.0, 31.0, 32.5 ] },
								"east": { "texture": "#skin", "uv": [ 26.5, 28.0, 28.0, 32.5 ] },
								"south": { "texture": "#skin", "uv": [ 32.5, 28.0, 35.5, 32.5 ] },
								"west": { "texture": "#skin", "uv": [ 31.0, 28.0, 32.5, 32.5 ] },
								"up": { "texture": "#skin", "uv": [ 28.0, 26.5, 31.0, 28.0 ], "rotation": 180 },
								"down": { "texture": "#skin", "uv": [ 28.0, 32.5, 31.0, 34.0 ] }
							},
							"children": [
								{
									"name": "R LegUp",
									"from": [ 0.0, -4.0, 0.1 ],
									"to": [ 1.5, 0.0, 1.3 ],
									"unwrapMode": 1,
									"uv": [ 27.5, 34.5 ],
									"rotationOrigin": [ 0.0, 0.0, 0.8 ],
									"rotationX": -1.0,
									"rotationZ": 62.0,
									"faces": {
										"north": { "texture": "#skin", "uv": [ 28.5, 35.5, 30.0, 39.5 ] },
										"east": { "texture": "#skin", "uv": [ 27.5, 35.5, 28.5, 39.5 ] },
										"south": { "texture": "#skin", "uv": [ 31.0, 35.5, 32.5, 39.5 ] },
										"west": { "texture": "#skin", "uv": [ 30.0, 35.5, 31.0, 39.5 ] },
										"up": { "texture": "#skin", "uv": [ 28.5, 34.5, 30.0, 35.5 ], "rotation": 180 },
										"down": { "texture": "#skin", "uv": [ 28.5, 39.5, 30.0, 40.5 ] }
									},
									"children": [
										{
											"name": "R LegLow",
											"from": [ 0.4, -3.7, 0.1 ],
											"to": [ 1.4, 0.3, 1.1 ],
											"unwrapMode": 1,
											"uv": [ 27.5, 41.0 ],
											"rotationOrigin": [ 1.0, 0.2, 0.6 ],
											"rotationX": 4.0,
											"rotationZ": -59.0,
											"faces": {
												"north": { "texture": "#skin", "uv": [ 28.5, 42.0, 29.5, 46.0 ] },
												"east": { "texture": "#skin", "uv": [ 27.5, 42.0, 28.5, 46.0 ] },
												"south": { "texture": "#skin", "uv": [ 30.5, 42.0, 31.5, 46.0 ] },
												"west": { "texture": "#skin", "uv": [ 29.5, 42.0, 30.5, 46.0 ] },
												"up": { "texture": "#skin", "uv": [ 28.5, 41.0, 29.5, 42.0 ], "rotation": 180 },
												"down": { "texture": "#skin", "uv": [ 28.5, 46.0, 29.5, 47.0 ] }
											},
											"children": [
												{
													"name": "R Hind Pastern",
													"from": [ 0.1, -0.9, 0.1 ],
													"to": [ 0.9, 0.6, 0.9 ],
													"unwrapMode": 1,
													"uv": [ 28.5, 48.33 ],
													"rotationOrigin": [ 0.6, 0.4, 0.4 ],
													"rotationZ": 12.0,
													"faces": {
														"north": { "texture": "#skin", "uv": [ 29.0, 49.0, 29.5, 50.5 ] },
														"east": { "texture": "#skin", "uv": [ 28.5, 49.0, 29.0, 50.5 ] },
														"south": { "texture": "#skin", "uv": [ 30.0, 49.0, 30.5, 50.5 ] },
														"west": { "texture": "#skin", "uv": [ 29.5, 49.0, 30.0, 50.5 ] },
														"up": { "texture": "#skin", "uv": [ 29.0, 48.5, 29.5, 49.0 ], "rotation": 180 },
														"down": { "texture": "#skin", "uv": [ 29.0, 50.5, 29.5, 51.0 ] }
													},
													"children": [
														{
															"name": "R Hind Hoof",
															"from": [ 0.4, 0.6, 0.4 ],
															"to": [ 0.4, 0.6, 0.4 ],
															"uv": [ 0.0, 0.0 ],
															"rotationOrigin": [ 0.4, 0.6, 0.4 ],
															"rotationZ": 31.0,
															"faces": {
															},
															"children": [
																{
																	"name": "R Hind Hoof1",
																	"from": [ -1.2, -0.2, -0.35 ],
																	"to": [ -0.3, 0.1, 0.35 ],
																	"unwrapMode": 5,
																	"uv": [ 33.5, 49.5 ],
																	"rotationOrigin": [ -0.1, 0.0, 0.2 ],
																	"rotationZ": 55.0,
																	"faces": {
																		"north": { "texture": "#skin", "uv": [ 34.0, 49.5, 34.5, 50.0 ], "rotation": 180 },
																		"east": { "texture": "#skin", "uv": [ 34.5, 50.0, 35.0, 50.5 ], "rotation": 90 },
																		"south": { "texture": "#skin", "uv": [ 34.0, 50.5, 34.5, 51.0 ] },
																		"west": { "texture": "#skin", "uv": [ 33.5, 50.0, 34.0, 50.5 ], "rotation": 270 },
																		"up": { "texture": "#skin", "uv": [ 34.0, 50.0, 34.5, 50.5 ] },
																		"down": { "texture": "#skin", "uv": [ 35.0, 50.0, 35.5, 50.5 ] }
																	}
																},
																{
																	"name": "R Hind Hoof2",
																	"from": [ -0.9, -0.7, -0.35 ],
																	"to": [ 0.2, -0.3, 0.35 ],
																	"unwrapMode": 5,
																	"uv": [ 32.5, 50.5 ],
																	"rotationOrigin": [ 0.1, -0.2, 0.05 ],
																	"rotationZ": 27.0,
																	"faces": {
																		"north": { "texture": "#skin", "uv": [ 33.0, 50.5, 34.0, 51.0 ], "rotation": 180 },
																		"east": { "texture": "#skin", "uv": [ 34.0, 51.0, 34.5, 51.5 ], "rotation": 90 },
																		"south": { "texture": "#skin", "uv": [ 33.0, 51.5, 34.0, 52.0 ] },
																		"west": { "texture": "#skin", "uv": [ 32.5, 51.0, 33.0, 51.5 ], "rotation": 270 },
																		"up": { "texture": "#skin", "uv": [ 33.0, 51.0, 34.0, 51.5 ] },
																		"down": { "texture": "#skin", "uv": [ 34.5, 51.0, 35.5, 51.5 ] }
																	}
																}
															]
														}
													]
												}
											]
										}
									]
								}
							]
						},
						{
							"name": "Midsection",
							"from": [ -4.5, 0.4, 0.1 ],
							"to": [ 0.5, 5.8, 3.4 ],
							"unwrapMode": 7,
							"unwrapRotation": 1,
							"autoUnwrap": false,
							"uv": [ 1.0, 19.5 ],
							"rotationOrigin": [ 0.5, 4.5, 1.7 ],
							"rotationZ": 1.0,
							"faces": {
								"north": { "texture": "#skin", "uv": [ 9.0, 24.5, 14.0, 29.5 ], "rotation": 90 },
								"east": { "texture": "#skin", "uv": [ 10.0, 42.5, 13.0, 47.5 ], "windMode": [-1,-1,-1,-1] },
								"south": { "texture": "#skin", "uv": [ 1.0, 24.5, 6.0, 29.5 ], "rotation": 270 },
								"west": { "texture": "#skin", "uv": [ 5.5, 42.5, 8.5, 47.5 ], "windMode": [-1,-1,-1,-1] },
								"up": { "texture": "#skin", "uv": [ 6.0, 24.5, 9.0, 29.5 ], "rotation": 270 },
								"down": { "texture": "#skin", "uv": [ 14.0, 24.5, 17.0, 29.5 ], "rotation": 90 }
							},
							"children": [
								{
									"name": "Chest",
									"from": [ -3.1, -0.2457, -0.1 ],
									"to": [ 0.9, 5.2543, 3.4 ],
									"unwrapMode": 7,
									"unwrapRotation": 1,
									"autoUnwrap": false,
									"uv": [ 0.5, 13.5 ],
									"rotationOrigin": [ 0.8, 2.6543, 1.9 ],
									"rotationZ": -8.0,
									"faces": {
										"north": { "texture": "#skin", "uv": [ 9.5, 19.0, 15.0, 23.0 ], "rotation": 90 },
										"east": { "texture": "#skin", "uv": [ 1.0, 42.5, 4.5, 48.0 ] },
										"south": { "texture": "#skin", "uv": [ 0.5, 19.0, 6.0, 23.0 ], "rotation": 270 },
										"west": { "texture": "#skin", "uv": [ 6.0, 13.5, 9.5, 19.0 ], "rotation": 180 },
										"up": { "texture": "#skin", "uv": [ 6.0, 19.0, 9.5, 23.0 ], "rotation": 270 },
										"down": { "texture": "#skin", "uv": [ 15.0, 19.0, 18.5, 23.0 ], "rotation": 90 }
									},
									"children": [
										{
											"name": "Neck",
											"from": [ -0.5, 3.5, 0.8 ],
											"to": [ 2.0, 7.6, 2.8 ],
											"unwrapMode": 2,
											"uv": [ 4.0, 6.5 ],
											"rotationOrigin": [ 2.2, 3.5, 1.8 ],
											"rotationZ": 61.0,
											"faces": {
												"north": { "texture": "#skin", "uv": [ 8.5, 9.0, 11.0, 13.0 ], "windMode": [-1,-1,-1,-1], "windData": [0,0,1,0] },
												"east": { "texture": "#skin", "uv": [ 6.5, 9.0, 8.5, 13.0 ], "windMode": [-1,-1,-1,-1], "windData": [1,0,0,1] },
												"south": { "texture": "#skin", "uv": [ 4.0, 9.0, 6.5, 13.0 ] },
												"west": { "texture": "#skin", "uv": [ 11.0, 9.0, 13.0, 13.0 ] },
												"up": { "texture": "#skin", "uv": [ 6.5, 6.5, 8.5, 9.0 ], "rotation": 270 }
											},
											"children": [
												{
													"name": "Neck2",
													"from": [ 0.2, 2.9, 0.1 ],
													"to": [ 2.3, 5.9, 1.9 ],
													"unwrapMode": 2,
													"uv": [ 4.0, 1.0 ],
													"rotationOrigin": [ 2.4, 3.6, 1.1 ],
													"rotationZ": -22.0,
													"faces": {
														"north": { "texture": "#skin", "uv": [ 7.5, 3.0, 9.5, 6.0 ], "windMode": [-1,-1,-1,-1], "windData": [1,1,1,1] },
														"east": { "texture": "#skin", "uv": [ 6.0, 3.0, 7.5, 6.0 ], "windMode": [-1,-1,-1,-1], "windData": [1,1,1,1] },
														"south": { "texture": "#skin", "uv": [ 4.0, 3.0, 6.0, 6.0 ], "windMode": [-1,-1,-1,-1], "windData": [1,1,1,1] },
														"west": { "texture": "#skin", "uv": [ 9.5, 3.0, 11.0, 6.0 ], "windMode": [-1,-1,-1,-1], "windData": [1,1,1,1] },
														"up": { "texture": "#skin", "uv": [ 6.0, 1.0, 7.5, 3.0 ], "rotation": 270, "windMode": [-1,-1,-1,-1], "windData": [1,1,1,1] }
													},
													"children": [
														{
															"name": "Head",
															"from": [ 0.3, 0.8, -0.1 ],
															"to": [ 2.0, 3.3, 1.9 ],
															"unwrapMode": 4,
															"uv": [ 15.0, 3.5 ],
															"rotationOrigin": [ 1.9, 3.3, 0.9 ],
															"rotationZ": -35.0,
															"faces": {
																"north": { "texture": "#skin", "uv": [ 15.0, 5.0, 16.5, 7.5 ] },
																"east": { "texture": "#skin", "uv": [ 20.0, 5.0, 22.0, 7.5 ] },
																"south": { "texture": "#skin", "uv": [ 18.5, 5.0, 20.0, 7.5 ] },
																"west": { "texture": "#skin", "uv": [ 16.5, 5.0, 18.5, 7.5 ] },
																"up": { "texture": "#skin", "uv": [ 16.5, 3.5, 18.5, 5.0 ], "rotation": 90 },
																"down": { "texture": "#skin", "uv": [ 16.5, 7.5, 18.5, 9.0 ], "rotation": 90 }
															},
															"children": [
																{
																	"name": "MouthUp",
																	"from": [ -1.8, 0.4, 0.4 ],
																	"to": [ 0.7, 1.0, 1.5 ],
																	"unwrapMode": 5,
																	"unwrapRotation": 1,
																	"autoUnwrap": false,
																	"uv": [ 14.0, 10.0 ],
																	"rotationOrigin": [ 0.8, 0.8, 1.0 ],
																	"rotationZ": 30.0,
																	"faces": {
																		"north": { "texture": "#skin", "uv": [ 14.0, 10.0, 14.5, 12.5 ], "rotation": 270 },
																		"south": { "texture": "#skin", "uv": [ 16.5, 10.0, 17.0, 12.5 ], "rotation": 90, "windMode": [-1,-1,-1,-1] },
																		"west": { "texture": "#skin", "uv": [ 15.0, 12.5, 16.0, 13.0 ], "windMode": [-1,-1,-1,-1] },
																		"up": { "texture": "#skin", "uv": [ 15.0, 10.0, 16.0, 12.5 ], "rotation": 90, "windMode": [-1,-1,-1,-1] },
																		"down": { "texture": "#skin", "uv": [ 17.0, 10.0, 18.0, 12.5 ], "rotation": 270, "windMode": [-1,-1,-1,-1] }
																	},
																	"children": [
																		{
																			"name": "Nose",
																			"from": [ 0.2, -0.15, 0.05 ],
																			"to": [ 3.2, 0.85, 1.05 ],
																			"unwrapMode": 5,
																			"unwrapRotation": 1,
																			"uv": [ 19.5, 9.0 ],
																			"rotationOrigin": [ 0.2, 0.8, 0.05 ],
																			"rotationZ": 27.0,
																			"faces": {
																				"north": { "texture": "#skin", "uv": [ 19.5, 9.0, 20.5, 12.0 ], "rotation": 270 },
																				"south": { "texture": "#skin", "uv": [ 21.5, 9.0, 22.5, 12.0 ], "rotation": 90 },
																				"west": { "texture": "#skin", "uv": [ 20.5, 12.0, 21.5, 13.0 ], "windMode": [-1,-1,-1,-1] },
																				"up": { "texture": "#skin", "uv": [ 20.5, 9.0, 21.5, 12.0 ], "rotation": 90 }
																			},
																			"children": [
																				{
																					"name": "Snout",
																					"from": [ -0.41, 0.4328, 0.17 ],
																					"to": [ 0.29, 1.0328, 0.87 ],
																					"unwrapMode": 4,
																					"uv": [ 3.0, 6.5 ],
																					"rotationOrigin": [ -0.4088, 1.0328, 0.45 ],
																					"rotationZ": -9.0,
																					"faces": {
																						"north": { "texture": "#skin", "uv": [ 3.0, 7.0, 3.5, 7.5 ], "windMode": [-1,-1,-1,-1], "windData": [1,1,1,1] },
																						"east": { "texture": "#skin", "uv": [ 4.5, 7.0, 5.0, 7.5 ], "windMode": [-1,-1,-1,-1], "windData": [1,1,1,1] },
																						"south": { "texture": "#skin", "uv": [ 4.0, 7.0, 4.5, 7.5 ], "windMode": [-1,-1,-1,-1], "windData": [1,1,1,1] },
																						"west": { "texture": "#skin", "uv": [ 3.5, 7.0, 4.0, 7.5 ], "windMode": [-1,-1,-1,-1], "windData": [1,1,1,1] },
																						"up": { "texture": "#skin", "uv": [ 3.5, 6.5, 4.0, 7.0 ], "rotation": 90, "windMode": [-1,-1,-1,-1], "windData": [1,1,1,1] },
																						"down": { "texture": "#skin", "uv": [ 3.5, 7.5, 4.0, 8.0 ], "rotation": 90, "windMode": [-1,-1,-1,-1], "windData": [1,1,1,1] }
																					}
																				}
																			]
																		}
																	]
																},
																{
																	"name": "R Ear",
																	"from": [ 0.9, 1.3, -0.9 ],
																	"to": [ 1.1, 2.4, 0.1 ],
																	"unwrapMode": 4,
																	"uv": [ 18.0, 0.5 ],
																	"rotationOrigin": [ 1.1, 2.2, 0.1 ],
																	"rotationX": 55.0,
																	"rotationZ": 22.0,
																	"faces": {
																		"north": { "texture": "#skin", "uv": [ 18.0, 1.0, 18.5, 2.0 ] },
																		"east": { "texture": "#skin", "uv": [ 20.0, 1.0, 21.0, 2.0 ], "windMode": [-1,-1,-1,-1], "windData": [0,1,0,0] },
																		"south": { "texture": "#skin", "uv": [ 19.5, 1.0, 20.0, 2.0 ], "windMode": [-1,-1,-1,-1], "windData": [0,0,0,0] },
																		"west": { "texture": "#skin", "uv": [ 18.5, 1.0, 19.5, 2.0 ], "windMode": [-1,-1,-1,-1], "windData": [0,0,0,1] },
																		"up": { "texture": "#skin", "uv": [ 18.5, 0.5, 19.5, 1.0 ], "rotation": 90, "windMode": [-1,-1,-1,-1], "windData": [1,0,0,1] },
																		"down": { "texture": "#skin", "uv": [ 18.5, 2.0, 19.5, 2.5 ], "rotation": 90, "windMode": [-1,-1,-1,-1] }
																	},
																	"children": [
																		{
																			"name": "R Ear2",
																			"from": [ 0.0, 0.0, -1.0 ],
																			"to": [ 0.2, 1.1, 0.0 ],
																			"unwrapMode": 4,
																			"uv": [ 18.0, 0.5 ],
																			"rotationOrigin": [ 0.2, 1.1, 0.0 ],
																			"rotationX": -40.0,
																			"rotationZ": 2.0,
																			"faces": {
																				"north": { "texture": "#skin", "uv": [ 18.0, 1.0, 18.5, 2.0 ] },
																				"east": { "texture": "#skin", "uv": [ 20.0, 1.0, 21.0, 2.0 ] },
																				"south": { "texture": "#skin", "uv": [ 19.5, 1.0, 20.0, 2.0 ], "windMode": [-1,-1,-1,-1], "windData": [0,0,0,0] },
																				"west": { "texture": "#skin", "uv": [ 18.5, 1.0, 19.5, 2.0 ] },
																				"up": { "texture": "#skin", "uv": [ 18.5, 0.5, 19.5, 1.0 ], "rotation": 90 },
																				"down": { "texture": "#skin", "uv": [ 18.5, 2.0, 19.5, 2.5 ], "rotation": 90 }
																			}
																		},
																		{
																			"name": "R Ear3",
																			"from": [ 0.0, 0.0, -0.1 ],
																			"to": [ 0.2, 0.5, 1.0 ],
																			"unwrapMode": 4,
																			"unwrapRotation": 1,
																			"autoUnwrap": false,
																			"uv": [ 18.0, 0.5 ],
																			"rotationOrigin": [ 0.2, 0.0, 1.0 ],
																			"rotationX": -21.0,
																			"rotationZ": -2.0,
																			"faces": {
																				"north": { "texture": "#skin", "uv": [ 18.5, 2.0, 19.0, 2.5 ], "rotation": 90 },
																				"east": { "texture": "#skin", "uv": [ 20.0, 1.0, 20.5, 2.0 ], "rotation": 90 },
																				"south": { "texture": "#skin", "uv": [ 18.5, 0.5, 19.0, 1.0 ], "rotation": 270, "windMode": [-1,-1,-1,-1], "windData": [0,0,0,0] },
																				"west": { "texture": "#skin", "uv": [ 18.5, 1.0, 19.0, 2.0 ], "rotation": 270 },
																				"up": { "texture": "#skin", "uv": [ 18.0, 1.0, 18.5, 2.0 ] },
																				"down": { "texture": "#skin", "uv": [ 19.5, 1.0, 20.0, 2.0 ] }
																			}
																		}
																	]
																},
																{
																	"name": "L Ear",
																	"from": [ 0.9, 1.3, 1.9 ],
																	"to": [ 1.1, 2.4, 2.9 ],
																	"unwrapMode": 4,
																	"unwrapRotation": 1,
																	"uv": [ 14.0, 1.0 ],
																	"rotationOrigin": [ 1.1, 2.2, 1.9 ],
																	"rotationX": -55.0,
																	"rotationZ": 22.0,
																	"faces": {
																		"north": { "texture": "#skin", "uv": [ 14.5, 2.5, 15.5, 3.0 ], "rotation": 90, "windMode": [-1,-1,-1,-1] },
																		"east": { "texture": "#skin", "uv": [ 16.0, 1.5, 17.0, 2.5 ], "rotation": 270 },
																		"south": { "texture": "#skin", "uv": [ 14.5, 1.0, 15.5, 1.5 ], "rotation": 90, "windMode": [-1,-1,-1,-1] },
																		"west": { "texture": "#skin", "uv": [ 14.5, 1.5, 15.5, 2.5 ], "rotation": 90 },
																		"up": { "texture": "#skin", "uv": [ 14.0, 1.5, 14.5, 2.5 ], "rotation": 180 },
																		"down": { "texture": "#skin", "uv": [ 15.5, 1.5, 16.0, 2.5 ], "rotation": 180 }
																	},
																	"children": [
																		{
																			"name": "L Ear2",
																			"from": [ 0.0, 0.0, 1.0 ],
																			"to": [ 0.2, 1.1, 2.0 ],
																			"unwrapMode": 4,
																			"unwrapRotation": 1,
																			"uv": [ 14.0, 0.5 ],
																			"rotationOrigin": [ 0.2, 1.1, 1.0 ],
																			"rotationX": 40.0,
																			"rotationZ": 2.0,
																			"faces": {
																				"north": { "texture": "#skin", "uv": [ 14.5, 2.0, 15.5, 2.5 ], "rotation": 90, "windMode": [-1,-1,-1,-1] },
																				"east": { "texture": "#skin", "uv": [ 16.0, 1.0, 17.0, 2.0 ], "rotation": 270 },
																				"south": { "texture": "#skin", "uv": [ 14.5, 0.5, 15.5, 1.0 ], "rotation": 90, "windMode": [-1,-1,-1,-1] },
																				"west": { "texture": "#skin", "uv": [ 14.5, 1.0, 15.5, 2.0 ], "rotation": 90 },
																				"up": { "texture": "#skin", "uv": [ 14.0, 1.0, 14.5, 2.0 ], "rotation": 180 },
																				"down": { "texture": "#skin", "uv": [ 15.5, 1.0, 16.0, 2.0 ], "rotation": 180 }
																			}
																		},
																		{
																			"name": "L Ear3",
																			"from": [ 0.0, 0.0, 0.0 ],
																			"to": [ 0.2, 0.5, 1.1 ],
																			"unwrapMode": 4,
																			"unwrapRotation": 1,
																			"uv": [ 14.5, 0.5 ],
																			"rotationOrigin": [ 0.2, 0.0, 0.0 ],
																			"rotationX": 21.0,
																			"rotationZ": -2.0,
																			"faces": {
																				"north": { "texture": "#skin", "uv": [ 15.0, 2.0, 15.5, 2.5 ], "rotation": 90, "windMode": [-1,-1,-1,-1] },
																				"east": { "texture": "#skin", "uv": [ 16.0, 1.0, 16.5, 2.0 ], "rotation": 270 },
																				"south": { "texture": "#skin", "uv": [ 15.0, 0.5, 15.5, 1.0 ], "rotation": 90, "windMode": [-1,-1,-1,-1] },
																				"west": { "texture": "#skin", "uv": [ 15.0, 1.0, 15.5, 2.0 ], "rotation": 90 },
																				"up": { "texture": "#skin", "uv": [ 14.5, 1.0, 15.0, 2.0 ], "rotation": 180 },
																				"down": { "texture": "#skin", "uv": [ 15.5, 1.0, 16.0, 2.0 ], "rotation": 180 }
																			}
																		}
																	]
																},
																{
																	"name": "Jaw",
																	"from": [ -0.4, 0.1, 0.5 ],
																	"to": [ 1.6, 1.2, 1.4 ],
																	"unwrapMode": 5,
																	"unwrapRotation": 1,
																	"uv": [ 11.5, 5.0 ],
																	"rotationOrigin": [ 1.1, 0.7, 1.0 ],
																	"rotationZ": 27.0,
																	"faces": {
																		"north": { "texture": "#skin", "uv": [ 11.5, 5.0, 12.5, 7.0 ], "rotation": 270 },
																		"south": { "texture": "#skin", "uv": [ 13.0, 5.0, 14.0, 7.0 ], "rotation": 90 },
																		"west": { "texture": "#skin", "uv": [ 12.5, 7.0, 13.0, 8.0 ] },
																		"up": { "texture": "#skin", "uv": [ 12.5, 5.0, 13.0, 7.0 ], "rotation": 90 },
																		"down": { "texture": "#skin", "uv": [ 14.0, 5.0, 14.5, 7.0 ], "rotation": 270 }
																	},
																	"children": [
																		{
																			"name": "Jaw2",
																			"from": [ -1.0, 0.0, 0.0 ],
																			"to": [ 0.0, 0.5, 0.9 ],
																			"unwrapMode": 5,
																			"unwrapRotation": 1,
																			"uv": [ 12.0, 6.5 ],
																			"rotationOrigin": [ 0.0, 0.0, 0.5 ],
																			"rotationZ": -4.0,
																			"faces": {
																				"north": { "texture": "#skin", "uv": [ 12.0, 6.5, 12.5, 7.5 ], "rotation": 270 },
																				"south": { "texture": "#skin", "uv": [ 13.0, 6.5, 13.5, 7.5 ], "rotation": 90 },
																				"west": { "texture": "#skin", "uv": [ 12.5, 7.5, 13.0, 8.0 ] },
																				"up": { "texture": "#skin", "uv": [ 12.5, 6.5, 13.0, 7.5 ], "rotation": 90 },
																				"down": { "texture": "#skin", "uv": [ 13.5, 6.5, 14.0, 7.5 ], "rotation": 270 }
																			}
																		}
																	]
																},
																{
																	"name": "R Eye",
																	"from": [ 0.1, 1.3, -0.01 ],
																	"to": [ 0.5, 1.5, 0.21 ],
																	"unwrapMode": 1,
																	"uv": [ 2.0, 1.0 ],
																	"rotationOrigin": [ 0.3, 1.5, 0.0 ],
																	"rotationZ": 25.0,
																	"faces": {
																		"north": { "texture": "#skin", "uv": [ 2.5, 1.0, 3.0, 1.5 ] },
																		"east": { "texture": "#skin", "uv": [ 2.0, 1.0, 2.5, 1.5 ], "windMode": [-1,-1,-1,-1] },
																		"west": { "texture": "#skin", "uv": [ 3.0, 1.0, 3.5, 1.5 ], "windMode": [-1,-1,-1,-1] },
																		"down": { "texture": "#skin", "uv": [ 2.5, 1.5, 3.0, 2.0 ], "windMode": [-1,-1,-1,-1] }
																	},
																	"children": [
																		{
																			"name": "R Eye2",
																			"from": [ 0.0, 0.2, 0.0 ],
																			"to": [ 0.4, 0.4, 0.22 ],
																			"unwrapMode": 1,
																			"uv": [ 2.0, 0.0 ],
																			"rotationOrigin": [ 0.0, 0.2, 0.01 ],
																			"faces": {
																				"north": { "texture": "#skin", "uv": [ 2.5, 0.5, 3.0, 1.0 ] },
																				"east": { "texture": "#skin", "uv": [ 2.0, 0.5, 2.5, 1.0 ], "windMode": [-1,-1,-1,-1] },
																				"west": { "texture": "#skin", "uv": [ 3.0, 0.5, 3.5, 1.0 ], "windMode": [-1,-1,-1,-1] },
																				"up": { "texture": "#skin", "uv": [ 2.5, 0.0, 3.0, 0.5 ], "rotation": 180, "windMode": [-1,-1,-1,-1] }
																			}
																		},
																		{
																			"name": "R Pupil",
																			"from": [ 0.1, 0.1, -0.01 ],
																			"to": [ 0.3, 0.3, 0.21 ],
																			"unwrapMode": 1,
																			"uv": [ 0.0, 0.0 ],
																			"rotationOrigin": [ 0.1, 0.1, -0.01 ],
																			"faces": {
																				"north": { "texture": "#skin", "uv": [ 0.5, 0.5, 1.0, 1.0 ] },
																				"east": { "texture": "#skin", "uv": [ 0.0, 0.5, 0.5, 1.0 ], "windMode": [-1,-1,-1,-1] },
																				"west": { "texture": "#skin", "uv": [ 1.0, 0.5, 1.5, 1.0 ], "windMode": [-1,-1,-1,-1] },
																				"up": { "texture": "#skin", "uv": [ 0.5, 0.0, 1.0, 0.5 ], "rotation": 180, "windMode": [-1,-1,-1,-1] },
																				"down": { "texture": "#skin", "uv": [ 0.5, 1.0, 1.0, 1.5 ], "windMode": [-1,-1,-1,-1] }
																			}
																		}
																	]
																},
																{
																	"name": "L Eye",
																	"from": [ 0.1, 1.3, 1.79 ],
																	"to": [ 0.5, 1.5, 2.01 ],
																	"unwrapMode": 3,
																	"uv": [ 2.0, 1.0 ],
																	"rotationOrigin": [ 0.3, 1.5, 1.8 ],
																	"rotationZ": 25.0,
																	"faces": {
																		"east": { "texture": "#skin", "uv": [ 3.0, 1.0, 3.5, 1.5 ], "windMode": [-1,-1,-1,-1] },
																		"south": { "texture": "#skin", "uv": [ 2.5, 1.0, 3.0, 1.5 ] },
																		"west": { "texture": "#skin", "uv": [ 2.0, 1.0, 2.5, 1.5 ], "windMode": [-1,-1,-1,-1] },
																		"down": { "texture": "#skin", "uv": [ 2.5, 1.5, 3.0, 2.0 ], "rotation": 180, "windMode": [-1,-1,-1,-1] }
																	},
																	"children": [
																		{
																			"name": "L Eye2",
																			"from": [ 0.0, 0.2, 0.0 ],
																			"to": [ 0.4, 0.4, 0.22 ],
																			"unwrapMode": 3,
																			"uv": [ 2.0, 0.0 ],
																			"rotationOrigin": [ 0.0, 0.2, 0.01 ],
																			"faces": {
																				"east": { "texture": "#skin", "uv": [ 3.0, 0.5, 3.5, 1.0 ], "windMode": [-1,-1,-1,-1] },
																				"south": { "texture": "#skin", "uv": [ 2.5, 0.5, 3.0, 1.0 ], "windMode": [-1,-1,-1,-1] },
																				"west": { "texture": "#skin", "uv": [ 2.0, 0.5, 2.5, 1.0 ], "windMode": [-1,-1,-1,-1] },
																				"up": { "texture": "#skin", "uv": [ 2.5, 0.0, 3.0, 0.5 ], "windMode": [-1,-1,-1,-1] }
																			}
																		},
																		{
																			"name": "L Pupil",
																			"from": [ 0.1, 0.1, 0.01 ],
																			"to": [ 0.3, 0.3, 0.23 ],
																			"unwrapMode": 3,
																			"uv": [ 0.0, 0.0 ],
																			"rotationOrigin": [ 0.1, 0.1, 0.01 ],
																			"faces": {
																				"east": { "texture": "#skin", "uv": [ 1.0, 0.5, 1.5, 1.0 ], "windMode": [-1,-1,-1,-1] },
																				"south": { "texture": "#skin", "uv": [ 0.5, 0.5, 1.0, 1.0 ], "windMode": [-1,-1,-1,-1] },
																				"west": { "texture": "#skin", "uv": [ 0.0, 0.5, 0.5, 1.0 ], "windMode": [-1,-1,-1,-1] },
																				"up": { "texture": "#skin", "uv": [ 0.5, 0.0, 1.0, 0.5 ], "windMode": [-1,-1,-1,-1] },
																				"down": { "texture": "#skin", "uv": [ 0.5, 1.0, 1.0, 1.5 ], "rotation": 180, "windMode": [-1,-1,-1,-1] }
																			}
																		}
																	]
																},
																{
																	"name": "AntlerMOVER",
																	"from": [ 0.0, 1.0, 0.5 ],
																	"to": [ 1.0, 2.0, 1.5 ],
																	"uv": [ 0.0, 0.0 ],
																	"rotationOrigin": [ 0.0, 1.0, 0.5 ],
																	"faces": {
																	},
																	"children": [
																		{
																			"name": "AntlerBaseR",
																			"from": [ 0.1, 1.5, -0.3 ],
																			"to": [ 0.5, 1.7, 0.1 ],
																			"unwrapMode": 5,
																			"uv": [ 16.5, 4.0 ],
																			"rotationOrigin": [ 0.1, 1.5, 0.1 ],
																			"rotationX": -5.0,
																			"rotationZ": -20.0,
																			"faces": {
																				"north": { "texture": "#skin", "uv": [ 17.0, 4.0, 17.5, 4.5 ], "rotation": 180 },
																				"east": { "texture": "#skin", "uv": [ 17.5, 4.5, 18.0, 5.0 ], "rotation": 90 },
																				"south": { "texture": "#skin", "uv": [ 17.0, 5.0, 17.5, 5.5 ] },
																				"west": { "texture": "#skin", "uv": [ 16.5, 4.5, 17.0, 5.0 ], "rotation": 270 },
																				"up": { "texture": "#skin", "uv": [ 17.0, 4.5, 17.5, 5.0 ] }
																			},
																			"children": [
																				{
																					"name": "AntlerRbase",
																					"from": [ 0.05, 0.2, 0.05 ],
																					"to": [ 0.35, 0.3, 0.35 ],
																					"uv": [ 18.5, 16.5 ],
																					"rotationOrigin": [ 0.05, 0.2, 0.05 ],
																					"faces": {
																						"north": { "texture": "#skin", "uv": [ 18.5, 17.0, 19.0, 17.5 ] },
																						"east": { "texture": "#skin", "uv": [ 19.0, 17.0, 19.5, 17.5 ] },
																						"south": { "texture": "#skin", "uv": [ 19.5, 17.0, 20.0, 17.5 ] },
																						"west": { "texture": "#skin", "uv": [ 20.0, 17.0, 20.5, 17.5 ] },
																						"up": { "texture": "#skin", "uv": [ 18.5, 16.5, 19.0, 17.0 ] }
																					},
																					"children": [
																						{
																							"name": "AntlerRTip",
																							"from": [ 0.05, 0.0, 0.05 ],
																							"to": [ 0.25, 0.3, 0.25 ],
																							"uv": [ 18.5, 14.0 ],
																							"rotationOrigin": [ 0.35, 0.0, 0.05 ],
																							"rotationX": 5.0,
																							"rotationZ": -5.0,
																							"faces": {
																								"north": { "texture": "#skin", "uv": [ 18.5, 14.5, 19.0, 15.0 ] },
																								"east": { "texture": "#skin", "uv": [ 19.0, 14.5, 19.5, 15.0 ] },
																								"south": { "texture": "#skin", "uv": [ 19.5, 14.5, 20.0, 15.0 ] },
																								"west": { "texture": "#skin", "uv": [ 20.0, 14.5, 20.5, 15.0 ] },
																								"up": { "texture": "#skin", "uv": [ 18.5, 14.0, 19.0, 14.5 ] }
																							}
																						}
																					]
																				}
																			]
																		},
																		{
																			"name": "AntlerBaseL",
																			"from": [ 0.1, 1.5, 0.9 ],
																			"to": [ 0.5, 1.7, 1.3 ],
																			"unwrapMode": 5,
																			"uv": [ 16.5, 4.0 ],
																			"rotationOrigin": [ 0.1, 1.5, 0.9 ],
																			"rotationX": 5.0,
																			"rotationZ": -20.0,
																			"faces": {
																				"north": { "texture": "#skin", "uv": [ 17.0, 4.0, 17.5, 4.5 ], "rotation": 180 },
																				"east": { "texture": "#skin", "uv": [ 17.5, 4.5, 18.0, 5.0 ], "rotation": 90 },
																				"south": { "texture": "#skin", "uv": [ 17.0, 5.0, 17.5, 5.5 ] },
																				"west": { "texture": "#skin", "uv": [ 16.5, 4.5, 17.0, 5.0 ], "rotation": 270 },
																				"up": { "texture": "#skin", "uv": [ 17.0, 4.5, 17.5, 5.0 ] }
																			},
																			"children": [
																				{
																					"name": "AntlerLbase",
																					"from": [ 0.05, 0.2, 0.05 ],
																					"to": [ 0.35, 0.3, 0.35 ],
																					"uv": [ 20.5, 16.5 ],
																					"rotationOrigin": [ 0.05, 0.2, 0.05 ],
																					"faces": {
																						"north": { "texture": "#skin", "uv": [ 20.5, 17.0, 21.0, 17.5 ] },
																						"east": { "texture": "#skin", "uv": [ 21.0, 17.0, 21.5, 17.5 ] },
																						"south": { "texture": "#skin", "uv": [ 21.5, 17.0, 22.0, 17.5 ] },
																						"west": { "texture": "#skin", "uv": [ 22.0, 17.0, 22.5, 17.5 ] },
																						"up": { "texture": "#skin", "uv": [ 20.5, 16.5, 21.0, 17.0 ] }
																					},
																					"children": [
																						{
																							"name": "AntlerLTip",
																							"from": [ 0.05, 0.0, 0.05 ],
																							"to": [ 0.25, 0.3, 0.25 ],
																							"uv": [ 20.5, 14.0 ],
																							"rotationOrigin": [ 0.25, 0.0, 0.05 ],
																							"rotationX": -5.0,
																							"rotationZ": -5.0,
																							"faces": {
																								"north": { "texture": "#skin", "uv": [ 20.5, 14.5, 21.0, 15.0 ] },
																								"east": { "texture": "#skin", "uv": [ 21.0, 14.5, 21.5, 15.0 ] },
																								"south": { "texture": "#skin", "uv": [ 21.5, 14.5, 22.0, 15.0 ] },
																								"west": { "texture": "#skin", "uv": [ 22.0, 14.5, 22.5, 15.0 ] },
																								"up": { "texture": "#skin", "uv": [ 20.5, 14.0, 21.0, 14.5 ] }
																							}
																						}
																					]
																				}
																			]
																		}
																	]
																}
															]
														}
													]
												}
											]
										},
										{
											"name": "L Shoulder",
											"from": [ -0.7, 0.7, 2.7 ],
											"to": [ 1.5, 4.7, 3.9 ],
											"unwrapMode": 3,
											"uv": [ 23.0, 0.5 ],
											"rotationOrigin": [ 0.9, 2.7, 3.5 ],
											"rotationX": 3.0,
											"rotationZ": -27.0,
											"faces": {
												"north": { "texture": "#skin", "uv": [ 27.0, 1.5, 29.0, 5.5 ] },
												"east": { "texture": "#skin", "uv": [ 26.0, 1.5, 27.0, 5.5 ] },
												"south": { "texture": "#skin", "uv": [ 24.0, 1.5, 26.0, 5.5 ] },
												"west": { "texture": "#skin", "uv": [ 23.0, 1.5, 24.0, 5.5 ] },
												"up": { "texture": "#skin", "uv": [ 24.0, 0.5, 26.0, 1.5 ], "windMode": [-1,-1,-1,-1] },
												"down": { "texture": "#skin", "uv": [ 24.0, 5.5, 26.0, 6.5 ], "rotation": 180 }
											},
											"children": [
												{
													"name": "L ArmUp",
													"from": [ 0.0, 0.0, -0.1 ],
													"to": [ 3.0, 1.5, 1.1 ],
													"unwrapMode": 3,
													"autoUnwrap": false,
													"uv": [ 0.5, 13.5 ],
													"rotationOrigin": [ 0.0, 0.0, 0.7 ],
													"rotationZ": -16.0,
													"faces": {
														"north": { "texture": "#skin", "uv": [ 1.5, 17.0, 4.5, 18.5 ] },
														"east": { "texture": "#skin", "uv": [ 4.5, 14.5, 5.5, 16.0 ] },
														"south": { "texture": "#skin", "uv": [ 1.5, 14.5, 4.5, 16.0 ] },
														"west": { "texture": "#skin", "uv": [ 0.5, 14.5, 1.5, 16.0 ] },
														"up": { "texture": "#skin", "uv": [ 1.5, 13.5, 4.5, 14.5 ], "windMode": [-1,-1,-1,-1] },
														"down": { "texture": "#skin", "uv": [ 1.5, 16.0, 4.5, 17.0 ], "rotation": 180 }
													},
													"children": [
														{
															"name": "L ArmMid",
															"from": [ 2.1, -2.6, 0.1 ],
															"to": [ 3.1, 1.4, 1.1 ],
															"unwrapMode": 3,
															"uv": [ 23.5, 7.5 ],
															"rotationOrigin": [ 2.9, 1.0, 0.4 ],
															"rotationX": 4.0,
															"rotationZ": -16.0,
															"faces": {
																"north": { "texture": "#skin", "uv": [ 26.5, 8.5, 27.5, 12.5 ] },
																"east": { "texture": "#skin", "uv": [ 25.5, 8.5, 26.5, 12.5 ] },
																"south": { "texture": "#skin", "uv": [ 24.5, 8.5, 25.5, 12.5 ] },
																"west": { "texture": "#skin", "uv": [ 23.5, 8.5, 24.5, 12.5 ] },
																"up": { "texture": "#skin", "uv": [ 24.5, 7.5, 25.5, 8.5 ] },
																"down": { "texture": "#skin", "uv": [ 24.5, 12.5, 25.5, 13.5 ], "rotation": 180 }
															},
															"children": [
																{
																	"name": "L ArmLow",
																	"from": [ 0.1, -3.2, 0.1 ],
																	"to": [ 0.9, 0.3, 0.9 ],
																	"unwrapMode": 3,
																	"uv": [ 24.0, 14.5 ],
																	"rotationOrigin": [ 0.6, 0.1, 0.4 ],
																	"rotationX": -3.0,
																	"rotationZ": 28.0,
																	"faces": {
																		"north": { "texture": "#skin", "uv": [ 25.5, 15.0, 26.0, 18.5 ] },
																		"east": { "texture": "#skin", "uv": [ 25.0, 15.0, 25.5, 18.5 ] },
																		"south": { "texture": "#skin", "uv": [ 24.5, 15.0, 25.0, 18.5 ] },
																		"west": { "texture": "#skin", "uv": [ 24.0, 15.0, 24.5, 18.5 ] },
																		"up": { "texture": "#skin", "uv": [ 24.5, 14.5, 25.0, 15.0 ] },
																		"down": { "texture": "#skin", "uv": [ 24.5, 18.5, 25.0, 19.0 ], "rotation": 180 }
																	},
																	"children": [
																		{
																			"name": "L Front Pastern",
																			"from": [ -0.1, -1.2, 0.0 ],
																			"to": [ 0.7, 0.3, 0.8 ],
																			"unwrapMode": 3,
																			"uv": [ 27.0, 18.0 ],
																			"rotationOrigin": [ 0.3, 0.1, 0.3 ],
																			"rotationX": -1.0,
																			"rotationZ": 7.0,
																			"faces": {
																				"north": { "texture": "#skin", "uv": [ 28.5, 18.5, 29.0, 20.0 ] },
																				"east": { "texture": "#skin", "uv": [ 28.0, 18.5, 28.5, 20.0 ] },
																				"south": { "texture": "#skin", "uv": [ 27.5, 18.5, 28.0, 20.0 ] },
																				"west": { "texture": "#skin", "uv": [ 27.0, 18.5, 27.5, 20.0 ] },
																				"up": { "texture": "#skin", "uv": [ 27.5, 18.0, 28.0, 18.5 ] },
																				"down": { "texture": "#skin", "uv": [ 27.5, 20.0, 28.0, 20.5 ], "rotation": 180 }
																			},
																			"children": [
																				{
																					"name": "L Front Hoof",
																					"from": [ 0.3, 0.5, 0.4 ],
																					"to": [ 0.3, 0.5, 0.4 ],
																					"uv": [ 0.0, 0.0 ],
																					"rotationOrigin": [ 0.3, 0.5, 0.4 ],
																					"rotationZ": 30.0,
																					"faces": {
																					},
																					"children": [
																						{
																							"name": "L Front Hoof1",
																							"from": [ -1.2, -0.2, -0.35 ],
																							"to": [ -0.3, 0.1, 0.35 ],
																							"unwrapMode": 5,
																							"uv": [ 33.5, 40.5 ],
																							"rotationOrigin": [ -0.1, 0.0, 0.2 ],
																							"rotationZ": 55.0,
																							"faces": {
																								"north": { "texture": "#skin", "uv": [ 34.0, 40.5, 34.5, 41.0 ], "rotation": 180 },
																								"east": { "texture": "#skin", "uv": [ 34.5, 41.0, 35.0, 41.5 ], "rotation": 90 },
																								"south": { "texture": "#skin", "uv": [ 34.0, 41.5, 34.5, 42.0 ] },
																								"west": { "texture": "#skin", "uv": [ 33.5, 41.0, 34.0, 41.5 ], "rotation": 270 },
																								"up": { "texture": "#skin", "uv": [ 34.0, 41.0, 34.5, 41.5 ] },
																								"down": { "texture": "#skin", "uv": [ 35.0, 41.0, 35.5, 41.5 ] }
																							}
																						},
																						{
																							"name": "L Front Hoof2",
																							"from": [ -0.8824, -0.6123, -0.35 ],
																							"to": [ 0.2176, -0.2123, 0.35 ],
																							"unwrapMode": 5,
																							"uv": [ 32.5, 41.5 ],
																							"rotationOrigin": [ 0.1176, -0.2123, 0.05 ],
																							"rotationZ": 34.0,
																							"faces": {
																								"north": { "texture": "#skin", "uv": [ 33.0, 41.5, 34.0, 42.0 ], "rotation": 180 },
																								"east": { "texture": "#skin", "uv": [ 34.0, 42.0, 34.5, 42.5 ], "rotation": 90 },
																								"south": { "texture": "#skin", "uv": [ 33.0, 42.5, 34.0, 43.0 ] },
																								"west": { "texture": "#skin", "uv": [ 32.5, 42.0, 33.0, 42.5 ], "rotation": 270 },
																								"up": { "texture": "#skin", "uv": [ 33.0, 42.0, 34.0, 42.5 ] },
																								"down": { "texture": "#skin", "uv": [ 34.5, 42.0, 35.5, 42.5 ] }
																							}
																						}
																					]
																				}
																			]
																		}
																	]
																}
															]
														}
													]
												}
											]
										},
										{
											"name": "R Shoulder",
											"from": [ -0.3, 0.4, -0.4 ],
											"to": [ 1.9, 4.4, 0.8 ],
											"unwrapMode": 1,
											"uv": [ 29.5, 0.5 ],
											"rotationOrigin": [ 0.9, 2.7, 0.0 ],
											"rotationX": -3.0,
											"rotationZ": -8.0,
											"faces": {
												"north": { "texture": "#skin", "uv": [ 30.5, 1.5, 32.5, 5.5 ] },
												"east": { "texture": "#skin", "uv": [ 29.5, 1.5, 30.5, 5.5 ] },
												"south": { "texture": "#skin", "uv": [ 33.5, 1.5, 35.5, 5.5 ] },
												"west": { "texture": "#skin", "uv": [ 32.5, 1.5, 33.5, 5.5 ] },
												"up": { "texture": "#skin", "uv": [ 30.5, 0.5, 32.5, 1.5 ], "rotation": 180 },
												"down": { "texture": "#skin", "uv": [ 30.5, 5.5, 32.5, 6.5 ] }
											},
											"children": [
												{
													"name": "R ArmUp",
													"from": [ 0.0, 0.0, 0.1 ],
													"to": [ 3.0, 1.5, 1.3 ],
													"unwrapMode": 1,
													"autoUnwrap": false,
													"uv": [ 10.0, 13.5 ],
													"rotationOrigin": [ 0.0, 0.0, 0.5 ],
													"rotationZ": -10.0,
													"faces": {
														"north": { "texture": "#skin", "uv": [ 11.0, 14.5, 14.0, 16.0 ] },
														"east": { "texture": "#skin", "uv": [ 10.0, 14.5, 11.0, 16.0 ] },
														"south": { "texture": "#skin", "uv": [ 11.0, 17.0, 14.0, 18.5 ] },
														"west": { "texture": "#skin", "uv": [ 14.0, 14.5, 15.0, 16.0 ] },
														"up": { "texture": "#skin", "uv": [ 11.0, 13.5, 14.0, 14.5 ], "rotation": 180 },
														"down": { "texture": "#skin", "uv": [ 11.0, 16.0, 14.0, 17.0 ] }
													},
													"children": [
														{
															"name": "R ArmMid",
															"from": [ 2.1, -2.6, 0.1 ],
															"to": [ 3.1, 1.4, 1.1 ],
															"unwrapMode": 1,
															"uv": [ 30.0, 7.5 ],
															"rotationOrigin": [ 2.9, 1.0, 0.8 ],
															"rotationZ": -39.0,
															"faces": {
																"north": { "texture": "#skin", "uv": [ 31.0, 8.5, 32.0, 12.5 ] },
																"east": { "texture": "#skin", "uv": [ 30.0, 8.5, 31.0, 12.5 ] },
																"south": { "texture": "#skin", "uv": [ 33.0, 8.5, 34.0, 12.5 ] },
																"west": { "texture": "#skin", "uv": [ 32.0, 8.5, 33.0, 12.5 ] },
																"up": { "texture": "#skin", "uv": [ 31.0, 7.5, 32.0, 8.5 ], "rotation": 180 },
																"down": { "texture": "#skin", "uv": [ 31.0, 12.5, 32.0, 13.5 ] }
															},
															"children": [
																{
																	"name": "R ArmLow",
																	"from": [ 0.1, -3.2, 0.1 ],
																	"to": [ 0.9, 0.3, 0.9 ],
																	"unwrapMode": 1,
																	"uv": [ 30.5, 14.5 ],
																	"rotationOrigin": [ 0.6, 0.1, 0.7 ],
																	"rotationX": 3.0,
																	"rotationZ": 37.0,
																	"faces": {
																		"north": { "texture": "#skin", "uv": [ 31.0, 15.0, 31.5, 18.5 ] },
																		"east": { "texture": "#skin", "uv": [ 30.5, 15.0, 31.0, 18.5 ] },
																		"south": { "texture": "#skin", "uv": [ 32.0, 15.0, 32.5, 18.5 ] },
																		"west": { "texture": "#skin", "uv": [ 31.5, 15.0, 32.0, 18.5 ] },
																		"up": { "texture": "#skin", "uv": [ 31.0, 14.5, 31.5, 15.0 ], "rotation": 180 },
																		"down": { "texture": "#skin", "uv": [ 31.0, 18.5, 31.5, 19.0 ] }
																	},
																	"children": [
																		{
																			"name": "R Front Pastern",
																			"from": [ -0.1, -1.2, 0.0 ],
																			"to": [ 0.7, 0.3, 0.8 ],
																			"unwrapMode": 1,
																			"uv": [ 30.5, 20.0 ],
																			"rotationOrigin": [ 0.3, 0.1, 0.3 ],
																			"rotationX": -1.0,
																			"rotationZ": 31.0,
																			"faces": {
																				"north": { "texture": "#skin", "uv": [ 31.0, 20.5, 31.5, 22.0 ] },
																				"east": { "texture": "#skin", "uv": [ 30.5, 20.5, 31.0, 22.0 ] },
																				"south": { "texture": "#skin", "uv": [ 32.0, 20.5, 32.5, 22.0 ] },
																				"west": { "texture": "#skin", "uv": [ 31.5, 20.5, 32.0, 22.0 ] },
																				"up": { "texture": "#skin", "uv": [ 31.0, 20.0, 31.5, 20.5 ], "rotation": 180 },
																				"down": { "texture": "#skin", "uv": [ 31.0, 22.0, 31.5, 22.5 ] }
																			},
																			"children": [
																				{
																					"name": "R Front Hoof",
																					"from": [ 0.3, 0.6, 0.4 ],
																					"to": [ 0.3, 0.6, 0.4 ],
																					"uv": [ 0.0, 0.0 ],
																					"rotationOrigin": [ 0.3, 0.6, 0.4 ],
																					"rotationZ": -21.0,
																					"faces": {
																					},
																					"children": [
																						{
																							"name": "R Front Hoof1",
																							"from": [ -1.2, -0.2, -0.35 ],
																							"to": [ -0.3, 0.1, 0.35 ],
																							"unwrapMode": 5,
																							"uv": [ 33.5, 43.5 ],
																							"rotationOrigin": [ -0.1, 0.0, 0.2 ],
																							"rotationZ": 55.0,
																							"faces": {
																								"north": { "texture": "#skin", "uv": [ 34.0, 43.5, 34.5, 44.0 ], "rotation": 180 },
																								"east": { "texture": "#skin", "uv": [ 34.5, 44.0, 35.0, 44.5 ], "rotation": 90 },
																								"south": { "texture": "#skin", "uv": [ 34.0, 44.5, 34.5, 45.0 ] },
																								"west": { "texture": "#skin", "uv": [ 33.5, 44.0, 34.0, 44.5 ], "rotation": 270 },
																								"up": { "texture": "#skin", "uv": [ 34.0, 44.0, 34.5, 44.5 ] },
																								"down": { "texture": "#skin", "uv": [ 35.0, 44.0, 35.5, 44.5 ] }
																							}
																						},
																						{
																							"name": "R Front Hoof2",
																							"from": [ -0.8824, -0.6123, -0.35 ],
																							"to": [ 0.2176, -0.2123, 0.35 ],
																							"unwrapMode": 5,
																							"uv": [ 32.5, 44.5 ],
																							"rotationOrigin": [ 0.1176, -0.2123, 0.05 ],
																							"rotationZ": 34.0,
																							"faces": {
																								"north": { "texture": "#skin", "uv": [ 33.0, 44.5, 34.0, 45.0 ], "rotation": 180 },
																								"east": { "texture": "#skin", "uv": [ 34.0, 45.0, 34.5, 45.5 ], "rotation": 90 },
																								"south": { "texture": "#skin", "uv": [ 33.0, 45.5, 34.0, 46.0 ] },
																								"west": { "texture": "#skin", "uv": [ 32.5, 45.0, 33.0, 45.5 ], "rotation": 270 },
																								"up": { "texture": "#skin", "uv": [ 33.0, 45.0, 34.0, 45.5 ] },
																								"down": { "texture": "#skin", "uv": [ 34.5, 45.0, 35.5, 45.5 ] }
																							}
																						}
																					]
																				}
																			]
																		}
																	]
																}
															]
														}
													]
												}
											]
										}
									],
									"attachmentpoints": [
										{
											"code": "Center",
											"posX": "5.5","posY": "3.0","posZ": "5.0",
											"rotationX": "0.0","rotationY": "0.0","rotationZ": "0.0"
										}
									]
								}
							]
						}
					]
				}
			]
		}
	]}