[
  {
    "op": "remove",
    "path": "/guiTransformByType/club-morningstar-*",
    "file": "game:CyberGenesis/clubflangedtype.json"
  },
  {
    "op": "add",
    "path": "/guiTransformByType/club-flanged-*",
    "value": {
      "translation": {
        "x": 0,
        "y": 0,
        "z": 0
      },
      "rotation": {
        "x": -66,
        "y": -128,
        "z": 164
      },
      "origin": {
        "x": 1.15,
        "y": -0.19,
        "z": 0.7
      },
      "scale": 2.39
    },
    "file": "game:CyberGenesis/clubflangedtype.json"
  }
]