{
  "code": "plainwallpaper",
  "creativeinventory": {
    "general": [ "*" ],
    "plainwalpapers": ["*"]
  },
  "behaviors": [ {"name": "Decor", "properties": {"sides": ["north", "east", "south", "west", "up", "down"], "thickness": 0.0 }} ],
  "variantgroups":[
		{"code": "type", "states": ["plainred","plaingreen", "plainblue", "plainbrown", "plainyellow", "plainwhite"]}
  ],
  "drawtype": "surfacelayer",
  "shapeInventory": {
        "base": "block/wallpaper", "rotateX": 90},
  "textures": {
       "all": { "base": "block/wallpaper/{type}" }
  },
	"vertexflags": {
		"zOffset": 1
	},
	"drops": [],
	"combustibleProps": {
		"burnTemperature": 150,
		"burnDuration": 2,
	},
	"guiTransform": {
		"rotate": "false",
		"rotation": { x: 15, y: -42, z: 0 },
		"origin": { x: 0.5, y: 0.5, z: 0 },
		"scale": 1.5
	},
	"groundTransform": {
		"translation": { x: 0, y: 0, z: 0 },
		"rotation": { x: -90, y: 1, z: 0 },
		"origin": { x: 0.5, y: 0.5, z: -0.02 },
		"scale": 2.5
	},
	"tpHandTransform": {
		"translation": { x: -1.2, y: -0.7, z: 0.1 },
		"rotation": { x: 5, y: -12, z: -25 },
		"origin": { x: 0.5, y: 0.5, z: 0 },
		"scale": 0.45
	},
  "blockmaterial": "cloth",
  "resistance": 0,
  "sounds": {
         "place": "game:block/cloth",
	 "break": "block/cloth",
	 "hit": "block/cloth",
	 "walk": "walk/cloth"
         }
}