[
  {
    "op": "addmerge",
    "path": "/variantgroups/0/states/11",
    "value": "zinc",
    "file": "game:itemtypes/part/rod.json",
    "side": "Server"
  },
  {
    "op": "addmerge",
    "path": "/variantgroups/0/states/12",
    "value": "lead",
    "file": "game:itemtypes/part/rod.json",
    "side": "Server"
  },
  {
    "op": "addmerge",
    "path": "/variantgroups/0/states/13",
    "value": "brass",
    "file": "game:itemtypes/part/rod.json",
    "side": "Server"
  },
  {
    "op": "addmerge",
    "path": "/variantgroups/0/states/14",
    "value": "nickel",
    "file": "game:itemtypes/part/rod.json",
    "side": "Server"
  },
  {
    "op": "addmerge",
    "path": "/variantgroups/0/states/15",
    "value": "chromium",
    "file": "game:itemtypes/part/rod.json",
    "side": "Server"
  },
  {
    "op": "addmerge",
    "path": "/variantgroups/0/states/16",
    "value": "platinum",
    "file": "game:itemtypes/part/rod.json",
    "side": "Server"
  },
  {
    "op": "addmerge",
    "path": "/variantgroups/0/states/17",
    "value": "titanium",
    "file": "game:itemtypes/part/rod.json",
    "side": "Server"
  },
  {
    "op": "addmerge",
    "path": "/variantgroups/0/states/18",
    "value": "molybdochalkos",
    "file": "game:itemtypes/part/rod.json",
    "side": "Server"
  },
  {
    "op": "addmerge",
    "path": "/variantgroups/0/states/19",
    "value": "tin",
    "file": "game:itemtypes/part/rod.json",
    "side": "Server"
  },
{
    "op": "addmerge",
    "path": "/variantgroups/0/states/20",
    "value": "uranium",
    "file": "game:itemtypes/part/rod.json",
    "side": "Server"
  },
{
    "op": "addmerge",
    "path": "/variantgroups/0/states/21",
    "value": "stainlesssteel",
    "file": "game:itemtypes/part/rod.json",
    "side": "Server"
  },
  
]