{
	"editor": {
		"backDropShape": "E:/VintageStory/Vintagestory/assets/game/shapes/entity/humanoid/seraph-faceless",
		"allAngles": true,
		"entityTextureMode": false
	},
	"textureWidth": 64,
	"textureHeight": 64,
	"textureSizes": {
		"complete-fur-coat": [64,64]
	},
	"textures": {
		"complete-fur-coat": "entity/humanoid/seraphclothes/emblem/complete-fur-coat"
	},
	"elements": [
		{
			"name": "LowerTorsoOrigin",
			"stepParentName": "LowerTorso",
			"from": [ -0.02, -0.02, -0.02 ],
			"to": [ 5.02, 4.02, 6.02 ],
			"rotationOrigin": [ 3.0, 3.0, 3.0 ],
			"faces": {
				"north": { "texture": "#complete-fur-coat", "uv": [ 41.0, 11.0, 46.0, 15.0 ], "autoUv": false, "snapUv": false },
				"east": { "texture": "#complete-fur-coat", "uv": [ 57.0, 11.0, 63.0, 15.0 ], "autoUv": false, "snapUv": false },
				"south": { "texture": "#complete-fur-coat", "uv": [ 52.0, 11.0, 57.0, 15.0 ], "autoUv": false, "snapUv": false },
				"west": { "texture": "#complete-fur-coat", "uv": [ 46.0, 11.0, 52.0, 15.0 ], "autoUv": false, "snapUv": false },
				"up": { "texture": "#complete-fur-coat", "uv": [ 34.0, 5.0, 40.0, 10.0 ], "rotation": 270, "autoUv": false, "snapUv": false },
				"down": { "texture": "#complete-fur-coat", "uv": [ 34.0, 10.0, 40.0, 15.0 ], "rotation": 90, "autoUv": false, "snapUv": false }
			}
		},
		{
			"name": "piernaleft",
			"stepParentName": "UpperFootL",
			"from": [ -0.1, -0.1, -0.01 ],
			"to": [ 4.3, 9.1, 3.29 ],
			"rotationOrigin": [ 0.1, -0.1, 0.0 ],
			"rotationY": 0.1,
			"faces": {
				"north": { "texture": "#complete-fur-coat", "uv": [ 16.0, 37.0, 20.0, 46.0 ], "autoUv": false, "windMode": [-1,-1,-1,-1] },
				"east": { "texture": "#complete-fur-coat", "uv": [ 27.0, 37.0, 30.0, 46.0 ], "autoUv": false },
				"south": { "texture": "#complete-fur-coat", "uv": [ 23.0, 37.0, 27.0, 46.0 ], "autoUv": false },
				"west": { "texture": "#complete-fur-coat", "uv": [ 20.0, 37.0, 23.0, 46.0 ], "autoUv": false },
				"up": { "texture": "#complete-fur-coat", "uv": [ 20.0, 33.0, 23.0, 37.0 ], "rotation": 90, "autoUv": false },
				"down": { "texture": "#complete-fur-coat", "uv": [ 20.0, 33.0, 23.0, 37.0 ], "rotation": 90, "autoUv": false, "windMode": [-1,-1,-1,-1] }
			}
		},
		{
			"name": "piernaright45",
			"stepParentName": "UpperFootR",
			"from": [ -0.1, -0.1, -0.01 ],
			"to": [ 4.3, 9.1, 3.29 ],
			"rotationOrigin": [ 0.1, -0.1, -0.1 ],
			"rotationY": 0.1,
			"faces": {
				"north": { "texture": "#complete-fur-coat", "uv": [ 4.0, 37.0, 8.0, 46.0 ], "autoUv": false, "windMode": [-1,-1,-1,-1] },
				"east": { "texture": "#complete-fur-coat", "uv": [ 1.0, 37.0, 4.0, 46.0 ], "autoUv": false, "windMode": [-1,-1,-1,-1] },
				"south": { "texture": "#complete-fur-coat", "uv": [ 11.0, 37.0, 15.0, 46.0 ], "autoUv": false, "windMode": [-1,-1,-1,-1] },
				"west": { "texture": "#complete-fur-coat", "uv": [ 8.0, 37.0, 11.0, 46.0 ], "autoUv": false, "windMode": [-1,-1,-1,-1] },
				"up": { "texture": "#complete-fur-coat", "uv": [ 8.0, 33.0, 11.0, 37.0 ], "rotation": 90, "autoUv": false },
				"down": { "texture": "#complete-fur-coat", "uv": [ 8.0, 33.0, 11.0, 37.0 ], "rotation": 90, "autoUv": false, "windMode": [-1,-1,-1,-1] }
			}
		},
		{
			"name": "piernaleftabajo73",
			"stepParentName": "LowerFootL",
			"from": [ -0.1, 0.0, -0.1 ],
			"to": [ 4.1, 10.2, 3.2 ],
			"rotationOrigin": [ 0.1, 0.0, -0.1 ],
			"rotationY": 0.1,
			"faces": {
				"north": { "texture": "#complete-fur-coat", "uv": [ 16.0, 50.0, 20.0, 60.0 ], "autoUv": false },
				"east": { "texture": "#complete-fur-coat", "uv": [ 27.0, 50.0, 30.0, 60.0 ], "autoUv": false, "windMode": [-1,-1,-1,-1] },
				"south": { "texture": "#complete-fur-coat", "uv": [ 23.0, 50.0, 27.0, 60.0 ], "autoUv": false, "windMode": [-1,-1,-1,-1] },
				"west": { "texture": "#complete-fur-coat", "uv": [ 20.0, 50.0, 23.0, 60.0 ], "autoUv": false, "windMode": [-1,-1,-1,-1] },
				"up": { "texture": "#complete-fur-coat", "uv": [ 20.0, 46.0, 23.0, 50.0 ], "rotation": 90, "autoUv": false, "windMode": [-1,-1,-1,-1] }
			}
		},
		{
			"name": "piernarightabajo75",
			"stepParentName": "LowerFootR",
			"from": [ -0.1, 0.0, -0.2 ],
			"to": [ 4.1, 10.2, 3.1 ],
			"rotationOrigin": [ 0.1, 0.0, -0.2 ],
			"rotationY": 0.1,
			"faces": {
				"north": { "texture": "#complete-fur-coat", "uv": [ 4.0, 50.0, 8.0, 60.0 ], "autoUv": false, "windMode": [-1,-1,-1,-1] },
				"east": { "texture": "#complete-fur-coat", "uv": [ 1.0, 50.0, 4.0, 60.0 ], "autoUv": false, "windMode": [-1,-1,-1,-1] },
				"south": { "texture": "#complete-fur-coat", "uv": [ 11.0, 50.0, 15.0, 60.0 ], "autoUv": false, "windMode": [-1,-1,-1,-1] },
				"west": { "texture": "#complete-fur-coat", "uv": [ 8.0, 50.0, 11.0, 60.0 ], "autoUv": false, "windMode": [-1,-1,-1,-1] },
				"up": { "texture": "#complete-fur-coat", "uv": [ 8.0, 46.0, 11.0, 50.0 ], "rotation": 90, "autoUv": false, "windMode": [-1,-1,-1,-1] }
			}
		}
	],
	"animations": [
		{
			"name": "Walk",
			"code": "walk",
			"quantityframes": 25,
			"onActivityStopped": "Rewind",
			"onAnimationEnd": "Repeat",
			"keyframes": [

			]
		}
	]
}