[

{
		"ingredientPattern": "_AB,_BA,CBB",
		"ingredients": {
			"A": { "type": "item", "code": "game:cloth-white", "quantity": 1 },
			"B": { "type": "item", "code": "game:cloth-pink", "quantity": 1 },
			"C": { "type": "item", "code": "game:sewingkit", "quantity": 1 }
		},
		"width": 3,
		"height": 3,
		"output": { "type": "item", "code": "clothes-upperbodyover-coatpuffedsleevespink"  }
	},
{
		"ingredientPattern": "_AB,_BA,CBB",
		"ingredients": {
			"A": { "type": "item", "code": "game:cloth-white", "quantity": 1 },
			"B": { "type": "item", "code": "game:cloth-blue", "quantity": 1 },
			"C": { "type": "item", "code": "game:sewingkit", "quantity": 1 }
		},
		"width": 3,
		"height": 3,
		"output": { "type": "item", "code": "clothes-upperbodyover-coatpuffedsleevesblue"  }
	},
{
		"ingredientPattern": "_AB,_BA,CBB",
		"ingredients": {
			"A": { "type": "item", "code": "game:cloth-white", "quantity": 1 },
			"B": { "type": "item", "code": "game:cloth-green", "quantity": 1 },
			"C": { "type": "item", "code": "game:sewingkit", "quantity": 1 }
		},
		"width": 3,
		"height": 3,
		"output": { "type": "item", "code": "clothes-upperbodyover-coatpuffedsleevesgreen"  }
	},
{
		"ingredientPattern": "_AB,_BA,CBB",
		"ingredients": {
			"A": { "type": "item", "code": "game:cloth-white", "quantity": 1 },
			"B": { "type": "item", "code": "game:cloth-purple", "quantity": 1 },
			"C": { "type": "item", "code": "game:sewingkit", "quantity": 1 }
		},
		"width": 3,
		"height": 3,
		"output": { "type": "item", "code": "clothes-upperbodyover-coatpuffedsleevespurple"  }
	},
{
		"ingredientPattern": "_AB,_BA,CBB",
		"ingredients": {
			"A": { "type": "item", "code": "game:cloth-white", "quantity": 1 },
			"B": { "type": "item", "code": "game:cloth-red", "quantity": 1 },
			"C": { "type": "item", "code": "game:sewingkit", "quantity": 1 }
		},
		"width": 3,
		"height": 3,
		"output": { "type": "item", "code": "clothes-upperbodyover-coatpuffedsleevesred"  }
	},
{
		"ingredientPattern": "DAB,_BA,CBB",
		"ingredients": {
			"A": { "type": "item", "code": "game:cloth-white", "quantity": 1 },
			"B": { "type": "item", "code": "game:cloth-black", "quantity": 1 },
			"C": { "type": "item", "code": "game:sewingkit", "quantity": 1 },
			"D": { "type": "block", "code": "game:flower-lupine-red-free", "quantity": 1 }
		},
		"width": 3,
		"height": 3,
		"output": { "type": "item", "code": "clothes-upperbodyover-coatpuffedsleevesblackwithredflowers"  }
	},
{
		"ingredientPattern": "DAB,_BA,CBB",
		"ingredients": {
			"A": { "type": "item", "code": "game:cloth-black", "quantity": 1 },
			"B": { "type": "item", "code": "game:cloth-white", "quantity": 1 },
			"C": { "type": "item", "code": "game:sewingkit", "quantity": 1 },
			"D": { "type": "item", "code": "game:gear-temporal", "quantity": 1 }
		},
		"width": 3,
		"height": 3,
		"output": { "type": "item", "code": "clothes-upperbodyover-coatpuffedsleeveswhite"  }
	},
{
		"ingredientPattern": "DAB,_BA,CBB",
		"ingredients": {
			"A": { "type": "item", "code": "game:cloth-white", "quantity": 1 },
			"B": { "type": "item", "code": "game:cloth-pink", "quantity": 1 },
			"C": { "type": "item", "code": "game:sewingkit", "quantity": 1 },
			"D": { "type": "block", "code": "game:flower-lupine-red-free", "quantity": 1 }
		},
		"width": 3,
		"height": 3,
		"output": { "type": "item", "code": "clothes-upperbodyover-coatpuffedsleevespinkflowers"  }
	}
]