{
	"editor": {
		"allAngles": false,
		"entityTextureMode": false
	},
	"textureWidth": 16,
	"textureHeight": 16,
	"textureSizes": {
	},
	"textures": {
		"birch": "block/wood/debarked/birch",
		"ashes": "block/wood/firepit/ground"
	},
	"elements": [
		{
			"name": "Ashes",
			"from": [ 1.0, 1.0, 0.01 ], 
			"to": [ 15.0, 15.0, 0.06 ], 
			"renderPass": 2,
			"rotationOrigin": [ 8.0, 8.0, 8.0 ],
			"rotationX": -90.0,
			"faces": {
				"north": { "texture": "#null", "uv": [ 0.0, 0.0, 14.0, 14.0 ], "enabled": false },
				"east": { "texture": "#null", "uv": [ 0.0, 0.0, 0.5, 14.0 ], "enabled": false },
				"south": { "texture": "#ashes", "uv": [ 1.0, 1.0, 15.0, 15.0 ] },
				"west": { "texture": "#null", "uv": [ 0.0, 0.0, 0.5, 14.0 ], "enabled": false },
				"up": { "texture": "#null", "uv": [ 0.0, 0.0, 14.0, 0.5 ], "enabled": false },
				"down": { "texture": "#null", "uv": [ 0.0, 0.0, 14.0, 0.5 ], "enabled": false }
			}
		},
		{
			"name": "Ember1",
			"from": [ 10.5, 0.0, 7.0 ], 
			"to": [ 12.5, 1.0, 9.0 ], 
			"faces": {
				"north": { "texture": "#ashes", "uv": [ 6.0, 5.0, 8.0, 6.0 ] },
				"east": { "texture": "#ashes", "uv": [ 7.0, 7.0, 9.0, 8.0 ] },
				"south": { "texture": "#ashes", "uv": [ 7.0, 4.0, 9.0, 5.0 ] },
				"west": { "texture": "#ashes", "uv": [ 6.0, 4.0, 8.0, 5.0 ] },
				"up": { "texture": "#ashes", "uv": [ 7.0, 5.0, 9.0, 7.0 ] },
				"down": { "texture": "#ashes", "uv": [ 0.0, 0.0, 2.0, 2.0 ], "enabled": false }
			}
		},
		{
			"name": "Ember2",
			"from": [ 10.5, 0.0, 6.0 ], 
			"to": [ 11.5, 0.7, 7.0 ], 
			"faces": {
				"north": { "texture": "#ashes", "uv": [ 7.0, 4.0, 8.0, 4.5 ] },
				"east": { "texture": "#ashes", "uv": [ 6.0, 5.0, 7.0, 5.5 ] },
				"south": { "texture": "#ashes", "uv": [ 8.0, 6.0, 9.0, 6.5 ] },
				"west": { "texture": "#ashes", "uv": [ 7.0, 5.0, 8.0, 5.5 ] },
				"up": { "texture": "#ashes", "uv": [ 7.0, 5.0, 8.0, 6.0 ] },
				"down": { "texture": "#ashes", "uv": [ 0.0, 0.0, 1.0, 1.0 ], "enabled": false }
			}
		},
		{
			"name": "Ember3",
			"from": [ 9.0, 0.0, 10.5 ], 
			"to": [ 10.0, 0.6, 11.5 ], 
			"faces": {
				"north": { "texture": "#ashes", "uv": [ 8.0, 4.0, 9.0, 4.5 ] },
				"east": { "texture": "#ashes", "uv": [ 7.0, 5.0, 8.0, 5.5 ] },
				"south": { "texture": "#ashes", "uv": [ 8.0, 4.0, 9.0, 4.5 ] },
				"west": { "texture": "#ashes", "uv": [ 6.0, 5.0, 7.0, 5.5 ] },
				"up": { "texture": "#ashes", "uv": [ 6.0, 6.0, 7.0, 7.0 ] },
				"down": { "texture": "#ashes", "uv": [ 0.0, 0.0, 1.0, 1.0 ], "enabled": false }
			}
		},
		{
			"name": "Ember4",
			"from": [ 11.0, 0.0, 9.0 ], 
			"to": [ 12.0, 0.6, 10.0 ], 
			"faces": {
				"north": { "texture": "#ashes", "uv": [ 7.0, 4.0, 8.0, 4.5 ] },
				"east": { "texture": "#ashes", "uv": [ 7.0, 4.0, 8.0, 4.5 ] },
				"south": { "texture": "#ashes", "uv": [ 8.0, 5.0, 9.0, 5.5 ] },
				"west": { "texture": "#ashes", "uv": [ 8.0, 4.0, 9.0, 4.5 ] },
				"up": { "texture": "#ashes", "uv": [ 8.0, 5.0, 9.0, 6.0 ] },
				"down": { "texture": "#ashes", "uv": [ 0.0, 0.0, 1.0, 1.0 ], "enabled": false }
			}
		},
		{
			"name": "Ember12",
			"from": [ 5.0, 0.0, 3.5 ], 
			"to": [ 7.0, 1.0, 5.5 ], 
			"faces": {
				"north": { "texture": "#ashes", "uv": [ 6.0, 5.0, 8.0, 6.0 ] },
				"east": { "texture": "#ashes", "uv": [ 7.0, 7.0, 9.0, 8.0 ] },
				"south": { "texture": "#ashes", "uv": [ 7.0, 4.0, 9.0, 5.0 ] },
				"west": { "texture": "#ashes", "uv": [ 6.0, 4.0, 8.0, 5.0 ] },
				"up": { "texture": "#ashes", "uv": [ 7.0, 5.0, 9.0, 7.0 ] },
				"down": { "texture": "#ashes", "uv": [ 0.0, 0.0, 2.0, 2.0 ], "enabled": false }
			}
		},
		{
			"name": "Ember13",
			"from": [ 8.0, 0.0, 4.0 ], 
			"to": [ 9.0, 0.5, 5.0 ], 
			"faces": {
				"north": { "texture": "#ashes", "uv": [ 7.0, 4.0, 8.0, 4.5 ] },
				"east": { "texture": "#ashes", "uv": [ 7.0, 4.0, 8.0, 4.5 ] },
				"south": { "texture": "#ashes", "uv": [ 8.0, 5.0, 9.0, 5.5 ] },
				"west": { "texture": "#ashes", "uv": [ 8.0, 4.0, 9.0, 4.5 ] },
				"up": { "texture": "#ashes", "uv": [ 8.0, 5.0, 9.0, 6.0 ] },
				"down": { "texture": "#ashes", "uv": [ 0.0, 0.0, 1.0, 1.0 ], "enabled": false }
			}
		},
		{
			"name": "Log-N",
			"from": [ 2.1, 1.6, 5.3 ],
			"to": [ 10.1, 3.1, 6.8 ],
			"rotationOrigin": [ 2.1, 1.6, 6.3 ],
			"rotationY": 21.0,
			"rotationZ": -10.0,
			"faces": {
				"north": { "texture": "#birch", "uv": [ 3.5, 7.0, 11.5, 8.5 ] },
				"east": { "texture": "#birch", "uv": [ 12.0, 11.0, 13.5, 12.5 ] },
				"south": { "texture": "#birch", "uv": [ 4.5, 7.5, 12.5, 9.0 ] },
				"west": { "texture": "#birch", "uv": [ 2.0, 9.5, 3.5, 11.0 ] },
				"up": { "texture": "#birch", "uv": [ 4.0, 3.0, 12.0, 4.5 ] },
				"down": { "texture": "#birch", "uv": [ 3.5, 10.5, 11.5, 12.0 ] }
			},
			"children": [
				{
					"name": "Log-N2",
					"from": [ 2.6, 0.2, 0.0 ],
					"to": [ 4.6, 1.3, 1.1 ],
					"rotationOrigin": [ 2.6, 0.2, 1.0 ],
					"rotationY": -67.5,
					"faces": {
						"north": { "texture": "#birch", "uv": [ 4.5, 7.5, 6.5, 8.5 ] },
						"east": { "texture": "#birch", "uv": [ 10.0, 7.5, 11.0, 8.5 ] },
						"south": { "texture": "#birch", "uv": [ 8.0, 7.5, 10.0, 8.5 ] },
						"west": { "texture": "#birch", "uv": [ 1.0, 6.0, 2.0, 7.0 ] },
						"up": { "texture": "#birch", "uv": [ 6.0, 3.0, 8.0, 4.0 ] },
						"down": { "texture": "#birch", "uv": [ 6.0, 10.0, 8.0, 11.0 ] }
					}
				},
				{
					"name": "Log-N3",
					"from": [ 8.0, 0.0, 0.0 ],
					"to": [ 10.0, 1.0, 1.0 ],
					"rotationOrigin": [ 8.0, 0.0, 1.0 ],
					"faces": {
						"north": { "texture": "#birch", "uv": [ 7.5, 7.5, 9.5, 8.5 ] },
						"east": { "texture": "#birch", "uv": [ 5.5, 7.5, 6.5, 8.5 ] },
						"south": { "texture": "#birch", "uv": [ 10.0, 7.5, 12.0, 8.5 ] },
						"west": { "texture": "#birch", "uv": [ 6.0, 7.0, 7.0, 8.0 ] },
						"up": { "texture": "#birch", "uv": [ 5.0, 4.5, 7.0, 5.5 ] },
						"down": { "texture": "#birch", "uv": [ 5.0, 10.5, 7.0, 11.5 ] }
					}
				}
			]
		},
		{
			"name": "Log-S",
			"from": [ 1.9, 0.9, 0.3 ],
			"to": [ 9.9, 2.4, 1.8 ],
			"rotationOrigin": [ 9.9, 0.9, 1.3 ],
			"rotationY": 112.5,
			"rotationZ": 7.0,
			"faces": {
				"north": { "texture": "#birch", "uv": [ 4.0, 7.5, 12.0, 9.0 ] },
				"east": { "texture": "#birch", "uv": [ 5.5, 7.5, 7.0, 9.0 ] },
				"south": { "texture": "#birch", "uv": [ 4.0, 7.0, 12.0, 8.5 ] },
				"west": { "texture": "#birch", "uv": [ 13.5, 6.5, 15.0, 8.0 ] },
				"up": { "texture": "#birch", "uv": [ 3.5, 2.0, 11.5, 3.5 ] },
				"down": { "texture": "#birch", "uv": [ 4.5, 11.0, 12.5, 12.5 ], "windMode": [-1,-1,-1,-1] }
			},
			"children": [
				{
					"name": "Log-N4",
					"from": [ -2.0, 0.0, 0.0 ],
					"to": [ 0.0, 1.5, 1.0 ],
					"rotationOrigin": [ -2.0, 0.0, 0.0 ],
					"faces": {
						"north": { "texture": "#birch", "uv": [ 4.0, 7.0, 6.0, 8.5 ] },
						"east": { "texture": "#birch", "uv": [ 13.0, 6.5, 14.0, 8.0 ] },
						"south": { "texture": "#birch", "uv": [ 2.0, 5.5, 4.0, 7.0 ] },
						"west": { "texture": "#birch", "uv": [ 4.5, 3.0, 5.5, 4.5 ] },
						"up": { "texture": "#birch", "uv": [ 5.0, 2.5, 7.0, 3.5 ] },
						"down": { "texture": "#birch", "uv": [ 4.5, 10.0, 6.5, 11.0 ] }
					}
				},
				{
					"name": "Log-N5",
					"from": [ -2.0, 0.0, 1.0 ],
					"to": [ 0.0, 1.0, 1.5 ],
					"rotationOrigin": [ -2.0, 0.0, 1.0 ],
					"faces": {
						"north": { "texture": "#birch", "uv": [ 3.5, 6.5, 5.5, 7.5 ] },
						"east": { "texture": "#birch", "uv": [ 13.0, 6.5, 13.5, 7.5 ] },
						"south": { "texture": "#birch", "uv": [ 4.5, 7.5, 6.5, 8.5 ] },
						"west": { "texture": "#birch", "uv": [ 1.0, 6.0, 1.5, 7.0 ] },
						"up": { "texture": "#birch", "uv": [ 2.5, 1.5, 4.5, 2.0 ] },
						"down": { "texture": "#birch", "uv": [ 4.0, 9.5, 6.0, 10.0 ] }
					}
				}
			]
		},
		{
			"name": "Log-N15",
			"from": [ 4.0, 1.0, 11.4 ],
			"to": [ 14.0, 2.0, 12.9 ],
			"rotationOrigin": [ 9.0, 1.0, 12.9 ],
			"rotationX": -7.5,
			"rotationY": 6.5,
			"rotationZ": -10.0,
			"faces": {
				"north": { "texture": "#birch", "uv": [ 1.5, 7.5, 11.5, 8.5 ] },
				"east": { "texture": "#birch", "uv": [ 3.5, 9.5, 5.0, 10.5 ] },
				"south": { "texture": "#birch", "uv": [ 4.5, 7.5, 14.5, 8.5 ] },
				"west": { "texture": "#birch", "uv": [ 8.5, 3.5, 10.0, 4.5 ], "windMode": [-1,-1,-1,-1] },
				"up": { "texture": "#birch", "uv": [ 5.5, 3.0, 15.5, 4.5 ] },
				"down": { "texture": "#birch", "uv": [ 2.5, 9.5, 12.5, 11.0 ] }
			},
			"children": [
				{
					"name": "Log-N23",
					"from": [ 2.8, 0.1, 0.0 ],
					"to": [ 4.8, 0.9, 1.0 ],
					"rotationOrigin": [ 4.8, 0.1, 0.0 ],
					"rotationY": -67.5,
					"faces": {
						"north": { "texture": "#birch", "uv": [ 0.5, 6.5, 2.5, 7.0 ] },
						"east": { "texture": "#birch", "uv": [ 3.5, 9.5, 4.5, 10.0 ] },
						"south": { "texture": "#birch", "uv": [ 6.0, 7.0, 8.0, 7.5 ] },
						"west": { "texture": "#birch", "uv": [ 8.5, 3.5, 9.5, 4.0 ], "windMode": [-1,-1,-1,-1] },
						"up": { "texture": "#birch", "uv": [ 5.5, 3.0, 7.5, 4.0 ] },
						"down": { "texture": "#birch", "uv": [ 2.5, 9.5, 4.5, 10.5 ] }
					}
				}
			]
		},
		{
			"name": "Log-W",
			"from": [ -0.5, -0.1, 8.0 ],
			"to": [ 9.5, 1.4, 9.5 ],
			"rotationOrigin": [ 4.5, -0.1, 9.0 ],
			"rotationY": 112.5,
			"faces": {
				"north": { "texture": "#birch", "uv": [ 3.0, 7.0, 13.0, 8.5 ] },
				"east": { "texture": "#birch", "uv": [ 3.0, 7.0, 4.5, 8.5 ] },
				"south": { "texture": "#birch", "uv": [ 3.5, 7.0, 13.5, 8.5 ] },
				"west": { "texture": "#birch", "uv": [ 10.5, 7.5, 12.0, 9.0 ] },
				"up": { "texture": "#birch", "uv": [ 4.5, 1.5, 14.5, 3.0 ] },
				"down": { "texture": "#birch", "uv": [ 3.5, 9.0, 13.5, 10.5 ], "windMode": [-1,-1,-1,-1] }
			}
		},
		{
			"name": "Log-N17",
			"from": [ 7.4, 1.1, 7.0 ],
			"to": [ 14.4, 2.6, 8.5 ],
			"rotationOrigin": [ 14.4, 1.1, 8.5 ],
			"rotationY": 45.0,
			"rotationZ": -5.5,
			"faces": {
				"north": { "texture": "#birch", "uv": [ 3.0, 7.0, 10.0, 8.5 ] },
				"east": { "texture": "#birch", "uv": [ 5.5, 7.5, 7.0, 9.0 ] },
				"south": { "texture": "#birch", "uv": [ 2.5, 7.5, 9.5, 9.0 ] },
				"west": { "texture": "#birch", "uv": [ 13.0, 6.5, 14.5, 8.0 ] },
				"up": { "texture": "#birch", "uv": [ 1.0, 5.0, 8.0, 6.5 ] },
				"down": { "texture": "#birch", "uv": [ 3.0, 9.5, 10.0, 11.0 ] }
			},
			"children": [
				{
					"name": "Log-N18",
					"from": [ -2.0, 0.0, 0.0 ],
					"to": [ 0.0, 1.0, 1.5 ],
					"rotationOrigin": [ 0.0, 0.0, 1.5 ],
					"faces": {
						"north": { "texture": "#birch", "uv": [ 4.5, 7.5, 6.5, 8.5 ] },
						"east": { "texture": "#birch", "uv": [ 6.0, 6.5, 7.5, 7.5 ] },
						"south": { "texture": "#birch", "uv": [ 8.5, 7.5, 10.5, 8.5 ] },
						"west": { "texture": "#birch", "uv": [ 13.0, 6.5, 14.5, 7.5 ] },
						"up": { "texture": "#birch", "uv": [ 6.0, 4.0, 8.0, 5.5 ] },
						"down": { "texture": "#birch", "uv": [ 3.0, 9.5, 5.0, 11.0 ] }
					}
				},
				{
					"name": "Log-N19",
					"from": [ -2.0, 1.0, 0.0 ],
					"to": [ 0.0, 1.5, 1.0 ],
					"rotationOrigin": [ 0.0, 1.0, 1.5 ],
					"faces": {
						"north": { "texture": "#birch", "uv": [ 2.5, 6.5, 4.5, 7.0 ] },
						"east": { "texture": "#birch", "uv": [ 5.5, 7.5, 6.5, 8.0 ] },
						"south": { "texture": "#birch", "uv": [ 1.5, 8.0, 3.5, 8.5 ] },
						"west": { "texture": "#birch", "uv": [ 13.0, 6.5, 14.0, 7.0 ] },
						"up": { "texture": "#birch", "uv": [ 1.0, 5.0, 3.0, 6.0 ] },
						"down": { "texture": "#birch", "uv": [ 3.0, 9.5, 5.0, 10.5 ] }
					}
				},
				{
					"name": "Log-N20",
					"from": [ -4.0, 0.0, 0.0 ],
					"to": [ -2.0, 1.0, 1.0 ],
					"rotationOrigin": [ -2.0, 0.0, 1.5 ],
					"faces": {
						"north": { "texture": "#birch", "uv": [ 3.0, 7.0, 5.0, 8.0 ] },
						"east": { "texture": "#birch", "uv": [ 5.5, 7.5, 6.5, 8.5 ] },
						"south": { "texture": "#birch", "uv": [ 4.0, 8.0, 6.0, 9.0 ] },
						"west": { "texture": "#birch", "uv": [ 13.0, 6.5, 14.0, 7.5 ] },
						"up": { "texture": "#birch", "uv": [ 1.0, 5.0, 3.0, 6.0 ] },
						"down": { "texture": "#birch", "uv": [ 3.0, 9.5, 5.0, 10.5 ] }
					}
				},
				{
					"name": "Log-N21",
					"from": [ 7.0, 1.0, 0.0 ],
					"to": [ 8.0, 1.5, 1.0 ],
					"rotationOrigin": [ 9.0, 1.0, 1.5 ],
					"faces": {
						"north": { "texture": "#birch", "uv": [ 2.5, 6.5, 3.5, 7.0 ] },
						"east": { "texture": "#birch", "uv": [ 5.5, 7.5, 6.5, 8.0 ] },
						"south": { "texture": "#birch", "uv": [ 1.5, 8.0, 2.5, 8.5 ] },
						"west": { "texture": "#birch", "uv": [ 13.0, 6.5, 14.0, 7.0 ] },
						"up": { "texture": "#birch", "uv": [ 1.0, 5.0, 2.0, 6.0 ] },
						"down": { "texture": "#birch", "uv": [ 3.0, 9.5, 4.0, 10.5 ] }
					}
				},
				{
					"name": "Log-N22",
					"from": [ 7.0, 0.0, 0.0 ],
					"to": [ 8.0, 1.0, 1.5 ],
					"rotationOrigin": [ 9.0, 0.0, 1.5 ],
					"faces": {
						"north": { "texture": "#birch", "uv": [ 4.0, 7.0, 5.0, 8.0 ] },
						"east": { "texture": "#birch", "uv": [ 5.5, 7.5, 7.0, 8.5 ] },
						"south": { "texture": "#birch", "uv": [ 1.5, 8.0, 2.5, 9.0 ] },
						"west": { "texture": "#birch", "uv": [ 13.0, 6.5, 14.5, 7.5 ] },
						"up": { "texture": "#birch", "uv": [ 1.0, 5.0, 2.0, 6.5 ] },
						"down": { "texture": "#birch", "uv": [ 3.0, 9.5, 4.0, 11.0 ] }
					}
				}
			]
		},
		{
			"name": "Log-N6",
			"from": [ 12.6, 1.8, 3.3 ],
			"to": [ 20.6, 3.3, 4.8 ],
			"rotationOrigin": [ 12.6, 1.8, 4.3 ],
			"rotationX": 180.0,
			"rotationY": 7.5,
			"rotationZ": 183.3,
			"faces": {
				"north": { "texture": "#birch", "uv": [ 3.5, 7.0, 11.5, 8.5 ] },
				"east": { "texture": "#birch", "uv": [ 12.0, 11.0, 13.5, 12.5 ] },
				"south": { "texture": "#birch", "uv": [ 4.5, 7.5, 12.5, 9.0 ] },
				"west": { "texture": "#birch", "uv": [ 2.0, 9.5, 3.5, 11.0 ] },
				"up": { "texture": "#birch", "uv": [ 4.0, 3.0, 12.0, 4.5 ] },
				"down": { "texture": "#birch", "uv": [ 3.5, 10.5, 11.5, 12.0 ] }
			},
			"children": [
				{
					"name": "Log-N7",
					"from": [ 2.6, 0.2, 0.0 ],
					"to": [ 4.6, 1.3, 1.1 ],
					"rotationOrigin": [ 2.6, 0.2, 1.0 ],
					"rotationY": -67.5,
					"faces": {
						"north": { "texture": "#birch", "uv": [ 4.5, 7.5, 6.5, 8.5 ] },
						"east": { "texture": "#birch", "uv": [ 10.0, 7.5, 11.0, 8.5 ] },
						"south": { "texture": "#birch", "uv": [ 8.0, 7.5, 10.0, 8.5 ] },
						"west": { "texture": "#birch", "uv": [ 1.0, 6.0, 2.0, 7.0 ] },
						"up": { "texture": "#birch", "uv": [ 6.0, 3.0, 8.0, 4.0 ] },
						"down": { "texture": "#birch", "uv": [ 6.0, 10.0, 8.0, 11.0 ] }
					}
				},
				{
					"name": "Log-N8",
					"from": [ 8.0, 0.0, 0.0 ],
					"to": [ 10.0, 1.0, 1.0 ],
					"rotationOrigin": [ 8.0, 0.0, 1.0 ],
					"faces": {
						"north": { "texture": "#birch", "uv": [ 7.5, 7.5, 9.5, 8.5 ] },
						"east": { "texture": "#birch", "uv": [ 5.5, 7.5, 6.5, 8.5 ] },
						"south": { "texture": "#birch", "uv": [ 10.0, 7.5, 12.0, 8.5 ] },
						"west": { "texture": "#birch", "uv": [ 6.0, 7.0, 7.0, 8.0 ] },
						"up": { "texture": "#birch", "uv": [ 5.0, 4.5, 7.0, 5.5 ] },
						"down": { "texture": "#birch", "uv": [ 5.0, 10.5, 7.0, 11.5 ] }
					}
				}
			]
		},
		{
			"name": "Log-W2",
			"from": [ 5.7, 2.7, 12.3 ],
			"to": [ 15.7, 4.2, 13.3 ],
			"rotationOrigin": [ 5.7, 2.7, 13.3 ],
			"rotationX": -24.8,
			"rotationY": 104.5,
			"rotationZ": 24.0,
			"faces": {
				"north": { "texture": "#birch", "uv": [ 3.0, 7.0, 13.0, 8.5 ] },
				"east": { "texture": "#birch", "uv": [ 3.0, 7.0, 4.0, 8.5 ] },
				"south": { "texture": "#birch", "uv": [ 3.5, 7.0, 13.5, 8.5 ] },
				"west": { "texture": "#birch", "uv": [ 10.5, 7.5, 11.5, 9.0 ] },
				"up": { "texture": "#birch", "uv": [ 4.5, 1.5, 14.5, 2.5 ] },
				"down": { "texture": "#birch", "uv": [ 3.5, 9.0, 13.5, 10.0 ], "windMode": [-1,-1,-1,-1] }
			}
		}
	]}