{
	"editor": {
		"collapsedPaths": "Root/Log-N6,Root/Log-N17",
		"allAngles": false,
		"entityTextureMode": false
	},
	"textureWidth": 16,
	"textureHeight": 16,
	"textureSizes": {
	},
	"textures": {
		"birch": "block/wood/debarked/birch"
	},
	"elements": [
		{
			"name": "Ashes",
			"from": [ 1.0, 1.0, 0.01 ],
			"to": [ 15.0, 15.0, 0.01 ],
			"renderPass": 2,
			"rotationOrigin": [ 8.0, 8.0, 8.0 ],
			"rotationX": -90.0,
			"faces": {
				"south": { "texture": "#ashes", "uv": [ 1.0, 1.0, 15.0, 15.0 ] }
			}
		},
		{
			"name": "Ember",
			"from": [ 7.0, 0.0, 7.0 ],
			"to": [ 9.0, 2.0, 9.0 ],
			"faces": {
				"north": { "texture": "#fire", "uv": [ 6.0, 5.0, 8.0, 7.0 ], "glow": 160 },
				"east": { "texture": "#fire", "uv": [ 7.0, 7.0, 9.0, 9.0 ], "glow": 160 },
				"south": { "texture": "#fire", "uv": [ 7.0, 4.0, 9.0, 6.0 ], "glow": 160 },
				"west": { "texture": "#fire", "uv": [ 6.0, 4.0, 8.0, 6.0 ], "glow": 160 },
				"up": { "texture": "#fire", "uv": [ 7.0, 5.0, 9.0, 7.0 ], "glow": 160 }
			}
		},
		{
			"name": "Ember",
			"from": [ 7.0, 0.0, 6.0 ],
			"to": [ 8.0, 1.0, 7.0 ],
			"faces": {
				"north": { "texture": "#fire", "uv": [ 7.0, 4.0, 8.0, 5.0 ], "glow": 160 },
				"east": { "texture": "#fire", "uv": [ 6.0, 5.0, 7.0, 6.0 ], "glow": 160 },
				"south": { "texture": "#fire", "uv": [ 8.0, 6.0, 9.0, 7.0 ], "glow": 160 },
				"west": { "texture": "#fire", "uv": [ 7.0, 5.0, 8.0, 6.0 ], "glow": 160 },
				"up": { "texture": "#fire", "uv": [ 7.0, 5.0, 8.0, 6.0 ], "glow": 160 }
			}
		},
		{
			"name": "Ember",
			"from": [ 9.0, 0.0, 8.0 ],
			"to": [ 10.0, 1.0, 9.0 ],
			"faces": {
				"north": { "texture": "#fire", "uv": [ 8.0, 4.0, 9.0, 5.0 ], "glow": 160 },
				"east": { "texture": "#fire", "uv": [ 7.0, 5.0, 8.0, 6.0 ], "glow": 160 },
				"south": { "texture": "#fire", "uv": [ 8.0, 4.0, 9.0, 5.0 ], "glow": 160 },
				"west": { "texture": "#fire", "uv": [ 6.0, 5.0, 7.0, 6.0 ], "glow": 160 },
				"up": { "texture": "#fire", "uv": [ 6.0, 6.0, 7.0, 7.0 ], "glow": 160 }
			}
		},
		{
			"name": "Ember",
			"from": [ 7.0, 0.0, 9.0 ],
			"to": [ 8.0, 1.0, 10.0 ],
			"faces": {
				"north": { "texture": "#fire", "uv": [ 7.0, 4.0, 8.0, 5.0 ], "glow": 160 },
				"east": { "texture": "#fire", "uv": [ 7.0, 4.0, 8.0, 5.0 ], "glow": 160 },
				"south": { "texture": "#fire", "uv": [ 8.0, 5.0, 9.0, 6.0 ], "glow": 160 },
				"west": { "texture": "#fire", "uv": [ 8.0, 4.0, 9.0, 5.0 ], "glow": 160 },
				"up": { "texture": "#fire", "uv": [ 8.0, 5.0, 9.0, 6.0 ], "glow": 160 }
			}
		},
		{
			"name": "Log-N",
			"from": [ 3.6, -0.4, 7.3 ],
			"to": [ 11.6, 1.1, 8.8 ],
			"rotationOrigin": [ 3.6, -0.4, 8.3 ],
			"rotationY": 22.5,
			"rotationZ": 45.0,
			"faces": {
				"north": { "texture": "#birch", "uv": [ 3.5, 7.0, 11.5, 8.5 ] },
				"east": { "texture": "#birch", "uv": [ 12.0, 11.0, 13.5, 12.5 ] },
				"south": { "texture": "#birch", "uv": [ 4.5, 7.5, 12.5, 9.0 ] },
				"west": { "texture": "#birch", "uv": [ 2.0, 9.5, 3.5, 11.0 ] },
				"up": { "texture": "#birch", "uv": [ 4.0, 3.0, 12.0, 4.5 ] },
				"down": { "texture": "#birch", "uv": [ 3.5, 10.5, 11.5, 12.0 ] }
			},
			"children": [
				{
					"name": "Log-N2",
					"from": [ 2.6, 0.2, 0.0 ],
					"to": [ 4.6, 1.3, 1.1 ],
					"rotationOrigin": [ 2.6, 0.2, 1.0 ],
					"rotationY": -67.5,
					"faces": {
						"north": { "texture": "#birch", "uv": [ 4.5, 7.5, 6.5, 8.5 ] },
						"east": { "texture": "#birch", "uv": [ 10.0, 7.5, 11.0, 8.5 ] },
						"south": { "texture": "#birch", "uv": [ 8.0, 7.5, 10.0, 8.5 ] },
						"west": { "texture": "#birch", "uv": [ 1.0, 6.0, 2.0, 7.0 ] },
						"up": { "texture": "#birch", "uv": [ 6.0, 3.0, 8.0, 4.0 ] },
						"down": { "texture": "#birch", "uv": [ 6.0, 10.0, 8.0, 11.0 ] }
					}
				},
				{
					"name": "Log-N3",
					"from": [ 8.0, 0.0, 0.0 ],
					"to": [ 10.0, 1.0, 1.0 ],
					"rotationOrigin": [ 8.0, 0.0, 1.0 ],
					"faces": {
						"north": { "texture": "#birch", "uv": [ 7.5, 7.5, 9.5, 8.5 ] },
						"east": { "texture": "#birch", "uv": [ 5.5, 7.5, 6.5, 8.5 ] },
						"south": { "texture": "#birch", "uv": [ 10.0, 7.5, 12.0, 8.5 ] },
						"west": { "texture": "#birch", "uv": [ 6.0, 7.0, 7.0, 8.0 ] },
						"up": { "texture": "#birch", "uv": [ 5.0, 4.5, 7.0, 5.5 ] },
						"down": { "texture": "#birch", "uv": [ 5.0, 10.5, 7.0, 11.5 ] }
					}
				}
			]
		},
		{
			"name": "Log-S",
			"from": [ -0.1, -0.1, 2.3 ],
			"to": [ 7.9, 1.4, 3.8 ],
			"rotationOrigin": [ 7.9, -0.1, 3.3 ],
			"rotationY": 112.5,
			"rotationZ": -45.0,
			"faces": {
				"north": { "texture": "#birch", "uv": [ 4.0, 7.5, 12.0, 9.0 ] },
				"east": { "texture": "#birch", "uv": [ 5.5, 7.5, 7.0, 9.0 ] },
				"south": { "texture": "#birch", "uv": [ 4.0, 7.0, 12.0, 8.5 ] },
				"west": { "texture": "#birch", "uv": [ 13.5, 6.5, 15.0, 8.0 ] },
				"up": { "texture": "#birch", "uv": [ 3.5, 2.0, 11.5, 3.5 ] },
				"down": { "texture": "#birch", "uv": [ 4.5, 11.0, 12.5, 12.5 ], "windMode": [-1,-1,-1,-1] }
			},
			"children": [
				{
					"name": "Log-N4",
					"from": [ -2.0, 0.0, 0.0 ],
					"to": [ 0.0, 1.5, 1.0 ],
					"rotationOrigin": [ -2.0, 0.0, 0.0 ],
					"faces": {
						"north": { "texture": "#birch", "uv": [ 4.0, 7.0, 6.0, 8.5 ] },
						"east": { "texture": "#birch", "uv": [ 13.0, 6.5, 14.0, 8.0 ] },
						"south": { "texture": "#birch", "uv": [ 2.0, 5.5, 4.0, 7.0 ] },
						"west": { "texture": "#birch", "uv": [ 4.5, 3.0, 5.5, 4.5 ] },
						"up": { "texture": "#birch", "uv": [ 5.0, 2.5, 7.0, 3.5 ] },
						"down": { "texture": "#birch", "uv": [ 4.5, 10.0, 6.5, 11.0 ] }
					}
				},
				{
					"name": "Log-N5",
					"from": [ -2.0, 0.0, 1.0 ],
					"to": [ 0.0, 1.0, 1.5 ],
					"rotationOrigin": [ -2.0, 0.0, 1.0 ],
					"faces": {
						"north": { "texture": "#birch", "uv": [ 3.5, 6.5, 5.5, 7.5 ] },
						"east": { "texture": "#birch", "uv": [ 13.0, 6.5, 13.5, 7.5 ] },
						"south": { "texture": "#birch", "uv": [ 4.5, 7.5, 6.5, 8.5 ] },
						"west": { "texture": "#birch", "uv": [ 1.0, 6.0, 1.5, 7.0 ] },
						"up": { "texture": "#birch", "uv": [ 2.5, 1.5, 4.5, 2.0 ] },
						"down": { "texture": "#birch", "uv": [ 4.0, 9.5, 6.0, 10.0 ] }
					}
				}
			]
		},
		{
			"name": "Log-N15",
			"from": [ 3.5, 3.0, 8.2 ],
			"to": [ 13.5, 4.0, 9.7 ],
			"rotationOrigin": [ 8.5, 3.0, 9.7 ],
			"rotationX": -7.5,
			"rotationY": -43.0,
			"rotationZ": -46.5,
			"faces": {
				"north": { "texture": "#birch", "uv": [ 1.5, 7.5, 11.5, 8.5 ] },
				"east": { "texture": "#birch", "uv": [ 3.5, 9.5, 5.0, 10.5 ] },
				"south": { "texture": "#birch", "uv": [ 4.5, 7.5, 14.5, 8.5 ] },
				"west": { "texture": "#birch", "uv": [ 8.5, 3.5, 10.0, 4.5 ], "windMode": [-1,-1,-1,-1] },
				"up": { "texture": "#birch", "uv": [ 5.5, 3.0, 15.5, 4.5 ] },
				"down": { "texture": "#birch", "uv": [ 2.5, 9.5, 12.5, 11.0 ] }
			},
			"children": [
				{
					"name": "Log-N23",
					"from": [ 2.8, 0.1, 0.0 ],
					"to": [ 4.8, 0.9, 1.0 ],
					"rotationOrigin": [ 4.8, 0.1, 0.0 ],
					"rotationY": -67.5,
					"faces": {
						"north": { "texture": "#birch", "uv": [ 0.5, 6.5, 2.5, 7.0 ] },
						"east": { "texture": "#birch", "uv": [ 3.5, 9.5, 4.5, 10.0 ] },
						"south": { "texture": "#birch", "uv": [ 6.0, 7.0, 8.0, 7.5 ] },
						"west": { "texture": "#birch", "uv": [ 8.5, 3.5, 9.5, 4.0 ], "windMode": [-1,-1,-1,-1] },
						"up": { "texture": "#birch", "uv": [ 5.5, 3.0, 7.5, 4.0 ] },
						"down": { "texture": "#birch", "uv": [ 2.5, 9.5, 4.5, 10.5 ] }
					}
				}
			]
		},
		{
			"name": "Log-W",
			"from": [ 1.0, -0.1, 7.0 ],
			"to": [ 11.0, 1.4, 8.5 ],
			"rotationOrigin": [ 6.0, -0.1, 8.0 ],
			"rotationY": 112.5,
			"faces": {
				"north": { "texture": "#birch", "uv": [ 3.0, 7.0, 13.0, 8.5 ] },
				"east": { "texture": "#birch", "uv": [ 3.0, 7.0, 4.5, 8.5 ] },
				"south": { "texture": "#birch", "uv": [ 3.5, 7.0, 13.5, 8.5 ] },
				"west": { "texture": "#birch", "uv": [ 10.5, 7.5, 12.0, 9.0 ] },
				"up": { "texture": "#birch", "uv": [ 4.5, 1.5, 14.5, 3.0 ] },
				"down": { "texture": "#birch", "uv": [ 3.5, 9.0, 13.5, 10.5 ], "windMode": [-1,-1,-1,-1] }
			}
		},
		{
			"name": "Log-N17",
			"from": [ 5.8, 0.3, 5.0 ],
			"to": [ 12.8, 1.8, 6.5 ],
			"rotationOrigin": [ 12.8, 0.3, 6.5 ],
			"rotationY": 22.5,
			"rotationZ": -22.5,
			"faces": {
				"north": { "texture": "#birch", "uv": [ 3.0, 7.0, 10.0, 8.5 ] },
				"east": { "texture": "#birch", "uv": [ 5.5, 7.5, 7.0, 9.0 ] },
				"south": { "texture": "#birch", "uv": [ 2.5, 7.5, 9.5, 9.0 ] },
				"west": { "texture": "#birch", "uv": [ 13.0, 6.5, 14.5, 8.0 ] },
				"up": { "texture": "#birch", "uv": [ 1.0, 5.0, 8.0, 6.5 ] },
				"down": { "texture": "#birch", "uv": [ 3.0, 9.5, 10.0, 11.0 ] }
			},
			"children": [
				{
					"name": "Log-N18",
					"from": [ -2.0, 0.0, 0.0 ],
					"to": [ 0.0, 1.0, 1.5 ],
					"rotationOrigin": [ 0.0, 0.0, 1.5 ],
					"faces": {
						"north": { "texture": "#birch", "uv": [ 4.5, 7.5, 6.5, 8.5 ] },
						"east": { "texture": "#birch", "uv": [ 6.0, 6.5, 7.5, 7.5 ] },
						"south": { "texture": "#birch", "uv": [ 8.5, 7.5, 10.5, 8.5 ] },
						"west": { "texture": "#birch", "uv": [ 13.0, 6.5, 14.5, 7.5 ] },
						"up": { "texture": "#birch", "uv": [ 6.0, 4.0, 8.0, 5.5 ] },
						"down": { "texture": "#birch", "uv": [ 3.0, 9.5, 5.0, 11.0 ] }
					}
				},
				{
					"name": "Log-N19",
					"from": [ -2.0, 1.0, 0.0 ],
					"to": [ 0.0, 1.5, 1.0 ],
					"rotationOrigin": [ 0.0, 1.0, 1.5 ],
					"faces": {
						"north": { "texture": "#birch", "uv": [ 2.5, 6.5, 4.5, 7.0 ] },
						"east": { "texture": "#birch", "uv": [ 5.5, 7.5, 6.5, 8.0 ] },
						"south": { "texture": "#birch", "uv": [ 1.5, 8.0, 3.5, 8.5 ] },
						"west": { "texture": "#birch", "uv": [ 13.0, 6.5, 14.0, 7.0 ] },
						"up": { "texture": "#birch", "uv": [ 1.0, 5.0, 3.0, 6.0 ] },
						"down": { "texture": "#birch", "uv": [ 3.0, 9.5, 5.0, 10.5 ] }
					}
				},
				{
					"name": "Log-N20",
					"from": [ -4.0, 0.0, 0.0 ],
					"to": [ -2.0, 1.0, 1.0 ],
					"rotationOrigin": [ -2.0, 0.0, 1.5 ],
					"faces": {
						"north": { "texture": "#birch", "uv": [ 3.0, 7.0, 5.0, 8.0 ] },
						"east": { "texture": "#birch", "uv": [ 5.5, 7.5, 6.5, 8.5 ] },
						"south": { "texture": "#birch", "uv": [ 4.0, 8.0, 6.0, 9.0 ] },
						"west": { "texture": "#birch", "uv": [ 13.0, 6.5, 14.0, 7.5 ] },
						"up": { "texture": "#birch", "uv": [ 1.0, 5.0, 3.0, 6.0 ] },
						"down": { "texture": "#birch", "uv": [ 3.0, 9.5, 5.0, 10.5 ] }
					}
				},
				{
					"name": "Log-N21",
					"from": [ 7.0, 1.0, 0.0 ],
					"to": [ 8.0, 1.5, 1.0 ],
					"rotationOrigin": [ 9.0, 1.0, 1.5 ],
					"faces": {
						"north": { "texture": "#birch", "uv": [ 2.5, 6.5, 3.5, 7.0 ] },
						"east": { "texture": "#birch", "uv": [ 5.5, 7.5, 6.5, 8.0 ] },
						"south": { "texture": "#birch", "uv": [ 1.5, 8.0, 2.5, 8.5 ] },
						"west": { "texture": "#birch", "uv": [ 13.0, 6.5, 14.0, 7.0 ] },
						"up": { "texture": "#birch", "uv": [ 1.0, 5.0, 2.0, 6.0 ] },
						"down": { "texture": "#birch", "uv": [ 3.0, 9.5, 4.0, 10.5 ] }
					}
				},
				{
					"name": "Log-N22",
					"from": [ 7.0, 0.0, 0.0 ],
					"to": [ 8.0, 1.0, 1.5 ],
					"rotationOrigin": [ 9.0, 0.0, 1.5 ],
					"faces": {
						"north": { "texture": "#birch", "uv": [ 4.0, 7.0, 5.0, 8.0 ] },
						"east": { "texture": "#birch", "uv": [ 5.5, 7.5, 7.0, 8.5 ] },
						"south": { "texture": "#birch", "uv": [ 1.5, 8.0, 2.5, 9.0 ] },
						"west": { "texture": "#birch", "uv": [ 13.0, 6.5, 14.5, 7.5 ] },
						"up": { "texture": "#birch", "uv": [ 1.0, 5.0, 2.0, 6.5 ] },
						"down": { "texture": "#birch", "uv": [ 3.0, 9.5, 4.0, 11.0 ] }
					}
				}
			]
		},
		{
			"name": "Log-N6",
			"from": [ 13.6, 1.2, 6.3 ],
			"to": [ 21.6, 2.7, 7.8 ],
			"rotationOrigin": [ 13.6, 1.2, 7.3 ],
			"rotationY": 33.5,
			"rotationZ": 166.5,
			"faces": {
				"north": { "texture": "#birch", "uv": [ 3.5, 7.0, 11.5, 8.5 ] },
				"east": { "texture": "#birch", "uv": [ 12.0, 11.0, 13.5, 12.5 ] },
				"south": { "texture": "#birch", "uv": [ 4.5, 7.5, 12.5, 9.0 ] },
				"west": { "texture": "#birch", "uv": [ 2.0, 9.5, 3.5, 11.0 ] },
				"up": { "texture": "#birch", "uv": [ 4.0, 3.0, 12.0, 4.5 ] },
				"down": { "texture": "#birch", "uv": [ 3.5, 10.5, 11.5, 12.0 ] }
			},
			"children": [
				{
					"name": "Log-N7",
					"from": [ 2.6, 0.2, 0.0 ],
					"to": [ 4.6, 1.3, 1.1 ],
					"rotationOrigin": [ 2.6, 0.2, 1.0 ],
					"rotationY": -67.5,
					"faces": {
						"north": { "texture": "#birch", "uv": [ 4.5, 7.5, 6.5, 8.5 ] },
						"east": { "texture": "#birch", "uv": [ 10.0, 7.5, 11.0, 8.5 ] },
						"south": { "texture": "#birch", "uv": [ 8.0, 7.5, 10.0, 8.5 ] },
						"west": { "texture": "#birch", "uv": [ 1.0, 6.0, 2.0, 7.0 ] },
						"up": { "texture": "#birch", "uv": [ 6.0, 3.0, 8.0, 4.0 ] },
						"down": { "texture": "#birch", "uv": [ 6.0, 10.0, 8.0, 11.0 ] }
					}
				},
				{
					"name": "Log-N8",
					"from": [ 8.0, 0.0, 0.0 ],
					"to": [ 10.0, 1.0, 1.0 ],
					"rotationOrigin": [ 8.0, 0.0, 1.0 ],
					"faces": {
						"north": { "texture": "#birch", "uv": [ 7.5, 7.5, 9.5, 8.5 ] },
						"east": { "texture": "#birch", "uv": [ 5.5, 7.5, 6.5, 8.5 ] },
						"south": { "texture": "#birch", "uv": [ 10.0, 7.5, 12.0, 8.5 ] },
						"west": { "texture": "#birch", "uv": [ 6.0, 7.0, 7.0, 8.0 ] },
						"up": { "texture": "#birch", "uv": [ 5.0, 4.5, 7.0, 5.5 ] },
						"down": { "texture": "#birch", "uv": [ 5.0, 10.5, 7.0, 11.5 ] }
					}
				}
			]
		},
		{
			"name": "Log-W2",
			"from": [ 4.7, -0.4, 11.3 ],
			"to": [ 14.7, 1.1, 12.3 ],
			"rotationOrigin": [ 4.7, -0.4, 12.3 ],
			"rotationY": 45.0,
			"rotationZ": 49.0,
			"faces": {
				"north": { "texture": "#birch", "uv": [ 3.0, 7.0, 13.0, 8.5 ] },
				"east": { "texture": "#birch", "uv": [ 3.0, 7.0, 4.0, 8.5 ] },
				"south": { "texture": "#birch", "uv": [ 3.5, 7.0, 13.5, 8.5 ] },
				"west": { "texture": "#birch", "uv": [ 10.5, 7.5, 11.5, 9.0 ] },
				"up": { "texture": "#birch", "uv": [ 4.5, 1.5, 14.5, 2.5 ] },
				"down": { "texture": "#birch", "uv": [ 3.5, 9.0, 13.5, 10.0 ], "windMode": [-1,-1,-1,-1] }
			}
		}
	]}