{
  "editor": {
    "allAngles": false,
    "singleTexture": false
  },
  "textureWidth": 16,
  "textureHeight": 16,
  "textures": {
    "woodaccess": "game:block/wood/trapdoor/wood",
    "wood": "game:block/wood/trapdoor/poles",
    "woodaccess2": "game:block/wood/trunk/accessories",
    "grass": "game:block/hay/normal-top",
    "gold": "game:block/metal/lantern/gold",
    "chain": "expandedbeekeeping:block/hivesmoker/chain-gold"
  },
  "elements": [
    {
      "name": "Base",
      "from": [5.5, 0, 5.5],
      "to": [10.5, 1, 10.5],
      "rotation": { "angle": 0, "axis": "y", "origin": [6, 0, -2] },
      "faces": {
        "north": { "uv": [6.5, 9.5, 11.5, 10.5], "texture": "#wood" },
        "east": { "uv": [6, 11.5, 11, 12.5], "texture": "#wood" },
        "south": { "uv": [5.5, 8.5, 10.5, 9.5], "texture": "#wood" },
        "west": { "uv": [7.5, 1.5, 12.5, 2.5], "texture": "#wood" },
        "up": { "uv": [11, 11, 16, 16], "texture": "#chain" },
        "down": { "uv": [7, 3.5, 12, 8.5], "texture": "#wood" }
      }
    },
    {
      "name": "FWall",
      "from": [5, 1, 5],
      "to": [6, 10, 11],
      "rotation": { "angle": 0, "axis": "y", "origin": [5, 1, 5] },
      "faces": {
        "north": { "uv": [5, 0, 6, 9], "texture": "#gold" },
        "east": { "uv": [8, 7, 14, 16], "texture": "#gold" },
        "south": { "uv": [6.5, 0, 7.5, 9], "texture": "#gold" },
        "west": { "uv": [8, 0, 14, 9], "texture": "#gold" },
        "down": { "uv": [3.5, 3.5, 4.5, 9.5], "texture": "#gold" }
      }
    },
    {
      "name": "FRim",
      "from": [5, 10, 5],
      "to": [6, 11, 11],
      "rotation": { "angle": 0, "axis": "y", "origin": [5, 2, 5] },
      "faces": {
        "north": { "uv": [4.5, 9, 5.5, 10], "texture": "#woodaccess2" },
        "east": { "uv": [3, 9, 9, 10], "texture": "#woodaccess2" },
        "south": { "uv": [1, 9, 2, 10], "texture": "#woodaccess2" },
        "west": { "uv": [7, 9, 13, 10], "texture": "#woodaccess2" },
        "up": { "uv": [6.5, 9, 12.5, 10], "rotation": 270, "texture": "#woodaccess2" }
      }
    },
    {
      "name": "BWall",
      "from": [10, 1, 5],
      "to": [11, 10, 11],
      "rotation": { "angle": 0, "axis": "y", "origin": [10, 1, 5] },
      "faces": {
        "north": { "uv": [3, 0, 4, 9], "texture": "#gold" },
        "east": { "uv": [5.5, 0, 11.5, 9], "texture": "#gold" },
        "south": { "uv": [4.5, 0, 5.5, 9], "texture": "#gold" },
        "west": { "uv": [2, 7, 8, 16], "texture": "#gold" },
        "down": { "uv": [5, 4.5, 6, 10.5], "texture": "#gold" }
      }
    },
    {
      "name": "BRim",
      "from": [10, 10, 5],
      "to": [11, 11, 11],
      "rotation": { "angle": 0, "axis": "y", "origin": [10, 2, 5] },
      "faces": {
        "north": { "uv": [2, 8.5, 3, 9.5], "rotation": 180, "texture": "#woodaccess2" },
        "east": { "uv": [5.5, 9, 11.5, 10], "texture": "#woodaccess2" },
        "south": { "uv": [3, 9, 4, 10], "texture": "#woodaccess2" },
        "west": { "uv": [10, 9, 16, 10], "texture": "#woodaccess2" },
        "up": { "uv": [0.5, 9, 6.5, 10], "rotation": 90, "texture": "#woodaccess2" }
      }
    },
    {
      "name": "LWall",
      "from": [6, 1, 10],
      "to": [10, 10, 11],
      "rotation": { "angle": 0, "axis": "y", "origin": [6, 1, 5] },
      "faces": {
        "north": { "uv": [3.5, 7, 7.5, 16], "texture": "#gold" },
        "south": { "uv": [2.5, 0, 6.5, 9], "texture": "#gold" },
        "down": { "uv": [7.5, 7, 11.5, 8], "texture": "#gold" }
      }
    },
    {
      "name": "LRim",
      "from": [6, 10, 10],
      "to": [10, 11, 11],
      "rotation": { "angle": 0, "axis": "y", "origin": [6, 2, 5] },
      "faces": {
        "north": { "uv": [5, 9, 9, 10], "texture": "#woodaccess2" },
        "south": { "uv": [1, 9, 5, 10], "texture": "#woodaccess2" },
        "up": { "uv": [9, 9, 13, 10], "rotation": 180, "texture": "#woodaccess2" }
      }
    },
    {
      "name": "RWall",
      "from": [6, 1, 5],
      "to": [10, 10, 6],
      "rotation": { "angle": 0, "axis": "y", "origin": [6, 1, 0] },
      "faces": {
        "north": { "uv": [4, 0, 8, 9], "texture": "#gold" },
        "south": { "uv": [5, 7, 9, 16], "texture": "#gold" },
        "down": { "uv": [3, 9, 7, 10], "texture": "#gold" }
      }
    },
    {
      "name": "RRim",
      "from": [6, 10, 5],
      "to": [10, 11, 6],
      "rotation": { "angle": 0, "axis": "y", "origin": [6, 2, 0] },
      "faces": {
        "north": { "uv": [7.5, 9, 11.5, 10], "texture": "#woodaccess2" },
        "south": { "uv": [4, 9, 8, 10], "texture": "#woodaccess2" },
        "up": { "uv": [1, 9, 5, 10], "texture": "#woodaccess2" }
      }
    },
    {
      "name": "Latch",
      "from": [4.5, 10, 7],
      "to": [5.5, 12, 9],
      "rotation": { "angle": 0, "axis": "y", "origin": [3, 10, 7] },
      "faces": {
        "north": { "uv": [4, 7, 5, 10], "texture": "#woodaccess2" },
        "east": { "uv": [5, 7, 7, 10], "texture": "#woodaccess2" },
        "south": { "uv": [9, 7, 10, 10], "texture": "#woodaccess2" },
        "west": { "uv": [7, 7, 9, 9], "texture": "#woodaccess2" },
        "up": { "uv": [7, 8.5, 9, 9.5], "rotation": 90, "texture": "#woodaccess2" },
        "down": { "uv": [10, 8, 12, 9], "rotation": 90, "texture": "#woodaccess2" }
      }
    },
    {
      "name": "HandleConnector",
      "from": [11, 9, 7],
      "to": [12, 11, 9],
      "rotation": { "angle": 0, "axis": "y", "origin": [10, 9, 7] },
      "faces": {
        "north": { "uv": [3.5, 7, 5.5, 8], "rotation": 90, "texture": "#woodaccess2" },
        "east": { "uv": [11.5, 7, 13.5, 9], "texture": "#woodaccess2" },
        "south": { "uv": [4.5, 7, 6.5, 8], "rotation": 270, "texture": "#woodaccess2" },
        "up": { "uv": [10, 8, 12, 9], "rotation": 90, "texture": "#woodaccess2" },
        "down": { "uv": [12.5, 8, 14.5, 9], "rotation": 90, "texture": "#woodaccess2" }
      }
    },
    {
      "name": "Handle1",
      "from": [12, 9.5, 7],
      "to": [14, 10.5, 9],
      "rotation": { "angle": 0, "axis": "y", "origin": [11, 9, 7] },
      "faces": {
        "north": { "uv": [0, 0, 2, 1], "texture": "#wood" },
        "east": { "uv": [6, 5, 7, 7], "rotation": 90, "texture": "#wood" },
        "south": { "uv": [1, 0, 3, 1], "texture": "#wood" },
        "up": { "uv": [7, 5, 9, 7], "texture": "#wood" },
        "down": { "uv": [1, 0, 3, 2], "texture": "#wood" }
      }
    },
    {
      "name": "Handle2",
      "from": [13, 2.5, 7],
      "to": [14, 9.5, 9],
      "rotation": { "angle": 0, "axis": "y", "origin": [11, 8, 7] },
      "faces": {
        "north": { "uv": [0, 0, 5, 1], "rotation": 90, "texture": "#wood" },
        "east": { "uv": [1, 5, 6, 7], "rotation": 90, "texture": "#wood" },
        "south": { "uv": [2, 0, 9, 1], "rotation": 270, "texture": "#wood" },
        "west": { "uv": [0, 1.5, 5, 3.5], "rotation": 90, "texture": "#wood" },
        "down": { "uv": [2, 0, 3, 2], "texture": "#wood" }
      }
    },
    {
      "name": "Handle3",
      "from": [11, 1.5, 7],
      "to": [14, 2.5, 9],
      "rotation": { "angle": 0, "axis": "y", "origin": [11, 1, 7] },
      "faces": {
        "north": { "uv": [0, 0, 3, 1], "rotation": 180, "texture": "#wood" },
        "east": { "uv": [6, 5, 7, 7], "rotation": 90, "texture": "#wood" },
        "south": { "uv": [1, 0, 4, 1], "rotation": 180, "texture": "#wood" },
        "up": { "uv": [7, 5, 10, 7], "texture": "#wood" },
        "down": { "uv": [1, 0, 4, 2], "texture": "#wood" }
      }
    },
    {
      "name": "LidConnector",
      "from": [10.5, 11, 7],
      "to": [12.5, 12, 9],
      "rotation": { "angle": 0, "axis": "y", "origin": [9, 10, 7] },
      "faces": {
        "north": { "uv": [6.5, 7, 8.5, 8], "texture": "#woodaccess" },
        "east": { "uv": [6, 5, 7, 7], "rotation": 90, "texture": "#wood" },
        "south": { "uv": [9.5, 7, 11.5, 8], "texture": "#woodaccess" },
        "west": { "uv": [8, 7, 10, 8], "texture": "#woodaccess" },
        "up": { "uv": [8, 7.5, 10, 9.5], "rotation": 270, "texture": "#woodaccess" },
        "down": { "uv": [8, 7.5, 10, 9.5], "rotation": 270, "texture": "#woodaccess" }
      }
    },
    {
      "name": "Hay",
      "from": [6, 1, 6],
      "to": [10, 9.5, 10],
      "rotation": { "angle": 0, "axis": "y", "origin": [7, 7, 6] },
      "faces": {
        "up": { "uv": [0, 0, 4, 4], "texture": "#grass" }
      }
    }
  ]
}
