{
	"editor": {
		"allAngles": false,
		"entityTextureMode": false
	},
	"textureWidth": 16,
	"textureHeight": 16,
	"textureSizes": {
	},
	"textures": {
		"tinbronze": "game:item/tool/material/tinbronze"
	},
	"elements": [
		{
			"name": "Back",
			"from": [ 0.0, 0.0, 0.0 ],
			"to": [ 8.0, 0.5, 8.0 ],
			"faces": {
				"north": { "texture": "#tinbronze", "uv": [ 2.0, 9.0, 10.0, 9.5 ] },
				"east": { "texture": "#tinbronze", "uv": [ 7.25, 7.0, 15.25, 7.5 ], "windMode": [-1,-1,-1,-1] },
				"south": { "texture": "#tinbronze", "uv": [ 5.75, 13.5, 13.75, 14.0 ], "windMode": [-1,-1,-1,-1] },
				"west": { "texture": "#tinbronze", "uv": [ 3.0, 8.0, 11.0, 8.5 ], "windMode": [-1,-1,-1,-1] },
				"up": { "texture": "#tinbronze", "uv": [ 3.25, 7.0, 11.25, 15.0 ], "windMode": [-1,-1,-1,-1] },
				"down": { "texture": "#tinbronze", "uv": [ 7.0, 1.5, 15.0, 9.5 ], "windMode": [-1,-1,-1,-1] }
			},
			"children": [
				{
					"name": "WallN",
					"from": [ 0.0, 0.0, 0.0 ],
					"to": [ 7.0, 2.0, 1.0 ],
					"rotationOrigin": [ 0.0, 0.0, 0.0 ],
					"faces": {
						"north": { "texture": "#tinbronze", "uv": [ 2.0, 10.5, 9.0, 12.5 ] },
						"east": { "texture": "#tinbronze", "uv": [ 8.0, 2.5, 9.0, 4.5 ] },
						"south": { "texture": "#tinbronze", "uv": [ 0.75, 10.0, 7.75, 12.0 ] },
						"west": { "texture": "#tinbronze", "uv": [ 5.5, 13.0, 6.5, 15.0 ] },
						"up": { "texture": "#tinbronze", "uv": [ 7.25, 7.5, 14.25, 8.5 ] },
						"down": { "texture": "#tinbronze", "uv": [ 7.25, 12.5, 14.25, 13.5 ] }
					}
				},
				{
					"name": "WallS",
					"from": [ 1.0, 0.0, 7.0 ],
					"to": [ 8.0, 2.0, 8.0 ],
					"rotationOrigin": [ 1.0, 0.0, 7.0 ],
					"faces": {
						"north": { "texture": "#tinbronze", "uv": [ 6.25, 9.0, 13.25, 11.0 ] },
						"east": { "texture": "#tinbronze", "uv": [ 5.0, 0.0, 6.0, 2.0 ] },
						"south": { "texture": "#tinbronze", "uv": [ 8.5, 13.5, 15.5, 15.5 ] },
						"west": { "texture": "#tinbronze", "uv": [ 4.25, 3.5, 5.25, 5.5 ] },
						"up": { "texture": "#tinbronze", "uv": [ 0.0, 9.5, 7.0, 10.5 ] },
						"down": { "texture": "#tinbronze", "uv": [ 1.75, 3.5, 8.75, 4.5 ] }
					}
				},
				{
					"name": "WallW",
					"from": [ 0.0, 0.0, 1.0 ],
					"to": [ 1.0, 2.0, 8.0 ],
					"rotationOrigin": [ 0.0, 0.0, 1.0 ],
					"faces": {
						"north": { "texture": "#tinbronze", "uv": [ 14.0, 8.0, 15.0, 10.0 ] },
						"east": { "texture": "#tinbronze", "uv": [ 5.5, 4.5, 12.5, 6.5 ] },
						"south": { "texture": "#tinbronze", "uv": [ 4.75, 4.5, 5.75, 6.5 ] },
						"west": { "texture": "#tinbronze", "uv": [ 8.75, 7.5, 15.75, 9.5 ] },
						"up": { "texture": "#tinbronze", "uv": [ 10.0, 7.5, 11.0, 14.5 ] },
						"down": { "texture": "#tinbronze", "uv": [ 13.0, 3.0, 14.0, 10.0 ] }
					}
				},
				{
					"name": "WallE",
					"from": [ 7.0, 0.0, 0.0 ],
					"to": [ 8.0, 2.0, 7.0 ],
					"rotationOrigin": [ 7.0, 0.0, 0.0 ],
					"faces": {
						"north": { "texture": "#tinbronze", "uv": [ 3.75, 3.0, 4.75, 5.0 ] },
						"east": { "texture": "#tinbronze", "uv": [ 8.25, 1.0, 15.25, 3.0 ] },
						"south": { "texture": "#tinbronze", "uv": [ 4.5, 2.0, 5.5, 4.0 ] },
						"west": { "texture": "#tinbronze", "uv": [ 3.0, 10.0, 10.0, 12.0 ] },
						"up": { "texture": "#tinbronze", "uv": [ 4.75, 5.5, 5.75, 12.5 ] },
						"down": { "texture": "#tinbronze", "uv": [ 8.0, 1.0, 9.0, 8.0 ] }
					}
				},
				{
					"name": "NeedlePin",
					"from": [ 3.8, 0.5, 3.8 ],
					"to": [ 4.2, 1.5, 4.2 ],
					"rotationOrigin": [ 3.8, 0.5, 3.8 ],
					"faces": {
						"north": { "texture": "#tinbronze", "uv": [ 10.25, 3.0, 10.5, 4.0 ] },
						"east": { "texture": "#tinbronze", "uv": [ 5.25, 0.0, 5.5, 1.0 ] },
						"south": { "texture": "#tinbronze", "uv": [ 7.75, 11.0, 8.0, 12.0 ] },
						"west": { "texture": "#tinbronze", "uv": [ 15.25, 5.5, 15.5, 6.5 ] },
						"up": { "texture": "#tinbronze", "uv": [ 3.25, 7.5, 3.5, 8.0 ] },
						"down": { "texture": "#tinbronze", "uv": [ 6.5, 4.0, 6.75, 4.5 ] }
					}
				}
			]
		}
	]}