{
	"editor": {
		"allAngles": false,
		"entityTextureMode": false
	},
	"textureWidth": 16,
	"textureHeight": 16,
	"textureSizes": {
	},
	"textures": {
		"tinbronze": "game:item/tool/material/tinbronze"
	},
	"elements": [
		{
			"name": "FramePiece1",
			"from": [ 0.0, 0.0, 0.0 ],
			"to": [ 1.0, 1.0, 7.0 ],
			"faces": {
				"north": { "texture": "#tinbronze", "uv": [ 2.5, 14.5, 3.5, 15.5 ], "windMode": [-1,-1,-1,-1] },
				"east": { "texture": "#tinbronze", "uv": [ 3.5, 10.0, 10.5, 11.0 ], "windMode": [-1,-1,-1,-1] },
				"south": { "texture": "#tinbronze", "uv": [ 10.5, 11.5, 11.5, 12.5 ], "windMode": [-1,-1,-1,-1] },
				"west": { "texture": "#tinbronze", "uv": [ 4.0, 10.5, 11.0, 11.5 ], "windMode": [-1,-1,-1,-1] },
				"up": { "texture": "#tinbronze", "uv": [ 3.25, 6.5, 4.25, 13.5 ], "windMode": [-1,-1,-1,-1] },
				"down": { "texture": "#tinbronze", "uv": [ 0.75, 4.0, 1.75, 11.0 ], "windMode": [-1,-1,-1,-1] }
			}
		},
		{
			"name": "FramePiece2",
			"from": [ 5.2, 1.0, 1.8 ],
			"to": [ 6.2, 2.0, 8.8 ],
			"rotationOrigin": [ 5.2, 1.0, 1.8 ],
			"rotationY": -67.5,
			"faces": {
				"north": { "texture": "#tinbronze", "uv": [ 12.25, 8.0, 13.25, 9.0 ], "windMode": [-1,-1,-1,-1] },
				"east": { "texture": "#tinbronze", "uv": [ 0.0, 12.5, 7.0, 13.5 ], "windMode": [-1,-1,-1,-1] },
				"south": { "texture": "#tinbronze", "uv": [ 7.25, 10.5, 8.25, 11.5 ], "windMode": [-1,-1,-1,-1] },
				"west": { "texture": "#tinbronze", "uv": [ 7.5, 8.0, 14.5, 9.0 ], "windMode": [-1,-1,-1,-1] },
				"up": { "texture": "#tinbronze", "uv": [ 3.0, 3.5, 4.0, 10.5 ], "windMode": [-1,-1,-1,-1] },
				"down": { "texture": "#tinbronze", "uv": [ 11.75, 2.0, 12.75, 9.0 ], "windMode": [-1,-1,-1,-1] }
			}
		},
		{
			"name": "Arm",
			"from": [ 1.5, 0.0, 0.0 ],
			"to": [ 3.1, 0.8, 7.0 ],
			"rotationOrigin": [ 1.5, 0.0, 0.0 ],
			"rotationY": 22.5,
			"faces": {
				"north": { "texture": "#tinbronze", "uv": [ 9.5, 4.0, 11.0, 4.5 ] },
				"east": { "texture": "#tinbronze", "uv": [ 5.75, 9.5, 12.75, 10.0 ] },
				"south": { "texture": "#tinbronze", "uv": [ 11.5, 4.0, 13.0, 4.5 ] },
				"west": { "texture": "#tinbronze", "uv": [ 8.0, 12.5, 15.0, 13.0 ] },
				"up": { "texture": "#tinbronze", "uv": [ 8.75, 8.5, 10.25, 15.5 ] },
				"down": { "texture": "#tinbronze", "uv": [ 13.5, 4.5, 15.0, 11.5 ] }
			}
		},
		{
			"name": "Arc1",
			"from": [ 6.0, 0.0, 0.0 ],
			"to": [ 6.8, 0.4, 3.0 ],
			"rotationOrigin": [ 6.0, 0.0, 0.0 ],
			"rotationX": -15.0,
			"rotationZ": 15.0,
			"faces": {
				"north": { "texture": "#tinbronze", "uv": [ 2.75, 2.0, 3.5, 2.5 ] },
				"east": { "texture": "#tinbronze", "uv": [ 8.75, 5.5, 11.75, 6.0 ] },
				"south": { "texture": "#tinbronze", "uv": [ 8.25, 11.5, 9.0, 12.0 ] },
				"west": { "texture": "#tinbronze", "uv": [ 12.25, 0.0, 15.25, 0.5 ] },
				"up": { "texture": "#tinbronze", "uv": [ 11.0, 12.0, 11.75, 15.0 ] },
				"down": { "texture": "#tinbronze", "uv": [ 14.5, 10.5, 15.25, 13.5 ] }
			},
			"children": [
				{
					"name": "Arc2",
					"from": [ 0.1, 0.0, 2.6 ],
					"to": [ 0.9, 0.4, 5.1 ],
					"rotationOrigin": [ 0.1, 0.0, 2.6 ],
					"rotationY": -22.5,
					"faces": {
						"north": { "texture": "#tinbronze", "uv": [ 8.5, 12.0, 9.25, 12.5 ] },
						"east": { "texture": "#tinbronze", "uv": [ 6.75, 7.0, 9.25, 7.5 ] },
						"south": { "texture": "#tinbronze", "uv": [ 14.75, 4.5, 15.5, 5.0 ] },
						"west": { "texture": "#tinbronze", "uv": [ 9.0, 10.0, 11.5, 10.5 ] },
						"up": { "texture": "#tinbronze", "uv": [ 8.0, 8.0, 8.75, 10.5 ] },
						"down": { "texture": "#tinbronze", "uv": [ 2.75, 2.5, 3.5, 5.0 ] }
					},
					"children": [
						{
							"name": "Arc3",
							"from": [ 0.0, 0.0, 2.5 ],
							"to": [ 0.8, 0.4, 5.0 ],
							"rotationOrigin": [ 0.0, 0.0, 2.5 ],
							"rotationY": -45.0,
							"faces": {
								"north": { "texture": "#tinbronze", "uv": [ 4.0, 8.0, 4.75, 8.5 ] },
								"east": { "texture": "#tinbronze", "uv": [ 9.25, 9.0, 11.75, 9.5 ] },
								"south": { "texture": "#tinbronze", "uv": [ 10.25, 2.0, 11.0, 2.5 ] },
								"west": { "texture": "#tinbronze", "uv": [ 10.75, 15.0, 13.25, 15.5 ] },
								"up": { "texture": "#tinbronze", "uv": [ 14.0, 13.0, 14.75, 15.5 ] },
								"down": { "texture": "#tinbronze", "uv": [ 13.5, 5.5, 14.25, 8.0 ] }
							},
							"children": [
								{
									"name": "Arc4",
									"from": [ 0.1, 0.0, 2.1 ],
									"to": [ 0.9, 0.4, 5.1 ],
									"rotationOrigin": [ 0.1, 0.0, 2.1 ],
									"rotationY": -22.5,
									"faces": {
										"north": { "texture": "#tinbronze", "uv": [ 4.25, 14.5, 5.0, 15.0 ] },
										"east": { "texture": "#tinbronze", "uv": [ 10.25, 10.5, 13.25, 11.0 ] },
										"south": { "texture": "#tinbronze", "uv": [ 3.75, 11.0, 4.5, 11.5 ] },
										"west": { "texture": "#tinbronze", "uv": [ 6.5, 10.0, 9.5, 10.5 ] },
										"up": { "texture": "#tinbronze", "uv": [ 14.0, 0.0, 14.75, 3.0 ] },
										"down": { "texture": "#tinbronze", "uv": [ 10.75, 0.5, 11.5, 3.5 ] }
									}
								}
							]
						},
						{
							"name": "ArcGapFill",
							"from": [ 0.1, 0.0, 2.2 ],
							"to": [ 0.85, 0.4, 2.9 ],
							"rotationOrigin": [ 0.1, 0.0, 2.2 ],
							"rotationY": -22.5,
							"faces": {
								"north": { "texture": "#tinbronze", "uv": [ 4.5, 4.0, 5.25, 4.5 ] },
								"east": { "texture": "#tinbronze", "uv": [ 11.75, 7.0, 12.25, 7.5 ] },
								"south": { "texture": "#tinbronze", "uv": [ 4.5, 3.0, 5.25, 3.5 ] },
								"west": { "texture": "#tinbronze", "uv": [ 8.5, 0.5, 9.0, 1.0 ] },
								"up": { "texture": "#tinbronze", "uv": [ 5.5, 9.5, 6.25, 10.0 ] },
								"down": { "texture": "#tinbronze", "uv": [ 8.25, 2.5, 9.0, 3.0 ] }
							}
						}
					]
				}
			]
		}
	]}