{
	"editor": {
		"collapsedPaths": "Root/Peat-11,Root/Peat-8",
		"allAngles": false,
		"entityTextureMode": false
	},
	"textureWidth": 16,
	"textureHeight": 16,
	"textureSizes": {
	},
	"textures": {
		"peat": "block/soil/peat"
	},
	"elements": [
		{
			"name": "Ashes",
			"from": [ 1.0, 1.0, 0.01 ],
			"to": [ 15.0, 15.0, 0.06 ],
			"renderPass": 2,
			"rotationOrigin": [ 8.0, 8.0, 8.0 ],
			"rotationX": -90.0,
			"faces": {
				"south": { "texture": "#ashes", "uv": [ 1.0, 1.0, 15.0, 15.0 ] }
			}
		},
		{
			"name": "Ember",
			"from": [ 7.0, 0.0, 7.0 ],
			"to": [ 9.0, 2.0, 9.0 ],
			"faces": {
				"north": { "texture": "#fire", "uv": [ 6.0, 5.0, 8.0, 7.0 ], "glow": 160 },
				"east": { "texture": "#fire", "uv": [ 7.0, 7.0, 9.0, 9.0 ], "glow": 160 },
				"south": { "texture": "#fire", "uv": [ 7.0, 4.0, 9.0, 6.0 ], "glow": 160 },
				"west": { "texture": "#fire", "uv": [ 6.0, 4.0, 8.0, 6.0 ], "glow": 160 },
				"up": { "texture": "#fire", "uv": [ 7.0, 5.0, 9.0, 7.0 ], "glow": 160 }
			}
		},
		{
			"name": "Ember",
			"from": [ 7.0, 0.0, 6.0 ],
			"to": [ 8.0, 1.0, 7.0 ],
			"faces": {
				"north": { "texture": "#fire", "uv": [ 7.0, 4.0, 8.0, 5.0 ], "glow": 160 },
				"east": { "texture": "#fire", "uv": [ 6.0, 5.0, 7.0, 6.0 ], "glow": 160 },
				"south": { "texture": "#fire", "uv": [ 8.0, 6.0, 9.0, 7.0 ], "glow": 160 },
				"west": { "texture": "#fire", "uv": [ 7.0, 5.0, 8.0, 6.0 ], "glow": 160 },
				"up": { "texture": "#fire", "uv": [ 7.0, 5.0, 8.0, 6.0 ], "glow": 160 }
			}
		},
		{
			"name": "Ember",
			"from": [ 9.0, 0.0, 8.0 ],
			"to": [ 10.0, 1.0, 9.0 ],
			"faces": {
				"north": { "texture": "#fire", "uv": [ 8.0, 4.0, 9.0, 5.0 ], "glow": 160 },
				"east": { "texture": "#fire", "uv": [ 7.0, 5.0, 8.0, 6.0 ], "glow": 160 },
				"south": { "texture": "#fire", "uv": [ 8.0, 4.0, 9.0, 5.0 ], "glow": 160 },
				"west": { "texture": "#fire", "uv": [ 6.0, 5.0, 7.0, 6.0 ], "glow": 160 },
				"up": { "texture": "#fire", "uv": [ 6.0, 6.0, 7.0, 7.0 ], "glow": 160 }
			}
		},
		{
			"name": "Ember",
			"from": [ 7.0, 0.0, 9.0 ],
			"to": [ 8.0, 1.0, 10.0 ],
			"faces": {
				"north": { "texture": "#fire", "uv": [ 7.0, 4.0, 8.0, 5.0 ], "glow": 160 },
				"east": { "texture": "#fire", "uv": [ 7.0, 4.0, 8.0, 5.0 ], "glow": 160 },
				"south": { "texture": "#fire", "uv": [ 8.0, 5.0, 9.0, 6.0 ], "glow": 160 },
				"west": { "texture": "#fire", "uv": [ 8.0, 4.0, 9.0, 5.0 ], "glow": 160 },
				"up": { "texture": "#fire", "uv": [ 8.0, 5.0, 9.0, 6.0 ], "glow": 160 }
			}
		},
		{
			"name": "Peat-1",
			"from": [ 3.4, 0.0, 6.0 ],
			"to": [ 10.4, 2.0, 11.0 ],
			"rotationOrigin": [ 5.6, 0.0, 7.0 ],
			"rotationY": -67.5,
			"faces": {
				"north": { "texture": "#peat", "uv": [ 3.5, 6.5, 10.5, 8.5 ] },
				"east": { "texture": "#peat", "uv": [ 4.5, 6.5, 9.5, 8.5 ] },
				"south": { "texture": "#peat", "uv": [ 2.5, 6.0, 9.5, 8.0 ] },
				"west": { "texture": "#peat", "uv": [ 7.0, 5.5, 12.0, 7.5 ] },
				"up": { "texture": "#peat", "uv": [ 5.0, 0.0, 12.0, 5.0 ] },
				"down": { "texture": "#peat", "uv": [ 3.5, 9.0, 10.5, 14.0 ] }
			}
		},
		{
			"name": "Peat-2",
			"from": [ 10.3, 0.0, 5.0 ],
			"to": [ 13.8, 2.0, 10.0 ],
			"rotationOrigin": [ 13.3, 0.0, 7.0 ],
			"faces": {
				"north": { "texture": "#peat", "uv": [ 3.5, 6.5, 7.0, 8.5 ] },
				"east": { "texture": "#peat", "uv": [ 3.5, 7.0, 8.5, 9.0 ] },
				"south": { "texture": "#peat", "uv": [ 5.0, 7.5, 8.5, 9.5 ] },
				"west": { "texture": "#peat", "uv": [ 5.0, 7.0, 10.0, 9.0 ] },
				"up": { "texture": "#peat", "uv": [ 0.0, 2.0, 3.5, 7.0 ] }
			}
		},
		{
			"name": "Peat-3",
			"from": [ 11.0, 2.0, 4.2 ],
			"to": [ 14.0, 3.5, 8.2 ],
			"rotationOrigin": [ 11.0, 2.0, 5.7 ],
			"rotationY": -22.5,
			"faces": {
				"north": { "texture": "#peat", "uv": [ 6.0, 5.5, 9.0, 7.0 ] },
				"east": { "texture": "#peat", "uv": [ 3.5, 7.0, 7.5, 8.5 ] },
				"south": { "texture": "#peat", "uv": [ 0.5, 8.0, 3.5, 9.5 ] },
				"west": { "texture": "#peat", "uv": [ 7.0, 7.0, 11.0, 8.5 ], "windMode": [-1,-1,-1,-1] },
				"up": { "texture": "#peat", "uv": [ 3.5, 9.0, 6.5, 13.0 ] },
				"down": { "texture": "#peat", "uv": [ 5.5, 2.5, 8.5, 6.5 ], "windMode": [-1,-1,-1,-1] }
			}
		},
		{
			"name": "Peat-4",
			"from": [ 9.0, -0.6, 0.0 ],
			"to": [ 12.0, 1.4, 5.0 ],
			"rotationOrigin": [ 9.5, -0.6, 5.0 ],
			"rotationX": -45.0,
			"rotationY": 135.0,
			"rotationZ": 37.0,
			"faces": {
				"north": { "texture": "#peat", "uv": [ 3.5, 6.5, 6.5, 8.5 ] },
				"east": { "texture": "#peat", "uv": [ 1.5, 7.0, 6.5, 9.0 ] },
				"south": { "texture": "#peat", "uv": [ 0.5, 8.0, 3.5, 10.0 ] },
				"west": { "texture": "#peat", "uv": [ 8.0, 4.0, 13.0, 6.0 ] },
				"up": { "texture": "#peat", "uv": [ 7.0, 4.0, 10.0, 9.0 ] },
				"down": { "texture": "#peat", "uv": [ 3.5, 7.5, 6.5, 12.5 ], "windMode": [-1,-1,-1,-1] }
			},
			"children": [
				{
					"name": "Peat-14",
					"from": [ 0.1, 0.0, -3.0 ],
					"to": [ 3.1, 2.0, 0.0 ],
					"rotationOrigin": [ 0.6, 2.0, 0.0 ],
					"rotationX": -22.5,
					"faces": {
						"north": { "texture": "#peat", "uv": [ 3.5, 6.5, 6.5, 8.5 ] },
						"east": { "texture": "#peat", "uv": [ 1.5, 7.0, 4.5, 9.0 ] },
						"south": { "texture": "#peat", "uv": [ 0.5, 8.0, 3.5, 10.0 ] },
						"west": { "texture": "#peat", "uv": [ 9.0, 6.5, 12.0, 8.5 ] },
						"up": { "texture": "#peat", "uv": [ 2.5, 0.0, 5.5, 3.0 ] },
						"down": { "texture": "#peat", "uv": [ 3.5, 7.5, 6.5, 10.5 ], "windMode": [-1,-1,-1,-1] }
					}
				}
			]
		},
		{
			"name": "Peat-6",
			"from": [ 5.0, 0.0, 3.0 ],
			"to": [ 8.0, 1.5, 5.5 ],
			"rotationOrigin": [ 5.0, 0.0, 3.0 ],
			"rotationY": -45.0,
			"faces": {
				"north": { "texture": "#peat", "uv": [ 3.5, 6.5, 6.5, 8.0 ] },
				"east": { "texture": "#peat", "uv": [ 1.5, 7.0, 4.0, 8.5 ] },
				"south": { "texture": "#peat", "uv": [ 0.5, 8.0, 3.5, 9.5 ] },
				"west": { "texture": "#peat", "uv": [ 9.0, 5.0, 11.5, 6.5 ] },
				"up": { "texture": "#peat", "uv": [ 2.5, 0.0, 5.5, 2.5 ] },
				"down": { "texture": "#peat", "uv": [ 3.5, 7.5, 6.5, 10.0 ], "windMode": [-1,-1,-1,-1] }
			}
		},
		{
			"name": "Peat-15",
			"from": [ 10.0, -0.6, 8.0 ],
			"to": [ 13.0, 1.4, 13.0 ],
			"rotationOrigin": [ 10.5, -0.6, 13.0 ],
			"rotationX": 45.0,
			"rotationY": 55.5,
			"rotationZ": -45.0,
			"faces": {
				"north": { "texture": "#peat", "uv": [ 3.5, 6.5, 6.5, 8.5 ] },
				"east": { "texture": "#peat", "uv": [ 1.5, 7.0, 6.5, 9.0 ] },
				"south": { "texture": "#peat", "uv": [ 2.0, 9.5, 5.0, 11.5 ] },
				"west": { "texture": "#peat", "uv": [ 10.5, 5.5, 15.5, 7.5 ] },
				"up": { "texture": "#peat", "uv": [ 5.5, 5.0, 8.5, 10.0 ] },
				"down": { "texture": "#peat", "uv": [ 3.5, 7.5, 6.5, 12.5 ], "windMode": [-1,-1,-1,-1] }
			},
			"children": [
				{
					"name": "Peat-16",
					"from": [ -0.1, 0.0, -3.0 ],
					"to": [ 2.9, 2.0, 0.0 ],
					"rotationOrigin": [ 0.4, 2.0, 0.0 ],
					"rotationX": -22.5,
					"faces": {
						"north": { "texture": "#peat", "uv": [ 4.5, 6.5, 7.5, 8.5 ] },
						"east": { "texture": "#peat", "uv": [ 1.5, 7.5, 4.5, 9.5 ] },
						"south": { "texture": "#peat", "uv": [ 1.5, 10.0, 4.5, 12.0 ] },
						"west": { "texture": "#peat", "uv": [ 11.0, 5.5, 14.0, 7.5 ] },
						"up": { "texture": "#peat", "uv": [ 5.5, 2.5, 8.5, 5.5 ] },
						"down": { "texture": "#peat", "uv": [ 3.5, 7.5, 6.5, 10.5 ], "windMode": [-1,-1,-1,-1] }
					}
				}
			]
		},
		{
			"name": "Peat-7",
			"from": [ 10.0, 0.0, 4.0 ],
			"to": [ 13.0, 1.5, 5.5 ],
			"rotationOrigin": [ 10.0, 0.0, 4.0 ],
			"rotationY": 22.5,
			"faces": {
				"north": { "texture": "#peat", "uv": [ 3.5, 6.5, 6.5, 8.0 ] },
				"east": { "texture": "#peat", "uv": [ 1.5, 7.0, 3.0, 8.5 ] },
				"south": { "texture": "#peat", "uv": [ 0.5, 8.0, 3.5, 9.5 ] },
				"west": { "texture": "#peat", "uv": [ 13.0, 3.0, 14.5, 4.5 ] },
				"up": { "texture": "#peat", "uv": [ 2.5, 0.0, 5.5, 1.5 ] },
				"down": { "texture": "#peat", "uv": [ 3.5, 7.5, 6.5, 9.0 ], "windMode": [-1,-1,-1,-1] }
			}
		},
		{
			"name": "Peat-5",
			"from": [ 10.0, 2.0, 8.0 ],
			"to": [ 13.0, 3.5, 9.0 ],
			"rotationOrigin": [ 10.0, 2.0, 8.0 ],
			"rotationX": 15.0,
			"rotationY": -22.5,
			"faces": {
				"north": { "texture": "#peat", "uv": [ 1.0, 1.0, 4.0, 2.5 ] },
				"east": { "texture": "#peat", "uv": [ 2.0, 7.0, 3.0, 8.5 ] },
				"south": { "texture": "#peat", "uv": [ 0.5, 8.0, 3.5, 9.5 ] },
				"west": { "texture": "#peat", "uv": [ 7.0, 6.5, 8.0, 8.0 ], "windMode": [-1,-1,-1,-1] },
				"up": { "texture": "#peat", "uv": [ 3.5, 9.0, 6.5, 10.0 ] },
				"down": { "texture": "#peat", "uv": [ 5.5, 5.0, 8.5, 6.0 ], "windMode": [-1,-1,-1,-1] }
			}
		},
		{
			"name": "Peat-8",
			"from": [ 8.0, 0.0, 6.0 ],
			"to": [ 11.0, 1.5, 7.5 ],
			"rotationOrigin": [ 8.0, 0.0, 6.0 ],
			"rotationZ": 22.5,
			"faces": {
				"north": { "texture": "#peat", "uv": [ 3.5, 6.5, 6.5, 8.0 ] },
				"east": { "texture": "#peat", "uv": [ 1.5, 7.0, 3.0, 8.5 ] },
				"south": { "texture": "#peat", "uv": [ 0.5, 8.0, 3.5, 9.5 ] },
				"west": { "texture": "#peat", "uv": [ 13.0, 3.0, 14.5, 4.5 ] },
				"up": { "texture": "#peat", "uv": [ 2.5, 0.0, 5.5, 1.5 ] },
				"down": { "texture": "#peat", "uv": [ 3.5, 7.5, 6.5, 9.0 ], "windMode": [-1,-1,-1,-1] }
			},
			"children": [
				{
					"name": "Peat-9",
					"from": [ 3.0, 0.0, 0.1 ],
					"to": [ 6.0, 1.5, 1.6 ],
					"rotationOrigin": [ 3.0, 0.0, 0.1 ],
					"rotationZ": 45.0,
					"faces": {
						"north": { "texture": "#peat", "uv": [ 3.5, 6.5, 6.5, 8.0 ] },
						"east": { "texture": "#peat", "uv": [ 1.5, 7.0, 3.0, 8.5 ] },
						"south": { "texture": "#peat", "uv": [ 0.5, 8.0, 3.5, 9.5 ] },
						"west": { "texture": "#peat", "uv": [ 13.0, 3.0, 14.5, 4.5 ] },
						"up": { "texture": "#peat", "uv": [ 2.5, 0.0, 5.5, 1.5 ] },
						"down": { "texture": "#peat", "uv": [ 3.5, 7.5, 6.5, 9.0 ], "windMode": [-1,-1,-1,-1] }
					}
				}
			]
		},
		{
			"name": "Peat-10",
			"from": [ 5.0, 0.0, 13.0 ],
			"to": [ 8.0, 1.5, 14.5 ],
			"rotationOrigin": [ 5.0, 0.0, 13.0 ],
			"rotationY": 45.0,
			"faces": {
				"north": { "texture": "#peat", "uv": [ 3.5, 6.5, 6.5, 8.0 ] },
				"east": { "texture": "#peat", "uv": [ 1.5, 7.0, 3.0, 8.5 ] },
				"south": { "texture": "#peat", "uv": [ 0.5, 8.0, 3.5, 9.5 ] },
				"west": { "texture": "#peat", "uv": [ 13.0, 3.0, 14.5, 4.5 ] },
				"up": { "texture": "#peat", "uv": [ 2.5, 0.0, 5.5, 1.5 ] },
				"down": { "texture": "#peat", "uv": [ 3.5, 7.5, 6.5, 9.0 ], "windMode": [-1,-1,-1,-1] }
			}
		},
		{
			"name": "Peat-13",
			"from": [ 8.0, 0.0, 2.0 ],
			"to": [ 11.0, 1.0, 5.0 ],
			"rotationOrigin": [ 8.0, 0.0, 2.0 ],
			"rotationY": -90.0,
			"faces": {
				"north": { "texture": "#peat", "uv": [ 1.0, 1.0, 4.0, 2.0 ] },
				"east": { "texture": "#peat", "uv": [ 2.0, 7.0, 5.0, 8.0 ] },
				"south": { "texture": "#peat", "uv": [ 0.5, 8.0, 3.5, 9.0 ] },
				"west": { "texture": "#peat", "uv": [ 7.0, 6.5, 10.0, 7.5 ], "windMode": [-1,-1,-1,-1] },
				"up": { "texture": "#peat", "uv": [ 3.5, 9.0, 6.5, 12.0 ] },
				"down": { "texture": "#peat", "uv": [ 5.5, 5.0, 8.5, 8.0 ], "windMode": [-1,-1,-1,-1] }
			}
		},
		{
			"name": "Peat-17",
			"from": [ 3.4, 3.0, 6.0 ],
			"to": [ 10.4, 5.0, 9.0 ],
			"rotationOrigin": [ 5.6, 3.0, 7.0 ],
			"rotationY": -77.5,
			"faces": {
				"north": { "texture": "#peat", "uv": [ 3.5, 10.0, 10.5, 12.0 ] },
				"east": { "texture": "#peat", "uv": [ 11.5, 6.5, 14.5, 8.5 ] },
				"south": { "texture": "#peat", "uv": [ 4.5, 5.5, 11.5, 7.5 ] },
				"west": { "texture": "#peat", "uv": [ 0.5, 6.0, 3.5, 8.0 ] },
				"up": { "texture": "#peat", "uv": [ 5.5, 0.0, 12.5, 3.0 ] },
				"down": { "texture": "#peat", "uv": [ 3.5, 7.5, 10.5, 10.5 ] }
			}
		},
		{
			"name": "Peat-18",
			"from": [ 10.5, 3.5, 4.8 ],
			"to": [ 13.5, 5.0, 8.8 ],
			"rotationOrigin": [ 10.5, 3.5, 6.3 ],
			"rotationX": 2.6,
			"rotationY": 2.5,
			"faces": {
				"north": { "texture": "#peat", "uv": [ 5.5, 6.0, 8.5, 7.5 ] },
				"east": { "texture": "#peat", "uv": [ 2.0, 7.0, 6.0, 8.5 ] },
				"south": { "texture": "#peat", "uv": [ 4.0, 7.0, 7.0, 8.5 ] },
				"west": { "texture": "#peat", "uv": [ 7.0, 6.5, 11.0, 8.0 ], "windMode": [-1,-1,-1,-1] },
				"up": { "texture": "#peat", "uv": [ 1.0, 3.0, 4.0, 7.0 ] },
				"down": { "texture": "#peat", "uv": [ 7.5, 10.0, 10.5, 14.0 ], "windMode": [-1,-1,-1,-1] }
			}
		},
		{
			"name": "Peat-19",
			"from": [ 5.1, 1.1, 4.7 ],
			"to": [ 11.1, 2.9, 8.7 ],
			"rotationOrigin": [ 9.3, 1.1, 8.7 ],
			"rotationX": 87.0,
			"rotationY": -22.5,
			"rotationZ": 93.5,
			"faces": {
				"north": { "texture": "#peat", "uv": [ 3.5, 6.5, 9.5, 8.0 ] },
				"east": { "texture": "#peat", "uv": [ 1.5, 7.0, 5.5, 8.5 ] },
				"south": { "texture": "#peat", "uv": [ 3.0, 13.5, 9.0, 15.0 ] },
				"west": { "texture": "#peat", "uv": [ 7.0, 8.0, 11.0, 9.5 ] },
				"up": { "texture": "#peat", "uv": [ 5.5, 4.0, 11.5, 8.0 ] },
				"down": { "texture": "#peat", "uv": [ 3.5, 7.5, 9.5, 11.5 ] }
			}
		},
		{
			"name": "Peat-20",
			"from": [ 4.4, 4.7, 7.0 ],
			"to": [ 8.4, 6.7, 10.0 ],
			"rotationOrigin": [ 6.6, 4.7, 8.0 ],
			"rotationY": 22.5,
			"rotationZ": -5.0,
			"faces": {
				"north": { "texture": "#peat", "uv": [ 3.5, 6.5, 7.5, 8.5 ] },
				"east": { "texture": "#peat", "uv": [ 1.5, 7.0, 4.5, 9.0 ] },
				"south": { "texture": "#peat", "uv": [ 3.0, 13.5, 7.0, 15.5 ] },
				"west": { "texture": "#peat", "uv": [ 3.0, 7.0, 6.0, 9.0 ] },
				"up": { "texture": "#peat", "uv": [ 4.5, 1.5, 8.5, 4.5 ] },
				"down": { "texture": "#peat", "uv": [ 3.5, 7.5, 7.5, 10.5 ] }
			},
			"children": [
				{
					"name": "Peat-21",
					"from": [ 4.0, 0.0, 0.0 ],
					"to": [ 8.0, 2.0, 3.0 ],
					"rotationOrigin": [ 4.0, 0.0, 1.0 ],
					"rotationZ": 11.0,
					"faces": {
						"north": { "texture": "#peat", "uv": [ 3.5, 6.5, 7.5, 8.5 ] },
						"east": { "texture": "#peat", "uv": [ 1.5, 7.0, 4.5, 9.0 ] },
						"south": { "texture": "#peat", "uv": [ 3.0, 13.5, 7.0, 15.5 ] },
						"west": { "texture": "#peat", "uv": [ 8.0, 8.5, 11.0, 10.5 ] },
						"up": { "texture": "#peat", "uv": [ 5.0, 2.0, 9.0, 5.0 ] },
						"down": { "texture": "#peat", "uv": [ 3.5, 7.5, 7.5, 10.5 ] }
					}
				}
			]
		}
	]}