[
{
	ingredientPattern: "_TG,PLP",
	ingredients: {
		"T": { type: "item", code: "game:flaxtwine" },
		"L": { type: "block", code: "game:linen-*" },
		"P": { type: "item", code: "game:metalplate-*", allowedVariants: ["tinbronze", "bismuthbronze", "blackbronze", "iron", "meteoriciron", "steel"] },
		"G": { type: "item", code: "game:grain-*", allowedVariants: ["spelt", "rice", "flax", "rye", "amaranth", "sunflower"]}
	},
	width: 3,
	height: 2,
	output: { type: "item", code: "specialexpandedbags:agriculturebag"  }
},
{
	ingredientPattern: "__G,PLP",
	ingredients: {
		"L": { type: "item", code: "game:linensack" },
		"P": { type: "item", code: "game:metalplate-*", allowedVariants: ["tinbronze", "bismuthbronze", "blackbronze", "iron", "meteoriciron", "steel"] },
		"G": { type: "item", code: "game:grain-*"}
	},
	width: 3,
	height: 2,
	output: { type: "item", code: "specialexpandedbags:agriculturebag"  }
},
{
	ingredientPattern: "_T_,PLP,SSS",
	ingredients: {
		"T": { type: "item", code: "game:flaxtwine" },
		"L": { type: "item", code: "specialexpandedbags:agriculturebag" },
		"P": { type: "item", code: "game:metalplate-*", allowedVariants: ["iron", "meteoriciron", "steel"] },
		"S": { type: "item", code: "game:leather-sturdy-plain", quantity: 3 }
	},
	width: 3,
	height: 3,
	output: { type: "item", code: "specialexpandedbags:agriculturebagsturdy"  }
},
{
	ingredientPattern: "_T_,PLP,SSS",
	ingredients: {
		"T": { type: "item", code: "game:gear-temporal"},
		"L": { type: "item", code: "specialexpandedbags:agriculturebagsturdy" },
		"P": { type: "item", code: "game:metalplate-*", allowedVariants: ["steel"] },
		"S": { type: "item", code: "game:leather-sturdy-plain", quantity: 3 }
	},
	width: 3,
	height: 3,
	output: { type: "item", code: "specialexpandedbags:agriculturebagtravel"  }
}
]