[
  {
    "file": "faviking:itemtypes/wearable/viking/fa-viking-head",
    "op": "addmerge",
    "path": "/behaviors",
    "dependsOn": [{ "modId": "combatoverhaul" }],
    "value": [
      {
        "name": "CombatOverhaul:Armor",
        "propertiesByType": {
          "fa-viking-head-steel-heavy-*bear*": {
            "Layers": ["Outer"],
            "Zones": ["Head", "Neck", "Face"],
            "Resists": {
              "PiercingAttack": 8,
              "SlashingAttack": 6,
              "BluntAttack": 10
            },
            "FlatReduction": {},
            "PlayerStats": {
              "walkspeed": -0.02,
              "manipulationSpeed": -0.05,
              "steadyAim": -0.1,
              "healingeffectivness": -0.09,
              "hungerrate": 0.12
            }
          },
          "fa-viking-head-steel-heavy*": {
            "Layers": ["Outer"],
            "Zones": ["Head", "Neck", "Face"],
            "Resists": {
              "PiercingAttack": 8,
              "SlashingAttack": 6,
              "BluntAttack": 10
            },
            "FlatReduction": {},
            "PlayerStats": {
              "walkspeed": 0,
              "manipulationSpeed": -0.05,
              "steadyAim": -0.1,
              "healingeffectivness": -0.09,
              "hungerrate": 0.12
            }
          },
          "fa-viking-head-*iron-heavy-*bear*": {
            "Layers": ["Outer"],
            "Zones": ["Head", "Neck", "Face"],
            "Resists": {
              "PiercingAttack": 7,
              "SlashingAttack": 5,
              "BluntAttack": 8
            },
            "FlatReduction": {},
            "PlayerStats": {
              "walkspeed": -0.02,
              "manipulationSpeed": -0.05,
              "steadyAim": -0.1,
              "healingeffectivness": -0.09,
              "hungerrate": 0.12
            }
          },
          "fa-viking-head-*iron-heavy*": {
            "Layers": ["Outer"],
            "Zones": ["Head", "Neck", "Face"],
            "Resists": {
              "PiercingAttack": 7,
              "SlashingAttack": 5,
              "BluntAttack": 8
            },
            "FlatReduction": {},
            "PlayerStats": {
              "walkspeed": 0,
              "manipulationSpeed": -0.05,
              "steadyAim": -0.1,
              "healingeffectivness": -0.09,
              "hungerrate": 0.12
            }
          },
          "fa-viking-head-steel-light-*bear*": {
            "Layers": ["Outer","Middle"],
            "Zones": ["Head", "Neck", "Face"],
            "Resists": {
              "PiercingAttack": 7,
              "SlashingAttack": 8,
              "BluntAttack": 8
            },
            "FlatReduction": {},
            "PlayerStats": {
              "walkspeed": -0.02,
              "manipulationSpeed": 0,
              "steadyAim": -0.05,
              "healingeffectivness": -0.09,
              "hungerrate": 0.12
            }
          },
          "fa-viking-head-steel-light*": {
            "Layers": ["Outer","Middle"],
            "Zones": ["Head", "Neck", "Face"],
            "Resists": {
              "PiercingAttack": 7,
              "SlashingAttack": 8,
              "BluntAttack": 8
            },
            "FlatReduction": {},
            "PlayerStats": {
              "walkspeed": 0,
              "manipulationSpeed": 0,
              "steadyAim": -0.05,
              "healingeffectivness": -0.09,
              "hungerrate": 0.12
            }
          },
          "fa-viking-head-*iron-light-*bear*": {
            "Layers": ["Outer","Middle"],
            "Zones": ["Head", "Neck", "Face"],
            "Resists": {
              "PiercingAttack": 6,
              "SlashingAttack": 7,
              "BluntAttack": 7
            },
            "FlatReduction": {},
            "PlayerStats": {
              "walkspeed": -0.02,
              "manipulationSpeed": 0,
              "steadyAim": -0.05,
              "healingeffectivness": -0.09,
              "hungerrate": 0.12
            }
          },
          "fa-viking-head-*iron-light*": {
            "Layers": ["Outer","Middle"],
            "Zones": ["Head", "Neck", "Face"],
            "Resists": {
              "PiercingAttack": 6,
              "SlashingAttack": 7,
              "BluntAttack": 7
            },
            "FlatReduction": {},
            "PlayerStats": {
              "walkspeed": 0,
              "manipulationSpeed": 0,
              "steadyAim": -0.05,
              "healingeffectivness": -0.09,
              "hungerrate": 0.12
            }
          }
        }
      }
    ]
  },
  {
    "file": "faviking:itemtypes/wearable/viking/fa-viking-head",
    "op": "replace",
    "path": "/durabilityByType",
    "dependsOn": [{ "modId": "combatoverhaul" }],
    "value": {
        "*steel*heavy*": 13000,
        "*meteoriciron*heavy*": 11000,
        "*iron*heavy*": 5400,
        "*steel*light*": 10000,
        "*meteoriciron*light*": 7000,
        "*iron*light*": 4000
    }
  },
  {
    "file": "faviking:itemtypes/wearable/viking/fa-viking-head",
    "dependsOn": [{ "modId": "combatoverhaul" }],
    "op": "replace",
    "path": "/attributes/protectionModifiersByType",
    "value": { "*": null }
  },
  {
    "file": "faviking:itemtypes/wearable/viking/fa-viking-head",
    "dependsOn": [{ "modId": "combatoverhaul" }],
    "op": "replace",
    "path": "/attributes/statModifiersByType",
    "value": { "*": null }
  },
  {
    "file": "faviking:itemtypes/wearable/viking/fa-viking-head",
    "dependsOn": [{ "modId": "combatoverhaul" }],
    "op": "replace",
    "path": "/class",
    "value": "CombatOverhaul:WearableArmor"
  },
  {
    "file": "faviking:itemtypes/wearable/viking/fa-viking-head",
    "dependsOn": [{ "modId": "combatoverhaul" }],
    "op": "add",
    "path": "/attributes/materialCountByType",
    "value": { "*-head-*": 8 }
  },  

]
