[
  {
    "file": "faviking:itemtypes/wearable/viking/fa-viking-body",
    "op": "addmerge",
    "path": "/behaviors",
    "dependsOn": [{ "modId": "combatoverhaul" }],
    "value": [
      {
        "name": "CombatOverhaul:Armor",
        "propertiesByType": {
          "fa-viking-body-steel-heavy-*bear*": {
            "Layers": ["Outer"],
            "Zones": ["Torso", "Arms", "Hands"],
            "Resists": {
              "PiercingAttack": 8,
              "SlashingAttack": 6,
              "BluntAttack": 10
            },
            "FlatReduction": {},
            "PlayerStats": {
              "walkspeed": -0.05,
              "manipulationSpeed": -0.2,
              "steadyAim": -0.3,
              "healingeffectivness": -0.09,
              "hungerrate": 0.12
            }
          },

          "fa-viking-body-steel-heavy-*": {
            "Layers": ["Outer"],
            "Zones": ["Torso", "Arms", "Hands"],
            "Resists": {
              "PiercingAttack": 8,
              "SlashingAttack": 6,
              "BluntAttack": 10
            },
            "FlatReduction": {},
            "PlayerStats": {
              "walkspeed": -0.03,
              "manipulationSpeed": -0.2,
              "steadyAim": -0.3,
              "healingeffectivness": -0.09,
              "hungerrate": 0.12
            }
          },

          "fa-viking-body-*iron-heavy-*bear*": {
            "Layers": ["Outer"],
            "Zones": ["Torso", "Arms", "Hands"],
            "Resists": {
              "PiercingAttack": 7,
              "SlashingAttack": 5,
              "BluntAttack": 8
            },
            "FlatReduction": {},
            "PlayerStats": {
              "walkspeed": -0.05,
              "manipulationSpeed": -0.2,
              "steadyAim": -0.3,
              "healingeffectivness": -0.09,
              "hungerrate": 0.12
            }
          },

          "fa-viking-body-*iron-heavy-*": {
            "Layers": ["Outer"],
            "Zones": ["Torso", "Arms", "Hands"],
            "Resists": {
              "PiercingAttack": 7,
              "SlashingAttack": 5,
              "BluntAttack": 8
            },
            "FlatReduction": {},
            "PlayerStats": {
              "walkspeed": -0.03,
              "manipulationSpeed": -0.2,
              "steadyAim": -0.3,
              "healingeffectivness": -0.09,
              "hungerrate": 0.12
            }
          },

          "fa-viking-body-steel-light-*bear*": {
            "Layers": ["Outer","Middle"],
            "Zones": ["Torso", "Arms", "Hands"],
            "Resists": {
              "PiercingAttack": 7,
              "SlashingAttack": 8,
              "BluntAttack": 8
            },
            "FlatReduction": {},
            "PlayerStats": {
              "walkspeed": -0.07,
              "manipulationSpeed": -0.08,
              "steadyAim": -0.10,
              "healingeffectivness": -0.15,
              "hungerrate": 0.12
            }
          },

          "fa-viking-body-steel-light-*": {
            "Layers": ["Outer","Middle"],
            "Zones": ["Torso", "Arms", "Hands"],
            "Resists": {
              "PiercingAttack": 7,
              "SlashingAttack": 8,
              "BluntAttack": 8
            },
            "FlatReduction": {},
            "PlayerStats": {
              "walkspeed": -0.05,
              "manipulationSpeed": -0.08,
              "steadyAim": -0.10,
              "healingeffectivness": -0.15,
              "hungerrate": 0.12
            }
          },

          "fa-viking-body-*iron-light-*bear*": {
            "Layers": ["Outer","Middle"],
            "Zones": ["Torso", "Arms", "Hands"],
            "Resists": {
              "PiercingAttack": 6,
              "SlashingAttack": 7,
              "BluntAttack": 7
            },
            "FlatReduction": {},
            "PlayerStats": {
              "walkspeed": -0.07,
              "manipulationSpeed": -0.08,
              "steadyAim": -0.10,
              "healingeffectivness": -0.15,
              "hungerrate": 0.12
            }
          },

          "fa-viking-body-*iron-light-*": {
            "Layers": ["Outer","Middle"],
            "Zones": ["Torso", "Arms", "Hands"],
            "Resists": {
              "PiercingAttack": 6,
              "SlashingAttack": 7,
              "BluntAttack": 7
            },
            "FlatReduction": {},
            "PlayerStats": {
              "walkspeed": -0.05,
              "manipulationSpeed": -0.08,
              "steadyAim": -0.10,
              "healingeffectivness": -0.15,
              "hungerrate": 0.12
            }
          }
        }
      }
    ]
  },
  {
    "file": "faviking:itemtypes/wearable/viking/fa-viking-body",
    "op": "replace",
    "path": "/durabilityByType",
    "dependsOn": [{ "modId": "combatoverhaul" }],
    "value": {
        "*steel*heavy*": 33000,
        "*meteoric*heavy*": 13200,
        "*iron*heavy*": 10200,
        "*steel*light*": 22000,
        "*meteoric*light*": 9200,
        "*iron*light*": 6500
    }
  },
  {
    "file": "faviking:itemtypes/wearable/viking/fa-viking-body",
    "dependsOn": [{ "modId": "combatoverhaul" }],
    "op": "replace",
    "path": "/attributes/protectionModifiersByType",
    "value": { "*": null }
  },
  {
    "file": "faviking:itemtypes/wearable/viking/fa-viking-body",
    "dependsOn": [{ "modId": "combatoverhaul" }],
    "op": "replace",
    "path": "/attributes/statModifiersByType",
    "value": { "*": null }
  },
  {
    "file": "faviking:itemtypes/wearable/viking/fa-viking-body",
    "dependsOn": [{ "modId": "combatoverhaul" }],
    "op": "replace",
    "path": "/class",
    "value": "CombatOverhaul:WearableArmor"
  },
  {
    "file": "faviking:itemtypes/wearable/viking/fa-viking-body",
    "dependsOn": [{ "modId": "combatoverhaul" }],
    "op": "add",
    "path": "/attributes/materialCountByType",
    "value": { "*-body-*": 16 }
  },  

]
