{
	"code": "cervidae",
	"class": "EntityAgent",
	"tags": ["carcass","huntable","habitat-land"],
	"variantgroups": [
		{"code": "tribe","states": [ "alceini","capreolini","odocoileini"]},
		{"code": "type","states": [ "carcass"]}
	],
	"collisionBoxSizeByType": {
		"*": {	"x": 1.1,"y": 0.95}
	},
	"deadCollisionBoxSizeByType": {
		"*": {"x": 1.1,"y": 0.5}
	},
	"selectionBoxSizeByType": {
		"*": {"x": 1.5,"y": 1.8}
	},
	"deadSelectionBoxSizeByType": {
		"*": {"x": 1.2,"y": 1.0}
	},
	"knockbackResistanceByType": {
		"*": 10.0
	},	
	"eyeHeight": 0.6,
	"weightByType": {
		"*": 20
	},	
	"drops": [],
	"attributes": {
		"handbook": {
			"groupcode": "creaturegroup-cervidae"
		}
	},
	"client": {
		"renderer": "Shape",
		"shapeByType": {"*": { "base": "entity/carcass-medium" }},
		"sizeByType": {
			"*": 1.0
		},
		"behaviors": [
			{ "code": "repulseagents" },
			{
				"code": "controlledphysics",
				"stepHeight": 0
			},
			{ "code": "interpolateposition" },
			{
				"code": "despawn",
				"minPlayerDistance": 8,
				"belowLightLevel": 0,
				"minSeconds": 300
			},
			{
				"code": "floatupwhenstuck",
				"onlyWhenDead": true
			},
			{ "code": "harvestable" }

		],
		"animations": [
			{"code": "die","animation": "Die","animationSpeed": 2.00,"weight": 10,"blendMode": "Average","triggeredBy": { "onControls": [ "dead" ] }},
			{"code": "idle","animation": "Idle","blendMode": "Average","easeOutSpeed": 1,"triggeredBy": { "defaultAnim": true }},
			{"code": "sleep","animation": "Sleep","easeInSpeed": 4,"easeOutSpeed": 4,"blendMode": "Average"}
		]
	},
	"server": {
		"attributes": {
		},
		"behaviors": [
			{ "code": "repulseagents" },
			{
				"code": "controlledphysics",
				"stepHeight": 0
			},
			{
				"code": "health",
				"maxhealthByType": {
					"*": 4
				}
			},
			{
				"code": "deaddecay",
				"hoursToDecay": 96,
				"decayedBlock": "carcass-medium"
			},
			{
				"code": "floatupwhenstuck",
				"onlyWhenDead": true
			},
			{
				"code": "harvestable",
				"drops": [
					{
						"type": "item",
						"code": "game:redmeat-raw",
						"quantityByType": {
							"*": {"avg": 4,"var": 2}
						}
					}
				]
			},
			{
				"code": "taskai",
				"aitasks": [
						//Flies going quiet in the dark
					{
						"code": "idle-r",
						"priority": 1.5,
						"mindurationMS": 20000,
						"maxdurationMS": 80000,
						"animation": "Sleep",
						"animationSpeed": 1.0,
						"EntityLightLevels": [1,18],
						"EntityLightLevelType": "TimeOfDaySunLight",
						"stopOnHurt": true
					},
						//Flies buzzing during the day
					{
						"code": "idle-r",
						"priority": 0.6,
						"animation": "Idle",
						"animationSpeed": 1.0,
						"sound": "pantherinae:creature/pantherinae/carcass",
						"soundRange": 20,
						"soundrepeatMS": 3000,
						"soundVolume": 0.75
					}
				]
			}

		],
		"spawnconditions": {
			"runtime": {
				"group": "neutral",
				"tryOnlySurface": true,
				"chanceByType": {
					"cervidae-alceini-carcass": 0.00001,
					"cervidae-capreolini-carcass": 0.00001,
					"cervidae-odocoileini-carcass": 0.00001
				},
				"mindistancetoplayer": 100,
				"maxLightLevel": 1,
				"lightLevelType": "onlyBlockLight",
				"spawnCapPlayerScaling": 0.0,	
				"groupSizeByType": {
					"*": { "dist": "uniform", "avg": 1.0, "var": 0.0 }
				},
				"insideBlockCodes": [ "game:air", "game:gravel-*",  "game:sand-*","game:snowlayer-1","game:soil-*","game:tallgrass-*" ]
			}
		},
		"spawnconditionsByType": {
			"cervidae-alceini-carcass": {
				"climate": {
					"minTemp": -12,
					"maxTemp": 18,
					"minRain": 0.25,
					"maxRain": 1.0,
					"minForestOrShrubs": 0,
					"maxForest": 1,
					"maxShrubs": 1,
					"maxY": 1.6					
				},
				"runtime": {
					"maxQuantityByGroup": { "code": "cervidae-alceini-*", "maxQuantity": 1 }
				}
			},
			"cervidae-capreolini-carcass": {
				"climate": {
					"minTemp": -6,
					"maxTemp": 18,
					"minRain": 0.25,
					"maxRain": 1.0,
					"minForestOrShrubs": 0,
					"maxForest": 1,
					"maxShrubs": 1,
					"maxY": 1.6					
				},
				"runtime": {
					"maxQuantityByGroup": { "code": "cervidae-capreolini-*", "maxQuantity": 1 }
				}
			},
			"cervidae-odocoileini-carcass": {
				"climate": {
					"minTemp": -30,
					"maxTemp": 40,
					"minRain": 0.05,
					"maxRain": 1.0,
					"minForestOrShrubs": 0,
					"maxForest": 1,
					"maxShrubs": 1,
					"maxY": 1.8					
				},
				"runtime": {
					"maxQuantityByGroup": { "code": "cervidae-odocoileini-*", "maxQuantity": 1 }
				}
			}
		}
	}
}