{
	"editor": {
		"allAngles": true,
		"entityTextureMode": true
	},
	"textureWidth": 60,
	"textureHeight": 76,
	"textureSizes": {
		"skin": [60,76]
	},
	"textures": {
	},
	"elements": [
		{
			"name": "Neck",
			"from": [ 14.4, 10.0, 6.05 ],
			"to": [ 18.9, 17.0, 9.95 ],
			"unwrapMode": 2,
			"uv": [ 6.0, 12.5 ],
			"rotationOrigin": [ 18.3, 10.0, 8.0 ],
			"rotationZ": 80.0,
			"faces": {
				"north": { "texture": "#skin", "uv": [ 14.0, 17.0, 18.5, 24.0 ], "windMode": [-1,-1,-1,-1], "windData": [0,0,1,0] },
				"east": { "texture": "#skin", "uv": [ 10.5, 17.0, 14.0, 24.0 ], "windMode": [-1,-1,-1,-1], "windData": [1,0,0,1] },
				"south": { "texture": "#skin", "uv": [ 6.0, 17.0, 10.5, 24.0 ] },
				"west": { "texture": "#skin", "uv": [ 18.5, 17.0, 22.0, 24.0 ] },
				"up": { "texture": "#skin", "uv": [ 10.5, 12.5, 14.0, 17.0 ], "rotation": 270 }
			},
			"children": [
				{
					"name": "Neck2",
					"from": [ 0.1, 7.0, 0.3 ],
					"to": [ 4.1, 12.0, 3.6 ],
					"unwrapMode": 4,
					"autoUnwrap": false,
					"uv": [ 6.5, 0.5 ],
					"rotationOrigin": [ 0.1, 7.0, 1.95 ],
					"rotationZ": -30.0,
					"faces": {
						"north": { "texture": "#skin", "uv": [ 13.5, 4.5, 17.5, 9.5 ] },
						"east": { "texture": "#skin", "uv": [ 10.5, 4.5, 13.5, 9.5 ] },
						"south": { "texture": "#skin", "uv": [ 6.5, 4.5, 10.5, 9.5 ] },
						"west": { "texture": "#skin", "uv": [ 17.5, 4.5, 20.5, 9.5 ] },
						"up": { "texture": "#skin", "uv": [ 10.5, 0.5, 13.5, 4.5 ], "rotation": 270 },
						"down": { "texture": "#skin", "uv": [ 10.5, 12.5, 13.5, 16.5 ], "rotation": 90, "windMode": [-1,-1,-1,-1], "windData": [1,1,1,1] }
					},
					"children": [
						{
							"name": "Head",
							"from": [ 0.9, 1.6, -0.1 ],
							"to": [ 4.2, 5.6, 3.4 ],
							"unwrapMode": 4,
							"uv": [ 22.5, 5.0 ],
							"rotationOrigin": [ 3.9, 5.6, 1.65 ],
							"rotationZ": -40.0,
							"faces": {
								"north": { "texture": "#skin", "uv": [ 22.5, 8.0, 25.5, 12.0 ] },
								"east": { "texture": "#skin", "uv": [ 32.0, 8.0, 35.5, 12.0 ] },
								"south": { "texture": "#skin", "uv": [ 29.0, 8.0, 32.0, 12.0 ] },
								"west": { "texture": "#skin", "uv": [ 25.5, 8.0, 29.0, 12.0 ] },
								"up": { "texture": "#skin", "uv": [ 25.5, 5.0, 29.0, 8.0 ], "rotation": 90 },
								"down": { "texture": "#skin", "uv": [ 25.5, 12.0, 29.0, 15.0 ], "rotation": 90 }
							},
							"children": [
								{
									"name": "MouthUp",
									"from": [ -3.3, 0.7, 0.75 ],
									"to": [ 0.3, 1.7, 2.75 ],
									"unwrapMode": 6,
									"unwrapRotation": 1,
									"uv": [ 26.0, 18.0 ],
									"rotationOrigin": [ 0.0, 1.9, 1.8 ],
									"rotationZ": 30.0,
									"faces": {
										"north": { "texture": "#skin", "uv": [ 26.0, 19.0, 27.0, 22.5 ], "rotation": 90 },
										"south": { "texture": "#skin", "uv": [ 29.0, 19.0, 30.0, 22.5 ], "rotation": 270 },
										"west": { "texture": "#skin", "uv": [ 27.0, 18.0, 29.0, 19.0 ] },
										"up": { "texture": "#skin", "uv": [ 30.0, 19.0, 32.0, 22.5 ], "rotation": 270, "windMode": [-1,-1,-1,-1], "windData": [1,1,1,1] },
										"down": { "texture": "#skin", "uv": [ 27.0, 19.0, 29.0, 22.5 ], "rotation": 90 }
									},
									"children": [
										{
											"name": "Nose",
											"from": [ 0.7, 0.4, 0.1 ],
											"to": [ 4.7, 1.6, 1.9 ],
											"unwrapMode": 5,
											"unwrapRotation": 1,
											"uv": [ 33.0, 19.0 ],
											"rotationOrigin": [ 0.7, 0.5, 0.7 ],
											"rotationZ": 14.0,
											"faces": {
												"north": { "texture": "#skin", "uv": [ 33.0, 19.0, 34.0, 23.0 ], "rotation": 270 },
												"south": { "texture": "#skin", "uv": [ 35.5, 19.0, 36.5, 23.0 ], "rotation": 90 },
												"west": { "texture": "#skin", "uv": [ 34.0, 23.0, 35.5, 24.0 ], "windMode": [-1,-1,-1,-1], "windData": [1,1,1,1] },
												"up": { "texture": "#skin", "uv": [ 34.0, 19.0, 35.5, 23.0 ], "rotation": 90 }
											},
											"children": [
												{
													"name": "Snout",
													"from": [ -0.8, 0.2, 0.25 ],
													"to": [ 0.2, 1.2, 1.55 ],
													"unwrapMode": 4,
													"uv": [ 33.0, 25.0 ],
													"rotationOrigin": [ -0.8, 1.2, 0.9 ],
													"rotationZ": -2.0,
													"faces": {
														"north": { "texture": "#skin", "uv": [ 33.0, 26.0, 34.0, 27.0 ], "windMode": [-1,-1,-1,-1], "windData": [1,1,1,1] },
														"east": { "texture": "#skin", "uv": [ 36.0, 26.0, 37.0, 27.0 ], "windMode": [-1,-1,-1,-1], "windData": [1,1,1,1] },
														"south": { "texture": "#skin", "uv": [ 35.0, 26.0, 36.0, 27.0 ], "windMode": [-1,-1,-1,-1], "windData": [1,1,1,1] },
														"west": { "texture": "#skin", "uv": [ 34.0, 26.0, 35.0, 27.0 ], "windMode": [-1,-1,-1,-1], "windData": [1,1,1,1] },
														"up": { "texture": "#skin", "uv": [ 34.0, 25.0, 35.0, 26.0 ], "rotation": 90, "windMode": [-1,-1,-1,-1], "windData": [1,1,1,1] },
														"down": { "texture": "#skin", "uv": [ 34.0, 27.0, 35.0, 28.0 ], "rotation": 90, "windMode": [-1,-1,-1,-1], "windData": [1,1,1,1] }
													}
												}
											]
										},
										{
											"name": "Jaw",
											"from": [ 2.0, -1.2, 0.1 ],
											"to": [ 3.9, 0.5, 1.9 ],
											"unwrapMode": 5,
											"unwrapRotation": 1,
											"autoUnwrap": false,
											"uv": [ 25.5, 23.5 ],
											"rotationOrigin": [ 3.5, 0.0, 1.0 ],
											"rotationZ": -19.0,
											"faces": {
												"north": { "texture": "#skin", "uv": [ 25.5, 23.5, 27.0, 25.0 ], "rotation": 270 },
												"south": { "texture": "#skin", "uv": [ 28.5, 23.5, 30.0, 25.0 ], "rotation": 90 },
												"west": { "texture": "#skin", "uv": [ 27.0, 24.5, 28.5, 25.5 ], "autoUv": false },
												"up": { "texture": "#skin", "uv": [ 27.0, 23.5, 28.5, 25.0 ], "rotation": 90 },
												"down": { "texture": "#skin", "uv": [ 30.0, 23.5, 31.5, 25.0 ], "rotation": 270 }
											},
											"children": [
												{
													"name": "Jaw2",
													"from": [ -1.6, 0.0, 0.05 ],
													"to": [ 0.0, 0.75, 1.75 ],
													"unwrapMode": 5,
													"unwrapRotation": 1,
													"uv": [ 26.5, 27.5 ],
													"rotationOrigin": [ 0.0, 0.7, 0.0 ],
													"rotationZ": 7.0,
													"faces": {
														"north": { "texture": "#skin", "uv": [ 26.5, 27.5, 27.0, 29.0 ], "rotation": 270 },
														"south": { "texture": "#skin", "uv": [ 28.5, 27.5, 29.0, 29.0 ], "rotation": 90 },
														"west": { "texture": "#skin", "uv": [ 27.0, 29.0, 28.5, 29.5 ] },
														"up": { "texture": "#skin", "uv": [ 27.0, 27.5, 28.5, 29.0 ], "rotation": 90 },
														"down": { "texture": "#skin", "uv": [ 29.0, 27.5, 30.5, 29.0 ], "rotation": 270 }
													}
												}
											]
										}
									]
								},
								{
									"name": "L Ear",
									"from": [ 2.5, 2.8, 3.2 ],
									"to": [ 3.0, 3.8, 5.2 ],
									"unwrapMode": 4,
									"unwrapRotation": 1,
									"autoUnwrap": false,
									"uv": [ 31.5, 0.5 ],
									"rotationOrigin": [ 2.7, 3.5, 3.2 ],
									"rotationX": -25.0,
									"rotationZ": 1.0,
									"faces": {
										"north": { "texture": "#skin", "uv": [ 32.0, 3.5, 33.0, 4.0 ], "rotation": 90, "windMode": [-1,-1,-1,-1] },
										"east": { "texture": "#skin", "uv": [ 34.5, 1.0, 35.5, 3.0 ], "rotation": 270 },
										"south": { "texture": "#skin", "uv": [ 32.0, 0.5, 33.0, 1.0 ], "rotation": 90, "windMode": [-1,-1,-1,-1], "windData": [1,1,1,1] },
										"west": { "texture": "#skin", "uv": [ 32.0, 1.0, 33.0, 3.0 ], "rotation": 90 },
										"up": { "texture": "#skin", "uv": [ 31.5, 1.0, 32.0, 3.0 ], "rotation": 180 },
										"down": { "texture": "#skin", "uv": [ 33.5, 1.0, 34.0, 3.0 ], "rotation": 180 }
									},
									"children": [
										{
											"name": "L Ear2",
											"from": [ 0.0, 0.0, 2.0 ],
											"to": [ 0.5, 1.0, 3.4 ],
											"unwrapMode": 4,
											"unwrapRotation": 1,
											"autoUnwrap": false,
											"uv": [ 32.0, 14.0 ],
											"rotationOrigin": [ 0.2, 1.0, 2.0 ],
											"rotationX": 26.0,
											"rotationZ": 1.0,
											"faces": {
												"north": { "texture": "#skin", "uv": [ 32.0, 2.5, 33.0, 3.0 ], "rotation": 90, "windMode": [-1,-1,-1,-1] },
												"east": { "texture": "#skin", "uv": [ 34.5, 1.0, 35.5, 2.0 ], "rotation": 270 },
												"south": { "texture": "#skin", "uv": [ 32.5, 0.5, 33.5, 1.0 ], "rotation": 90, "windMode": [-1,-1,-1,-1], "windData": [1,1,1,1] },
												"west": { "texture": "#skin", "uv": [ 32.0, 1.0, 33.0, 2.0 ], "rotation": 90 },
												"up": { "texture": "#skin", "uv": [ 31.5, 1.0, 32.0, 2.0 ], "rotation": 180 },
												"down": { "texture": "#skin", "uv": [ 33.0, 1.0, 33.5, 2.0 ], "rotation": 180 }
											}
										},
										{
											"name": "L Ear3",
											"from": [ 0.0, 0.0, 0.0 ],
											"to": [ 0.5, 1.0, 1.5 ],
											"unwrapMode": 4,
											"unwrapRotation": 1,
											"autoUnwrap": false,
											"uv": [ 35.0, 3.5 ],
											"rotationOrigin": [ 0.2, 0.0, 0.0 ],
											"rotationX": 25.0,
											"rotationZ": -1.0,
											"faces": {
												"north": { "texture": "#skin", "uv": [ 32.5, 3.5, 33.5, 4.0 ], "rotation": 90, "windMode": [-1,-1,-1,-1] },
												"east": { "texture": "#skin", "uv": [ 34.0, 1.5, 35.0, 3.0 ], "rotation": 270 },
												"south": { "texture": "#skin", "uv": [ 32.5, 1.0, 33.5, 1.5 ], "rotation": 90, "windMode": [-1,-1,-1,-1], "windData": [1,1,1,1] },
												"west": { "texture": "#skin", "uv": [ 32.5, 1.5, 33.5, 3.0 ], "rotation": 90 },
												"up": { "texture": "#skin", "uv": [ 31.5, 1.5, 32.0, 3.0 ], "rotation": 180 },
												"down": { "texture": "#skin", "uv": [ 33.5, 1.5, 34.0, 3.0 ], "rotation": 180 }
											},
											"children": [
												{
													"name": "L Ear4",
													"from": [ 0.0, 0.0, 1.5 ],
													"to": [ 0.5, 1.0, 3.0 ],
													"unwrapMode": 4,
													"unwrapRotation": 1,
													"autoUnwrap": false,
													"uv": [ 35.5, 15.5 ],
													"rotationOrigin": [ 0.2, 0.0, 1.5 ],
													"rotationX": -34.0,
													"rotationZ": -2.0,
													"faces": {
														"north": { "texture": "#skin", "uv": [ 32.5, 2.0, 33.5, 2.5 ], "rotation": 90, "windMode": [-1,-1,-1,-1] },
														"east": { "texture": "#skin", "uv": [ 34.0, 1.0, 35.0, 2.5 ], "rotation": 270 },
														"south": { "texture": "#skin", "uv": [ 32.5, 0.5, 33.5, 1.0 ], "rotation": 90, "windMode": [-1,-1,-1,-1], "windData": [1,1,1,1] },
														"west": { "texture": "#skin", "uv": [ 32.5, 1.0, 33.5, 2.5 ], "rotation": 90 },
														"up": { "texture": "#skin", "uv": [ 32.0, 1.0, 32.5, 2.5 ], "rotation": 180 },
														"down": { "texture": "#skin", "uv": [ 33.5, 1.0, 34.0, 2.5 ], "rotation": 180 }
													}
												}
											]
										}
									]
								},
								{
									"name": "R Eye",
									"from": [ 0.19, 2.2, -0.01 ],
									"to": [ 0.89, 2.5, 0.31 ],
									"unwrapMode": 1,
									"uv": [ 34.0, 31.0 ],
									"rotationOrigin": [ 0.2, 2.2, -0.1 ],
									"rotationZ": 10.0,
									"faces": {
										"north": { "texture": "#skin", "uv": [ 34.5, 31.0, 35.0, 31.5 ], "windMode": [-1,-1,-1,-1], "windData": [1,1,1,1] },
										"east": { "texture": "#skin", "uv": [ 34.0, 31.0, 34.5, 31.5 ], "windMode": [-1,-1,-1,-1], "windData": [1,1,1,1] },
										"west": { "texture": "#skin", "uv": [ 35.0, 31.0, 35.5, 31.5 ], "windMode": [-1,-1,-1,-1], "windData": [1,1,1,1] },
										"down": { "texture": "#skin", "uv": [ 34.5, 31.5, 35.0, 32.0 ], "windMode": [-1,-1,-1,-1], "windData": [1,1,1,1] }
									},
									"children": [
										{
											"name": "R Eye2",
											"from": [ 0.0, 0.3, 0.0 ],
											"to": [ 0.7, 0.7, 0.32 ],
											"unwrapMode": 1,
											"uv": [ 34.0, 30.0 ],
											"rotationOrigin": [ 0.0, 0.3, -0.05 ],
											"faces": {
												"north": { "texture": "#skin", "uv": [ 34.5, 30.5, 35.0, 31.0 ], "windMode": [-1,-1,-1,-1], "windData": [1,1,1,1] },
												"east": { "texture": "#skin", "uv": [ 34.0, 30.5, 34.5, 31.0 ], "windMode": [-1,-1,-1,-1], "windData": [1,1,1,1] },
												"west": { "texture": "#skin", "uv": [ 35.0, 30.5, 35.5, 31.0 ], "windMode": [-1,-1,-1,-1], "windData": [1,1,1,1] },
												"up": { "texture": "#skin", "uv": [ 34.5, 30.0, 35.0, 30.5 ], "rotation": 180, "windMode": [-1,-1,-1,-1], "windData": [1,1,1,1] }
											}
										},
										{
											"name": "R Pupil",
											"from": [ 0.1, 0.2, -0.01 ],
											"to": [ 0.5, 0.5, 0.31 ],
											"unwrapMode": 5,
											"unwrapRotation": 1,
											"uv": [ 36.5, 30.0 ],
											"rotationOrigin": [ 0.1, 0.2, -0.05 ],
											"faces": {
												"north": { "texture": "#skin", "uv": [ 36.5, 30.5, 37.0, 31.0 ], "rotation": 270, "windMode": [-1,-1,-1,-1], "windData": [1,1,1,1] },
												"east": { "texture": "#skin", "uv": [ 37.0, 30.0, 37.5, 30.5 ], "rotation": 180, "windMode": [-1,-1,-1,-1], "windData": [1,1,1,1] },
												"west": { "texture": "#skin", "uv": [ 37.0, 31.0, 37.5, 31.5 ], "windMode": [-1,-1,-1,-1], "windData": [1,1,1,1] },
												"up": { "texture": "#skin", "uv": [ 37.0, 30.5, 37.5, 31.0 ], "rotation": 90, "windMode": [-1,-1,-1,-1], "windData": [1,1,1,1] },
												"down": { "texture": "#skin", "uv": [ 37.5, 30.5, 38.0, 31.0 ], "rotation": 270, "windMode": [-1,-1,-1,-1], "windData": [1,1,1,1] }
											}
										}
									]
								},
								{
									"name": "R Ear",
									"from": [ 2.5, 3.2, 0.3 ],
									"to": [ 3.0, 4.2, 2.3 ],
									"unwrapMode": 4,
									"unwrapRotation": 1,
									"uv": [ 30.0, 4.0 ],
									"rotationOrigin": [ 2.7, 3.5, 0.3 ],
									"rotationX": -155.0,
									"rotationZ": -1.0,
									"faces": {
										"north": { "texture": "#skin", "uv": [ 30.5, 6.5, 31.5, 7.0 ], "rotation": 90 },
										"east": { "texture": "#skin", "uv": [ 32.0, 4.5, 33.0, 6.5 ], "rotation": 270 },
										"south": { "texture": "#skin", "uv": [ 30.5, 4.0, 31.5, 4.5 ], "rotation": 90 },
										"west": { "texture": "#skin", "uv": [ 30.5, 4.5, 31.5, 6.5 ], "rotation": 90 },
										"up": { "texture": "#skin", "uv": [ 30.0, 4.5, 30.5, 6.5 ], "rotation": 180 },
										"down": { "texture": "#skin", "uv": [ 31.5, 4.5, 32.0, 6.5 ], "rotation": 180 }
									},
									"children": [
										{
											"name": "R Ear2",
											"from": [ 0.0, 0.0, 2.0 ],
											"to": [ 0.5, 1.0, 3.4 ],
											"unwrapMode": 4,
											"unwrapRotation": 1,
											"autoUnwrap": false,
											"uv": [ 33.5, 14.0 ],
											"rotationOrigin": [ 0.2, 0.0, 2.0 ],
											"rotationX": -26.0,
											"rotationZ": 1.0,
											"faces": {
												"north": { "texture": "#skin", "uv": [ 30.0, 5.5, 31.0, 6.0 ], "rotation": 90 },
												"east": { "texture": "#skin", "uv": [ 32.0, 4.5, 33.0, 5.5 ], "rotation": 270 },
												"south": { "texture": "#skin", "uv": [ 30.5, 4.0, 31.5, 4.5 ], "rotation": 90 },
												"west": { "texture": "#skin", "uv": [ 30.0, 4.5, 31.0, 5.5 ], "rotation": 90 },
												"up": { "texture": "#skin", "uv": [ 30.0, 4.5, 30.5, 5.5 ], "rotation": 180 },
												"down": { "texture": "#skin", "uv": [ 31.5, 4.5, 32.0, 5.5 ], "rotation": 180 }
											}
										},
										{
											"name": "R Ear3",
											"from": [ 0.0, 0.0, 0.0 ],
											"to": [ 0.5, 1.0, 1.5 ],
											"unwrapMode": 4,
											"unwrapRotation": 1,
											"autoUnwrap": false,
											"uv": [ 34.5, 14.0 ],
											"rotationOrigin": [ 0.2, 1.0, 0.0 ],
											"rotationX": -26.0,
											"rotationZ": 1.0,
											"faces": {
												"north": { "texture": "#skin", "uv": [ 30.0, 7.0, 31.0, 7.5 ], "rotation": 90 },
												"east": { "texture": "#skin", "uv": [ 32.5, 5.0, 33.5, 6.5 ], "rotation": 270 },
												"south": { "texture": "#skin", "uv": [ 30.0, 4.5, 31.0, 5.0 ], "rotation": 90 },
												"west": { "texture": "#skin", "uv": [ 30.0, 5.0, 31.0, 6.5 ], "rotation": 90 },
												"up": { "texture": "#skin", "uv": [ 29.5, 5.0, 30.0, 6.5 ], "rotation": 180 },
												"down": { "texture": "#skin", "uv": [ 31.0, 5.0, 31.5, 6.5 ], "rotation": 180 }
											},
											"children": [
												{
													"name": "R Ear4",
													"from": [ 0.0, 0.0, 1.5 ],
													"to": [ 0.5, 1.0, 3.0 ],
													"unwrapMode": 4,
													"unwrapRotation": 1,
													"autoUnwrap": false,
													"uv": [ 30.5, 14.0 ],
													"rotationOrigin": [ 0.2, 1.0, 1.5 ],
													"rotationX": 34.0,
													"rotationZ": 2.0,
													"faces": {
														"north": { "texture": "#skin", "uv": [ 30.0, 5.5, 31.0, 6.0 ], "rotation": 90 },
														"east": { "texture": "#skin", "uv": [ 32.5, 4.5, 33.5, 6.0 ], "rotation": 270 },
														"south": { "texture": "#skin", "uv": [ 30.0, 4.0, 31.0, 4.5 ], "rotation": 90 },
														"west": { "texture": "#skin", "uv": [ 30.0, 4.5, 31.0, 6.0 ], "rotation": 90 },
														"up": { "texture": "#skin", "uv": [ 29.5, 4.5, 30.0, 6.0 ], "rotation": 180 },
														"down": { "texture": "#skin", "uv": [ 31.0, 4.5, 31.5, 6.0 ], "rotation": 180 }
													}
												}
											]
										}
									]
								},
								{
									"name": "L Eye",
									"from": [ 0.19, 2.2, 3.19 ],
									"to": [ 0.89, 2.5, 3.51 ],
									"unwrapMode": 3,
									"uv": [ 32.0, 31.0 ],
									"rotationOrigin": [ 0.4, 2.2, 3.1 ],
									"rotationZ": 10.0,
									"faces": {
										"east": { "texture": "#skin", "uv": [ 33.0, 31.0, 33.5, 31.5 ], "windMode": [-1,-1,-1,-1], "windData": [1,1,1,1] },
										"south": { "texture": "#skin", "uv": [ 32.5, 31.0, 33.0, 31.5 ] },
										"west": { "texture": "#skin", "uv": [ 32.0, 31.0, 32.5, 31.5 ] },
										"down": { "texture": "#skin", "uv": [ 32.5, 31.5, 33.0, 32.0 ], "rotation": 180, "windMode": [-1,-1,-1,-1], "windData": [1,1,1,1] }
									},
									"children": [
										{
											"name": "L Eye2",
											"from": [ 0.0, 0.3, 0.0 ],
											"to": [ 0.7, 0.7, 0.32 ],
											"unwrapMode": 3,
											"uv": [ 32.0, 30.0 ],
											"rotationOrigin": [ 0.0, 0.3, -0.05 ],
											"faces": {
												"east": { "texture": "#skin", "uv": [ 33.0, 30.5, 33.5, 31.0 ], "windMode": [-1,-1,-1,-1], "windData": [1,1,1,1] },
												"south": { "texture": "#skin", "uv": [ 32.5, 30.5, 33.0, 31.0 ], "windMode": [-1,-1,-1,-1], "windData": [1,1,1,1] },
												"west": { "texture": "#skin", "uv": [ 32.0, 30.5, 32.5, 31.0 ], "windMode": [-1,-1,-1,-1], "windData": [1,1,1,1] },
												"up": { "texture": "#skin", "uv": [ 32.5, 30.0, 33.0, 30.5 ], "windMode": [-1,-1,-1,-1], "windData": [1,1,1,1] }
											}
										},
										{
											"name": "L Pupil",
											"from": [ 0.1, 0.2, 0.01 ],
											"to": [ 0.5, 0.5, 0.33 ],
											"unwrapMode": 3,
											"unwrapRotation": 1,
											"uv": [ 36.5, 30.0 ],
											"rotationOrigin": [ 0.1, 0.2, 0.05 ],
											"faces": {
												"east": { "texture": "#skin", "uv": [ 37.0, 30.0, 37.5, 30.5 ], "rotation": 90, "windMode": [-1,-1,-1,-1], "windData": [1,1,1,1] },
												"south": { "texture": "#skin", "uv": [ 37.0, 30.5, 37.5, 31.0 ], "rotation": 90, "windMode": [-1,-1,-1,-1], "windData": [1,1,1,1] },
												"west": { "texture": "#skin", "uv": [ 37.0, 31.0, 37.5, 31.5 ], "rotation": 90, "windMode": [-1,-1,-1,-1], "windData": [1,1,1,1] },
												"up": { "texture": "#skin", "uv": [ 36.5, 30.5, 37.0, 31.0 ], "rotation": 90, "windMode": [-1,-1,-1,-1], "windData": [1,1,1,1] },
												"down": { "texture": "#skin", "uv": [ 37.5, 30.5, 38.0, 31.0 ], "rotation": 270, "windMode": [-1,-1,-1,-1], "windData": [1,1,1,1] }
											}
										}
									]
								},
								{
									"name": "Horn attachment",
									"from": [ 0.0, 3.4, 1.8 ],
									"to": [ 1.0, 4.4, 2.8 ],
									"uv": [ 999.0, 999.0 ],
									"rotationOrigin": [ 0.0, 3.4, 1.8 ],
									"rotationZ": 4.0,
									"faces": {
									},
									"children": [
										{
											"name": "R antler base",
											"from": [ 0.5, 0.7, -1.3 ],
											"to": [ 1.6, 2.0, -0.2 ],
											"unwrapMode": 4,
											"uv": [ 43.0, 73.0 ],
											"rotationOrigin": [ 0.5, 0.7, -0.2 ],
											"rotationX": -40.0,
											"rotationZ": -15.0,
											"faces": {
												"north": { "texture": "#skin", "uv": [ 43.0, 74.0, 44.0, 75.0 ] },
												"east": { "texture": "#skin", "uv": [ 46.0, 74.0, 47.0, 75.0 ] },
												"south": { "texture": "#skin", "uv": [ 45.0, 74.0, 46.0, 75.0 ] },
												"west": { "texture": "#skin", "uv": [ 44.0, 74.0, 45.0, 75.0 ], "windMode": [-1,-1,-1,-1], "windData": [0,1,1,1] },
												"up": { "texture": "#skin", "uv": [ 44.0, 73.0, 45.0, 74.0 ], "rotation": 90 },
												"down": { "texture": "#skin", "uv": [ 44.0, 75.0, 45.0, 76.0 ], "rotation": 90 }
											},
											"children": [
												{
													"name": "R antler base 2",
													"from": [ -0.1, 1.2, 0.1 ],
													"to": [ 0.9, 3.7, 0.9 ],
													"unwrapMode": 4,
													"uv": [ 43.0, 66.5 ],
													"rotationOrigin": [ -0.1, 1.2, 1.0 ],
													"rotationX": -21.0,
													"rotationY": -15.0,
													"rotationZ": -15.0,
													"faces": {
														"north": { "texture": "#skin", "uv": [ 43.0, 67.5, 44.0, 70.0 ] },
														"east": { "texture": "#skin", "uv": [ 45.5, 67.5, 46.0, 70.0 ] },
														"south": { "texture": "#skin", "uv": [ 44.5, 67.5, 45.5, 70.0 ] },
														"west": { "texture": "#skin", "uv": [ 44.0, 67.5, 44.5, 70.0 ] },
														"up": { "texture": "#skin", "uv": [ 44.0, 66.5, 44.5, 67.5 ], "rotation": 90 },
														"down": { "texture": "#skin", "uv": [ 44.0, 70.0, 44.5, 71.0 ], "rotation": 90 }
													},
													"children": [
														{
															"name": "R antler base 3",
															"from": [ -0.2, 2.3, -0.1 ],
															"to": [ 0.9, 4.3, 0.6 ],
															"unwrapMode": 2,
															"uv": [ 43.0, 60.5 ],
															"rotationOrigin": [ 0.9, 2.3, -0.1 ],
															"rotationX": 15.0,
															"rotationY": 20.0,
															"rotationZ": -15.0,
															"faces": {
																"north": { "texture": "#skin", "uv": [ 44.5, 61.5, 45.5, 63.5 ] },
																"east": { "texture": "#skin", "uv": [ 44.0, 61.5, 44.5, 63.5 ] },
																"south": { "texture": "#skin", "uv": [ 43.0, 61.5, 44.0, 63.5 ] },
																"west": { "texture": "#skin", "uv": [ 45.5, 61.5, 46.0, 63.5 ] },
																"up": { "texture": "#skin", "uv": [ 44.0, 60.5, 44.5, 61.5 ], "rotation": 270 },
																"down": { "texture": "#skin", "uv": [ 44.0, 63.5, 44.5, 64.5 ], "rotation": 270 }
															},
															"children": [
																{
																	"name": "R antler base 4",
																	"from": [ 0.0, 1.9, 0.0 ],
																	"to": [ 1.0, 4.4, 0.7 ],
																	"unwrapMode": 3,
																	"uv": [ 43.0, 55.0 ],
																	"rotationOrigin": [ 0.0, 1.9, 0.7 ],
																	"rotationX": 12.0,
																	"rotationY": 10.0,
																	"rotationZ": -5.0,
																	"faces": {
																		"north": { "texture": "#skin", "uv": [ 45.0, 55.5, 46.0, 58.0 ] },
																		"east": { "texture": "#skin", "uv": [ 44.5, 55.5, 45.0, 58.0 ] },
																		"south": { "texture": "#skin", "uv": [ 43.5, 55.5, 44.5, 58.0 ] },
																		"west": { "texture": "#skin", "uv": [ 43.0, 55.5, 43.5, 58.0 ] },
																		"up": { "texture": "#skin", "uv": [ 43.5, 55.0, 44.5, 55.5 ] },
																		"down": { "texture": "#skin", "uv": [ 43.5, 58.0, 44.5, 58.5 ], "rotation": 180 }
																	},
																	"children": [
																		{
																			"name": "R antler base 5",
																			"from": [ 0.0, 2.5, 0.0 ],
																			"to": [ 1.0, 4.5, 0.6 ],
																			"unwrapMode": 3,
																			"uv": [ 43.0, 50.0 ],
																			"rotationOrigin": [ 0.0, 2.5, 0.0 ],
																			"rotationX": 15.0,
																			"rotationZ": -5.0,
																			"faces": {
																				"north": { "texture": "#skin", "uv": [ 45.0, 50.5, 46.0, 52.5 ] },
																				"east": { "texture": "#skin", "uv": [ 44.5, 50.5, 45.0, 52.5 ] },
																				"south": { "texture": "#skin", "uv": [ 43.5, 50.5, 44.5, 52.5 ] },
																				"west": { "texture": "#skin", "uv": [ 43.0, 50.5, 43.5, 52.5 ] },
																				"up": { "texture": "#skin", "uv": [ 43.5, 50.0, 44.5, 50.5 ] },
																				"down": { "texture": "#skin", "uv": [ 43.5, 52.5, 44.5, 53.0 ], "rotation": 180 }
																			},
																			"children": [
																				{
																					"name": "R antler base 6",
																					"from": [ 0.0, 1.9, 0.0 ],
																					"to": [ 0.6, 4.4, 0.6 ],
																					"unwrapMode": 3,
																					"uv": [ 44.0, 47.5 ],
																					"rotationOrigin": [ 0.0, 1.9, 0.0 ],
																					"rotationX": 15.0,
																					"rotationZ": -5.0,
																					"faces": {
																						"north": { "texture": "#skin", "uv": [ 45.5, 48.0, 46.0, 50.5 ] },
																						"east": { "texture": "#skin", "uv": [ 45.0, 48.0, 45.5, 50.5 ] },
																						"south": { "texture": "#skin", "uv": [ 44.5, 48.0, 45.0, 50.5 ] },
																						"west": { "texture": "#skin", "uv": [ 44.0, 48.0, 44.5, 50.5 ] },
																						"up": { "texture": "#skin", "uv": [ 44.5, 47.5, 45.0, 48.0 ] },
																						"down": { "texture": "#skin", "uv": [ 44.5, 50.5, 45.0, 51.0 ], "rotation": 180 }
																					},
																					"children": [
																						{
																							"name": "R antler base 7",
																							"from": [ 0.1, 2.4, 0.05 ],
																							"to": [ 0.5, 4.9, 0.45 ],
																							"unwrapMode": 3,
																							"uv": [ 44.0, 44.5 ],
																							"rotationOrigin": [ 0.1, 2.4, 0.0 ],
																							"rotationX": 25.0,
																							"rotationZ": -5.0,
																							"faces": {
																								"north": { "texture": "#skin", "uv": [ 45.5, 45.0, 46.0, 47.5 ] },
																								"east": { "texture": "#skin", "uv": [ 45.0, 45.0, 45.5, 47.5 ] },
																								"south": { "texture": "#skin", "uv": [ 44.5, 45.0, 45.0, 47.5 ] },
																								"west": { "texture": "#skin", "uv": [ 44.0, 45.0, 44.5, 47.5 ] },
																								"up": { "texture": "#skin", "uv": [ 44.5, 44.5, 45.0, 45.0 ] },
																								"down": { "texture": "#skin", "uv": [ 44.5, 47.5, 45.0, 48.0 ], "rotation": 180 }
																							}
																						}
																					]
																				}
																			]
																		}
																	]
																},
																{
																	"name": "R antler point 2",
																	"from": [ 0.0, 1.9, -0.1 ],
																	"to": [ 1.0, 4.4, 0.5 ],
																	"unwrapMode": 3,
																	"uv": [ 43.0, 55.0 ],
																	"rotationOrigin": [ 1.0, 1.9, -0.1 ],
																	"rotationX": 8.0,
																	"rotationY": 15.0,
																	"rotationZ": -20.0,
																	"faces": {
																		"north": { "texture": "#skin", "uv": [ 45.0, 55.5, 46.0, 58.0 ] },
																		"east": { "texture": "#skin", "uv": [ 44.5, 55.5, 45.0, 58.0 ] },
																		"south": { "texture": "#skin", "uv": [ 43.5, 55.5, 44.5, 58.0 ] },
																		"west": { "texture": "#skin", "uv": [ 43.0, 55.5, 43.5, 58.0 ] },
																		"up": { "texture": "#skin", "uv": [ 43.5, 55.0, 44.5, 55.5 ] },
																		"down": { "texture": "#skin", "uv": [ 43.5, 58.0, 44.5, 58.5 ], "rotation": 180 }
																	},
																	"children": [
																		{
																			"name": "R antler point 2B",
																			"from": [ -0.4, 2.5, 0.0 ],
																			"to": [ 1.0, 4.5, 0.6 ],
																			"unwrapMode": 3,
																			"uv": [ 43.0, 52.5 ],
																			"rotationOrigin": [ 1.0, 2.5, 0.0 ],
																			"rotationX": 10.0,
																			"rotationZ": 5.0,
																			"faces": {
																				"north": { "texture": "#skin", "uv": [ 45.0, 53.0, 46.0, 55.0 ] },
																				"east": { "texture": "#skin", "uv": [ 44.5, 53.0, 45.0, 55.0 ] },
																				"south": { "texture": "#skin", "uv": [ 43.5, 53.0, 44.5, 55.0 ] },
																				"west": { "texture": "#skin", "uv": [ 43.0, 53.0, 43.5, 55.0 ] },
																				"up": { "texture": "#skin", "uv": [ 43.5, 52.5, 44.5, 53.0 ] },
																				"down": { "texture": "#skin", "uv": [ 43.5, 55.0, 44.5, 55.5 ], "rotation": 180 }
																			},
																			"children": [
																				{
																					"name": "R antler point 2C",
																					"from": [ 0.0, 1.9, 0.0 ],
																					"to": [ 1.4, 4.4, 0.6 ],
																					"unwrapMode": 3,
																					"uv": [ 43.0, 47.5 ],
																					"rotationOrigin": [ 1.4, 1.9, 0.0 ],
																					"rotationX": 10.0,
																					"rotationY": 5.0,
																					"rotationZ": 5.0,
																					"faces": {
																						"north": { "texture": "#skin", "uv": [ 45.0, 48.0, 46.0, 50.5 ] },
																						"east": { "texture": "#skin", "uv": [ 44.5, 48.0, 45.0, 50.5 ] },
																						"south": { "texture": "#skin", "uv": [ 43.5, 48.0, 44.5, 50.5 ] },
																						"west": { "texture": "#skin", "uv": [ 43.0, 48.0, 43.5, 50.5 ] },
																						"up": { "texture": "#skin", "uv": [ 43.5, 47.5, 44.5, 48.0 ] },
																						"down": { "texture": "#skin", "uv": [ 43.5, 50.5, 44.5, 51.0 ], "rotation": 180 }
																					},
																					"children": [
																						{
																							"name": "R antler point 2D",
																							"from": [ 0.1, 2.4, 0.05 ],
																							"to": [ 0.5, 4.9, 0.45 ],
																							"unwrapMode": 3,
																							"uv": [ 44.0, 44.5 ],
																							"rotationOrigin": [ 0.1, 2.4, 0.0 ],
																							"rotationX": 30.0,
																							"rotationZ": 5.0,
																							"faces": {
																								"north": { "texture": "#skin", "uv": [ 45.5, 45.0, 46.0, 47.5 ] },
																								"east": { "texture": "#skin", "uv": [ 45.0, 45.0, 45.5, 47.5 ] },
																								"south": { "texture": "#skin", "uv": [ 44.5, 45.0, 45.0, 47.5 ] },
																								"west": { "texture": "#skin", "uv": [ 44.0, 45.0, 44.5, 47.5 ] },
																								"up": { "texture": "#skin", "uv": [ 44.5, 44.5, 45.0, 45.0 ] },
																								"down": { "texture": "#skin", "uv": [ 44.5, 47.5, 45.0, 48.0 ], "rotation": 180 }
																							}
																						},
																						{
																							"name": "R antler point 3",
																							"from": [ 1.0, 2.4, 0.05 ],
																							"to": [ 1.4, 4.9, 0.45 ],
																							"unwrapMode": 3,
																							"uv": [ 44.0, 44.5 ],
																							"rotationOrigin": [ 1.0, 2.4, 0.0 ],
																							"rotationX": 10.0,
																							"rotationZ": -5.0,
																							"faces": {
																								"north": { "texture": "#skin", "uv": [ 45.5, 45.0, 46.0, 47.5 ] },
																								"east": { "texture": "#skin", "uv": [ 45.0, 45.0, 45.5, 47.5 ] },
																								"south": { "texture": "#skin", "uv": [ 44.5, 45.0, 45.0, 47.5 ] },
																								"west": { "texture": "#skin", "uv": [ 44.0, 45.0, 44.5, 47.5 ] },
																								"up": { "texture": "#skin", "uv": [ 44.5, 44.5, 45.0, 45.0 ] },
																								"down": { "texture": "#skin", "uv": [ 44.5, 47.5, 45.0, 48.0 ], "rotation": 180 }
																							}
																						}
																					]
																				}
																			]
																		}
																	]
																}
															]
														},
														{
															"name": "R antler point 1",
															"from": [ 0.1, 1.0, 0.2 ],
															"to": [ 0.8, 2.5, 0.9 ],
															"unwrapMode": 1,
															"uv": [ 44.0, 44.5 ],
															"rotationOrigin": [ 0.6, 1.0036, 0.7 ],
															"rotationX": 89.0,
															"rotationZ": 47.0,
															"faces": {
																"north": { "texture": "#skin", "uv": [ 44.5, 45.0, 45.0, 46.5 ] },
																"east": { "texture": "#skin", "uv": [ 44.0, 45.0, 44.5, 46.5 ] },
																"south": { "texture": "#skin", "uv": [ 45.5, 45.0, 46.0, 46.5 ] },
																"west": { "texture": "#skin", "uv": [ 45.0, 45.0, 45.5, 46.5 ] },
																"up": { "texture": "#skin", "uv": [ 44.5, 44.5, 45.0, 45.0 ], "rotation": 180 }
															},
															"children": [
																{
																	"name": "R antler point 1B",
																	"from": [ 0.1, 1.3, 0.1 ],
																	"to": [ 0.6, 3.8, 0.6 ],
																	"unwrapMode": 2,
																	"uv": [ 44.0, 46.0 ],
																	"rotationOrigin": [ 0.6, 1.3, 0.3 ],
																	"rotationZ": -10.0,
																	"faces": {
																		"north": { "texture": "#skin", "uv": [ 45.0, 46.5, 45.5, 49.0 ] },
																		"east": { "texture": "#skin", "uv": [ 44.5, 46.5, 45.0, 49.0 ] },
																		"south": { "texture": "#skin", "uv": [ 44.0, 46.5, 44.5, 49.0 ] },
																		"west": { "texture": "#skin", "uv": [ 45.5, 46.5, 46.0, 49.0 ] },
																		"up": { "texture": "#skin", "uv": [ 44.5, 46.0, 45.0, 46.5 ], "rotation": 270 },
																		"down": { "texture": "#skin", "uv": [ 44.5, 49.0, 45.0, 49.5 ], "rotation": 270 }
																	},
																	"children": [
																		{
																			"name": "R antler point 1C",
																			"from": [ 0.05, 2.3, 0.05 ],
																			"to": [ 0.45, 3.8, 0.45 ],
																			"unwrapMode": 2,
																			"uv": [ 44.0, 44.5 ],
																			"rotationOrigin": [ 0.45, 2.3, 0.45 ],
																			"rotationX": -15.0,
																			"rotationZ": -25.0,
																			"faces": {
																				"north": { "texture": "#skin", "uv": [ 45.0, 45.0, 45.5, 46.5 ] },
																				"east": { "texture": "#skin", "uv": [ 44.5, 45.0, 45.0, 46.5 ] },
																				"south": { "texture": "#skin", "uv": [ 44.0, 45.0, 44.5, 46.5 ] },
																				"west": { "texture": "#skin", "uv": [ 45.5, 45.0, 46.0, 46.5 ] },
																				"up": { "texture": "#skin", "uv": [ 44.5, 44.5, 45.0, 45.0 ], "rotation": 270 }
																			}
																		}
																	]
																}
															]
														}
													]
												}
											]
										},
										{
											"name": "L antler base",
											"from": [ 0.5, 0.7, 0.1 ],
											"to": [ 1.6, 2.0, 1.2 ],
											"unwrapMode": 4,
											"uv": [ 39.0, 73.0 ],
											"rotationOrigin": [ 0.5, 0.7, 0.1 ],
											"rotationX": 40.0,
											"rotationZ": -15.0,
											"faces": {
												"north": { "texture": "#skin", "uv": [ 39.0, 74.0, 40.0, 75.0 ] },
												"east": { "texture": "#skin", "uv": [ 42.0, 74.0, 43.0, 75.0 ] },
												"south": { "texture": "#skin", "uv": [ 41.0, 74.0, 42.0, 75.0 ] },
												"west": { "texture": "#skin", "uv": [ 40.0, 74.0, 41.0, 75.0 ], "windMode": [-1,-1,-1,-1], "windData": [0,0,1,1] },
												"up": { "texture": "#skin", "uv": [ 40.0, 73.0, 41.0, 74.0 ], "rotation": 90 },
												"down": { "texture": "#skin", "uv": [ 40.0, 75.0, 41.0, 76.0 ], "rotation": 90 }
											},
											"children": [
												{
													"name": "L antler base 2",
													"from": [ -0.1, 1.2, 0.2 ],
													"to": [ 0.9, 3.7, 1.0 ],
													"unwrapMode": 4,
													"uv": [ 41.0, 66.5 ],
													"rotationOrigin": [ -0.1, 1.2, 0.2 ],
													"rotationX": 21.0,
													"rotationY": 15.0,
													"rotationZ": -15.0,
													"faces": {
														"north": { "texture": "#skin", "uv": [ 41.0, 67.5, 42.0, 70.0 ] },
														"east": { "texture": "#skin", "uv": [ 43.5, 67.5, 44.0, 70.0 ] },
														"south": { "texture": "#skin", "uv": [ 42.5, 67.5, 43.5, 70.0 ] },
														"west": { "texture": "#skin", "uv": [ 42.0, 67.5, 42.5, 70.0 ] },
														"up": { "texture": "#skin", "uv": [ 42.0, 66.5, 42.5, 67.5 ], "rotation": 90 },
														"down": { "texture": "#skin", "uv": [ 42.0, 70.0, 42.5, 71.0 ], "rotation": 90 }
													},
													"children": [
														{
															"name": "L antler base 3",
															"from": [ -0.2, 2.3, 0.3 ],
															"to": [ 0.9, 4.3, 1.0 ],
															"unwrapMode": 1,
															"uv": [ 41.0, 61.0 ],
															"rotationOrigin": [ 0.9, 2.3, 1.0 ],
															"rotationX": -15.0,
															"rotationY": -20.0,
															"rotationZ": -15.0,
															"faces": {
																"north": { "texture": "#skin", "uv": [ 41.5, 61.5, 42.5, 63.5 ] },
																"east": { "texture": "#skin", "uv": [ 41.0, 61.5, 41.5, 63.5 ] },
																"south": { "texture": "#skin", "uv": [ 43.0, 61.5, 44.0, 63.5 ] },
																"west": { "texture": "#skin", "uv": [ 42.5, 61.5, 43.0, 63.5 ] },
																"up": { "texture": "#skin", "uv": [ 41.5, 61.0, 42.5, 61.5 ], "rotation": 180 },
																"down": { "texture": "#skin", "uv": [ 41.5, 63.5, 42.5, 64.0 ] }
															},
															"children": [
																{
																	"name": "L antler base 4",
																	"from": [ 0.0, 1.9, 0.0 ],
																	"to": [ 1.0, 4.4, 0.7 ],
																	"unwrapMode": 1,
																	"uv": [ 41.0, 55.0 ],
																	"rotationOrigin": [ 0.0, 1.9, 0.0 ],
																	"rotationX": -12.0,
																	"rotationY": -10.0,
																	"rotationZ": -5.0,
																	"faces": {
																		"north": { "texture": "#skin", "uv": [ 41.5, 55.5, 42.5, 58.0 ] },
																		"east": { "texture": "#skin", "uv": [ 41.0, 55.5, 41.5, 58.0 ] },
																		"south": { "texture": "#skin", "uv": [ 43.0, 55.5, 44.0, 58.0 ] },
																		"west": { "texture": "#skin", "uv": [ 42.5, 55.5, 43.0, 58.0 ] },
																		"up": { "texture": "#skin", "uv": [ 41.5, 55.0, 42.5, 55.5 ], "rotation": 180 },
																		"down": { "texture": "#skin", "uv": [ 41.5, 58.0, 42.5, 58.5 ] }
																	},
																	"children": [
																		{
																			"name": "L antler base 5",
																			"from": [ 0.0, 2.5, 0.0 ],
																			"to": [ 1.0, 4.5, 0.6 ],
																			"unwrapMode": 1,
																			"uv": [ 41.0, 50.0 ],
																			"rotationOrigin": [ 0.0, 2.5, 0.6 ],
																			"rotationX": -15.0,
																			"rotationZ": -5.0,
																			"faces": {
																				"north": { "texture": "#skin", "uv": [ 41.5, 50.5, 42.5, 52.5 ] },
																				"east": { "texture": "#skin", "uv": [ 41.0, 50.5, 41.5, 52.5 ] },
																				"south": { "texture": "#skin", "uv": [ 43.0, 50.5, 44.0, 52.5 ] },
																				"west": { "texture": "#skin", "uv": [ 42.5, 50.5, 43.0, 52.5 ] },
																				"up": { "texture": "#skin", "uv": [ 41.5, 50.0, 42.5, 50.5 ], "rotation": 180 },
																				"down": { "texture": "#skin", "uv": [ 41.5, 52.5, 42.5, 53.0 ] }
																			},
																			"children": [
																				{
																					"name": "L antler base 6",
																					"from": [ 0.0, 1.9, 0.0 ],
																					"to": [ 0.6, 4.4, 0.6 ],
																					"unwrapMode": 1,
																					"uv": [ 41.0, 47.5 ],
																					"rotationOrigin": [ 0.0, 1.9, 0.6 ],
																					"rotationX": -15.0,
																					"rotationZ": -5.0,
																					"faces": {
																						"north": { "texture": "#skin", "uv": [ 41.5, 48.0, 42.0, 50.5 ] },
																						"east": { "texture": "#skin", "uv": [ 41.0, 48.0, 41.5, 50.5 ] },
																						"south": { "texture": "#skin", "uv": [ 42.5, 48.0, 43.0, 50.5 ] },
																						"west": { "texture": "#skin", "uv": [ 42.0, 48.0, 42.5, 50.5 ] },
																						"up": { "texture": "#skin", "uv": [ 41.5, 47.5, 42.0, 48.0 ], "rotation": 180 },
																						"down": { "texture": "#skin", "uv": [ 41.5, 50.5, 42.0, 51.0 ] }
																					},
																					"children": [
																						{
																							"name": "L antler base 7",
																							"from": [ 0.1, 2.4, 0.1 ],
																							"to": [ 0.5, 4.9, 0.5 ],
																							"unwrapMode": 1,
																							"uv": [ 41.0, 44.5 ],
																							"rotationOrigin": [ 0.1, 2.4, 0.5 ],
																							"rotationX": -25.0,
																							"rotationZ": -5.0,
																							"faces": {
																								"north": { "texture": "#skin", "uv": [ 41.5, 45.0, 42.0, 47.5 ] },
																								"east": { "texture": "#skin", "uv": [ 41.0, 45.0, 41.5, 47.5 ] },
																								"south": { "texture": "#skin", "uv": [ 42.5, 45.0, 43.0, 47.5 ] },
																								"west": { "texture": "#skin", "uv": [ 42.0, 45.0, 42.5, 47.5 ] },
																								"up": { "texture": "#skin", "uv": [ 41.5, 44.5, 42.0, 45.0 ], "rotation": 180 },
																								"down": { "texture": "#skin", "uv": [ 41.5, 47.5, 42.0, 48.0 ] }
																							}
																						}
																					]
																				}
																			]
																		}
																	]
																},
																{
																	"name": "L antler point 2",
																	"from": [ 0.0, 1.9, 0.2 ],
																	"to": [ 1.0, 4.4, 0.8 ],
																	"unwrapMode": 1,
																	"uv": [ 41.0, 55.0 ],
																	"rotationOrigin": [ 1.0, 1.9, 0.8 ],
																	"rotationX": -8.0,
																	"rotationY": -15.0,
																	"rotationZ": -20.0,
																	"faces": {
																		"north": { "texture": "#skin", "uv": [ 41.5, 55.5, 42.5, 58.0 ] },
																		"east": { "texture": "#skin", "uv": [ 41.0, 55.5, 41.5, 58.0 ] },
																		"south": { "texture": "#skin", "uv": [ 43.0, 55.5, 44.0, 58.0 ] },
																		"west": { "texture": "#skin", "uv": [ 42.5, 55.5, 43.0, 58.0 ] },
																		"up": { "texture": "#skin", "uv": [ 41.5, 55.0, 42.5, 55.5 ], "rotation": 180 },
																		"down": { "texture": "#skin", "uv": [ 41.5, 58.0, 42.5, 58.5 ] }
																	},
																	"children": [
																		{
																			"name": "L antler point 2B",
																			"from": [ -0.4, 2.5, 0.0 ],
																			"to": [ 1.0, 4.5, 0.6 ],
																			"unwrapMode": 1,
																			"uv": [ 41.0, 52.5 ],
																			"rotationOrigin": [ 1.0, 2.5, 0.6 ],
																			"rotationX": -10.0,
																			"rotationZ": 5.0,
																			"faces": {
																				"north": { "texture": "#skin", "uv": [ 41.5, 53.0, 42.5, 55.0 ] },
																				"east": { "texture": "#skin", "uv": [ 41.0, 53.0, 41.5, 55.0 ] },
																				"south": { "texture": "#skin", "uv": [ 43.0, 53.0, 44.0, 55.0 ] },
																				"west": { "texture": "#skin", "uv": [ 42.5, 53.0, 43.0, 55.0 ] },
																				"up": { "texture": "#skin", "uv": [ 41.5, 52.5, 42.5, 53.0 ], "rotation": 180 },
																				"down": { "texture": "#skin", "uv": [ 41.5, 55.0, 42.5, 55.5 ] }
																			},
																			"children": [
																				{
																					"name": "L antler point 2C",
																					"from": [ 0.0, 1.9, 0.0 ],
																					"to": [ 1.4, 4.4, 0.6 ],
																					"unwrapMode": 1,
																					"uv": [ 41.0, 47.5 ],
																					"rotationOrigin": [ 1.4, 1.9, 0.6 ],
																					"rotationX": -10.0,
																					"rotationY": -5.0,
																					"rotationZ": 5.0,
																					"faces": {
																						"north": { "texture": "#skin", "uv": [ 41.5, 48.0, 42.5, 50.5 ] },
																						"east": { "texture": "#skin", "uv": [ 41.0, 48.0, 41.5, 50.5 ] },
																						"south": { "texture": "#skin", "uv": [ 43.0, 48.0, 44.0, 50.5 ] },
																						"west": { "texture": "#skin", "uv": [ 42.5, 48.0, 43.0, 50.5 ] },
																						"up": { "texture": "#skin", "uv": [ 41.5, 47.5, 42.5, 48.0 ], "rotation": 180 },
																						"down": { "texture": "#skin", "uv": [ 41.5, 50.5, 42.5, 51.0 ] }
																					},
																					"children": [
																						{
																							"name": "L antler point 2D",
																							"from": [ 0.1, 2.4, 0.1 ],
																							"to": [ 0.5, 4.9, 0.5 ],
																							"unwrapMode": 1,
																							"uv": [ 41.0, 44.5 ],
																							"rotationOrigin": [ 0.1, 2.4, 0.5 ],
																							"rotationX": -30.0,
																							"rotationZ": 5.0,
																							"faces": {
																								"north": { "texture": "#skin", "uv": [ 41.5, 45.0, 42.0, 47.5 ] },
																								"east": { "texture": "#skin", "uv": [ 41.0, 45.0, 41.5, 47.5 ] },
																								"south": { "texture": "#skin", "uv": [ 42.5, 45.0, 43.0, 47.5 ] },
																								"west": { "texture": "#skin", "uv": [ 42.0, 45.0, 42.5, 47.5 ] },
																								"up": { "texture": "#skin", "uv": [ 41.5, 44.5, 42.0, 45.0 ], "rotation": 180 },
																								"down": { "texture": "#skin", "uv": [ 41.5, 47.5, 42.0, 48.0 ] }
																							}
																						},
																						{
																							"name": "L antler point 3",
																							"from": [ 1.0, 2.4, 0.1 ],
																							"to": [ 1.4, 4.9, 0.5 ],
																							"unwrapMode": 1,
																							"uv": [ 41.0, 44.5 ],
																							"rotationOrigin": [ 1.0, 2.4, 0.5 ],
																							"rotationX": -10.0,
																							"rotationZ": -5.0,
																							"faces": {
																								"north": { "texture": "#skin", "uv": [ 41.5, 45.0, 42.0, 47.5 ] },
																								"east": { "texture": "#skin", "uv": [ 41.0, 45.0, 41.5, 47.5 ] },
																								"south": { "texture": "#skin", "uv": [ 42.5, 45.0, 43.0, 47.5 ] },
																								"west": { "texture": "#skin", "uv": [ 42.0, 45.0, 42.5, 47.5 ] },
																								"up": { "texture": "#skin", "uv": [ 41.5, 44.5, 42.0, 45.0 ], "rotation": 180 },
																								"down": { "texture": "#skin", "uv": [ 41.5, 47.5, 42.0, 48.0 ] }
																							}
																						}
																					]
																				}
																			]
																		}
																	]
																}
															]
														},
														{
															"name": "L antler point 1",
															"from": [ 0.0, 1.0, 0.2 ],
															"to": [ 0.7, 2.5, 0.9 ],
															"unwrapMode": 3,
															"uv": [ 41.0, 44.5 ],
															"rotationOrigin": [ 0.5, 1.0, 0.2 ],
															"rotationX": -89.0,
															"rotationZ": 47.0,
															"faces": {
																"north": { "texture": "#skin", "uv": [ 42.5, 45.0, 43.0, 46.5 ] },
																"east": { "texture": "#skin", "uv": [ 42.0, 45.0, 42.5, 46.5 ] },
																"south": { "texture": "#skin", "uv": [ 41.5, 45.0, 42.0, 46.5 ] },
																"west": { "texture": "#skin", "uv": [ 41.0, 45.0, 41.5, 46.5 ] },
																"up": { "texture": "#skin", "uv": [ 41.5, 44.5, 42.0, 45.0 ] }
															},
															"children": [
																{
																	"name": "L antler point 1B",
																	"from": [ 0.1, 1.3, 0.1 ],
																	"to": [ 0.6, 3.8, 0.6 ],
																	"unwrapMode": 2,
																	"uv": [ 41.0, 46.0 ],
																	"rotationOrigin": [ 0.6, 1.3, 0.1 ],
																	"rotationZ": -10.0,
																	"faces": {
																		"north": { "texture": "#skin", "uv": [ 42.0, 46.5, 42.5, 49.0 ] },
																		"east": { "texture": "#skin", "uv": [ 41.5, 46.5, 42.0, 49.0 ] },
																		"south": { "texture": "#skin", "uv": [ 41.0, 46.5, 41.5, 49.0 ] },
																		"west": { "texture": "#skin", "uv": [ 42.5, 46.5, 43.0, 49.0 ] },
																		"up": { "texture": "#skin", "uv": [ 41.5, 46.0, 42.0, 46.5 ], "rotation": 270 }
																	},
																	"children": [
																		{
																			"name": "L antler point 1C",
																			"from": [ 0.05, 2.3, 0.05 ],
																			"to": [ 0.45, 3.8, 0.45 ],
																			"unwrapMode": 2,
																			"uv": [ 41.0, 44.5 ],
																			"rotationOrigin": [ 0.45, 2.3, 0.05 ],
																			"rotationX": 15.0,
																			"rotationZ": -25.0,
																			"faces": {
																				"north": { "texture": "#skin", "uv": [ 42.0, 45.0, 42.5, 46.5 ] },
																				"east": { "texture": "#skin", "uv": [ 41.5, 45.0, 42.0, 46.5 ] },
																				"south": { "texture": "#skin", "uv": [ 41.0, 45.0, 41.5, 46.5 ] },
																				"west": { "texture": "#skin", "uv": [ 42.5, 45.0, 43.0, 46.5 ] },
																				"up": { "texture": "#skin", "uv": [ 41.5, 44.5, 42.0, 45.0 ], "rotation": 270 }
																			}
																		}
																	]
																}
															]
														}
													]
												}
											]
										}
									]
								}
							]
						}
					]
				}
			]
		}
	]}