{
	"editor": {
		"allAngles": true,
		"entityTextureMode": true
	},
	"textureWidth": 60,
	"textureHeight": 76,
	"textureSizes": {
		"skin": [60,76]
	},
	"textures": {
	},
	"elements": [
		{
			"name": "Origin",
			"from": [ 8.0, 0.0, 8.0 ],
			"to": [ 8.0, 0.0, 8.0 ],
			"uv": [ 0.0, 0.0 ],
			"rotationOrigin": [ 8.0, 0.0, 8.0 ],
			"faces": {
			},
			"children": [
				{
					"name": "Rear",
					"from": [ 2.3, 10.7, -2.8 ],
					"to": [ 8.3, 19.2, 2.8 ],
					"unwrapMode": 7,
					"unwrapRotation": 1,
					"autoUnwrap": false,
					"uv": [ 1.0, 41.5 ],
					"rotationOrigin": [ 2.2992, 14.6, 0.0 ],
					"rotationZ": -9.0,
					"faces": {
						"north": { "texture": "#skin", "uv": [ 15.0, 50.0, 23.5, 56.0 ], "rotation": 90 },
						"east": { "texture": "#skin", "uv": [ 9.5, 56.0, 15.0, 64.5 ] },
						"south": { "texture": "#skin", "uv": [ 1.0, 50.0, 9.5, 56.0 ], "rotation": 270 },
						"west": { "texture": "#skin", "uv": [ 23.5, 66.5, 29.0, 75.0 ] },
						"up": { "texture": "#skin", "uv": [ 9.5, 50.0, 15.0, 56.0 ], "rotation": 270 },
						"down": { "texture": "#skin", "uv": [ 24.0, 50.0, 29.5, 56.0 ], "rotation": 90 }
					},
					"children": [
						{
							"name": "L Haunch",
							"from": [ 1.5, 0.5, 4.6 ],
							"to": [ 6.5, 7.5, 6.6 ],
							"unwrapMode": 3,
							"uv": [ 31.5, 34.0 ],
							"rotationOrigin": [ 3.7, 5.5, 5.7 ],
							"rotationX": 3.0,
							"rotationZ": 4.0,
							"faces": {
								"north": { "texture": "#skin", "uv": [ 40.5, 36.0, 45.5, 43.0 ] },
								"east": { "texture": "#skin", "uv": [ 38.5, 36.0, 40.5, 43.0 ] },
								"south": { "texture": "#skin", "uv": [ 33.5, 36.0, 38.5, 43.0 ] },
								"west": { "texture": "#skin", "uv": [ 31.5, 36.0, 33.5, 43.0 ] },
								"up": { "texture": "#skin", "uv": [ 33.5, 34.0, 38.5, 36.0 ], "windMode": [-1,-1,-1,-1], "windData": [0,0,1,1] },
								"down": { "texture": "#skin", "uv": [ 33.5, 43.0, 38.5, 45.0 ], "rotation": 180 }
							},
							"children": [
								{
									"name": "L LegUp",
									"from": [ 0.0, -6.5, 0.1 ],
									"to": [ 2.3, 0.0, 1.9 ],
									"unwrapMode": 2,
									"uv": [ 33.0, 46.0 ],
									"rotationOrigin": [ 0.0, 0.0, 1.0 ],
									"rotationX": 1.0,
									"rotationZ": 50.0,
									"faces": {
										"north": { "texture": "#skin", "uv": [ 36.5, 48.0, 38.5, 54.5 ] },
										"east": { "texture": "#skin", "uv": [ 35.0, 48.0, 36.5, 54.5 ] },
										"south": { "texture": "#skin", "uv": [ 33.0, 48.0, 35.0, 54.5 ] },
										"west": { "texture": "#skin", "uv": [ 38.5, 48.0, 40.0, 54.5 ] },
										"up": { "texture": "#skin", "uv": [ 35.0, 46.0, 36.5, 48.0 ], "rotation": 270 },
										"down": { "texture": "#skin", "uv": [ 35.0, 54.5, 36.5, 56.5 ], "rotation": 270 }
									},
									"children": [
										{
											"name": "L LegLow",
											"from": [ 0.8, -6.1, 0.15 ],
											"to": [ 2.3, 0.4, 1.65 ],
											"unwrapMode": 2,
											"uv": [ 33.5, 57.5 ],
											"rotationOrigin": [ 1.8, 0.2, 0.9 ],
											"rotationX": -4.0,
											"rotationZ": -47.0,
											"faces": {
												"north": { "texture": "#skin", "uv": [ 36.5, 59.0, 38.0, 65.5 ] },
												"east": { "texture": "#skin", "uv": [ 35.0, 59.0, 36.5, 65.5 ] },
												"south": { "texture": "#skin", "uv": [ 33.5, 59.0, 35.0, 65.5 ] },
												"west": { "texture": "#skin", "uv": [ 38.0, 59.0, 39.5, 65.5 ] },
												"up": { "texture": "#skin", "uv": [ 35.0, 57.5, 36.5, 59.0 ], "rotation": 270 },
												"down": { "texture": "#skin", "uv": [ 35.0, 65.5, 36.5, 67.0 ], "rotation": 270, "windMode": [-1,-1,-1,-1] }
											},
											"children": [
												{
													"name": "L Hind Pastern",
													"from": [ 0.1, -1.3, 0.2 ],
													"to": [ 1.1, 0.7, 1.3 ],
													"unwrapMode": 2,
													"uv": [ 34.0, 69.5 ],
													"rotationOrigin": [ 0.6, 0.5, 0.8 ],
													"rotationZ": -17.0,
													"faces": {
														"north": { "texture": "#skin", "uv": [ 36.0, 70.5, 37.0, 72.5 ] },
														"east": { "texture": "#skin", "uv": [ 35.0, 70.5, 36.0, 72.5 ] },
														"south": { "texture": "#skin", "uv": [ 34.0, 70.5, 35.0, 72.5 ] },
														"west": { "texture": "#skin", "uv": [ 37.0, 70.5, 38.0, 72.5 ] },
														"up": { "texture": "#skin", "uv": [ 35.0, 69.5, 36.0, 70.5 ], "rotation": 270 },
														"down": { "texture": "#skin", "uv": [ 35.0, 72.5, 36.0, 73.5 ], "rotation": 270 }
													},
													"children": [
														{
															"name": "L Hind Hoof",
															"from": [ 0.5, 0.9, 0.7 ],
															"to": [ 0.5, 0.9, 0.7 ],
															"uv": [ 0.0, 0.0 ],
															"rotationOrigin": [ 0.5, 0.9, 0.7 ],
															"rotationZ": -6.0,
															"faces": {
															},
															"children": [
																{
																	"name": "L Hind Hoof1",
																	"from": [ -1.9, -0.4, -0.65 ],
																	"to": [ -0.3, 0.1, 0.35 ],
																	"unwrapMode": 5,
																	"uv": [ 54.5, 64.0 ],
																	"rotationOrigin": [ -0.3, 0.1, 0.5 ],
																	"rotationZ": 60.0,
																	"faces": {
																		"north": { "texture": "#skin", "uv": [ 55.0, 64.0, 56.5, 64.5 ], "rotation": 180 },
																		"east": { "texture": "#skin", "uv": [ 56.5, 64.5, 57.0, 65.5 ], "rotation": 90 },
																		"south": { "texture": "#skin", "uv": [ 55.0, 65.5, 56.5, 66.0 ] },
																		"west": { "texture": "#skin", "uv": [ 54.5, 64.5, 55.0, 65.5 ], "rotation": 270 },
																		"up": { "texture": "#skin", "uv": [ 55.0, 64.5, 56.5, 65.5 ] },
																		"down": { "texture": "#skin", "uv": [ 57.0, 64.5, 58.5, 65.5 ] }
																	}
																},
																{
																	"name": "L Hind Hoof2",
																	"from": [ -1.0, -1.0, -0.66 ],
																	"to": [ 0.4, -0.4, 0.34 ],
																	"unwrapMode": 5,
																	"uv": [ 57.0, 65.5 ],
																	"rotationOrigin": [ 0.2, -0.4, 0.3 ],
																	"rotationZ": 27.0,
																	"faces": {
																		"north": { "texture": "#skin", "uv": [ 57.5, 65.5, 58.5, 66.0 ], "rotation": 180 },
																		"east": { "texture": "#skin", "uv": [ 58.5, 66.0, 59.0, 67.0 ], "rotation": 90 },
																		"south": { "texture": "#skin", "uv": [ 57.5, 67.0, 58.5, 67.5 ] },
																		"west": { "texture": "#skin", "uv": [ 57.0, 66.0, 57.5, 67.0 ], "rotation": 270 },
																		"up": { "texture": "#skin", "uv": [ 57.5, 66.0, 58.5, 67.0 ] },
																		"down": { "texture": "#skin", "uv": [ 59.0, 66.0, 60.0, 67.0 ] }
																	}
																}
															]
														}
													]
												}
											]
										}
									]
								}
							]
						},
						{
							"name": "Tail",
							"from": [ 5.0, 5.4, 2.25 ],
							"to": [ 6.0, 8.3, 3.35 ],
							"unwrapMode": 2,
							"uv": [ 16.5, 59.0 ],
							"rotationOrigin": [ 5.7, 8.2, 2.75 ],
							"rotationZ": 28.0,
							"faces": {
								"north": { "texture": "#skin", "uv": [ 18.5, 60.0, 19.5, 62.5 ], "windMode": [-1,-1,-1,-1], "windData": [0,1,1,0] },
								"east": { "texture": "#skin", "uv": [ 17.5, 60.0, 18.5, 62.5 ], "windMode": [-1,-1,-1,-1], "windData": [0,1,1,0] },
								"south": { "texture": "#skin", "uv": [ 16.5, 60.0, 17.5, 62.5 ] },
								"west": { "texture": "#skin", "uv": [ 19.5, 60.0, 20.5, 62.5 ], "windMode": [-1,-1,-1,-1], "windData": [0,0,1,1] },
								"up": { "texture": "#skin", "uv": [ 17.5, 59.0, 18.5, 60.0 ], "rotation": 270, "windMode": [-1,-1,-1,-1], "windData": [1,1,1,1] }
							},
							"children": [
								{
									"name": "Tail2",
									"from": [ 0.0, -2.8, -0.1 ],
									"to": [ 1.0, 0.2, 1.2 ],
									"unwrapMode": 2,
									"uv": [ 22.5, 57.5 ],
									"rotationOrigin": [ 0.5, 0.2, 0.5 ],
									"rotationZ": -22.0,
									"faces": {
										"north": { "texture": "#skin", "uv": [ 24.5, 58.5, 25.5, 61.5 ] },
										"east": { "texture": "#skin", "uv": [ 23.5, 58.5, 24.5, 61.5 ] },
										"south": { "texture": "#skin", "uv": [ 22.5, 58.5, 23.5, 61.5 ] },
										"west": { "texture": "#skin", "uv": [ 25.5, 58.5, 26.5, 61.5 ] },
										"up": { "texture": "#skin", "uv": [ 23.5, 57.5, 24.5, 58.5 ], "rotation": 270, "windMode": [-1,-1,-1,-1], "windData": [1,1,1,1] },
										"down": { "texture": "#skin", "uv": [ 23.5, 61.5, 24.5, 62.5 ], "rotation": 270 }
									}
								}
							]
						},
						{
							"name": "R Haunch",
							"from": [ 1.5, 0.5, -1.0 ],
							"to": [ 6.5, 7.5, 1.0 ],
							"unwrapMode": 1,
							"uv": [ 46.0, 34.0 ],
							"rotationOrigin": [ 3.7, 5.5, 0.0 ],
							"rotationX": -3.0,
							"rotationZ": 4.0,
							"faces": {
								"north": { "texture": "#skin", "uv": [ 48.0, 36.0, 53.0, 43.0 ] },
								"east": { "texture": "#skin", "uv": [ 46.0, 36.0, 48.0, 43.0 ] },
								"south": { "texture": "#skin", "uv": [ 55.0, 36.0, 60.0, 43.0 ] },
								"west": { "texture": "#skin", "uv": [ 53.0, 36.0, 55.0, 43.0 ] },
								"up": { "texture": "#skin", "uv": [ 48.0, 34.0, 53.0, 36.0 ], "rotation": 180 },
								"down": { "texture": "#skin", "uv": [ 48.0, 43.0, 53.0, 45.0 ] }
							},
							"children": [
								{
									"name": "R LegUp",
									"from": [ 0.0, -6.5, 0.1 ],
									"to": [ 2.3, 0.0, 1.9 ],
									"unwrapMode": 2,
									"uv": [ 47.0, 46.0 ],
									"rotationOrigin": [ 0.0, 0.0, 1.0 ],
									"rotationX": -1.0,
									"rotationZ": 50.0,
									"faces": {
										"north": { "texture": "#skin", "uv": [ 50.5, 48.0, 52.5, 54.5 ] },
										"east": { "texture": "#skin", "uv": [ 49.0, 48.0, 50.5, 54.5 ] },
										"south": { "texture": "#skin", "uv": [ 47.0, 48.0, 49.0, 54.5 ] },
										"west": { "texture": "#skin", "uv": [ 52.5, 48.0, 54.0, 54.5 ] },
										"up": { "texture": "#skin", "uv": [ 49.0, 46.0, 50.5, 48.0 ], "rotation": 270 },
										"down": { "texture": "#skin", "uv": [ 49.0, 54.5, 50.5, 56.5 ], "rotation": 270 }
									},
									"children": [
										{
											"name": "R LegLow",
											"from": [ 0.8, -6.1, 0.15 ],
											"to": [ 2.3, 0.4, 1.65 ],
											"unwrapMode": 2,
											"uv": [ 47.5, 57.5 ],
											"rotationOrigin": [ 1.8, 0.2, 0.9 ],
											"rotationX": 4.0,
											"rotationZ": -47.0,
											"faces": {
												"north": { "texture": "#skin", "uv": [ 50.5, 59.0, 52.0, 65.5 ] },
												"east": { "texture": "#skin", "uv": [ 49.0, 59.0, 50.5, 65.5 ] },
												"south": { "texture": "#skin", "uv": [ 47.5, 59.0, 49.0, 65.5 ] },
												"west": { "texture": "#skin", "uv": [ 52.0, 59.0, 53.5, 65.5 ] },
												"up": { "texture": "#skin", "uv": [ 49.0, 57.5, 50.5, 59.0 ], "rotation": 270 },
												"down": { "texture": "#skin", "uv": [ 49.0, 65.5, 50.5, 67.0 ], "rotation": 270 }
											},
											"children": [
												{
													"name": "R Hind Pastern",
													"from": [ 0.1, -1.3, 0.2 ],
													"to": [ 1.1, 0.7, 1.3 ],
													"unwrapMode": 2,
													"uv": [ 48.0, 69.5 ],
													"rotationOrigin": [ 0.6, 0.5, 0.8 ],
													"rotationZ": -17.0,
													"faces": {
														"north": { "texture": "#skin", "uv": [ 50.0, 70.5, 51.0, 72.5 ] },
														"east": { "texture": "#skin", "uv": [ 49.0, 70.5, 50.0, 72.5 ] },
														"south": { "texture": "#skin", "uv": [ 48.0, 70.5, 49.0, 72.5 ] },
														"west": { "texture": "#skin", "uv": [ 51.0, 70.5, 52.0, 72.5 ] },
														"up": { "texture": "#skin", "uv": [ 49.0, 69.5, 50.0, 70.5 ], "rotation": 270 },
														"down": { "texture": "#skin", "uv": [ 49.0, 72.5, 50.0, 73.5 ], "rotation": 270 }
													},
													"children": [
														{
															"name": "R Hind Hoof",
															"from": [ 0.5, 0.9, 0.7 ],
															"to": [ 0.5, 0.9, 0.7 ],
															"uv": [ 0.0, 0.0 ],
															"rotationOrigin": [ 0.5, 0.9, 0.7 ],
															"rotationZ": -6.0,
															"faces": {
															},
															"children": [
																{
																	"name": "R Hind Hoof1",
																	"from": [ -1.9, -0.4, -0.65 ],
																	"to": [ -0.3, 0.1, 0.35 ],
																	"unwrapMode": 5,
																	"uv": [ 54.5, 70.5 ],
																	"rotationOrigin": [ -0.3, 0.1, 0.5 ],
																	"rotationZ": 60.0,
																	"faces": {
																		"north": { "texture": "#skin", "uv": [ 55.0, 70.5, 56.5, 71.0 ], "rotation": 180 },
																		"east": { "texture": "#skin", "uv": [ 56.5, 71.0, 57.0, 72.0 ], "rotation": 90 },
																		"south": { "texture": "#skin", "uv": [ 55.0, 72.0, 56.5, 72.5 ] },
																		"west": { "texture": "#skin", "uv": [ 54.5, 71.0, 55.0, 72.0 ], "rotation": 270 },
																		"up": { "texture": "#skin", "uv": [ 55.0, 71.0, 56.5, 72.0 ] },
																		"down": { "texture": "#skin", "uv": [ 57.0, 71.0, 58.5, 72.0 ] }
																	}
																},
																{
																	"name": "R Hind Hoof2",
																	"from": [ -1.0, -1.0, -0.66 ],
																	"to": [ 0.4, -0.4, 0.34 ],
																	"unwrapMode": 5,
																	"uv": [ 57.0, 72.0 ],
																	"rotationOrigin": [ 0.2, -0.4, 0.3 ],
																	"rotationZ": 27.0,
																	"faces": {
																		"north": { "texture": "#skin", "uv": [ 57.5, 72.0, 58.5, 72.5 ], "rotation": 180 },
																		"east": { "texture": "#skin", "uv": [ 58.5, 72.5, 59.0, 73.5 ], "rotation": 90 },
																		"south": { "texture": "#skin", "uv": [ 57.5, 73.5, 58.5, 74.0 ] },
																		"west": { "texture": "#skin", "uv": [ 57.0, 72.5, 57.5, 73.5 ], "rotation": 270 },
																		"up": { "texture": "#skin", "uv": [ 57.5, 72.5, 58.5, 73.5 ] },
																		"down": { "texture": "#skin", "uv": [ 59.0, 72.5, 60.0, 73.5 ] }
																	}
																}
															]
														}
													]
												}
											]
										}
									]
								}
							]
						},
						{
							"name": "Midsection",
							"from": [ -6.1, 0.0, 0.1 ],
							"to": [ 0.9, 8.4, 5.5 ],
							"unwrapMode": 7,
							"unwrapRotation": 1,
							"autoUnwrap": false,
							"uv": [ 1.5, 34.0 ],
							"rotationOrigin": [ 0.2, 5.2, 2.6 ],
							"rotationZ": 9.0,
							"faces": {
								"north": { "texture": "#skin", "uv": [ 14.5, 42.0, 22.5, 49.0 ], "rotation": 90 },
								"east": { "texture": "#skin", "uv": [ 16.5, 67.0, 21.5, 75.0 ], "windMode": [-1,-1,-1,-1], "windData": [0,1,1,0] },
								"south": { "texture": "#skin", "uv": [ 1.5, 42.0, 9.5, 49.0 ], "rotation": 270 },
								"west": { "texture": "#skin", "uv": [ 9.0, 67.0, 14.0, 75.0 ], "windMode": [-1,-1,-1,-1], "windData": [0,0,1,1] },
								"up": { "texture": "#skin", "uv": [ 9.5, 42.0, 14.5, 49.0 ], "rotation": 270 },
								"down": { "texture": "#skin", "uv": [ 22.5, 42.0, 27.5, 49.0 ], "rotation": 90 }
							},
							"children": [
								{
									"name": "Chest",
									"from": [ -5.9, -0.4, -0.3 ],
									"to": [ 1.1, 8.3, 5.7 ],
									"unwrapMode": 7,
									"unwrapRotation": 1,
									"autoUnwrap": false,
									"uv": [ 1.0, 25.5 ],
									"rotationOrigin": [ 1.1, 3.7, 3.1 ],
									"rotationZ": -1.0,
									"faces": {
										"north": { "texture": "#skin", "uv": [ 15.5, 34.0, 24.0, 41.0 ], "rotation": 90 },
										"east": { "texture": "#skin", "uv": [ 1.0, 66.5, 7.0, 75.0 ] },
										"south": { "texture": "#skin", "uv": [ 1.0, 34.0, 9.5, 41.0 ], "rotation": 270 },
										"west": { "texture": "#skin", "uv": [ 9.5, 25.5, 15.5, 34.0 ], "rotation": 180 },
										"up": { "texture": "#skin", "uv": [ 9.5, 34.0, 15.5, 41.0 ], "rotation": 270 },
										"down": { "texture": "#skin", "uv": [ 24.5, 34.0, 30.5, 41.0 ], "rotation": 90 }
									},
									"children": [
										{
											"name": "Neck",
											"from": [ -0.6, 5.7, 1.05 ],
											"to": [ 3.9, 12.7, 4.95 ],
											"unwrapMode": 2,
											"uv": [ 6.0, 12.5 ],
											"rotationOrigin": [ 3.3, 5.7, 3.0 ],
											"rotationZ": 66.0,
											"faces": {
												"north": { "texture": "#skin", "uv": [ 14.0, 17.0, 18.5, 24.0 ], "windMode": [-1,-1,-1,-1], "windData": [0,0,1,0] },
												"east": { "texture": "#skin", "uv": [ 10.5, 17.0, 14.0, 24.0 ], "windMode": [-1,-1,-1,-1], "windData": [1,0,0,1] },
												"south": { "texture": "#skin", "uv": [ 6.0, 17.0, 10.5, 24.0 ] },
												"west": { "texture": "#skin", "uv": [ 18.5, 17.0, 22.0, 24.0 ] },
												"up": { "texture": "#skin", "uv": [ 10.5, 12.5, 14.0, 17.0 ], "rotation": 270 }
											},
											"children": [
												{
													"name": "Neck2",
													"from": [ 0.1, 7.0, 0.3 ],
													"to": [ 4.1, 12.0, 3.6 ],
													"unwrapMode": 4,
													"autoUnwrap": false,
													"uv": [ 6.5, 0.5 ],
													"rotationOrigin": [ 0.1, 7.0, 1.95 ],
													"rotationZ": -42.0,
													"faces": {
														"north": { "texture": "#skin", "uv": [ 13.5, 4.5, 17.5, 9.5 ] },
														"east": { "texture": "#skin", "uv": [ 10.5, 4.5, 13.5, 9.5 ] },
														"south": { "texture": "#skin", "uv": [ 6.5, 4.5, 10.5, 9.5 ] },
														"west": { "texture": "#skin", "uv": [ 17.5, 4.5, 20.5, 9.5 ] },
														"up": { "texture": "#skin", "uv": [ 10.5, 0.5, 13.5, 4.5 ], "rotation": 270 },
														"down": { "texture": "#skin", "uv": [ 10.5, 12.5, 13.5, 16.5 ], "rotation": 90, "windMode": [-1,-1,-1,-1], "windData": [1,1,1,1] }
													},
													"children": [
														{
															"name": "Head",
															"from": [ 0.8, 1.8, -0.1 ],
															"to": [ 4.1, 5.8, 3.4 ],
															"unwrapMode": 4,
															"uv": [ 22.5, 5.0 ],
															"rotationOrigin": [ 3.9, 5.6, 1.65 ],
															"rotationZ": -31.0,
															"faces": {
																"north": { "texture": "#skin", "uv": [ 22.5, 8.0, 25.5, 12.0 ] },
																"east": { "texture": "#skin", "uv": [ 32.0, 8.0, 35.5, 12.0 ] },
																"south": { "texture": "#skin", "uv": [ 29.0, 8.0, 32.0, 12.0 ] },
																"west": { "texture": "#skin", "uv": [ 25.5, 8.0, 29.0, 12.0 ] },
																"up": { "texture": "#skin", "uv": [ 25.5, 5.0, 29.0, 8.0 ], "rotation": 90 },
																"down": { "texture": "#skin", "uv": [ 25.5, 12.0, 29.0, 15.0 ], "rotation": 90 }
															},
															"children": [
																{
																	"name": "MouthUp",
																	"from": [ -3.3, 0.7, 0.75 ],
																	"to": [ 0.3, 1.7, 2.75 ],
																	"unwrapMode": 6,
																	"unwrapRotation": 1,
																	"uv": [ 26.0, 18.0 ],
																	"rotationOrigin": [ 0.0, 1.9, 1.8 ],
																	"rotationZ": 30.0,
																	"faces": {
																		"north": { "texture": "#skin", "uv": [ 26.0, 19.0, 27.0, 22.5 ], "rotation": 90 },
																		"south": { "texture": "#skin", "uv": [ 29.0, 19.0, 30.0, 22.5 ], "rotation": 270 },
																		"west": { "texture": "#skin", "uv": [ 27.0, 18.0, 29.0, 19.0 ] },
																		"up": { "texture": "#skin", "uv": [ 30.0, 19.0, 32.0, 22.5 ], "rotation": 270, "windMode": [-1,-1,-1,-1], "windData": [1,1,1,1] },
																		"down": { "texture": "#skin", "uv": [ 27.0, 19.0, 29.0, 22.5 ], "rotation": 90 }
																	},
																	"children": [
																		{
																			"name": "Nose",
																			"from": [ 0.7, 0.4, 0.1 ],
																			"to": [ 4.7, 1.6, 1.9 ],
																			"unwrapMode": 5,
																			"unwrapRotation": 1,
																			"uv": [ 33.0, 19.0 ],
																			"rotationOrigin": [ 0.7, 0.5, 0.7 ],
																			"rotationZ": 14.0,
																			"faces": {
																				"north": { "texture": "#skin", "uv": [ 33.0, 19.0, 34.0, 23.0 ], "rotation": 270 },
																				"south": { "texture": "#skin", "uv": [ 35.5, 19.0, 36.5, 23.0 ], "rotation": 90 },
																				"west": { "texture": "#skin", "uv": [ 34.0, 23.0, 35.5, 24.0 ], "windMode": [-1,-1,-1,-1], "windData": [1,1,1,1] },
																				"up": { "texture": "#skin", "uv": [ 34.0, 19.0, 35.5, 23.0 ], "rotation": 90 }
																			},
																			"children": [
																				{
																					"name": "Snout",
																					"from": [ -0.8, 0.2, 0.25 ],
																					"to": [ 0.2, 1.2, 1.55 ],
																					"unwrapMode": 4,
																					"uv": [ 33.0, 25.0 ],
																					"rotationOrigin": [ -0.8, 1.2, 0.9 ],
																					"rotationZ": -2.0,
																					"faces": {
																						"north": { "texture": "#skin", "uv": [ 33.0, 26.0, 34.0, 27.0 ], "windMode": [-1,-1,-1,-1], "windData": [1,1,1,1] },
																						"east": { "texture": "#skin", "uv": [ 36.0, 26.0, 37.0, 27.0 ], "windMode": [-1,-1,-1,-1], "windData": [1,1,1,1] },
																						"south": { "texture": "#skin", "uv": [ 35.0, 26.0, 36.0, 27.0 ], "windMode": [-1,-1,-1,-1], "windData": [1,1,1,1] },
																						"west": { "texture": "#skin", "uv": [ 34.0, 26.0, 35.0, 27.0 ], "windMode": [-1,-1,-1,-1], "windData": [1,1,1,1] },
																						"up": { "texture": "#skin", "uv": [ 34.0, 25.0, 35.0, 26.0 ], "rotation": 90, "windMode": [-1,-1,-1,-1], "windData": [1,1,1,1] },
																						"down": { "texture": "#skin", "uv": [ 34.0, 27.0, 35.0, 28.0 ], "rotation": 90, "windMode": [-1,-1,-1,-1], "windData": [1,1,1,1] }
																					}
																				}
																			]
																		},
																		{
																			"name": "Jaw",
																			"from": [ 2.0, -1.2, 0.1 ],
																			"to": [ 3.9, 0.5, 1.9 ],
																			"unwrapMode": 5,
																			"unwrapRotation": 1,
																			"autoUnwrap": false,
																			"uv": [ 25.5, 23.5 ],
																			"rotationOrigin": [ 3.5, 0.0, 1.0 ],
																			"rotationZ": -19.0,
																			"faces": {
																				"north": { "texture": "#skin", "uv": [ 25.5, 23.5, 27.0, 25.0 ], "rotation": 270 },
																				"south": { "texture": "#skin", "uv": [ 28.5, 23.5, 30.0, 25.0 ], "rotation": 90 },
																				"west": { "texture": "#skin", "uv": [ 27.0, 24.5, 28.5, 25.5 ], "autoUv": false },
																				"up": { "texture": "#skin", "uv": [ 27.0, 23.5, 28.5, 25.0 ], "rotation": 90 },
																				"down": { "texture": "#skin", "uv": [ 30.0, 23.5, 31.5, 25.0 ], "rotation": 270 }
																			},
																			"children": [
																				{
																					"name": "Jaw2",
																					"from": [ -1.6, 0.0, 0.05 ],
																					"to": [ 0.0, 0.75, 1.75 ],
																					"unwrapMode": 5,
																					"unwrapRotation": 1,
																					"uv": [ 26.5, 27.5 ],
																					"rotationOrigin": [ 0.0, 0.7, 0.0 ],
																					"rotationZ": 7.0,
																					"faces": {
																						"north": { "texture": "#skin", "uv": [ 26.5, 27.5, 27.0, 29.0 ], "rotation": 270 },
																						"south": { "texture": "#skin", "uv": [ 28.5, 27.5, 29.0, 29.0 ], "rotation": 90 },
																						"west": { "texture": "#skin", "uv": [ 27.0, 29.0, 28.5, 29.5 ] },
																						"up": { "texture": "#skin", "uv": [ 27.0, 27.5, 28.5, 29.0 ], "rotation": 90 },
																						"down": { "texture": "#skin", "uv": [ 29.0, 27.5, 30.5, 29.0 ], "rotation": 270 }
																					}
																				}
																			]
																		}
																	]
																},
																{
																	"name": "L Ear",
																	"from": [ 2.5, 2.8, 3.2 ],
																	"to": [ 3.0, 3.8, 5.2 ],
																	"unwrapMode": 4,
																	"unwrapRotation": 1,
																	"autoUnwrap": false,
																	"uv": [ 31.5, 0.5 ],
																	"rotationOrigin": [ 2.7, 3.5, 3.2 ],
																	"rotationX": -25.0,
																	"rotationZ": 1.0,
																	"faces": {
																		"north": { "texture": "#skin", "uv": [ 32.0, 3.5, 33.0, 4.0 ], "rotation": 90, "windMode": [-1,-1,-1,-1] },
																		"east": { "texture": "#skin", "uv": [ 34.5, 1.0, 35.5, 3.0 ], "rotation": 270 },
																		"south": { "texture": "#skin", "uv": [ 32.0, 0.5, 33.0, 1.0 ], "rotation": 90, "windMode": [-1,-1,-1,-1], "windData": [1,1,1,1] },
																		"west": { "texture": "#skin", "uv": [ 32.0, 1.0, 33.0, 3.0 ], "rotation": 90 },
																		"up": { "texture": "#skin", "uv": [ 31.5, 1.0, 32.0, 3.0 ], "rotation": 180 },
																		"down": { "texture": "#skin", "uv": [ 33.5, 1.0, 34.0, 3.0 ], "rotation": 180 }
																	},
																	"children": [
																		{
																			"name": "L Ear2",
																			"from": [ 0.0, 0.0, 2.0 ],
																			"to": [ 0.5, 1.0, 3.4 ],
																			"unwrapMode": 4,
																			"unwrapRotation": 1,
																			"autoUnwrap": false,
																			"uv": [ 32.0, 14.0 ],
																			"rotationOrigin": [ 0.2, 1.0, 2.0 ],
																			"rotationX": 26.0,
																			"rotationZ": 1.0,
																			"faces": {
																				"north": { "texture": "#skin", "uv": [ 32.0, 2.5, 33.0, 3.0 ], "rotation": 90, "windMode": [-1,-1,-1,-1] },
																				"east": { "texture": "#skin", "uv": [ 34.5, 1.0, 35.5, 2.0 ], "rotation": 270 },
																				"south": { "texture": "#skin", "uv": [ 32.5, 0.5, 33.5, 1.0 ], "rotation": 90, "windMode": [-1,-1,-1,-1], "windData": [1,1,1,1] },
																				"west": { "texture": "#skin", "uv": [ 32.0, 1.0, 33.0, 2.0 ], "rotation": 90 },
																				"up": { "texture": "#skin", "uv": [ 31.5, 1.0, 32.0, 2.0 ], "rotation": 180 },
																				"down": { "texture": "#skin", "uv": [ 33.0, 1.0, 33.5, 2.0 ], "rotation": 180 }
																			}
																		},
																		{
																			"name": "L Ear3",
																			"from": [ 0.0, 0.0, 0.0 ],
																			"to": [ 0.5, 1.0, 1.5 ],
																			"unwrapMode": 4,
																			"unwrapRotation": 1,
																			"autoUnwrap": false,
																			"uv": [ 35.0, 3.5 ],
																			"rotationOrigin": [ 0.2, 0.0, 0.0 ],
																			"rotationX": 25.0,
																			"rotationZ": -1.0,
																			"faces": {
																				"north": { "texture": "#skin", "uv": [ 32.5, 3.5, 33.5, 4.0 ], "rotation": 90, "windMode": [-1,-1,-1,-1] },
																				"east": { "texture": "#skin", "uv": [ 34.0, 1.5, 35.0, 3.0 ], "rotation": 270 },
																				"south": { "texture": "#skin", "uv": [ 32.5, 1.0, 33.5, 1.5 ], "rotation": 90, "windMode": [-1,-1,-1,-1], "windData": [1,1,1,1] },
																				"west": { "texture": "#skin", "uv": [ 32.5, 1.5, 33.5, 3.0 ], "rotation": 90 },
																				"up": { "texture": "#skin", "uv": [ 31.5, 1.5, 32.0, 3.0 ], "rotation": 180 },
																				"down": { "texture": "#skin", "uv": [ 33.5, 1.5, 34.0, 3.0 ], "rotation": 180 }
																			},
																			"children": [
																				{
																					"name": "L Ear4",
																					"from": [ 0.0, 0.0, 1.5 ],
																					"to": [ 0.5, 1.0, 3.0 ],
																					"unwrapMode": 4,
																					"unwrapRotation": 1,
																					"autoUnwrap": false,
																					"uv": [ 35.5, 15.5 ],
																					"rotationOrigin": [ 0.2, 0.0, 1.5 ],
																					"rotationX": -34.0,
																					"rotationZ": -2.0,
																					"faces": {
																						"north": { "texture": "#skin", "uv": [ 32.5, 2.0, 33.5, 2.5 ], "rotation": 90, "windMode": [-1,-1,-1,-1] },
																						"east": { "texture": "#skin", "uv": [ 34.0, 1.0, 35.0, 2.5 ], "rotation": 270 },
																						"south": { "texture": "#skin", "uv": [ 32.5, 0.5, 33.5, 1.0 ], "rotation": 90, "windMode": [-1,-1,-1,-1], "windData": [1,1,1,1] },
																						"west": { "texture": "#skin", "uv": [ 32.5, 1.0, 33.5, 2.5 ], "rotation": 90 },
																						"up": { "texture": "#skin", "uv": [ 32.0, 1.0, 32.5, 2.5 ], "rotation": 180 },
																						"down": { "texture": "#skin", "uv": [ 33.5, 1.0, 34.0, 2.5 ], "rotation": 180 }
																					}
																				}
																			]
																		}
																	]
																},
																{
																	"name": "R Eye",
																	"from": [ 0.19, 2.2, -0.01 ],
																	"to": [ 0.89, 2.5, 0.31 ],
																	"unwrapMode": 1,
																	"uv": [ 34.0, 31.0 ],
																	"rotationOrigin": [ 0.2, 2.2, -0.1 ],
																	"rotationZ": 10.0,
																	"faces": {
																		"north": { "texture": "#skin", "uv": [ 34.5, 31.0, 35.0, 31.5 ], "windMode": [-1,-1,-1,-1], "windData": [1,1,1,1] },
																		"east": { "texture": "#skin", "uv": [ 34.0, 31.0, 34.5, 31.5 ], "windMode": [-1,-1,-1,-1], "windData": [1,1,1,1] },
																		"west": { "texture": "#skin", "uv": [ 35.0, 31.0, 35.5, 31.5 ], "windMode": [-1,-1,-1,-1], "windData": [1,1,1,1] },
																		"down": { "texture": "#skin", "uv": [ 34.5, 31.5, 35.0, 32.0 ], "windMode": [-1,-1,-1,-1], "windData": [1,1,1,1] }
																	},
																	"children": [
																		{
																			"name": "R Eye2",
																			"from": [ 0.0, 0.3, 0.0 ],
																			"to": [ 0.7, 0.7, 0.32 ],
																			"unwrapMode": 1,
																			"uv": [ 34.0, 30.0 ],
																			"rotationOrigin": [ 0.0, 0.3, -0.05 ],
																			"faces": {
																				"north": { "texture": "#skin", "uv": [ 34.5, 30.5, 35.0, 31.0 ], "windMode": [-1,-1,-1,-1], "windData": [1,1,1,1] },
																				"east": { "texture": "#skin", "uv": [ 34.0, 30.5, 34.5, 31.0 ], "windMode": [-1,-1,-1,-1], "windData": [1,1,1,1] },
																				"west": { "texture": "#skin", "uv": [ 35.0, 30.5, 35.5, 31.0 ], "windMode": [-1,-1,-1,-1], "windData": [1,1,1,1] },
																				"up": { "texture": "#skin", "uv": [ 34.5, 30.0, 35.0, 30.5 ], "rotation": 180, "windMode": [-1,-1,-1,-1], "windData": [1,1,1,1] }
																			}
																		},
																		{
																			"name": "R Pupil",
																			"from": [ 0.1, 0.2, -0.01 ],
																			"to": [ 0.5, 0.5, 0.31 ],
																			"unwrapMode": 5,
																			"unwrapRotation": 1,
																			"uv": [ 36.5, 30.0 ],
																			"rotationOrigin": [ 0.1, 0.2, -0.05 ],
																			"faces": {
																				"north": { "texture": "#skin", "uv": [ 36.5, 30.5, 37.0, 31.0 ], "rotation": 270, "windMode": [-1,-1,-1,-1], "windData": [1,1,1,1] },
																				"east": { "texture": "#skin", "uv": [ 37.0, 30.0, 37.5, 30.5 ], "rotation": 180, "windMode": [-1,-1,-1,-1], "windData": [1,1,1,1] },
																				"west": { "texture": "#skin", "uv": [ 37.0, 31.0, 37.5, 31.5 ], "windMode": [-1,-1,-1,-1], "windData": [1,1,1,1] },
																				"up": { "texture": "#skin", "uv": [ 37.0, 30.5, 37.5, 31.0 ], "rotation": 90, "windMode": [-1,-1,-1,-1], "windData": [1,1,1,1] },
																				"down": { "texture": "#skin", "uv": [ 37.5, 30.5, 38.0, 31.0 ], "rotation": 270, "windMode": [-1,-1,-1,-1], "windData": [1,1,1,1] }
																			}
																		}
																	]
																},
																{
																	"name": "R Ear",
																	"from": [ 2.5, 3.2, 0.3 ],
																	"to": [ 3.0, 4.2, 2.3 ],
																	"unwrapMode": 4,
																	"unwrapRotation": 1,
																	"uv": [ 30.0, 4.0 ],
																	"rotationOrigin": [ 2.7, 3.5, 0.3 ],
																	"rotationX": -155.0,
																	"rotationZ": -1.0,
																	"faces": {
																		"north": { "texture": "#skin", "uv": [ 30.5, 6.5, 31.5, 7.0 ], "rotation": 90 },
																		"east": { "texture": "#skin", "uv": [ 32.0, 4.5, 33.0, 6.5 ], "rotation": 270 },
																		"south": { "texture": "#skin", "uv": [ 30.5, 4.0, 31.5, 4.5 ], "rotation": 90 },
																		"west": { "texture": "#skin", "uv": [ 30.5, 4.5, 31.5, 6.5 ], "rotation": 90 },
																		"up": { "texture": "#skin", "uv": [ 30.0, 4.5, 30.5, 6.5 ], "rotation": 180 },
																		"down": { "texture": "#skin", "uv": [ 31.5, 4.5, 32.0, 6.5 ], "rotation": 180 }
																	},
																	"children": [
																		{
																			"name": "R Ear2",
																			"from": [ 0.0, 0.0, 2.0 ],
																			"to": [ 0.5, 1.0, 3.4 ],
																			"unwrapMode": 4,
																			"unwrapRotation": 1,
																			"autoUnwrap": false,
																			"uv": [ 33.5, 14.0 ],
																			"rotationOrigin": [ 0.2, 0.0, 2.0 ],
																			"rotationX": -26.0,
																			"rotationZ": 1.0,
																			"faces": {
																				"north": { "texture": "#skin", "uv": [ 30.0, 5.5, 31.0, 6.0 ], "rotation": 90 },
																				"east": { "texture": "#skin", "uv": [ 32.0, 4.5, 33.0, 5.5 ], "rotation": 270 },
																				"south": { "texture": "#skin", "uv": [ 30.5, 4.0, 31.5, 4.5 ], "rotation": 90 },
																				"west": { "texture": "#skin", "uv": [ 30.0, 4.5, 31.0, 5.5 ], "rotation": 90 },
																				"up": { "texture": "#skin", "uv": [ 30.0, 4.5, 30.5, 5.5 ], "rotation": 180 },
																				"down": { "texture": "#skin", "uv": [ 31.5, 4.5, 32.0, 5.5 ], "rotation": 180 }
																			}
																		},
																		{
																			"name": "R Ear3",
																			"from": [ 0.0, 0.0, 0.0 ],
																			"to": [ 0.5, 1.0, 1.5 ],
																			"unwrapMode": 4,
																			"unwrapRotation": 1,
																			"autoUnwrap": false,
																			"uv": [ 34.5, 14.0 ],
																			"rotationOrigin": [ 0.2, 1.0, 0.0 ],
																			"rotationX": -26.0,
																			"rotationZ": 1.0,
																			"faces": {
																				"north": { "texture": "#skin", "uv": [ 30.0, 7.0, 31.0, 7.5 ], "rotation": 90 },
																				"east": { "texture": "#skin", "uv": [ 32.5, 5.0, 33.5, 6.5 ], "rotation": 270 },
																				"south": { "texture": "#skin", "uv": [ 30.0, 4.5, 31.0, 5.0 ], "rotation": 90 },
																				"west": { "texture": "#skin", "uv": [ 30.0, 5.0, 31.0, 6.5 ], "rotation": 90 },
																				"up": { "texture": "#skin", "uv": [ 29.5, 5.0, 30.0, 6.5 ], "rotation": 180 },
																				"down": { "texture": "#skin", "uv": [ 31.0, 5.0, 31.5, 6.5 ], "rotation": 180 }
																			},
																			"children": [
																				{
																					"name": "R Ear4",
																					"from": [ 0.0, 0.0, 1.5 ],
																					"to": [ 0.5, 1.0, 3.0 ],
																					"unwrapMode": 4,
																					"unwrapRotation": 1,
																					"autoUnwrap": false,
																					"uv": [ 30.5, 14.0 ],
																					"rotationOrigin": [ 0.2, 1.0, 1.5 ],
																					"rotationX": 34.0,
																					"rotationZ": 2.0,
																					"faces": {
																						"north": { "texture": "#skin", "uv": [ 30.0, 5.5, 31.0, 6.0 ], "rotation": 90 },
																						"east": { "texture": "#skin", "uv": [ 32.5, 4.5, 33.5, 6.0 ], "rotation": 270 },
																						"south": { "texture": "#skin", "uv": [ 30.0, 4.0, 31.0, 4.5 ], "rotation": 90 },
																						"west": { "texture": "#skin", "uv": [ 30.0, 4.5, 31.0, 6.0 ], "rotation": 90 },
																						"up": { "texture": "#skin", "uv": [ 29.5, 4.5, 30.0, 6.0 ], "rotation": 180 },
																						"down": { "texture": "#skin", "uv": [ 31.0, 4.5, 31.5, 6.0 ], "rotation": 180 }
																					}
																				}
																			]
																		}
																	]
																},
																{
																	"name": "L Eye",
																	"from": [ 0.19, 2.2, 3.19 ],
																	"to": [ 0.89, 2.5, 3.51 ],
																	"unwrapMode": 3,
																	"uv": [ 32.0, 31.0 ],
																	"rotationOrigin": [ 0.4, 2.2, 3.1 ],
																	"rotationZ": 10.0,
																	"faces": {
																		"east": { "texture": "#skin", "uv": [ 33.0, 31.0, 33.5, 31.5 ], "windMode": [-1,-1,-1,-1], "windData": [1,1,1,1] },
																		"south": { "texture": "#skin", "uv": [ 32.5, 31.0, 33.0, 31.5 ] },
																		"west": { "texture": "#skin", "uv": [ 32.0, 31.0, 32.5, 31.5 ] },
																		"down": { "texture": "#skin", "uv": [ 32.5, 31.5, 33.0, 32.0 ], "rotation": 180, "windMode": [-1,-1,-1,-1], "windData": [1,1,1,1] }
																	},
																	"children": [
																		{
																			"name": "L Eye2",
																			"from": [ 0.0, 0.3, 0.0 ],
																			"to": [ 0.7, 0.7, 0.32 ],
																			"unwrapMode": 3,
																			"uv": [ 32.0, 30.0 ],
																			"rotationOrigin": [ 0.0, 0.3, -0.05 ],
																			"faces": {
																				"east": { "texture": "#skin", "uv": [ 33.0, 30.5, 33.5, 31.0 ], "windMode": [-1,-1,-1,-1], "windData": [1,1,1,1] },
																				"south": { "texture": "#skin", "uv": [ 32.5, 30.5, 33.0, 31.0 ], "windMode": [-1,-1,-1,-1], "windData": [1,1,1,1] },
																				"west": { "texture": "#skin", "uv": [ 32.0, 30.5, 32.5, 31.0 ], "windMode": [-1,-1,-1,-1], "windData": [1,1,1,1] },
																				"up": { "texture": "#skin", "uv": [ 32.5, 30.0, 33.0, 30.5 ], "windMode": [-1,-1,-1,-1], "windData": [1,1,1,1] }
																			}
																		},
																		{
																			"name": "L Pupil",
																			"from": [ 0.1, 0.2, 0.01 ],
																			"to": [ 0.5, 0.5, 0.33 ],
																			"unwrapMode": 3,
																			"unwrapRotation": 1,
																			"uv": [ 36.5, 30.0 ],
																			"rotationOrigin": [ 0.1, 0.2, 0.05 ],
																			"faces": {
																				"east": { "texture": "#skin", "uv": [ 37.0, 30.0, 37.5, 30.5 ], "rotation": 90, "windMode": [-1,-1,-1,-1], "windData": [1,1,1,1] },
																				"south": { "texture": "#skin", "uv": [ 37.0, 30.5, 37.5, 31.0 ], "rotation": 90, "windMode": [-1,-1,-1,-1], "windData": [1,1,1,1] },
																				"west": { "texture": "#skin", "uv": [ 37.0, 31.0, 37.5, 31.5 ], "rotation": 90, "windMode": [-1,-1,-1,-1], "windData": [1,1,1,1] },
																				"up": { "texture": "#skin", "uv": [ 36.5, 30.5, 37.0, 31.0 ], "rotation": 90, "windMode": [-1,-1,-1,-1], "windData": [1,1,1,1] },
																				"down": { "texture": "#skin", "uv": [ 37.5, 30.5, 38.0, 31.0 ], "rotation": 270, "windMode": [-1,-1,-1,-1], "windData": [1,1,1,1] }
																			}
																		}
																	]
																},
																{
																	"name": "Horn attachment",
																	"from": [ 0.0, 3.4, 1.8 ],
																	"to": [ 1.0, 4.4, 2.8 ],
																	"uv": [ 999.0, 999.0 ],
																	"rotationOrigin": [ 0.0, 3.4, 1.8 ],
																	"rotationZ": 4.0,
																	"faces": {
																	},
																	"children": [
																		{
																			"name": "R antler base",
																			"from": [ 0.5, 0.7, -1.3 ],
																			"to": [ 1.6, 2.0, -0.2 ],
																			"unwrapMode": 4,
																			"uv": [ 43.0, 73.0 ],
																			"rotationOrigin": [ 0.5, 0.7, -0.2 ],
																			"rotationX": -40.0,
																			"rotationZ": -15.0,
																			"faces": {
																				"north": { "texture": "#skin", "uv": [ 43.0, 74.0, 44.0, 75.0 ] },
																				"east": { "texture": "#skin", "uv": [ 46.0, 74.0, 47.0, 75.0 ] },
																				"south": { "texture": "#skin", "uv": [ 45.0, 74.0, 46.0, 75.0 ] },
																				"west": { "texture": "#skin", "uv": [ 44.0, 74.0, 45.0, 75.0 ], "windMode": [-1,-1,-1,-1], "windData": [0,1,1,1] },
																				"up": { "texture": "#skin", "uv": [ 44.0, 73.0, 45.0, 74.0 ], "rotation": 90 },
																				"down": { "texture": "#skin", "uv": [ 44.0, 75.0, 45.0, 76.0 ], "rotation": 90 }
																			},
																			"children": [
																				{
																					"name": "R antler base 2",
																					"from": [ -0.1, 1.2, 0.1 ],
																					"to": [ 0.9, 2.7, 0.9 ],
																					"unwrapMode": 4,
																					"uv": [ 43.0, 66.5 ],
																					"rotationOrigin": [ -0.1, 1.2, 1.0 ],
																					"rotationX": -21.0,
																					"rotationY": -15.0,
																					"rotationZ": -15.0,
																					"faces": {
																						"north": { "texture": "#skin", "uv": [ 43.0, 67.5, 44.0, 69.0 ] },
																						"east": { "texture": "#skin", "uv": [ 45.5, 67.5, 46.0, 69.0 ] },
																						"south": { "texture": "#skin", "uv": [ 44.5, 67.5, 45.5, 69.0 ] },
																						"west": { "texture": "#skin", "uv": [ 44.0, 67.5, 44.5, 69.0 ] },
																						"up": { "texture": "#skin", "uv": [ 44.0, 66.5, 44.5, 67.5 ], "rotation": 90 },
																						"down": { "texture": "#skin", "uv": [ 44.0, 69.0, 44.5, 70.0 ], "rotation": 90 }
																					},
																					"children": [
																						{
																							"name": "R antler base 3",
																							"from": [ -0.2, 1.3, -0.1 ],
																							"to": [ 0.7, 2.3, 0.6 ],
																							"unwrapMode": 2,
																							"uv": [ 43.0, 60.5 ],
																							"rotationOrigin": [ 0.9, 1.3, -0.1 ],
																							"rotationX": 15.0,
																							"rotationY": 20.0,
																							"rotationZ": -15.0,
																							"faces": {
																								"north": { "texture": "#skin", "uv": [ 44.0, 61.0, 44.5, 62.0 ] },
																								"east": { "texture": "#skin", "uv": [ 43.5, 61.0, 44.0, 62.0 ] },
																								"south": { "texture": "#skin", "uv": [ 43.0, 61.0, 43.5, 62.0 ] },
																								"west": { "texture": "#skin", "uv": [ 44.5, 61.0, 45.0, 62.0 ] },
																								"up": { "texture": "#skin", "uv": [ 43.5, 60.5, 44.0, 61.0 ], "rotation": 270 },
																								"down": { "texture": "#skin", "uv": [ 43.5, 62.0, 44.0, 62.5 ], "rotation": 270 }
																							},
																							"children": [
																								{
																									"name": "R antler base 4",
																									"from": [ 0.0, 0.9, 0.0 ],
																									"to": [ 0.8, 1.9, 0.7 ],
																									"unwrapMode": 3,
																									"uv": [ 43.0, 55.0 ],
																									"rotationOrigin": [ 0.0, 0.9, 0.7 ],
																									"rotationX": 12.0,
																									"rotationY": 10.0,
																									"rotationZ": -5.0,
																									"faces": {
																										"north": { "texture": "#skin", "uv": [ 44.5, 55.5, 45.0, 56.5 ] },
																										"east": { "texture": "#skin", "uv": [ 44.0, 55.5, 44.5, 56.5 ] },
																										"south": { "texture": "#skin", "uv": [ 43.5, 55.5, 44.0, 56.5 ] },
																										"west": { "texture": "#skin", "uv": [ 43.0, 55.5, 43.5, 56.5 ] },
																										"up": { "texture": "#skin", "uv": [ 43.5, 55.0, 44.0, 55.5 ] },
																										"down": { "texture": "#skin", "uv": [ 43.5, 56.5, 44.0, 57.0 ], "rotation": 180 }
																									},
																									"children": [
																										{
																											"name": "R antler base 5",
																											"from": [ 0.0, 1.0, 0.0 ],
																											"to": [ 0.7, 2.0, 0.6 ],
																											"unwrapMode": 3,
																											"uv": [ 43.0, 50.0 ],
																											"rotationOrigin": [ 0.0, 1.0, 0.0 ],
																											"rotationX": 12.0,
																											"rotationZ": -5.0,
																											"faces": {
																												"north": { "texture": "#skin", "uv": [ 44.5, 50.5, 45.0, 51.5 ] },
																												"east": { "texture": "#skin", "uv": [ 44.0, 50.5, 44.5, 51.5 ] },
																												"south": { "texture": "#skin", "uv": [ 43.5, 50.5, 44.0, 51.5 ] },
																												"west": { "texture": "#skin", "uv": [ 43.0, 50.5, 43.5, 51.5 ] },
																												"up": { "texture": "#skin", "uv": [ 43.5, 50.0, 44.0, 50.5 ] },
																												"down": { "texture": "#skin", "uv": [ 43.5, 51.5, 44.0, 52.0 ], "rotation": 180 }
																											},
																											"children": [
																												{
																													"name": "R antler base 6",
																													"from": [ 0.0, 0.9, 0.0 ],
																													"to": [ 0.6, 1.9, 0.6 ],
																													"unwrapMode": 3,
																													"uv": [ 44.0, 47.5 ],
																													"rotationOrigin": [ 0.0, 0.9, 0.0 ],
																													"rotationX": 12.0,
																													"rotationZ": -5.0,
																													"faces": {
																														"north": { "texture": "#skin", "uv": [ 45.5, 48.0, 46.0, 49.0 ] },
																														"east": { "texture": "#skin", "uv": [ 45.0, 48.0, 45.5, 49.0 ] },
																														"south": { "texture": "#skin", "uv": [ 44.5, 48.0, 45.0, 49.0 ] },
																														"west": { "texture": "#skin", "uv": [ 44.0, 48.0, 44.5, 49.0 ] },
																														"up": { "texture": "#skin", "uv": [ 44.5, 47.5, 45.0, 48.0 ] },
																														"down": { "texture": "#skin", "uv": [ 44.5, 49.0, 45.0, 49.5 ], "rotation": 180 }
																													},
																													"children": [
																														{
																															"name": "R antler base 7",
																															"from": [ 0.1, 0.9, 0.05 ],
																															"to": [ 0.5, 1.9, 0.45 ],
																															"unwrapMode": 3,
																															"uv": [ 44.0, 44.5 ],
																															"rotationOrigin": [ 0.1, 0.9, 0.0 ],
																															"rotationX": 25.0,
																															"rotationZ": -5.0,
																															"faces": {
																																"north": { "texture": "#skin", "uv": [ 45.5, 45.0, 46.0, 46.0 ] },
																																"east": { "texture": "#skin", "uv": [ 45.0, 45.0, 45.5, 46.0 ] },
																																"south": { "texture": "#skin", "uv": [ 44.5, 45.0, 45.0, 46.0 ] },
																																"west": { "texture": "#skin", "uv": [ 44.0, 45.0, 44.5, 46.0 ] },
																																"up": { "texture": "#skin", "uv": [ 44.5, 44.5, 45.0, 45.0 ] },
																																"down": { "texture": "#skin", "uv": [ 44.5, 46.0, 45.0, 46.5 ], "rotation": 180 }
																															}
																														}
																													]
																												}
																											]
																										}
																									]
																								}
																							]
																						},
																						{
																							"name": "R antler point 1",
																							"from": [ 0.1, 1.0, 0.2 ],
																							"to": [ 0.8, 2.0, 0.9 ],
																							"unwrapMode": 1,
																							"uv": [ 44.0, 44.5 ],
																							"rotationOrigin": [ 0.6, 1.0036, 0.7 ],
																							"rotationX": 89.0,
																							"rotationZ": 47.0,
																							"faces": {
																								"north": { "texture": "#skin", "uv": [ 44.5, 45.0, 45.0, 46.0 ] },
																								"east": { "texture": "#skin", "uv": [ 44.0, 45.0, 44.5, 46.0 ] },
																								"south": { "texture": "#skin", "uv": [ 45.5, 45.0, 46.0, 46.0 ] },
																								"west": { "texture": "#skin", "uv": [ 45.0, 45.0, 45.5, 46.0 ] },
																								"up": { "texture": "#skin", "uv": [ 44.5, 44.5, 45.0, 45.0 ], "rotation": 180 }
																							},
																							"children": [
																								{
																									"name": "R antler point 1B",
																									"from": [ 0.1, 0.8, 0.1 ],
																									"to": [ 0.6, 1.8, 0.6 ],
																									"unwrapMode": 2,
																									"uv": [ 44.0, 46.0 ],
																									"rotationOrigin": [ 0.6, 0.8, 0.3 ],
																									"rotationZ": -10.0,
																									"faces": {
																										"north": { "texture": "#skin", "uv": [ 45.0, 46.5, 45.5, 47.5 ] },
																										"east": { "texture": "#skin", "uv": [ 44.5, 46.5, 45.0, 47.5 ] },
																										"south": { "texture": "#skin", "uv": [ 44.0, 46.5, 44.5, 47.5 ] },
																										"west": { "texture": "#skin", "uv": [ 45.5, 46.5, 46.0, 47.5 ] },
																										"up": { "texture": "#skin", "uv": [ 44.5, 46.0, 45.0, 46.5 ], "rotation": 270 },
																										"down": { "texture": "#skin", "uv": [ 44.5, 47.5, 45.0, 48.0 ], "rotation": 270 }
																									}
																								}
																							]
																						}
																					]
																				}
																			]
																		},
																		{
																			"name": "L antler base",
																			"from": [ 0.5, 0.7, 0.1 ],
																			"to": [ 1.6, 2.0, 1.2 ],
																			"unwrapMode": 4,
																			"uv": [ 39.0, 73.0 ],
																			"rotationOrigin": [ 0.5, 0.7, 0.1 ],
																			"rotationX": 40.0,
																			"rotationZ": -15.0,
																			"faces": {
																				"north": { "texture": "#skin", "uv": [ 39.0, 74.0, 40.0, 75.0 ] },
																				"east": { "texture": "#skin", "uv": [ 42.0, 74.0, 43.0, 75.0 ] },
																				"south": { "texture": "#skin", "uv": [ 41.0, 74.0, 42.0, 75.0 ] },
																				"west": { "texture": "#skin", "uv": [ 40.0, 74.0, 41.0, 75.0 ], "windMode": [-1,-1,-1,-1], "windData": [0,0,1,1] },
																				"up": { "texture": "#skin", "uv": [ 40.0, 73.0, 41.0, 74.0 ], "rotation": 90 },
																				"down": { "texture": "#skin", "uv": [ 40.0, 75.0, 41.0, 76.0 ], "rotation": 90 }
																			},
																			"children": [
																				{
																					"name": "L antler base 2",
																					"from": [ -0.1, 1.2, 0.2 ],
																					"to": [ 0.9, 2.7, 1.0 ],
																					"unwrapMode": 4,
																					"uv": [ 41.0, 66.5 ],
																					"rotationOrigin": [ -0.1, 1.2, 0.2 ],
																					"rotationX": 21.0,
																					"rotationY": 15.0,
																					"rotationZ": -15.0,
																					"faces": {
																						"north": { "texture": "#skin", "uv": [ 41.0, 67.5, 42.0, 69.0 ] },
																						"east": { "texture": "#skin", "uv": [ 43.5, 67.5, 44.0, 69.0 ] },
																						"south": { "texture": "#skin", "uv": [ 42.5, 67.5, 43.5, 69.0 ] },
																						"west": { "texture": "#skin", "uv": [ 42.0, 67.5, 42.5, 69.0 ] },
																						"up": { "texture": "#skin", "uv": [ 42.0, 66.5, 42.5, 67.5 ], "rotation": 90 },
																						"down": { "texture": "#skin", "uv": [ 42.0, 69.0, 42.5, 70.0 ], "rotation": 90 }
																					},
																					"children": [
																						{
																							"name": "L antler base 3",
																							"from": [ -0.2, 1.3, 0.3 ],
																							"to": [ 0.7, 2.3, 1.0 ],
																							"unwrapMode": 1,
																							"uv": [ 41.0, 61.0 ],
																							"rotationOrigin": [ 0.9, 1.3, 1.0 ],
																							"rotationX": -15.0,
																							"rotationY": -20.0,
																							"rotationZ": -15.0,
																							"faces": {
																								"north": { "texture": "#skin", "uv": [ 41.5, 61.5, 42.0, 62.5 ] },
																								"east": { "texture": "#skin", "uv": [ 41.0, 61.5, 41.5, 62.5 ] },
																								"south": { "texture": "#skin", "uv": [ 42.5, 61.5, 43.0, 62.5 ] },
																								"west": { "texture": "#skin", "uv": [ 42.0, 61.5, 42.5, 62.5 ] },
																								"up": { "texture": "#skin", "uv": [ 41.5, 61.0, 42.0, 61.5 ], "rotation": 180 },
																								"down": { "texture": "#skin", "uv": [ 41.5, 62.5, 42.0, 63.0 ] }
																							},
																							"children": [
																								{
																									"name": "L antler base 4",
																									"from": [ 0.0, 0.9, 0.0 ],
																									"to": [ 0.8, 1.9, 0.7 ],
																									"unwrapMode": 1,
																									"uv": [ 41.0, 55.0 ],
																									"rotationOrigin": [ 0.0, 0.9, 0.0 ],
																									"rotationX": -12.0,
																									"rotationY": -10.0,
																									"rotationZ": -5.0,
																									"faces": {
																										"north": { "texture": "#skin", "uv": [ 41.5, 55.5, 42.0, 56.5 ] },
																										"east": { "texture": "#skin", "uv": [ 41.0, 55.5, 41.5, 56.5 ] },
																										"south": { "texture": "#skin", "uv": [ 42.5, 55.5, 43.0, 56.5 ] },
																										"west": { "texture": "#skin", "uv": [ 42.0, 55.5, 42.5, 56.5 ] },
																										"up": { "texture": "#skin", "uv": [ 41.5, 55.0, 42.0, 55.5 ], "rotation": 180 },
																										"down": { "texture": "#skin", "uv": [ 41.5, 56.5, 42.0, 57.0 ] }
																									},
																									"children": [
																										{
																											"name": "L antler base 5",
																											"from": [ 0.0, 1.0, 0.0 ],
																											"to": [ 0.7, 2.0, 0.6 ],
																											"unwrapMode": 1,
																											"uv": [ 41.0, 50.0 ],
																											"rotationOrigin": [ 0.0, 1.0, 0.6 ],
																											"rotationX": -12.0,
																											"rotationZ": -5.0,
																											"faces": {
																												"north": { "texture": "#skin", "uv": [ 41.5, 50.5, 42.0, 51.5 ] },
																												"east": { "texture": "#skin", "uv": [ 41.0, 50.5, 41.5, 51.5 ] },
																												"south": { "texture": "#skin", "uv": [ 42.5, 50.5, 43.0, 51.5 ] },
																												"west": { "texture": "#skin", "uv": [ 42.0, 50.5, 42.5, 51.5 ] },
																												"up": { "texture": "#skin", "uv": [ 41.5, 50.0, 42.0, 50.5 ], "rotation": 180 },
																												"down": { "texture": "#skin", "uv": [ 41.5, 51.5, 42.0, 52.0 ] }
																											},
																											"children": [
																												{
																													"name": "L antler base 6",
																													"from": [ 0.0, 0.9, 0.0 ],
																													"to": [ 0.6, 1.9, 0.6 ],
																													"unwrapMode": 1,
																													"uv": [ 41.0, 47.5 ],
																													"rotationOrigin": [ 0.0, 0.9, 0.6 ],
																													"rotationX": -12.0,
																													"rotationZ": -5.0,
																													"faces": {
																														"north": { "texture": "#skin", "uv": [ 41.5, 48.0, 42.0, 49.0 ] },
																														"east": { "texture": "#skin", "uv": [ 41.0, 48.0, 41.5, 49.0 ] },
																														"south": { "texture": "#skin", "uv": [ 42.5, 48.0, 43.0, 49.0 ] },
																														"west": { "texture": "#skin", "uv": [ 42.0, 48.0, 42.5, 49.0 ] },
																														"up": { "texture": "#skin", "uv": [ 41.5, 47.5, 42.0, 48.0 ], "rotation": 180 },
																														"down": { "texture": "#skin", "uv": [ 41.5, 49.0, 42.0, 49.5 ] }
																													},
																													"children": [
																														{
																															"name": "L antler base 7",
																															"from": [ 0.1, 0.9, 0.1 ],
																															"to": [ 0.5, 1.9, 0.5 ],
																															"unwrapMode": 1,
																															"uv": [ 41.0, 44.5 ],
																															"rotationOrigin": [ 0.1, 0.9, 0.5 ],
																															"rotationX": -25.0,
																															"rotationZ": -5.0,
																															"faces": {
																																"north": { "texture": "#skin", "uv": [ 41.5, 45.0, 42.0, 46.0 ] },
																																"east": { "texture": "#skin", "uv": [ 41.0, 45.0, 41.5, 46.0 ] },
																																"south": { "texture": "#skin", "uv": [ 42.5, 45.0, 43.0, 46.0 ] },
																																"west": { "texture": "#skin", "uv": [ 42.0, 45.0, 42.5, 46.0 ] },
																																"up": { "texture": "#skin", "uv": [ 41.5, 44.5, 42.0, 45.0 ], "rotation": 180 },
																																"down": { "texture": "#skin", "uv": [ 41.5, 46.0, 42.0, 46.5 ] }
																															}
																														}
																													]
																												}
																											]
																										}
																									]
																								}
																							]
																						},
																						{
																							"name": "L antler point 1",
																							"from": [ 0.0, 1.0, 0.2 ],
																							"to": [ 0.7, 2.0, 0.9 ],
																							"unwrapMode": 3,
																							"uv": [ 41.0, 44.5 ],
																							"rotationOrigin": [ 0.5, 1.0, 0.2 ],
																							"rotationX": -89.0,
																							"rotationZ": 47.0,
																							"faces": {
																								"north": { "texture": "#skin", "uv": [ 42.5, 45.0, 43.0, 46.0 ] },
																								"east": { "texture": "#skin", "uv": [ 42.0, 45.0, 42.5, 46.0 ] },
																								"south": { "texture": "#skin", "uv": [ 41.5, 45.0, 42.0, 46.0 ] },
																								"west": { "texture": "#skin", "uv": [ 41.0, 45.0, 41.5, 46.0 ] },
																								"up": { "texture": "#skin", "uv": [ 41.5, 44.5, 42.0, 45.0 ] }
																							},
																							"children": [
																								{
																									"name": "L antler point 1B",
																									"from": [ 0.1, 0.8, 0.1 ],
																									"to": [ 0.6, 1.8, 0.6 ],
																									"unwrapMode": 2,
																									"uv": [ 41.0, 46.0 ],
																									"rotationOrigin": [ 0.6, 0.8, 0.1 ],
																									"rotationZ": -10.0,
																									"faces": {
																										"north": { "texture": "#skin", "uv": [ 42.0, 46.5, 42.5, 47.5 ] },
																										"east": { "texture": "#skin", "uv": [ 41.5, 46.5, 42.0, 47.5 ] },
																										"south": { "texture": "#skin", "uv": [ 41.0, 46.5, 41.5, 47.5 ] },
																										"west": { "texture": "#skin", "uv": [ 42.5, 46.5, 43.0, 47.5 ] },
																										"up": { "texture": "#skin", "uv": [ 41.5, 46.0, 42.0, 46.5 ], "rotation": 270 }
																									}
																								}
																							]
																						}
																					]
																				}
																			]
																		}
																	]
																}
															]
														}
													]
												}
											]
										},
										{
											"name": "L Shoulder",
											"from": [ -0.1, 1.1, 5.4 ],
											"to": [ 3.4, 7.6, 6.9 ],
											"unwrapMode": 3,
											"uv": [ 39.0, 0.0 ],
											"rotationOrigin": [ 1.6, 4.4, 5.6 ],
											"rotationX": 2.0,
											"rotationZ": -10.0,
											"faces": {
												"north": { "texture": "#skin", "uv": [ 45.5, 1.5, 49.0, 8.0 ] },
												"east": { "texture": "#skin", "uv": [ 44.0, 1.5, 45.5, 8.0 ] },
												"south": { "texture": "#skin", "uv": [ 40.5, 1.5, 44.0, 8.0 ] },
												"west": { "texture": "#skin", "uv": [ 39.0, 1.5, 40.5, 8.0 ] },
												"up": { "texture": "#skin", "uv": [ 40.5, 0.0, 44.0, 1.5 ], "windMode": [-1,-1,-1,-1] },
												"down": { "texture": "#skin", "uv": [ 40.5, 8.0, 44.0, 9.5 ], "rotation": 180 }
											},
											"children": [
												{
													"name": "L ArmUp",
													"from": [ 0.0, 0.0, -0.2 ],
													"to": [ 5.0, 3.0, 1.3 ],
													"unwrapMode": 3,
													"autoUnwrap": false,
													"uv": [ 1.0, 24.5 ],
													"rotationOrigin": [ 0.0, 0.0, -0.2 ],
													"rotationZ": -10.0,
													"faces": {
														"north": { "texture": "#skin", "uv": [ 2.5, 30.5, 7.5, 33.5 ] },
														"east": { "texture": "#skin", "uv": [ 7.5, 26.0, 9.0, 29.0 ] },
														"south": { "texture": "#skin", "uv": [ 2.5, 26.0, 7.5, 29.0 ] },
														"west": { "texture": "#skin", "uv": [ 1.0, 26.0, 2.5, 29.0 ] },
														"up": { "texture": "#skin", "uv": [ 2.5, 24.5, 7.5, 26.0 ], "windMode": [-1,-1,-1,-1] },
														"down": { "texture": "#skin", "uv": [ 2.5, 29.0, 7.5, 30.5 ], "rotation": 180 }
													},
													"children": [
														{
															"name": "L ArmMid",
															"from": [ 3.4, -3.8, -0.2 ],
															"to": [ 5.4, 2.2, 1.3 ],
															"unwrapMode": 4,
															"uv": [ 39.0, 10.0 ],
															"rotationOrigin": [ 4.5, 1.5, 0.6 ],
															"rotationZ": 22.9962,
															"faces": {
																"north": { "texture": "#skin", "uv": [ 39.0, 12.0, 41.0, 18.0 ] },
																"east": { "texture": "#skin", "uv": [ 44.5, 12.0, 46.0, 18.0 ] },
																"south": { "texture": "#skin", "uv": [ 42.5, 12.0, 44.5, 18.0 ] },
																"west": { "texture": "#skin", "uv": [ 41.0, 12.0, 42.5, 18.0 ] },
																"up": { "texture": "#skin", "uv": [ 41.0, 10.0, 42.5, 12.0 ], "rotation": 90 },
																"down": { "texture": "#skin", "uv": [ 41.0, 18.0, 42.5, 20.0 ], "rotation": 90 }
															},
															"children": [
																{
																	"name": "L ArmLow",
																	"from": [ 0.5, -5.0, 0.15 ],
																	"to": [ 1.6, 1.0, 1.35 ],
																	"unwrapMode": 4,
																	"uv": [ 40.0, 20.5 ],
																	"rotationOrigin": [ 1.3, 0.6, 0.75 ],
																	"rotationX": -3.0,
																	"rotationZ": -4.0,
																	"faces": {
																		"north": { "texture": "#skin", "uv": [ 40.0, 21.5, 41.0, 27.5 ] },
																		"east": { "texture": "#skin", "uv": [ 43.0, 21.5, 44.0, 27.5 ] },
																		"south": { "texture": "#skin", "uv": [ 42.0, 21.5, 43.0, 27.5 ] },
																		"west": { "texture": "#skin", "uv": [ 41.0, 21.5, 42.0, 27.5 ] },
																		"up": { "texture": "#skin", "uv": [ 41.0, 20.5, 42.0, 21.5 ], "rotation": 90 },
																		"down": { "texture": "#skin", "uv": [ 41.0, 27.5, 42.0, 28.5 ], "rotation": 90 }
																	},
																	"children": [
																		{
																			"name": "L Front Pastern",
																			"from": [ 0.0, -1.5, 0.05 ],
																			"to": [ 1.0, 0.5, 1.15 ],
																			"unwrapMode": 4,
																			"uv": [ 40.0, 29.0 ],
																			"rotationOrigin": [ 0.6, 0.5, 0.6 ],
																			"rotationX": -1.0,
																			"rotationZ": -12.0,
																			"faces": {
																				"north": { "texture": "#skin", "uv": [ 40.0, 30.0, 41.0, 32.0 ] },
																				"east": { "texture": "#skin", "uv": [ 43.0, 30.0, 44.0, 32.0 ] },
																				"south": { "texture": "#skin", "uv": [ 42.0, 30.0, 43.0, 32.0 ] },
																				"west": { "texture": "#skin", "uv": [ 41.0, 30.0, 42.0, 32.0 ] },
																				"up": { "texture": "#skin", "uv": [ 41.0, 29.0, 42.0, 30.0 ], "rotation": 90 },
																				"down": { "texture": "#skin", "uv": [ 41.0, 32.0, 42.0, 33.0 ], "rotation": 90 }
																			},
																			"children": [
																				{
																					"name": "L Front Hoof",
																					"from": [ 0.5, 0.9, 0.7 ],
																					"to": [ 0.5, 0.9, 0.7 ],
																					"uv": [ 0.0, 0.0 ],
																					"rotationOrigin": [ 0.5, 0.9, 2.7 ],
																					"rotationZ": -12.0,
																					"faces": {
																					},
																					"children": [
																						{
																							"name": "L Front Hoof1",
																							"from": [ -1.9, -0.4, -0.65 ],
																							"to": [ -0.3, 0.1, 0.35 ],
																							"unwrapMode": 5,
																							"uv": [ 54.5, 59.0 ],
																							"rotationOrigin": [ -0.3, 0.1, 0.5 ],
																							"rotationZ": 60.0,
																							"faces": {
																								"north": { "texture": "#skin", "uv": [ 55.0, 59.0, 56.5, 59.5 ], "rotation": 180 },
																								"east": { "texture": "#skin", "uv": [ 56.5, 59.5, 57.0, 60.5 ], "rotation": 90 },
																								"south": { "texture": "#skin", "uv": [ 55.0, 60.5, 56.5, 61.0 ] },
																								"west": { "texture": "#skin", "uv": [ 54.5, 59.5, 55.0, 60.5 ], "rotation": 270 },
																								"up": { "texture": "#skin", "uv": [ 55.0, 59.5, 56.5, 60.5 ] },
																								"down": { "texture": "#skin", "uv": [ 57.0, 59.5, 58.5, 60.5 ] }
																							}
																						},
																						{
																							"name": "L Front Hoof2",
																							"from": [ -1.0, -1.0, -0.66 ],
																							"to": [ 0.4, -0.4, 0.34 ],
																							"unwrapMode": 5,
																							"uv": [ 54.5, 54.0 ],
																							"rotationOrigin": [ 0.2, -0.4, 0.3 ],
																							"rotationZ": 27.0,
																							"faces": {
																								"north": { "texture": "#skin", "uv": [ 55.0, 54.0, 56.0, 54.5 ], "rotation": 180 },
																								"east": { "texture": "#skin", "uv": [ 56.0, 54.5, 56.5, 55.5 ], "rotation": 90 },
																								"south": { "texture": "#skin", "uv": [ 55.0, 55.5, 56.0, 56.0 ] },
																								"west": { "texture": "#skin", "uv": [ 54.5, 54.5, 55.0, 55.5 ], "rotation": 270 },
																								"up": { "texture": "#skin", "uv": [ 55.0, 54.5, 56.0, 55.5 ] },
																								"down": { "texture": "#skin", "uv": [ 56.5, 54.5, 57.5, 55.5 ] }
																							}
																						}
																					]
																				}
																			]
																		}
																	]
																}
															]
														}
													]
												}
											]
										},
										{
											"name": "R Shoulder",
											"from": [ -0.1, 1.1, -0.9 ],
											"to": [ 3.4, 7.6, 0.6 ],
											"unwrapMode": 1,
											"uv": [ 49.5, 0.0 ],
											"rotationOrigin": [ 1.6, 4.4, 0.4 ],
											"rotationX": -2.0,
											"rotationZ": -10.0,
											"faces": {
												"north": { "texture": "#skin", "uv": [ 51.0, 1.5, 54.5, 8.0 ] },
												"east": { "texture": "#skin", "uv": [ 49.5, 1.5, 51.0, 8.0 ] },
												"south": { "texture": "#skin", "uv": [ 56.0, 1.5, 59.5, 8.0 ] },
												"west": { "texture": "#skin", "uv": [ 54.5, 1.5, 56.0, 8.0 ] },
												"up": { "texture": "#skin", "uv": [ 51.0, 0.0, 54.5, 1.5 ], "rotation": 180 },
												"down": { "texture": "#skin", "uv": [ 51.0, 8.0, 54.5, 9.5 ] }
											},
											"children": [
												{
													"name": "R ArmUp",
													"from": [ 0.0, 0.0, 0.2 ],
													"to": [ 5.0, 3.0, 1.7 ],
													"unwrapMode": 1,
													"autoUnwrap": false,
													"uv": [ 16.5, 24.5 ],
													"rotationOrigin": [ 0.0, 0.0, 0.4 ],
													"rotationZ": -10.0,
													"faces": {
														"north": { "texture": "#skin", "uv": [ 18.0, 26.0, 23.0, 29.0 ] },
														"east": { "texture": "#skin", "uv": [ 16.5, 26.0, 18.0, 29.0 ] },
														"south": { "texture": "#skin", "uv": [ 18.0, 30.5, 23.0, 33.5 ] },
														"west": { "texture": "#skin", "uv": [ 23.0, 26.0, 24.5, 29.0 ] },
														"up": { "texture": "#skin", "uv": [ 18.0, 24.5, 23.0, 26.0 ], "rotation": 180 },
														"down": { "texture": "#skin", "uv": [ 18.0, 29.0, 23.0, 30.5 ] }
													},
													"children": [
														{
															"name": "R ArmMid",
															"from": [ 3.4, -3.8, 0.2 ],
															"to": [ 5.4, 2.2, 1.7 ],
															"unwrapMode": 4,
															"uv": [ 50.0, 10.0 ],
															"rotationOrigin": [ 4.5, 1.5, 1.0 ],
															"rotationX": -0.8572,
															"rotationY": -0.515,
															"rotationZ": 22.9962,
															"faces": {
																"north": { "texture": "#skin", "uv": [ 50.0, 12.0, 52.0, 18.0 ] },
																"east": { "texture": "#skin", "uv": [ 55.5, 12.0, 57.0, 18.0 ] },
																"south": { "texture": "#skin", "uv": [ 53.5, 12.0, 55.5, 18.0 ] },
																"west": { "texture": "#skin", "uv": [ 52.0, 12.0, 53.5, 18.0 ] },
																"up": { "texture": "#skin", "uv": [ 52.0, 10.0, 53.5, 12.0 ], "rotation": 90 },
																"down": { "texture": "#skin", "uv": [ 52.0, 18.0, 53.5, 20.0 ], "rotation": 90 }
															},
															"children": [
																{
																	"name": "R ArmLow",
																	"from": [ 0.5, -5.0, 0.15 ],
																	"to": [ 1.6, 1.0, 1.35 ],
																	"unwrapMode": 1,
																	"uv": [ 51.5, 20.5 ],
																	"rotationOrigin": [ 1.3, 0.6, 0.75 ],
																	"rotationX": 3.0,
																	"rotationZ": -4.0,
																	"faces": {
																		"north": { "texture": "#skin", "uv": [ 52.5, 21.5, 53.5, 27.5 ] },
																		"east": { "texture": "#skin", "uv": [ 51.5, 21.5, 52.5, 27.5 ] },
																		"south": { "texture": "#skin", "uv": [ 54.5, 21.5, 55.5, 27.5 ] },
																		"west": { "texture": "#skin", "uv": [ 53.5, 21.5, 54.5, 27.5 ] },
																		"up": { "texture": "#skin", "uv": [ 52.5, 20.5, 53.5, 21.5 ], "rotation": 180 },
																		"down": { "texture": "#skin", "uv": [ 52.5, 27.5, 53.5, 28.5 ] }
																	},
																	"children": [
																		{
																			"name": "R Front Pastern",
																			"from": [ 0.0, -1.5, 0.05 ],
																			"to": [ 1.0, 0.5, 1.15 ],
																			"unwrapMode": 4,
																			"uv": [ 51.5, 29.0 ],
																			"rotationOrigin": [ 0.6, 0.5, 0.6 ],
																			"rotationX": 1.0,
																			"rotationZ": -12.0,
																			"faces": {
																				"north": { "texture": "#skin", "uv": [ 51.5, 30.0, 52.5, 32.0 ] },
																				"east": { "texture": "#skin", "uv": [ 54.5, 30.0, 55.5, 32.0 ] },
																				"south": { "texture": "#skin", "uv": [ 53.5, 30.0, 54.5, 32.0 ] },
																				"west": { "texture": "#skin", "uv": [ 52.5, 30.0, 53.5, 32.0 ] },
																				"up": { "texture": "#skin", "uv": [ 52.5, 29.0, 53.5, 30.0 ], "rotation": 90 },
																				"down": { "texture": "#skin", "uv": [ 52.5, 32.0, 53.5, 33.0 ], "rotation": 90 }
																			},
																			"children": [
																				{
																					"name": "R Front Hoof",
																					"from": [ 0.5, 0.9, 0.7 ],
																					"to": [ 0.5, 0.9, 0.7 ],
																					"uv": [ 0.0, 0.0 ],
																					"rotationOrigin": [ 0.5, 0.9, 0.7 ],
																					"rotationZ": -12.0,
																					"faces": {
																					},
																					"children": [
																						{
																							"name": "R Front Hoof1",
																							"from": [ -1.9, -0.4, -0.65 ],
																							"to": [ -0.3, 0.1, 0.35 ],
																							"unwrapMode": 5,
																							"uv": [ 56.0, 60.5 ],
																							"rotationOrigin": [ -0.3, 0.1, 0.5 ],
																							"rotationZ": 60.0,
																							"faces": {
																								"north": { "texture": "#skin", "uv": [ 56.5, 60.5, 58.0, 61.0 ], "rotation": 180 },
																								"east": { "texture": "#skin", "uv": [ 58.0, 61.0, 58.5, 62.0 ], "rotation": 90 },
																								"south": { "texture": "#skin", "uv": [ 56.5, 62.0, 58.0, 62.5 ] },
																								"west": { "texture": "#skin", "uv": [ 56.0, 61.0, 56.5, 62.0 ], "rotation": 270 },
																								"up": { "texture": "#skin", "uv": [ 56.5, 61.0, 58.0, 62.0 ] },
																								"down": { "texture": "#skin", "uv": [ 58.5, 61.0, 60.0, 62.0 ] }
																							}
																						},
																						{
																							"name": "R Front Hoof2",
																							"from": [ -1.0, -1.0, -0.66 ],
																							"to": [ 0.4, -0.4, 0.34 ],
																							"unwrapMode": 5,
																							"uv": [ 57.0, 55.0 ],
																							"rotationOrigin": [ 0.2, -0.4, 0.3 ],
																							"rotationZ": 27.0,
																							"faces": {
																								"north": { "texture": "#skin", "uv": [ 57.5, 55.0, 58.5, 55.5 ], "rotation": 180 },
																								"east": { "texture": "#skin", "uv": [ 58.5, 55.5, 59.0, 56.5 ], "rotation": 90 },
																								"south": { "texture": "#skin", "uv": [ 57.5, 56.5, 58.5, 57.0 ] },
																								"west": { "texture": "#skin", "uv": [ 57.0, 55.5, 57.5, 56.5 ], "rotation": 270 },
																								"up": { "texture": "#skin", "uv": [ 57.5, 55.5, 58.5, 56.5 ] },
																								"down": { "texture": "#skin", "uv": [ 59.0, 55.5, 60.0, 56.5 ] }
																							}
																						}
																					]
																				}
																			]
																		}
																	]
																}
															]
														}
													]
												}
											]
										}
									],
									"attachmentpoints": [
										{
											"code": "Center",
											"posX": "9.0","posY": "4.0","posZ": "5.0",
											"rotationX": "0.0","rotationY": "0.0","rotationZ": "0.0"
										}
									]
								}
							]
						}
					]
				}
			]
		}
	]}