{
	"editor": {
		"collapsedPaths": "Root/Body/abdomen,Root/Body/Left Shoulder,Root/Body/Right Shoulder",
		"allAngles": true,
		"entityTextureMode": true
	},
	"textureWidth": 28,
	"textureHeight": 48,
	"textureSizes": {
		"skin": [28,48]
	},
	"textures": {
	},
	"elements": [
		{
			"name": "Origin",
			"from": [ 8.0, 0.4, 8.0 ],
			"to": [ 8.0, 0.4, 8.0 ],
			"uv": [ 0.0, 0.0 ],
			"rotationOrigin": [ 8.0, 0.0, 8.0 ],
			"rotationZ": 6.0,
			"faces": {
			},
			"children": [
				{
					"name": "Rear",
					"from": [ 0.5987, 6.5, -1.7 ],
					"to": [ 3.5987, 9.7, 1.5 ],
					"unwrapMode": 7,
					"unwrapRotation": 1,
					"autoUnwrap": false,
					"uv": [ 0.5, 21.0 ],
					"rotationOrigin": [ 0.5987, 9.0, -0.2 ],
					"rotationZ": -8.0,
					"faces": {
						"north": { "texture": "#skin", "uv": [ 6.5, 24.0, 9.5, 27.0 ], "rotation": 90 },
						"east": { "texture": "#skin", "uv": [ 3.5, 27.0, 6.5, 30.0 ] },
						"south": { "texture": "#skin", "uv": [ 0.5, 24.0, 3.5, 27.0 ], "rotation": 270 },
						"west": { "texture": "#skin", "uv": [ 9.5, 31.0, 12.5, 34.0 ] },
						"up": { "texture": "#skin", "uv": [ 3.5, 24.0, 6.5, 27.0 ], "rotation": 270 },
						"down": { "texture": "#skin", "uv": [ 9.5, 24.0, 12.5, 27.0 ], "rotation": 90 }
					},
					"children": [
						{
							"name": "L Haunch",
							"from": [ 0.7, -0.8, 2.4 ],
							"to": [ 3.2, 2.8, 3.6 ],
							"unwrapMode": 2,
							"uv": [ 13.0, 22.3846 ],
							"rotationOrigin": [ 1.9, 1.9, 3.0 ],
							"rotationX": 3.0,
							"faces": {
								"north": { "texture": "#skin", "uv": [ 16.5, 25.0, 19.0, 28.5 ] },
								"east": { "texture": "#skin", "uv": [ 15.5, 25.0, 16.5, 28.5 ] },
								"south": { "texture": "#skin", "uv": [ 13.0, 25.0, 15.5, 28.5 ] },
								"west": { "texture": "#skin", "uv": [ 19.0, 25.0, 20.0, 28.5 ] },
								"up": { "texture": "#skin", "uv": [ 15.5, 22.5, 16.5, 25.0 ], "rotation": 270, "windMode": [-1,-1,-1,-1], "windData": [0,0,1,1] },
								"down": { "texture": "#skin", "uv": [ 15.5, 28.5, 16.5, 31.0 ], "rotation": 270 }
							},
							"children": [
								{
									"name": "L LegUp",
									"from": [ 0.1, -3.4, 0.1 ],
									"to": [ 1.3, 0.3, 1.1 ],
									"unwrapMode": 2,
									"uv": [ 14.5, 32.4615 ],
									"rotationOrigin": [ 0.3, 0.2, 0.6 ],
									"rotationX": 1.0,
									"rotationZ": 45.6667,
									"faces": {
										"north": { "texture": "#skin", "uv": [ 16.5, 33.5, 17.5, 37.0 ] },
										"east": { "texture": "#skin", "uv": [ 15.5, 33.5, 16.5, 37.0 ] },
										"south": { "texture": "#skin", "uv": [ 14.5, 33.5, 15.5, 37.0 ] },
										"west": { "texture": "#skin", "uv": [ 17.5, 33.5, 18.5, 37.0 ] },
										"up": { "texture": "#skin", "uv": [ 15.5, 32.5, 16.5, 33.5 ], "rotation": 270 },
										"down": { "texture": "#skin", "uv": [ 15.5, 37.0, 16.5, 38.0 ], "rotation": 270 }
									},
									"children": [
										{
											"name": "L LegLow",
											"from": [ 0.2, -3.4, 0.1 ],
											"to": [ 1.1, 0.3, 0.8 ],
											"unwrapMode": 2,
											"uv": [ 15.0, 39.5 ],
											"rotationOrigin": [ 0.8, 0.1, 0.5 ],
											"rotationX": -4.6667,
											"rotationZ": -44.6667,
											"faces": {
												"north": { "texture": "#skin", "uv": [ 16.0, 40.0, 16.5, 43.5 ] },
												"east": { "texture": "#skin", "uv": [ 15.5, 40.0, 16.0, 43.5 ] },
												"south": { "texture": "#skin", "uv": [ 15.0, 40.0, 15.5, 43.5 ] },
												"west": { "texture": "#skin", "uv": [ 16.5, 40.0, 17.0, 43.5 ] },
												"up": { "texture": "#skin", "uv": [ 15.5, 39.5, 16.0, 40.0 ], "rotation": 270 },
												"down": { "texture": "#skin", "uv": [ 15.5, 43.5, 16.0, 44.0 ], "rotation": 270 }
											},
											"children": [
												{
													"name": "L Hind Pastern",
													"from": [ 0.0, -0.7, 0.05 ],
													"to": [ 0.8, 0.5, 0.65 ],
													"unwrapMode": 4,
													"uv": [ 15.0, 45.0 ],
													"rotationOrigin": [ 0.5, 0.3, 0.4 ],
													"rotationZ": -29.0,
													"faces": {
														"north": { "texture": "#skin", "uv": [ 15.0, 45.5, 15.5, 46.5 ] },
														"east": { "texture": "#skin", "uv": [ 16.5, 45.5, 17.0, 46.5 ] },
														"south": { "texture": "#skin", "uv": [ 16.0, 45.5, 16.5, 46.5 ] },
														"west": { "texture": "#skin", "uv": [ 15.5, 45.5, 16.0, 46.5 ] },
														"up": { "texture": "#skin", "uv": [ 15.5, 45.0, 16.0, 45.5 ], "rotation": 90 },
														"down": { "texture": "#skin", "uv": [ 15.5, 46.5, 16.0, 47.0 ], "rotation": 90 }
													},
													"children": [
														{
															"name": "L Hind Hoof",
															"from": [ 0.4, 0.4, 0.4 ],
															"to": [ 0.4, 0.4, 0.4 ],
															"uv": [ 0.0, 0.0 ],
															"rotationOrigin": [ 0.4, 0.4, 0.4 ],
															"rotationZ": 6.0,
															"faces": {
															},
															"children": [
																{
																	"name": "L Hind Hoof1",
																	"from": [ -1.0, -0.2, -0.35 ],
																	"to": [ -0.2, 0.2, 0.15 ],
																	"unwrapMode": 4,
																	"uv": [ 14.0, 10.0 ],
																	"rotationOrigin": [ -0.2, 0.1, 0.2 ],
																	"rotationZ": 60.0,
																	"faces": {
																		"north": { "texture": "#skin", "uv": [ 14.0, 10.5, 14.5, 11.0 ] },
																		"east": { "texture": "#skin", "uv": [ 15.5, 10.5, 16.0, 11.0 ] },
																		"south": { "texture": "#skin", "uv": [ 15.0, 10.5, 15.5, 11.0 ] },
																		"west": { "texture": "#skin", "uv": [ 14.5, 10.5, 15.0, 11.0 ] },
																		"up": { "texture": "#skin", "uv": [ 14.5, 10.0, 15.0, 10.5 ], "rotation": 90 },
																		"down": { "texture": "#skin", "uv": [ 14.5, 11.0, 15.0, 11.5 ], "rotation": 90 }
																	}
																},
																{
																	"name": "L Hind Hoof2",
																	"from": [ -0.5, -0.5, -0.35 ],
																	"to": [ 0.2, -0.2, 0.15 ],
																	"unwrapMode": 4,
																	"uv": [ 12.0, 10.0 ],
																	"rotationOrigin": [ 0.1, -0.2, 0.15 ],
																	"rotationZ": 27.0,
																	"faces": {
																		"north": { "texture": "#skin", "uv": [ 12.0, 10.5, 12.5, 11.0 ] },
																		"east": { "texture": "#skin", "uv": [ 13.5, 10.5, 14.0, 11.0 ] },
																		"south": { "texture": "#skin", "uv": [ 13.0, 10.5, 13.5, 11.0 ] },
																		"west": { "texture": "#skin", "uv": [ 12.5, 10.5, 13.0, 11.0 ] },
																		"up": { "texture": "#skin", "uv": [ 12.5, 10.0, 13.0, 10.5 ], "rotation": 90 },
																		"down": { "texture": "#skin", "uv": [ 12.5, 11.0, 13.0, 11.5 ], "rotation": 90 }
																	}
																}
															]
														}
													]
												}
											]
										}
									]
								}
							]
						},
						{
							"name": "Tail",
							"from": [ 2.5, 1.5, 1.1 ],
							"to": [ 3.1, 3.0, 2.1 ],
							"unwrapMode": 2,
							"uv": [ 18.5, 41.5 ],
							"rotationOrigin": [ 2.9, 3.0, 1.6 ],
							"rotationZ": 18.0,
							"faces": {
								"north": { "texture": "#skin", "uv": [ 20.0, 42.0, 20.5, 43.5 ], "windMode": [-1,-1,-1,-1], "windData": [0,1,1,0] },
								"east": { "texture": "#skin", "uv": [ 19.0, 42.0, 20.0, 43.5 ], "windMode": [-1,-1,-1,-1], "windData": [0,1,1,0] },
								"south": { "texture": "#skin", "uv": [ 18.5, 42.0, 19.0, 43.5 ] },
								"west": { "texture": "#skin", "uv": [ 20.5, 42.0, 21.5, 43.5 ], "windMode": [-1,-1,-1,-1], "windData": [0,0,1,1] },
								"up": { "texture": "#skin", "uv": [ 19.0, 41.5, 20.0, 42.0 ], "rotation": 270, "windMode": [-1,-1,-1,-1], "windData": [1,1,1,1] },
								"down": { "texture": "#skin", "uv": [ 19.0, 43.5, 20.0, 44.0 ], "rotation": 270, "windMode": [-1,-1,-1,-1] }
							},
							"children": [
								{
									"name": "Tail2",
									"from": [ 0.1, -1.0, 0.2 ],
									"to": [ 0.6, 0.0, 0.8 ],
									"unwrapMode": 2,
									"uv": [ 18.5, 45.0 ],
									"rotationOrigin": [ 0.6, 0.0, 0.2 ],
									"rotationZ": -17.0,
									"faces": {
										"north": { "texture": "#skin", "uv": [ 19.5, 45.0, 20.0, 46.0 ] },
										"east": { "texture": "#skin", "uv": [ 19.0, 45.0, 19.5, 46.0 ] },
										"south": { "texture": "#skin", "uv": [ 18.5, 45.0, 19.0, 46.0 ] },
										"west": { "texture": "#skin", "uv": [ 20.0, 45.0, 20.5, 46.0 ] },
										"down": { "texture": "#skin", "uv": [ 19.0, 46.0, 19.5, 46.5 ], "rotation": 270 }
									}
								}
							]
						},
						{
							"name": "R Haunch",
							"from": [ 0.4, -0.8, -0.5 ],
							"to": [ 2.9, 2.8, 0.7 ],
							"unwrapMode": 2,
							"uv": [ 20.5, 22.3462 ],
							"rotationOrigin": [ 1.9, 1.9, 0.2 ],
							"rotationX": -3.0,
							"rotationZ": 19.0,
							"faces": {
								"north": { "texture": "#skin", "uv": [ 24.0, 25.0, 26.5, 28.5 ] },
								"east": { "texture": "#skin", "uv": [ 23.0, 25.0, 24.0, 28.5 ] },
								"south": { "texture": "#skin", "uv": [ 20.5, 25.0, 23.0, 28.5 ] },
								"west": { "texture": "#skin", "uv": [ 26.5, 25.0, 27.5, 28.5 ] },
								"up": { "texture": "#skin", "uv": [ 23.0, 22.5, 24.0, 25.0 ], "rotation": 270 },
								"down": { "texture": "#skin", "uv": [ 23.0, 28.5, 24.0, 31.0 ], "rotation": 270 }
							},
							"children": [
								{
									"name": "R LegUp",
									"from": [ 0.1, -3.4, 0.1 ],
									"to": [ 1.3, 0.3, 1.1 ],
									"unwrapMode": 2,
									"uv": [ 22.0, 31.9615 ],
									"rotationOrigin": [ 0.3, 0.2, 0.6 ],
									"rotationX": -1.0,
									"rotationZ": 44.0,
									"faces": {
										"north": { "texture": "#skin", "uv": [ 24.0, 33.0, 25.0, 36.5 ] },
										"east": { "texture": "#skin", "uv": [ 23.0, 33.0, 24.0, 36.5 ] },
										"south": { "texture": "#skin", "uv": [ 22.0, 33.0, 23.0, 36.5 ] },
										"west": { "texture": "#skin", "uv": [ 25.0, 33.0, 26.0, 36.5 ] },
										"up": { "texture": "#skin", "uv": [ 23.0, 32.0, 24.0, 33.0 ], "rotation": 270 },
										"down": { "texture": "#skin", "uv": [ 23.0, 36.5, 24.0, 37.5 ], "rotation": 270 }
									},
									"children": [
										{
											"name": "R LegLow",
											"from": [ 0.2, -3.4, 0.1 ],
											"to": [ 1.1, 0.3, 0.8 ],
											"unwrapMode": 2,
											"uv": [ 22.5, 39.5 ],
											"rotationOrigin": [ 0.8, 0.1, 0.5 ],
											"rotationX": 4.0,
											"rotationZ": -58.0,
											"faces": {
												"north": { "texture": "#skin", "uv": [ 23.5, 40.0, 24.0, 43.5 ] },
												"east": { "texture": "#skin", "uv": [ 23.0, 40.0, 23.5, 43.5 ] },
												"south": { "texture": "#skin", "uv": [ 22.5, 40.0, 23.0, 43.5 ] },
												"west": { "texture": "#skin", "uv": [ 24.0, 40.0, 24.5, 43.5 ] },
												"up": { "texture": "#skin", "uv": [ 23.0, 39.5, 23.5, 40.0 ], "rotation": 270 },
												"down": { "texture": "#skin", "uv": [ 23.0, 43.5, 23.5, 44.0 ], "rotation": 270 }
											},
											"children": [
												{
													"name": "R Hind Pastern",
													"from": [ 0.0, -0.7, 0.05 ],
													"to": [ 0.8, 0.5, 0.65 ],
													"unwrapMode": 4,
													"uv": [ 22.5, 45.0 ],
													"rotationOrigin": [ 0.5, 0.3, 0.4 ],
													"rotationZ": 24.0,
													"faces": {
														"north": { "texture": "#skin", "uv": [ 22.5, 45.5, 23.0, 46.5 ] },
														"east": { "texture": "#skin", "uv": [ 24.0, 45.5, 24.5, 46.5 ] },
														"south": { "texture": "#skin", "uv": [ 23.5, 45.5, 24.0, 46.5 ] },
														"west": { "texture": "#skin", "uv": [ 23.0, 45.5, 23.5, 46.5 ] },
														"up": { "texture": "#skin", "uv": [ 23.0, 45.0, 23.5, 45.5 ], "rotation": 90 },
														"down": { "texture": "#skin", "uv": [ 23.0, 46.5, 23.5, 47.0 ], "rotation": 90 }
													},
													"children": [
														{
															"name": "R Hind Hoof",
															"from": [ 0.4, 0.6, 0.4 ],
															"to": [ 0.4, 0.6, 0.4 ],
															"uv": [ 0.0, 0.0 ],
															"rotationOrigin": [ 0.4, 0.4, 0.4 ],
															"rotationZ": 31.0,
															"faces": {
															},
															"children": [
																{
																	"name": "R Hind Hoof1",
																	"from": [ -1.0, -0.2, -0.35 ],
																	"to": [ -0.2, 0.2, 0.15 ],
																	"unwrapMode": 4,
																	"uv": [ 12.0, 6.5 ],
																	"rotationOrigin": [ -0.2, 0.1, 0.2 ],
																	"rotationZ": 60.0,
																	"faces": {
																		"north": { "texture": "#skin", "uv": [ 12.0, 7.0, 12.5, 7.5 ] },
																		"east": { "texture": "#skin", "uv": [ 13.5, 7.0, 14.0, 7.5 ] },
																		"south": { "texture": "#skin", "uv": [ 13.0, 7.0, 13.5, 7.5 ] },
																		"west": { "texture": "#skin", "uv": [ 12.5, 7.0, 13.0, 7.5 ] },
																		"up": { "texture": "#skin", "uv": [ 12.5, 6.5, 13.0, 7.0 ], "rotation": 90 },
																		"down": { "texture": "#skin", "uv": [ 12.5, 7.5, 13.0, 8.0 ], "rotation": 90 }
																	}
																},
																{
																	"name": "R Hind Hoof2",
																	"from": [ -0.5, -0.5, -0.35 ],
																	"to": [ 0.2, -0.2, 0.15 ],
																	"unwrapMode": 4,
																	"uv": [ 14.0, 6.5 ],
																	"rotationOrigin": [ 0.1, -0.2, 0.15 ],
																	"rotationZ": 27.0,
																	"faces": {
																		"north": { "texture": "#skin", "uv": [ 14.0, 7.0, 14.5, 7.5 ] },
																		"east": { "texture": "#skin", "uv": [ 15.5, 7.0, 16.0, 7.5 ] },
																		"south": { "texture": "#skin", "uv": [ 15.0, 7.0, 15.5, 7.5 ] },
																		"west": { "texture": "#skin", "uv": [ 14.5, 7.0, 15.0, 7.5 ] },
																		"up": { "texture": "#skin", "uv": [ 14.5, 6.5, 15.0, 7.0 ], "rotation": 90 },
																		"down": { "texture": "#skin", "uv": [ 14.5, 7.5, 15.0, 8.0 ], "rotation": 90 }
																	}
																}
															]
														}
													]
												}
											]
										}
									]
								}
							]
						},
						{
							"name": "Midsection",
							"from": [ -2.4, 0.1, 0.1 ],
							"to": [ 0.6, 3.1, 3.1 ],
							"unwrapMode": 7,
							"unwrapRotation": 1,
							"autoUnwrap": false,
							"uv": [ 0.5, 17.0 ],
							"rotationOrigin": [ 0.4, 2.5, 0.1 ],
							"rotationZ": 9.0,
							"faces": {
								"north": { "texture": "#skin", "uv": [ 6.5, 20.0, 9.5, 23.0 ], "rotation": 90 },
								"east": { "texture": "#skin", "uv": [ 6.0, 31.0, 9.0, 34.0 ], "windMode": [-1,-1,-1,-1] },
								"south": { "texture": "#skin", "uv": [ 0.5, 20.0, 3.5, 23.0 ], "rotation": 270 },
								"west": { "texture": "#skin", "uv": [ 6.0, 31.0, 9.0, 34.0 ], "rotation": 180, "windMode": [-1,-1,-1,-1] },
								"up": { "texture": "#skin", "uv": [ 3.5, 20.0, 6.5, 23.0 ], "rotation": 270 },
								"down": { "texture": "#skin", "uv": [ 9.5, 20.0, 12.5, 23.0 ], "rotation": 90 }
							},
							"children": [
								{
									"name": "Chest",
									"from": [ -2.4, -0.1, -0.1 ],
									"to": [ 0.6, 3.1, 3.1 ],
									"unwrapMode": 7,
									"unwrapRotation": 1,
									"autoUnwrap": false,
									"uv": [ 0.5, 12.9231 ],
									"rotationOrigin": [ 0.4, 2.0, 1.7 ],
									"rotationZ": -4.0,
									"faces": {
										"north": { "texture": "#skin", "uv": [ 6.5, 16.0, 9.5, 19.0 ], "rotation": 90 },
										"east": { "texture": "#skin", "uv": [ 0.5, 31.0, 3.5, 34.0 ] },
										"south": { "texture": "#skin", "uv": [ 0.5, 16.0, 3.5, 19.0 ], "rotation": 270 },
										"west": { "texture": "#skin", "uv": [ 3.5, 13.0, 6.5, 16.0 ], "rotation": 180 },
										"up": { "texture": "#skin", "uv": [ 3.5, 16.0, 6.5, 19.0 ], "rotation": 270 },
										"down": { "texture": "#skin", "uv": [ 9.5, 16.0, 12.5, 19.0 ], "rotation": 90 }
									},
									"children": [
										{
											"name": "Neck",
											"from": [ -0.8, 2.2, 0.6 ],
											"to": [ 2.1, 4.8, 2.6 ],
											"unwrapMode": 2,
											"uv": [ 1.5, 7.0 ],
											"rotationOrigin": [ 1.6, 2.2, 1.5 ],
											"rotationZ": 54.0,
											"faces": {
												"north": { "texture": "#skin", "uv": [ 6.0, 9.5, 8.5, 12.0 ], "windMode": [-1,-1,-1,-1], "windData": [0,0,1,0] },
												"east": { "texture": "#skin", "uv": [ 4.0, 9.5, 6.0, 12.0 ], "windMode": [-1,-1,-1,-1], "windData": [1,0,0,1] },
												"south": { "texture": "#skin", "uv": [ 1.5, 9.5, 4.0, 12.0 ] },
												"west": { "texture": "#skin", "uv": [ 8.5, 9.5, 10.5, 12.0 ] },
												"up": { "texture": "#skin", "uv": [ 4.0, 7.0, 6.0, 9.5 ], "rotation": 270 }
											},
											"children": [
												{
													"name": "Neck2",
													"from": [ 0.5, 0.6, 0.1 ],
													"to": [ 2.5, 4.1, 1.9 ],
													"unwrapMode": 2,
													"autoUnwrap": false,
													"uv": [ 2.5, 0.38 ],
													"rotationOrigin": [ 2.7, 2.1, 0.9 ],
													"rotationZ": -45.0,
													"faces": {
														"north": { "texture": "#skin", "uv": [ 6.0, 2.5, 8.0, 6.0 ] },
														"east": { "texture": "#skin", "uv": [ 4.5, 2.5, 6.0, 6.0 ] },
														"south": { "texture": "#skin", "uv": [ 2.5, 2.5, 4.5, 6.0 ] },
														"west": { "texture": "#skin", "uv": [ 8.0, 2.5, 9.5, 6.0 ] },
														"up": { "texture": "#skin", "uv": [ 4.5, 0.5, 6.0, 2.5 ], "rotation": 270 },
														"down": { "texture": "#skin", "uv": [ 4.5, 0.5, 6.0, 2.5 ], "rotation": 90, "windMode": [-1,-1,-1,-1] }
													},
													"children": [
														{
															"name": "Head",
															"from": [ -0.7, 1.7, -0.2 ],
															"to": [ 1.4, 4.0, 2.0 ],
															"unwrapMode": 4,
															"uv": [ 1.5, 37.0 ],
															"rotationOrigin": [ 1.8, 3.2, 0.9 ],
															"rotationZ": -32.0,
															"faces": {
																"north": { "texture": "#skin", "uv": [ 1.5, 39.0, 3.5, 41.0 ] },
																"east": { "texture": "#skin", "uv": [ 7.5, 39.0, 9.5, 41.0 ] },
																"south": { "texture": "#skin", "uv": [ 5.5, 39.0, 7.5, 41.0 ] },
																"west": { "texture": "#skin", "uv": [ 3.5, 39.0, 5.5, 41.0 ] },
																"up": { "texture": "#skin", "uv": [ 3.5, 37.0, 5.5, 39.0 ], "rotation": 90 },
																"down": { "texture": "#skin", "uv": [ 3.5, 41.0, 5.5, 43.0 ], "rotation": 90 }
															},
															"children": [
																{
																	"name": "MouthUp",
																	"from": [ -1.3, 0.3, 0.5 ],
																	"to": [ 0.2, 0.9, 1.7 ],
																	"unwrapMode": 5,
																	"unwrapRotation": 1,
																	"uv": [ 10.5, 42.5 ],
																	"rotationOrigin": [ 0.3, 1.0, 1.1 ],
																	"rotationZ": 45.0,
																	"faces": {
																		"north": { "texture": "#skin", "uv": [ 10.5, 42.5, 11.0, 44.0 ], "rotation": 270 },
																		"south": { "texture": "#skin", "uv": [ 12.0, 42.5, 12.5, 44.0 ], "rotation": 90 },
																		"west": { "texture": "#skin", "uv": [ 11.0, 44.0, 12.0, 44.5 ] },
																		"up": { "texture": "#skin", "uv": [ 11.0, 42.5, 12.0, 44.0 ], "rotation": 90 },
																		"down": { "texture": "#skin", "uv": [ 12.5, 42.5, 13.5, 44.0 ], "rotation": 270 }
																	},
																	"children": [
																		{
																			"name": "Snout",
																			"from": [ -0.1, 0.2, 0.15 ],
																			"to": [ 0.5, 0.7, 1.05 ],
																			"unwrapMode": 4,
																			"uv": [ 12.5, 13.5 ],
																			"rotationOrigin": [ -0.1, 0.8, 0.6 ],
																			"faces": {
																				"north": { "texture": "#skin", "uv": [ 12.5, 14.0, 13.0, 14.5 ], "windMode": [-1,-1,-1,-1], "windData": [1,1,1,1] },
																				"east": { "texture": "#skin", "uv": [ 14.0, 14.0, 14.5, 14.5 ], "windMode": [-1,-1,-1,-1], "windData": [1,1,1,1] },
																				"south": { "texture": "#skin", "uv": [ 13.5, 14.0, 14.0, 14.5 ], "windMode": [-1,-1,-1,-1], "windData": [1,1,1,1] },
																				"west": { "texture": "#skin", "uv": [ 13.0, 14.0, 13.5, 14.5 ], "windMode": [-1,-1,-1,-1], "windData": [1,1,1,1] },
																				"up": { "texture": "#skin", "uv": [ 13.0, 13.5, 13.5, 14.0 ], "rotation": 90, "windMode": [-1,-1,-1,-1], "windData": [1,1,1,1] },
																				"down": { "texture": "#skin", "uv": [ 13.0, 14.5, 13.5, 15.0 ], "rotation": 90, "windMode": [-1,-1,-1,-1], "windData": [1,1,1,1] }
																			}
																		},
																		{
																			"name": "Nose",
																			"from": [ 0.3, 0.2, 0.1 ],
																			"to": [ 2.4, 0.6, 1.1 ],
																			"unwrapMode": 5,
																			"unwrapRotation": 1,
																			"uv": [ 10.5, 39.5 ],
																			"rotationOrigin": [ 0.3, 0.2, 0.4 ],
																			"rotationZ": 16.0,
																			"faces": {
																				"north": { "texture": "#skin", "uv": [ 10.5, 39.5, 11.0, 41.5 ], "rotation": 270 },
																				"south": { "texture": "#skin", "uv": [ 12.0, 39.5, 12.5, 41.5 ], "rotation": 90 },
																				"up": { "texture": "#skin", "uv": [ 11.0, 39.5, 12.0, 41.5 ], "rotation": 90 }
																			}
																		}
																	]
																},
																{
																	"name": "R Ear",
																	"from": [ 1.5, 1.5, -0.7 ],
																	"to": [ 1.8, 2.5, 0.3 ],
																	"unwrapMode": 4,
																	"unwrapRotation": 1,
																	"autoUnwrap": false,
																	"uv": [ 9.5, 36.5 ],
																	"rotationOrigin": [ 1.6, 1.9, 0.3 ],
																	"rotationX": 65.0,
																	"rotationZ": 22.0,
																	"faces": {
																		"north": { "texture": "#skin", "uv": [ 10.0, 36.0, 11.0, 36.5 ], "rotation": 90, "windMode": [-1,-1,-1,-1] },
																		"east": { "texture": "#skin", "uv": [ 11.5, 36.5, 12.5, 37.5 ], "rotation": 270, "windMode": [-1,-1,-1,-1] },
																		"west": { "texture": "#skin", "uv": [ 10.0, 36.5, 11.0, 37.5 ], "rotation": 90, "windMode": [-1,-1,-1,-1] },
																		"up": { "texture": "#skin", "uv": [ 9.5, 36.5, 10.0, 37.5 ], "rotation": 180, "windMode": [-1,-1,-1,-1] },
																		"down": { "texture": "#skin", "uv": [ 11.0, 36.5, 11.5, 37.5 ], "rotation": 180, "windMode": [-1,-1,-1,-1] }
																	},
																	"children": [
																		{
																			"name": "R Ear2",
																			"from": [ 0.0, 0.4, -1.5 ],
																			"to": [ 0.3, 1.0, 0.0 ],
																			"unwrapMode": 4,
																			"unwrapRotation": 1,
																			"autoUnwrap": false,
																			"uv": [ 12.0, 34.0 ],
																			"rotationOrigin": [ 0.1, 1.0, 0.0 ],
																			"rotationX": -16.0,
																			"rotationZ": 1.0,
																			"faces": {
																				"north": { "texture": "#skin", "uv": [ 10.0, 35.0, 10.5, 35.5 ], "rotation": 90, "windMode": [-1,-1,-1,-1] },
																				"east": { "texture": "#skin", "uv": [ 11.0, 36.0, 11.5, 37.5 ], "rotation": 270, "windMode": [-1,-1,-1,-1] },
																				"west": { "texture": "#skin", "uv": [ 10.0, 35.5, 10.5, 37.0 ], "rotation": 90, "windMode": [-1,-1,-1,-1] },
																				"up": { "texture": "#skin", "uv": [ 9.5, 35.5, 10.0, 37.0 ], "rotation": 180, "windMode": [-1,-1,-1,-1] },
																				"down": { "texture": "#skin", "uv": [ 10.5, 35.5, 11.0, 37.0 ], "rotation": 180, "windMode": [-1,-1,-1,-1] }
																			}
																		},
																		{
																			"name": "R Ear3",
																			"from": [ 0.0, -0.2, -0.5 ],
																			"to": [ 0.3, 0.8, 0.5 ],
																			"unwrapMode": 4,
																			"unwrapRotation": 1,
																			"autoUnwrap": false,
																			"uv": [ 9.5, 36.5 ],
																			"rotationOrigin": [ 0.1, 0.2, 0.5 ],
																			"rotationX": -16.0,
																			"rotationZ": -2.0,
																			"faces": {
																				"north": { "texture": "#skin", "uv": [ 10.0, 36.0, 11.0, 36.5 ], "rotation": 90, "windMode": [-1,-1,-1,-1] },
																				"east": { "texture": "#skin", "uv": [ 11.5, 36.5, 12.5, 37.5 ], "rotation": 270, "windMode": [-1,-1,-1,-1] },
																				"west": { "texture": "#skin", "uv": [ 10.0, 36.5, 11.0, 37.5 ], "rotation": 90, "windMode": [-1,-1,-1,-1] },
																				"up": { "texture": "#skin", "uv": [ 9.5, 36.5, 10.0, 37.5 ], "rotation": 180, "windMode": [-1,-1,-1,-1] },
																				"down": { "texture": "#skin", "uv": [ 11.0, 36.5, 11.5, 37.5 ], "rotation": 180, "windMode": [-1,-1,-1,-1] }
																			},
																			"children": [
																				{
																					"name": "R Ear4",
																					"from": [ 0.0, 0.0, -1.0 ],
																					"to": [ 0.3, 0.6, 0.0 ],
																					"unwrapMode": 4,
																					"unwrapRotation": 1,
																					"autoUnwrap": false,
																					"uv": [ 13.0, 32.0 ],
																					"rotationOrigin": [ 0.1, 0.0, 0.0 ],
																					"rotationX": 43.0,
																					"rotationZ": -2.0,
																					"faces": {
																						"north": { "texture": "#skin", "uv": [ 10.5, 35.0, 11.0, 35.5 ], "rotation": 90, "windMode": [-1,-1,-1,-1] },
																						"east": { "texture": "#skin", "uv": [ 11.5, 35.5, 12.0, 36.5 ], "rotation": 270, "windMode": [-1,-1,-1,-1] },
																						"west": { "texture": "#skin", "uv": [ 10.5, 35.5, 11.0, 36.5 ], "rotation": 90, "windMode": [-1,-1,-1,-1] },
																						"up": { "texture": "#skin", "uv": [ 10.0, 35.5, 10.5, 36.5 ], "rotation": 180, "windMode": [-1,-1,-1,-1] },
																						"down": { "texture": "#skin", "uv": [ 11.0, 35.5, 11.5, 36.5 ], "rotation": 180, "windMode": [-1,-1,-1,-1] }
																					}
																				}
																			]
																		}
																	]
																},
																{
																	"name": "L Ear",
																	"from": [ 1.5, 1.5, 1.8 ],
																	"to": [ 1.8, 2.5, 2.8 ],
																	"unwrapMode": 4,
																	"unwrapRotation": 1,
																	"uv": [ 6.0, 36.0 ],
																	"rotationOrigin": [ 1.6, 1.9, 1.8 ],
																	"rotationX": -65.0,
																	"rotationZ": 22.0,
																	"faces": {
																		"east": { "texture": "#skin", "uv": [ 8.0, 36.5, 9.0, 37.5 ], "rotation": 270, "windMode": [-1,-1,-1,-1] },
																		"south": { "texture": "#skin", "uv": [ 6.5, 36.0, 7.5, 36.5 ], "rotation": 90, "windMode": [-1,-1,-1,-1] },
																		"west": { "texture": "#skin", "uv": [ 6.5, 36.5, 7.5, 37.5 ], "rotation": 90, "windMode": [-1,-1,-1,-1] },
																		"up": { "texture": "#skin", "uv": [ 6.0, 36.5, 6.5, 37.5 ], "rotation": 180, "windMode": [-1,-1,-1,-1] },
																		"down": { "texture": "#skin", "uv": [ 7.5, 36.5, 8.0, 37.5 ], "rotation": 180, "windMode": [-1,-1,-1,-1] }
																	},
																	"children": [
																		{
																			"name": "L Ear2",
																			"from": [ 0.0, 0.4, 1.0 ],
																			"to": [ 0.3, 1.0, 2.5 ],
																			"unwrapMode": 4,
																			"unwrapRotation": 1,
																			"uv": [ 6.0, 35.0 ],
																			"rotationOrigin": [ 0.1, 1.0, 1.0 ],
																			"rotationX": 16.0,
																			"rotationZ": -1.0,
																			"faces": {
																				"east": { "texture": "#skin", "uv": [ 7.5, 35.5, 8.0, 37.0 ], "rotation": 270, "windMode": [-1,-1,-1,-1] },
																				"south": { "texture": "#skin", "uv": [ 6.5, 35.0, 7.0, 35.5 ], "rotation": 90, "windMode": [-1,-1,-1,-1] },
																				"west": { "texture": "#skin", "uv": [ 6.5, 35.5, 7.0, 37.0 ], "rotation": 90, "windMode": [-1,-1,-1,-1] },
																				"up": { "texture": "#skin", "uv": [ 6.0, 35.5, 6.5, 37.0 ], "rotation": 180, "windMode": [-1,-1,-1,-1] },
																				"down": { "texture": "#skin", "uv": [ 7.0, 35.5, 7.5, 37.0 ], "rotation": 180, "windMode": [-1,-1,-1,-1] }
																			}
																		},
																		{
																			"name": "L Ear3",
																			"from": [ 0.0, -0.2, 0.5 ],
																			"to": [ 0.3, 0.8, 1.5 ],
																			"unwrapMode": 4,
																			"unwrapRotation": 1,
																			"uv": [ 6.0, 36.0 ],
																			"rotationOrigin": [ 0.1, 0.2, 0.5 ],
																			"rotationX": 16.0,
																			"rotationZ": -2.0,
																			"faces": {
																				"east": { "texture": "#skin", "uv": [ 8.0, 36.5, 9.0, 37.5 ], "rotation": 270, "windMode": [-1,-1,-1,-1] },
																				"south": { "texture": "#skin", "uv": [ 6.5, 36.0, 7.5, 36.5 ], "rotation": 90, "windMode": [-1,-1,-1,-1] },
																				"west": { "texture": "#skin", "uv": [ 6.5, 36.5, 7.5, 37.5 ], "rotation": 90, "windMode": [-1,-1,-1,-1] },
																				"up": { "texture": "#skin", "uv": [ 6.0, 36.5, 6.5, 37.5 ], "rotation": 180, "windMode": [-1,-1,-1,-1] },
																				"down": { "texture": "#skin", "uv": [ 7.5, 36.5, 8.0, 37.5 ], "rotation": 180, "windMode": [-1,-1,-1,-1] }
																			},
																			"children": [
																				{
																					"name": "L Ear4",
																					"from": [ 0.0, 0.0, 1.0 ],
																					"to": [ 0.3, 0.6, 2.0 ],
																					"unwrapMode": 4,
																					"unwrapRotation": 1,
																					"uv": [ 6.5, 35.0 ],
																					"rotationOrigin": [ 0.1, 0.0, 1.0 ],
																					"rotationX": -43.0,
																					"rotationZ": -2.0,
																					"faces": {
																						"east": { "texture": "#skin", "uv": [ 8.0, 35.5, 8.5, 36.5 ], "rotation": 270, "windMode": [-1,-1,-1,-1] },
																						"south": { "texture": "#skin", "uv": [ 7.0, 35.0, 7.5, 35.5 ], "rotation": 90, "windMode": [-1,-1,-1,-1] },
																						"west": { "texture": "#skin", "uv": [ 7.0, 35.5, 7.5, 36.5 ], "rotation": 90, "windMode": [-1,-1,-1,-1] },
																						"up": { "texture": "#skin", "uv": [ 6.5, 35.5, 7.0, 36.5 ], "rotation": 180, "windMode": [-1,-1,-1,-1] },
																						"down": { "texture": "#skin", "uv": [ 7.5, 35.5, 8.0, 36.5 ], "rotation": 180, "windMode": [-1,-1,-1,-1] }
																					}
																				}
																			]
																		}
																	]
																},
																{
																	"name": "Jaw",
																	"from": [ 0.0, 0.0, 0.6 ],
																	"to": [ 1.0, 1.0, 1.6 ],
																	"unwrapMode": 5,
																	"unwrapRotation": 1,
																	"uv": [ 6.0, 42.5 ],
																	"rotationOrigin": [ 1.0, 0.6, 1.1 ],
																	"rotationZ": 23.0,
																	"faces": {
																		"north": { "texture": "#skin", "uv": [ 6.0, 42.5, 7.0, 43.5 ], "rotation": 270 },
																		"south": { "texture": "#skin", "uv": [ 8.0, 42.5, 9.0, 43.5 ], "rotation": 90 },
																		"west": { "texture": "#skin", "uv": [ 7.0, 43.5, 8.0, 44.5 ] },
																		"up": { "texture": "#skin", "uv": [ 7.0, 42.5, 8.0, 43.5 ], "rotation": 90 },
																		"down": { "texture": "#skin", "uv": [ 9.0, 42.5, 10.0, 43.5 ], "rotation": 270 }
																	},
																	"children": [
																		{
																			"name": "Jaw2",
																			"from": [ -0.8, 0.0, 0.01 ],
																			"to": [ 0.0, 0.5, 1.01 ],
																			"unwrapMode": 5,
																			"unwrapRotation": 1,
																			"uv": [ 6.5, 43.5 ],
																			"rotationOrigin": [ 0.0, 0.5, 0.5 ],
																			"rotationX": 1.0,
																			"rotationZ": 19.0,
																			"faces": {
																				"north": { "texture": "#skin", "uv": [ 6.5, 43.5, 7.0, 44.0 ], "rotation": 270 },
																				"south": { "texture": "#skin", "uv": [ 8.0, 43.5, 8.5, 44.0 ], "rotation": 90 },
																				"west": { "texture": "#skin", "uv": [ 7.0, 44.0, 8.0, 44.5 ] },
																				"up": { "texture": "#skin", "uv": [ 7.0, 43.5, 8.0, 44.0 ], "rotation": 90 },
																				"down": { "texture": "#skin", "uv": [ 8.5, 43.5, 9.5, 44.0 ], "rotation": 270 }
																			}
																		}
																	]
																},
																{
																	"name": "L Eye",
																	"from": [ 0.29, 0.8, 1.81 ],
																	"to": [ 0.89, 1.1, 2.21 ],
																	"unwrapMode": 5,
																	"uv": [ 14.0, 17.0 ],
																	"rotationOrigin": [ 0.2, 0.8, 1.8 ],
																	"rotationZ": 20.0,
																	"faces": {
																		"east": { "texture": "#skin", "uv": [ 14.5, 17.0, 15.0, 17.5 ], "rotation": 90 },
																		"south": { "texture": "#skin", "uv": [ 14.5, 17.5, 15.0, 18.0 ] },
																		"west": { "texture": "#skin", "uv": [ 14.0, 17.0, 14.5, 17.5 ], "rotation": 270 },
																		"down": { "texture": "#skin", "uv": [ 15.0, 17.0, 15.5, 17.5 ] }
																	},
																	"children": [
																		{
																			"name": "L Eye2",
																			"from": [ 0.0, 0.3, 0.0 ],
																			"to": [ 0.6, 0.6, 0.4 ],
																			"unwrapMode": 5,
																			"uv": [ 14.0, 19.0 ],
																			"rotationOrigin": [ 0.0, 0.3, -0.01 ],
																			"faces": {
																				"east": { "texture": "#skin", "uv": [ 15.0, 19.0, 15.5, 19.5 ], "rotation": 90 },
																				"south": { "texture": "#skin", "uv": [ 14.5, 19.5, 15.0, 20.0 ] },
																				"west": { "texture": "#skin", "uv": [ 14.0, 19.0, 14.5, 19.5 ], "rotation": 270 },
																				"up": { "texture": "#skin", "uv": [ 14.5, 19.0, 15.0, 19.5 ] }
																			}
																		},
																		{
																			"name": "L Pupil",
																			"from": [ 0.1, 0.2, 0.31 ],
																			"to": [ 0.4, 0.4, 0.41 ],
																			"unwrapMode": 5,
																			"uv": [ 15.0, 19.5 ],
																			"rotationOrigin": [ 0.1, 0.2, 0.39 ],
																			"faces": {
																				"east": { "texture": "#skin", "uv": [ 16.0, 20.0, 16.5, 20.5 ], "rotation": 90 },
																				"south": { "texture": "#skin", "uv": [ 15.5, 20.5, 16.0, 21.0 ] },
																				"west": { "texture": "#skin", "uv": [ 15.0, 20.0, 15.5, 20.5 ], "rotation": 270 },
																				"up": { "texture": "#skin", "uv": [ 15.5, 20.0, 16.0, 20.5 ] },
																				"down": { "texture": "#skin", "uv": [ 16.5, 20.0, 17.0, 20.5 ] }
																			}
																		}
																	]
																},
																{
																	"name": "R Eye",
																	"from": [ 0.29, 0.8, -0.01 ],
																	"to": [ 0.89, 1.1, 0.39 ],
																	"unwrapMode": 5,
																	"uv": [ 14.0, 16.5 ],
																	"rotationOrigin": [ 0.2, 0.8, 0.0 ],
																	"rotationZ": 20.0,
																	"faces": {
																		"north": { "texture": "#skin", "uv": [ 14.5, 16.5, 15.0, 17.0 ], "rotation": 180 },
																		"east": { "texture": "#skin", "uv": [ 14.5, 17.0, 15.0, 17.5 ], "rotation": 90, "windMode": [-1,-1,-1,-1] },
																		"west": { "texture": "#skin", "uv": [ 14.0, 17.0, 14.5, 17.5 ], "rotation": 270, "windMode": [-1,-1,-1,-1] },
																		"down": { "texture": "#skin", "uv": [ 15.0, 17.0, 15.5, 17.5 ], "windMode": [-1,-1,-1,-1] }
																	},
																	"children": [
																		{
																			"name": "R Eye2",
																			"from": [ 0.0, 0.3, 0.0 ],
																			"to": [ 0.6, 0.6, 0.4 ],
																			"unwrapMode": 5,
																			"uv": [ 14.0, 18.5 ],
																			"rotationOrigin": [ 0.0, 0.3, 0.01 ],
																			"faces": {
																				"north": { "texture": "#skin", "uv": [ 14.5, 18.5, 15.0, 19.0 ], "rotation": 180 },
																				"east": { "texture": "#skin", "uv": [ 15.0, 19.0, 15.5, 19.5 ], "rotation": 90 },
																				"west": { "texture": "#skin", "uv": [ 14.0, 19.0, 14.5, 19.5 ], "rotation": 270 },
																				"up": { "texture": "#skin", "uv": [ 14.5, 19.0, 15.0, 19.5 ] }
																			}
																		},
																		{
																			"name": "R Pupil",
																			"from": [ 0.1, 0.2, -0.01 ],
																			"to": [ 0.4, 0.4, 0.09 ],
																			"unwrapMode": 5,
																			"uv": [ 15.0, 19.5 ],
																			"rotationOrigin": [ 0.1, 0.2, -0.01 ],
																			"faces": {
																				"north": { "texture": "#skin", "uv": [ 15.5, 19.5, 16.0, 20.0 ], "rotation": 180 },
																				"east": { "texture": "#skin", "uv": [ 16.0, 20.0, 16.5, 20.5 ], "rotation": 90 },
																				"west": { "texture": "#skin", "uv": [ 15.0, 20.0, 15.5, 20.5 ], "rotation": 270 },
																				"up": { "texture": "#skin", "uv": [ 15.5, 20.0, 16.0, 20.5 ] },
																				"down": { "texture": "#skin", "uv": [ 16.5, 20.0, 17.0, 20.5 ], "windMode": [-1,-1,-1,-1] }
																			}
																		}
																	]
																}
															]
														}
													]
												}
											]
										},
										{
											"name": "L Shoulder",
											"from": [ -0.1, 0.1, 2.4 ],
											"to": [ 1.7, 2.8, 3.6 ],
											"unwrapMode": 4,
											"uv": [ 17.0, 1.0 ],
											"rotationOrigin": [ 0.7, 2.0, 3.0 ],
											"rotationX": 3.0,
											"rotationZ": -21.0,
											"faces": {
												"north": { "texture": "#skin", "uv": [ 17.0, 2.5, 18.5, 5.0 ] },
												"east": { "texture": "#skin", "uv": [ 21.0, 2.5, 22.0, 5.0 ] },
												"south": { "texture": "#skin", "uv": [ 19.5, 2.5, 21.0, 5.0 ] },
												"west": { "texture": "#skin", "uv": [ 18.5, 2.5, 19.5, 5.0 ] },
												"up": { "texture": "#skin", "uv": [ 18.5, 1.0, 19.5, 2.5 ], "rotation": 90, "windMode": [-1,-1,-1,-1] },
												"down": { "texture": "#skin", "uv": [ 18.5, 5.0, 19.5, 6.5 ], "rotation": 90 }
											},
											"children": [
												{
													"name": "L ArmUp",
													"from": [ 0.0, 0.0, -0.1 ],
													"to": [ 2.5, 1.2, 1.1 ],
													"unwrapMode": 4,
													"autoUnwrap": false,
													"uv": [ 17.0, 1.5 ],
													"rotationOrigin": [ 0.0, 0.0, 0.5 ],
													"rotationZ": -13.0,
													"faces": {
														"north": { "texture": "#skin", "uv": [ 17.0, 4.0, 19.5, 5.0 ] },
														"east": { "texture": "#skin", "uv": [ 20.0, 4.0, 21.0, 5.0 ] },
														"south": { "texture": "#skin", "uv": [ 19.5, 4.0, 22.0, 5.0 ] },
														"west": { "texture": "#skin", "uv": [ 19.5, 4.0, 20.5, 5.0 ] },
														"up": { "texture": "#skin", "uv": [ 17.0, 3.0, 19.5, 4.0 ], "windMode": [-1,-1,-1,-1] },
														"down": { "texture": "#skin", "uv": [ 18.5, 8.5, 21.0, 9.5 ] }
													},
													"children": [
														{
															"name": "L ArmMid",
															"from": [ 1.5, -2.9, 0.1 ],
															"to": [ 2.7, 0.8, 1.1 ],
															"unwrapMode": 4,
															"uv": [ 17.5, 7.5 ],
															"rotationOrigin": [ 2.0, 0.3, 0.8 ],
															"rotationX": 6.0,
															"faces": {
																"north": { "texture": "#skin", "uv": [ 17.5, 8.5, 18.5, 12.0 ] },
																"east": { "texture": "#skin", "uv": [ 20.5, 8.5, 21.5, 12.0 ] },
																"south": { "texture": "#skin", "uv": [ 19.5, 8.5, 20.5, 12.0 ] },
																"west": { "texture": "#skin", "uv": [ 18.5, 8.5, 19.5, 12.0 ] },
																"up": { "texture": "#skin", "uv": [ 18.5, 7.5, 19.5, 8.5 ], "rotation": 90 },
																"down": { "texture": "#skin", "uv": [ 18.5, 12.0, 19.5, 13.0 ], "rotation": 90 }
															},
															"children": [
																{
																	"name": "L ArmLow",
																	"from": [ 0.2, -3.0, 0.1 ],
																	"to": [ 1.1, 0.7, 0.8 ],
																	"unwrapMode": 4,
																	"uv": [ 18.0, 13.5 ],
																	"rotationOrigin": [ 0.6, 0.5, 0.4 ],
																	"rotationX": -3.0,
																	"rotationZ": -4.0,
																	"faces": {
																		"north": { "texture": "#skin", "uv": [ 18.0, 14.0, 18.5, 17.5 ] },
																		"east": { "texture": "#skin", "uv": [ 19.5, 14.0, 20.0, 17.5 ] },
																		"south": { "texture": "#skin", "uv": [ 19.0, 14.0, 19.5, 17.5 ] },
																		"west": { "texture": "#skin", "uv": [ 18.5, 14.0, 19.0, 17.5 ] },
																		"up": { "texture": "#skin", "uv": [ 18.5, 13.5, 19.0, 14.0 ], "rotation": 90 },
																		"down": { "texture": "#skin", "uv": [ 18.5, 17.5, 19.0, 18.0 ], "rotation": 90 }
																	},
																	"children": [
																		{
																			"name": "L Front Pastern",
																			"from": [ 0.0, -0.8, 0.05 ],
																			"to": [ 0.7, 0.4, 0.65 ],
																			"unwrapMode": 4,
																			"uv": [ 18.0, 19.0 ],
																			"rotationOrigin": [ 0.3, 0.3, 0.4 ],
																			"rotationX": -1.0,
																			"rotationZ": -12.0,
																			"faces": {
																				"north": { "texture": "#skin", "uv": [ 18.0, 19.5, 18.5, 20.5 ] },
																				"east": { "texture": "#skin", "uv": [ 19.5, 19.5, 20.0, 20.5 ] },
																				"south": { "texture": "#skin", "uv": [ 19.0, 19.5, 19.5, 20.5 ] },
																				"west": { "texture": "#skin", "uv": [ 18.5, 19.5, 19.0, 20.5 ] },
																				"up": { "texture": "#skin", "uv": [ 18.5, 19.0, 19.0, 19.5 ], "rotation": 90 },
																				"down": { "texture": "#skin", "uv": [ 18.5, 20.5, 19.0, 21.0 ], "rotation": 90 }
																			},
																			"children": [
																				{
																					"name": "L Front Hoof",
																					"from": [ 0.4, 0.5, 0.4 ],
																					"to": [ 0.4, 0.5, 0.4 ],
																					"uv": [ 0.0, 0.0 ],
																					"rotationOrigin": [ 0.4, 0.5, 0.4 ],
																					"rotationZ": 22.0,
																					"faces": {
																					},
																					"children": [
																						{
																							"name": "L Front Hoof1",
																							"from": [ -1.0, -0.2, -0.35 ],
																							"to": [ -0.2, 0.2, 0.15 ],
																							"unwrapMode": 4,
																							"uv": [ 12.0, 0.5 ],
																							"rotationOrigin": [ -0.2, 0.1, 0.2 ],
																							"rotationZ": 60.0,
																							"faces": {
																								"north": { "texture": "#skin", "uv": [ 12.0, 1.0, 12.5, 1.5 ] },
																								"east": { "texture": "#skin", "uv": [ 13.5, 1.0, 14.0, 1.5 ] },
																								"south": { "texture": "#skin", "uv": [ 13.0, 1.0, 13.5, 1.5 ] },
																								"west": { "texture": "#skin", "uv": [ 12.5, 1.0, 13.0, 1.5 ] },
																								"up": { "texture": "#skin", "uv": [ 12.5, 0.5, 13.0, 1.0 ], "rotation": 90 },
																								"down": { "texture": "#skin", "uv": [ 12.5, 1.5, 13.0, 2.0 ], "rotation": 90 }
																							}
																						},
																						{
																							"name": "L Front Hoof2",
																							"from": [ -0.5, -0.5, -0.35 ],
																							"to": [ 0.2, -0.2, 0.15 ],
																							"unwrapMode": 4,
																							"uv": [ 14.0, 0.5 ],
																							"rotationOrigin": [ 0.1, -0.2, 0.15 ],
																							"rotationZ": 27.0,
																							"faces": {
																								"north": { "texture": "#skin", "uv": [ 14.0, 1.0, 14.5, 1.5 ] },
																								"east": { "texture": "#skin", "uv": [ 15.5, 1.0, 16.0, 1.5 ] },
																								"south": { "texture": "#skin", "uv": [ 15.0, 1.0, 15.5, 1.5 ] },
																								"west": { "texture": "#skin", "uv": [ 14.5, 1.0, 15.0, 1.5 ] },
																								"up": { "texture": "#skin", "uv": [ 14.5, 0.5, 15.0, 1.0 ], "rotation": 90 },
																								"down": { "texture": "#skin", "uv": [ 14.5, 1.5, 15.0, 2.0 ], "rotation": 90 }
																							}
																						}
																					]
																				}
																			]
																		}
																	]
																}
															]
														}
													]
												}
											]
										},
										{
											"name": "R Shoulder",
											"from": [ 0.5, 0.6, -0.4 ],
											"to": [ 2.3, 3.3, 0.8 ],
											"unwrapMode": 4,
											"uv": [ 22.5, 0.5 ],
											"rotationOrigin": [ 0.7, 2.0, 0.2 ],
											"rotationX": -3.0,
											"rotationY": 2.0,
											"rotationZ": -4.0,
											"faces": {
												"north": { "texture": "#skin", "uv": [ 22.5, 2.0, 24.0, 4.5 ] },
												"east": { "texture": "#skin", "uv": [ 26.5, 2.0, 27.5, 4.5 ] },
												"south": { "texture": "#skin", "uv": [ 25.0, 2.0, 26.5, 4.5 ] },
												"west": { "texture": "#skin", "uv": [ 24.0, 2.0, 25.0, 4.5 ] },
												"up": { "texture": "#skin", "uv": [ 24.0, 0.5, 25.0, 2.0 ], "rotation": 90 },
												"down": { "texture": "#skin", "uv": [ 24.0, 4.5, 25.0, 6.0 ], "rotation": 90 }
											},
											"children": [
												{
													"name": "R ArmUp",
													"from": [ 0.2, 0.0, 0.1 ],
													"to": [ 2.7, 1.2, 1.3 ],
													"unwrapMode": 4,
													"autoUnwrap": false,
													"uv": [ 22.5, 1.5 ],
													"rotationOrigin": [ 0.0, 0.0, 0.7 ],
													"rotationZ": -11.0,
													"faces": {
														"north": { "texture": "#skin", "uv": [ 22.5, 4.0, 25.0, 5.0 ] },
														"east": { "texture": "#skin", "uv": [ 23.0, 4.0, 24.0, 5.0 ], "windMode": [-1,-1,-1,-1] },
														"south": { "texture": "#skin", "uv": [ 25.0, 4.0, 27.5, 5.0 ] },
														"west": { "texture": "#skin", "uv": [ 25.0, 4.0, 26.0, 5.0 ] },
														"up": { "texture": "#skin", "uv": [ 23.0, 3.0, 25.5, 4.0 ] },
														"down": { "texture": "#skin", "uv": [ 23.0, 8.5, 25.5, 9.5 ] }
													},
													"children": [
														{
															"name": "R ArmMid",
															"from": [ 1.5, -3.1, 0.2 ],
															"to": [ 2.7, 0.6, 1.2 ],
															"unwrapMode": 4,
															"uv": [ 23.0, 7.5 ],
															"rotationOrigin": [ 2.0, 0.3, 0.5738 ],
															"rotationZ": 22.0,
															"faces": {
																"north": { "texture": "#skin", "uv": [ 23.0, 8.5, 24.0, 12.0 ] },
																"east": { "texture": "#skin", "uv": [ 26.0, 8.5, 27.0, 12.0 ] },
																"south": { "texture": "#skin", "uv": [ 25.0, 8.5, 26.0, 12.0 ] },
																"west": { "texture": "#skin", "uv": [ 24.0, 8.5, 25.0, 12.0 ] },
																"up": { "texture": "#skin", "uv": [ 24.0, 7.5, 25.0, 8.5 ], "rotation": 90 },
																"down": { "texture": "#skin", "uv": [ 24.0, 12.0, 25.0, 13.0 ], "rotation": 90 }
															},
															"children": [
																{
																	"name": "R ArmLow",
																	"from": [ 0.2, -3.0, 0.2 ],
																	"to": [ 1.1, 0.7, 0.9 ],
																	"unwrapMode": 4,
																	"uv": [ 24.0, 13.5 ],
																	"rotationOrigin": [ 0.6, 0.5, 0.6 ],
																	"rotationX": 3.0,
																	"rotationZ": -7.0,
																	"faces": {
																		"north": { "texture": "#skin", "uv": [ 24.0, 14.0, 24.5, 17.5 ] },
																		"east": { "texture": "#skin", "uv": [ 25.5, 14.0, 26.0, 17.5 ] },
																		"south": { "texture": "#skin", "uv": [ 25.0, 14.0, 25.5, 17.5 ] },
																		"west": { "texture": "#skin", "uv": [ 24.5, 14.0, 25.0, 17.5 ] },
																		"up": { "texture": "#skin", "uv": [ 24.5, 13.5, 25.0, 14.0 ], "rotation": 90 },
																		"down": { "texture": "#skin", "uv": [ 24.5, 17.5, 25.0, 18.0 ], "rotation": 90 }
																	},
																	"children": [
																		{
																			"name": "R Front Pastern",
																			"from": [ 0.0, -0.8, 0.05 ],
																			"to": [ 0.7, 0.4, 0.65 ],
																			"unwrapMode": 4,
																			"uv": [ 24.0, 19.0 ],
																			"rotationOrigin": [ 0.3, 0.3, 0.4 ],
																			"rotationX": -1.0,
																			"rotationZ": -53.0,
																			"faces": {
																				"north": { "texture": "#skin", "uv": [ 24.0, 19.5, 24.5, 20.5 ] },
																				"east": { "texture": "#skin", "uv": [ 25.5, 19.5, 26.0, 20.5 ] },
																				"south": { "texture": "#skin", "uv": [ 25.0, 19.5, 25.5, 20.5 ] },
																				"west": { "texture": "#skin", "uv": [ 24.5, 19.5, 25.0, 20.5 ] },
																				"up": { "texture": "#skin", "uv": [ 24.5, 19.0, 25.0, 19.5 ], "rotation": 90 },
																				"down": { "texture": "#skin", "uv": [ 24.5, 20.5, 25.0, 21.0 ], "rotation": 90 }
																			},
																			"children": [
																				{
																					"name": "R Front Hoof",
																					"from": [ 0.4, 0.5, 0.4 ],
																					"to": [ 0.4, 0.5, 0.4 ],
																					"uv": [ 0.0, 0.0 ],
																					"rotationOrigin": [ 0.4, 0.5, 0.4 ],
																					"rotationZ": 22.0,
																					"faces": {
																					},
																					"children": [
																						{
																							"name": "R Front Hoof1",
																							"from": [ -1.0, -0.2, -0.35 ],
																							"to": [ -0.2, 0.2, 0.15 ],
																							"unwrapMode": 4,
																							"uv": [ 12.0, 3.5 ],
																							"rotationOrigin": [ -0.2, 0.1, 0.2 ],
																							"rotationZ": 60.0,
																							"faces": {
																								"north": { "texture": "#skin", "uv": [ 12.0, 4.0, 12.5, 4.5 ] },
																								"east": { "texture": "#skin", "uv": [ 13.5, 4.0, 14.0, 4.5 ] },
																								"south": { "texture": "#skin", "uv": [ 13.0, 4.0, 13.5, 4.5 ] },
																								"west": { "texture": "#skin", "uv": [ 12.5, 4.0, 13.0, 4.5 ] },
																								"up": { "texture": "#skin", "uv": [ 12.5, 3.5, 13.0, 4.0 ], "rotation": 90 },
																								"down": { "texture": "#skin", "uv": [ 12.5, 4.5, 13.0, 5.0 ], "rotation": 90 }
																							}
																						},
																						{
																							"name": "R Front Hoof2",
																							"from": [ -0.5, -0.5, -0.35 ],
																							"to": [ 0.2, -0.2, 0.15 ],
																							"unwrapMode": 4,
																							"uv": [ 14.0, 3.5 ],
																							"rotationOrigin": [ 0.1, -0.2, 0.15 ],
																							"rotationZ": 27.0,
																							"faces": {
																								"north": { "texture": "#skin", "uv": [ 14.0, 4.0, 14.5, 4.5 ] },
																								"east": { "texture": "#skin", "uv": [ 15.5, 4.0, 16.0, 4.5 ] },
																								"south": { "texture": "#skin", "uv": [ 15.0, 4.0, 15.5, 4.5 ] },
																								"west": { "texture": "#skin", "uv": [ 14.5, 4.0, 15.0, 4.5 ] },
																								"up": { "texture": "#skin", "uv": [ 14.5, 3.5, 15.0, 4.0 ], "rotation": 90 },
																								"down": { "texture": "#skin", "uv": [ 14.5, 4.5, 15.0, 5.0 ], "rotation": 90 }
																							}
																						}
																					]
																				}
																			]
																		}
																	]
																}
															]
														}
													]
												}
											]
										}
									],
									"attachmentpoints": [
										{
											"code": "Center",
											"posX": "4.0","posY": "2.0","posZ": "3.0",
											"rotationX": "0.0","rotationY": "0.0","rotationZ": "0.0"
										}
									]
								}
							]
						}
					]
				}
			]
		}
	]}