[
  {
    "file": "game:recipes/cooking/scrambledeggs",
    "side": "server",
    "op": "add",
    "path": "/ingredients/3/validStacks/-",
    "value": {
      "type": "item",
      "code": "capreolinae:cheese-moose-blue-1slice",
      "shapeElement": "bowl/cheese 1/*"
    }
  },
  {
    "file": "game:recipes/cooking/scrambledeggs",
    "side": "server",
    "op": "add",
    "path": "/ingredients/4/validStacks/-",
    "value": {
      "type": "item",
      "code": "capreolinae:cheese-moose-blue-1slice",
      "shapeElement": "bowl/cheese 1/*"
    }
  },
  {
    "file": "game:recipes/cooking/scrambledeggs",
    "side": "server",
    "op": "add",
    "path": "/ingredients/3/validStacks/-",
    "value": {
      "type": "item",
      "code": "capreolinae:cheese-moose-cheddar-1slice",
      "shapeElement": "bowl/cheese 1/*"
    }
  },
  {
    "file": "game:recipes/cooking/scrambledeggs",
    "side": "server",
    "op": "add",
    "path": "/ingredients/4/validStacks/-",
    "value": {
      "type": "item",
      "code": "capreolinae:cheese-moose-cheddar-1slice",
      "shapeElement": "bowl/cheese 1/*"
    }
  }
]
