{
  "editor": {
    "allAngles": false,
    "singleTexture": false
  },
  "textureWidth": 16,
  "textureHeight": 16,
  "textures": {
    "0": "game:block/wood/cage/floor",
    "1": "game:block/wood/cage/door-cells",
    "2": "game:block/wood/bucket/sides",
    "4": "block/frame/wax",
    "particle": "game:block/wood/cage/floor"
  },
  "elements": [
    {
      "name": "NFrame",
      "from": [1.5, 0, 1.5],
      "to": [14.5, 2, 2.5],
      "rotation": { "angle": 0, "axis": "y", "origin": [1, 0, 1] },
      "faces": {
        "north": { "uv": [1, 0, 14, 2], "texture": "#0" },
        "east": { "uv": [15, 0, 16, 2], "texture": "#0" },
        "south": { "uv": [0, 6, 13, 8], "texture": "#2" },
        "west": { "uv": [0, 0, 1, 2], "texture": "#0" },
        "up": { "uv": [2, 0.5, 15, 1.5], "texture": "#0" },
        "down": { "uv": [0, 15, 13, 16], "texture": "#0" }
      }
    },
    {
      "name": "WFrame",
      "from": [1.5, 0, 2.5],
      "to": [2.5, 2, 13.5],
      "rotation": { "angle": 0, "axis": "y", "origin": [0, 0, 2] },
      "faces": {
        "north": { "uv": [0, 0, 1, 2], "texture": "#0" },
        "east": { "uv": [0, 1, 11, 3], "texture": "#2" },
        "south": { "uv": [1, 0, 2, 2], "texture": "#0" },
        "west": { "uv": [0, 0, 11, 2], "texture": "#0" },
        "up": { "uv": [1, 0, 2, 11], "texture": "#0" },
        "down": { "uv": [1, 0, 2, 11], "texture": "#0" }
      }
    },
    {
      "name": "SFrame",
      "from": [1.5, 0, 13.5],
      "to": [14.5, 2, 14.5],
      "rotation": { "angle": 0, "axis": "y", "origin": [1, 0, 13] },
      "faces": {
        "north": { "uv": [3, 1, 16, 3], "texture": "#2" },
        "east": { "uv": [15, 0, 16, 2], "texture": "#0" },
        "south": { "uv": [0, 0, 13, 2], "texture": "#0" },
        "west": { "uv": [0, 0, 1, 2], "texture": "#0" },
        "up": { "uv": [0, 0, 13, 1], "texture": "#0" },
        "down": { "uv": [0, 15, 13, 16], "texture": "#0" }
      }
    },
    {
      "name": "EFrame",
      "from": [13.5, 0, 2.5],
      "to": [14.5, 2, 13.5],
      "rotation": { "angle": 0, "axis": "y", "origin": [12, 0, 2] },
      "faces": {
        "north": { "uv": [0, 0, 1, 2], "texture": "#0" },
        "east": { "uv": [0, 1, 11, 3], "texture": "#0" },
        "south": { "uv": [1, 0, 2, 2], "texture": "#0" },
        "west": { "uv": [0, 1, 11, 3], "texture": "#2" },
        "up": { "uv": [1, 0, 2, 11], "texture": "#0" },
        "down": { "uv": [1, 0, 2, 11], "texture": "#0" }
      }
    },
    {
      "name": "Handle",
      "from": [6.5, 0.5, 14.5],
      "to": [9.5, 1.5, 15.5],
      "rotation": { "angle": 0, "axis": "y", "origin": [1, 0, 14] },
      "faces": {
        "north": { "uv": [3, 1, 16, 3], "texture": "#2" },
        "east": { "uv": [13, 14, 14, 15], "texture": "#2" },
        "south": { "uv": [12, 14, 15, 15], "texture": "#2" },
        "west": { "uv": [12, 14, 13, 15], "texture": "#2" },
        "up": { "uv": [13, 10, 16, 11], "rotation": 180, "texture": "#2" },
        "down": { "uv": [13, 10, 16, 11], "texture": "#2" }
      }
    },
    {
      "name": "Post",
      "from": [7.5, 0.5, 2.5],
      "to": [8.5, 1.5, 13.5],
      "rotation": { "angle": 0, "axis": "y", "origin": [6, 0, 2] },
      "faces": {
        "north": { "uv": [0, 0, 1, 2], "texture": "#0" },
        "east": { "uv": [0, 1.5, 11, 2.5], "texture": "#1" },
        "south": { "uv": [1, 0, 2, 2], "texture": "#0" },
        "west": { "uv": [0, 0, 11, 2], "texture": "#0" },
        "up": { "uv": [1, 0, 2, 11], "texture": "#0" },
        "down": { "uv": [1, 0, 2, 11], "texture": "#0" }
      }
    },
    {
      "name": "Wax",
      "from": [2.5, 0.25, 2.5],
      "to": [13.5, 1.75, 13.5],
      "rotation": { "angle": 0, "axis": "y", "origin": [2, 0, 2] },
      "faces": {
        "north": { "uv": [0, 0.5, 11, 2], "texture": "#0" },
        "east": { "uv": [1, 0.5, 12, 2], "texture": "#0" },
        "south": { "uv": [0, 0.5, 11, 2], "texture": "#0" },
        "west": { "uv": [0, 0.5, 11, 2], "texture": "#0" },
        "up": { "uv": [0, 0, 11, 11], "texture": "#4" },
        "down": { "uv": [0, 1, 11, 12], "texture": "#4" }
      }
    }
  ]
}
