[
	{
		ingredientPattern: "HPM,SPB,SPC",
		ingredients: {
			"P": { type: "item", code: "clay-paste", "quantity": 1 },
			"M": { type: "block", code: "game:attachingplant-moss", "quantity": 1 },
			"B": { type: "block", code: "game:woodbucket", "quantity": 1 },
			"S": { type: "block", code: "game:crackedrock-*", allowedVariants: ["andesite", "basalt", "bauxite", "chalk", "chert", "claystone", "conglomerate", "granite", "halite", "kimberlite", "limestone", "obsidian", "peridotite", "phyllite", "sandstone", "scoria", "shale", "slate", "suevite", "tuff"], "quantity": 1 },
			"H": { type: "item", code: "game:hammer-*", "isTool": true, "quantity": 1 },
			"C": { type: "item", code: "game:compost", "quantity": 1 }
		},
		"attributes": {
			"liquidContainerProps": {
				"requiresContent": {
					"type": "item",
					"code": "game:weaktanninportion"
				},
				"requiresLitres": 5
			}
		},
		width: 3,
		height: 3,
		output: { type: "block", code: "game:overlay-damagedstone", quantity: 8  }
	}
]