{
  "ingredientPattern": "PHH,SSS,PPP",
  "width": 3,
  "height": 3,
  "ingredients": {
    "B": {
      "type": "item",
      "code": "schematic-string"
    },
    "S": {
      "type": "item",
      "code": "instrumentstring-*",
      "quantity": 4,
      "allowedVariants": [ "flax", "brass" ]
    },
    "H": {
      "type": "item",
      "code": "precussionmallet-brass"
    },
    "P": {
      "type": "item",
      "code": "game:plank-*"
    }
  },
  "output": {
    "type": "item",
    "code": "hammerdulcimer"
  }
}