{
	"code": "creature",
	"class": "ItemCreature",
	"maxstacksize": 64,
	"variantgroups": [
		{
			"code": "type",
			"states": [
				"cervidae-alceini-carcass",
				"cervidae-alceini-adult-male-alcesalces","cervidae-alceini-adult-female-alcesalces","cervidae-alceini-baby-female-alcesalces","cervidae-alceini-baby-male-alcesalces",
				"cervidae-alceini-adult-male-alcesalces-semitamed","cervidae-alceini-adult-female-alcesalces-semitamed","cervidae-alceini-adult-male-alcesalces-tamed","cervidae-alceini-adult-female-alcesalces-tamed",
				"cervidae-alceini-adult-male-cervalcesscotti","cervidae-alceini-adult-female-cervalcesscotti","cervidae-alceini-baby-female-cervalcesscotti","cervidae-alceini-baby-male-cervalcesscotti",
				
				"cervidae-capreolini-carcass",
				"cervidae-capreolini-adult-male-capreoluscapreolus","cervidae-capreolini-adult-female-capreoluscapreolus","cervidae-capreolini-baby-female-capreoluscapreolus","cervidae-capreolini-baby-male-capreoluscapreolus",
				"cervidae-capreolini-adult-male-capreoluspygargus","cervidae-capreolini-adult-female-capreoluspygargus","cervidae-capreolini-baby-female-capreoluspygargus","cervidae-capreolini-baby-male-capreoluspygargus",
				"cervidae-capreolini-adult-male-hydropotesinermis","cervidae-capreolini-adult-female-hydropotesinermis","cervidae-capreolini-baby-female-hydropotesinermis","cervidae-capreolini-baby-male-hydropotesinermis",
				
				"cervidae-odocoileini-carcass",
				"cervidae-odocoileini-adult-male-antiferultra","cervidae-odocoileini-adult-female-antiferultra","cervidae-odocoileini-baby-female-antiferultra","cervidae-odocoileini-baby-male-antiferultra",
				"cervidae-odocoileini-adult-male-blastocerusdichotomus","cervidae-odocoileini-adult-female-blastocerusdichotomus","cervidae-odocoileini-baby-female-blastocerusdichotomus","cervidae-odocoileini-baby-male-blastocerusdichotomus",
				"cervidae-odocoileini-adult-male-bretzianebrascensis","cervidae-odocoileini-adult-female-bretzianebrascensis","cervidae-odocoileini-baby-female-bretzianebrascensis","cervidae-odocoileini-baby-male-bretzianebrascensis",
				"cervidae-odocoileini-adult-male-hippocamelusantisensis","cervidae-odocoileini-adult-female-hippocamelusantisensis","cervidae-odocoileini-baby-female-hippocamelusantisensis","cervidae-odocoileini-baby-male-hippocamelusantisensis",
				"cervidae-odocoileini-adult-male-hippocamelusbisulcus","cervidae-odocoileini-adult-female-hippocamelusbisulcus","cervidae-odocoileini-baby-female-hippocamelusbisulcus","cervidae-odocoileini-baby-male-hippocamelusbisulcus",
				"cervidae-odocoileini-adult-male-mazamaamericana","cervidae-odocoileini-adult-female-mazamaamericana","cervidae-odocoileini-baby-female-mazamaamericana","cervidae-odocoileini-baby-male-mazamaamericana",
				"cervidae-odocoileini-adult-male-mazamabricenii","cervidae-odocoileini-adult-female-mazamabricenii","cervidae-odocoileini-baby-female-mazamabricenii","cervidae-odocoileini-baby-male-mazamabricenii",
				"cervidae-odocoileini-adult-male-mazamajucunda","cervidae-odocoileini-adult-female-mazamajucunda","cervidae-odocoileini-baby-female-mazamajucunda","cervidae-odocoileini-baby-male-mazamajucunda",
				"cervidae-odocoileini-adult-male-mazamanana","cervidae-odocoileini-adult-female-mazamanana","cervidae-odocoileini-baby-female-mazamanana","cervidae-odocoileini-baby-male-mazamanana",
				"cervidae-odocoileini-adult-male-mazamarufa","cervidae-odocoileini-adult-female-mazamarufa","cervidae-odocoileini-baby-female-mazamarufa","cervidae-odocoileini-baby-male-mazamarufa",
				"cervidae-odocoileini-adult-male-mazamarufina","cervidae-odocoileini-adult-female-mazamarufina","cervidae-odocoileini-baby-female-mazamarufina","cervidae-odocoileini-baby-male-mazamarufina",
				"cervidae-odocoileini-adult-male-mazamatemama","cervidae-odocoileini-adult-female-mazamatemama","cervidae-odocoileini-baby-female-mazamatemama","cervidae-odocoileini-baby-male-mazamatemama",
				"cervidae-odocoileini-adult-male-mazamatienhoveni","cervidae-odocoileini-adult-female-mazamatienhoveni","cervidae-odocoileini-baby-female-mazamatienhoveni","cervidae-odocoileini-baby-male-mazamatienhoveni",
				"cervidae-odocoileini-adult-male-odocoileushemionus","cervidae-odocoileini-adult-female-odocoileushemionus","cervidae-odocoileini-baby-female-odocoileushemionus","cervidae-odocoileini-baby-male-odocoileushemionus",
				"cervidae-odocoileini-adult-male-odocoileuslucasi","cervidae-odocoileini-adult-female-odocoileuslucasi","cervidae-odocoileini-baby-female-odocoileuslucasi","cervidae-odocoileini-baby-male-odocoileuslucasi",
				"cervidae-odocoileini-adult-male-odocoileuspandora","cervidae-odocoileini-adult-female-odocoileuspandora","cervidae-odocoileini-baby-female-odocoileuspandora","cervidae-odocoileini-baby-male-odocoileuspandora",
				"cervidae-odocoileini-adult-male-odocoileusvirginianus","cervidae-odocoileini-adult-female-odocoileusvirginianus","cervidae-odocoileini-baby-female-odocoileusvirginianus","cervidae-odocoileini-baby-male-odocoileusvirginianus",
				"cervidae-odocoileini-adult-male-ozotocerosbezoarticus","cervidae-odocoileini-adult-female-ozotocerosbezoarticus","cervidae-odocoileini-baby-female-ozotocerosbezoarticus","cervidae-odocoileini-baby-male-ozotocerosbezoarticus",
				"cervidae-odocoileini-adult-male-passalitesnemorivaga","cervidae-odocoileini-adult-female-passalitesnemorivaga","cervidae-odocoileini-baby-female-passalitesnemorivaga","cervidae-odocoileini-baby-male-passalitesnemorivaga",
				"cervidae-odocoileini-adult-male-pudellacarlae","cervidae-odocoileini-adult-female-pudellacarlae","cervidae-odocoileini-baby-female-pudellacarlae","cervidae-odocoileini-baby-male-pudellacarlae",
				"cervidae-odocoileini-adult-male-pudellamephistophiles","cervidae-odocoileini-adult-female-pudellamephistophiles","cervidae-odocoileini-baby-female-pudellamephistophiles","cervidae-odocoileini-baby-male-pudellamephistophiles",
				"cervidae-odocoileini-adult-male-pudupuda","cervidae-odocoileini-adult-female-pudupuda","cervidae-odocoileini-baby-female-pudupuda","cervidae-odocoileini-baby-male-pudupuda",
				"cervidae-odocoileini-adult-male-rangiferarcticus","cervidae-odocoileini-adult-female-rangiferarcticus","cervidae-odocoileini-baby-female-rangiferarcticus","cervidae-odocoileini-baby-male-rangiferarcticus",
				"cervidae-odocoileini-adult-male-rangifercaribou","cervidae-odocoileini-adult-female-rangifercaribou","cervidae-odocoileini-baby-female-rangifercaribou","cervidae-odocoileini-baby-male-rangifercaribou",
				"cervidae-odocoileini-adult-male-rangiferfennicus","cervidae-odocoileini-adult-female-rangiferfennicus","cervidae-odocoileini-baby-female-rangiferfennicus","cervidae-odocoileini-baby-male-rangiferfennicus",
				"cervidae-odocoileini-adult-male-rangifergroenlandicus","cervidae-odocoileini-adult-female-rangifergroenlandicus","cervidae-odocoileini-baby-female-rangifergroenlandicus","cervidae-odocoileini-baby-male-rangifergroenlandicus",
				"cervidae-odocoileini-adult-male-rangiferplatyrhynchus","cervidae-odocoileini-adult-female-rangiferplatyrhynchus","cervidae-odocoileini-baby-female-rangiferplatyrhynchus","cervidae-odocoileini-baby-male-rangiferplatyrhynchus",
				"cervidae-odocoileini-baby-female-rangifertarandusdomesticus","cervidae-odocoileini-baby-male-rangifertarandusdomesticus",
				"cervidae-odocoileini-adult-male-rangifertarandusdomesticus-semitamed","cervidae-odocoileini-adult-female-rangifertarandusdomesticus-semitamed","cervidae-odocoileini-adult-male-rangifertarandusdomesticus-tamed","cervidae-odocoileini-adult-female-rangifertarandusdomesticus-tamed",
				"cervidae-odocoileini-adult-male-rangifertarandus","cervidae-odocoileini-adult-female-rangifertarandus","cervidae-odocoileini-baby-female-rangifertarandus","cervidae-odocoileini-baby-male-rangifertarandus",
				"cervidae-odocoileini-adult-male-rangifertarandus-semitamed","cervidae-odocoileini-adult-female-rangifertarandus-semitamed","cervidae-odocoileini-adult-male-rangifertarandus-tamed","cervidae-odocoileini-adult-female-rangifertarandus-tamed",
				"cervidae-odocoileini-adult-male-subulochunyi","cervidae-odocoileini-adult-female-subulochunyi","cervidae-odocoileini-baby-female-subulochunyi","cervidae-odocoileini-baby-male-subulochunyi",
				"cervidae-odocoileini-adult-male-subulogouazoubira","cervidae-odocoileini-adult-female-subulogouazoubira","cervidae-odocoileini-baby-female-subulogouazoubira","cervidae-odocoileini-baby-male-subulogouazoubira",
				"cervidae-odocoileini-adult-male-torontoceroshypnogeos","cervidae-odocoileini-adult-female-torontoceroshypnogeos","cervidae-odocoileini-baby-female-torontoceroshypnogeos","cervidae-odocoileini-baby-male-torontoceroshypnogeos"			]
		}
		
		],

	"shapeByType": {
		"*-carcass": {
			"base": "game:block/bone/carcass/medium"
		},
		"*-alceini-adult-male-alcesalces": {"base": "entity/animal/mammal/hooved/alceini/alcesalces/adult"},
		"*-alceini-adult-female-alcesalces": {"base": "entity/animal/mammal/hooved/alceini/alcesalces/adult"},
		"*-alceini-adult-male-alcesalces-*": {"base": "entity/animal/mammal/hooved/alceini/alcesalces/adult"},
		"*-alceini-adult-female-alcesalces-*": {"base": "entity/animal/mammal/hooved/alceini/alcesalces/adult"},
		"*-alceini-baby-female-alcesalces": {"base": "entity/animal/mammal/hooved/alceini/alcesalces/baby"},
		"*-alceini-baby-male-alcesalces": {"base": "entity/animal/mammal/hooved/alceini/alcesalces/baby"},

		"*-alceini-adult-male-cervalcesscotti": {"base": "entity/animal/mammal/hooved/alceini/cervalcesscotti/adult"},
		"*-alceini-adult-female-cervalcesscotti": {"base": "entity/animal/mammal/hooved/alceini/cervalcesscotti/adult"},
		"*-alceini-baby-female-cervalcesscotti": {"base": "entity/animal/mammal/hooved/alceini/alcesalces/baby"},
		"*-alceini-baby-male-cervalcesscotti": {"base": "entity/animal/mammal/hooved/alceini/alcesalces/baby"},


		"*-capreolini-adult-male-capreoluscapreolus": {"base": "entity/animal/mammal/hooved/capreolini/capreoluspygargus/adult"},
		"*-capreolini-adult-female-capreoluscapreolus": {"base": "entity/animal/mammal/hooved/capreolini/capreoluspygargus/adult"},
		"*-capreolini-baby-female-capreoluscapreolus": {"base": "entity/animal/mammal/hooved/capreolini/hydropotesinermis/baby"},
		"*-capreolini-baby-male-capreoluscapreolus": {"base": "entity/animal/mammal/hooved/capreolini/hydropotesinermis/baby"},

		"*-capreolini-adult-male-capreoluspygargus": {"base": "entity/animal/mammal/hooved/capreolini/capreoluspygargus/adult"},
		"*-capreolini-adult-female-capreoluspygargus": {"base": "entity/animal/mammal/hooved/capreolini/capreoluspygargus/adult"},
		"*-capreolini-baby-female-capreoluspygargus": {"base": "entity/animal/mammal/hooved/capreolini/hydropotesinermis/baby"},
		"*-capreolini-baby-male-capreoluspygargus": {"base": "entity/animal/mammal/hooved/capreolini/hydropotesinermis/baby"},

		"*-capreolini-adult-male-hydropotesinermis": {"base": "entity/animal/mammal/hooved/capreolini/hydropotesinermis/adult"},
		"*-capreolini-adult-female-hydropotesinermis": {"base": "entity/animal/mammal/hooved/capreolini/hydropotesinermis/adult"},
		"*-capreolini-baby-female-hydropotesinermis": {"base": "entity/animal/mammal/hooved/capreolini/hydropotesinermis/baby"},
		"*-capreolini-baby-male-hydropotesinermis": {"base": "entity/animal/mammal/hooved/capreolini/hydropotesinermis/baby"},

		"*-odocoileini-adult-male-antiferultra": {"base": "entity/animal/mammal/hooved/odocoileini/blastocerusdichotomus/adult"},
		"*-odocoileini-adult-female-antiferultra": {"base": "entity/animal/mammal/hooved/odocoileini/blastocerusdichotomus/adult"},
		"*-odocoileini-baby-female-antiferultra": {"base": "entity/animal/mammal/hooved/odocoileini/odocoileusvirginianus/baby"},
		"*-odocoileini-baby-male-antiferultra": {"base": "entity/animal/mammal/hooved/odocoileini/odocoileusvirginianus/baby"},

		"*-odocoileini-adult-male-blastocerusdichotomus": {"base": "entity/animal/mammal/hooved/odocoileini/blastocerusdichotomus/adult"},
		"*-odocoileini-adult-female-blastocerusdichotomus": {"base": "entity/animal/mammal/hooved/odocoileini/blastocerusdichotomus/adult"},
		"*-odocoileini-baby-female-blastocerusdichotomus": {"base": "entity/animal/mammal/hooved/odocoileini/odocoileusvirginianus/baby"},
		"*-odocoileini-baby-male-blastocerusdichotomus": {"base": "entity/animal/mammal/hooved/odocoileini/odocoileusvirginianus/baby"},

		"*-odocoileini-adult-male-bretzianebrascensis": {"base": "entity/animal/mammal/hooved/odocoileini/bretzianebrascensis/adult"},
		"*-odocoileini-adult-female-bretzianebrascensis": {"base": "entity/animal/mammal/hooved/odocoileini/bretzianebrascensis/adult"},
		"*-odocoileini-baby-female-bretzianebrascensis": {"base": "entity/animal/mammal/hooved/odocoileini/odocoileusvirginianus/baby"},
		"*-odocoileini-baby-male-bretzianebrascensis": {"base": "entity/animal/mammal/hooved/odocoileini/odocoileusvirginianus/baby"},

		"*-odocoileini-adult-male-hippocamelusantisensis": {"base": "entity/animal/mammal/hooved/odocoileini/hippocamelusantisensis/adult"},
		"*-odocoileini-adult-female-hippocamelusantisensis": {"base": "entity/animal/mammal/hooved/odocoileini/hippocamelusantisensis/adult"},
		"*-odocoileini-baby-female-hippocamelusantisensis": {"base": "entity/animal/mammal/hooved/odocoileini/hippocamelusantisensis/baby"},
		"*-odocoileini-baby-male-hippocamelusantisensis": {"base": "entity/animal/mammal/hooved/odocoileini/hippocamelusantisensis/baby"},

		"*-odocoileini-adult-male-hippocamelusbisulcus": {"base": "entity/animal/mammal/hooved/odocoileini/hippocamelusbisulcus/adult"},
		"*-odocoileini-adult-female-hippocamelusbisulcus": {"base": "entity/animal/mammal/hooved/odocoileini/hippocamelusbisulcus/adult"},
		"*-odocoileini-baby-female-hippocamelusbisulcus": {"base": "entity/animal/mammal/hooved/odocoileini/hippocamelusantisensis/baby"},
		"*-odocoileini-baby-male-hippocamelusbisulcus": {"base": "entity/animal/mammal/hooved/odocoileini/hippocamelusantisensis/baby"},

		"*-odocoileini-adult-male-mazamaamericana": {"base": "entity/animal/mammal/hooved/odocoileini/mazamaamericana/adult"},
		"*-odocoileini-adult-female-mazamaamericana": {"base": "entity/animal/mammal/hooved/odocoileini/mazamaamericana/adult"},
		"*-odocoileini-baby-female-mazamaamericana": {"base": "entity/animal/mammal/hooved/odocoileini/subulogouazoubira/baby"},
		"*-odocoileini-baby-male-mazamaamericana": {"base": "entity/animal/mammal/hooved/odocoileini/subulogouazoubira/baby"},

		"*-odocoileini-adult-male-mazamabricenii": {"base": "entity/animal/mammal/hooved/odocoileini/mazamarufina/adult"},
		"*-odocoileini-adult-female-mazamabricenii": {"base": "entity/animal/mammal/hooved/odocoileini/mazamarufina/adult"},
		"*-odocoileini-baby-female-mazamabricenii": {"base": "entity/animal/mammal/hooved/odocoileini/mazamarufina/baby"},
		"*-odocoileini-baby-male-mazamabricenii": {"base": "entity/animal/mammal/hooved/odocoileini/mazamarufina/baby"},

		"*-odocoileini-adult-male-mazamajucunda": {"base": "entity/animal/mammal/hooved/odocoileini/subulogouazoubira/adult"},
		"*-odocoileini-adult-female-mazamajucunda": {"base": "entity/animal/mammal/hooved/odocoileini/subulogouazoubira/adult"},
		"*-odocoileini-baby-female-mazamajucunda": {"base": "entity/animal/mammal/hooved/odocoileini/subulogouazoubira/baby"},
		"*-odocoileini-baby-male-mazamajucunda": {"base": "entity/animal/mammal/hooved/odocoileini/subulogouazoubira/baby"},

		"*-odocoileini-adult-male-mazamanana": {"base": "entity/animal/mammal/hooved/odocoileini/subulogouazoubira/adult"},
		"*-odocoileini-adult-female-mazamanana": {"base": "entity/animal/mammal/hooved/odocoileini/subulogouazoubira/adult"},
		"*-odocoileini-baby-female-mazamanana": {"base": "entity/animal/mammal/hooved/odocoileini/subulogouazoubira/baby"},
		"*-odocoileini-baby-male-mazamanana": {"base": "entity/animal/mammal/hooved/odocoileini/subulogouazoubira/baby"},

		"*-odocoileini-adult-male-mazamarufa": {"base": "entity/animal/mammal/hooved/odocoileini/subulogouazoubira/adult"},
		"*-odocoileini-adult-female-mazamarufa": {"base": "entity/animal/mammal/hooved/odocoileini/subulogouazoubira/adult"},
		"*-odocoileini-baby-female-mazamarufa": {"base": "entity/animal/mammal/hooved/odocoileini/subulogouazoubira/baby"},
		"*-odocoileini-baby-male-mazamarufa": {"base": "entity/animal/mammal/hooved/odocoileini/subulogouazoubira/baby"},

		"*-odocoileini-adult-male-mazamarufina": {"base": "entity/animal/mammal/hooved/odocoileini/mazamarufina/adult"},
		"*-odocoileini-adult-female-mazamarufina": {"base": "entity/animal/mammal/hooved/odocoileini/mazamarufina/adult"},
		"*-odocoileini-baby-female-mazamarufina": {"base": "entity/animal/mammal/hooved/odocoileini/mazamarufina/baby"},
		"*-odocoileini-baby-male-mazamarufina": {"base": "entity/animal/mammal/hooved/odocoileini/mazamarufina/baby"},

		"*-odocoileini-adult-male-mazamatemama": {"base": "entity/animal/mammal/hooved/odocoileini/subulogouazoubira/adult"},
		"*-odocoileini-adult-female-mazamatemama": {"base": "entity/animal/mammal/hooved/odocoileini/subulogouazoubira/adult"},
		"*-odocoileini-baby-female-mazamatemama": {"base": "entity/animal/mammal/hooved/odocoileini/subulogouazoubira/baby"},
		"*-odocoileini-baby-male-mazamatemama": {"base": "entity/animal/mammal/hooved/odocoileini/subulogouazoubira/baby"},

		"*-odocoileini-adult-male-mazamatienhoveni": {"base": "entity/animal/mammal/hooved/odocoileini/subulogouazoubira/adult"},
		"*-odocoileini-adult-female-mazamatienhoveni": {"base": "entity/animal/mammal/hooved/odocoileini/subulogouazoubira/adult"},
		"*-odocoileini-baby-female-mazamatienhoveni": {"base": "entity/animal/mammal/hooved/odocoileini/subulogouazoubira/baby"},
		"*-odocoileini-baby-male-mazamatienhoveni": {"base": "entity/animal/mammal/hooved/odocoileini/subulogouazoubira/baby"},

		"*-odocoileini-adult-male-odocoileushemionus": {"base": "entity/animal/mammal/hooved/odocoileini/odocoileushemionus/adult"},
		"*-odocoileini-adult-female-odocoileushemionus": {"base": "entity/animal/mammal/hooved/odocoileini/odocoileushemionus/adult"},
		"*-odocoileini-baby-female-odocoileushemionus": {"base": "entity/animal/mammal/hooved/odocoileini/odocoileusvirginianus/baby"},
		"*-odocoileini-baby-male-odocoileushemionus": {"base": "entity/animal/mammal/hooved/odocoileini/odocoileusvirginianus/baby"},

		"*-odocoileini-adult-male-odocoileuslucasi": {"base": "entity/animal/mammal/hooved/odocoileini/odocoileuslucasi/adult"},
		"*-odocoileini-adult-female-odocoileuslucasi": {"base": "entity/animal/mammal/hooved/odocoileini/odocoileuslucasi/adult"},
		"*-odocoileini-baby-female-odocoileuslucasi": {"base": "entity/animal/mammal/hooved/odocoileini/odocoileusvirginianus/baby"},
		"*-odocoileini-baby-male-odocoileuslucasi": {"base": "entity/animal/mammal/hooved/odocoileini/odocoileusvirginianus/baby"},

		"*-odocoileini-adult-male-odocoileuspandora": {"base": "entity/animal/mammal/hooved/odocoileini/subulogouazoubira/adult"},
		"*-odocoileini-adult-female-odocoileuspandora": {"base": "entity/animal/mammal/hooved/odocoileini/subulogouazoubira/adult"},
		"*-odocoileini-baby-female-odocoileuspandora": {"base": "entity/animal/mammal/hooved/odocoileini/odocoileusvirginianus/baby"},
		"*-odocoileini-baby-male-odocoileuspandora": {"base": "entity/animal/mammal/hooved/odocoileini/odocoileusvirginianus/baby"},

		"*-odocoileini-adult-male-odocoileusvirginianus": {"base": "entity/animal/mammal/hooved/odocoileini/odocoileusvirginianus/adult"},
		"*-odocoileini-adult-female-odocoileusvirginianus": {"base": "entity/animal/mammal/hooved/odocoileini/odocoileusvirginianus/adult"},
		"*-odocoileini-baby-female-odocoileusvirginianus": {"base": "entity/animal/mammal/hooved/odocoileini/odocoileusvirginianus/baby"},
		"*-odocoileini-baby-male-odocoileusvirginianus": {"base": "entity/animal/mammal/hooved/odocoileini/odocoileusvirginianus/baby"},

		"*-odocoileini-adult-male-ozotocerosbezoarticus": {"base": "entity/animal/mammal/hooved/odocoileini/ozotocerosbezoarticus/adult"},
		"*-odocoileini-adult-female-ozotocerosbezoarticus": {"base": "entity/animal/mammal/hooved/odocoileini/ozotocerosbezoarticus/adult"},
		"*-odocoileini-baby-female-ozotocerosbezoarticus": {"base": "entity/animal/mammal/hooved/odocoileini/subulogouazoubira/baby"},
		"*-odocoileini-baby-male-ozotocerosbezoarticus": {"base": "entity/animal/mammal/hooved/odocoileini/subulogouazoubira/baby"},

		"*-odocoileini-adult-male-passalitesnemorivaga": {"base": "entity/animal/mammal/hooved/odocoileini/subulogouazoubira/adult"},
		"*-odocoileini-adult-female-passalitesnemorivaga": {"base": "entity/animal/mammal/hooved/odocoileini/subulogouazoubira/adult"},
		"*-odocoileini-baby-female-passalitesnemorivaga": {"base": "entity/animal/mammal/hooved/odocoileini/subulogouazoubira/baby"},
		"*-odocoileini-baby-male-passalitesnemorivaga": {"base": "entity/animal/mammal/hooved/odocoileini/subulogouazoubira/baby"},

		"*-odocoileini-adult-male-pudellacarlae": {"base": "entity/animal/mammal/hooved/odocoileini/pudupuda/adult"},
		"*-odocoileini-adult-female-pudellacarlae": {"base": "entity/animal/mammal/hooved/odocoileini/pudupuda/adult"},
		"*-odocoileini-baby-female-pudellacarlae": {"base": "entity/animal/mammal/hooved/odocoileini/pudupuda/baby"},
		"*-odocoileini-baby-male-pudellacarlae": {"base": "entity/animal/mammal/hooved/odocoileini/pudupuda/baby"},

		"*-odocoileini-adult-male-pudellamephistophiles": {"base": "entity/animal/mammal/hooved/odocoileini/pudupuda/adult"},
		"*-odocoileini-adult-female-pudellamephistophiles": {"base": "entity/animal/mammal/hooved/odocoileini/pudupuda/adult"},
		"*-odocoileini-baby-female-pudellamephistophiles": {"base": "entity/animal/mammal/hooved/odocoileini/pudupuda/baby"},
		"*-odocoileini-baby-male-pudellamephistophiles": {"base": "entity/animal/mammal/hooved/odocoileini/pudupuda/baby"},

		"*-odocoileini-adult-male-pudupuda": {"base": "entity/animal/mammal/hooved/odocoileini/pudupuda/adult"},
		"*-odocoileini-adult-female-pudupuda": {"base": "entity/animal/mammal/hooved/odocoileini/pudupuda/adult"},
		"*-odocoileini-baby-female-pudupuda": {"base": "entity/animal/mammal/hooved/odocoileini/pudupuda/baby"},
		"*-odocoileini-baby-male-pudupuda": {"base": "entity/animal/mammal/hooved/odocoileini/pudupuda/baby"},

		"*-odocoileini-adult-male-rangiferarcticus": {"base": "entity/animal/mammal/hooved/odocoileini/rangifertarandus/adult"},
		"*-odocoileini-adult-female-rangiferarcticus": {"base": "entity/animal/mammal/hooved/odocoileini/rangifertarandus/adult"},
		"*-odocoileini-baby-female-rangiferarcticus": {"base": "entity/animal/mammal/hooved/odocoileini/rangifertarandus/baby"},
		"*-odocoileini-baby-male-rangiferarcticus": {"base": "entity/animal/mammal/hooved/odocoileini/rangifertarandus/baby"},

		"*-odocoileini-adult-male-rangifercaribou": {"base": "entity/animal/mammal/hooved/odocoileini/rangifercaribou/adult"},
		"*-odocoileini-adult-female-rangifercaribou": {"base": "entity/animal/mammal/hooved/odocoileini/rangifercaribou/adult"},
		"*-odocoileini-baby-female-rangifercaribou": {"base": "entity/animal/mammal/hooved/odocoileini/rangifertarandus/baby"},
		"*-odocoileini-baby-male-rangifercaribou": {"base": "entity/animal/mammal/hooved/odocoileini/rangifertarandus/baby"},

		"*-odocoileini-adult-male-rangiferfennicus": {"base": "entity/animal/mammal/hooved/odocoileini/rangifertarandus/adult"},
		"*-odocoileini-adult-female-rangiferfennicus": {"base": "entity/animal/mammal/hooved/odocoileini/rangifertarandus/adult"},
		"*-odocoileini-baby-female-rangiferfennicus": {"base": "entity/animal/mammal/hooved/odocoileini/rangifertarandus/baby"},
		"*-odocoileini-baby-male-rangiferfennicus": {"base": "entity/animal/mammal/hooved/odocoileini/rangifertarandus/baby"},

		"*-odocoileini-adult-male-rangifergroenlandicus": {"base": "entity/animal/mammal/hooved/odocoileini/rangifertarandus/adult"},
		"*-odocoileini-adult-female-rangifergroenlandicus": {"base": "entity/animal/mammal/hooved/odocoileini/rangifertarandus/adult"},
		"*-odocoileini-baby-female-rangifergroenlandicus": {"base": "entity/animal/mammal/hooved/odocoileini/rangifertarandus/baby"},
		"*-odocoileini-baby-male-rangifergroenlandicus": {"base": "entity/animal/mammal/hooved/odocoileini/rangifertarandus/baby"},

		"*-odocoileini-adult-male-rangiferplatyrhynchus": {"base": "entity/animal/mammal/hooved/odocoileini/rangiferplatyrhynchus/adult"},
		"*-odocoileini-adult-female-rangiferplatyrhynchus": {"base": "entity/animal/mammal/hooved/odocoileini/rangiferplatyrhynchus/adult"},
		"*-odocoileini-baby-female-rangiferplatyrhynchus": {"base": "entity/animal/mammal/hooved/odocoileini/rangiferplatyrhynchus/baby"},
		"*-odocoileini-baby-male-rangiferplatyrhynchus": {"base": "entity/animal/mammal/hooved/odocoileini/rangiferplatyrhynchus/baby"},

		"*-odocoileini-adult-male-rangifertarandusdomesticus-*": {"base": "entity/animal/mammal/hooved/odocoileini/rangifertarandus/adult"},
		"*-odocoileini-adult-female-rangifertarandusdomesticus-*": {"base": "entity/animal/mammal/hooved/odocoileini/rangifertarandus/adult"},
		"*-odocoileini-baby-female-rangifertarandusdomesticus": {"base": "entity/animal/mammal/hooved/odocoileini/rangifertarandus/baby"},
		"*-odocoileini-baby-male-rangifertarandusdomesticus": {"base": "entity/animal/mammal/hooved/odocoileini/rangifertarandus/baby"},

		"*-odocoileini-adult-male-rangifertarandus": {"base": "entity/animal/mammal/hooved/odocoileini/rangifertarandus/adult"},
		"*-odocoileini-adult-female-rangifertarandus": {"base": "entity/animal/mammal/hooved/odocoileini/rangifertarandus/adult"},
		"*-odocoileini-adult-male-rangifertarandus-*": {"base": "entity/animal/mammal/hooved/odocoileini/rangifertarandus/adult"},
		"*-odocoileini-adult-female-rangifertarandus-*": {"base": "entity/animal/mammal/hooved/odocoileini/rangifertarandus/adult"},
		"*-odocoileini-baby-female-rangifertarandus": {"base": "entity/animal/mammal/hooved/odocoileini/rangifertarandus/baby"},
		"*-odocoileini-baby-male-rangifertarandus": {"base": "entity/animal/mammal/hooved/odocoileini/rangifertarandus/baby"},

		"*-odocoileini-adult-male-subulochunyi": {"base": "entity/animal/mammal/hooved/odocoileini/mazamarufina/adult"},
		"*-odocoileini-adult-female-subulochunyi": {"base": "entity/animal/mammal/hooved/odocoileini/mazamarufina/adult"},
		"*-odocoileini-baby-female-subulochunyi": {"base": "entity/animal/mammal/hooved/odocoileini/mazamarufina/baby"},
		"*-odocoileini-baby-male-subulochunyi": {"base": "entity/animal/mammal/hooved/odocoileini/mazamarufina/baby"},

		"*-odocoileini-adult-male-subulogouazoubira": {"base": "entity/animal/mammal/hooved/odocoileini/subulogouazoubira/adult"},
		"*-odocoileini-adult-female-subulogouazoubira": {"base": "entity/animal/mammal/hooved/odocoileini/subulogouazoubira/adult"},
		"*-odocoileini-baby-female-subulogouazoubira": {"base": "entity/animal/mammal/hooved/odocoileini/subulogouazoubira/baby"},
		"*-odocoileini-baby-male-subulogouazoubira": {"base": "entity/animal/mammal/hooved/odocoileini/subulogouazoubira/baby"},

		"*-odocoileini-adult-male-torontoceroshypnogeos": {"base": "entity/animal/mammal/hooved/odocoileini/odocoileuslucasi/adult"},
		"*-odocoileini-adult-female-torontoceroshypnogeos": {"base": "entity/animal/mammal/hooved/odocoileini/odocoileuslucasi/adult"},
		"*-odocoileini-baby-female-torontoceroshypnogeos": {"base": "entity/animal/mammal/hooved/odocoileini/odocoileusvirginianus/baby"},
		"*-odocoileini-baby-male-torontoceroshypnogeos": {"base": "entity/animal/mammal/hooved/odocoileini/odocoileusvirginianus/baby"}
	},
	"texturesByType": {
		"*-alceini-adult-male-alcesalces": {"skin": { "base": "entity/animal/mammal/hooved/alceini/alcesalces-adult" }},
		"*-alceini-adult-female-alcesalces": {"skin": { "base": "entity/animal/mammal/hooved/alceini/alcesalces-adult" }},
		"*-alceini-adult-male-alcesalces-*": {"skin": { "base": "entity/animal/mammal/hooved/alceini/alcesalces-adult" }},
		"*-alceini-adult-female-alcesalces-*": {"skin": { "base": "entity/animal/mammal/hooved/alceini/alcesalces-adult" }},
		"*-alceini-baby-female-alcesalces": {"skin": { "base": "entity/animal/mammal/hooved/alceini/alcesalces-baby" }},
		"*-alceini-baby-male-alcesalces": {"skin": { "base": "entity/animal/mammal/hooved/alceini/alcesalces-baby" }},
		
		"*-alceini-adult-male-cervalcesscotti": {"skin": { "base": "entity/animal/mammal/hooved/alceini/cervalcesscotti-adult" }},
		"*-alceini-adult-female-cervalcesscotti": {"skin": { "base": "entity/animal/mammal/hooved/alceini/cervalcesscotti-adult" }},
		"*-alceini-baby-female-cervalcesscotti": {"skin": { "base": "entity/animal/mammal/hooved/alceini/cervalcesscotti-baby" }},
		"*-alceini-baby-male-cervalcesscotti": {"skin": { "base": "entity/animal/mammal/hooved/alceini/cervalcesscotti-baby" }},

		"*-capreolini-adult-male-capreoluscapreolus": {"skin": { "base": "entity/animal/mammal/hooved/capreolini/capreoluscapreolus-adult" }},
		"*-capreolini-adult-female-capreoluscapreolus": {"skin": { "base": "entity/animal/mammal/hooved/capreolini/capreoluscapreolus-adult" }},
		"*-capreolini-baby-female-capreoluscapreolus": {"skin": { "base": "entity/animal/mammal/hooved/capreolini/hydropotesinermis-baby" }},
		"*-capreolini-baby-male-capreoluscapreolus": {"skin": { "base": "entity/animal/mammal/hooved/capreolini/hydropotesinermis-baby" }},

		"*-capreolini-adult-male-capreoluspygargus": {"skin": { "base": "entity/animal/mammal/hooved/capreolini/capreoluspygargus-adult" }},
		"*-capreolini-adult-female-capreoluspygargus": {"skin": { "base": "entity/animal/mammal/hooved/capreolini/capreoluspygargus-adult" }},
		"*-capreolini-baby-female-capreoluspygargus": {"skin": { "base": "entity/animal/mammal/hooved/capreolini/hydropotesinermis-baby" }},
		"*-capreolini-baby-male-capreoluspygargus": {"skin": { "base": "entity/animal/mammal/hooved/capreolini/hydropotesinermis-baby" }},

		"*-capreolini-adult-male-hydropotesinermis": {"skin": { "base": "entity/animal/mammal/hooved/capreolini/hydropotesinermis-adult" }},
		"*-capreolini-adult-female-hydropotesinermis": {"skin": { "base": "entity/animal/mammal/hooved/capreolini/hydropotesinermis-adult" }},
		"*-capreolini-baby-female-hydropotesinermis": {"skin": { "base": "entity/animal/mammal/hooved/capreolini/hydropotesinermis-baby" }},
		"*-capreolini-baby-male-hydropotesinermis": {"skin": { "base": "entity/animal/mammal/hooved/capreolini/hydropotesinermis-baby" }},
		

		"*-odocoileini-adult-male-antiferultra": {"skin": {"base": "entity/animal/mammal/hooved/odocoileini/antiferultra-adult"}},
		"*-odocoileini-adult-female-antiferultra": {"skin": {"base": "entity/animal/mammal/hooved/odocoileini/antiferultra-adult"}},
		"*-odocoileini-baby-female-antiferultra": {"skin": {"base": "entity/animal/mammal/hooved/odocoileini/antiferultra-baby"}},
		"*-odocoileini-baby-male-antiferultra": {"skin": {"base": "entity/animal/mammal/hooved/odocoileini/antiferultra-baby"}},

		"*-odocoileini-adult-male-blastocerusdichotomus": {"skin": {"base": "entity/animal/mammal/hooved/odocoileini/blastocerusdichotomus-adult"}},
		"*-odocoileini-adult-female-blastocerusdichotomus": {"skin": {"base": "entity/animal/mammal/hooved/odocoileini/blastocerusdichotomus-adult"}},
		"*-odocoileini-baby-female-blastocerusdichotomus": {"skin": {"base": "entity/animal/mammal/hooved/odocoileini/blastocerusdichotomus-baby"}},
		"*-odocoileini-baby-male-blastocerusdichotomus": {"skin": {"base": "entity/animal/mammal/hooved/odocoileini/blastocerusdichotomus-baby"}},

		"*-odocoileini-adult-male-bretzianebrascensis": {"skin": {"base": "entity/animal/mammal/hooved/odocoileini/bretzianebrascensis-adult"}},
		"*-odocoileini-adult-female-bretzianebrascensis": {"skin": {"base": "entity/animal/mammal/hooved/odocoileini/bretzianebrascensis-adult"}},
		"*-odocoileini-baby-female-bretzianebrascensis": {"skin": {"base": "entity/animal/mammal/hooved/odocoileini/bretzianebrascensis-baby"}},
		"*-odocoileini-baby-male-bretzianebrascensis": {"skin": {"base": "entity/animal/mammal/hooved/odocoileini/bretzianebrascensis-baby"}},

		"*-odocoileini-adult-male-hippocamelusantisensis": {"skin": {"base": "entity/animal/mammal/hooved/odocoileini/hippocamelusantisensis-adult"}},
		"*-odocoileini-adult-female-hippocamelusantisensis": {"skin": {"base": "entity/animal/mammal/hooved/odocoileini/hippocamelusantisensis-adult"}},
		"*-odocoileini-baby-female-hippocamelusantisensis": {"skin": {"base": "entity/animal/mammal/hooved/odocoileini/hippocamelusantisensis-baby"}},
		"*-odocoileini-baby-male-hippocamelusantisensis": {"skin": {"base": "entity/animal/mammal/hooved/odocoileini/hippocamelusantisensis-baby"}},

		"*-odocoileini-adult-male-hippocamelusbisulcus": {"skin": {"base": "entity/animal/mammal/hooved/odocoileini/hippocamelusbisulcus-male"}},
		"*-odocoileini-adult-female-hippocamelusbisulcus": {"skin": {"base": "entity/animal/mammal/hooved/odocoileini/hippocamelusbisulcus-female"}},
		"*-odocoileini-baby-female-hippocamelusbisulcus": {"skin": {"base": "entity/animal/mammal/hooved/odocoileini/hippocamelusbisulcus-baby"}},
		"*-odocoileini-baby-male-hippocamelusbisulcus": {"skin": {"base": "entity/animal/mammal/hooved/odocoileini/hippocamelusbisulcus-baby"}},

		"*-odocoileini-adult-male-mazamaamericana": {"skin": {"base": "entity/animal/mammal/hooved/odocoileini/mazamaamericana-adult"}},
		"*-odocoileini-adult-female-mazamaamericana": {"skin": {"base": "entity/animal/mammal/hooved/odocoileini/mazamaamericana-adult"}},
		"*-odocoileini-baby-female-mazamaamericana": {"skin": {"base": "entity/animal/mammal/hooved/odocoileini/subulogouazoubira-baby"}},
		"*-odocoileini-baby-male-mazamaamericana": {"skin": {"base": "entity/animal/mammal/hooved/odocoileini/subulogouazoubira-baby"}},

		"*-odocoileini-adult-male-mazamabricenii": {"skin": {"base": "entity/animal/mammal/hooved/odocoileini/mazamabricenii-adult"}},
		"*-odocoileini-adult-female-mazamabricenii": {"skin": {"base": "entity/animal/mammal/hooved/odocoileini/mazamabricenii-adult"}},
		"*-odocoileini-baby-female-mazamabricenii": {"skin": {"base": "entity/animal/mammal/hooved/odocoileini/mazamarufina-baby"}},
		"*-odocoileini-baby-male-mazamabricenii": {"skin": {"base": "entity/animal/mammal/hooved/odocoileini/mazamarufina-baby"}},

		"*-odocoileini-adult-male-mazamajucunda": {"skin": {"base": "entity/animal/mammal/hooved/odocoileini/mazamajucunda-adult"}},
		"*-odocoileini-adult-female-mazamajucunda": {"skin": {"base": "entity/animal/mammal/hooved/odocoileini/mazamajucunda-adult"}},
		"*-odocoileini-baby-female-mazamajucunda": {"skin": {"base": "entity/animal/mammal/hooved/odocoileini/subulogouazoubira-baby"}},
		"*-odocoileini-baby-male-mazamajucunda": {"skin": {"base": "entity/animal/mammal/hooved/odocoileini/subulogouazoubira-baby"}},

		"*-odocoileini-adult-male-mazamanana": {"skin": {"base": "entity/animal/mammal/hooved/odocoileini/mazamanana-adult"}},
		"*-odocoileini-adult-female-mazamanana": {"skin": {"base": "entity/animal/mammal/hooved/odocoileini/mazamanana-adult"}},
		"*-odocoileini-baby-female-mazamanana": {"skin": {"base": "entity/animal/mammal/hooved/odocoileini/subulogouazoubira-baby"}},
		"*-odocoileini-baby-male-mazamanana": {"skin": {"base": "entity/animal/mammal/hooved/odocoileini/subulogouazoubira-baby"}},

		"*-odocoileini-adult-male-mazamarufa": {"skin": {"base": "entity/animal/mammal/hooved/odocoileini/mazamarufa-adult"}},
		"*-odocoileini-adult-female-mazamarufa": {"skin": {"base": "entity/animal/mammal/hooved/odocoileini/mazamarufa-adult"}},
		"*-odocoileini-baby-female-mazamarufa": {"skin": {"base": "entity/animal/mammal/hooved/odocoileini/subulogouazoubira-baby"}},
		"*-odocoileini-baby-male-mazamarufa": {"skin": {"base": "entity/animal/mammal/hooved/odocoileini/subulogouazoubira-baby"}},

		"*-odocoileini-adult-male-mazamarufina": {"skin": {"base": "entity/animal/mammal/hooved/odocoileini/mazamarufina-adult"}},
		"*-odocoileini-adult-female-mazamarufina": {"skin": {"base": "entity/animal/mammal/hooved/odocoileini/mazamarufina-adult"}},
		"*-odocoileini-baby-female-mazamarufina": {"skin": {"base": "entity/animal/mammal/hooved/odocoileini/mazamarufina-baby"}},
		"*-odocoileini-baby-male-mazamarufina": {"skin": {"base": "entity/animal/mammal/hooved/odocoileini/mazamarufina-baby"}},

		"*-odocoileini-adult-male-mazamatemama": {"skin": {"base": "entity/animal/mammal/hooved/odocoileini/mazamatemama-adult"}},
		"*-odocoileini-adult-female-mazamatemama": {"skin": {"base": "entity/animal/mammal/hooved/odocoileini/mazamatemama-adult"}},
		"*-odocoileini-baby-female-mazamatemama": {"skin": {"base": "entity/animal/mammal/hooved/odocoileini/subulogouazoubira-baby"}},
		"*-odocoileini-baby-male-mazamatemama": {"skin": {"base": "entity/animal/mammal/hooved/odocoileini/subulogouazoubira-baby"}},

		"*-odocoileini-adult-male-mazamatienhoveni": {"skin": {"base": "entity/animal/mammal/hooved/odocoileini/mazamatienhoveni-adult"}},
		"*-odocoileini-adult-female-mazamatienhoveni": {"skin": {"base": "entity/animal/mammal/hooved/odocoileini/mazamatienhoveni-adult"}},
		"*-odocoileini-baby-female-mazamatienhoveni": {"skin": {"base": "entity/animal/mammal/hooved/odocoileini/subulogouazoubira-baby"}},
		"*-odocoileini-baby-male-mazamatienhoveni": {"skin": {"base": "entity/animal/mammal/hooved/odocoileini/subulogouazoubira-baby"}},

		"*-odocoileini-adult-male-odocoileushemionus": {"skin": {"base": "entity/animal/mammal/hooved/odocoileini/odocoileushemionus-adult"}},
		"*-odocoileini-adult-female-odocoileushemionus": {"skin": {"base": "entity/animal/mammal/hooved/odocoileini/odocoileushemionus-adult"}},
		"*-odocoileini-baby-female-odocoileushemionus": {"skin": {"base": "entity/animal/mammal/hooved/odocoileini/odocoileusvirginianus-baby"}},
		"*-odocoileini-baby-male-odocoileushemionus": {"skin": {"base": "entity/animal/mammal/hooved/odocoileini/odocoileusvirginianus-baby"}},

		"*-odocoileini-adult-male-odocoileuslucasi": {"skin": {"base": "entity/animal/mammal/hooved/odocoileini/odocoileuslucasi-adult"}},
		"*-odocoileini-adult-female-odocoileuslucasi": {"skin": {"base": "entity/animal/mammal/hooved/odocoileini/odocoileuslucasi-adult"}},
		"*-odocoileini-baby-female-odocoileuslucasi": {"skin": {"base": "entity/animal/mammal/hooved/odocoileini/odocoileusvirginianus-baby"}},
		"*-odocoileini-baby-male-odocoileuslucasi": {"skin": {"base": "entity/animal/mammal/hooved/odocoileini/odocoileusvirginianus-baby"}},

		"*-odocoileini-adult-male-odocoileuspandora": {"skin": {"base": "entity/animal/mammal/hooved/odocoileini/odocoileuspandora-adult"}},
		"*-odocoileini-adult-female-odocoileuspandora": {"skin": {"base": "entity/animal/mammal/hooved/odocoileini/odocoileuspandora-adult"}},
		"*-odocoileini-baby-female-odocoileuspandora": {"skin": {"base": "entity/animal/mammal/hooved/odocoileini/odocoileusvirginianus-baby"}},
		"*-odocoileini-baby-male-odocoileuspandora": {"skin": {"base": "entity/animal/mammal/hooved/odocoileini/odocoileusvirginianus-baby"}},

		"*-odocoileini-adult-male-odocoileusvirginianus": {"skin": {"base": "entity/animal/mammal/hooved/odocoileini/odocoileusvirginianus-adult"}},
		"*-odocoileini-adult-female-odocoileusvirginianus": {"skin": {"base": "entity/animal/mammal/hooved/odocoileini/odocoileusvirginianus-adult"}},
		"*-odocoileini-baby-female-odocoileusvirginianus": {"skin": {"base": "entity/animal/mammal/hooved/odocoileini/odocoileusvirginianus-baby"}},
		"*-odocoileini-baby-male-odocoileusvirginianus": {"skin": {"base": "entity/animal/mammal/hooved/odocoileini/odocoileusvirginianus-baby"}},

		"*-odocoileini-adult-male-ozotocerosbezoarticus": {"skin": {"base": "entity/animal/mammal/hooved/odocoileini/ozotocerosbezoarticus-adult"}},
		"*-odocoileini-adult-female-ozotocerosbezoarticus": {"skin": {"base": "entity/animal/mammal/hooved/odocoileini/ozotocerosbezoarticus-adult"}},
		"*-odocoileini-baby-female-ozotocerosbezoarticus": {"skin": {"base": "entity/animal/mammal/hooved/odocoileini/ozotocerosbezoarticus-baby"}},
		"*-odocoileini-baby-male-ozotocerosbezoarticus": {"skin": {"base": "entity/animal/mammal/hooved/odocoileini/ozotocerosbezoarticus-baby"}},

		"*-odocoileini-adult-male-passalitesnemorivaga": {"skin": {"base": "entity/animal/mammal/hooved/odocoileini/passalitesnemorivaga-adult"}},
		"*-odocoileini-adult-female-passalitesnemorivaga": {"skin": {"base": "entity/animal/mammal/hooved/odocoileini/passalitesnemorivaga-adult"}},
		"*-odocoileini-baby-female-passalitesnemorivaga": {"skin": {"base": "entity/animal/mammal/hooved/odocoileini/subulogouazoubira-baby"}},
		"*-odocoileini-baby-male-passalitesnemorivaga": {"skin": {"base": "entity/animal/mammal/hooved/odocoileini/subulogouazoubira-baby"}},

		"*-odocoileini-adult-male-pudellacarlae": {"skin": {"base": "entity/animal/mammal/hooved/odocoileini/pudellacarlae-adult"}},
		"*-odocoileini-adult-female-pudellacarlae": {"skin": {"base": "entity/animal/mammal/hooved/odocoileini/pudellacarlae-adult"}},
		"*-odocoileini-baby-female-pudellacarlae": {"skin": {"base": "entity/animal/mammal/hooved/odocoileini/pudupuda-baby"}},
		"*-odocoileini-baby-male-pudellacarlae": {"skin": {"base": "entity/animal/mammal/hooved/odocoileini/pudupuda-baby"}},

		"*-odocoileini-adult-male-pudellamephistophiles": {"skin": {"base": "entity/animal/mammal/hooved/odocoileini/pudellamephistophiles-adult"}},
		"*-odocoileini-adult-female-pudellamephistophiles": {"skin": {"base": "entity/animal/mammal/hooved/odocoileini/pudellamephistophiles-adult"}},
		"*-odocoileini-baby-female-pudellamephistophiles": {"skin": {"base": "entity/animal/mammal/hooved/odocoileini/pudupuda-baby"}},
		"*-odocoileini-baby-male-pudellamephistophiles": {"skin": {"base": "entity/animal/mammal/hooved/odocoileini/pudupuda-baby"}},

		"*-odocoileini-adult-male-pudupuda": {"skin": {"base": "entity/animal/mammal/hooved/odocoileini/pudupuda-adult"}},
		"*-odocoileini-adult-female-pudupuda": {"skin": {"base": "entity/animal/mammal/hooved/odocoileini/pudupuda-adult"}},
		"*-odocoileini-baby-female-pudupuda": {"skin": {"base": "entity/animal/mammal/hooved/odocoileini/pudupuda-baby"}},
		"*-odocoileini-baby-male-pudupuda": {"skin": {"base": "entity/animal/mammal/hooved/odocoileini/pudupuda-baby"}},

		"*-odocoileini-adult-male-rangiferarcticus": {"skin": {"base": "entity/animal/mammal/hooved/odocoileini/rangiferarcticus-adult"}},
		"*-odocoileini-adult-female-rangiferarcticus": {"skin": {"base": "entity/animal/mammal/hooved/odocoileini/rangiferarcticus-adult"}},
		"*-odocoileini-baby-female-rangiferarcticus": {"skin": {"base": "entity/animal/mammal/hooved/odocoileini/rangiferarcticus-baby"}},
		"*-odocoileini-baby-male-rangiferarcticus": {"skin": {"base": "entity/animal/mammal/hooved/odocoileini/rangiferarcticus-baby"}},

		"*-odocoileini-adult-male-rangifercaribou": {"skin": {"base": "entity/animal/mammal/hooved/odocoileini/rangifercaribou-adult"}},
		"*-odocoileini-adult-female-rangifercaribou": {"skin": {"base": "entity/animal/mammal/hooved/odocoileini/rangifercaribou-adult"}},
		"*-odocoileini-baby-female-rangifercaribou": {"skin": {"base": "entity/animal/mammal/hooved/odocoileini/rangifercaribou-baby"}},
		"*-odocoileini-baby-male-rangifercaribou": {"skin": {"base": "entity/animal/mammal/hooved/odocoileini/rangifercaribou-baby"}},

		"*-odocoileini-adult-male-rangiferfennicus": {"skin": {"base": "entity/animal/mammal/hooved/odocoileini/rangiferfennicus-adult"}},
		"*-odocoileini-adult-female-rangiferfennicus": {"skin": {"base": "entity/animal/mammal/hooved/odocoileini/rangiferfennicus-adult"}},
		"*-odocoileini-baby-female-rangiferfennicus": {"skin": {"base": "entity/animal/mammal/hooved/odocoileini/rangiferfennicus-baby"}},
		"*-odocoileini-baby-male-rangiferfennicus": {"skin": {"base": "entity/animal/mammal/hooved/odocoileini/rangiferfennicus-baby"}},
		
		"*-odocoileini-adult-male-rangifergroenlandicus": {"skin": {"base": "entity/animal/mammal/hooved/odocoileini/rangifergroenlandicus-adult"}},
		"*-odocoileini-adult-female-rangifergroenlandicus": {"skin": {"base": "entity/animal/mammal/hooved/odocoileini/rangifergroenlandicus-adult"}},
		"*-odocoileini-baby-female-rangifergroenlandicus": {"skin": {"base": "entity/animal/mammal/hooved/odocoileini/rangifergroenlandicus-baby"}},
		"*-odocoileini-baby-male-rangifergroenlandicus": {"skin": {"base": "entity/animal/mammal/hooved/odocoileini/rangifergroenlandicus-baby"}},

		"*-odocoileini-adult-male-rangiferplatyrhynchus": {"skin": {"base": "entity/animal/mammal/hooved/odocoileini/rangiferplatyrhynchus-adult"}},
		"*-odocoileini-adult-female-rangiferplatyrhynchus": {"skin": {"base": "entity/animal/mammal/hooved/odocoileini/rangiferplatyrhynchus-adult"}},
		"*-odocoileini-baby-female-rangiferplatyrhynchus": {"skin": {"base": "entity/animal/mammal/hooved/odocoileini/rangiferplatyrhynchus-baby"}},
		"*-odocoileini-baby-male-rangiferplatyrhynchus": {"skin": {"base": "entity/animal/mammal/hooved/odocoileini/rangiferplatyrhynchus-baby"}},

		"*-odocoileini-adult-male-rangifertarandusdomesticus-*": {"skin": {"base": "entity/animal/mammal/hooved/odocoileini/rangifertarandus-adult"}},
		"*-odocoileini-adult-female-rangifertarandusdomesticus-*": {"skin": {"base": "entity/animal/mammal/hooved/odocoileini/rangifertarandus-adult"}},
		"*-odocoileini-baby-female-rangifertarandusdomesticus": {"skin": {"base": "entity/animal/mammal/hooved/odocoileini/rangifertarandus-baby"}},
		"*-odocoileini-baby-male-rangifertarandusdomesticus": {"skin": {"base": "entity/animal/mammal/hooved/odocoileini/rangifertarandus-baby"}},

		"*-odocoileini-adult-male-rangifertarandus": {"skin": {"base": "entity/animal/mammal/hooved/odocoileini/rangifertarandus-adult"}},
		"*-odocoileini-adult-female-rangifertarandus": {"skin": {"base": "entity/animal/mammal/hooved/odocoileini/rangifertarandus-adult"}},
		"*-odocoileini-adult-male-rangifertarandus-*": {"skin": {"base": "entity/animal/mammal/hooved/odocoileini/rangifertarandus-adult"}},
		"*-odocoileini-adult-female-rangifertarandus-*": {"skin": {"base": "entity/animal/mammal/hooved/odocoileini/rangifertarandus-adult"}},
		"*-odocoileini-baby-female-rangifertarandus": {"skin": {"base": "entity/animal/mammal/hooved/odocoileini/rangifertarandus-baby"}},
		"*-odocoileini-baby-male-rangifertarandus": {"skin": {"base": "entity/animal/mammal/hooved/odocoileini/rangifertarandus-baby"}},

		"*-odocoileini-adult-male-subulochunyi": {"skin": {"base": "entity/animal/mammal/hooved/odocoileini/subulochunyi-adult"}},
		"*-odocoileini-adult-female-subulochunyi": {"skin": {"base": "entity/animal/mammal/hooved/odocoileini/subulochunyi-adult"}},
		"*-odocoileini-baby-female-subulochunyi": {"skin": {"base": "entity/animal/mammal/hooved/odocoileini/mazamarufina-baby"}},
		"*-odocoileini-baby-male-subulochunyi": {"skin": {"base": "entity/animal/mammal/hooved/odocoileini/mazamarufina-baby"}},

		"*-odocoileini-adult-male-subulogouazoubira": {"skin": {"base": "entity/animal/mammal/hooved/odocoileini/subulogouazoubira-adult"}},
		"*-odocoileini-adult-female-subulogouazoubira": {"skin": {"base": "entity/animal/mammal/hooved/odocoileini/subulogouazoubira-adult"}},
		"*-odocoileini-baby-female-subulogouazoubira": {"skin": {"base": "entity/animal/mammal/hooved/odocoileini/subulogouazoubira-baby"}},
		"*-odocoileini-baby-male-subulogouazoubira": {"skin": {"base": "entity/animal/mammal/hooved/odocoileini/subulogouazoubira-baby"}},

		"*-odocoileini-adult-male-torontoceroshypnogeos": {"skin": {"base": "entity/animal/mammal/hooved/odocoileini/torontoceroshypnogeos-adult"}},
		"*-odocoileini-adult-female-torontoceroshypnogeos": {"skin": {"base": "entity/animal/mammal/hooved/odocoileini/torontoceroshypnogeos-adult"}},
		"*-odocoileini-baby-female-torontoceroshypnogeos": {"skin": {"base": "entity/animal/mammal/hooved/odocoileini/odocoileusvirginianus-baby"}},
		"*-odocoileini-baby-male-torontoceroshypnogeos": {"skin": {"base": "entity/animal/mammal/hooved/odocoileini/odocoileusvirginianus-baby"}},

		"*-carcass": {
			"skin": { "base": "game:block/creature/bone" }
		}
	},
	
	"attributes": {
		"stepParentShapesByType": {
			"*-odocoileini-adult-male-rangifercaribou": [ { "base": "entity/animal/mammal/hooved/odocoileini/rangifercaribou/antlers08" } ],
			"*-odocoileini-adult-female-rangifercaribou": [ { "base": "entity/animal/mammal/hooved/odocoileini/rangifercaribou/antlers05" } ]
		}
	},
	
	
	
	"creativeinventory": { "general": ["*"], "items": ["*"], "creatures": ["*"] },
	"materialDensity": 600,
	"guiTransformByType": {
		
		"*-alceini-adult-male-*": {
			"rotate": true,
			"translation": { "x": 3, "y": 0, "z": 0 },
			"rotation": { "x": -11, "y": -52, "z": -180 },
			"origin": { "x": 0.5, "y": 0.8, "z": 0.5 },
			"scale": 0.47
		},
		"*-alceini-adult-female-*": {
			"rotate": true,
			"translation": { "x": 3, "y": 0, "z": 0 },
			"rotation": { "x": -11, "y": -52, "z": -180 },
			"origin": { "x": 0.5, "y": 0.7, "z": 0.5 },
			"scale": 0.47
		},
		"*-alceini-baby-*": {
			"rotate": true,
			"translation": { "x": 1, "y": -1, "z": 0 },
			"rotation": { "x": -11, "y": -52, "z": -180 },
			"origin": { "x": 0.5, "y": 0.6, "z": 0.5 },
			"scale": 0.87
		},
		"*-capreolini-adult-male-*": {
			"rotate": true,
			"translation": { "x": 3, "y": 0, "z": 0 },
			"rotation": { "x": -11, "y": -52, "z": -180 },
			"origin": { "x": 0.5, "y": 0.8, "z": 0.5 },
			"scale": 0.77
		},
		"*-capreolini-adult-female-*": {
			"rotate": true,
			"translation": { "x": 3, "y": 0, "z": 0 },
			"rotation": { "x": -11, "y": -52, "z": -180 },
			"origin": { "x": 0.5, "y": 0.7, "z": 0.5 },
			"scale": 0.77
		},
		"*-capreolini-baby-*": {
			"rotate": true,
			"translation": { "x": 1, "y": -1, "z": 0 },
			"rotation": { "x": -11, "y": -52, "z": -180 },
			"origin": { "x": 0.5, "y": 0.6, "z": 0.5 },
			"scale": 1.17
		},
		"*-odocoileini-adult-male-*": {
			"rotate": true,
			"translation": { "x": 3, "y": 0, "z": 0 },
			"rotation": { "x": -11, "y": -52, "z": -180 },
			"origin": { "x": 0.5, "y": 0.8, "z": 0.5 },
			"scale": 0.77
		},
		"*-odocoileini-adult-female-*": {
			"rotate": true,
			"translation": { "x": 3, "y": 0, "z": 0 },
			"rotation": { "x": -11, "y": -52, "z": -180 },
			"origin": { "x": 0.5, "y": 0.7, "z": 0.5 },
			"scale": 0.77
		},
		"*-odocoileini-baby-*": {
			"rotate": true,
			"translation": { "x": 1, "y": -1, "z": 0 },
			"rotation": { "x": -11, "y": -52, "z": -180 },
			"origin": { "x": 0.5, "y": 0.6, "z": 0.5 },
			"scale": 1.17
		},		
		"*": {
			"rotate": true,
			"translation": { "x": 1, "y": -1, "z": 0 },
			"rotation": { "x": -11, "y": -52, "z": -180 },
			"origin": { "x": 0.5, "y": 0.6, "z": 0.5 },
			"scale": 1.0
		}			
	},
	
	"tpHandTransformByType": {
		"*-alceini-adult-male-*": {
			"translation": { "x": -0.9, "y": -0.9, "z": -0.7 },
			"rotation": { "x": -180, "y": 0, "z": -156 },
			"scale": 0.45
		},
		"*-alceini-adult-female-*": {
			"translation": { "x": -0.9, "y": -0.9, "z": -0.7 },
			"rotation": { "x": -180, "y": 0, "z": -156 },
			"scale": 0.45
		},
		"*-alceini-baby-*": {
			"translation": { "x": -0.4, "y": 0, "z": -0.6 },
			"rotation": { "x": -160, "y": -26, "z": -90 },
			"origin": { "x": 0.5, "y": 0.1, "z": 0.5 },
			"scale": 0.45
		},
		"*-capreolini-adult-male-*": {
			"translation": { "x": -0.9, "y": -0.9, "z": -0.7 },
			"rotation": { "x": -180, "y": 0, "z": -156 },
			"scale": 0.45
		},
		"*-capreolini-adult-female-*": {
			"translation": { "x": -0.9, "y": -0.9, "z": -0.7 },
			"rotation": { "x": -180, "y": 0, "z": -156 },
			"scale": 0.45
		},
		"*-capreolini-baby-*": {
			"translation": { "x": -0.4, "y": 0, "z": -0.6 },
			"rotation": { "x": -160, "y": -26, "z": -90 },
			"origin": { "x": 0.5, "y": 0.1, "z": 0.5 },
			"scale": 0.45
		},
		"*-odocoileini-adult-male-*": {
			"translation": { "x": -0.9, "y": -0.9, "z": -0.7 },
			"rotation": { "x": -180, "y": 0, "z": -156 },
			"scale": 0.45
		},
		"*-odocoileini-adult-female-*": {
			"translation": { "x": -0.9, "y": -0.9, "z": -0.7 },
			"rotation": { "x": -180, "y": 0, "z": -156 },
			"scale": 0.45
		},
		"*-odocoileini-baby-*": {
			"translation": { "x": -0.4, "y": 0, "z": -0.6 },
			"rotation": { "x": -160, "y": -26, "z": -90 },
			"origin": { "x": 0.5, "y": 0.1, "z": 0.5 },
			"scale": 0.45
		},	
		"*": {
			"translation": { "x": -0.4, "y": 0, "z": -0.6 },
			"rotation": { "x": -160, "y": -26, "z": -90 },
			"origin": { "x": 0.5, "y": 0.1, "z": 0.5 },
			"scale": 1.0
		}			
	},
	
	"fpHandTransformByType": {
		"*-alceini-adult-male-*": {
			"translation": { "x": 0.2, "y": 0, "z": 0 },
			"rotation": { "x": -8, "y": -63, "z": -7 }
		},
		"*-alceini-adult-female-*": {
			"translation": { "x": 0.2, "y": 0, "z": 0 },
			"rotation": { "x": -8, "y": -63, "z": -7 }
		},
		"*-alceini-baby-*": {
			"translation": { "x": 0.4, "y": 0, "z": 0 },
			"rotation": { "x": -8, "y": -63, "z": -7 }
		},
		"*-capreolini-adult-male-*": {
			"translation": { "x": 0.2, "y": 0, "z": 0 },
			"rotation": { "x": -8, "y": -63, "z": -7 }
		},
		"*-capreolini-adult-female-*": {
			"translation": { "x": 0.2, "y": 0, "z": 0 },
			"rotation": { "x": -8, "y": -63, "z": -7 }
		},
		"*-capreolini-baby-*": {
			"translation": { "x": 0.4, "y": 0, "z": 0 },
			"rotation": { "x": -8, "y": -63, "z": -7 }
		},
		"*-odocoileini-adult-male-*": {
			"translation": { "x": 0.2, "y": 0, "z": 0 },
			"rotation": { "x": -8, "y": -63, "z": -7 }
		},
		"*-odocoileini-adult-female-*": {
			"translation": { "x": 0.2, "y": 0, "z": 0 },
			"rotation": { "x": -8, "y": -63, "z": -7 }
		},
		"*-odocoileini-baby-*": {
			"translation": { "x": 0.4, "y": 0, "z": 0 },
			"rotation": { "x": -8, "y": -63, "z": -7 }
		},
		"*": {
			"translation": { "x": 0.4, "y": 0, "z": 0 },
			"rotation": { "x": -8, "y": -63, "z": -7 }
		}
	}}
	

	
	
	
	




