{
  "editor": {
    "allAngles": false,
    "entityTextureMode": false
  },
  "textureWidth": 16,
  "textureHeight": 16,
  "textureSizes": {},
  "textures": {
    "pickledyam": "item/food/pickledvegetable/yam"
  },
  "elements": [
    {
      "name": "onion 2",
      "from": [5.55, 0.3, 6.75],
      "to": [10.15, 1.3, 8.35],
      "rotationOrigin": [7.9, -0.2, 7.5],
      "faces": {
        "north": { "texture": "#pickledyam", "uv": [5.5, 12.5, 10.0, 13.5] },
        "east": { "texture": "#pickledyam", "uv": [12.0, 12.5, 13.5, 13.5] },
        "south": { "texture": "#pickledyam", "uv": [7.0, 12.5, 11.5, 13.5] },
        "west": { "texture": "#pickledyam", "uv": [11.0, 13.0, 12.5, 14.0] },
        "up": { "texture": "#pickledyam", "uv": [11.5, 4.0, 16.0, 5.5] },
        "down": { "texture": "#pickledyam", "uv": [5.0, 8.0, 9.5, 9.5] }
      },
      "children": [
        {
          "name": "onion 2 top",
          "from": [0.4, 1.0, 0.2],
          "to": [4.2, 1.3, 1.4],
          "rotationOrigin": [-0.1, -0.5, -0.3],
          "faces": {
            "north": { "texture": "#pickledyam", "uv": [7.0, 4.0, 10.5, 4.5] },
            "east": { "texture": "#pickledyam", "uv": [7.0, 4.5, 8.0, 5.0] },
            "south": { "texture": "#pickledyam", "uv": [11.0, 4.5, 14.5, 5.0] },
            "west": { "texture": "#pickledyam", "uv": [0.5, 4.0, 1.5, 4.5] },
            "up": { "texture": "#pickledyam", "uv": [11.5, 4.5, 15.0, 5.5] },
            "down": {
              "texture": "#pickledyam",
              "uv": [9.0, 7.0, 12.5, 8.0],
              "enabled": false
            }
          }
        },
        {
          "name": "onion bottom",
          "from": [0.4, -0.3, 0.2],
          "to": [4.2, 0.0, 1.4],
          "rotationOrigin": [-0.1, 0.2, -0.3],
          "faces": {
            "north": { "texture": "#pickledyam", "uv": [12.5, 6.5, 16.0, 7.0] },
            "east": { "texture": "#pickledyam", "uv": [0.5, 6.0, 1.5, 6.5] },
            "south": { "texture": "#pickledyam", "uv": [9.5, 6.0, 13.0, 6.5] },
            "west": { "texture": "#pickledyam", "uv": [3.0, 6.5, 4.0, 7.0] },
            "up": {
              "texture": "#pickledyam",
              "uv": [3.0, 8.0, 6.5, 9.0],
              "enabled": false
            },
            "down": { "texture": "#pickledyam", "uv": [10.0, 5.5, 13.5, 6.5] }
          }
        },
        {
          "name": "onion 4",
          "from": [4.6, 0.25, 0.4],
          "to": [4.9, 0.75, 1.2],
          "rotationOrigin": [5.65, -0.3, 1.75],
          "faces": {
            "north": { "texture": "#pickledyam", "uv": [5.5, 12.5, 6.0, 13.0] },
            "east": {
              "texture": "#pickledyam",
              "uv": [12.0, 12.5, 12.5, 13.0]
            },
            "south": { "texture": "#pickledyam", "uv": [7.0, 12.5, 7.5, 13.0] },
            "west": {
              "texture": "#pickledyam",
              "uv": [11.0, 13.0, 11.5, 13.5]
            },
            "up": { "texture": "#pickledyam", "uv": [11.5, 4.0, 12.0, 4.5] },
            "down": { "texture": "#pickledyam", "uv": [5.0, 8.0, 5.5, 8.5] }
          }
        },
        {
          "name": "onion 5",
          "from": [-0.3, 0.25, 0.42],
          "to": [0.0, 0.75, 1.22],
          "rotationOrigin": [0.75, -0.3, 1.75],
          "faces": {
            "north": { "texture": "#pickledyam", "uv": [5.5, 12.5, 6.0, 13.0] },
            "east": {
              "texture": "#pickledyam",
              "uv": [12.0, 12.5, 12.5, 13.0]
            },
            "south": { "texture": "#pickledyam", "uv": [7.0, 12.5, 7.5, 13.0] },
            "west": {
              "texture": "#pickledyam",
              "uv": [11.0, 13.0, 11.5, 13.5]
            },
            "up": { "texture": "#pickledyam", "uv": [11.5, 4.0, 12.0, 4.5] },
            "down": { "texture": "#pickledyam", "uv": [5.0, 8.0, 5.5, 8.5] }
          }
        }
      ]
    }
  ]
}
