{
	"editor": {
		"allAngles": true,
		"entityTextureMode": true
	},
	"textureWidth": 64,
	"textureHeight": 64,
	"textureSizes": {
	},
	"textures": {
		"armor41": "entity/humanoid/seraphclothes/head/armor41"
	},
	"elements": [
		{
			"name": "ArmorHelmet",
			"stepParentName": "Head",
			"from": [ -0.2, -0.5, -0.6 ],
			"to": [ -0.2, -0.5, -0.6 ],
			"unwrapMode": 4,
			"uv": [ 26.5, 14.0 ],
			"rotationOrigin": [ -0.2, -0.5, -0.6 ],
			"faces": {
				"east": { "texture": "#armor41", "uv": [ 28.0, 14.5, 28.5, 15.0 ] },
				"south": { "texture": "#armor41", "uv": [ 27.5, 14.5, 28.0, 15.0 ] },
				"west": { "texture": "#armor41", "uv": [ 27.0, 14.5, 27.5, 15.0 ] },
				"up": { "texture": "#armor41", "uv": [ 27.0, 14.0, 27.5, 14.5 ], "rotation": 90 },
				"down": { "texture": "#armor41", "uv": [ 27.0, 15.0, 27.5, 15.5 ], "rotation": 90 }
			},
			"children": [
				{
					"name": "HeadHead",
					"stepParentName": "Head",
					"from": [ 0.0, -0.6, -0.4 ],
					"to": [ 0.0, -0.6, -0.4 ],
					"autoUnwrap": false,
					"uv": [ 999.0, 999.0 ],
					"rotationOrigin": [ 0.0, -0.6, -0.4 ],
					"faces": {
					},
					"children": [
						{
							"name": "cube0",
							"from": [ -0.45, -0.8, -0.35 ],
							"to": [ 6.6, 6.15, 6.05 ],
							"autoUnwrap": false,
							"uv": [ 32.0, 20.0 ],
							"rotationOrigin": [ -0.3, 0.0, -0.2 ],
							"faces": {
								"north": { "texture": "#armor41", "uv": [ 32.0, 27.0, 39.0, 34.0 ], "autoUv": false },
								"east": { "texture": "#armor41", "uv": [ 52.0, 27.0, 58.0, 34.0 ], "autoUv": false },
								"south": { "texture": "#armor41", "uv": [ 45.0, 27.0, 52.0, 34.0 ], "autoUv": false },
								"west": { "texture": "#armor41", "uv": [ 39.0, 27.0, 45.0, 34.0 ], "autoUv": false },
								"up": { "texture": "#armor41", "uv": [ 39.0, 20.0, 45.0, 27.0 ], "rotation": 90, "autoUv": false },
								"down": { "texture": "#armor41", "uv": [ 38.0, 26.0, 39.0, 27.0 ], "autoUv": false }
							}
						},
						{
							"name": "Casco1",
							"from": [ -0.7, -1.0, -0.55 ],
							"to": [ 6.9, 6.35, 6.35 ],
							"autoUnwrap": false,
							"uv": [ 6.0, 20.0 ],
							"rotationOrigin": [ 0.1, 0.0, -0.2 ],
							"faces": {
								"north": { "texture": "#armor41", "uv": [ 6.0, 27.0, 13.0, 34.0 ], "autoUv": false },
								"east": { "texture": "#armor41", "uv": [ 26.0, 27.0, 32.0, 34.0 ], "autoUv": false },
								"south": { "texture": "#armor41", "uv": [ 19.0, 27.0, 26.0, 34.0 ], "autoUv": false },
								"west": { "texture": "#armor41", "uv": [ 13.0, 27.0, 19.0, 34.0 ], "autoUv": false },
								"up": { "texture": "#armor41", "uv": [ 13.0, 20.0, 19.0, 27.0 ], "rotation": 90, "autoUv": false },
								"down": { "texture": "#armor41", "uv": [ 38.0, 26.0, 39.0, 27.0 ], "autoUv": false }
							}
						},
						{
							"name": "Cuerno1",
							"from": [ 2.0, 3.5, 5.4 ],
							"to": [ 4.0, 5.5, 7.4 ],
							"autoUnwrap": false,
							"uv": [ 45.0, 22.5 ],
							"rotationOrigin": [ 3.0, 4.5, 6.4 ],
							"rotationX": 10.0,
							"rotationY": -20.0,
							"rotationZ": 15.0,
							"faces": {
								"north": { "texture": "#armor41", "uv": [ 45.0, 24.0, 47.0, 26.0 ], "autoUv": false },
								"east": { "texture": "#armor41", "uv": [ 45.5, 24.5, 47.5, 26.5 ], "autoUv": false },
								"south": { "texture": "#armor41", "uv": [ 46.5, 23.5, 48.5, 25.5 ], "autoUv": false },
								"west": { "texture": "#armor41", "uv": [ 46.0, 23.5, 48.0, 25.5 ], "autoUv": false },
								"up": { "texture": "#armor41", "uv": [ 47.0, 22.5, 49.0, 24.5 ], "autoUv": false },
								"down": { "texture": "#armor41", "uv": [ 46.5, 24.5, 48.5, 26.5 ], "autoUv": false }
							},
							"children": [
								{
									"name": "cube6",
									"from": [ 0.0, 0.0, 2.0 ],
									"to": [ 1.5, 1.5, 3.5 ],
									"autoUnwrap": false,
									"uv": [ 45.0, 23.5 ],
									"rotationOrigin": [ 1.5, 1.5, 2.0 ],
									"rotationX": 20.0,
									"rotationY": -20.0,
									"faces": {
										"north": { "texture": "#armor41", "uv": [ 45.0, 24.0, 47.0, 26.0 ], "autoUv": false },
										"east": { "texture": "#armor41", "uv": [ 45.5, 24.5, 47.5, 26.5 ], "autoUv": false },
										"south": { "texture": "#armor41", "uv": [ 46.5, 23.5, 48.5, 25.5 ], "autoUv": false },
										"west": { "texture": "#armor41", "uv": [ 46.0, 23.5, 48.0, 25.5 ], "autoUv": false },
										"up": { "texture": "#armor41", "uv": [ 45.5, 23.5, 47.5, 25.5 ], "autoUv": false },
										"down": { "texture": "#armor41", "uv": [ 46.5, 24.5, 48.5, 26.5 ], "autoUv": false }
									},
									"children": [
										{
											"name": "cube7",
											"from": [ 0.0, 0.0, 1.5 ],
											"to": [ 1.0, 1.0, 4.0 ],
											"autoUnwrap": false,
											"uv": [ 45.0, 23.5 ],
											"rotationOrigin": [ 1.0, 1.05, 1.5 ],
											"rotationY": -50.0,
											"rotationZ": 20.0,
											"faces": {
												"north": { "texture": "#armor41", "uv": [ 45.0, 24.0, 46.0, 25.0 ] },
												"east": { "texture": "#armor41", "uv": [ 45.5, 24.5, 48.0, 25.5 ] },
												"south": { "texture": "#armor41", "uv": [ 46.5, 23.5, 47.5, 24.5 ] },
												"west": { "texture": "#armor41", "uv": [ 46.0, 23.5, 48.5, 24.5 ] },
												"up": { "texture": "#armor41", "uv": [ 46.0, 23.5, 47.0, 26.0 ] },
												"down": { "texture": "#armor41", "uv": [ 47.0, 23.5, 48.0, 26.0 ] }
											}
										}
									]
								}
							]
						},
						{
							"name": "Cuerno2",
							"from": [ 2.0, 3.5, -1.9 ],
							"to": [ 4.0, 5.5, 0.1 ],
							"autoUnwrap": false,
							"uv": [ 45.5, 23.5 ],
							"rotationOrigin": [ 3.0, 4.5, -0.9 ],
							"rotationX": -10.0,
							"rotationY": 20.0,
							"rotationZ": 15.0,
							"faces": {
								"north": { "texture": "#armor41", "uv": [ 46.5, 23.5, 48.5, 25.5 ], "autoUv": false },
								"east": { "texture": "#armor41", "uv": [ 46.0, 24.5, 48.0, 26.5 ], "autoUv": false },
								"south": { "texture": "#armor41", "uv": [ 46.0, 23.5, 48.0, 25.5 ], "autoUv": false },
								"west": { "texture": "#armor41", "uv": [ 46.0, 24.0, 48.0, 26.0 ], "autoUv": false },
								"up": { "texture": "#armor41", "uv": [ 47.0, 24.0, 49.0, 26.0 ], "autoUv": false },
								"down": { "texture": "#armor41", "uv": [ 45.5, 24.0, 47.5, 26.0 ], "autoUv": false }
							},
							"children": [
								{
									"name": "cube8",
									"from": [ 0.0, 0.0, -1.5 ],
									"to": [ 1.5, 1.5, 0.0 ],
									"autoUnwrap": false,
									"uv": [ 45.5, 23.0 ],
									"rotationOrigin": [ 1.5, 1.5, 0.0 ],
									"rotationX": -20.0,
									"rotationY": 20.0,
									"faces": {
										"north": { "texture": "#armor41", "uv": [ 46.5, 23.5, 48.5, 25.5 ], "autoUv": false },
										"east": { "texture": "#armor41", "uv": [ 46.5, 23.0, 48.5, 25.0 ], "autoUv": false },
										"south": { "texture": "#armor41", "uv": [ 46.0, 23.5, 48.0, 25.5 ], "autoUv": false },
										"west": { "texture": "#armor41", "uv": [ 46.0, 24.0, 48.0, 26.0 ], "autoUv": false },
										"up": { "texture": "#armor41", "uv": [ 46.0, 24.0, 48.0, 26.0 ], "autoUv": false },
										"down": { "texture": "#armor41", "uv": [ 45.5, 24.0, 47.5, 26.0 ], "autoUv": false }
									},
									"children": [
										{
											"name": "cube9",
											"from": [ 0.0, 0.0, -2.5 ],
											"to": [ 1.0, 1.0, 0.0 ],
											"autoUnwrap": false,
											"uv": [ 45.5, 23.5 ],
											"rotationOrigin": [ 1.0, 1.0, 0.0 ],
											"rotationY": 57.0,
											"rotationZ": 20.0,
											"faces": {
												"north": { "texture": "#armor41", "uv": [ 46.5, 23.5, 47.5, 24.5 ] },
												"east": { "texture": "#armor41", "uv": [ 45.5, 24.0, 48.0, 25.0 ] },
												"south": { "texture": "#armor41", "uv": [ 46.0, 23.5, 47.0, 24.5 ] },
												"west": { "texture": "#armor41", "uv": [ 46.0, 24.0, 48.5, 25.0 ] },
												"up": { "texture": "#armor41", "uv": [ 46.5, 23.5, 47.5, 26.0 ] },
												"down": { "texture": "#armor41", "uv": [ 45.5, 24.0, 46.5, 26.5 ] }
											}
										}
									]
								}
							]
						}
					]
				}
			]
		}
	]}