{
	"editor": {
		"allAngles": false,
		"entityTextureMode": true
	},
	"textureWidth": 64,
	"textureHeight": 64,
	"textureSizes": {
		"head": [64,64]
	},
	"textures": {
		"head": "entity/humanoid/seraphclothes/head/neckcover1red"
	},
	"elements": [
		{
			"name": "UpperTorsoOrigin",
			"stepParentName": "UpperTorso",
			"from": [ -0.05, -0.05, -0.05 ],
			"to": [ 5.05, 5.05, 6.25 ],
			"unwrapMode": 4,
			"autoUnwrap": false,
			"uv": [ 10.0, 0.0 ],
			"rotationOrigin": [ 2.0, 2.0, 3.25 ],
			"faces": {
				"north": { "texture": "#head", "uv": [ 41.0, 5.0, 46.0, 10.0 ], "windMode": [-1,-1,-1,-1], "windData": [1,1,1,1] },
				"east": { "texture": "#head", "uv": [ 57.0, 5.0, 63.0, 10.0 ], "windMode": [-1,-1,-1,-1] },
				"south": { "texture": "#head", "uv": [ 52.0, 5.0, 57.0, 10.0 ] },
				"west": { "texture": "#head", "uv": [ 46.0, 5.0, 52.0, 10.0 ] },
				"up": { "texture": "#head", "uv": [ 46.0, 0.0, 52.0, 5.0 ], "rotation": 90 },
				"down": { "texture": "#head", "uv": [ 34.0, 5.0, 40.0, 10.0 ], "rotation": 90, "windMode": [-1,-1,-1,-1] }
			},
			"children": [
				{
					"name": "Blackout",
					"from": [ 0.1, 0.8, 0.6 ],
					"to": [ 4.9, 4.8, 5.6 ],
					"autoUnwrap": false,
					"uv": [ 23.0, 9.0 ],
					"rotationOrigin": [ 0.1, 0.8, 0.6 ],
					"faces": {
						"north": { "texture": "#head", "uv": [ 58.5, 1.0, 63.0, 5.0 ], "autoUv": false },
						"east": { "texture": "#head", "uv": [ 59.0, 0.0, 63.0, 5.0 ], "rotation": 90, "windMode": [-1,-1,-1,-1], "windData": [1,1,1,1] },
						"south": { "texture": "#head", "uv": [ 58.5, 1.0, 63.0, 5.0 ], "windMode": [-1,-1,-1,-1], "windData": [1,1,1,1] },
						"west": { "texture": "#head", "uv": [ 59.0, 0.0, 63.0, 5.0 ], "rotation": 90, "windMode": [-1,-1,-1,-1], "windData": [1,1,1,1] },
						"up": { "texture": "#head", "uv": [ 58.5, 0.0, 63.0, 5.0 ] },
						"down": { "texture": "#head", "uv": [ 58.5, 0.0, 63.0, 5.0 ] }
					}
				}
			]
		},
		{
			"name": "UpperArmROrigin",
			"stepParentName": "UpperArmR",
			"from": [ -0.05, -0.05, -0.05 ],
			"to": [ 3.05, 7.05, 2.05 ],
			"unwrapMode": 1,
			"autoUnwrap": false,
			"uv": [ 8.0, 21.0 ],
			"rotationOrigin": [ 1.5, 7.0, 1.0 ],
			"faces": {
				"north": { "texture": "#head", "uv": [ 33.0, 41.5, 36.0, 48.5 ] },
				"east": { "texture": "#head", "uv": [ 31.0, 41.5, 33.0, 48.5 ] },
				"south": { "texture": "#head", "uv": [ 38.0, 41.5, 41.0, 48.5 ] },
				"west": { "texture": "#head", "uv": [ 36.0, 41.5, 38.0, 48.5 ] },
				"up": { "texture": "#head", "uv": [ 36.0, 38.5, 38.0, 41.5 ], "rotation": 90, "windMode": [-1,-1,-1,-1] },
				"down": { "texture": "#head", "uv": [ 36.0, 48.5, 38.0, 51.5 ], "rotation": 90, "windMode": [-1,-1,-1,-1] }
			}
		},
		{
			"name": "UpperArmLOrigin",
			"stepParentName": "UpperArmL",
			"from": [ -0.05, -0.05, -0.05 ],
			"to": [ 3.05, 7.05, 2.05 ],
			"unwrapMode": 3,
			"autoUnwrap": false,
			"uv": [ 0.0, 13.0 ],
			"rotationOrigin": [ 1.5, 6.9, 1.0 ],
			"faces": {
				"north": { "texture": "#head", "uv": [ 42.0, 41.5, 45.0, 48.5 ] },
				"east": { "texture": "#head", "uv": [ 50.0, 41.5, 52.0, 48.5 ], "windMode": [-1,-1,-1,-1] },
				"south": { "texture": "#head", "uv": [ 47.0, 41.5, 50.0, 48.5 ], "windMode": [-1,-1,-1,-1] },
				"west": { "texture": "#head", "uv": [ 45.0, 41.5, 47.0, 48.5 ] },
				"up": { "texture": "#head", "uv": [ 45.0, 38.5, 47.0, 41.5 ], "rotation": 90, "windMode": [-1,-1,-1,-1] },
				"down": { "texture": "#head", "uv": [ 45.0, 48.5, 47.0, 51.5 ], "rotation": 90, "windMode": [-1,-1,-1,-1] }
			}
		},
		{
			"name": "LowerArmROrigin",
			"stepParentName": "LowerArmR",
			"from": [ -0.05, -0.05, -0.05 ],
			"to": [ 2.55, 8.05, 2.05 ],
			"unwrapMode": 1,
			"autoUnwrap": false,
			"uv": [ 0.0, 0.0 ],
			"rotationOrigin": [ 1.3, 7.8, 1.0 ],
			"faces": {
				"north": { "texture": "#head", "uv": [ 33.5, 51.5, 36.0, 59.5 ] },
				"east": { "texture": "#head", "uv": [ 31.5, 51.5, 33.5, 59.5 ] },
				"south": { "texture": "#head", "uv": [ 38.0, 51.5, 40.5, 59.5 ] },
				"west": { "texture": "#head", "uv": [ 36.0, 51.5, 38.0, 59.5 ] },
				"up": { "texture": "#head", "uv": [ 36.0, 49.0, 38.0, 51.5 ], "rotation": 90, "windMode": [-1,-1,-1,-1] },
				"down": { "texture": "#head", "uv": [ 36.0, 59.5, 38.0, 62.0 ], "rotation": 90, "windMode": [-1,-1,-1,-1] }
			}
		},
		{
			"name": "LowerArmLOrigin",
			"stepParentName": "LowerArmL",
			"from": [ -0.05, -0.05, -0.05 ],
			"to": [ 2.55, 8.05, 2.05 ],
			"unwrapMode": 3,
			"autoUnwrap": false,
			"uv": [ 0.0, 8.0 ],
			"rotationOrigin": [ 1.3, 7.8, 1.0 ],
			"faces": {
				"north": { "texture": "#head", "uv": [ 42.5, 51.5, 45.0, 59.5 ] },
				"east": { "texture": "#head", "uv": [ 49.5, 51.5, 51.5, 59.5 ], "windMode": [-1,-1,-1,-1] },
				"south": { "texture": "#head", "uv": [ 47.0, 51.5, 49.5, 59.5 ] },
				"west": { "texture": "#head", "uv": [ 45.0, 51.5, 47.0, 59.5 ] },
				"up": { "texture": "#head", "uv": [ 45.0, 49.0, 47.0, 51.5 ], "rotation": 90, "windMode": [-1,-1,-1,-1] },
				"down": { "texture": "#head", "uv": [ 45.0, 59.5, 47.0, 62.0 ], "rotation": 90, "windMode": [-1,-1,-1,-1] }
			}
		},
		{
			"name": "ArmorHelmet",
			"stepParentName": "Head",
			"from": [ -0.2, -0.5, -0.6 ],
			"to": [ -0.2, -0.5, -0.6 ],
			"unwrapMode": 4,
			"uv": [ 26.5, 14.0 ],
			"rotationOrigin": [ -0.2, -0.5, -0.6 ],
			"faces": {
			},
			"children": [
				{
					"name": "HeadHead",
					"stepParentName": "Head",
					"from": [ 0.0, -0.6, -0.6 ],
					"to": [ 0.0, -0.6, -0.6 ],
					"autoUnwrap": false,
					"uv": [ 999.0, 999.0 ],
					"rotationOrigin": [ 0.0, -0.6, -0.6 ],
					"faces": {
					},
					"children": [
						{
							"name": "cube451",
							"from": [ -0.46, -1.41, 0.09 ],
							"to": [ 6.36, 6.11, 6.11 ],
							"autoUnwrap": false,
							"uv": [ 32.0, 20.0 ],
							"rotationOrigin": [ -0.3, -0.6, 0.3 ],
							"faces": {
								"north": { "texture": "#head", "uv": [ 32.0, 27.0, 39.0, 34.5 ], "autoUv": false },
								"east": { "texture": "#head", "uv": [ 52.0, 27.0, 58.0, 34.5 ], "autoUv": false },
								"south": { "texture": "#head", "uv": [ 45.0, 27.0, 52.0, 34.5 ], "autoUv": false },
								"west": { "texture": "#head", "uv": [ 39.0, 27.0, 45.0, 34.5 ], "autoUv": false },
								"up": { "texture": "#head", "uv": [ 39.0, 20.0, 45.0, 27.0 ], "rotation": 90, "autoUv": false, "windMode": [-1,-1,-1,-1] },
								"down": { "texture": "#head", "uv": [ 38.0, 26.0, 39.0, 27.0 ], "rotation": 270, "autoUv": false, "windMode": [-1,-1,-1,-1] }
							}
						},
						{
							"name": "cube452",
							"from": [ -0.21, -2.31, 0.19 ],
							"to": [ 6.01, 5.71, 6.01 ],
							"autoUnwrap": false,
							"uv": [ 32.0, 20.0 ],
							"rotationOrigin": [ 0.0, -1.5, 0.4 ],
							"faces": {
								"north": { "texture": "#head", "uv": [ 8.0, 19.0, 14.0, 27.0 ], "autoUv": false },
								"east": { "texture": "#head", "uv": [ 25.0, 19.0, 30.0, 27.0 ], "autoUv": false },
								"south": { "texture": "#head", "uv": [ 19.0, 19.0, 25.0, 27.0 ], "autoUv": false },
								"west": { "texture": "#head", "uv": [ 14.0, 19.0, 19.0, 27.0 ], "autoUv": false },
								"up": { "texture": "#head", "uv": [ 14.0, 13.0, 19.0, 19.0 ], "rotation": 90, "autoUv": false },
								"down": { "texture": "#head", "uv": [ 38.0, 26.0, 39.0, 27.0 ], "rotation": 270, "autoUv": false }
							}
						}
					]
				}
			]
		}
	]}