{
	"editor": {
		"allAngles": true,
		"entityTextureMode": true
	},
	"textureWidth": 64,
	"textureHeight": 64,
	"textureSizes": {
	},
	"textures": {
		"leatherhat": "entity/humanoid/seraphclothes/head/leatherhat"
	},
	"elements": [
		{
			"name": "ArmorHelmet",
			"stepParentName": "Head",
			"from": [ -0.2, -0.5, -0.6 ],
			"to": [ -0.2, -0.5, -0.6 ],
			"unwrapMode": 4,
			"uv": [ 26.5, 14.0 ],
			"rotationOrigin": [ -0.2, -0.5, -0.6 ],
			"faces": {
				"north": { "texture": "#null", "uv": [ 0.0, 0.0, 0.5, 0.5 ], "enabled": false },
				"east": { "texture": "#null", "uv": [ 0.0, 0.0, 0.5, 0.5 ], "enabled": false },
				"south": { "texture": "#null", "uv": [ 0.0, 0.0, 0.5, 0.5 ], "enabled": false },
				"west": { "texture": "#null", "uv": [ 0.0, 0.0, 0.5, 0.5 ], "enabled": false },
				"up": { "texture": "#null", "uv": [ 0.0, 0.0, 0.5, 0.5 ], "enabled": false },
				"down": { "texture": "#null", "uv": [ 0.0, 0.0, 0.5, 0.5 ], "enabled": false }
			},
			"children": [
				{
					"name": "hidehat",
					"stepParentName": "Head",
					"from": [ -0.1, -0.6, -0.4 ],
					"to": [ -0.1, -0.6, -0.4 ],
					"autoUnwrap": false,
					"uv": [ 999.0, 999.0 ],
					"rotationOrigin": [ -0.1, -0.6, -0.4 ],
					"faces": {
						"north": { "texture": "#null", "uv": [ 0.0, 0.0, 0.5, 0.5 ], "enabled": false },
						"east": { "texture": "#null", "uv": [ 0.0, 0.0, 0.5, 0.5 ], "enabled": false },
						"south": { "texture": "#null", "uv": [ 0.0, 0.0, 0.5, 0.5 ], "enabled": false },
						"west": { "texture": "#null", "uv": [ 0.0, 0.0, 0.5, 0.5 ], "enabled": false },
						"up": { "texture": "#null", "uv": [ 0.0, 0.0, 0.5, 0.5 ], "enabled": false },
						"down": { "texture": "#null", "uv": [ 0.0, 0.0, 0.5, 0.5 ], "enabled": false }
					},
					"children": [
						{
							"name": "cube0",
							"from": [ -0.5, -0.8, -0.4 ],
							"to": [ 6.7, 6.2, 6.1 ],
							"autoUnwrap": false,
							"uv": [ 32.0, 20.0 ],
							"rotationOrigin": [ -0.3, 0.0, -0.2 ],
							"faces": {
								"north": { "texture": "#leatherhat", "uv": [ 32.0, 27.0, 39.0, 34.0 ], "autoUv": false },
								"east": { "texture": "#leatherhat", "uv": [ 52.0, 27.0, 58.0, 34.0 ], "autoUv": false },
								"south": { "texture": "#leatherhat", "uv": [ 45.0, 27.0, 52.0, 34.0 ], "autoUv": false },
								"west": { "texture": "#leatherhat", "uv": [ 39.0, 27.0, 45.0, 34.0 ], "autoUv": false },
								"up": { "texture": "#leatherhat", "uv": [ 39.0, 20.0, 45.0, 27.0 ], "rotation": 90, "autoUv": false, "windMode": [-1,-1,-1,-1] },
								"down": { "texture": "#leatherhat", "uv": [ 38.0, 26.0, 39.0, 27.0 ], "rotation": 270, "autoUv": false, "windMode": [-1,-1,-1,-1] }
							}
						},
						{
							"name": "cube11",
							"from": [ -4.3, 3.7, -4.8 ],
							"to": [ 10.5, 3.71, 10.5 ],
							"autoUnwrap": false,
							"uv": [ 34.5, 22.0 ],
							"rotationOrigin": [ -4.1, 4.5, -4.6 ],
							"faces": {
								"north": { "texture": "#null", "uv": [ 0.0, 0.0, 14.5, 0.5 ], "enabled": false },
								"east": { "texture": "#null", "uv": [ 0.0, 0.0, 15.0, 0.5 ], "enabled": false },
								"south": { "texture": "#null", "uv": [ 0.0, 0.0, 14.5, 0.5 ], "enabled": false },
								"west": { "texture": "#null", "uv": [ 0.0, 0.0, 15.0, 0.5 ], "enabled": false },
								"up": { "texture": "#leatherhat", "uv": [ 40.0, 45.0, 54.0, 59.0 ], "rotation": 90, "autoUv": false, "windMode": [-1,-1,-1,-1] },
								"down": { "texture": "#leatherhat", "uv": [ 54.0, 45.0, 40.0, 59.0 ], "rotation": 270, "autoUv": false, "windMode": [-1,-1,-1,-1] }
							}
						},
						{
							"name": "cube3",
							"from": [ 0.5, 6.2, 0.6 ],
							"to": [ 5.7, 6.7, 5.1 ],
							"autoUnwrap": false,
							"uv": [ 32.0, 20.0 ],
							"rotationOrigin": [ 0.7, 7.0, 0.8 ],
							"faces": {
								"north": { "texture": "#leatherhat", "uv": [ 33.0, 27.0, 38.0, 27.5 ], "autoUv": false },
								"east": { "texture": "#leatherhat", "uv": [ 53.0, 27.0, 57.0, 27.5 ], "autoUv": false },
								"south": { "texture": "#leatherhat", "uv": [ 46.0, 27.0, 51.0, 27.5 ], "autoUv": false },
								"west": { "texture": "#leatherhat", "uv": [ 40.0, 27.0, 44.0, 27.5 ], "autoUv": false },
								"up": { "texture": "#leatherhat", "uv": [ 40.0, 21.0, 44.0, 26.0 ], "rotation": 90, "autoUv": false, "windMode": [-1,-1,-1,-1] },
								"down": { "texture": "#leatherhat", "uv": [ 38.0, 26.0, 39.0, 27.0 ], "rotation": 270, "autoUv": false, "windMode": [-1,-1,-1,-1] }
							}
						}
					]
				}
			]
		}
	]}