{
	"editor": {
		"backDropShape": "entity/animal/mammal/hooved/odocoileini/pudupuda/adult",
		"collapsedPaths": "Root/Body/Left Shoulder,Root/Body/Right Shoulder",
		"allAngles": true,
		"entityTextureMode": true
	},
	"textureWidth": 36,
	"textureHeight": 48,
	"textureSizes": {
		"skin": [36,48]
	},
	"textures": {
		"skin": "entity/animal/mammal/hooved/odocoileini/pudupuda-adult"
	},
	"elements": [
		{
			"name": "Horn attachment",
			"stepParentName": "Head",
			"from": [ 0.6, 2.9, 1.0 ],
			"to": [ 1.4, 3.7, 1.8 ],
			"uv": [ 0.0, 0.0 ],
			"rotationOrigin": [ 0.6, 2.9, 1.0 ],
			"rotationZ": -28.0,
			"faces": {
			},
			"children": [
				{
					"name": "R antler base",
					"from": [ -0.3, -0.7, -0.7 ],
					"to": [ 0.1, -0.2, -0.3 ],
					"unwrapMode": 4,
					"uv": [ 12.0, 38.5 ],
					"rotationOrigin": [ -0.3, -0.7, -0.2 ],
					"rotationX": -10.0,
					"rotationY": -25.0,
					"rotationZ": 10.0,
					"faces": {
						"north": { "texture": "#skin", "uv": [ 12.0, 39.0, 12.5, 39.5 ] },
						"east": { "texture": "#skin", "uv": [ 13.5, 39.0, 14.0, 39.5 ] },
						"south": { "texture": "#skin", "uv": [ 13.0, 39.0, 13.5, 39.5 ] },
						"west": { "texture": "#skin", "uv": [ 12.5, 39.0, 13.0, 39.5 ] },
						"up": { "texture": "#skin", "uv": [ 12.5, 38.5, 13.0, 39.0 ], "rotation": 90 },
						"down": { "texture": "#skin", "uv": [ 12.5, 39.5, 13.0, 40.0 ], "rotation": 90 }
					},
					"children": [
						{
							"name": "R antler",
							"from": [ 0.1, 0.5, 0.1 ],
							"to": [ 0.3, 1.8, 0.3 ],
							"unwrapMode": 4,
							"uv": [ 12.0, 36.5 ],
							"rotationOrigin": [ 0.0, 0.5, 0.4 ],
							"faces": {
								"north": { "texture": "#skin", "uv": [ 12.0, 37.0, 12.5, 38.0 ] },
								"east": { "texture": "#skin", "uv": [ 13.5, 37.0, 14.0, 38.0 ] },
								"south": { "texture": "#skin", "uv": [ 13.0, 37.0, 13.5, 38.0 ] },
								"west": { "texture": "#skin", "uv": [ 12.5, 37.0, 13.0, 38.0 ] },
								"up": { "texture": "#skin", "uv": [ 12.5, 36.5, 13.0, 37.0 ], "rotation": 90 },
								"down": { "texture": "#skin", "uv": [ 12.5, 38.0, 13.0, 38.5 ], "rotation": 90 }
							}
						}
					]
				},
				{
					"name": "L antler base",
					"from": [ -0.3, -0.7, 0.2 ],
					"to": [ 0.1, -0.2, 0.6 ],
					"unwrapMode": 4,
					"uv": [ 14.0, 38.5 ],
					"rotationOrigin": [ -0.3, -0.7, 0.2 ],
					"rotationX": 10.0,
					"rotationY": 25.0,
					"rotationZ": 10.0,
					"faces": {
						"north": { "texture": "#skin", "uv": [ 14.0, 39.0, 14.5, 39.5 ] },
						"east": { "texture": "#skin", "uv": [ 15.5, 39.0, 16.0, 39.5 ] },
						"south": { "texture": "#skin", "uv": [ 15.0, 39.0, 15.5, 39.5 ] },
						"west": { "texture": "#skin", "uv": [ 14.5, 39.0, 15.0, 39.5 ] },
						"up": { "texture": "#skin", "uv": [ 14.5, 38.5, 15.0, 39.0 ], "rotation": 90, "windMode": [-1,-1,-1,-1], "windData": [1,1,1,1] },
						"down": { "texture": "#skin", "uv": [ 14.5, 39.5, 15.0, 40.0 ], "rotation": 90, "windMode": [-1,-1,-1,-1], "windData": [1,1,1,1] }
					},
					"children": [
						{
							"name": "L antler",
							"from": [ 0.1, 0.5, 0.1 ],
							"to": [ 0.3, 1.8, 0.3 ],
							"unwrapMode": 4,
							"uv": [ 14.0, 36.5 ],
							"rotationOrigin": [ 0.0, 0.5, 0.0 ],
							"faces": {
								"north": { "texture": "#skin", "uv": [ 14.0, 37.0, 14.5, 38.0 ] },
								"east": { "texture": "#skin", "uv": [ 15.5, 37.0, 16.0, 38.0 ] },
								"south": { "texture": "#skin", "uv": [ 15.0, 37.0, 15.5, 38.0 ] },
								"west": { "texture": "#skin", "uv": [ 14.5, 37.0, 15.0, 38.0 ] },
								"up": { "texture": "#skin", "uv": [ 14.5, 36.5, 15.0, 37.0 ], "rotation": 90 },
								"down": { "texture": "#skin", "uv": [ 14.5, 38.0, 15.0, 38.5 ], "rotation": 90 }
							}
						}
					]
				}
			]
		}
	],
	"animations": [
	]
}