{
	"editor": {
		"backDropShape": "entity/bovinae/tragelaphusangasii/male",
		"collapsedPaths": "",
		"allAngles": true,
		"entityTextureMode": true
	},
	"textureWidth": 56,
	"textureHeight": 64,
	"textureSizes": {
		"skin": [56,64]
	},
	"textures": {
		"skin": "entity/bovinae/tragelaphusangasii-male"
	},
	"elements": [
		{
			"name": "R Antler1",
			"stepParentName": "AntlerBase",
			"from": [ 0.6, -0.7, -1.3 ],
			"to": [ 1.6, 0.4, -0.2 ],
			"unwrapMode": 5,
			"unwrapRotation": 1,
			"uv": [ 48.5, 32.5 ],
			"rotationOrigin": [ 0.6, -0.2, -0.7 ],
			"rotationY": 20.0,
			"rotationZ": 15.0,
			"faces": {
				"north": { "texture": "#skin", "uv": [ 48.5, 33.5, 49.5, 34.5 ], "rotation": 270 },
				"east": { "texture": "#skin", "uv": [ 49.5, 32.5, 50.5, 33.5 ], "rotation": 180 },
				"south": { "texture": "#skin", "uv": [ 50.5, 33.5, 51.5, 34.5 ], "rotation": 90 },
				"up": { "texture": "#skin", "uv": [ 49.5, 33.5, 50.5, 34.5 ], "rotation": 90 },
				"down": { "texture": "#skin", "uv": [ 51.5, 33.5, 52.5, 34.5 ], "rotation": 270, "windMode": [-1,-1,-1,-1], "windData": [1,1,1,1] }
			},
			"children": [
				{
					"name": "R Antler2",
					"from": [ 0.9, 0.15, 0.15 ],
					"to": [ 2.4, 0.95, 0.95 ],
					"unwrapMode": 5,
					"unwrapRotation": 1,
					"uv": [ 48.5, 31.0 ],
					"rotationOrigin": [ 0.9, 0.55, 0.55 ],
					"rotationX": -20.0,
					"rotationY": 15.0,
					"rotationZ": 4.0,
					"faces": {
						"north": { "texture": "#skin", "uv": [ 48.5, 31.5, 49.0, 33.0 ], "rotation": 270 },
						"east": { "texture": "#skin", "uv": [ 49.0, 31.0, 49.5, 31.5 ], "rotation": 180, "windMode": [-1,-1,-1,-1], "windData": [1,1,1,1] },
						"south": { "texture": "#skin", "uv": [ 49.5, 31.5, 50.0, 33.0 ], "rotation": 90 },
						"west": { "texture": "#skin", "uv": [ 49.0, 33.0, 49.5, 33.5 ], "windMode": [-1,-1,-1,-1], "windData": [1,1,1,1] },
						"up": { "texture": "#skin", "uv": [ 49.0, 31.5, 49.5, 33.0 ], "rotation": 90 },
						"down": { "texture": "#skin", "uv": [ 50.0, 31.5, 50.5, 33.0 ], "rotation": 270, "windMode": [-1,-1,-1,-1], "windData": [1,1,1,1] }
					},
					"children": [
						{
							"name": "R Antler3",
							"from": [ 1.4, 0.0, 0.0 ],
							"to": [ 2.9, 0.8, 0.8 ],
							"unwrapMode": 5,
							"unwrapRotation": 1,
							"uv": [ 48.5, 29.5 ],
							"rotationOrigin": [ 1.4, 0.4, 0.4 ],
							"rotationX": -20.0,
							"rotationY": 5.0,
							"rotationZ": 4.0,
							"faces": {
								"north": { "texture": "#skin", "uv": [ 48.5, 30.0, 49.0, 31.5 ], "rotation": 270 },
								"east": { "texture": "#skin", "uv": [ 49.0, 29.5, 49.5, 30.0 ], "rotation": 180 },
								"south": { "texture": "#skin", "uv": [ 49.5, 30.0, 50.0, 31.5 ], "rotation": 90 },
								"west": { "texture": "#skin", "uv": [ 49.0, 31.5, 49.5, 32.0 ], "windMode": [-1,-1,-1,-1], "windData": [1,1,1,1] },
								"up": { "texture": "#skin", "uv": [ 49.0, 30.0, 49.5, 31.5 ], "rotation": 90 },
								"down": { "texture": "#skin", "uv": [ 50.0, 30.0, 50.5, 31.5 ], "rotation": 270, "windMode": [-1,-1,-1,-1], "windData": [1,1,1,1] }
							},
							"children": [
								{
									"name": "R Antler4",
									"from": [ 1.4, 0.05, 0.05 ],
									"to": [ 2.9, 0.75, 0.75 ],
									"unwrapMode": 5,
									"unwrapRotation": 1,
									"uv": [ 48.5, 28.0 ],
									"rotationOrigin": [ 1.4, 0.4, 0.4 ],
									"rotationX": -20.0,
									"rotationY": 5.0,
									"rotationZ": -15.0,
									"faces": {
										"north": { "texture": "#skin", "uv": [ 48.5, 28.5, 49.0, 30.0 ], "rotation": 270 },
										"east": { "texture": "#skin", "uv": [ 49.0, 28.0, 49.5, 28.5 ], "rotation": 180 },
										"south": { "texture": "#skin", "uv": [ 49.5, 28.5, 50.0, 30.0 ], "rotation": 90 },
										"west": { "texture": "#skin", "uv": [ 49.0, 30.0, 49.5, 30.5 ], "windMode": [-1,-1,-1,-1], "windData": [1,1,1,1] },
										"up": { "texture": "#skin", "uv": [ 49.0, 28.5, 49.5, 30.0 ], "rotation": 90 },
										"down": { "texture": "#skin", "uv": [ 50.0, 28.5, 50.5, 30.0 ], "rotation": 270, "windMode": [-1,-1,-1,-1], "windData": [1,1,1,1] }
									}
								}
							]
						}
					]
				}
			]
		},
		{
			"name": "L Antler1",
			"stepParentName": "AntlerBase",
			"from": [ 0.6, -0.7, 0.1 ],
			"to": [ 1.6, 0.4, 1.2 ],
			"unwrapMode": 5,
			"unwrapRotation": 1,
			"uv": [ 48.5, 32.5 ],
			"rotationOrigin": [ 0.6, -0.2, 0.6 ],
			"rotationY": -20.0,
			"rotationZ": 16.0,
			"faces": {
				"north": { "texture": "#skin", "uv": [ 48.5, 33.5, 49.5, 34.5 ], "rotation": 270 },
				"east": { "texture": "#skin", "uv": [ 49.5, 32.5, 50.5, 33.5 ], "rotation": 180 },
				"south": { "texture": "#skin", "uv": [ 50.5, 33.5, 51.5, 34.5 ], "rotation": 90 },
				"up": { "texture": "#skin", "uv": [ 49.5, 33.5, 50.5, 34.5 ], "rotation": 90 },
				"down": { "texture": "#skin", "uv": [ 51.5, 33.5, 52.5, 34.5 ], "rotation": 270, "windMode": [-1,-1,-1,-1], "windData": [1,1,1,1] }
			},
			"children": [
				{
					"name": "L Antler2",
					"from": [ 0.9, 0.15, 0.15 ],
					"to": [ 2.4, 0.95, 0.95 ],
					"unwrapMode": 5,
					"unwrapRotation": 1,
					"uv": [ 48.5, 31.0 ],
					"rotationOrigin": [ 0.9, 0.55, 0.55 ],
					"rotationX": 20.0,
					"rotationY": -15.0,
					"rotationZ": 4.0,
					"faces": {
						"north": { "texture": "#skin", "uv": [ 48.5, 31.5, 49.0, 33.0 ], "rotation": 270 },
						"east": { "texture": "#skin", "uv": [ 49.0, 31.0, 49.5, 31.5 ], "rotation": 180, "windMode": [-1,-1,-1,-1], "windData": [1,1,1,1] },
						"south": { "texture": "#skin", "uv": [ 49.5, 31.5, 50.0, 33.0 ], "rotation": 90 },
						"west": { "texture": "#skin", "uv": [ 49.0, 33.0, 49.5, 33.5 ], "windMode": [-1,-1,-1,-1], "windData": [1,1,1,1] },
						"up": { "texture": "#skin", "uv": [ 49.0, 31.5, 49.5, 33.0 ], "rotation": 90 },
						"down": { "texture": "#skin", "uv": [ 50.0, 31.5, 50.5, 33.0 ], "rotation": 270, "windMode": [-1,-1,-1,-1], "windData": [1,1,1,1] }
					},
					"children": [
						{
							"name": "L Antler3",
							"from": [ 1.4, 0.0, 0.0 ],
							"to": [ 2.9, 0.8, 0.8 ],
							"unwrapMode": 5,
							"unwrapRotation": 1,
							"uv": [ 48.5, 29.5 ],
							"rotationOrigin": [ 1.4, 0.4, 0.4 ],
							"rotationX": 20.0,
							"rotationY": -5.0,
							"rotationZ": 4.0,
							"faces": {
								"north": { "texture": "#skin", "uv": [ 48.5, 30.0, 49.0, 31.5 ], "rotation": 270 },
								"east": { "texture": "#skin", "uv": [ 49.0, 29.5, 49.5, 30.0 ], "rotation": 180 },
								"south": { "texture": "#skin", "uv": [ 49.5, 30.0, 50.0, 31.5 ], "rotation": 90 },
								"west": { "texture": "#skin", "uv": [ 49.0, 31.5, 49.5, 32.0 ], "windMode": [-1,-1,-1,-1], "windData": [1,1,1,1] },
								"up": { "texture": "#skin", "uv": [ 49.0, 30.0, 49.5, 31.5 ], "rotation": 90 },
								"down": { "texture": "#skin", "uv": [ 50.0, 30.0, 50.5, 31.5 ], "rotation": 270, "windMode": [-1,-1,-1,-1], "windData": [1,1,1,1] }
							},
							"children": [
								{
									"name": "L Antler4",
									"from": [ 1.4, 0.05, 0.05 ],
									"to": [ 2.9, 0.75, 0.75 ],
									"unwrapMode": 5,
									"unwrapRotation": 1,
									"uv": [ 48.5, 28.0 ],
									"rotationOrigin": [ 1.4, 0.4, 0.4 ],
									"rotationX": 20.0,
									"rotationY": -5.0,
									"rotationZ": -15.0,
									"faces": {
										"north": { "texture": "#skin", "uv": [ 48.5, 28.5, 49.0, 30.0 ], "rotation": 270 },
										"east": { "texture": "#skin", "uv": [ 49.0, 28.0, 49.5, 28.5 ], "rotation": 180 },
										"south": { "texture": "#skin", "uv": [ 49.5, 28.5, 50.0, 30.0 ], "rotation": 90 },
										"west": { "texture": "#skin", "uv": [ 49.0, 30.0, 49.5, 30.5 ], "windMode": [-1,-1,-1,-1], "windData": [1,1,1,1] },
										"up": { "texture": "#skin", "uv": [ 49.0, 28.5, 49.5, 30.0 ], "rotation": 90 },
										"down": { "texture": "#skin", "uv": [ 50.0, 28.5, 50.5, 30.0 ], "rotation": 270, "windMode": [-1,-1,-1,-1], "windData": [1,1,1,1] }
									}
								}
							]
						}
					]
				}
			]
		}
	]}