{
	"editor": {
		"allAngles": true,
		"entityTextureMode": true
	},
	"textureWidth": 64,
	"textureHeight": 64,
	"textureSizes": {
		"extreme-brown-fur-coat": [64,64],
	},
	"textures": {
		"extreme-brown-fur-coat": "entity/humanoid/seraphclothes/upperbodyover/extreme-brown-fur-coat"
	},
	"elements": [
		{
			"name": "UpperTorso",
			"stepParentName": "UpperTorso",
			"from": [ -0.5, -0.2, -0.5 ], 
			"to": [ 5.5, 5.2, 6.7 ], 
			"uv": [ 0.0, 0.0 ],
			"rotationOrigin": [ -0.5, -0.2, -0.5 ],
			"faces": {
				"north": { "texture": "#extreme-brown-fur-coat", "uv": [ 0.0, 7.0, 6.0, 12.0 ] },
				"east": { "texture": "#extreme-brown-fur-coat", "uv": [ 6.0, 7.0, 13.0, 12.0 ] },
				"south": { "texture": "#extreme-brown-fur-coat", "uv": [ 13.0, 7.0, 19.0, 12.0 ] },
				"west": { "texture": "#extreme-brown-fur-coat", "uv": [ 19.0, 7.0, 26.0, 12.0 ] },
				"up": { "texture": "#extreme-brown-fur-coat", "uv": [ 0.0, 0.0, 6.0, 7.0 ] },
				"down": { "texture": "#extreme-brown-fur-coat", "uv": [ 6.0, 0.0, 12.0, 7.0 ] }
			},
			"children": [
				{
					"name": "CollarR",
					"from": [ 0.3, 5.4, 2.1 ], 
					"to": [ 5.3, 6.9, 2.1 ], 
					"unwrapMode": 5,
					"autoUnwrap": false,
					"uv": [ 48.5, 17.5 ],
					"rotationOrigin": [ 0.3, 5.4, 2.1 ],
					"rotationX": -60.0,
					"faces": {
						"north": { "texture": "#extreme-brown-fur-coat", "uv": [ 50.0, 22.0, 55.0, 22.0 ], "rotation": 180, "enabled": false, "autoUv": false, "windMode": [-1,-1,-1,-1] },
						"east": { "texture": "#extreme-brown-fur-coat", "uv": [ 55.0, 22.0, 56.5, 22.0 ], "rotation": 90, "enabled": false, "autoUv": false, "windMode": [-1,-1,-1,-1] },
						"south": { "texture": "#extreme-brown-fur-coat", "uv": [ 50.0, 19.5, 55.0, 21.0 ], "windMode": [-1,-1,-1,-1] },
						"west": { "texture": "#extreme-brown-fur-coat", "uv": [ 50.0, 22.0, 55.0, 22.0 ], "rotation": 270, "enabled": false, "autoUv": false, "windMode": [-1,-1,-1,-1] },
						"up": { "texture": "#extreme-brown-fur-coat", "uv": [ 50.0, 22.0, 55.0, 22.0 ], "enabled": false, "autoUv": false, "windMode": [-1,-1,-1,-1] },
						"down": { "texture": "#extreme-brown-fur-coat", "uv": [ 50.0, 22.0, 55.5, 22.0 ], "enabled": false, "autoUv": false, "windMode": [-1,-1,-1,-1] }
					}
				},
				{
					"name": "CollarL",
					"from": [ 0.3, 5.2, 5.2 ], 
					"to": [ 5.3, 6.7, 5.2 ], 
					"unwrapMode": 5,
					"autoUnwrap": false,
					"uv": [ 49.0, 16.0 ],
					"rotationOrigin": [ 0.3, 5.4, 5.3 ],
					"rotationX": 60.0,
					"faces": {
						"north": { "texture": "#extreme-brown-fur-coat", "uv": [ 50.0, 17.0, 55.0, 18.5 ], "autoUv": false, "windMode": [-1,-1,-1,-1] },
						"east": { "texture": "#extreme-brown-fur-coat", "uv": [ 55.5, 17.5, 57.0, 18.0 ], "rotation": 90, "enabled": false, "autoUv": false, "windMode": [-1,-1,-1,-1] },
						"south": { "texture": "#extreme-brown-fur-coat", "uv": [ 51.5, 18.0, 56.5, 19.5 ], "enabled": false, "autoUv": false, "windMode": [-1,-1,-1,-1] },
						"west": { "texture": "#extreme-brown-fur-coat", "uv": [ 49.0, 17.5, 50.5, 18.0 ], "rotation": 270, "enabled": false, "autoUv": false, "windMode": [-1,-1,-1,-1] },
						"up": { "texture": "#extreme-brown-fur-coat", "uv": [ 50.5, 17.5, 55.5, 18.0 ], "enabled": false, "autoUv": false, "windMode": [-1,-1,-1,-1] },
						"down": { "texture": "#extreme-brown-fur-coat", "uv": [ 58.0, 17.5, 62.0, 18.0 ], "enabled": false, "autoUv": false, "windMode": [-1,-1,-1,-1] }
					}
				},
				{
					"name": "CollarRear",
					"from": [ 4.5, 5.4, 0.6 ], 
					"to": [ 4.5, 6.9, 6.6 ], 
					"unwrapMode": 5,
					"autoUnwrap": false,
					"uv": [ 61.5, 20.0 ],
					"rotationOrigin": [ 4.5, 5.4, 0.6 ],
					"rotationZ": -60.0,
					"faces": {
						"north": { "texture": "#extreme-brown-fur-coat", "uv": [ 63.0, 20.0, 63.5, 21.5 ], "rotation": 180, "enabled": false },
						"east": { "texture": "#extreme-brown-fur-coat", "uv": [ 63.5, 21.5, 65.0, 27.5 ], "rotation": 90, "enabled": false, "windMode": [-1,-1,-1,-1] },
						"south": { "texture": "#extreme-brown-fur-coat", "uv": [ 63.0, 27.5, 63.5, 29.0 ], "enabled": false, "windMode": [-1,-1,-1,-1] },
						"west": { "texture": "#extreme-brown-fur-coat", "uv": [ 50.0, 19.5, 55.0, 21.0 ], "autoUv": false, "windMode": [-1,-1,-1,-1] },
						"up": { "texture": "#extreme-brown-fur-coat", "uv": [ 63.0, 21.5, 63.5, 27.5 ], "enabled": false, "windMode": [-1,-1,-1,-1] },
						"down": { "texture": "#extreme-brown-fur-coat", "uv": [ 65.0, 21.5, 65.5, 27.5 ], "enabled": false, "windMode": [-1,-1,-1,-1] }
					}
				}
			]
		},
		{
			"name": "LowerTorso",
			"stepParentName": "LowerTorso",
			"from": [ -0.5, -0.5, -0.5 ], 
			"to": [ 5.5, 5.4, 6.5 ], 
			"uv": [ 0.0, 12.0 ],
			"rotationOrigin": [ -0.5, -0.5, -0.5 ],
			"faces": {
				"north": { "texture": "#extreme-brown-fur-coat", "uv": [ 0.0, 19.0, 6.0, 24.5 ] },
				"east": { "texture": "#extreme-brown-fur-coat", "uv": [ 6.0, 19.0, 13.0, 24.5 ] },
				"south": { "texture": "#extreme-brown-fur-coat", "uv": [ 13.0, 19.0, 19.0, 24.5 ] },
				"west": { "texture": "#extreme-brown-fur-coat", "uv": [ 19.0, 19.0, 26.0, 24.5 ] },
				"up": { "texture": "#extreme-brown-fur-coat", "uv": [ 0.0, 12.0, 6.0, 19.0 ] },
				"down": { "texture": "#extreme-brown-fur-coat", "uv": [ 6.0, 12.0, 12.0, 19.0 ] }
			}
		},
		{
			"name": "UpperArmR",
			"stepParentName": "UpperArmR",
			"from": [ -0.2, -0.2, -0.3 ], 
			"to": [ 3.2, 7.2, 2.1 ], 
			"uv": [ 36.0, 0.0 ],
			"rotationOrigin": [ -0.2, -0.2, -0.3 ],
			"faces": {
				"north": { "texture": "#extreme-brown-fur-coat", "uv": [ 36.0, 2.0, 39.0, 9.0 ] },
				"east": { "texture": "#extreme-brown-fur-coat", "uv": [ 39.0, 2.0, 41.0, 9.0 ] },
				"south": { "texture": "#extreme-brown-fur-coat", "uv": [ 41.0, 2.0, 44.0, 9.0 ] },
				"west": { "texture": "#extreme-brown-fur-coat", "uv": [ 44.0, 2.0, 46.0, 9.0 ] },
				"up": { "texture": "#extreme-brown-fur-coat", "uv": [ 36.0, 0.0, 39.0, 2.0 ] },
				"down": { "texture": "#extreme-brown-fur-coat", "uv": [ 39.0, 0.0, 42.0, 2.0 ] }
			}
		},
		{
			"name": "UpperArmL",
			"stepParentName": "UpperArmL",
			"from": [ -0.2, -0.2, -0.2 ], 
			"to": [ 3.2, 7.2, 2.2 ], 
			"uv": [ 26.0, 0.0 ],
			"rotationOrigin": [ -0.2, -0.2, -0.2 ],
			"faces": {
				"north": { "texture": "#extreme-brown-fur-coat", "uv": [ 26.0, 2.0, 29.0, 9.0 ] },
				"east": { "texture": "#extreme-brown-fur-coat", "uv": [ 29.0, 2.0, 31.0, 9.0 ] },
				"south": { "texture": "#extreme-brown-fur-coat", "uv": [ 31.0, 2.0, 34.0, 9.0 ] },
				"west": { "texture": "#extreme-brown-fur-coat", "uv": [ 34.0, 2.0, 36.0, 9.0 ] },
				"up": { "texture": "#extreme-brown-fur-coat", "uv": [ 26.0, 0.0, 29.0, 2.0 ] },
				"down": { "texture": "#extreme-brown-fur-coat", "uv": [ 29.0, 0.0, 32.0, 2.0 ] }
			}
		},
		{
			"name": "LowerArmR",
			"stepParentName": "LowerArmR",
			"from": [ -0.2, 1.8, -0.25 ], 
			"to": [ 2.7, 8.2, 2.25 ], 
			"uv": [ 26.0, 9.0 ],
			"rotationOrigin": [ -0.2, 1.8, -0.4 ],
			"faces": {
				"north": { "texture": "#extreme-brown-fur-coat", "uv": [ 26.0, 11.5, 28.5, 17.5 ] },
				"east": { "texture": "#extreme-brown-fur-coat", "uv": [ 28.5, 11.5, 31.0, 17.5 ] },
				"south": { "texture": "#extreme-brown-fur-coat", "uv": [ 31.0, 11.5, 33.5, 17.5 ] },
				"west": { "texture": "#extreme-brown-fur-coat", "uv": [ 33.5, 11.5, 36.0, 17.5 ] },
				"up": { "texture": "#extreme-brown-fur-coat", "uv": [ 26.0, 9.0, 28.5, 11.5 ] },
				"down": { "texture": "#extreme-brown-fur-coat", "uv": [ 28.5, 9.0, 31.0, 11.5 ] }
			},
			"children": [
				{
					"name": "Cube1",
					"from": [ 0.0, -0.2, 0.0 ], 
					"to": [ 2.9, 1.3, 0.0 ], 
					"autoUnwrap": false,
					"uv": [ 0.0, 0.0 ],
					"rotationOrigin": [ 0.0, 1.3, 0.0 ],
					"rotationX": 10.0,
					"faces": {
						"north": { "texture": "#extreme-brown-fur-coat", "uv": [ 52.5, 17.0, 55.0, 18.5 ], "rotation": 180, "windMode": [-1,-1,-1,-1] },
						"east": { "texture": "#extreme-brown-fur-coat", "uv": [ 2.5, 0.5, 3.0, 2.0 ], "enabled": false, "windMode": [-1,-1,-1,-1] },
						"south": { "texture": "#extreme-brown-fur-coat", "uv": [ 3.0, 0.5, 5.5, 2.0 ], "enabled": false, "windMode": [-1,-1,-1,-1] },
						"west": { "texture": "#extreme-brown-fur-coat", "uv": [ 5.5, 0.5, 6.0, 2.0 ], "enabled": false, "windMode": [-1,-1,-1,-1] },
						"up": { "texture": "#extreme-brown-fur-coat", "uv": [ 0.0, 0.0, 2.5, 0.5 ], "enabled": false, "windMode": [-1,-1,-1,-1] },
						"down": { "texture": "#extreme-brown-fur-coat", "uv": [ 2.5, 0.0, 5.0, 0.5 ], "enabled": false, "windMode": [-1,-1,-1,-1] }
					}
				},
				{
					"name": "Cube18",
					"from": [ 0.0, -0.2, 2.5 ], 
					"to": [ 2.9, 1.3, 2.5 ], 
					"autoUnwrap": false,
					"uv": [ 0.0, 0.0 ],
					"rotationOrigin": [ 0.0, 1.3, 2.5 ],
					"rotationX": -10.0,
					"faces": {
						"north": { "texture": "#extreme-brown-fur-coat", "uv": [ 52.5, 17.0, 55.0, 18.5 ], "rotation": 180, "enabled": false },
						"east": { "texture": "#extreme-brown-fur-coat", "uv": [ 2.5, 0.5, 3.0, 2.0 ], "enabled": false },
						"south": { "texture": "#extreme-brown-fur-coat", "uv": [ 52.5, 17.0, 55.0, 18.5 ], "rotation": 180, "windMode": [-1,-1,-1,-1] },
						"west": { "texture": "#extreme-brown-fur-coat", "uv": [ 5.5, 0.5, 6.0, 2.0 ], "enabled": false },
						"up": { "texture": "#extreme-brown-fur-coat", "uv": [ 0.0, 0.0, 2.5, 0.5 ], "enabled": false },
						"down": { "texture": "#extreme-brown-fur-coat", "uv": [ 2.5, 0.0, 5.0, 0.5 ], "enabled": false }
					}
				},
				{
					"name": "Cube19",
					"from": [ 0.0, -0.2, 0.0 ], 
					"to": [ 0.0, 1.4, 2.5 ], 
					"autoUnwrap": false,
					"uv": [ 0.0, 0.0 ],
					"rotationOrigin": [ 0.0, 1.4, 0.0 ],
					"rotationZ": -10.0,
					"faces": {
						"north": { "texture": "#extreme-brown-fur-coat", "uv": [ 0.0, 2.5, 0.5, 4.0 ], "enabled": false },
						"east": { "texture": "#extreme-brown-fur-coat", "uv": [ 0.5, 2.5, 3.0, 4.0 ], "enabled": false, "windMode": [-1,-1,-1,-1] },
						"south": { "texture": "#extreme-brown-fur-coat", "uv": [ 3.0, 2.5, 3.5, 4.0 ], "enabled": false, "windMode": [-1,-1,-1,-1] },
						"west": { "texture": "#extreme-brown-fur-coat", "uv": [ 52.5, 17.0, 55.0, 18.5 ], "rotation": 180, "windMode": [-1,-1,-1,-1] },
						"up": { "texture": "#extreme-brown-fur-coat", "uv": [ 0.0, 0.0, 0.5, 2.5 ], "enabled": false, "windMode": [-1,-1,-1,-1] },
						"down": { "texture": "#extreme-brown-fur-coat", "uv": [ 0.5, 0.0, 1.0, 2.5 ], "enabled": false, "windMode": [-1,-1,-1,-1] }
					}
				},
				{
					"name": "Cube20",
					"from": [ 2.9, -0.2, 0.0 ], 
					"to": [ 2.9, 1.4, 2.5 ], 
					"autoUnwrap": false,
					"uv": [ 0.0, 0.0 ],
					"rotationOrigin": [ 2.9, 1.4, 0.0 ],
					"rotationZ": 10.0,
					"faces": {
						"north": { "texture": "#extreme-brown-fur-coat", "uv": [ 0.0, 2.5, 0.5, 4.0 ], "enabled": false, "windMode": [-1,-1,-1,-1] },
						"east": { "texture": "#extreme-brown-fur-coat", "uv": [ 52.5, 17.0, 55.0, 18.5 ], "rotation": 180, "windMode": [-1,-1,-1,-1] },
						"south": { "texture": "#extreme-brown-fur-coat", "uv": [ 3.0, 2.5, 3.5, 4.0 ], "enabled": false, "windMode": [-1,-1,-1,-1] },
						"west": { "texture": "#extreme-brown-fur-coat", "uv": [ 3.5, 2.5, 6.0, 4.0 ], "enabled": false, "windMode": [-1,-1,-1,-1] },
						"up": { "texture": "#extreme-brown-fur-coat", "uv": [ 0.0, 0.0, 0.5, 2.5 ], "enabled": false, "windMode": [-1,-1,-1,-1] },
						"down": { "texture": "#extreme-brown-fur-coat", "uv": [ 0.5, 0.0, 1.0, 2.5 ], "enabled": false, "windMode": [-1,-1,-1,-1] }
					}
				}
			]
		},
		{
			"name": "UpperFootR",
			"stepParentName": "UpperFootR",
			"from": [ -0.7, 0.2, -0.45 ], 
			"to": [ 4.9, 7.2, 3.05 ], 
			"autoUnwrap": false,
			"uv": [ 18.0, 24.5 ],
			"rotationOrigin": [ -0.7, 0.2, -0.6 ],
			"faces": {
				"north": { "texture": "#extreme-brown-fur-coat", "uv": [ 18.0, 28.0, 23.5, 35.0 ] },
				"east": { "texture": "#extreme-brown-fur-coat", "uv": [ 23.5, 28.0, 27.0, 35.0 ] },
				"south": { "texture": "#extreme-brown-fur-coat", "uv": [ 27.0, 28.0, 32.5, 35.0 ] },
				"west": { "texture": "#extreme-brown-fur-coat", "uv": [ 32.5, 28.0, 36.0, 35.0 ] },
				"up": { "texture": "#extreme-brown-fur-coat", "uv": [ 18.0, 24.5, 23.5, 28.0 ], "rotation": 180 },
				"down": { "texture": "#extreme-brown-fur-coat", "uv": [ 23.5, 24.5, 29.0, 28.0 ], "rotation": 180, "windMode": [-1,-1,-1,-1] }
			},
			"children": [
				{
					"name": "LegCoverR",
					"from": [ 0.6, 0.1, 0.3 ], 
					"to": [ 5.1, 8.9, 3.7 ], 
					"autoUnwrap": false,
					"uv": [ 49.5, 45.5 ],
					"rotationOrigin": [ 0.6, 0.1, 0.3 ],
					"faces": {
						"north": { "texture": "#extreme-brown-fur-coat", "uv": [ 54.0, 55.5, 58.5, 64.0 ], "windMode": [-1,-1,-1,-1] },
						"east": { "texture": "#extreme-brown-fur-coat", "uv": [ 54.0, 47.5, 57.0, 56.0 ], "windMode": [-1,-1,-1,-1] },
						"south": { "texture": "#extreme-brown-fur-coat", "uv": [ 57.0, 55.5, 61.5, 64.0 ] },
						"west": { "texture": "#extreme-brown-fur-coat", "uv": [ 61.0, 51.5, 64.0, 60.0 ], "windMode": [-1,-1,-1,-1] },
						"up": { "texture": "#extreme-brown-fur-coat", "uv": [ 54.0, 49.5, 58.5, 52.5 ], "windMode": [-1,-1,-1,-1] },
						"down": { "texture": "#extreme-brown-fur-coat", "uv": [ 54.0, 46.5, 58.5, 49.5 ], "windMode": [-1,-1,-1,-1] }
					}
				},
				{
					"name": "Cube25",
					"from": [ 0.0, -0.2, 0.0 ], 
					"to": [ 5.6, 1.3, 0.0 ], 
					"autoUnwrap": false,
					"uv": [ 0.0, 0.0 ],
					"rotationOrigin": [ 0.0, 1.3, 0.0 ],
					"rotationX": 15.0,
					"faces": {
						"north": { "texture": "#extreme-brown-fur-coat", "uv": [ 50.0, 17.0, 55.0, 18.5 ], "rotation": 180, "autoUv": false, "windMode": [-1,-1,-1,-1] },
						"east": { "texture": "#extreme-brown-fur-coat", "uv": [ 5.5, 0.5, 6.0, 2.0 ], "enabled": false, "windMode": [-1,-1,-1,-1] },
						"south": { "texture": "#extreme-brown-fur-coat", "uv": [ 6.0, 0.5, 11.5, 2.0 ], "enabled": false, "windMode": [-1,-1,-1,-1] },
						"west": { "texture": "#extreme-brown-fur-coat", "uv": [ 11.5, 0.5, 12.0, 2.0 ], "enabled": false, "windMode": [-1,-1,-1,-1] },
						"up": { "texture": "#extreme-brown-fur-coat", "uv": [ 0.0, 0.0, 5.5, 0.5 ], "enabled": false, "windMode": [-1,-1,-1,-1] },
						"down": { "texture": "#extreme-brown-fur-coat", "uv": [ 5.5, 0.0, 11.0, 0.5 ], "enabled": false, "windMode": [-1,-1,-1,-1] }
					}
				},
				{
					"name": "Cube26",
					"from": [ 5.6, -0.2, 0.0 ], 
					"to": [ 5.6, 1.3, 3.5 ], 
					"autoUnwrap": false,
					"uv": [ 0.0, 0.0 ],
					"rotationOrigin": [ 5.6, 1.3, 0.0 ],
					"rotationZ": 10.0,
					"faces": {
						"north": { "texture": "#extreme-brown-fur-coat", "uv": [ 0.0, 3.5, 0.5, 5.0 ], "enabled": false },
						"east": { "texture": "#extreme-brown-fur-coat", "uv": [ 51.5, 17.0, 55.0, 18.5 ], "rotation": 180, "windMode": [-1,-1,-1,-1] },
						"south": { "texture": "#extreme-brown-fur-coat", "uv": [ 4.0, 3.5, 4.5, 5.0 ], "enabled": false, "windMode": [-1,-1,-1,-1] },
						"west": { "texture": "#extreme-brown-fur-coat", "uv": [ 4.5, 3.5, 8.0, 5.0 ], "enabled": false, "windMode": [-1,-1,-1,-1] },
						"up": { "texture": "#extreme-brown-fur-coat", "uv": [ 0.0, 0.0, 0.5, 3.5 ], "enabled": false, "windMode": [-1,-1,-1,-1] },
						"down": { "texture": "#extreme-brown-fur-coat", "uv": [ 0.5, 0.0, 1.0, 3.5 ], "enabled": false, "windMode": [-1,-1,-1,-1] }
					}
				},
				{
					"name": "Cube27",
					"from": [ 0.0, -0.2, 0.0 ], 
					"to": [ 0.0, 1.3, 3.5 ], 
					"autoUnwrap": false,
					"uv": [ 0.0, 0.0 ],
					"rotationOrigin": [ 0.0, 1.3, 0.0 ],
					"rotationZ": -10.0,
					"faces": {
						"north": { "texture": "#extreme-brown-fur-coat", "uv": [ 0.0, 3.5, 0.5, 5.0 ], "enabled": false },
						"east": { "texture": "#extreme-brown-fur-coat", "uv": [ 0.5, 3.5, 4.0, 5.0 ], "enabled": false, "windMode": [-1,-1,-1,-1] },
						"south": { "texture": "#extreme-brown-fur-coat", "uv": [ 4.0, 3.5, 4.5, 5.0 ], "enabled": false, "windMode": [-1,-1,-1,-1] },
						"west": { "texture": "#extreme-brown-fur-coat", "uv": [ 51.5, 17.0, 55.0, 18.5 ], "rotation": 180, "windMode": [-1,-1,-1,-1] },
						"up": { "texture": "#extreme-brown-fur-coat", "uv": [ 0.0, 0.0, 0.5, 3.5 ], "enabled": false, "windMode": [-1,-1,-1,-1] },
						"down": { "texture": "#extreme-brown-fur-coat", "uv": [ 0.5, 0.0, 1.0, 3.5 ], "enabled": false, "windMode": [-1,-1,-1,-1] }
					}
				}
			]
		},
		{
			"name": "UpperFootL",
			"stepParentName": "UpperFootL",
			"from": [ -0.7, 0.2, 0.15 ], 
			"to": [ 4.9, 7.2, 3.65 ], 
			"autoUnwrap": false,
			"uv": [ 0.0, 24.5 ],
			"rotationOrigin": [ -0.7, 0.2, 0.0 ],
			"faces": {
				"north": { "texture": "#extreme-brown-fur-coat", "uv": [ 0.0, 28.0, 5.5, 35.0 ] },
				"east": { "texture": "#extreme-brown-fur-coat", "uv": [ 5.5, 28.0, 9.0, 35.0 ] },
				"south": { "texture": "#extreme-brown-fur-coat", "uv": [ 9.0, 28.0, 14.5, 35.0 ] },
				"west": { "texture": "#extreme-brown-fur-coat", "uv": [ 14.5, 28.0, 18.0, 35.0 ] },
				"up": { "texture": "#extreme-brown-fur-coat", "uv": [ 0.0, 24.5, 5.5, 28.0 ] },
				"down": { "texture": "#extreme-brown-fur-coat", "uv": [ 5.5, 24.5, 11.0, 28.0 ], "windMode": [-1,-1,-1,-1] }
			},
			"children": [
				{
					"name": "LegCoverL",
					"from": [ 0.6, 0.1, -0.2 ], 
					"to": [ 5.1, 8.9, 3.2 ], 
					"autoUnwrap": false,
					"uv": [ 0.0, 0.0 ],
					"rotationOrigin": [ 0.6, 0.1, -0.2 ],
					"faces": {
						"north": { "texture": "#extreme-brown-fur-coat", "uv": [ 54.0, 55.5, 58.5, 64.0 ] },
						"east": { "texture": "#extreme-brown-fur-coat", "uv": [ 54.0, 49.5, 57.0, 58.0 ], "windMode": [-1,-1,-1,-1] },
						"south": { "texture": "#extreme-brown-fur-coat", "uv": [ 57.0, 55.5, 61.5, 64.0 ] },
						"west": { "texture": "#extreme-brown-fur-coat", "uv": [ 61.0, 48.5, 64.0, 57.0 ], "windMode": [-1,-1,-1,-1] },
						"up": { "texture": "#extreme-brown-fur-coat", "uv": [ 54.0, 49.5, 58.5, 52.5 ] },
						"down": { "texture": "#extreme-brown-fur-coat", "uv": [ 54.0, 46.5, 58.5, 49.5 ] }
					}
				},
				{
					"name": "Cube28",
					"from": [ 0.0, -0.2, 0.0 ], 
					"to": [ 0.0, 1.3, 3.5 ], 
					"autoUnwrap": false,
					"uv": [ 0.0, 0.0 ],
					"rotationOrigin": [ 0.0, 1.3, 0.0 ],
					"rotationZ": -10.0,
					"faces": {
						"north": { "texture": "#extreme-brown-fur-coat", "uv": [ 0.0, 3.5, 0.5, 5.0 ], "enabled": false },
						"east": { "texture": "#extreme-brown-fur-coat", "uv": [ 0.5, 3.5, 4.0, 5.0 ], "enabled": false, "windMode": [-1,-1,-1,-1] },
						"south": { "texture": "#extreme-brown-fur-coat", "uv": [ 4.0, 3.5, 4.5, 5.0 ], "enabled": false, "windMode": [-1,-1,-1,-1] },
						"west": { "texture": "#extreme-brown-fur-coat", "uv": [ 52.0, 19.5, 55.0, 21.0 ], "rotation": 180, "autoUv": false, "windMode": [-1,-1,-1,-1] },
						"up": { "texture": "#extreme-brown-fur-coat", "uv": [ 0.0, 0.0, 0.5, 3.5 ], "enabled": false, "windMode": [-1,-1,-1,-1] },
						"down": { "texture": "#extreme-brown-fur-coat", "uv": [ 0.5, 0.0, 1.0, 3.5 ], "enabled": false, "windMode": [-1,-1,-1,-1] }
					}
				},
				{
					"name": "Cube29",
					"from": [ 5.6, -0.2, 0.0 ], 
					"to": [ 5.6, 1.3, 3.5 ], 
					"autoUnwrap": false,
					"uv": [ 0.0, 0.0 ],
					"rotationOrigin": [ 5.6, 1.3, 0.0 ],
					"rotationZ": 10.0,
					"faces": {
						"north": { "texture": "#extreme-brown-fur-coat", "uv": [ 0.0, 3.5, 0.5, 5.0 ], "enabled": false },
						"east": { "texture": "#extreme-brown-fur-coat", "uv": [ 52.0, 19.5, 55.0, 21.0 ], "rotation": 180, "autoUv": false, "windMode": [-1,-1,-1,-1] },
						"south": { "texture": "#extreme-brown-fur-coat", "uv": [ 4.0, 3.5, 4.5, 5.0 ], "enabled": false, "windMode": [-1,-1,-1,-1] },
						"west": { "texture": "#extreme-brown-fur-coat", "uv": [ 4.5, 3.5, 8.0, 5.0 ], "enabled": false, "windMode": [-1,-1,-1,-1] },
						"up": { "texture": "#extreme-brown-fur-coat", "uv": [ 0.0, 0.0, 0.5, 3.5 ], "enabled": false, "windMode": [-1,-1,-1,-1] },
						"down": { "texture": "#extreme-brown-fur-coat", "uv": [ 0.5, 0.0, 1.0, 3.5 ], "enabled": false, "windMode": [-1,-1,-1,-1] }
					}
				},
				{
					"name": "Cube30",
					"from": [ 0.0, -0.2, 3.5 ], 
					"to": [ 5.6, 1.3, 3.5 ], 
					"autoUnwrap": false,
					"uv": [ 0.0, 0.0 ],
					"rotationOrigin": [ 0.0, 1.3, 3.5 ],
					"rotationX": -10.0,
					"faces": {
						"north": { "texture": "#extreme-brown-fur-coat", "uv": [ 0.0, 0.5, 5.5, 2.0 ], "enabled": false },
						"east": { "texture": "#extreme-brown-fur-coat", "uv": [ 5.5, 0.5, 6.0, 2.0 ], "enabled": false, "windMode": [-1,-1,-1,-1] },
						"south": { "texture": "#extreme-brown-fur-coat", "uv": [ 50.0, 19.5, 55.0, 21.0 ], "rotation": 180, "autoUv": false, "windMode": [-1,-1,-1,-1] },
						"west": { "texture": "#extreme-brown-fur-coat", "uv": [ 11.5, 0.5, 12.0, 2.0 ], "enabled": false, "windMode": [-1,-1,-1,-1] },
						"up": { "texture": "#extreme-brown-fur-coat", "uv": [ 0.0, 0.0, 5.5, 0.5 ], "enabled": false, "windMode": [-1,-1,-1,-1] },
						"down": { "texture": "#extreme-brown-fur-coat", "uv": [ 5.5, 0.0, 11.0, 0.5 ], "enabled": false, "windMode": [-1,-1,-1,-1] }
					}
				}
			]
		},
		{
			"name": "LowerArmL",
			"stepParentName": "LowerArmL",
			"from": [ -0.2, 1.8, -0.25 ], 
			"to": [ 2.7, 8.2, 2.25 ], 
			"uv": [ 36.0, 9.0 ],
			"rotationOrigin": [ -0.2, 1.8, -0.4 ],
			"faces": {
				"north": { "texture": "#extreme-brown-fur-coat", "uv": [ 36.0, 11.5, 38.5, 17.5 ] },
				"east": { "texture": "#extreme-brown-fur-coat", "uv": [ 38.5, 11.5, 41.0, 17.5 ] },
				"south": { "texture": "#extreme-brown-fur-coat", "uv": [ 41.0, 11.5, 43.5, 17.5 ] },
				"west": { "texture": "#extreme-brown-fur-coat", "uv": [ 43.5, 11.5, 46.0, 17.5 ] },
				"up": { "texture": "#extreme-brown-fur-coat", "uv": [ 36.0, 9.0, 38.5, 11.5 ] },
				"down": { "texture": "#extreme-brown-fur-coat", "uv": [ 38.5, 9.0, 41.0, 11.5 ] }
			},
			"children": [
				{
					"name": "Cube21",
					"from": [ 0.0, -0.2, 0.0 ], 
					"to": [ 2.9, 1.3, 0.0 ], 
					"autoUnwrap": false,
					"uv": [ 0.0, 0.0 ],
					"rotationOrigin": [ 0.0, 1.3, 0.0 ],
					"rotationX": 10.0,
					"faces": {
						"north": { "texture": "#extreme-brown-fur-coat", "uv": [ 52.5, 19.5, 55.0, 21.0 ], "rotation": 180 },
						"east": { "texture": "#extreme-brown-fur-coat", "uv": [ 2.5, 0.5, 3.0, 2.0 ], "enabled": false },
						"south": { "texture": "#extreme-brown-fur-coat", "uv": [ 3.0, 0.5, 5.5, 2.0 ], "enabled": false },
						"west": { "texture": "#extreme-brown-fur-coat", "uv": [ 5.5, 0.5, 6.0, 2.0 ], "enabled": false },
						"up": { "texture": "#extreme-brown-fur-coat", "uv": [ 0.0, 0.0, 2.5, 0.5 ], "enabled": false },
						"down": { "texture": "#extreme-brown-fur-coat", "uv": [ 2.5, 0.0, 5.0, 0.5 ], "enabled": false }
					}
				},
				{
					"name": "Cube22",
					"from": [ 0.0, -0.2, 2.5 ], 
					"to": [ 2.9, 1.3, 2.5 ], 
					"autoUnwrap": false,
					"uv": [ 0.0, 0.0 ],
					"rotationOrigin": [ 0.0, 1.3, 2.5 ],
					"rotationX": -10.0,
					"faces": {
						"north": { "texture": "#extreme-brown-fur-coat", "uv": [ 52.5, 17.0, 55.0, 18.5 ], "rotation": 180, "enabled": false },
						"east": { "texture": "#extreme-brown-fur-coat", "uv": [ 2.5, 0.5, 3.0, 2.0 ], "enabled": false },
						"south": { "texture": "#extreme-brown-fur-coat", "uv": [ 52.5, 19.5, 55.0, 21.0 ], "rotation": 180 },
						"west": { "texture": "#extreme-brown-fur-coat", "uv": [ 5.5, 0.5, 6.0, 2.0 ], "enabled": false },
						"up": { "texture": "#extreme-brown-fur-coat", "uv": [ 0.0, 0.0, 2.5, 0.5 ], "enabled": false },
						"down": { "texture": "#extreme-brown-fur-coat", "uv": [ 2.5, 0.0, 5.0, 0.5 ], "enabled": false }
					}
				},
				{
					"name": "Cube23",
					"from": [ 0.0, -0.2, 0.0 ], 
					"to": [ 0.0, 1.4, 2.5 ], 
					"autoUnwrap": false,
					"uv": [ 0.0, 0.0 ],
					"rotationOrigin": [ 0.0, 1.4, 0.0 ],
					"rotationZ": -10.0,
					"faces": {
						"north": { "texture": "#extreme-brown-fur-coat", "uv": [ 0.0, 2.5, 0.5, 4.0 ], "enabled": false },
						"east": { "texture": "#extreme-brown-fur-coat", "uv": [ 0.5, 2.5, 3.0, 4.0 ], "enabled": false },
						"south": { "texture": "#extreme-brown-fur-coat", "uv": [ 3.0, 2.5, 3.5, 4.0 ], "enabled": false },
						"west": { "texture": "#extreme-brown-fur-coat", "uv": [ 52.5, 19.5, 55.0, 21.0 ], "rotation": 180 },
						"up": { "texture": "#extreme-brown-fur-coat", "uv": [ 0.0, 0.0, 0.5, 2.5 ], "enabled": false },
						"down": { "texture": "#extreme-brown-fur-coat", "uv": [ 0.5, 0.0, 1.0, 2.5 ], "enabled": false }
					}
				},
				{
					"name": "Cube24",
					"from": [ 2.9, -0.2, 0.0 ], 
					"to": [ 2.9, 1.4, 2.5 ], 
					"autoUnwrap": false,
					"uv": [ 0.0, 0.0 ],
					"rotationOrigin": [ 2.9, 1.4, 0.0 ],
					"rotationZ": 10.0,
					"faces": {
						"north": { "texture": "#extreme-brown-fur-coat", "uv": [ 0.0, 2.5, 0.5, 4.0 ], "enabled": false },
						"east": { "texture": "#extreme-brown-fur-coat", "uv": [ 52.5, 19.5, 55.0, 21.0 ], "rotation": 180 },
						"south": { "texture": "#extreme-brown-fur-coat", "uv": [ 3.0, 2.5, 3.5, 4.0 ], "enabled": false },
						"west": { "texture": "#extreme-brown-fur-coat", "uv": [ 3.5, 2.5, 6.0, 4.0 ], "enabled": false },
						"up": { "texture": "#extreme-brown-fur-coat", "uv": [ 0.0, 0.0, 0.5, 2.5 ], "enabled": false },
						"down": { "texture": "#extreme-brown-fur-coat", "uv": [ 0.5, 0.0, 1.0, 2.5 ], "enabled": false }
					}
				}
			]
		}
	]}