{
	"editor": {
		"allAngles": false,
		"entityTextureMode": false
	},
	"textureWidth": 16,
	"textureHeight": 16,
	"textureSizes": {
	},
	"textures": {
		"bellow": "item/tool/bellow"
	},
	"elements": [
		{
			"name": "bone2",
			"from": [ 0.0, 0.25, -0.15 ],
			"to": [ 0.0, 0.25, -0.15 ],
			"rotationOrigin": [ 8.0, 1.0, 3.0 ],
			"rotationX": -11.5,
			"faces": {
				"north": { "texture": "#bellow", "uv": [ 0.0, 0.0, 0.25, 0.25 ] },
				"east": { "texture": "#bellow", "uv": [ 0.0, 0.0, 0.25, 0.25 ] },
				"south": { "texture": "#bellow", "uv": [ 0.0, 0.0, 0.25, 0.25 ] },
				"west": { "texture": "#bellow", "uv": [ 0.0, 0.0, 0.25, 0.25 ] },
				"up": { "texture": "#bellow", "uv": [ 0.0, 0.0, 0.25, 0.25 ] },
				"down": { "texture": "#bellow", "uv": [ 0.0, 0.0, 0.25, 0.25 ] }
			},
			"children": [
				{
					"name": "cube2",
					"from": [ 4.0, 1.0, 4.0 ],
					"to": [ 12.0, 2.0, 13.0 ],
					"rotationOrigin": [ 8.0, 1.0, 3.5 ],
					"faces": {
						"up": { "texture": "#bellow", "uv": [ 12.0, 4.5, 16.0, 0.0 ], "autoUv": false }
					}
				},
				{
					"name": "cube3",
					"from": [ 6.1475, 1.01, 4.2234 ],
					"to": [ 7.1475, 2.01, 12.7484 ],
					"rotationOrigin": [ 8.0, 1.0, 3.5 ],
					"rotationY": -13.75,
					"faces": {
						"north": { "texture": "#bellow", "uv": [ 0.0, 0.0, 0.5, 0.5 ], "autoUv": false },
						"east": { "texture": "#bellow", "uv": [ 0.0, 0.0, 0.5, 4.5 ], "rotation": 90, "autoUv": false },
						"south": { "texture": "#bellow", "uv": [ 0.0, 0.0, 0.5, 0.5 ], "autoUv": false },
						"west": { "texture": "#bellow", "uv": [ 0.0, 0.0, 0.5, 4.5 ], "rotation": 90, "autoUv": false },
						"up": { "texture": "#bellow", "uv": [ 0.5, 0.0, 0.0, 4.5 ], "autoUv": false },
						"down": { "texture": "#bellow", "uv": [ 0.5, 0.0, 0.0, 4.5 ], "autoUv": false }
					}
				},
				{
					"name": "cube4",
					"from": [ 4.0, 1.0, 12.0 ],
					"to": [ 12.0, 2.02, 13.0 ],
					"rotationOrigin": [ 8.0, 1.0, 3.5 ],
					"faces": {
						"north": { "texture": "#bellow", "uv": [ 0.0, 0.0, 0.5, 4.0 ], "rotation": 90, "autoUv": false },
						"east": { "texture": "#bellow", "uv": [ 0.0, 0.0, 0.5, 0.5 ], "autoUv": false },
						"south": { "texture": "#bellow", "uv": [ 0.5, 4.0, 0.0, 0.0 ], "rotation": 90, "autoUv": false },
						"west": { "texture": "#bellow", "uv": [ 0.5, 0.0, 0.0, 0.5 ], "autoUv": false },
						"up": { "texture": "#bellow", "uv": [ 0.5, 0.0, 0.0, 4.0 ], "rotation": 90, "autoUv": false },
						"down": { "texture": "#bellow", "uv": [ 0.5, 0.0, 0.0, 4.0 ], "rotation": 90, "autoUv": false }
					}
				},
				{
					"name": "cube5",
					"from": [ 8.8525, 1.01, 4.2234 ],
					"to": [ 9.8525, 2.01, 12.7484 ],
					"rotationOrigin": [ 8.0, 1.0, 3.5 ],
					"rotationY": 13.75,
					"faces": {
						"north": { "texture": "#bellow", "uv": [ 0.5, 0.0, 0.0, 0.5 ], "autoUv": false },
						"east": { "texture": "#bellow", "uv": [ 0.0, 4.5, 0.5, 0.0 ], "rotation": 90, "autoUv": false },
						"south": { "texture": "#bellow", "uv": [ 0.5, 0.0, 0.0, 0.5 ], "autoUv": false },
						"west": { "texture": "#bellow", "uv": [ 0.0, 4.5, 0.5, 0.0 ], "rotation": 90, "autoUv": false },
						"up": { "texture": "#bellow", "uv": [ 0.0, 0.0, 0.5, 4.5 ], "autoUv": false },
						"down": { "texture": "#bellow", "uv": [ 0.0, 0.0, 0.5, 4.5 ], "autoUv": false }
					}
				},
				{
					"name": "cube6",
					"from": [ 5.99, 1.0, 3.5 ],
					"to": [ 10.01, 2.02, 4.5 ],
					"rotationOrigin": [ 8.0, 1.0, 3.5 ],
					"faces": {
						"north": { "texture": "#bellow", "uv": [ 0.0, 0.0, 0.5, 2.0 ], "rotation": 90, "autoUv": false },
						"east": { "texture": "#bellow", "uv": [ 0.0, 0.0, 0.5, 0.5 ], "autoUv": false },
						"south": { "texture": "#bellow", "uv": [ 0.0, 0.0, 0.5, 2.0 ], "rotation": 90, "autoUv": false },
						"west": { "texture": "#bellow", "uv": [ 0.0, 0.0, 0.5, 0.5 ], "autoUv": false },
						"up": { "texture": "#bellow", "uv": [ 0.5, 0.0, 1.0, 2.0 ], "rotation": 90, "autoUv": false },
						"down": { "texture": "#bellow", "uv": [ 0.5, 0.0, 1.0, 2.0 ], "rotation": 90, "autoUv": false }
					}
				},
				{
					"name": "cube12",
					"from": [ 7.5, 1.5, 12.0 ],
					"to": [ 8.5, 2.5, 16.0 ],
					"rotationOrigin": [ 8.0, 1.0, 3.5 ],
					"faces": {
						"north": { "texture": "#bellow", "uv": [ 5.5, 6.75, 6.0, 7.25 ], "rotation": 90, "autoUv": false },
						"east": { "texture": "#bellow", "uv": [ 5.5, 6.0, 6.0, 8.0 ], "rotation": 90, "autoUv": false },
						"south": { "texture": "#bellow", "uv": [ 5.5, 6.75, 6.0, 7.25 ], "rotation": 90, "autoUv": false },
						"west": { "texture": "#bellow", "uv": [ 5.5, 6.0, 6.0, 8.0 ], "rotation": 90, "autoUv": false },
						"up": { "texture": "#bellow", "uv": [ 5.5, 6.0, 6.0, 8.0 ], "rotation": 90, "autoUv": false },
						"down": { "texture": "#bellow", "uv": [ 5.5, 6.0, 6.0, 8.0 ], "rotation": 90, "autoUv": false }
					}
				}
			]
		},
		{
			"name": "cube1",
			"from": [ 6.0, 0.35, 2.0 ],
			"to": [ 10.0, 2.35, 4.0 ],
			"rotationOrigin": [ 8.0, 0.0, 8.0 ],
			"faces": {
				"north": { "texture": "#bellow", "uv": [ 1.5, 0.0, 0.5, 2.0 ], "rotation": 90, "autoUv": false },
				"east": { "texture": "#bellow", "uv": [ 2.5, 0.0, 1.5, 1.0 ], "autoUv": false },
				"south": { "texture": "#bellow", "uv": [ 0.5, 0.0, 1.5, 2.0 ], "rotation": 90, "autoUv": false },
				"west": { "texture": "#bellow", "uv": [ 1.5, 0.0, 2.5, 1.0 ], "autoUv": false },
				"up": { "texture": "#bellow", "uv": [ 0.5, 0.0, 1.5, 2.0 ], "rotation": 90, "autoUv": false },
				"down": { "texture": "#bellow", "uv": [ 1.5, 0.0, 0.5, 2.0 ], "rotation": 90, "autoUv": false }
			},
			"children": [
				{
					"name": "cube0",
					"from": [ 1.5, 0.5, -2.5 ],
					"to": [ 2.5, 1.5, 0.5 ],
					"rotationOrigin": [ 1.5, 0.0, 6.0 ],
					"faces": {
						"north": { "texture": "#bellow", "uv": [ 0.0, 7.25, 0.75, 8.0 ], "autoUv": false },
						"east": { "texture": "#bellow", "uv": [ 5.5, 6.25, 6.0, 7.75 ], "rotation": 90, "autoUv": false },
						"south": { "texture": "#bellow", "uv": [ 0.0, 0.0, 1.0, 1.0 ], "autoUv": false },
						"west": { "texture": "#bellow", "uv": [ 5.5, 6.25, 6.0, 7.75 ], "rotation": 90, "autoUv": false },
						"up": { "texture": "#bellow", "uv": [ 5.5, 6.25, 6.0, 7.75 ], "autoUv": false },
						"down": { "texture": "#bellow", "uv": [ 5.5, 6.25, 6.0, 7.75 ], "autoUv": false }
					}
				}
			]
		},
		{
			"name": "bone1",
			"from": [ 4.0, -0.5, 4.0 ],
			"to": [ 12.0, 0.5, 13.0 ],
			"rotationOrigin": [ 8.0, 2.0, 8.0 ],
			"rotationX": 11.5,
			"faces": {
				"down": { "texture": "#bellow", "uv": [ 12.0, 4.5, 16.0, 0.0 ], "autoUv": false }
			},
			"children": [
				{
					"name": "cube10",
					"from": [ 2.0, -0.01, 0.0 ],
					"to": [ 3.0, 0.99, 8.525 ],
					"rotationOrigin": [ 3.0, -0.01, 0.0 ],
					"rotationY": -13.75,
					"faces": {
						"north": { "texture": "#bellow", "uv": [ 0.0, 0.5, 0.5, 0.0 ], "autoUv": false },
						"east": { "texture": "#bellow", "uv": [ 0.5, 0.0, 0.0, 4.5 ], "rotation": 90, "autoUv": false },
						"south": { "texture": "#bellow", "uv": [ 0.0, 0.5, 0.5, 0.0 ], "autoUv": false },
						"west": { "texture": "#bellow", "uv": [ 0.5, 4.5, 0.0, 0.0 ], "rotation": 90, "autoUv": false },
						"up": { "texture": "#bellow", "uv": [ 0.5, 4.5, 0.0, 0.0 ], "autoUv": false },
						"down": { "texture": "#bellow", "uv": [ 0.5, 4.5, 0.0, 0.0 ], "autoUv": false }
					}
				},
				{
					"name": "cube9",
					"from": [ 1.99, -0.02, -0.5 ],
					"to": [ 6.01, 1.0, 0.5 ],
					"rotationOrigin": [ 4.0, 2.0, -4.5 ],
					"faces": {
						"north": { "texture": "#bellow", "uv": [ 0.5, 0.0, 0.0, 2.0 ], "rotation": 90, "autoUv": false },
						"east": { "texture": "#bellow", "uv": [ 0.0, 0.5, 0.5, 0.0 ], "autoUv": false },
						"south": { "texture": "#bellow", "uv": [ 0.5, 0.0, 0.0, 2.0 ], "rotation": 90, "autoUv": false },
						"west": { "texture": "#bellow", "uv": [ 0.0, 0.5, 0.5, 0.0 ], "autoUv": false },
						"up": { "texture": "#bellow", "uv": [ 1.0, 0.0, 0.5, 2.0 ], "rotation": 90, "autoUv": false },
						"down": { "texture": "#bellow", "uv": [ 1.0, 0.0, 0.5, 2.0 ], "rotation": 90, "autoUv": false }
					}
				},
				{
					"name": "cube8",
					"from": [ 5.0, -0.01, 0.0 ],
					"to": [ 6.0, 0.99, 8.525 ],
					"rotationOrigin": [ 5.0, -0.01, 0.0 ],
					"rotationY": 13.75,
					"faces": {
						"north": { "texture": "#bellow", "uv": [ 0.5, 0.5, 0.0, 0.0 ], "autoUv": false },
						"east": { "texture": "#bellow", "uv": [ 0.5, 0.0, 0.0, 4.5 ], "rotation": 90, "autoUv": false },
						"south": { "texture": "#bellow", "uv": [ 0.5, 0.5, 0.0, 0.0 ], "autoUv": false },
						"west": { "texture": "#bellow", "uv": [ 0.5, 4.5, 0.0, 0.0 ], "rotation": 90, "autoUv": false },
						"up": { "texture": "#bellow", "uv": [ 0.0, 4.5, 0.5, 0.0 ], "autoUv": false },
						"down": { "texture": "#bellow", "uv": [ 0.0, 4.5, 0.5, 0.0 ], "autoUv": false }
					}
				},
				{
					"name": "cube7",
					"from": [ 0.0, -0.02, 8.0 ],
					"to": [ 8.0, 1.0, 9.0 ],
					"rotationOrigin": [ 4.0, 2.0, 4.0 ],
					"faces": {
						"north": { "texture": "#bellow", "uv": [ 0.5, 0.0, 0.0, 4.0 ], "rotation": 90, "autoUv": false },
						"east": { "texture": "#bellow", "uv": [ 0.0, 0.5, 0.5, 0.0 ], "autoUv": false },
						"south": { "texture": "#bellow", "uv": [ 0.0, 0.0, 0.5, 4.0 ], "rotation": 90, "autoUv": false },
						"west": { "texture": "#bellow", "uv": [ 0.5, 0.5, 0.0, 0.0 ], "autoUv": false },
						"up": { "texture": "#bellow", "uv": [ 0.0, 0.0, 0.5, 4.0 ], "rotation": 90, "autoUv": false },
						"down": { "texture": "#bellow", "uv": [ 0.0, 0.0, 0.5, 4.0 ], "rotation": 90, "autoUv": false }
					}
				},
				{
					"name": "cube13",
					"from": [ 3.5, 0.0, 8.0 ],
					"to": [ 4.5, 1.0, 12.0 ],
					"rotationOrigin": [ 0.5, -1.0, 4.0 ],
					"rotationX": 4.0,
					"faces": {
						"north": { "texture": "#bellow", "uv": [ 5.5, 6.75, 6.0, 7.25 ], "rotation": 90, "autoUv": false },
						"east": { "texture": "#bellow", "uv": [ 6.0, 6.0, 5.5, 8.0 ], "rotation": 90, "autoUv": false },
						"south": { "texture": "#bellow", "uv": [ 5.5, 6.75, 6.0, 7.25 ], "rotation": 90, "autoUv": false },
						"west": { "texture": "#bellow", "uv": [ 6.0, 6.0, 5.5, 8.0 ], "rotation": 90, "autoUv": false },
						"up": { "texture": "#bellow", "uv": [ 5.5, 6.0, 6.0, 8.0 ], "rotation": 90, "autoUv": false },
						"down": { "texture": "#bellow", "uv": [ 5.5, 6.0, 6.0, 8.0 ], "rotation": 90, "autoUv": false }
					}
				}
			]
		},
		{
			"name": "cube16",
			"from": [ 4.5, -0.5, 3.3 ],
			"to": [ 11.5, 3.0, 11.8 ],
			"rotationOrigin": [ 5.5, -1.1079, 11.5834 ],
			"faces": {
				"south": { "texture": "#bellow", "uv": [ 0.0, 8.25, 3.5, 10.5 ], "autoUv": false }
			}
		},
		{
			"name": "cube15",
			"from": [ 4.5, -0.5, 3.3 ],
			"to": [ 11.5, 3.0, 11.8 ],
			"rotationOrigin": [ 4.5, -1.1079, 11.5834 ],
			"rotationY": -15.285,
			"rotationZ": -0.425,
			"faces": {
				"west": { "texture": "#bellow", "uv": [ 3.5, 8.25, 7.75, 10.5 ], "autoUv": false }
			}
		},
		{
			"name": "cube14",
			"from": [ 4.5, -0.5, 3.3 ],
			"to": [ 11.5, 3.0, 11.8 ],
			"rotationOrigin": [ 11.5, -1.1079, 11.5834 ],
			"rotationY": 15.501,
			"rotationZ": -0.588,
			"faces": {
				"east": { "texture": "#bellow", "uv": [ 7.75, 8.25, 3.5, 10.5 ], "autoUv": false }
			}
		}
	]}