{
	"editor": {
		"collapsedPaths": "",
		"allAngles": true,
		"entityTextureMode": true
	},
	"textureWidth": 40,
	"textureHeight": 48,
	"textureSizes": {
		"skin": [40,48]
	},
	"textures": {
	},
	"elements": [
		{
			"name": "Neck",
			"from": [ 14.7, 9.9, 6.9 ],
			"to": [ 18.2, 12.9, 9.1 ],
			"unwrapMode": 2,
			"uv": [ 3.0, 8.5 ],
			"rotationOrigin": [ 17.7, 10.0, 8.0 ],
			"rotationZ": 60.0,
			"faces": {
				"north": { "texture": "#skin", "uv": [ 8.5, 12.0, 12.0, 15.0 ], "windMode": [-1,-1,-1,-1], "windData": [0,0,1,0] },
				"east": { "texture": "#skin", "uv": [ 6.5, 12.0, 8.5, 15.0 ], "windMode": [-1,-1,-1,-1], "windData": [1,0,0,1] },
				"south": { "texture": "#skin", "uv": [ 3.0, 12.0, 6.5, 15.0 ] },
				"west": { "texture": "#skin", "uv": [ 12.0, 12.0, 14.0, 15.0 ] },
				"up": { "texture": "#skin", "uv": [ 6.5, 8.5, 8.5, 12.0 ], "rotation": 270 }
			},
			"children": [
				{
					"name": "Neck2",
					"from": [ 0.0, 1.8, 0.05 ],
					"to": [ 2.5, 5.8, 2.15 ],
					"unwrapMode": 2,
					"autoUnwrap": false,
					"uv": [ 3.5, 1.0 ],
					"rotationOrigin": [ 1.8, 1.8, 1.1 ],
					"rotationZ": -41.5,
					"faces": {
						"north": { "texture": "#skin", "uv": [ 8.0, 3.5, 10.5, 7.5 ] },
						"east": { "texture": "#skin", "uv": [ 6.0, 3.5, 8.0, 7.5 ], "windMode": [-1,-1,-1,-1], "windData": [0,1,1,0] },
						"south": { "texture": "#skin", "uv": [ 3.5, 3.5, 6.0, 7.5 ], "windMode": [-1,-1,-1,-1], "windData": [0,0,1,1] },
						"west": { "texture": "#skin", "uv": [ 10.5, 3.5, 12.5, 7.5 ], "windMode": [-1,-1,-1,-1], "windData": [0,0,1,1] },
						"up": { "texture": "#skin", "uv": [ 6.0, 1.0, 8.0, 3.5 ], "rotation": 270, "windMode": [-1,-1,-1,-1], "windData": [1,1,1,1] },
						"down": { "texture": "#skin", "uv": [ 6.5, 9.0, 8.5, 11.5 ], "rotation": 90, "windMode": [-1,-1,-1,-1] }
					},
					"children": [
						{
							"name": "Head",
							"from": [ 0.0, 4.1, -0.2 ],
							"to": [ 2.5, 6.1, 2.3 ],
							"unwrapMode": 2,
							"uv": [ 13.5, 3.5 ],
							"rotationOrigin": [ 2.5, 4.0, 1.05 ],
							"rotationZ": 47.0,
							"faces": {
								"north": { "texture": "#skin", "uv": [ 18.5, 6.0, 21.0, 8.0 ] },
								"east": { "texture": "#skin", "uv": [ 16.0, 6.0, 18.5, 8.0 ] },
								"south": { "texture": "#skin", "uv": [ 13.5, 6.0, 16.0, 8.0 ] },
								"west": { "texture": "#skin", "uv": [ 21.0, 6.0, 23.5, 8.0 ] },
								"up": { "texture": "#skin", "uv": [ 16.0, 3.5, 18.5, 6.0 ], "rotation": 270 },
								"down": { "texture": "#skin", "uv": [ 16.0, 8.0, 18.5, 10.5 ], "rotation": 270 }
							},
							"children": [
								{
									"name": "MouthUp",
									"from": [ -1.5, 1.1, 0.5 ],
									"to": [ 0.8, 1.8, 2.0 ],
									"unwrapMode": 5,
									"unwrapRotation": 1,
									"uv": [ 19.5, 13.5 ],
									"rotationOrigin": [ 0.7, 2.0, 1.2 ],
									"rotationZ": -49.0,
									"faces": {
										"north": { "texture": "#skin", "uv": [ 19.5, 13.5, 20.0, 15.5 ], "rotation": 270 },
										"south": { "texture": "#skin", "uv": [ 21.5, 13.5, 22.0, 15.5 ], "rotation": 90 },
										"west": { "texture": "#skin", "uv": [ 20.0, 15.5, 21.5, 16.0 ] },
										"up": { "texture": "#skin", "uv": [ 20.0, 13.5, 21.5, 15.5 ], "rotation": 90 },
										"down": { "texture": "#skin", "uv": [ 22.0, 13.5, 23.5, 15.5 ], "rotation": 270 }
									},
									"children": [
										{
											"name": "Nose",
											"from": [ 0.1, 0.0, 0.25 ],
											"to": [ 3.6, 0.8, 1.25 ],
											"unwrapMode": 5,
											"unwrapRotation": 1,
											"uv": [ 15.5, 11.5 ],
											"rotationOrigin": [ 0.1, 1.0, 0.6 ],
											"rotationZ": 20.0,
											"faces": {
												"north": { "texture": "#skin", "uv": [ 15.5, 11.5, 16.0, 15.0 ], "rotation": 270 },
												"south": { "texture": "#skin", "uv": [ 17.0, 11.5, 17.5, 15.0 ], "rotation": 90 },
												"west": { "texture": "#skin", "uv": [ 16.0, 15.0, 17.0, 15.5 ], "windMode": [-1,-1,-1,-1], "windData": [1,1,1,1] },
												"up": { "texture": "#skin", "uv": [ 16.0, 11.5, 17.0, 15.0 ], "rotation": 90 }
											},
											"children": [
												{
													"name": "Snout",
													"from": [ -0.35, 0.1, 0.2 ],
													"to": [ 0.45, 0.8, 0.8 ],
													"unwrapMode": 4,
													"uv": [ 13.0, 9.5 ],
													"rotationOrigin": [ 0.45, 0.7966, 0.55 ],
													"rotationZ": -7.0,
													"faces": {
														"north": { "texture": "#skin", "uv": [ 13.0, 10.0, 13.5, 10.5 ], "windMode": [-1,-1,-1,-1], "windData": [1,1,1,1] },
														"east": { "texture": "#skin", "uv": [ 14.5, 10.0, 15.0, 10.5 ], "windMode": [-1,-1,-1,-1], "windData": [1,1,1,1] },
														"south": { "texture": "#skin", "uv": [ 14.0, 10.0, 14.5, 10.5 ], "windMode": [-1,-1,-1,-1], "windData": [1,1,1,1] },
														"west": { "texture": "#skin", "uv": [ 13.5, 10.0, 14.0, 10.5 ], "windMode": [-1,-1,-1,-1], "windData": [1,1,1,1] },
														"up": { "texture": "#skin", "uv": [ 13.5, 9.5, 14.0, 10.0 ], "rotation": 90, "windMode": [-1,-1,-1,-1], "windData": [1,1,1,1] },
														"down": { "texture": "#skin", "uv": [ 13.5, 10.5, 14.0, 11.0 ], "rotation": 90, "windMode": [-1,-1,-1,-1], "windData": [1,1,1,1] }
													}
												}
											]
										},
										{
											"name": "R Fang",
											"from": [ 0.6, -0.3, 0.05 ],
											"to": [ 0.8, 0.2, 0.25 ],
											"unwrapMode": 2,
											"uv": [ 26.5, 46.0 ],
											"rotationOrigin": [ 0.6, 0.2, 0.3 ],
											"rotationZ": 10.0,
											"faces": {
												"north": { "texture": "#skin", "uv": [ 27.5, 46.5, 28.0, 47.0 ] },
												"east": { "texture": "#skin", "uv": [ 27.0, 46.5, 27.5, 47.0 ] },
												"south": { "texture": "#skin", "uv": [ 26.5, 46.5, 27.0, 47.0 ] },
												"west": { "texture": "#skin", "uv": [ 28.0, 46.5, 28.5, 47.0 ] },
												"down": { "texture": "#skin", "uv": [ 27.0, 47.0, 27.5, 47.5 ], "rotation": 270 }
											}
										},
										{
											"name": "L Fang",
											"from": [ 0.6, -0.3, 1.25 ],
											"to": [ 0.8, 0.2, 1.45 ],
											"unwrapMode": 2,
											"uv": [ 26.5, 45.0 ],
											"rotationOrigin": [ 0.6, 0.2, 1.2 ],
											"rotationZ": 10.0,
											"faces": {
												"north": { "texture": "#skin", "uv": [ 27.5, 45.5, 28.0, 46.0 ] },
												"east": { "texture": "#skin", "uv": [ 27.0, 45.5, 27.5, 46.0 ] },
												"south": { "texture": "#skin", "uv": [ 26.5, 45.5, 27.0, 46.0 ] },
												"west": { "texture": "#skin", "uv": [ 28.0, 45.5, 28.5, 46.0 ] },
												"down": { "texture": "#skin", "uv": [ 27.0, 46.0, 27.5, 46.5 ], "rotation": 270 }
											}
										},
										{
											"name": "Jaw",
											"from": [ 1.3, -0.75, 0.15 ],
											"to": [ 3.1, 0.35, 1.35 ],
											"unwrapMode": 5,
											"unwrapRotation": 1,
											"autoUnwrap": false,
											"uv": [ 19.0, 9.0 ],
											"rotationOrigin": [ 2.8, 0.05, 0.75 ],
											"rotationZ": -12.0,
											"faces": {
												"north": { "texture": "#skin", "uv": [ 22.0, 9.0, 23.0, 10.5 ], "rotation": 270, "windMode": [-1,-1,-1,-1] },
												"south": { "texture": "#skin", "uv": [ 21.0, 9.0, 22.0, 10.5 ], "rotation": 90 },
												"west": { "texture": "#skin", "uv": [ 22.0, 13.5, 23.5, 14.5 ], "autoUv": false },
												"down": { "texture": "#skin", "uv": [ 22.0, 10.0, 23.0, 11.5 ], "rotation": 270 }
											},
											"children": [
												{
													"name": "Jaw2",
													"from": [ -1.0, 0.0, -0.05 ],
													"to": [ 0.0, 0.5, 1.25 ],
													"unwrapMode": 5,
													"unwrapRotation": 1,
													"autoUnwrap": false,
													"uv": [ 19.5, 11.0 ],
													"rotationOrigin": [ 0.0, 0.6, 0.6 ],
													"rotationZ": 7.0,
													"faces": {
														"north": { "texture": "#skin", "uv": [ 19.5, 11.0, 20.0, 12.0 ], "rotation": 270 },
														"south": { "texture": "#skin", "uv": [ 21.0, 11.0, 21.5, 12.0 ], "rotation": 90 },
														"west": { "texture": "#skin", "uv": [ 20.0, 12.0, 21.0, 12.5 ] },
														"up": { "texture": "#skin", "uv": [ 22.0, 14.5, 23.5, 15.5 ], "rotation": 90, "autoUv": false },
														"down": { "texture": "#skin", "uv": [ 21.5, 11.0, 22.5, 12.0 ], "rotation": 270 }
													}
												}
											]
										}
									]
								},
								{
									"name": "R Ear",
									"from": [ 2.0, 1.0, -0.3 ],
									"to": [ 2.4, 2.5, 0.9 ],
									"unwrapMode": 4,
									"uv": [ 19.0, 1.0 ],
									"rotationOrigin": [ 2.0, 1.0, 0.3 ],
									"rotationX": -13.0,
									"rotationY": 29.0,
									"rotationZ": -70.0,
									"faces": {
										"north": { "texture": "#skin", "uv": [ 19.0, 1.5, 19.5, 3.0 ] },
										"east": { "texture": "#skin", "uv": [ 21.0, 1.5, 22.0, 3.0 ] },
										"south": { "texture": "#skin", "uv": [ 20.5, 1.5, 21.0, 3.0 ], "windMode": [-1,-1,-1,-1], "windData": [1,1,1,1] },
										"west": { "texture": "#skin", "uv": [ 19.5, 1.5, 20.5, 3.0 ] },
										"up": { "texture": "#skin", "uv": [ 19.5, 1.0, 20.5, 1.5 ], "rotation": 90 },
										"down": { "texture": "#skin", "uv": [ 19.5, 3.0, 20.5, 3.5 ], "rotation": 90, "windMode": [-1,-1,-1,-1], "windData": [1,1,1,1] }
									},
									"children": [
										{
											"name": "R Ear2",
											"from": [ 0.0, 1.5, 0.2 ],
											"to": [ 0.4, 3.0, 1.2 ],
											"unwrapMode": 4,
											"uv": [ 19.0, 0.5 ],
											"rotationOrigin": [ 0.0, 1.5, 1.2 ],
											"rotationX": -20.0,
											"rotationY": -2.0,
											"faces": {
												"north": { "texture": "#skin", "uv": [ 19.0, 1.0, 19.5, 2.5 ] },
												"east": { "texture": "#skin", "uv": [ 21.0, 1.0, 22.0, 2.5 ] },
												"south": { "texture": "#skin", "uv": [ 20.5, 1.0, 21.0, 2.5 ], "windMode": [-1,-1,-1,-1], "windData": [1,1,1,1] },
												"west": { "texture": "#skin", "uv": [ 19.5, 1.0, 20.5, 2.5 ] },
												"up": { "texture": "#skin", "uv": [ 19.5, 0.5, 20.5, 1.0 ], "rotation": 90 },
												"down": { "texture": "#skin", "uv": [ 19.5, 2.5, 20.5, 3.0 ], "rotation": 90, "windMode": [-1,-1,-1,-1], "windData": [1,1,1,1] }
											}
										},
										{
											"name": "R Ear3",
											"from": [ 0.0, 0.0, 0.0 ],
											"to": [ 0.4, 1.0, 1.0 ],
											"unwrapMode": 4,
											"uv": [ 19.0, 1.5 ],
											"rotationOrigin": [ 0.0, 0.0, 0.0 ],
											"rotationX": -30.0,
											"rotationY": 2.0,
											"faces": {
												"north": { "texture": "#skin", "uv": [ 19.0, 2.0, 19.5, 3.0 ] },
												"east": { "texture": "#skin", "uv": [ 21.0, 2.0, 22.0, 3.0 ] },
												"south": { "texture": "#skin", "uv": [ 20.5, 2.0, 21.0, 3.0 ], "windMode": [-1,-1,-1,-1], "windData": [1,1,1,1] },
												"west": { "texture": "#skin", "uv": [ 19.5, 2.0, 20.5, 3.0 ] },
												"up": { "texture": "#skin", "uv": [ 19.5, 1.5, 20.5, 2.0 ], "rotation": 90 },
												"down": { "texture": "#skin", "uv": [ 19.5, 3.0, 20.5, 3.5 ], "rotation": 90, "windMode": [-1,-1,-1,-1], "windData": [1,1,1,1] }
											},
											"children": [
												{
													"name": "R Ear4",
													"from": [ 0.0, 1.0, 0.0 ],
													"to": [ 0.4, 2.7, 1.0 ],
													"unwrapMode": 4,
													"uv": [ 19.0, 0.5 ],
													"rotationOrigin": [ 0.0, 1.0, 0.0 ],
													"rotationX": 38.0,
													"rotationY": 1.0,
													"faces": {
														"north": { "texture": "#skin", "uv": [ 19.0, 1.0, 19.5, 2.5 ] },
														"east": { "texture": "#skin", "uv": [ 21.0, 1.0, 22.0, 2.5 ] },
														"south": { "texture": "#skin", "uv": [ 20.5, 1.0, 21.0, 2.5 ], "windMode": [-1,-1,-1,-1], "windData": [1,1,1,1] },
														"west": { "texture": "#skin", "uv": [ 19.5, 1.0, 20.5, 2.5 ] },
														"up": { "texture": "#skin", "uv": [ 19.5, 0.5, 20.5, 1.0 ], "rotation": 90 },
														"down": { "texture": "#skin", "uv": [ 19.5, 2.5, 20.5, 3.0 ], "rotation": 90, "windMode": [-1,-1,-1,-1], "windData": [1,1,1,1] }
													}
												}
											]
										}
									]
								},
								{
									"name": "L Ear",
									"from": [ 2.3, 1.0, 1.6 ],
									"to": [ 2.7, 2.5, 2.8 ],
									"unwrapMode": 4,
									"uv": [ 14.0, 1.0 ],
									"rotationOrigin": [ 2.3, 1.0, 2.1 ],
									"rotationX": 13.0,
									"rotationY": -29.0,
									"rotationZ": -70.0,
									"faces": {
										"north": { "texture": "#skin", "uv": [ 14.0, 1.5, 14.5, 3.0 ], "windMode": [-1,-1,-1,-1], "windData": [1,1,1,1] },
										"east": { "texture": "#skin", "uv": [ 16.0, 1.5, 17.0, 3.0 ] },
										"south": { "texture": "#skin", "uv": [ 15.5, 1.5, 16.0, 3.0 ], "windMode": [-1,-1,-1,-1], "windData": [1,1,1,1] },
										"west": { "texture": "#skin", "uv": [ 14.5, 1.5, 15.5, 3.0 ] },
										"up": { "texture": "#skin", "uv": [ 14.5, 1.0, 15.5, 1.5 ], "rotation": 90 },
										"down": { "texture": "#skin", "uv": [ 14.5, 3.0, 15.5, 3.5 ], "rotation": 90 }
									},
									"children": [
										{
											"name": "L Ear2",
											"from": [ 0.0, 1.5, 0.0 ],
											"to": [ 0.4, 3.0, 1.0 ],
											"unwrapMode": 4,
											"uv": [ 14.0, 0.5 ],
											"rotationOrigin": [ 0.0, 1.5, 0.0 ],
											"rotationX": 20.0,
											"rotationY": 2.0,
											"faces": {
												"north": { "texture": "#skin", "uv": [ 14.0, 1.0, 14.5, 2.5 ], "windMode": [-1,-1,-1,-1], "windData": [1,1,1,1] },
												"east": { "texture": "#skin", "uv": [ 16.0, 1.0, 17.0, 2.5 ] },
												"south": { "texture": "#skin", "uv": [ 15.5, 1.0, 16.0, 2.5 ], "windMode": [-1,-1,-1,-1], "windData": [1,1,1,1] },
												"west": { "texture": "#skin", "uv": [ 14.5, 1.0, 15.5, 2.5 ] },
												"up": { "texture": "#skin", "uv": [ 14.5, 0.5, 15.5, 1.0 ], "rotation": 90 },
												"down": { "texture": "#skin", "uv": [ 14.5, 2.5, 15.5, 3.0 ], "rotation": 90 }
											}
										},
										{
											"name": "L Ear3",
											"from": [ 0.0, 0.0, 0.2 ],
											"to": [ 0.4, 1.0, 1.2 ],
											"unwrapMode": 4,
											"uv": [ 14.0, 1.5 ],
											"rotationOrigin": [ 0.0, 0.0, 1.2 ],
											"rotationX": 30.0,
											"rotationY": -2.0,
											"faces": {
												"north": { "texture": "#skin", "uv": [ 14.0, 2.0, 14.5, 3.0 ], "windMode": [-1,-1,-1,-1], "windData": [1,1,1,1] },
												"east": { "texture": "#skin", "uv": [ 16.0, 2.0, 17.0, 3.0 ] },
												"south": { "texture": "#skin", "uv": [ 15.5, 2.0, 16.0, 3.0 ], "windMode": [-1,-1,-1,-1], "windData": [1,1,1,1] },
												"west": { "texture": "#skin", "uv": [ 14.5, 2.0, 15.5, 3.0 ] },
												"up": { "texture": "#skin", "uv": [ 14.5, 1.5, 15.5, 2.0 ], "rotation": 90 },
												"down": { "texture": "#skin", "uv": [ 14.5, 3.0, 15.5, 3.5 ], "rotation": 90 }
											},
											"children": [
												{
													"name": "L Ear4",
													"from": [ 0.0, 1.0, 0.0 ],
													"to": [ 0.4, 2.7, 1.0 ],
													"unwrapMode": 4,
													"uv": [ 14.0, 0.5 ],
													"rotationOrigin": [ 0.0, 1.0, 1.0 ],
													"rotationX": -38.0,
													"rotationY": -1.0,
													"faces": {
														"north": { "texture": "#skin", "uv": [ 14.0, 1.0, 14.5, 2.5 ], "windMode": [-1,-1,-1,-1], "windData": [1,1,1,1] },
														"east": { "texture": "#skin", "uv": [ 16.0, 1.0, 17.0, 2.5 ] },
														"south": { "texture": "#skin", "uv": [ 15.5, 1.0, 16.0, 2.5 ], "windMode": [-1,-1,-1,-1], "windData": [1,1,1,1] },
														"west": { "texture": "#skin", "uv": [ 14.5, 1.0, 15.5, 2.5 ] },
														"up": { "texture": "#skin", "uv": [ 14.5, 0.5, 15.5, 1.0 ], "rotation": 90 },
														"down": { "texture": "#skin", "uv": [ 14.5, 2.5, 15.5, 3.0 ], "rotation": 90 }
													}
												}
											]
										}
									]
								},
								{
									"name": "R Eye",
									"from": [ 1.4, 1.45, -0.01 ],
									"to": [ 1.6, 1.85, 0.21 ],
									"unwrapMode": 1,
									"unwrapRotation": 1,
									"uv": [ 9.5, 8.0 ],
									"rotationOrigin": [ 1.4, 1.45, 0.0 ],
									"rotationZ": 30.0,
									"faces": {
										"north": { "texture": "#skin", "uv": [ 10.0, 8.5, 10.5, 9.0 ], "rotation": 90, "windMode": [-1,-1,-1,-1] },
										"west": { "texture": "#skin", "uv": [ 10.0, 8.0, 10.5, 8.5 ], "rotation": 90, "windMode": [-1,-1,-1,-1] },
										"up": { "texture": "#skin", "uv": [ 9.5, 8.5, 10.0, 9.0 ], "rotation": 270, "windMode": [-1,-1,-1,-1] },
										"down": { "texture": "#skin", "uv": [ 10.5, 8.5, 11.0, 9.0 ], "rotation": 90, "windMode": [-1,-1,-1,-1] }
									},
									"children": [
										{
											"name": "R Eye2",
											"from": [ 0.2, 0.0, 0.0 ],
											"to": [ 0.4, 0.4, 0.22 ],
											"unwrapMode": 1,
											"unwrapRotation": 1,
											"uv": [ 9.5, 9.0 ],
											"rotationOrigin": [ 0.2, 0.0, 0.01 ],
											"faces": {
												"north": { "texture": "#skin", "uv": [ 10.0, 9.0, 10.5, 9.5 ], "rotation": 90 },
												"east": { "texture": "#skin", "uv": [ 10.0, 9.5, 10.5, 10.0 ], "rotation": 90, "windMode": [-1,-1,-1,-1] },
												"up": { "texture": "#skin", "uv": [ 9.5, 9.0, 10.0, 9.5 ], "rotation": 270, "windMode": [-1,-1,-1,-1] },
												"down": { "texture": "#skin", "uv": [ 10.5, 9.0, 11.0, 9.5 ], "rotation": 90, "windMode": [-1,-1,-1,-1] }
											}
										},
										{
											"name": "R Pupil",
											"from": [ 0.1, 0.05, -0.01 ],
											"to": [ 0.3, 0.35, 0.21 ],
											"unwrapMode": 1,
											"uv": [ 11.0, 9.5 ],
											"rotationOrigin": [ 0.1, 0.05, -0.01 ],
											"faces": {
												"north": { "texture": "#skin", "uv": [ 11.5, 10.0, 12.0, 10.5 ] },
												"east": { "texture": "#skin", "uv": [ 11.0, 10.0, 11.5, 10.5 ], "windMode": [-1,-1,-1,-1] },
												"west": { "texture": "#skin", "uv": [ 12.0, 10.0, 12.5, 10.5 ], "windMode": [-1,-1,-1,-1] },
												"up": { "texture": "#skin", "uv": [ 11.5, 9.5, 12.0, 10.0 ], "rotation": 180, "windMode": [-1,-1,-1,-1] },
												"down": { "texture": "#skin", "uv": [ 11.5, 10.5, 12.0, 11.0 ], "windMode": [-1,-1,-1,-1] }
											}
										}
									]
								},
								{
									"name": "L Eye",
									"from": [ 1.4, 1.45, 2.29 ],
									"to": [ 1.6, 1.85, 2.51 ],
									"unwrapMode": 3,
									"unwrapRotation": 1,
									"uv": [ 9.5, 9.0 ],
									"rotationOrigin": [ 1.4, 1.45, 2.3 ],
									"rotationZ": 30.0,
									"faces": {
										"south": { "texture": "#skin", "uv": [ 10.0, 9.0, 10.5, 9.5 ], "rotation": 90 },
										"west": { "texture": "#skin", "uv": [ 10.0, 9.5, 10.5, 10.0 ], "rotation": 90, "windMode": [-1,-1,-1,-1] },
										"up": { "texture": "#skin", "uv": [ 9.5, 9.0, 10.0, 9.5 ], "rotation": 90, "windMode": [-1,-1,-1,-1] },
										"down": { "texture": "#skin", "uv": [ 10.5, 9.0, 11.0, 9.5 ], "rotation": 270, "windMode": [-1,-1,-1,-1] }
									},
									"children": [
										{
											"name": "L Eye2",
											"from": [ 0.2, 0.0, 0.0 ],
											"to": [ 0.4, 0.4, 0.22 ],
											"unwrapMode": 3,
											"unwrapRotation": 1,
											"uv": [ 9.5, 8.0 ],
											"rotationOrigin": [ 0.2, 0.0, 0.01 ],
											"faces": {
												"east": { "texture": "#skin", "uv": [ 10.0, 8.0, 10.5, 8.5 ], "rotation": 90, "windMode": [-1,-1,-1,-1] },
												"south": { "texture": "#skin", "uv": [ 10.0, 8.5, 10.5, 9.0 ], "rotation": 90 },
												"up": { "texture": "#skin", "uv": [ 9.5, 8.5, 10.0, 9.0 ], "rotation": 90, "windMode": [-1,-1,-1,-1] },
												"down": { "texture": "#skin", "uv": [ 10.5, 8.5, 11.0, 9.0 ], "rotation": 270, "windMode": [-1,-1,-1,-1] }
											}
										},
										{
											"name": "L Pupil",
											"from": [ 0.1, 0.05, 0.01 ],
											"to": [ 0.3, 0.35, 0.23 ],
											"unwrapMode": 3,
											"uv": [ 11.0, 9.5 ],
											"rotationOrigin": [ 0.1, 0.05, 0.01 ],
											"faces": {
												"east": { "texture": "#skin", "uv": [ 12.0, 10.0, 12.5, 10.5 ], "windMode": [-1,-1,-1,-1] },
												"south": { "texture": "#skin", "uv": [ 11.5, 10.0, 12.0, 10.5 ] },
												"west": { "texture": "#skin", "uv": [ 11.0, 10.0, 11.5, 10.5 ], "windMode": [-1,-1,-1,-1] },
												"up": { "texture": "#skin", "uv": [ 11.5, 9.5, 12.0, 10.0 ], "windMode": [-1,-1,-1,-1] },
												"down": { "texture": "#skin", "uv": [ 11.5, 10.5, 12.0, 11.0 ], "rotation": 180, "windMode": [-1,-1,-1,-1] }
											}
										}
									]
								}
							]
						}
					]
				}
			]
		}
	]}