{
	"editor": {
		"backDropShape": "entity/animal/mammal/hooved/capreolini/hydropotesinermis/adult",
		"collapsedPaths": "",
		"allAngles": true,
		"entityTextureMode": true
	},
	"textureWidth": 40,
	"textureHeight": 48,
	"textureSizes": {
		"skin": [40,48]
	},
	"textures": {
		"skin": "entity/animal/mammal/hooved/capreolini/hydropotesinermis-adult"
	},
	"elements": [
		{
			"name": "Horn attachment",
			"stepParentName": "MouthUp",
			"from": [ 0.67, 0.0, 0.8 ],
			"to": [ 1.47, 0.8, 1.6 ],
			"uv": [ 0.0, 0.0 ],
			"rotationOrigin": [ 0.67, 0.0, 0.8 ],
			"rotationZ": 49.0,
			"faces": {
			},
			"children": [
				{
					"name": "R Fang2",
					"from": [ -0.2096, -0.7045, -0.75 ],
					"to": [ -0.0096, -0.2045, -0.55 ],
					"unwrapMode": 2,
					"uv": [ 27.5, 47.0 ],
					"rotationOrigin": [ -0.2096, -0.2045, -0.5 ],
					"rotationZ": -31.0,
					"faces": {
						"north": { "texture": "#skin", "uv": [ 28.5, 47.0, 29.0, 47.5 ] },
						"east": { "texture": "#skin", "uv": [ 28.0, 47.0, 28.5, 47.5 ] },
						"south": { "texture": "#skin", "uv": [ 27.5, 47.0, 28.0, 47.5 ] },
						"west": { "texture": "#skin", "uv": [ 29.0, 47.0, 29.5, 47.5 ] },
						"down": { "texture": "#skin", "uv": [ 28.0, 47.5, 28.5, 48.0 ], "rotation": 270 }
					}
				},
				{
					"name": "L Fang2",
					"from": [ -0.2096, -0.7045, 0.45 ],
					"to": [ -0.0096, -0.2045, 0.65 ],
					"unwrapMode": 2,
					"uv": [ 26.0, 46.0 ],
					"rotationOrigin": [ -0.2096, -0.2045, 0.4 ],
					"rotationZ": -31.0,
					"faces": {
						"north": { "texture": "#skin", "uv": [ 27.0, 46.0, 27.5, 46.5 ] },
						"east": { "texture": "#skin", "uv": [ 26.5, 46.0, 27.0, 46.5 ] },
						"south": { "texture": "#skin", "uv": [ 26.0, 46.0, 26.5, 46.5 ] },
						"west": { "texture": "#skin", "uv": [ 27.5, 46.0, 28.0, 46.5 ] },
						"down": { "texture": "#skin", "uv": [ 26.5, 46.5, 27.0, 47.0 ], "rotation": 270 }
					}
				}
			]
		}
	],
	"animations": [
	]
}