{
	"editor": {
		"collapsedPaths": "Root/LowerTorso/UpperTorso/Neck,Root/LowerTorso/UpperFootR,Root/LowerTorso/UpperTorso/UpperArmL,Root/LowerTorso/UpperFootL,Root/LowerTorso/UpperTorso/UpperArmR",
		"allAngles": true,
		"entityTextureMode": true
	},
	"textureWidth": 64,
	"textureHeight": 64,
	"textureSizes": {
		"seraph": [64,64]
	},
	"textures": {
	},
	"elements": [
		{
			"name": "LowerTorso",
			"from": [ 6.0, 15.0, 5.0 ],
			"to": [ 11.0, 20.0, 11.0 ],
			"unwrapMode": 4,
			"uv": [ 25.0, 7.0 ],
			"rotationOrigin": [ 8.0, 15.0, 8.0 ],
			"rotationZ": 3.0,
			"faces": {
				"north": { "texture": "#seraph", "uv": [ 25.0, 10.0, 46.0, 15.0 ], "autoUv": false },
				"east": { "texture": "#seraph", "uv": [ 57.0, 10.0, 63.0, 15.0 ], "autoUv": false },
				"south": { "texture": "#seraph", "uv": [ 52.0, 10.0, 57.0, 15.0 ], "autoUv": false },
				"west": { "texture": "#seraph", "uv": [ 46.0, 10.0, 52.0, 15.0 ], "autoUv": false },
				"up": { "texture": "#seraph", "uv": [ 46.0, 7.0, 40.0, 10.0 ], "rotation": 90, "autoUv": false },
				"down": { "texture": "#seraph", "uv": [ 46.0, 15.0, 40.0, 15.0 ], "rotation": 90, "autoUv": false }
			},
			"children": [
				{
					"name": "UpperTorso",
					"from": [ 0.0, 4.3, -0.1 ],
					"to": [ 5.0, 9.3, 6.1 ],
					"uv": [ 45.0, 2.0 ],
					"rotationOrigin": [ 2.0, 5.0, 3.0 ],
					"rotationZ": -6.0,
					"faces": {
						"north": { "texture": "#seraph", "uv": [ 41.0, 5.0, 46.0, 10.0 ], "autoUv": false },
						"east": { "texture": "#seraph", "uv": [ 57.0, 5.0, 63.0, 10.0 ], "autoUv": false },
						"south": { "texture": "#seraph", "uv": [ 52.0, 5.0, 57.0, 10.0 ], "autoUv": false },
						"west": { "texture": "#seraph", "uv": [ 46.0, 5.0, 52.0, 10.0 ], "autoUv": false },
						"up": { "texture": "#seraph", "uv": [ 46.0, 0.0, 52.0, 5.0 ], "rotation": 90, "autoUv": false },
						"down": { "texture": "#seraph", "uv": [ 34.0, 5.0, 40.0, 10.0 ], "rotation": 90, "autoUv": false }
					},
					"children": [
						{
							"name": "UpperArmR",
							"from": [ 1.0, -2.1, -1.2 ],
							"to": [ 4.0, 4.9, 0.8 ],
							"unwrapMode": 4,
							"autoUnwrap": false,
							"uv": [ 31.0, 36.0 ],
							"rotationOrigin": [ 2.0, 4.7, 0.8 ],
							"rotationX": 10.0,
							"rotationZ": 7.0,
							"faces": {
								"north": { "texture": "#seraph", "uv": [ 33.0, 41.5, 36.0, 48.5 ] },
								"east": { "texture": "#seraph", "uv": [ 31.0, 41.5, 33.0, 48.5 ] },
								"south": { "texture": "#seraph", "uv": [ 38.0, 41.5, 41.0, 48.5 ] },
								"west": { "texture": "#seraph", "uv": [ 36.0, 41.5, 38.0, 48.5 ] },
								"up": { "texture": "#seraph", "uv": [ 36.0, 38.5, 38.0, 41.5 ], "rotation": 90 },
								"down": { "texture": "#seraph", "uv": [ 36.0, 48.5, 38.0, 51.5 ], "rotation": 90 }
							},
							"children": [
								{
									"name": "LowerArmR",
									"from": [ 0.1, -7.3, 0.1 ],
									"to": [ 2.6, 0.7, 2.1 ],
									"unwrapMode": 4,
									"autoUnwrap": false,
									"uv": [ 31.5, 49.0 ],
									"rotationOrigin": [ 1.3, 0.7, 1.1 ],
									"rotationX": -8.0,
									"rotationZ": -6.0,
									"faces": {
										"north": { "texture": "#seraph", "uv": [ 33.5, 51.5, 36.0, 59.5 ] },
										"east": { "texture": "#seraph", "uv": [ 31.5, 51.5, 33.5, 59.5 ] },
										"south": { "texture": "#seraph", "uv": [ 38.0, 51.5, 40.5, 59.5 ] },
										"west": { "texture": "#seraph", "uv": [ 36.0, 51.5, 38.0, 59.5 ] },
										"up": { "texture": "#seraph", "uv": [ 36.0, 49.0, 38.0, 51.5 ], "rotation": 90 },
										"down": { "texture": "#seraph", "uv": [ 36.0, 59.5, 38.0, 62.0 ], "rotation": 90 }
									},
									"attachmentpoints": [
										{
											"code": "RightHand",
											"posX": "1.0","posY": "1.0","posZ": "1.0",
											"rotationX": "0.0","rotationY": "-180.0","rotationZ": "0.0"
										}
									]
								}
							]
						},
						{
							"name": "UpperArmL",
							"from": [ 1.0, -2.1, 5.4 ],
							"to": [ 4.0, 4.9, 7.4 ],
							"unwrapMode": 4,
							"uv": [ 42.0, 38.5 ],
							"rotationOrigin": [ 2.0, 4.7, 5.2 ],
							"rotationX": -10.0,
							"rotationZ": 7.0,
							"faces": {
								"north": { "texture": "#seraph", "uv": [ 42.0, 41.5, 45.0, 48.5 ] },
								"east": { "texture": "#seraph", "uv": [ 50.0, 41.5, 52.0, 48.5 ] },
								"south": { "texture": "#seraph", "uv": [ 47.0, 41.5, 50.0, 48.5 ] },
								"west": { "texture": "#seraph", "uv": [ 45.0, 41.5, 47.0, 48.5 ] },
								"up": { "texture": "#seraph", "uv": [ 45.0, 38.5, 47.0, 41.5 ], "rotation": 90 },
								"down": { "texture": "#seraph", "uv": [ 45.0, 48.5, 47.0, 51.5 ], "rotation": 90 }
							},
							"children": [
								{
									"name": "LowerArmL",
									"from": [ 0.2, -7.3, -0.1 ],
									"to": [ 2.7, 0.7, 1.9 ],
									"unwrapMode": 4,
									"uv": [ 42.5, 49.0 ],
									"rotationOrigin": [ 1.4, 0.7, 0.9 ],
									"rotationX": 8.0,
									"rotationZ": -6.0,
									"faces": {
										"north": { "texture": "#seraph", "uv": [ 42.5, 51.5, 45.0, 59.5 ] },
										"east": { "texture": "#seraph", "uv": [ 49.5, 51.5, 51.5, 59.5 ] },
										"south": { "texture": "#seraph", "uv": [ 47.0, 51.5, 49.5, 59.5 ] },
										"west": { "texture": "#seraph", "uv": [ 45.0, 51.5, 47.0, 59.5 ] },
										"up": { "texture": "#seraph", "uv": [ 45.0, 49.0, 47.0, 51.5 ], "rotation": 90 },
										"down": { "texture": "#seraph", "uv": [ 45.0, 59.5, 47.0, 62.0 ], "rotation": 90 }
									},
									"attachmentpoints": [
										{
											"code": "LeftHand",
											"posX": "1.0","posY": "1.0","posZ": "1.0",
											"rotationX": "0.0","rotationY": "-180.0","rotationZ": "0.0"
										}
									]
								}
							]
						},
						{
							"name": "Neck",
							"from": [ 1.5, 3.9, 1.6 ],
							"to": [ 4.5, 7.9, 4.6 ],
							"unwrapMode": 4,
							"uv": [ 12.0, 1.0 ],
							"rotationOrigin": [ 3.2, 3.6, 3.1 ],
							"rotationZ": 12.0,
							"faces": {
								"north": { "texture": "#seraph", "uv": [ 12.0, 1.0, 15.0, 5.0 ] },
								"east": { "texture": "#seraph", "uv": [ 21.0, 1.0, 24.0, 5.0 ] },
								"south": { "texture": "#seraph", "uv": [ 18.0, 1.0, 21.0, 5.0 ] },
								"west": { "texture": "#seraph", "uv": [ 15.0, 1.0, 18.0, 5.0 ] }
							},
							"children": [
								{
									"name": "Head",
									"from": [ -1.7, 2.0, -1.0 ],
									"to": [ 3.8, 7.0, 4.0 ],
									"unwrapMode": 4,
									"uv": [ 0.5, 0.5 ],
									"rotationOrigin": [ 2.7, 2.0, 1.5 ],
									"rotationZ": -7.0,
									"faces": {
										"north": { "texture": "#seraph", "uv": [ 0.5, 6.0, 6.0, 11.0 ] },
										"east": { "texture": "#seraph", "uv": [ 16.5, 6.0, 21.5, 11.0 ] },
										"south": { "texture": "#seraph", "uv": [ 11.0, 6.0, 16.5, 11.0 ] },
										"west": { "texture": "#seraph", "uv": [ 6.0, 6.0, 11.0, 11.0 ] },
										"up": { "texture": "#seraph", "uv": [ 6.0, 0.5, 11.0, 6.0 ], "rotation": 90 },
										"down": { "texture": "#seraph", "uv": [ 6.0, 11.0, 11.0, 16.5 ], "rotation": 90 }
									},
									"children": [
										{
											"name": "R eye",
											"from": [ -0.01, 1.75, 0.85 ],
											"to": [ 0.09, 2.7, 2.05 ],
											"unwrapMode": 4,
											"uv": [ 55.5, 0.0 ],
											"rotationOrigin": [ -0.1, 1.8, 0.5 ],
											"faces": {
												"north": { "texture": "#seraph", "uv": [ 55.5, 0.5, 56.0, 1.0 ] },
												"south": { "texture": "#seraph", "uv": [ 57.0, 0.5, 57.5, 1.0 ] },
												"west": { "texture": "#seraph", "uv": [ 56.0, 0.5, 57.0, 1.0 ] },
												"up": { "texture": "#seraph", "uv": [ 56.0, 0.0, 57.0, 0.5 ], "rotation": 90 },
												"down": { "texture": "#seraph", "uv": [ 56.0, 1.0, 57.0, 1.5 ], "rotation": 90 }
											},
											"children": [
												{
													"name": "R pupil",
													"from": [ -0.03, 0.15, 0.15 ],
													"to": [ 0.07, 0.85, 1.05 ],
													"unwrapMode": 4,
													"uv": [ 60.5, 0.0 ],
													"rotationOrigin": [ -0.1, 0.2, 0.2 ],
													"faces": {
														"north": { "texture": "#seraph", "uv": [ 60.5, 0.5, 61.0, 1.0 ] },
														"south": { "texture": "#seraph", "uv": [ 61.5, 0.5, 62.0, 1.0 ] },
														"west": { "texture": "#seraph", "uv": [ 61.0, 0.5, 61.5, 1.0 ] },
														"up": { "texture": "#seraph", "uv": [ 61.0, 0.0, 61.5, 0.5 ], "rotation": 90 },
														"down": { "texture": "#seraph", "uv": [ 61.0, 1.0, 61.5, 1.5 ], "rotation": 90 }
													},
													"children": [
														{
															"name": "shine large 1",
															"from": [ -0.01, 0.37, 0.6 ],
															"to": [ 0.09, 0.57, 0.8 ],
															"unwrapMode": 4,
															"uv": [ 52.0, 0.5 ],
															"rotationOrigin": [ -0.07, 0.5, 0.6 ],
															"faces": {
																"north": { "texture": "#seraph", "uv": [ 52.0, 1.0, 52.5, 1.5 ] },
																"south": { "texture": "#seraph", "uv": [ 53.0, 1.0, 53.5, 1.5 ] },
																"west": { "texture": "#seraph", "uv": [ 52.5, 1.0, 53.0, 1.5 ] },
																"up": { "texture": "#seraph", "uv": [ 52.5, 0.5, 53.0, 1.0 ], "rotation": 90 },
																"down": { "texture": "#seraph", "uv": [ 52.5, 1.5, 53.0, 2.0 ], "rotation": 90 }
															}
														},
														{
															"name": "shine small 1",
															"from": [ -0.01, 0.33, 0.45 ],
															"to": [ 0.09, 0.43, 0.55 ],
															"unwrapMode": 4,
															"uv": [ 52.0, 0.0 ],
															"rotationOrigin": [ -0.07, 0.5, 0.4 ],
															"faces": {
																"north": { "texture": "#seraph", "uv": [ 52.0, 0.5, 52.5, 1.0 ] },
																"south": { "texture": "#seraph", "uv": [ 53.0, 0.5, 53.5, 1.0 ] },
																"west": { "texture": "#seraph", "uv": [ 52.5, 0.5, 53.0, 1.0 ] },
																"up": { "texture": "#seraph", "uv": [ 52.5, 0.0, 53.0, 0.5 ], "rotation": 90 },
																"down": { "texture": "#seraph", "uv": [ 52.5, 1.0, 53.0, 1.5 ], "rotation": 90 }
															}
														}
													]
												}
											]
										},
										{
											"name": "L eye2",
											"from": [ -0.01, 1.75, 2.95 ],
											"to": [ 0.09, 2.7, 4.15 ],
											"unwrapMode": 4,
											"uv": [ 54.5, 2.0 ],
											"rotationOrigin": [ -0.1, 1.7, 3.1 ],
											"faces": {
												"north": { "texture": "#seraph", "uv": [ 54.5, 2.5, 55.0, 3.0 ] },
												"south": { "texture": "#seraph", "uv": [ 56.0, 2.5, 56.5, 3.0 ] },
												"west": { "texture": "#seraph", "uv": [ 55.0, 2.5, 56.0, 3.0 ] },
												"up": { "texture": "#seraph", "uv": [ 55.0, 2.0, 56.0, 2.5 ], "rotation": 90 },
												"down": { "texture": "#seraph", "uv": [ 55.0, 3.0, 56.0, 3.5 ], "rotation": 90 }
											},
											"children": [
												{
													"name": "L pupil",
													"from": [ -0.03, 0.15, 0.15 ],
													"to": [ 0.07, 0.85, 1.05 ],
													"unwrapMode": 4,
													"uv": [ 60.5, 0.0 ],
													"rotationOrigin": [ -0.1, 0.3, 0.2 ],
													"faces": {
														"north": { "texture": "#seraph", "uv": [ 60.5, 0.5, 61.0, 1.0 ] },
														"south": { "texture": "#seraph", "uv": [ 61.5, 0.5, 62.0, 1.0 ] },
														"west": { "texture": "#seraph", "uv": [ 61.0, 0.5, 61.5, 1.0 ] },
														"up": { "texture": "#seraph", "uv": [ 61.0, 0.0, 61.5, 0.5 ], "rotation": 90 },
														"down": { "texture": "#seraph", "uv": [ 61.0, 1.0, 61.5, 1.5 ], "rotation": 90 }
													},
													"children": [
														{
															"name": "shine small 2",
															"from": [ -0.01, 0.33, 0.45 ],
															"to": [ 0.09, 0.43, 0.55 ],
															"unwrapMode": 4,
															"uv": [ 52.0, 0.0 ],
															"rotationOrigin": [ -0.07, 0.5, 0.4 ],
															"faces": {
																"north": { "texture": "#seraph", "uv": [ 52.0, 0.5, 52.5, 1.0 ] },
																"south": { "texture": "#seraph", "uv": [ 53.0, 0.5, 53.5, 1.0 ] },
																"west": { "texture": "#seraph", "uv": [ 52.5, 0.5, 53.0, 1.0 ] },
																"up": { "texture": "#seraph", "uv": [ 52.5, 0.0, 53.0, 0.5 ], "rotation": 90 },
																"down": { "texture": "#seraph", "uv": [ 52.5, 1.0, 53.0, 1.5 ], "rotation": 90 }
															}
														},
														{
															"name": "shine large 2",
															"from": [ -0.01, 0.37, 0.6 ],
															"to": [ 0.09, 0.57, 0.8 ],
															"unwrapMode": 4,
															"uv": [ 52.0, 1.5 ],
															"rotationOrigin": [ -0.07, 0.5, 0.6 ],
															"faces": {
																"north": { "texture": "#seraph", "uv": [ 52.0, 2.0, 52.5, 2.5 ] },
																"south": { "texture": "#seraph", "uv": [ 53.0, 2.0, 53.5, 2.5 ] },
																"west": { "texture": "#seraph", "uv": [ 52.5, 2.0, 53.0, 2.5 ] },
																"up": { "texture": "#seraph", "uv": [ 52.5, 1.5, 53.0, 2.0 ], "rotation": 90 },
																"down": { "texture": "#seraph", "uv": [ 52.5, 2.5, 53.0, 3.0 ], "rotation": 90 }
															}
														}
													]
												}
											]
										},
										{
											"name": "R eyebrow 1",
											"from": [ -0.1, 2.95, 1.2 ],
											"to": [ 0.1, 3.25, 2.2 ],
											"unwrapMode": 4,
											"uv": [ 34.5, 1.0 ],
											"rotationOrigin": [ 0.9, 2.9, 2.2 ],
											"faces": {
												"north": { "texture": "#seraph", "uv": [ 34.5, 1.5, 35.0, 2.0 ] },
												"south": { "texture": "#seraph", "uv": [ 36.0, 1.5, 36.5, 2.0 ] },
												"west": { "texture": "#seraph", "uv": [ 35.0, 1.5, 36.0, 2.0 ] },
												"up": { "texture": "#seraph", "uv": [ 35.0, 1.0, 36.0, 1.5 ], "rotation": 90 },
												"down": { "texture": "#seraph", "uv": [ 35.0, 2.0, 36.0, 2.5 ], "rotation": 90 }
											},
											"children": [
												{
													"name": "R eyebrow 2",
													"from": [ 0.0, 0.0, -0.9 ],
													"to": [ 0.2, 0.3, 0.1 ],
													"unwrapMode": 4,
													"uv": [ 37.5, 2.0 ],
													"rotationOrigin": [ 1.0, 0.0, 0.1 ],
													"rotationX": -2.0,
													"faces": {
														"north": { "texture": "#seraph", "uv": [ 37.5, 2.5, 38.0, 3.0 ] },
														"south": { "texture": "#seraph", "uv": [ 39.0, 2.5, 39.5, 3.0 ] },
														"west": { "texture": "#seraph", "uv": [ 38.0, 2.5, 39.0, 3.0 ] },
														"up": { "texture": "#seraph", "uv": [ 38.0, 2.0, 39.0, 2.5 ], "rotation": 90 },
														"down": { "texture": "#seraph", "uv": [ 38.0, 3.0, 39.0, 3.5 ], "rotation": 90 }
													}
												}
											]
										},
										{
											"name": "L eyebrow 1",
											"from": [ -0.1, 2.95, 2.8 ],
											"to": [ 0.1, 3.25, 3.8 ],
											"unwrapMode": 4,
											"uv": [ 35.5, 2.0 ],
											"rotationOrigin": [ 0.9, 2.9, 2.8 ],
											"faces": {
												"north": { "texture": "#seraph", "uv": [ 35.5, 2.5, 36.0, 3.0 ] },
												"south": { "texture": "#seraph", "uv": [ 37.0, 2.5, 37.5, 3.0 ] },
												"west": { "texture": "#seraph", "uv": [ 36.0, 2.5, 37.0, 3.0 ] },
												"up": { "texture": "#seraph", "uv": [ 36.0, 2.0, 37.0, 2.5 ], "rotation": 90 },
												"down": { "texture": "#seraph", "uv": [ 36.0, 3.0, 37.0, 3.5 ], "rotation": 90 }
											},
											"children": [
												{
													"name": "L eyebrow 2",
													"from": [ 0.0, 0.0, 0.9 ],
													"to": [ 0.2, 0.3, 1.9 ],
													"unwrapMode": 4,
													"uv": [ 40.5, 1.0 ],
													"rotationOrigin": [ 1.0, 0.0, 0.9 ],
													"rotationX": 2.0,
													"faces": {
														"north": { "texture": "#seraph", "uv": [ 40.5, 1.5, 41.0, 2.0 ] },
														"south": { "texture": "#seraph", "uv": [ 42.0, 1.5, 42.5, 2.0 ] },
														"west": { "texture": "#seraph", "uv": [ 41.0, 1.5, 42.0, 2.0 ] },
														"up": { "texture": "#seraph", "uv": [ 41.0, 1.0, 42.0, 1.5 ], "rotation": 90 },
														"down": { "texture": "#seraph", "uv": [ 41.0, 2.0, 42.0, 2.5 ], "rotation": 90 }
													}
												}
											]
										},
										{
											"name": "mouth",
											"from": [ -0.1, 0.65, 2.0 ],
											"to": [ 0.1, 0.95, 3.0 ],
											"unwrapMode": 4,
											"uv": [ 39.0, 0.5 ],
											"rotationOrigin": [ 0.9, 0.6, 3.0 ],
											"faces": {
												"north": { "texture": "#seraph", "uv": [ 39.0, 1.0, 39.5, 1.5 ] },
												"south": { "texture": "#seraph", "uv": [ 40.5, 1.0, 41.0, 1.5 ] },
												"west": { "texture": "#seraph", "uv": [ 39.5, 1.0, 40.5, 1.5 ] },
												"up": { "texture": "#seraph", "uv": [ 39.5, 0.5, 40.5, 1.0 ], "rotation": 90 },
												"down": { "texture": "#seraph", "uv": [ 39.5, 1.5, 40.5, 2.0 ], "rotation": 90 }
											},
											"children": [
												{
													"name": "mouth L",
													"from": [ 0.05, -0.01, -0.5 ],
													"to": [ 0.25, 0.29, 0.8 ],
													"unwrapMode": 4,
													"uv": [ 31.0, 1.0 ],
													"rotationOrigin": [ 1.0, 0.0, 0.5 ],
													"rotationX": 1.0,
													"faces": {
														"north": { "texture": "#seraph", "uv": [ 31.0, 1.5, 31.5, 2.0 ] },
														"south": { "texture": "#seraph", "uv": [ 32.5, 1.5, 33.0, 2.0 ] },
														"west": { "texture": "#seraph", "uv": [ 31.5, 1.5, 32.5, 2.0 ] },
														"up": { "texture": "#seraph", "uv": [ 31.5, 1.0, 32.5, 1.5 ], "rotation": 90 },
														"down": { "texture": "#seraph", "uv": [ 31.5, 2.0, 32.5, 2.5 ], "rotation": 90 }
													}
												},
												{
													"name": "mouth R",
													"from": [ 0.05, -0.01, 0.4 ],
													"to": [ 0.25, 0.29, 1.5 ],
													"unwrapMode": 4,
													"uv": [ 28.0, 0.0 ],
													"rotationOrigin": [ 1.1, 0.0, 0.4 ],
													"rotationX": -1.0,
													"faces": {
														"north": { "texture": "#seraph", "uv": [ 28.0, 0.5, 28.5, 1.0 ] },
														"south": { "texture": "#seraph", "uv": [ 29.5, 0.5, 30.0, 1.0 ] },
														"west": { "texture": "#seraph", "uv": [ 28.5, 0.5, 29.5, 1.0 ] },
														"up": { "texture": "#seraph", "uv": [ 28.5, 0.0, 29.5, 0.5 ], "rotation": 90 },
														"down": { "texture": "#seraph", "uv": [ 28.5, 1.0, 29.5, 1.5 ], "rotation": 90 }
													}
												}
											]
										},
										{
											"name": "eyelid r",
											"from": [ -0.05, 2.0, 0.9 ],
											"to": [ 0.01, 2.15, 2.25 ],
											"unwrapMode": 4,
											"uv": [ 32.5, 0.0 ],
											"rotationOrigin": [ -0.2, 2.4, 1.5 ],
											"rotationX": 180.0,
											"faces": {
												"north": { "texture": "#seraph", "uv": [ 32.5, 0.5, 33.0, 1.0 ] },
												"south": { "texture": "#seraph", "uv": [ 34.0, 0.5, 34.5, 1.0 ] },
												"west": { "texture": "#seraph", "uv": [ 33.0, 0.5, 34.0, 1.0 ] },
												"up": { "texture": "#seraph", "uv": [ 33.0, 0.0, 34.0, 0.5 ], "rotation": 90 },
												"down": { "texture": "#seraph", "uv": [ 33.0, 1.0, 34.0, 1.5 ], "rotation": 90 }
											}
										},
										{
											"name": "eyelid l",
											"from": [ -0.05, 2.0, 3.15 ],
											"to": [ 0.01, 2.15, 4.5 ],
											"unwrapMode": 4,
											"uv": [ 30.0, 0.0 ],
											"rotationOrigin": [ -0.2, 2.4, 3.7 ],
											"rotationX": 180.0,
											"faces": {
												"north": { "texture": "#seraph", "uv": [ 30.0, 0.5, 30.5, 1.0 ] },
												"south": { "texture": "#seraph", "uv": [ 31.5, 0.5, 32.0, 1.0 ] },
												"west": { "texture": "#seraph", "uv": [ 30.5, 0.5, 31.5, 1.0 ] },
												"up": { "texture": "#seraph", "uv": [ 30.5, 0.0, 31.5, 0.5 ], "rotation": 90 },
												"down": { "texture": "#seraph", "uv": [ 30.5, 1.0, 31.5, 1.5 ], "rotation": 90 }
											}
										}
									],
									"attachmentpoints": [
										{
											"code": "Eyes",
											"posX": "1.3","posY": "3.5","posZ": "2.5",
											"rotationX": "0.0","rotationY": "-90.0","rotationZ": "0.0"
										}
									]
								}
							]
						},
						{
							"name": "UpperButtons",
							"from": [ -0.1, 0.0, 2.3 ],
							"to": [ -0.1, 5.0, 3.9 ],
							"uv": [ 0.0, 0.0 ],
							"renderInEditor": false,
							"rotationOrigin": [ -0.1, 5.0, 2.8 ],
							"faces": {
								"west": { "texture": "#seraph", "uv": [ 0.0, 0.0, 1.5, 5.0 ] }
							}
						}
					],
					"attachmentpoints": [
						{
							"code": "Back",
							"posX": "5.0","posY": "3.0","posZ": "3.0",
							"rotationX": "0.0","rotationY": "0.0","rotationZ": "0.0"
						}
					]
				},
				{
					"name": "UpperFootL",
					"from": [ 0.4, -6.0, 3.0 ],
					"to": [ 4.6, 3.0, 6.2 ],
					"unwrapMode": 4,
					"uv": [ 16.0, 33.0 ],
					"rotationOrigin": [ 1.5, 0.5, 4.6 ],
					"rotationX": -3.0,
					"rotationZ": -5.0,
					"faces": {
						"north": { "texture": "#seraph", "uv": [ 16.0, 37.0, 20.0, 46.0 ] },
						"east": { "texture": "#seraph", "uv": [ 27.0, 37.0, 30.0, 46.0 ] },
						"south": { "texture": "#seraph", "uv": [ 23.0, 37.0, 27.0, 46.0 ] },
						"west": { "texture": "#seraph", "uv": [ 20.0, 37.0, 23.0, 46.0 ] },
						"up": { "texture": "#seraph", "uv": [ 20.0, 33.0, 23.0, 37.0 ], "rotation": 90 },
						"down": { "texture": "#seraph", "uv": [ 20.0, 46.0, 23.0, 50.0 ], "rotation": 90 }
					},
					"children": [
						{
							"name": "LowerFootL",
							"from": [ 0.1, -9.0, 0.1 ],
							"to": [ 4.1, 1.0, 3.1 ],
							"unwrapMode": 4,
							"uv": [ 16.0, 46.0 ],
							"rotationOrigin": [ 2.1, 0.5, 1.4 ],
							"rotationX": 2.0,
							"rotationZ": 2.0,
							"faces": {
								"north": { "texture": "#seraph", "uv": [ 16.0, 50.0, 20.0, 60.0 ] },
								"east": { "texture": "#seraph", "uv": [ 27.0, 50.0, 30.0, 60.0 ] },
								"south": { "texture": "#seraph", "uv": [ 23.0, 50.0, 27.0, 60.0 ] },
								"west": { "texture": "#seraph", "uv": [ 20.0, 50.0, 23.0, 60.0 ] },
								"up": { "texture": "#seraph", "uv": [ 20.0, 46.0, 23.0, 50.0 ], "rotation": 90 },
								"down": { "texture": "#seraph", "uv": [ 20.0, 60.0, 23.0, 64.0 ], "rotation": 90 }
							},
							"children": [
								{
									"name": "ButtonsR",
									"from": [ -0.1, 0.0, 0.7 ],
									"to": [ -0.1, 9.0, 2.3 ],
									"uv": [ 2.0, 11.0 ],
									"rotationOrigin": [ -0.1, 0.0, 1.5 ],
									"faces": {
										"west": { "texture": "#seraph", "uv": [ 2.0, 11.0, 3.5, 20.0 ] }
									}
								}
							]
						}
					]
				},
				{
					"name": "UpperFootR",
					"from": [ 0.4, -6.0, -0.2 ],
					"to": [ 4.6, 3.0, 3.0 ],
					"unwrapMode": 4,
					"autoUnwrap": false,
					"uv": [ 1.0, 29.0 ],
					"rotationOrigin": [ 1.5, 0.5, 1.4 ],
					"rotationX": 3.0,
					"rotationZ": -5.0,
					"faces": {
						"north": { "texture": "#seraph", "uv": [ 4.0, 37.0, 8.0, 46.0 ] },
						"east": { "texture": "#seraph", "uv": [ 1.0, 37.0, 4.0, 46.0 ] },
						"south": { "texture": "#seraph", "uv": [ 11.0, 37.0, 15.0, 46.0 ] },
						"west": { "texture": "#seraph", "uv": [ 8.0, 37.0, 11.0, 46.0 ] },
						"up": { "texture": "#seraph", "uv": [ 8.0, 33.0, 11.0, 37.0 ], "rotation": 90 },
						"down": { "texture": "#seraph", "uv": [ 8.0, 46.0, 11.0, 50.0 ], "rotation": 90 }
					},
					"children": [
						{
							"name": "LowerFootR",
							"from": [ 0.1, -9.0, 0.1 ],
							"to": [ 4.1, 1.0, 3.1 ],
							"unwrapMode": 4,
							"autoUnwrap": false,
							"uv": [ 1.0, 46.0 ],
							"rotationOrigin": [ 2.1, 0.5, 1.4 ],
							"rotationX": -2.0,
							"rotationZ": 2.0,
							"faces": {
								"north": { "texture": "#seraph", "uv": [ 4.0, 50.0, 8.0, 60.0 ] },
								"east": { "texture": "#seraph", "uv": [ 1.0, 50.0, 4.0, 60.0 ] },
								"south": { "texture": "#seraph", "uv": [ 11.0, 50.0, 15.0, 60.0 ] },
								"west": { "texture": "#seraph", "uv": [ 8.0, 50.0, 11.0, 60.0 ] },
								"up": { "texture": "#seraph", "uv": [ 8.0, 46.0, 11.0, 50.0 ], "rotation": 90 },
								"down": { "texture": "#seraph", "uv": [ 8.0, 60.0, 11.0, 64.0 ], "rotation": 90 }
							},
							"children": [
								{
									"name": "ButtonsL",
									"from": [ -0.1, 0.0, 0.7 ],
									"to": [ -0.1, 9.0, 2.3 ],
									"uv": [ 0.0, 11.0 ],
									"rotationOrigin": [ -0.1, 0.0, 1.5 ],
									"faces": {
										"west": { "texture": "#seraph", "uv": [ 0.0, 11.0, 1.5, 20.0 ] }
									}
								}
							]
						}
					]
				},
				{
					"name": "FrontShirtTile",
					"from": [ 0.0, -6.0, 0.0 ],
					"to": [ 1.0, 0.0, 6.0 ],
					"unwrapMode": 4,
					"uv": [ 45.0, 15.0 ],
					"rotationOrigin": [ 0.0, 0.0, 3.0 ],
					"rotationZ": -3.0,
					"faces": {
						"north": { "texture": "#seraph", "uv": [ 45.0, 15.0, 46.0, 21.0 ] },
						"south": { "texture": "#seraph", "uv": [ 52.0, 15.0, 53.0, 21.0 ] },
						"west": { "texture": "#seraph", "uv": [ 46.0, 15.0, 52.0, 21.0 ] }
					}
				},
				{
					"name": "BackShirtTile",
					"from": [ 4.0, -5.9, 0.0 ],
					"to": [ 5.0, 0.1, 6.0 ],
					"unwrapMode": 2,
					"uv": [ 56.0, 15.0 ],
					"rotationOrigin": [ 4.0, 0.1, 3.0 ],
					"rotationZ": -5.0,
					"faces": {
						"north": { "texture": "#seraph", "uv": [ 63.0, 15.0, 64.0, 21.0 ] },
						"east": { "texture": "#seraph", "uv": [ 57.0, 15.0, 63.0, 21.0 ] },
						"south": { "texture": "#seraph", "uv": [ 56.0, 15.0, 57.0, 21.0 ] }
					}
				},
				{
					"name": "LowerButtons",
					"from": [ -0.1, -1.5, 2.2 ],
					"to": [ -0.1, 4.5, 3.8 ],
					"uv": [ 2.0, 0.0 ],
					"renderInEditor": false,
					"rotationOrigin": [ -0.1, 4.0, 3.0 ],
					"faces": {
						"west": { "texture": "#seraph", "uv": [ 2.0, 0.0, 3.5, 6.0 ] }
					}
				}
			]
		}
	]}