{
	"editor": {
		"allAngles": true,
		"entityTextureMode": true
	},
	"textureWidth": 64,
	"textureHeight": 64,
	"textureSizes": {
		"medieval-cape": [64,64]
	},
	"textures": {
		"medieval-cape": "entity/humanoid/seraphclothes/shoulder/medieval-cape"
	},
	"elements": [
		{
			"name": "pecho",
			"stepParentName": "UpperTorso",
			"from": [ 0.5, 0.0, 0.1 ], 
			"to": [ 0.5, 0.0, 0.1 ], 
			"autoUnwrap": false,
			"uv": [ 0.0, 0.0 ],
			"faces": {
				"north": { "texture": "#brown-fur-coat", "uv": [ 3.25, 0.0, 5.75, 2.5 ], "autoUv": false },
				"east": { "texture": "#brown-fur-coat", "uv": [ 0.5, 0.5, 1.0, 1.0 ] },
				"south": { "texture": "#brown-fur-coat", "uv": [ 1.0, 0.5, 1.5, 1.0 ] },
				"west": { "texture": "#brown-fur-coat", "uv": [ 1.5, 0.5, 2.0, 1.0 ] },
				"up": { "texture": "#brown-fur-coat", "uv": [ 0.0, 0.0, 0.5, 0.5 ] },
				"down": { "texture": "#brown-fur-coat", "uv": [ 0.5, 0.0, 1.0, 0.5 ] }
			},
			"children": [
				{
					"name": "atras",
					"from": [ -0.5, 0.5, 0.0 ], 
					"to": [ -0.5, 0.5, 0.0 ], 
					"autoUnwrap": false,
					"uv": [ 0.0, 0.0 ],
					"rotationOrigin": [ 4.8, 4.95, 3.0 ],
					"rotationZ": 16.0,
					"faces": {
						"north": { "texture": "#brown-fur-coat", "uv": [ 0.0, 0.0, 0.5, 0.5 ], "enabled": false },
						"east": { "texture": "#brown-fur-coat", "uv": [ 0.0, 0.0, 0.5, 0.5 ], "enabled": false },
						"south": { "texture": "#brown-fur-coat", "uv": [ 0.0, 0.0, 0.5, 0.5 ], "enabled": false },
						"west": { "texture": "#brown-fur-coat", "uv": [ 0.0, 0.0, 0.5, 0.5 ], "enabled": false },
						"up": { "texture": "#brown-fur-coat", "uv": [ 0.0, 0.0, 0.5, 0.5 ], "enabled": false },
						"down": { "texture": "#brown-fur-coat", "uv": [ 0.0, 0.0, 0.5, 0.5 ], "enabled": false }
					},
					"children": [
						{
							"name": "cube1",
							"from": [ 5.3, 0.5, 0.0 ], 
							"to": [ 5.3, 4.5, 6.0 ], 
							"autoUnwrap": false,
							"uv": [ 0.0, 0.0 ],
							"rotationOrigin": [ 5.3, 4.25, 3.0 ],
							"faces": {
								"north": { "texture": "#brown-fur-coat", "uv": [ 0.0, 0.0, 0.0, 0.0 ], "enabled": false, "autoUv": false },
								"east": { "texture": "#medieval-cape", "uv": [ 26.0, 27.5, 32.0, 31.5 ], "windMode": [1,0,0,1] },
								"south": { "texture": "#brown-fur-coat", "uv": [ 0.0, 0.0, 0.0, 0.0 ], "enabled": false, "autoUv": false },
								"west": { "texture": "#brown-fur-coat", "uv": [ 0.0, 0.0, 0.0, 0.0 ], "enabled": false, "autoUv": false },
								"up": { "texture": "#brown-fur-coat", "uv": [ 0.0, 0.0, 0.0, 0.0 ], "enabled": false, "autoUv": false },
								"down": { "texture": "#brown-fur-coat", "uv": [ 0.0, 0.0, 0.0, 0.0 ], "enabled": false, "autoUv": false }
							}
						}
					]
				},
				{
					"name": "cube0",
					"from": [ -0.8, -11.0, -0.4 ], 
					"to": [ 3.5, 5.2, 6.4 ], 
					"autoUnwrap": false,
					"uv": [ 0.0, 0.0 ],
					"rotationOrigin": [ 8.2, 0.0, 7.8 ],
					"faces": {
						"north": { "texture": "#medieval-cape", "uv": [ 42.0, 5.0, 46.0, 21.0 ], "autoUv": false },
						"east": { "texture": "#medieval-cape", "uv": [ 57.0, 5.0, 63.0, 21.0 ], "enabled": false, "autoUv": false, "windMode": [-1,-1,-1,-1] },
						"south": { "texture": "#medieval-cape", "uv": [ 52.0, 5.0, 56.0, 21.0 ], "autoUv": false, "windMode": [-1,-1,-1,-1] },
						"west": { "texture": "#medieval-cape", "uv": [ 46.0, 5.0, 52.0, 21.0 ], "autoUv": false, "windMode": [-1,-1,-1,-1] },
						"up": { "texture": "#medieval-cape", "uv": [ 46.0, 1.0, 52.0, 5.0 ], "rotation": 90, "autoUv": false, "windMode": [-1,-1,-1,-1] },
						"down": { "texture": "#medieval-cape", "uv": [ 34.0, 5.0, 40.0, 10.0 ], "rotation": 90, "autoUv": false, "windMode": [-1,-1,-1,-1] }
					}
				},
				{
					"name": "cube12",
					"from": [ 3.5, 0.0, -0.4 ], 
					"to": [ 4.8, 5.2, 6.4 ], 
					"autoUnwrap": false,
					"uv": [ 0.0, 0.0 ],
					"rotationOrigin": [ 12.5, 11.0, 7.8 ],
					"faces": {
						"north": { "texture": "#medieval-cape", "uv": [ 41.0, 5.0, 42.0, 10.0 ], "autoUv": false, "windMode": [-1,-1,-1,-1] },
						"east": { "texture": "#medieval-cape", "uv": [ 57.0, 5.0, 63.0, 10.0 ], "autoUv": false, "windMode": [-1,-1,-1,-1] },
						"south": { "texture": "#medieval-cape", "uv": [ 56.0, 5.0, 57.0, 10.0 ], "autoUv": false, "windMode": [-1,-1,-1,-1] },
						"west": { "texture": "#medieval-cape", "uv": [ 46.0, 5.0, 52.0, 21.0 ], "enabled": false, "autoUv": false, "windMode": [-1,-1,-1,-1] },
						"up": { "texture": "#medieval-cape", "uv": [ 46.0, 0.0, 52.0, 1.0 ], "rotation": 90, "autoUv": false, "windMode": [-1,-1,-1,-1] },
						"down": { "texture": "#medieval-cape", "uv": [ 34.0, 5.0, 40.0, 10.0 ], "rotation": 90, "autoUv": false }
					}
				},
				{
					"name": "cube14",
					"from": [ 3.5, -5.0, -0.4 ], 
					"to": [ 4.8, 0.0, 6.4 ], 
					"autoUnwrap": false,
					"uv": [ 0.0, 0.0 ],
					"rotationOrigin": [ 3.5, 0.0, 2.9 ],
					"rotationZ": 10.0,
					"faces": {
						"north": { "texture": "#medieval-cape", "uv": [ 41.0, 10.0, 42.0, 15.0 ], "autoUv": false },
						"east": { "texture": "#medieval-cape", "uv": [ 57.0, 10.0, 63.0, 15.0 ], "autoUv": false, "windMode": [-1,-1,-1,-1] },
						"south": { "texture": "#medieval-cape", "uv": [ 56.0, 10.0, 57.0, 15.0 ], "autoUv": false, "windMode": [-1,-1,-1,-1] },
						"west": { "texture": "#medieval-cape", "uv": [ 46.0, 5.0, 52.0, 21.0 ], "enabled": false, "autoUv": false },
						"up": { "texture": "#medieval-cape", "uv": [ 46.0, 0.0, 52.0, 1.0 ], "rotation": 90, "autoUv": false },
						"down": { "texture": "#medieval-cape", "uv": [ 34.0, 5.0, 40.0, 10.0 ], "rotation": 90, "autoUv": false }
					},
					"children": [
						{
							"name": "Cube1",
							"from": [ -3.5, 4.8, 0.4 ], 
							"to": [ -3.5, 4.8, 0.4 ], 
							"uv": [ 0.0, 0.0 ],
							"rotationOrigin": [ 1.3, 0.0, 3.4 ],
							"rotationZ": 5.0,
							"faces": {
								"north": { "texture": "#medieval-cape", "uv": [ 0.0, 0.5, 0.5, 1.0 ], "enabled": false },
								"east": { "texture": "#medieval-cape", "uv": [ 0.5, 0.5, 1.0, 1.0 ], "enabled": false },
								"south": { "texture": "#medieval-cape", "uv": [ 1.0, 0.5, 1.5, 1.0 ], "enabled": false },
								"west": { "texture": "#medieval-cape", "uv": [ 1.5, 0.5, 2.0, 1.0 ], "enabled": false },
								"up": { "texture": "#medieval-cape", "uv": [ 0.0, 0.0, 0.5, 0.5 ], "enabled": false },
								"down": { "texture": "#medieval-cape", "uv": [ 0.5, 0.0, 1.0, 0.5 ], "enabled": false }
							},
							"children": [
								{
									"name": "cube13",
									"from": [ 3.5, -11.0, -0.4 ], 
									"to": [ 4.8, -4.8, 6.4 ], 
									"autoUnwrap": false,
									"uv": [ 0.0, 0.0 ],
									"rotationOrigin": [ 12.5, 0.0, 7.8 ],
									"faces": {
										"north": { "texture": "#medieval-cape", "uv": [ 41.0, 15.0, 42.0, 21.0 ], "autoUv": false, "windMode": [1,0,0,1] },
										"east": { "texture": "#medieval-cape", "uv": [ 57.0, 15.0, 63.0, 21.0 ], "autoUv": false, "windMode": [1,0,0,1] },
										"south": { "texture": "#medieval-cape", "uv": [ 56.0, 15.0, 57.0, 21.0 ], "autoUv": false, "windMode": [1,1,0,0] },
										"west": { "texture": "#medieval-cape", "uv": [ 46.0, 5.0, 52.0, 21.0 ], "enabled": false, "autoUv": false, "windMode": [1,1,0,0] },
										"up": { "texture": "#medieval-cape", "uv": [ 46.0, 0.0, 52.0, 1.0 ], "rotation": 90, "enabled": false, "autoUv": false, "windMode": [0,0,0,0] },
										"down": { "texture": "#medieval-cape", "uv": [ 34.0, 5.0, 40.0, 10.0 ], "rotation": 90, "autoUv": false, "windMode": [1,1,1,1] }
									}
								}
							]
						}
					]
				}
			]
		},
		{
			"name": "brazoleft",
			"stepParentName": "UpperArmL",
			"from": [ -6.5, 2.0, -7.0 ], 
			"to": [ -6.5, 2.0, -7.0 ], 
			"uv": [ 0.0, 0.0 ],
			"rotationOrigin": [ 0.0, 2.0, 0.0 ],
			"faces": {
				"north": { "texture": "#brown-fur-coat", "uv": [ 0.0, 0.0, 0.0, 0.0 ], "enabled": false },
				"east": { "texture": "#brown-fur-coat", "uv": [ 0.0, 0.0, 0.0, 0.0 ], "enabled": false },
				"south": { "texture": "#brown-fur-coat", "uv": [ 0.0, 0.0, 0.0, 0.0 ], "enabled": false },
				"west": { "texture": "#brown-fur-coat", "uv": [ 0.0, 0.0, 0.0, 0.0 ], "enabled": false },
				"up": { "texture": "#brown-fur-coat", "uv": [ 0.0, 0.0, 0.0, 0.0 ], "enabled": false },
				"down": { "texture": "#brown-fur-coat", "uv": [ 0.0, 0.0, 0.0, 0.0 ], "enabled": false }
			},
			"children": [
				{
					"name": "cube81",
					"from": [ 6.3, -2.1, 6.8 ], 
					"to": [ 9.7, 5.1, 9.2 ], 
					"autoUnwrap": false,
					"uv": [ 2.75, 0.0 ],
					"rotationOrigin": [ 6.5, -2.1, 7.0 ],
					"faces": {
						"north": { "texture": "#medieval-cape", "uv": [ 47.0, 41.5, 50.0, 48.5 ] },
						"east": { "texture": "#medieval-cape", "uv": [ 50.0, 41.5, 52.0, 48.5 ], "windMode": [-1,-1,-1,-1] },
						"south": { "texture": "#medieval-cape", "uv": [ 42.0, 41.5, 45.0, 48.5 ], "windMode": [-1,-1,-1,-1] },
						"west": { "texture": "#medieval-cape", "uv": [ 45.0, 41.5, 47.0, 48.5 ], "windMode": [-1,-1,-1,-1] },
						"up": { "texture": "#medieval-cape", "uv": [ 45.0, 38.5, 47.0, 41.5 ], "rotation": 90, "windMode": [-1,-1,-1,-1] },
						"down": { "texture": "#medieval-cape", "uv": [ 45.0, 48.5, 47.0, 51.5 ], "rotation": 90, "windMode": [-1,-1,-1,-1] }
					}
				},
				{
					"name": "cube43",
					"from": [ 6.1, 0.0, 6.7 ], 
					"to": [ 9.9, 5.3, 9.5 ], 
					"autoUnwrap": false,
					"uv": [ 2.75, 0.0 ],
					"rotationOrigin": [ 6.3, 0.0, 6.9 ],
					"faces": {
						"north": { "texture": "#medieval-cape", "uv": [ 42.0, 42.0, 45.0, 47.0 ], "autoUv": false, "windMode": [1,0,0,1] },
						"east": { "texture": "#medieval-cape", "uv": [ 50.0, 42.0, 52.0, 47.0 ], "autoUv": false, "windMode": [1,0,0,1] },
						"south": { "texture": "#medieval-cape", "uv": [ 47.0, 42.0, 50.0, 47.0 ], "autoUv": false, "windMode": [1,1,0,0] },
						"west": { "texture": "#medieval-cape", "uv": [ 45.0, 42.0, 47.0, 47.0 ], "autoUv": false, "windMode": [1,1,0,0] },
						"up": { "texture": "#medieval-cape", "uv": [ 42.0, 41.5, 44.5, 45.0 ], "rotation": 90, "windMode": [0,0,0,0] },
						"down": { "texture": "#medieval-cape", "uv": [ 52.0, 2.5, 55.5, 5.0 ], "windMode": [1,1,1,1] }
					}
				}
			]
		},
		{
			"name": "brazoright",
			"stepParentName": "UpperArmR",
			"from": [ -6.5, 2.0, -7.0 ], 
			"to": [ -6.5, 2.0, -7.0 ], 
			"uv": [ 0.0, 0.0 ],
			"rotationOrigin": [ 0.0, 2.0, 0.0 ],
			"faces": {
				"north": { "texture": "#brown-fur-coat", "uv": [ 0.0, 0.0, 0.0, 0.0 ], "enabled": false },
				"east": { "texture": "#brown-fur-coat", "uv": [ 0.0, 0.0, 0.0, 0.0 ], "enabled": false },
				"south": { "texture": "#brown-fur-coat", "uv": [ 0.0, 0.0, 0.0, 0.0 ], "enabled": false },
				"west": { "texture": "#brown-fur-coat", "uv": [ 0.0, 0.0, 0.0, 0.0 ], "enabled": false },
				"up": { "texture": "#brown-fur-coat", "uv": [ 0.0, 0.0, 0.0, 0.0 ], "enabled": false },
				"down": { "texture": "#brown-fur-coat", "uv": [ 0.0, 0.0, 0.0, 0.0 ], "enabled": false }
			},
			"children": [
				{
					"name": "cube8",
					"from": [ 6.3, -2.1, 6.8 ], 
					"to": [ 9.7, 5.1, 9.2 ], 
					"autoUnwrap": false,
					"uv": [ 2.75, 0.0 ],
					"rotationOrigin": [ 6.5, -2.1, 7.0 ],
					"faces": {
						"north": { "texture": "#medieval-cape", "uv": [ 33.0, 41.5, 36.0, 48.5 ] },
						"east": { "texture": "#medieval-cape", "uv": [ 31.0, 41.5, 33.0, 48.5 ], "windMode": [-1,-1,-1,-1] },
						"south": { "texture": "#medieval-cape", "uv": [ 38.0, 41.5, 41.0, 48.5 ], "windMode": [-1,-1,-1,-1] },
						"west": { "texture": "#medieval-cape", "uv": [ 36.0, 41.5, 38.0, 48.5 ], "windMode": [-1,-1,-1,-1] },
						"up": { "texture": "#medieval-cape", "uv": [ 36.0, 38.5, 38.0, 41.5 ], "rotation": 90, "windMode": [-1,-1,-1,-1] },
						"down": { "texture": "#medieval-cape", "uv": [ 36.0, 48.5, 38.0, 51.5 ], "rotation": 90, "autoUv": false, "windMode": [-1,-1,-1,-1] }
					}
				},
				{
					"name": "cube44",
					"from": [ 6.1, 0.0, 6.5 ], 
					"to": [ 9.9, 5.3, 9.3 ], 
					"autoUnwrap": false,
					"uv": [ 2.75, 0.0 ],
					"rotationOrigin": [ 6.3, 0.0, 6.7 ],
					"faces": {
						"north": { "texture": "#medieval-cape", "uv": [ 33.0, 42.0, 36.0, 47.0 ], "autoUv": false, "windMode": [1,0,0,1] },
						"east": { "texture": "#medieval-cape", "uv": [ 31.0, 42.0, 33.0, 47.0 ], "autoUv": false, "windMode": [1,0,0,1] },
						"south": { "texture": "#medieval-cape", "uv": [ 38.0, 42.0, 41.0, 47.0 ], "autoUv": false, "windMode": [1,1,0,0] },
						"west": { "texture": "#medieval-cape", "uv": [ 36.0, 42.0, 38.0, 47.0 ], "autoUv": false, "windMode": [1,1,0,0] },
						"up": { "texture": "#medieval-cape", "uv": [ 38.5, 41.5, 41.0, 45.0 ], "rotation": 90, "windMode": [0,0,0,0] },
						"down": { "texture": "#medieval-cape", "uv": [ 52.0, 0.0, 55.5, 2.5 ], "windMode": [1,1,1,1] }
					}
				}
			]
		}
	]}