{
  "genes": {
    "autosomal": [
      // Full Coat color effects
      { "agouti": [ "agouti", "self" ] },
      { "brown": [ "black", "chocolate" ] },
      { "albino": [ "full", "siamese", "chinchilla", "albino" ] },
      { "blue": [ "full", "blue" ] }
      // TODO: Pattern effects
      // { "irish": [ "full", "hooded", "irish", "notch", "extreme", "whiteside", "down" ] },
      // { "dalmation": [ "full", "dalmation" ] },
      // TODO: Physical changes ?
      // { "size": ["normal", "large", "small"] },
      // { "dumbo": ["normal, "dumbo"] },
      // { "tailless": ["normal", "tailless"] }
    ]
  },
  "interpreters": [ "Polygenes", "Rat" ],
  "sexdetermination": "xy",
  "initializers": {
    "agouti": {
      "autosomal": {
        "agouti": {
          "default": "agouti",
          "self": 0.2
        }
      }
    },
    "black": {
      "autosomal": {
        "agouti": {
          "default": "self",
          "agouti": 0.1
        },
        "brown": {
          "default": "black",
          "chocolate": 0.1
        }
      }
    },
    "albino": {
      "autosomal": {
        "albino": {
          "default": "albino",
          "full":  0.4
        }
      }
    }
  }
}