{
	"editor": {
		"allAngles": true,
		"entityTextureMode": false
	},
	"textureWidth": 16,
	"textureHeight": 16,
	"textureSizes": {
		"chain-l": [16,16],
		"chain-r": [16,16]
	},
	"textures": {
		"chain-l": "entity/humanoid/seraphclothes/foot/chain-l",
		"chain-r": "entity/humanoid/seraphclothes/foot/chain-r"
	},
	"elements": [
		{
			"name": "shoe R",
			"stepParentName": "LowerFootR",
			"from": [ -0.1, -0.1, -0.1 ],
			"to": [ 4.1, 4.4, 3.1 ],
			"rotationOrigin": [ -0.1, -0.1, -0.1 ],
			"faces": {
				"north": { "texture": "#chain-r", "uv": [ 3.0, 11.5, 7.0, 16.0 ], "windMode": [-1,-1,-1,-1] },
				"east": { "texture": "#chain-r", "uv": [ 0.0, 11.5, 3.0, 16.0 ], "windMode": [-1,-1,-1,-1] },
				"south": { "texture": "#chain-r", "uv": [ 10.0, 11.5, 14.0, 16.0 ], "windMode": [-1,-1,-1,-1] },
				"west": { "texture": "#chain-r", "uv": [ 7.0, 11.5, 10.0, 16.0 ], "windMode": [-1,-1,-1,-1] },
				"up": { "texture": "#chain-r", "uv": [ 4.0, 0.0, 7.0, 4.0 ], "rotation": 90 },
				"down": { "texture": "#chain-r", "uv": [ 0.0, 0.0, 3.0, 4.0 ], "rotation": 90 }
			},
			"children": [
				{
					"name": "N fold 13",
					"from": [ 0.0, 3.0, 3.2 ],
					"to": [ 1.0, 4.5, 3.4 ],
					"rotationOrigin": [ 0.4, 4.5, 3.2 ],
					"rotationX": -4.0,
					"faces": {
						"north": { "texture": "#chain-r", "uv": [ 10.0, 11.5, 11.0, 13.0 ] },
						"east": { "texture": "#chain-r", "uv": [ 10.5, 11.5, 11.0, 13.0 ] },
						"south": { "texture": "#chain-r", "uv": [ 10.0, 11.5, 11.0, 13.0 ] },
						"west": { "texture": "#chain-r", "uv": [ 10.0, 11.5, 10.5, 13.0 ] },
						"up": { "texture": "#chain-r", "uv": [ 10.0, 11.5, 11.0, 12.0 ], "rotation": 180 },
						"down": { "texture": "#chain-r", "uv": [ 10.0, 12.5, 11.0, 13.0 ] }
					}
				},
				{
					"name": "Cube2",
					"from": [ -0.5, 0.0, 0.0 ],
					"to": [ 0.0, 1.5, 3.2 ],
					"rotationOrigin": [ -0.5, 0.0, 0.0 ],
					"faces": {
						"north": { "texture": "#chain-r", "uv": [ 10.0, 14.5, 10.5, 16.0 ] },
						"east": { "texture": "#chain-r", "uv": [ 7.0, 14.5, 10.0, 16.0 ] },
						"south": { "texture": "#chain-r", "uv": [ 6.5, 14.5, 7.0, 16.0 ] },
						"west": { "texture": "#chain-r", "uv": [ 7.0, 14.5, 10.0, 16.0 ] },
						"up": { "texture": "#chain-r", "uv": [ 7.0, 14.5, 10.0, 15.0 ], "rotation": 270 },
						"down": { "texture": "#chain-r", "uv": [ 0.0, 1.0, 3.0, 1.5 ], "rotation": 90 }
					}
				},
				{
					"name": "Cube3",
					"from": [ -0.5, 1.5, 0.5 ],
					"to": [ 0.0, 2.0, 2.7 ],
					"rotationOrigin": [ -0.5, 1.5, 0.5 ],
					"faces": {
						"north": { "texture": "#chain-r", "uv": [ 7.5, 14.0, 8.0, 14.5 ] },
						"east": { "texture": "#chain-r", "uv": [ 7.5, 14.0, 9.5, 14.5 ] },
						"south": { "texture": "#chain-r", "uv": [ 9.0, 14.0, 9.5, 14.5 ] },
						"west": { "texture": "#chain-r", "uv": [ 7.5, 14.0, 9.5, 14.5 ] },
						"up": { "texture": "#chain-r", "uv": [ 7.5, 14.0, 9.5, 14.5 ], "rotation": 90 },
						"down": { "texture": "#chain-r", "uv": [ 0.0, 0.0, 2.0, 0.5 ], "rotation": 270 }
					}
				},
				{
					"name": "FootArmorR",
					"from": [ 0.0, 0.0, 0.0 ],
					"to": [ 1.0, 1.0, 1.0 ],
					"faces": {
					},
					"children": [
						{
							"name": "N fold 1",
							"from": [ 1.0, 3.0, -0.2 ],
							"to": [ 4.2, 4.5, 0.0 ],
							"rotationOrigin": [ 1.4, 4.4, 0.0 ],
							"rotationX": 8.0,
							"faces": {
								"north": { "texture": "#chain-r", "uv": [ 3.0, 11.5, 6.0, 13.0 ] },
								"east": { "texture": "#chain-r", "uv": [ 3.0, 11.5, 3.5, 13.0 ], "windMode": [-1,-1,-1,-1] },
								"south": { "texture": "#chain-r", "uv": [ 3.0, 11.5, 6.0, 13.0 ], "windMode": [-1,-1,-1,-1] },
								"west": { "texture": "#chain-r", "uv": [ 5.5, 11.5, 6.0, 13.0 ], "windMode": [-1,-1,-1,-1] },
								"up": { "texture": "#chain-r", "uv": [ 3.0, 11.5, 6.0, 12.0 ], "rotation": 180, "windMode": [-1,-1,-1,-1] },
								"down": { "texture": "#chain-r", "uv": [ 3.0, 12.5, 6.0, 13.0 ], "windMode": [-1,-1,-1,-1] }
							}
						},
						{
							"name": "back fold 1",
							"from": [ 4.2, 2.9, 0.0 ],
							"to": [ 4.4, 4.4, 3.2 ],
							"rotationOrigin": [ 4.2, 4.4, 0.0 ],
							"rotationZ": 8.0,
							"faces": {
								"north": { "texture": "#chain-r", "uv": [ 2.5, 11.5, 3.0, 13.0 ] },
								"east": { "texture": "#chain-r", "uv": [ 0.0, 11.5, 3.0, 13.0 ], "windMode": [-1,-1,-1,-1] },
								"south": { "texture": "#chain-r", "uv": [ 0.0, 11.5, 0.5, 13.0 ], "windMode": [-1,-1,-1,-1] },
								"west": { "texture": "#chain-r", "uv": [ 0.0, 11.5, 3.0, 13.0 ], "windMode": [-1,-1,-1,-1] },
								"up": { "texture": "#chain-r", "uv": [ 0.0, 11.5, 3.0, 12.0 ], "rotation": 270, "windMode": [-1,-1,-1,-1] },
								"down": { "texture": "#chain-r", "uv": [ 0.0, 12.5, 3.0, 13.0 ], "rotation": 90, "windMode": [-1,-1,-1,-1] }
							}
						},
						{
							"name": "front fold 1",
							"from": [ -0.2, 3.0, 0.0 ],
							"to": [ 0.0, 4.5, 3.2 ],
							"rotationOrigin": [ 0.0, 4.5, 0.5 ],
							"rotationZ": -8.0,
							"faces": {
								"north": { "texture": "#chain-r", "uv": [ 7.0, 11.5, 7.5, 13.0 ] },
								"east": { "texture": "#chain-r", "uv": [ 7.0, 11.5, 10.0, 13.0 ], "windMode": [-1,-1,-1,-1] },
								"south": { "texture": "#chain-r", "uv": [ 9.5, 11.5, 10.0, 13.0 ], "windMode": [-1,-1,-1,-1] },
								"west": { "texture": "#chain-r", "uv": [ 7.0, 11.5, 10.0, 13.0 ], "windMode": [-1,-1,-1,-1] },
								"up": { "texture": "#chain-r", "uv": [ 7.0, 11.5, 10.0, 12.0 ], "rotation": 90, "windMode": [-1,-1,-1,-1] },
								"down": { "texture": "#chain-r", "uv": [ 7.0, 12.5, 10.0, 13.0 ], "rotation": 90 }
							}
						},
						{
							"name": "N fold 11",
							"from": [ 0.0, 3.0, -0.2 ],
							"to": [ 1.0, 4.5, 0.0 ],
							"rotationOrigin": [ 0.4, 4.5, 0.0 ],
							"rotationX": 4.0,
							"faces": {
								"north": { "texture": "#chain-r", "uv": [ 6.0, 11.5, 7.0, 13.0 ] },
								"east": { "texture": "#chain-r", "uv": [ 6.0, 11.0, 6.5, 12.5 ] },
								"south": { "texture": "#chain-r", "uv": [ 6.0, 11.5, 7.0, 13.0 ] },
								"west": { "texture": "#chain-r", "uv": [ 6.5, 11.5, 7.0, 13.0 ] },
								"up": { "texture": "#chain-r", "uv": [ 6.0, 11.5, 7.0, 12.0 ], "rotation": 180 },
								"down": { "texture": "#chain-r", "uv": [ 6.0, 12.5, 7.0, 13.0 ] }
							}
						},
						{
							"name": "N fold 12",
							"from": [ 1.0, 3.0, 3.2 ],
							"to": [ 4.2, 4.5, 3.4 ],
							"rotationOrigin": [ 1.4, 4.5, 3.2 ],
							"rotationX": -8.0,
							"faces": {
								"north": { "texture": "#chain-r", "uv": [ 11.0, 11.5, 14.0, 13.0 ] },
								"east": { "texture": "#chain-r", "uv": [ 13.5, 11.5, 14.0, 13.0 ] },
								"south": { "texture": "#chain-r", "uv": [ 11.0, 11.5, 14.0, 13.0 ] },
								"west": { "texture": "#chain-r", "uv": [ 10.0, 11.5, 10.5, 13.0 ] },
								"up": { "texture": "#chain-r", "uv": [ 11.0, 11.5, 14.0, 12.0 ], "rotation": 180 },
								"down": { "texture": "#chain-r", "uv": [ 11.0, 12.5, 14.0, 13.0 ] }
							}
						}
					]
				}
			]
		},
		{
			"name": "shoe L",
			"stepParentName": "LowerFootL",
			"from": [ -0.1, -0.1, -0.1 ],
			"to": [ 4.1, 4.4, 3.1 ],
			"rotationOrigin": [ -0.1, -0.1, -0.1 ],
			"faces": {
				"north": { "texture": "#chain-l", "uv": [ 0.0, 11.5, 4.0, 16.0 ] },
				"east": { "texture": "#chain-l", "uv": [ 11.0, 11.5, 14.0, 16.0 ], "windMode": [-1,-1,-1,-1] },
				"south": { "texture": "#chain-l", "uv": [ 7.0, 11.5, 11.0, 16.0 ], "windMode": [-1,-1,-1,-1] },
				"west": { "texture": "#chain-l", "uv": [ 4.0, 11.5, 7.0, 16.0 ], "windMode": [-1,-1,-1,-1] },
				"up": { "texture": "#chain-l", "uv": [ 4.0, 0.0, 7.0, 4.0 ], "rotation": 90, "windMode": [-1,-1,-1,-1] },
				"down": { "texture": "#chain-l", "uv": [ 0.0, 0.0, 3.0, 4.0 ], "rotation": 90 }
			},
			"children": [
				{
					"name": "Cube4",
					"from": [ -0.5, 0.0, 0.0 ],
					"to": [ 0.0, 1.5, 3.2 ],
					"rotationOrigin": [ -0.5, 0.0, 0.0 ],
					"faces": {
						"north": { "texture": "#chain-l", "uv": [ 6.5, 14.5, 7.0, 16.0 ] },
						"east": { "texture": "#chain-l", "uv": [ 4.0, 14.5, 7.0, 16.0 ] },
						"south": { "texture": "#chain-l", "uv": [ 4.0, 14.5, 4.5, 16.0 ] },
						"west": { "texture": "#chain-l", "uv": [ 4.0, 14.5, 7.0, 16.0 ] },
						"up": { "texture": "#chain-l", "uv": [ 4.0, 14.5, 7.0, 15.0 ], "rotation": 270 },
						"down": { "texture": "#chain-l", "uv": [ 0.0, 1.0, 3.0, 1.5 ], "rotation": 90 }
					}
				},
				{
					"name": "Cube5",
					"from": [ -0.5, 1.5, 0.5 ],
					"to": [ 0.0, 2.0, 2.7 ],
					"rotationOrigin": [ -0.5, 1.5, 0.5 ],
					"faces": {
						"north": { "texture": "#chain-l", "uv": [ 4.5, 14.0, 5.0, 14.5 ] },
						"east": { "texture": "#chain-l", "uv": [ 4.5, 14.0, 6.5, 14.5 ] },
						"south": { "texture": "#chain-l", "uv": [ 6.0, 14.0, 6.5, 14.5 ] },
						"west": { "texture": "#chain-l", "uv": [ 4.5, 14.0, 6.5, 14.5 ] },
						"up": { "texture": "#chain-l", "uv": [ 4.5, 14.0, 6.5, 14.5 ], "rotation": 90 },
						"down": { "texture": "#chain-l", "uv": [ 0.0, 0.0, 2.0, 0.5 ], "rotation": 270 }
					}
				},
				{
					"name": "FootArmorL",
					"from": [ 0.0, 0.0, 0.0 ],
					"to": [ 1.0, 1.0, 1.0 ],
					"faces": {
					},
					"children": [
						{
							"name": "N fold 10",
							"from": [ 1.0, 3.0, -0.2 ],
							"to": [ 4.2, 4.5, 0.0 ],
							"rotationOrigin": [ 1.4, 4.4, 0.0 ],
							"rotationX": 8.0,
							"faces": {
								"north": { "texture": "#chain-l", "uv": [ 0.0, 11.5, 3.0, 13.0 ] },
								"east": { "texture": "#chain-l", "uv": [ 0.0, 11.5, 0.5, 13.0 ] },
								"south": { "texture": "#chain-l", "uv": [ 0.0, 11.5, 3.0, 13.0 ] },
								"west": { "texture": "#chain-l", "uv": [ 2.5, 11.5, 3.0, 13.0 ] },
								"up": { "texture": "#chain-l", "uv": [ 0.0, 11.5, 3.0, 12.0 ], "rotation": 180 },
								"down": { "texture": "#chain-l", "uv": [ 0.0, 12.5, 3.0, 13.0 ] }
							}
						},
						{
							"name": "back fold 12",
							"from": [ 4.2, 3.0, 0.0 ],
							"to": [ 4.4, 4.5, 3.2 ],
							"rotationOrigin": [ 4.2, 4.5, 0.0 ],
							"rotationZ": 8.0,
							"faces": {
								"north": { "texture": "#chain-l", "uv": [ 13.5, 11.5, 14.0, 13.0 ] },
								"east": { "texture": "#chain-l", "uv": [ 11.0, 11.5, 14.0, 13.0 ] },
								"south": { "texture": "#chain-l", "uv": [ 11.0, 11.5, 11.5, 13.0 ] },
								"west": { "texture": "#chain-l", "uv": [ 11.0, 11.5, 14.0, 13.0 ] },
								"up": { "texture": "#chain-l", "uv": [ 11.0, 11.5, 14.0, 12.0 ], "rotation": 270 },
								"down": { "texture": "#chain-l", "uv": [ 11.0, 12.5, 14.0, 13.0 ], "rotation": 90 }
							}
						},
						{
							"name": "front fold 13",
							"from": [ -0.2, 3.0, 0.0 ],
							"to": [ 0.0, 4.5, 3.2 ],
							"rotationOrigin": [ 0.0, 4.0, 0.5 ],
							"rotationZ": -8.0,
							"faces": {
								"north": { "texture": "#chain-l", "uv": [ 4.0, 11.5, 4.5, 13.0 ] },
								"east": { "texture": "#chain-l", "uv": [ 4.0, 11.5, 7.0, 13.0 ] },
								"south": { "texture": "#chain-l", "uv": [ 6.5, 11.5, 7.0, 13.0 ] },
								"west": { "texture": "#chain-l", "uv": [ 4.0, 11.5, 7.0, 13.0 ] },
								"up": { "texture": "#chain-l", "uv": [ 4.0, 11.5, 7.0, 12.0 ], "rotation": 90 },
								"down": { "texture": "#chain-l", "uv": [ 4.0, 12.5, 7.0, 13.0 ], "rotation": 90 }
							}
						},
						{
							"name": "N fold 15",
							"from": [ 1.0, 3.0, 3.2 ],
							"to": [ 4.2, 4.5, 3.4 ],
							"rotationOrigin": [ 1.4, 4.0, 3.2 ],
							"rotationX": -8.0,
							"faces": {
								"north": { "texture": "#chain-l", "uv": [ 8.0, 11.5, 11.0, 13.0 ] },
								"east": { "texture": "#chain-l", "uv": [ 10.5, 11.5, 11.0, 13.0 ] },
								"south": { "texture": "#chain-l", "uv": [ 8.5, 11.5, 11.5, 13.0 ] },
								"west": { "texture": "#chain-l", "uv": [ 8.0, 11.5, 8.5, 13.0 ] },
								"up": { "texture": "#chain-l", "uv": [ 8.0, 11.5, 11.0, 12.0 ], "rotation": 180 },
								"down": { "texture": "#chain-l", "uv": [ 8.0, 12.5, 11.0, 13.0 ] }
							}
						},
						{
							"name": "N fold 16",
							"from": [ 0.0, 3.0, 3.2 ],
							"to": [ 1.0, 4.5, 3.4 ],
							"rotationOrigin": [ 0.4, 4.0, 3.2 ],
							"rotationX": -4.0,
							"faces": {
								"north": { "texture": "#chain-l", "uv": [ 7.0, 11.5, 8.0, 13.0 ] },
								"east": { "texture": "#chain-l", "uv": [ 7.5, 11.5, 8.0, 13.0 ] },
								"south": { "texture": "#chain-l", "uv": [ 7.0, 11.5, 8.0, 13.0 ] },
								"west": { "texture": "#chain-l", "uv": [ 7.0, 11.5, 7.5, 13.0 ] },
								"up": { "texture": "#chain-l", "uv": [ 7.0, 11.5, 8.0, 12.0 ], "rotation": 180 },
								"down": { "texture": "#chain-l", "uv": [ 7.0, 12.5, 8.0, 13.0 ] }
							}
						},
						{
							"name": "N fold 17",
							"from": [ 0.0, 3.0, -0.2 ],
							"to": [ 1.0, 4.5, 0.0 ],
							"rotationOrigin": [ 0.4, 4.0, 0.0 ],
							"rotationX": 4.0,
							"faces": {
								"north": { "texture": "#chain-l", "uv": [ 3.0, 11.5, 4.0, 13.0 ] },
								"east": { "texture": "#chain-l", "uv": [ 3.0, 11.5, 3.5, 13.0 ] },
								"south": { "texture": "#chain-l", "uv": [ 3.0, 11.5, 4.0, 13.0 ] },
								"west": { "texture": "#chain-l", "uv": [ 3.5, 11.5, 4.0, 13.0 ] },
								"up": { "texture": "#chain-l", "uv": [ 3.0, 11.5, 4.0, 12.0 ], "rotation": 180 },
								"down": { "texture": "#chain-l", "uv": [ 3.0, 12.5, 4.0, 13.0 ] }
							}
						}
					]
				}
			]
		}
	]}