{
	"editor": {
		"allAngles": true,
		"entityTextureMode": false
	},
	"textureWidth": 16,
	"textureHeight": 16,
	"textureSizes": {
		"medieval-high-boots-l": [16,16],
		"medieval-high-boots-r": [16,16],
		"iron-leather-p": [16,16]
	},
	"textures": {
		"iron-leather-p": "item/tool/sword/iron-leather-p",
		"medieval-high-boots-l": "entity/humanoid/seraphclothes/foot/medieval-high-boots-black-l",
		"medieval-high-boots-r": "entity/humanoid/seraphclothes/foot/medieval-high-boots-black-r"
	},
	"elements": [
		{
			"name": "shoe R",
			"stepParentName": "LowerFootR",
			"from": [ -0.1, -0.1, -0.1 ],
			"to": [ 4.1, 4.9, 3.1 ],
			"rotationOrigin": [ -0.1, -0.1, -0.1 ],
			"faces": {
				"north": { "texture": "#medieval-high-boots-r", "uv": [ 3.0, 11.0, 7.0, 16.0 ], "windMode": [-1,-1,-1,-1] },
				"east": { "texture": "#medieval-high-boots-r", "uv": [ 0.0, 11.0, 3.0, 16.0 ], "windMode": [-1,-1,-1,-1] },
				"south": { "texture": "#medieval-high-boots-r", "uv": [ 10.0, 11.0, 14.0, 16.0 ], "windMode": [-1,-1,-1,-1] },
				"west": { "texture": "#medieval-high-boots-r", "uv": [ 7.0, 11.0, 10.0, 16.0 ], "windMode": [-1,-1,-1,-1] },
				"up": { "texture": "#medieval-high-boots-r", "uv": [ 4.0, 0.0, 7.0, 4.0 ], "rotation": 90 },
				"down": { "texture": "#medieval-high-boots-r", "uv": [ 0.0, 0.0, 3.0, 4.0 ], "rotation": 90 }
			},
			"children": [
				{
					"name": "Cube27",
					"from": [ 1.0, 1.8, -0.6 ],
					"to": [ 2.2, 5.3, 0.0 ],
					"rotationOrigin": [ 1.7, 4.8, -0.6 ],
					"rotationZ": 20.0,
					"faces": {
						"north": { "texture": "#medieval-high-boots-r", "uv": [ 11.5, 0.0, 12.5, 3.5 ] },
						"east": { "texture": "#medieval-high-boots-r", "uv": [ 11.5, 0.0, 12.0, 3.5 ] },
						"south": { "texture": "#medieval-high-boots-r", "uv": [ 11.5, 0.0, 12.5, 3.5 ] },
						"west": { "texture": "#medieval-high-boots-r", "uv": [ 12.5, 0.0, 13.0, 3.5 ] },
						"up": { "texture": "#medieval-high-boots-r", "uv": [ 11.5, 0.5, 12.5, 1.0 ] },
						"down": { "texture": "#medieval-high-boots-r", "uv": [ 11.5, 0.0, 12.5, 0.5 ] }
					},
					"children": [
						{
							"name": "Cube122",
							"from": [ -4.59, 3.11, -5.48 ],
							"to": [ -4.59, 3.11, -5.48 ],
							"rotationOrigin": [ 1.17, 3.212, 0.28 ],
							"rotationX": 180.0,
							"rotationZ": 90.0,
							"faces": {
								"north": { "texture": "#iron-leather-p", "uv": [ 0.0, 0.0, 0.5, 0.5 ] },
								"east": { "texture": "#iron-leather-p", "uv": [ 0.0, 0.0, 0.5, 0.5 ] },
								"south": { "texture": "#iron-leather-p", "uv": [ 0.0, 0.0, 0.5, 0.5 ] },
								"west": { "texture": "#iron-leather-p", "uv": [ 0.0, 0.0, 0.5, 0.5 ] },
								"up": { "texture": "#iron-leather-p", "uv": [ 0.0, 0.0, 0.5, 0.5 ] },
								"down": { "texture": "#iron-leather-p", "uv": [ 0.0, 0.0, 0.5, 0.5 ] }
							},
							"children": [
								{
									"name": "handle",
									"from": [ 7.56, 0.36, 5.328 ],
									"to": [ 10.08, 1.08, 5.904 ],
									"rotationOrigin": [ 6.48, 0.0, 5.688 ],
									"rotationX": -180.0,
									"rotationZ": -180.0,
									"faces": {
										"north": { "texture": "#iron-leather-p", "uv": [ 1.5, 11.0, 6.0, 12.5 ], "autoUv": false },
										"east": { "texture": "#iron-leather-p", "uv": [ 1.5, 11.0, 2.0, 11.5 ] },
										"south": { "texture": "#iron-leather-p", "uv": [ 1.5, 11.0, 6.0, 12.5 ], "autoUv": false },
										"west": { "texture": "#iron-leather-p", "uv": [ 3.0, 11.5, 3.5, 12.0 ] },
										"up": { "texture": "#iron-leather-p", "uv": [ 1.5, 11.0, 6.0, 12.0 ], "autoUv": false },
										"down": { "texture": "#iron-leather-p", "uv": [ 1.5, 13.0, 6.0, 14.0 ], "autoUv": false }
									}
								},
								{
									"name": "metal5",
									"from": [ 5.256, 0.0, 6.552 ],
									"to": [ 5.616, 1.44, 6.984 ],
									"rotationOrigin": [ 5.4, 0.864, 6.264 ],
									"rotationX": 180.0,
									"rotationZ": 180.0,
									"faces": {
										"north": { "texture": "#iron-leather-p", "uv": [ 1.5, 10.0, 3.5, 11.0 ], "rotation": 90, "autoUv": false },
										"east": { "texture": "#iron-leather-p", "uv": [ 7.0, 14.0, 9.1, 14.9 ], "rotation": 90, "autoUv": false },
										"south": { "texture": "#iron-leather-p", "uv": [ 9.5, 10.0, 11.5, 11.0 ], "rotation": 90, "autoUv": false },
										"west": { "texture": "#iron-leather-p", "uv": [ 2.0, 10.0, 4.0, 11.0 ], "rotation": 90, "autoUv": false },
										"up": { "texture": "#iron-leather-p", "uv": [ 3.0, 10.0, 3.5, 10.5 ], "autoUv": false, "windMode": [-1,-1,-1,-1] },
										"down": { "texture": "#iron-leather-p", "uv": [ 2.0, 10.0, 2.5, 10.5 ] }
									}
								},
								{
									"name": "metal8",
									"from": [ 2.52, 0.216, 6.66 ],
									"to": [ 2.88, 1.08, 7.164 ],
									"rotationOrigin": [ 2.88, 1.08, 6.336 ],
									"rotationX": 180.0,
									"rotationZ": -165.0,
									"faces": {
										"north": { "texture": "#iron-leather-p", "uv": [ 3.0, 10.5, 4.5, 11.0 ], "rotation": 90, "autoUv": false },
										"east": { "texture": "#iron-leather-p", "uv": [ 7.5, 10.0, 9.0, 11.0 ], "rotation": 90, "autoUv": false },
										"south": { "texture": "#iron-leather-p", "uv": [ 3.5, 10.5, 5.0, 11.0 ], "rotation": 90, "autoUv": false },
										"west": { "texture": "#iron-leather-p", "uv": [ 2.0, 10.0, 3.5, 11.0 ], "rotation": 90, "autoUv": false },
										"up": { "texture": "#iron-leather-p", "uv": [ 3.0, 10.0, 4.5, 10.5 ], "autoUv": false },
										"down": { "texture": "#iron-leather-p", "uv": [ 2.0, 10.0, 3.5, 10.5 ], "autoUv": false }
									}
								},
								{
									"name": "metal9",
									"from": [ 0.936, 0.396, 6.408 ],
									"to": [ 3.096, 1.116, 6.552 ],
									"rotationOrigin": [ 3.096, 0.648, 6.12 ],
									"rotationX": 180.0,
									"rotationZ": 180.0,
									"faces": {
										"north": { "texture": "#iron-leather-p", "uv": [ 1.5, 9.0, 5.5, 9.5 ], "autoUv": false },
										"east": { "texture": "#iron-leather-p", "uv": [ 1.0, 10.0, 1.5, 10.5 ] },
										"south": { "texture": "#iron-leather-p", "uv": [ 1.5, 9.5, 5.5, 10.0 ], "autoUv": false },
										"west": { "texture": "#iron-leather-p", "uv": [ 2.5, 10.0, 3.0, 10.5 ] },
										"up": { "texture": "#iron-leather-p", "uv": [ 1.5, 9.5, 5.5, 10.0 ], "autoUv": false, "windMode": [-1,-1,-1,-1] },
										"down": { "texture": "#iron-leather-p", "uv": [ 2.0, 9.5, 6.0, 10.0 ], "autoUv": false }
									}
								},
								{
									"name": "handle10",
									"from": [ 3.168, 0.288, 5.4 ],
									"to": [ 3.384, 1.188, 6.12 ],
									"rotationOrigin": [ 3.276, 0.72, 5.76 ],
									"rotationX": 180.0,
									"rotationZ": 160.0,
									"faces": {
										"north": { "texture": "#iron-leather-p", "uv": [ 14.5, 14.5, 16.0, 15.0 ], "rotation": 90, "autoUv": false },
										"east": { "texture": "#iron-leather-p", "uv": [ 14.5, 14.5, 16.0, 16.0 ], "autoUv": false },
										"south": { "texture": "#iron-leather-p", "uv": [ 14.5, 14.5, 16.0, 15.0 ], "rotation": 90, "autoUv": false },
										"west": { "texture": "#iron-leather-p", "uv": [ 14.5, 14.5, 16.0, 16.0 ], "autoUv": false },
										"up": { "texture": "#iron-leather-p", "uv": [ 14.5, 14.5, 16.0, 15.0 ], "rotation": 90, "autoUv": false },
										"down": { "texture": "#iron-leather-p", "uv": [ 14.5, 14.5, 16.0, 15.0 ], "rotation": 90, "autoUv": false }
									}
								},
								{
									"name": "handle11",
									"from": [ 3.168, 0.288, 5.4072 ],
									"to": [ 3.384, 1.188, 6.1272 ],
									"rotationOrigin": [ 3.276, 0.72, 5.76 ],
									"rotationX": -180.0,
									"rotationZ": -160.0,
									"faces": {
										"north": { "texture": "#iron-leather-p", "uv": [ 14.5, 14.5, 16.0, 15.0 ], "rotation": 90, "autoUv": false },
										"east": { "texture": "#iron-leather-p", "uv": [ 14.5, 14.5, 16.0, 16.0 ], "autoUv": false },
										"south": { "texture": "#iron-leather-p", "uv": [ 14.5, 14.5, 16.0, 15.0 ], "rotation": 90, "autoUv": false },
										"west": { "texture": "#iron-leather-p", "uv": [ 14.5, 14.5, 16.0, 16.0 ], "autoUv": false },
										"up": { "texture": "#iron-leather-p", "uv": [ 14.5, 14.5, 16.0, 15.0 ], "rotation": 90, "autoUv": false },
										"down": { "texture": "#iron-leather-p", "uv": [ 14.5, 14.5, 16.0, 15.0 ], "rotation": 90, "autoUv": false }
									}
								},
								{
									"name": "handle12",
									"from": [ 4.824, 0.288, 5.4072 ],
									"to": [ 5.04, 1.188, 6.1272 ],
									"rotationOrigin": [ 4.932, 0.72, 5.76 ],
									"rotationX": -180.0,
									"rotationZ": -160.0,
									"faces": {
										"north": { "texture": "#iron-leather-p", "uv": [ 14.5, 14.5, 16.0, 15.0 ], "rotation": 90, "autoUv": false },
										"east": { "texture": "#iron-leather-p", "uv": [ 14.5, 14.5, 16.0, 16.0 ], "autoUv": false },
										"south": { "texture": "#iron-leather-p", "uv": [ 14.5, 14.5, 16.0, 15.0 ], "rotation": 90, "autoUv": false },
										"west": { "texture": "#iron-leather-p", "uv": [ 14.5, 14.5, 16.0, 16.0 ], "autoUv": false },
										"up": { "texture": "#iron-leather-p", "uv": [ 14.5, 14.5, 16.0, 15.0 ], "rotation": 90, "autoUv": false },
										"down": { "texture": "#iron-leather-p", "uv": [ 14.5, 14.5, 16.0, 15.0 ], "rotation": 90, "autoUv": false }
									}
								},
								{
									"name": "handle13",
									"from": [ 4.824, 0.288, 5.4 ],
									"to": [ 5.04, 1.188, 6.12 ],
									"rotationOrigin": [ 4.932, 0.72, 5.76 ],
									"rotationX": 180.0,
									"rotationZ": 160.0,
									"faces": {
										"north": { "texture": "#iron-leather-p", "uv": [ 14.5, 14.5, 16.0, 15.0 ], "rotation": 90, "autoUv": false },
										"east": { "texture": "#iron-leather-p", "uv": [ 14.5, 14.5, 16.0, 16.0 ], "autoUv": false },
										"south": { "texture": "#iron-leather-p", "uv": [ 14.5, 14.5, 16.0, 15.0 ], "rotation": 90, "autoUv": false },
										"west": { "texture": "#iron-leather-p", "uv": [ 14.5, 14.5, 16.0, 16.0 ], "autoUv": false },
										"up": { "texture": "#iron-leather-p", "uv": [ 14.5, 14.5, 16.0, 15.0 ], "rotation": 90, "autoUv": false },
										"down": { "texture": "#iron-leather-p", "uv": [ 14.5, 14.5, 16.0, 15.0 ], "rotation": 90, "autoUv": false }
									}
								}
							]
						}
					]
				},
				{
					"name": "Cube4",
					"from": [ -0.5, 0.0, 0.0 ],
					"to": [ 0.0, 1.5, 3.2 ],
					"rotationOrigin": [ -0.5, 0.0, 0.0 ],
					"faces": {
						"north": { "texture": "#medieval-high-boots-r", "uv": [ 10.0, 14.5, 10.5, 16.0 ] },
						"east": { "texture": "#medieval-high-boots-r", "uv": [ 7.0, 14.5, 10.0, 16.0 ] },
						"south": { "texture": "#medieval-high-boots-r", "uv": [ 6.5, 14.5, 7.0, 16.0 ] },
						"west": { "texture": "#medieval-high-boots-r", "uv": [ 7.0, 14.5, 10.0, 16.0 ] },
						"up": { "texture": "#medieval-high-boots-r", "uv": [ 7.0, 14.5, 10.0, 15.0 ], "rotation": 90 },
						"down": { "texture": "#medieval-high-boots-r", "uv": [ 0.0, 0.0, 0.5, 3.0 ] }
					}
				},
				{
					"name": "Cube5",
					"from": [ -0.5, 1.5, 0.5 ],
					"to": [ 0.0, 2.0, 2.7 ],
					"rotationOrigin": [ -0.5, 1.5, 0.5 ],
					"faces": {
						"north": { "texture": "#medieval-high-boots-r", "uv": [ 10.0, 14.5, 10.5, 15.0 ] },
						"east": { "texture": "#medieval-high-boots-r", "uv": [ 7.5, 14.0, 9.5, 14.5 ] },
						"south": { "texture": "#medieval-high-boots-r", "uv": [ 6.5, 14.5, 7.0, 15.0 ] },
						"west": { "texture": "#medieval-high-boots-r", "uv": [ 7.5, 14.0, 9.5, 14.5 ] },
						"up": { "texture": "#medieval-high-boots-r", "uv": [ 7.5, 14.0, 9.5, 14.5 ], "rotation": 90 },
						"down": { "texture": "#medieval-high-boots-r", "uv": [ 0.0, 0.0, 0.5, 2.0 ] }
					}
				},
				{
					"name": "FootArmorR",
					"from": [ 0.0, 0.0, 0.0 ],
					"to": [ 1.0, 1.0, 1.0 ],
					"faces": {
					},
					"children": [
						{
							"name": "Cube22",
							"from": [ -0.2, 3.7, 0.4 ],
							"to": [ 0.3, 4.0, 2.4 ],
							"rotationOrigin": [ -0.2, 3.9, 1.4 ],
							"rotationX": -16.0,
							"faces": {
								"north": { "texture": "#medieval-high-boots-r", "uv": [ 0.0, 4.0, 0.5, 4.5 ] },
								"east": { "texture": "#medieval-high-boots-r", "uv": [ 0.0, 4.5, 2.0, 5.0 ] },
								"south": { "texture": "#medieval-high-boots-r", "uv": [ 0.0, 4.0, 0.5, 4.5 ] },
								"west": { "texture": "#medieval-high-boots-r", "uv": [ 0.0, 4.0, 2.0, 4.5 ] },
								"up": { "texture": "#medieval-high-boots-r", "uv": [ 0.0, 4.0, 2.0, 4.5 ], "rotation": 90 },
								"down": { "texture": "#medieval-high-boots-r", "uv": [ 0.0, 4.0, 2.0, 4.5 ], "rotation": 90 }
							}
						},
						{
							"name": "Cube21",
							"from": [ -0.1, 3.7, 0.4 ],
							"to": [ 0.4, 4.0, 2.4 ],
							"rotationOrigin": [ -0.1, 3.9, 1.4 ],
							"rotationX": 16.0,
							"faces": {
								"north": { "texture": "#medieval-high-boots-r", "uv": [ 0.0, 4.0, 0.5, 4.5 ] },
								"east": { "texture": "#medieval-high-boots-r", "uv": [ 0.0, 4.5, 2.0, 5.0 ] },
								"south": { "texture": "#medieval-high-boots-r", "uv": [ 0.0, 4.0, 0.5, 4.5 ] },
								"west": { "texture": "#medieval-high-boots-r", "uv": [ 0.0, 4.0, 2.0, 4.5 ] },
								"up": { "texture": "#medieval-high-boots-r", "uv": [ 0.0, 4.0, 2.0, 4.5 ], "rotation": 90 },
								"down": { "texture": "#medieval-high-boots-r", "uv": [ 0.0, 4.0, 2.0, 4.5 ], "rotation": 90 }
							}
						},
						{
							"name": "Cube20",
							"from": [ -0.2, 4.6, 0.4 ],
							"to": [ 0.3, 4.9, 2.4 ],
							"rotationOrigin": [ -0.2, 4.8, 1.4 ],
							"rotationX": -16.0,
							"faces": {
								"north": { "texture": "#medieval-high-boots-r", "uv": [ 0.0, 4.0, 0.5, 4.5 ] },
								"east": { "texture": "#medieval-high-boots-r", "uv": [ 0.0, 4.5, 2.0, 5.0 ] },
								"south": { "texture": "#medieval-high-boots-r", "uv": [ 0.0, 4.0, 0.5, 4.5 ] },
								"west": { "texture": "#medieval-high-boots-r", "uv": [ 0.0, 4.0, 2.0, 4.5 ] },
								"up": { "texture": "#medieval-high-boots-r", "uv": [ 0.0, 4.0, 2.0, 4.5 ], "rotation": 90 },
								"down": { "texture": "#medieval-high-boots-r", "uv": [ 0.0, 4.0, 2.0, 4.5 ], "rotation": 90 }
							}
						},
						{
							"name": "Cube1",
							"from": [ -0.1, 4.6, 0.4 ],
							"to": [ 0.4, 4.9, 2.4 ],
							"rotationOrigin": [ -0.1, 4.8, 1.4 ],
							"rotationX": 16.0,
							"faces": {
								"north": { "texture": "#medieval-high-boots-r", "uv": [ 0.0, 4.0, 0.5, 4.5 ] },
								"east": { "texture": "#medieval-high-boots-r", "uv": [ 0.0, 4.5, 2.0, 5.0 ] },
								"south": { "texture": "#medieval-high-boots-r", "uv": [ 0.0, 4.0, 0.5, 4.5 ] },
								"west": { "texture": "#medieval-high-boots-r", "uv": [ 0.0, 4.0, 2.0, 4.5 ] },
								"up": { "texture": "#medieval-high-boots-r", "uv": [ 0.0, 4.0, 2.0, 4.5 ], "rotation": 90, "windMode": [-1,-1,-1,-1] },
								"down": { "texture": "#medieval-high-boots-r", "uv": [ 0.0, 4.0, 2.0, 4.5 ], "rotation": 90, "windMode": [-1,-1,-1,-1] }
							}
						},
						{
							"name": "back fold 14",
							"from": [ 4.1, 5.0, 0.0 ],
							"to": [ 4.1, 7.5, 3.2 ],
							"rotationOrigin": [ 4.1, 5.0, 0.0 ],
							"rotationZ": -8.0,
							"faces": {
								"east": { "texture": "#medieval-high-boots-r", "uv": [ 0.0, 8.5, 3.0, 11.0 ] }
							}
						},
						{
							"name": "front fold 13",
							"from": [ 0.0, 5.0, 0.0 ],
							"to": [ 0.0, 7.5, 3.2 ],
							"rotationOrigin": [ 0.2, 5.0, 0.0 ],
							"rotationZ": 8.0,
							"faces": {
								"west": { "texture": "#medieval-high-boots-r", "uv": [ 7.0, 8.5, 10.0, 11.0 ] }
							}
						},
						{
							"name": "S fold 12",
							"from": [ 0.0, 5.0, 3.1 ],
							"to": [ 4.2, 7.5, 3.1 ],
							"rotationOrigin": [ 0.0, 5.0, 3.1 ],
							"rotationX": 8.0,
							"faces": {
								"south": { "texture": "#medieval-high-boots-r", "uv": [ 10.0, 8.5, 14.0, 11.0 ] }
							}
						},
						{
							"name": "N fold 11",
							"from": [ 0.0, 5.0, 0.1 ],
							"to": [ 4.2, 7.5, 0.1 ],
							"rotationOrigin": [ 0.0, 5.0, 0.1 ],
							"rotationX": -8.0,
							"faces": {
								"north": { "texture": "#medieval-high-boots-r", "uv": [ 3.0, 8.5, 7.0, 11.0 ] }
							}
						},
						{
							"name": "front fold 1",
							"from": [ 0.0, 5.0, 0.0 ],
							"to": [ 0.2, 6.0, 3.2 ],
							"rotationOrigin": [ 0.2, 5.0, 0.0 ],
							"rotationZ": 18.0,
							"faces": {
								"north": { "texture": "#medieval-high-boots-r", "uv": [ 7.0, 10.0, 7.5, 11.0 ] },
								"east": { "texture": "#medieval-high-boots-r", "uv": [ 7.5, 10.0, 10.5, 11.0 ], "windMode": [-1,-1,-1,-1] },
								"south": { "texture": "#medieval-high-boots-r", "uv": [ 10.0, 10.0, 10.5, 11.0 ], "windMode": [-1,-1,-1,-1] },
								"west": { "texture": "#medieval-high-boots-r", "uv": [ 7.0, 10.0, 10.0, 11.0 ], "windMode": [-1,-1,-1,-1] },
								"up": { "texture": "#medieval-high-boots-r", "uv": [ 7.0, 10.0, 10.0, 10.5 ], "rotation": 90, "windMode": [-1,-1,-1,-1] },
								"down": { "texture": "#medieval-high-boots-r", "uv": [ 0.0, 0.0, 0.5, 3.0 ] }
							}
						},
						{
							"name": "back fold 1",
							"from": [ 4.0, 5.0, 0.0 ],
							"to": [ 4.2, 6.0, 3.2 ],
							"rotationOrigin": [ 4.0, 5.0, 0.0 ],
							"rotationZ": -18.0,
							"faces": {
								"north": { "texture": "#medieval-high-boots-r", "uv": [ 2.5, 10.0, 3.0, 11.0 ] },
								"east": { "texture": "#medieval-high-boots-r", "uv": [ 0.0, 10.0, 3.0, 11.0 ], "windMode": [-1,-1,-1,-1] },
								"south": { "texture": "#medieval-high-boots-r", "uv": [ 0.0, 10.0, 0.5, 11.0 ], "windMode": [-1,-1,-1,-1] },
								"west": { "texture": "#medieval-high-boots-r", "uv": [ 7.5, 10.0, 10.5, 11.0 ], "windMode": [-1,-1,-1,-1] },
								"up": { "texture": "#medieval-high-boots-r", "uv": [ 0.0, 10.0, 3.0, 10.5 ], "rotation": 270, "windMode": [-1,-1,-1,-1] },
								"down": { "texture": "#medieval-high-boots-r", "uv": [ 0.0, 0.0, 0.5, 3.0 ], "autoUv": false, "windMode": [-1,-1,-1,-1] }
							}
						},
						{
							"name": "S fold 1",
							"from": [ 0.0, 5.0, 3.0 ],
							"to": [ 4.2, 6.0, 3.2 ],
							"rotationOrigin": [ 0.0, 5.0, 3.0 ],
							"rotationX": 18.0,
							"faces": {
								"north": { "texture": "#medieval-high-boots-r", "uv": [ 9.5, 11.0, 13.5, 12.0 ] },
								"east": { "texture": "#medieval-high-boots-r", "uv": [ 13.5, 10.0, 14.0, 11.0 ], "windMode": [-1,-1,-1,-1] },
								"south": { "texture": "#medieval-high-boots-r", "uv": [ 10.0, 10.0, 14.0, 11.0 ], "windMode": [-1,-1,-1,-1] },
								"west": { "texture": "#medieval-high-boots-r", "uv": [ 10.0, 10.0, 10.5, 11.0 ], "windMode": [-1,-1,-1,-1] },
								"up": { "texture": "#medieval-high-boots-r", "uv": [ 10.0, 10.0, 14.0, 10.5 ], "windMode": [-1,-1,-1,-1] },
								"down": { "texture": "#medieval-high-boots-r", "uv": [ 0.0, 10.5, 4.0, 11.0 ], "windMode": [-1,-1,-1,-1] }
							}
						},
						{
							"name": "N fold 1",
							"from": [ 0.0, 5.0, 0.0 ],
							"to": [ 4.2, 6.0, 0.2 ],
							"rotationOrigin": [ 0.0, 5.0, 0.2 ],
							"rotationX": -18.0,
							"faces": {
								"north": { "texture": "#medieval-high-boots-r", "uv": [ 3.0, 10.0, 7.0, 11.0 ] },
								"east": { "texture": "#medieval-high-boots-r", "uv": [ 3.0, 10.0, 3.5, 11.0 ], "windMode": [-1,-1,-1,-1] },
								"south": { "texture": "#medieval-high-boots-r", "uv": [ 9.5, 11.0, 13.5, 12.0 ], "autoUv": false, "windMode": [-1,-1,-1,-1] },
								"west": { "texture": "#medieval-high-boots-r", "uv": [ 6.5, 10.0, 7.0, 11.0 ], "windMode": [-1,-1,-1,-1] },
								"up": { "texture": "#medieval-high-boots-r", "uv": [ 3.0, 9.5, 7.0, 10.0 ], "rotation": 180, "windMode": [-1,-1,-1,-1] },
								"down": { "texture": "#medieval-high-boots-r", "uv": [ 4.5, 10.5, 8.5, 11.0 ], "windMode": [-1,-1,-1,-1] }
							}
						}
					]
				}
			]
		},
		{
			"name": "shoe L",
			"stepParentName": "LowerFootL",
			"from": [ -0.1, -0.1, -0.1 ],
			"to": [ 4.1, 4.9, 3.1 ],
			"rotationOrigin": [ -0.1, -0.1, -0.1 ],
			"faces": {
				"north": { "texture": "#medieval-high-boots-l", "uv": [ 0.0, 11.0, 4.0, 16.0 ] },
				"east": { "texture": "#medieval-high-boots-l", "uv": [ 11.0, 11.0, 14.0, 16.0 ], "windMode": [-1,-1,-1,-1] },
				"south": { "texture": "#medieval-high-boots-l", "uv": [ 7.0, 11.0, 11.0, 16.0 ], "windMode": [-1,-1,-1,-1] },
				"west": { "texture": "#medieval-high-boots-l", "uv": [ 4.0, 11.0, 7.0, 16.0 ], "windMode": [-1,-1,-1,-1] },
				"up": { "texture": "#medieval-high-boots-l", "uv": [ 4.0, 0.0, 7.0, 4.0 ], "rotation": 90, "windMode": [-1,-1,-1,-1] },
				"down": { "texture": "#medieval-high-boots-l", "uv": [ 0.0, 0.0, 3.0, 4.0 ], "rotation": 90 }
			},
			"children": [
				{
					"name": "Cube2",
					"from": [ -0.5, 0.0, 0.0 ],
					"to": [ 0.0, 1.5, 3.2 ],
					"rotationOrigin": [ -0.5, 0.0, 0.0 ],
					"faces": {
						"north": { "texture": "#medieval-high-boots-l", "uv": [ 7.5, 14.5, 8.0, 16.0 ] },
						"east": { "texture": "#medieval-high-boots-l", "uv": [ 4.0, 14.5, 7.0, 16.0 ] },
						"south": { "texture": "#medieval-high-boots-l", "uv": [ 3.5, 14.5, 4.0, 16.0 ] },
						"west": { "texture": "#medieval-high-boots-l", "uv": [ 4.0, 14.5, 7.0, 16.0 ] },
						"up": { "texture": "#medieval-high-boots-l", "uv": [ 4.0, 14.5, 7.0, 15.0 ], "rotation": 90 },
						"down": { "texture": "#medieval-high-boots-l", "uv": [ 0.0, 0.0, 0.5, 3.0 ] }
					}
				},
				{
					"name": "Cube3",
					"from": [ -0.5, 1.5, 0.5 ],
					"to": [ 0.0, 2.0, 2.7 ],
					"rotationOrigin": [ -0.5, 1.5, 0.5 ],
					"faces": {
						"north": { "texture": "#medieval-high-boots-l", "uv": [ 7.5, 14.5, 8.0, 15.0 ] },
						"east": { "texture": "#medieval-high-boots-l", "uv": [ 4.5, 14.0, 6.5, 14.5 ] },
						"south": { "texture": "#medieval-high-boots-l", "uv": [ 3.5, 14.5, 4.0, 15.0 ] },
						"west": { "texture": "#medieval-high-boots-l", "uv": [ 4.5, 14.0, 6.5, 14.5 ] },
						"up": { "texture": "#medieval-high-boots-l", "uv": [ 4.5, 14.0, 6.5, 14.5 ], "rotation": 90 },
						"down": { "texture": "#medieval-high-boots-l", "uv": [ 0.0, 0.0, 0.5, 2.0 ] }
					}
				},
				{
					"name": "FootArmorL",
					"from": [ 0.0, 0.0, 0.0 ],
					"to": [ 1.0, 1.0, 1.0 ],
					"faces": {
					},
					"children": [
						{
							"name": "Cube26",
							"from": [ -0.3, 3.7, 0.8 ],
							"to": [ 0.2, 4.0, 2.8 ],
							"rotationOrigin": [ -0.3, 3.8, 1.8 ],
							"rotationX": 16.0,
							"faces": {
								"north": { "texture": "#medieval-high-boots-l", "uv": [ 0.0, 4.0, 0.5, 4.5 ] },
								"east": { "texture": "#medieval-high-boots-l", "uv": [ 0.0, 4.0, 2.0, 4.5 ] },
								"south": { "texture": "#medieval-high-boots-l", "uv": [ 0.0, 4.0, 0.5, 4.5 ] },
								"west": { "texture": "#medieval-high-boots-l", "uv": [ 0.0, 4.0, 2.0, 4.5 ] },
								"up": { "texture": "#medieval-high-boots-l", "uv": [ 0.0, 4.5, 2.0, 5.0 ], "rotation": 90 },
								"down": { "texture": "#medieval-high-boots-l", "uv": [ 0.0, 4.5, 2.0, 5.0 ], "rotation": 90 }
							}
						},
						{
							"name": "Cube25",
							"from": [ -0.2, 3.7, 0.8 ],
							"to": [ 0.3, 4.0, 2.8 ],
							"rotationOrigin": [ -0.2, 3.8, 1.8 ],
							"rotationX": -16.0,
							"faces": {
								"north": { "texture": "#medieval-high-boots-l", "uv": [ 0.0, 4.0, 0.5, 4.5 ] },
								"east": { "texture": "#medieval-high-boots-l", "uv": [ 0.0, 4.0, 2.0, 4.5 ] },
								"south": { "texture": "#medieval-high-boots-l", "uv": [ 0.0, 4.0, 0.5, 4.5 ] },
								"west": { "texture": "#medieval-high-boots-l", "uv": [ 0.0, 4.0, 2.0, 4.5 ] },
								"up": { "texture": "#medieval-high-boots-l", "uv": [ 0.0, 4.5, 2.0, 5.0 ], "rotation": 90 },
								"down": { "texture": "#medieval-high-boots-l", "uv": [ 0.0, 4.5, 2.0, 5.0 ], "rotation": 90 }
							}
						},
						{
							"name": "Cube24",
							"from": [ -0.3, 4.6, 0.8 ],
							"to": [ 0.2, 4.9, 2.8 ],
							"rotationOrigin": [ -0.3, 4.7, 1.8 ],
							"rotationX": 16.0,
							"faces": {
								"north": { "texture": "#medieval-high-boots-l", "uv": [ 0.0, 4.0, 0.5, 4.5 ] },
								"east": { "texture": "#medieval-high-boots-l", "uv": [ 0.0, 4.0, 2.0, 4.5 ] },
								"south": { "texture": "#medieval-high-boots-l", "uv": [ 0.0, 4.0, 0.5, 4.5 ] },
								"west": { "texture": "#medieval-high-boots-l", "uv": [ 0.0, 4.0, 2.0, 4.5 ] },
								"up": { "texture": "#medieval-high-boots-l", "uv": [ 0.0, 4.5, 2.0, 5.0 ], "rotation": 90 },
								"down": { "texture": "#medieval-high-boots-l", "uv": [ 0.0, 4.5, 2.0, 5.0 ], "rotation": 90 }
							}
						},
						{
							"name": "Cube23",
							"from": [ -0.2, 4.6, 0.8 ],
							"to": [ 0.3, 4.9, 2.8 ],
							"rotationOrigin": [ -0.2, 4.7, 1.8 ],
							"rotationX": -16.0,
							"faces": {
								"north": { "texture": "#medieval-high-boots-l", "uv": [ 0.0, 4.0, 0.5, 4.5 ] },
								"east": { "texture": "#medieval-high-boots-l", "uv": [ 0.0, 4.0, 2.0, 4.5 ] },
								"south": { "texture": "#medieval-high-boots-l", "uv": [ 0.0, 4.0, 0.5, 4.5 ] },
								"west": { "texture": "#medieval-high-boots-l", "uv": [ 0.0, 4.0, 2.0, 4.5 ] },
								"up": { "texture": "#medieval-high-boots-l", "uv": [ 0.0, 4.5, 2.0, 5.0 ], "rotation": 90, "windMode": [-1,-1,-1,-1] },
								"down": { "texture": "#medieval-high-boots-l", "uv": [ 0.0, 4.5, 2.0, 5.0 ], "rotation": 90, "windMode": [-1,-1,-1,-1] }
							}
						},
						{
							"name": "N fold 18",
							"from": [ 0.0, 5.0, 0.1 ],
							"to": [ 4.2, 7.5, 0.1 ],
							"rotationOrigin": [ 0.0, 5.0, 0.1 ],
							"rotationX": -8.0,
							"faces": {
								"north": { "texture": "#medieval-high-boots-l", "uv": [ 0.0, 8.5, 4.0, 11.0 ] }
							}
						},
						{
							"name": "back fold 17",
							"from": [ 4.1, 5.0, 0.0 ],
							"to": [ 4.1, 7.5, 3.2 ],
							"rotationOrigin": [ 4.1, 5.0, 0.0 ],
							"rotationZ": -8.0,
							"faces": {
								"east": { "texture": "#medieval-high-boots-l", "uv": [ 11.0, 8.5, 14.0, 11.0 ] }
							}
						},
						{
							"name": "S fold 16",
							"from": [ 0.0, 5.0, 3.1 ],
							"to": [ 4.2, 7.5, 3.1 ],
							"rotationOrigin": [ 0.0, 5.0, 3.0 ],
							"rotationX": 8.0,
							"faces": {
								"south": { "texture": "#medieval-high-boots-l", "uv": [ 7.0, 8.5, 11.0, 11.0 ] }
							}
						},
						{
							"name": "front fold 15",
							"from": [ 0.0, 5.0, 0.0 ],
							"to": [ 0.0, 7.5, 3.2 ],
							"rotationOrigin": [ 0.2, 5.0, 0.1 ],
							"rotationZ": 8.0,
							"faces": {
								"west": { "texture": "#medieval-high-boots-l", "uv": [ 4.0, 8.5, 7.0, 11.0 ] }
							}
						},
						{
							"name": "front fold 2",
							"from": [ 0.0, 5.0, 0.0 ],
							"to": [ 0.2, 6.0, 3.2 ],
							"rotationOrigin": [ 0.2, 5.0, 0.0 ],
							"rotationZ": 18.0,
							"faces": {
								"north": { "texture": "#medieval-high-boots-l", "uv": [ 4.0, 10.0, 4.5, 11.0 ] },
								"east": { "texture": "#medieval-high-boots-l", "uv": [ 7.5, 10.0, 10.5, 11.0 ], "windMode": [-1,-1,-1,-1] },
								"south": { "texture": "#medieval-high-boots-l", "uv": [ 6.5, 10.0, 7.0, 11.0 ], "windMode": [-1,-1,-1,-1] },
								"west": { "texture": "#medieval-high-boots-l", "uv": [ 4.0, 10.0, 7.0, 11.0 ], "windMode": [-1,-1,-1,-1] },
								"up": { "texture": "#medieval-high-boots-l", "uv": [ 4.0, 10.0, 7.0, 10.5 ], "rotation": 90, "windMode": [-1,-1,-1,-1] },
								"down": { "texture": "#medieval-high-boots-l", "uv": [ 0.0, 0.0, 0.5, 3.0 ] }
							}
						},
						{
							"name": "back fold 2",
							"from": [ 4.0, 5.0, 0.0 ],
							"to": [ 4.2, 6.0, 3.2 ],
							"rotationOrigin": [ 4.0, 5.0, 0.0 ],
							"rotationZ": -18.0,
							"faces": {
								"north": { "texture": "#medieval-high-boots-l", "uv": [ 13.5, 10.0, 14.0, 11.0 ] },
								"east": { "texture": "#medieval-high-boots-l", "uv": [ 11.0, 10.0, 14.0, 11.0 ], "windMode": [-1,-1,-1,-1] },
								"south": { "texture": "#medieval-high-boots-l", "uv": [ 11.0, 10.0, 11.5, 11.0 ], "windMode": [-1,-1,-1,-1] },
								"west": { "texture": "#medieval-high-boots-l", "uv": [ 8.5, 10.0, 11.5, 11.0 ], "windMode": [-1,-1,-1,-1] },
								"up": { "texture": "#medieval-high-boots-l", "uv": [ 11.0, 10.0, 14.0, 10.5 ], "rotation": 270, "windMode": [-1,-1,-1,-1] },
								"down": { "texture": "#medieval-high-boots-l", "uv": [ 0.0, 0.0, 0.5, 3.0 ] }
							}
						},
						{
							"name": "N fold 2",
							"from": [ 0.0, 5.0, 0.0 ],
							"to": [ 4.2, 6.0, 0.2 ],
							"rotationOrigin": [ 0.0, 5.0, 0.2 ],
							"rotationX": -18.0,
							"faces": {
								"north": { "texture": "#medieval-high-boots-l", "uv": [ 0.0, 10.0, 4.0, 11.0 ] },
								"east": { "texture": "#medieval-high-boots-l", "uv": [ 0.0, 10.0, 0.5, 11.0 ], "windMode": [-1,-1,-1,-1] },
								"south": { "texture": "#medieval-high-boots-l", "uv": [ 10.0, 10.0, 14.0, 11.0 ], "windMode": [-1,-1,-1,-1] },
								"west": { "texture": "#medieval-high-boots-l", "uv": [ 3.5, 10.0, 4.0, 11.0 ], "windMode": [-1,-1,-1,-1] },
								"up": { "texture": "#medieval-high-boots-l", "uv": [ 0.0, 10.0, 4.0, 10.5 ], "rotation": 180, "windMode": [-1,-1,-1,-1] },
								"down": { "texture": "#medieval-high-boots-l", "uv": [ 0.0, 10.0, 4.0, 10.5 ], "windMode": [-1,-1,-1,-1] }
							}
						},
						{
							"name": "S fold 2",
							"from": [ 0.0, 5.0, 3.0 ],
							"to": [ 4.2, 6.0, 3.2 ],
							"rotationOrigin": [ 0.0, 5.0, 3.0 ],
							"rotationX": 18.0,
							"faces": {
								"north": { "texture": "#medieval-high-boots-l", "uv": [ 9.5, 10.0, 13.5, 11.0 ] },
								"east": { "texture": "#medieval-high-boots-l", "uv": [ 10.5, 10.0, 11.0, 11.0 ], "windMode": [-1,-1,-1,-1] },
								"south": { "texture": "#medieval-high-boots-l", "uv": [ 7.0, 10.0, 11.0, 11.0 ], "windMode": [-1,-1,-1,-1] },
								"west": { "texture": "#medieval-high-boots-l", "uv": [ 7.0, 10.0, 7.5, 11.0 ], "windMode": [-1,-1,-1,-1] },
								"up": { "texture": "#medieval-high-boots-l", "uv": [ 7.0, 10.0, 11.0, 10.5 ], "windMode": [-1,-1,-1,-1] },
								"down": { "texture": "#medieval-high-boots-l", "uv": [ 0.0, 10.0, 4.0, 10.5 ], "windMode": [-1,-1,-1,-1] }
							}
						}
					]
				}
			]
		}
	]}