{
	"editor": {
		"allAngles": true,
		"entityTextureMode": false
	},
	"textureWidth": 16,
	"textureHeight": 16,
	"textureSizes": {
		"medieval-great-steppe-womans-boots-l": [16,16],
		"medieval-great-steppe-womans-boots-r": [16,16]
	},
	"textures": {
		"medieval-great-steppe-womans-boots-l": "entity/humanoid/seraphclothes/foot/medieval-great-steppe-womans-boots-l",
		"medieval-great-steppe-womans-boots-r": "entity/humanoid/seraphclothes/foot/medieval-great-steppe-womans-boots-r"
	},
	"elements": [
		{
			"name": "shoe R",
			"stepParentName": "LowerFootR",
			"from": [ -0.1, -0.1, -0.1 ],
			"to": [ 4.1, 3.41, 3.1 ],
			"rotationOrigin": [ -0.1, -0.1, -0.1 ],
			"faces": {
				"north": { "texture": "#medieval-great-steppe-womans-boots-r", "uv": [ 3.0, 12.5, 7.0, 16.0 ] },
				"east": { "texture": "#medieval-great-steppe-womans-boots-r", "uv": [ 0.0, 12.5, 3.0, 16.0 ] },
				"south": { "texture": "#medieval-great-steppe-womans-boots-r", "uv": [ 10.0, 12.5, 14.0, 16.0 ] },
				"west": { "texture": "#medieval-great-steppe-womans-boots-r", "uv": [ 7.0, 12.5, 10.0, 16.0 ] },
				"up": { "texture": "#medieval-great-steppe-womans-boots-r", "uv": [ 1.0, 0.0, 4.0, 4.0 ], "rotation": 90 },
				"down": { "texture": "#medieval-great-steppe-womans-boots-r", "uv": [ 0.0, 4.0, 3.0, 8.0 ], "rotation": 90 }
			},
			"children": [
				{
					"name": "N fold 1",
					"from": [ 0.0, 3.5, 0.0 ],
					"to": [ 4.2, 5.0, 0.2 ],
					"rotationOrigin": [ 0.0, 3.5, 0.2 ],
					"rotationX": -8.0,
					"faces": {
						"north": { "texture": "#medieval-great-steppe-womans-boots-r", "uv": [ 3.0, 11.0, 7.0, 12.5 ] },
						"east": { "texture": "#medieval-great-steppe-womans-boots-r", "uv": [ 3.0, 11.0, 3.5, 12.5 ] },
						"south": { "texture": "#medieval-great-steppe-womans-boots-r", "uv": [ 9.5, 1.0, 13.5, 2.5 ] },
						"west": { "texture": "#medieval-great-steppe-womans-boots-r", "uv": [ 6.5, 11.0, 7.0, 12.5 ] },
						"up": { "texture": "#medieval-great-steppe-womans-boots-r", "uv": [ 3.0, 11.0, 7.0, 11.5 ], "rotation": 180 },
						"down": { "texture": "#medieval-great-steppe-womans-boots-r", "uv": [ 4.5, 0.0, 8.5, 0.5 ] }
					}
				},
				{
					"name": "S fold 1",
					"from": [ 0.0, 3.5, 3.0 ],
					"to": [ 4.2, 5.0, 3.2 ],
					"rotationOrigin": [ 0.0, 3.5, 3.0 ],
					"rotationX": 4.0,
					"faces": {
						"north": { "texture": "#medieval-great-steppe-womans-boots-r", "uv": [ 9.5, 1.5, 13.5, 3.0 ] },
						"east": { "texture": "#medieval-great-steppe-womans-boots-r", "uv": [ 13.5, 11.0, 14.0, 12.5 ] },
						"south": { "texture": "#medieval-great-steppe-womans-boots-r", "uv": [ 10.0, 11.0, 14.0, 12.5 ] },
						"west": { "texture": "#medieval-great-steppe-womans-boots-r", "uv": [ 10.0, 11.0, 10.5, 12.5 ] },
						"up": { "texture": "#medieval-great-steppe-womans-boots-r", "uv": [ 10.0, 11.0, 14.0, 11.5 ] },
						"down": { "texture": "#medieval-great-steppe-womans-boots-r", "uv": [ 4.0, 2.5, 8.0, 3.0 ] }
					}
				},
				{
					"name": "back fold 1",
					"from": [ 4.0, 3.5, 0.0 ],
					"to": [ 4.2, 5.0, 3.2 ],
					"rotationOrigin": [ 4.0, 3.5, 0.0 ],
					"rotationZ": -8.0,
					"faces": {
						"north": { "texture": "#medieval-great-steppe-womans-boots-r", "uv": [ 2.5, 11.0, 3.0, 12.5 ] },
						"east": { "texture": "#medieval-great-steppe-womans-boots-r", "uv": [ 0.0, 11.0, 3.0, 12.5 ] },
						"south": { "texture": "#medieval-great-steppe-womans-boots-r", "uv": [ 0.0, 11.0, 0.5, 12.5 ] },
						"west": { "texture": "#medieval-great-steppe-womans-boots-r", "uv": [ 7.5, 0.0, 10.5, 1.5 ] },
						"up": { "texture": "#medieval-great-steppe-womans-boots-r", "uv": [ 0.0, 11.0, 3.0, 11.5 ], "rotation": 270 },
						"down": { "texture": "#medieval-great-steppe-womans-boots-r", "uv": [ 0.0, 0.0, 0.5, 3.0 ] }
					},
					"children": [
						{
							"name": "Cube18",
							"from": [ 0.0, 0.0, 2.1 ],
							"to": [ 0.2, 1.5, 2.6 ],
							"rotationOrigin": [ 0.0, 1.5, 2.1 ],
							"rotationZ": 10.0,
							"faces": {
								"north": { "texture": "#medieval-great-steppe-womans-boots-r", "uv": [ 0.5, 11.0, 1.0, 12.5 ] },
								"east": { "texture": "#medieval-great-steppe-womans-boots-r", "uv": [ 0.5, 11.0, 1.0, 12.5 ] },
								"south": { "texture": "#medieval-great-steppe-womans-boots-r", "uv": [ 0.5, 11.0, 1.0, 12.5 ] },
								"west": { "texture": "#medieval-great-steppe-womans-boots-r", "uv": [ 0.5, 11.0, 1.0, 12.5 ] },
								"up": { "texture": "#medieval-great-steppe-womans-boots-r", "uv": [ 0.5, 11.0, 1.0, 11.5 ] },
								"down": { "texture": "#medieval-great-steppe-womans-boots-r", "uv": [ 0.5, 12.0, 1.0, 12.5 ] }
							}
						},
						{
							"name": "Cube19",
							"from": [ 0.0, 0.0, 0.0 ],
							"to": [ 0.2, 1.5, 0.5 ],
							"rotationOrigin": [ 0.0, 1.5, 0.0 ],
							"rotationZ": 10.0,
							"faces": {
								"north": { "texture": "#medieval-great-steppe-womans-boots-r", "uv": [ 2.5, 11.0, 3.0, 12.5 ] },
								"east": { "texture": "#medieval-great-steppe-womans-boots-r", "uv": [ 2.5, 11.0, 3.0, 12.5 ] },
								"south": { "texture": "#medieval-great-steppe-womans-boots-r", "uv": [ 2.5, 11.0, 3.0, 12.5 ] },
								"west": { "texture": "#medieval-great-steppe-womans-boots-r", "uv": [ 2.5, 11.0, 3.0, 12.5 ] },
								"up": { "texture": "#medieval-great-steppe-womans-boots-r", "uv": [ 2.5, 11.0, 3.0, 11.5 ] },
								"down": { "texture": "#medieval-great-steppe-womans-boots-r", "uv": [ 2.5, 12.0, 3.0, 12.5 ] }
							}
						},
						{
							"name": "Cube20",
							"from": [ 0.0, -0.5, 1.1 ],
							"to": [ 0.2, 1.5, 1.6 ],
							"rotationOrigin": [ 0.0, 1.5, 1.1 ],
							"rotationZ": 10.0,
							"faces": {
								"north": { "texture": "#medieval-great-steppe-womans-boots-r", "uv": [ 1.5, 11.0, 2.0, 13.0 ] },
								"east": { "texture": "#medieval-great-steppe-womans-boots-r", "uv": [ 1.5, 11.0, 2.0, 13.0 ] },
								"south": { "texture": "#medieval-great-steppe-womans-boots-r", "uv": [ 1.5, 11.0, 2.0, 13.0 ] },
								"west": { "texture": "#medieval-great-steppe-womans-boots-r", "uv": [ 1.5, 11.0, 2.0, 13.0 ] },
								"up": { "texture": "#medieval-great-steppe-womans-boots-r", "uv": [ 1.5, 11.0, 2.0, 11.5 ] },
								"down": { "texture": "#medieval-great-steppe-womans-boots-r", "uv": [ 1.5, 12.5, 2.0, 13.0 ] }
							}
						}
					]
				},
				{
					"name": "front fold 1",
					"from": [ 0.0, 3.5, 0.0 ],
					"to": [ 0.2, 5.0, 3.2 ],
					"rotationOrigin": [ 0.2, 3.5, 0.0 ],
					"rotationZ": 8.0,
					"faces": {
						"north": { "texture": "#medieval-great-steppe-womans-boots-r", "uv": [ 6.5, 11.0, 7.0, 12.5 ] },
						"east": { "texture": "#medieval-great-steppe-womans-boots-r", "uv": [ 7.5, 1.0, 10.5, 2.5 ] },
						"south": { "texture": "#medieval-great-steppe-womans-boots-r", "uv": [ 9.5, 11.0, 10.0, 12.5 ] },
						"west": { "texture": "#medieval-great-steppe-womans-boots-r", "uv": [ 7.0, 11.0, 10.0, 12.5 ] },
						"up": { "texture": "#medieval-great-steppe-womans-boots-r", "uv": [ 7.0, 11.0, 10.0, 11.5 ], "rotation": 90 },
						"down": { "texture": "#medieval-great-steppe-womans-boots-r", "uv": [ 0.0, 0.0, 0.5, 3.0 ] }
					}
				},
				{
					"name": "Cube16",
					"from": [ -0.2, 3.0, -0.2 ],
					"to": [ 2.0, 3.5, 1.5 ],
					"rotationOrigin": [ -0.1995, 3.0, -0.2 ],
					"faces": {
						"north": { "texture": "#medieval-great-steppe-womans-boots-r", "uv": [ 5.0, 12.5, 7.0, 13.0 ] },
						"east": { "texture": "#medieval-great-steppe-womans-boots-r", "uv": [ 4.0, 7.0, 5.5, 7.5 ] },
						"south": { "texture": "#medieval-great-steppe-womans-boots-r", "uv": [ 7.5, 11.0, 9.5, 11.5 ] },
						"west": { "texture": "#medieval-great-steppe-womans-boots-r", "uv": [ 7.0, 12.5, 8.5, 13.0 ] },
						"up": { "texture": "#medieval-great-steppe-womans-boots-r", "uv": [ 4.0, 6.0, 5.5, 8.0 ], "rotation": 90 },
						"down": { "texture": "#medieval-great-steppe-womans-boots-r", "uv": [ 6.5, 6.0, 8.5, 7.5 ] }
					}
				},
				{
					"name": "Cube4",
					"from": [ -0.5, 0.0, 0.0 ],
					"to": [ 0.0, 1.5, 3.2 ],
					"rotationOrigin": [ -0.5, 0.0, 0.0 ],
					"faces": {
						"north": { "texture": "#medieval-great-steppe-womans-boots-r", "uv": [ 9.5, 14.5, 10.0, 16.0 ] },
						"east": { "texture": "#medieval-great-steppe-womans-boots-r", "uv": [ 7.0, 14.5, 10.0, 16.0 ] },
						"south": { "texture": "#medieval-great-steppe-womans-boots-r", "uv": [ 7.0, 14.5, 7.5, 16.0 ] },
						"west": { "texture": "#medieval-great-steppe-womans-boots-r", "uv": [ 7.0, 14.5, 10.0, 16.0 ] },
						"up": { "texture": "#medieval-great-steppe-womans-boots-r", "uv": [ 7.0, 14.5, 10.0, 15.0 ], "rotation": 90 },
						"down": { "texture": "#medieval-great-steppe-womans-boots-r", "uv": [ 0.0, 0.0, 0.5, 3.0 ] }
					}
				},
				{
					"name": "Cube5",
					"from": [ -0.5, 1.5, 0.5 ],
					"to": [ 0.0, 2.0, 2.7 ],
					"rotationOrigin": [ -0.5, 1.5, 0.5 ],
					"faces": {
						"north": { "texture": "#medieval-great-steppe-womans-boots-r", "uv": [ 9.5, 14.0, 10.0, 14.5 ] },
						"east": { "texture": "#medieval-great-steppe-womans-boots-r", "uv": [ 7.5, 14.0, 9.5, 14.5 ] },
						"south": { "texture": "#medieval-great-steppe-womans-boots-r", "uv": [ 7.0, 14.0, 7.5, 14.5 ] },
						"west": { "texture": "#medieval-great-steppe-womans-boots-r", "uv": [ 7.5, 14.0, 9.5, 14.5 ] },
						"up": { "texture": "#medieval-great-steppe-womans-boots-r", "uv": [ 7.5, 14.0, 9.5, 14.5 ], "rotation": 90 },
						"down": { "texture": "#medieval-great-steppe-womans-boots-r", "uv": [ 0.0, 0.0, 0.5, 2.0 ] }
					}
				}
			]
		},
		{
			"name": "shoe L",
			"stepParentName": "LowerFootL",
			"from": [ -0.1, -0.1, -0.1 ],
			"to": [ 4.1, 3.41, 3.1 ],
			"rotationOrigin": [ -0.1, -0.1, -0.1 ],
			"faces": {
				"north": { "texture": "#medieval-great-steppe-womans-boots-l", "uv": [ 0.0, 12.5, 4.0, 16.0 ] },
				"east": { "texture": "#medieval-great-steppe-womans-boots-l", "uv": [ 11.0, 12.5, 14.0, 16.0 ] },
				"south": { "texture": "#medieval-great-steppe-womans-boots-l", "uv": [ 7.0, 12.5, 11.0, 16.0 ] },
				"west": { "texture": "#medieval-great-steppe-womans-boots-l", "uv": [ 4.0, 12.5, 7.0, 16.0 ] },
				"up": { "texture": "#medieval-great-steppe-womans-boots-l", "uv": [ 0.5, 0.0, 3.5, 4.0 ], "rotation": 90 },
				"down": { "texture": "#medieval-great-steppe-womans-boots-l", "uv": [ 0.0, 4.0, 3.0, 8.0 ], "rotation": 90 }
			},
			"children": [
				{
					"name": "N fold 20",
					"from": [ 0.0, 3.5, 0.0 ],
					"to": [ 4.2, 5.0, 0.2 ],
					"rotationOrigin": [ 0.0, 3.5, 0.2 ],
					"rotationX": -4.0,
					"faces": {
						"north": { "texture": "#medieval-great-steppe-womans-boots-l", "uv": [ 0.0, 11.0, 4.0, 12.5 ] },
						"east": { "texture": "#medieval-great-steppe-womans-boots-l", "uv": [ 0.0, 11.0, 0.5, 12.5 ] },
						"south": { "texture": "#medieval-great-steppe-womans-boots-l", "uv": [ 9.5, 1.0, 13.5, 2.5 ] },
						"west": { "texture": "#medieval-great-steppe-womans-boots-l", "uv": [ 3.5, 11.0, 4.0, 12.5 ] },
						"up": { "texture": "#medieval-great-steppe-womans-boots-l", "uv": [ 0.0, 11.0, 4.0, 11.5 ], "rotation": 180 },
						"down": { "texture": "#medieval-great-steppe-womans-boots-l", "uv": [ 4.5, 0.0, 8.5, 0.5 ] }
					}
				},
				{
					"name": "S fold 21",
					"from": [ 0.0, 3.5, 3.0 ],
					"to": [ 4.2, 5.0, 3.2 ],
					"rotationOrigin": [ 0.0, 3.5, 3.0 ],
					"rotationX": 8.0,
					"faces": {
						"north": { "texture": "#medieval-great-steppe-womans-boots-l", "uv": [ 9.5, 1.5, 13.5, 3.0 ] },
						"east": { "texture": "#medieval-great-steppe-womans-boots-l", "uv": [ 10.5, 11.0, 11.0, 12.5 ] },
						"south": { "texture": "#medieval-great-steppe-womans-boots-l", "uv": [ 7.0, 11.0, 11.0, 12.5 ] },
						"west": { "texture": "#medieval-great-steppe-womans-boots-l", "uv": [ 7.0, 11.0, 7.5, 12.5 ] },
						"up": { "texture": "#medieval-great-steppe-womans-boots-l", "uv": [ 7.0, 11.0, 11.0, 11.5 ] },
						"down": { "texture": "#medieval-great-steppe-womans-boots-l", "uv": [ 4.0, 2.5, 8.0, 3.0 ] }
					}
				},
				{
					"name": "front fold 26",
					"from": [ 0.0, 3.5, 0.0 ],
					"to": [ 0.2, 5.0, 3.2 ],
					"rotationOrigin": [ 0.2, 3.5, 0.0 ],
					"rotationZ": 8.0,
					"faces": {
						"north": { "texture": "#medieval-great-steppe-womans-boots-l", "uv": [ 4.0, 11.0, 4.5, 12.5 ] },
						"east": { "texture": "#medieval-great-steppe-womans-boots-l", "uv": [ 7.5, 1.0, 10.5, 2.5 ] },
						"south": { "texture": "#medieval-great-steppe-womans-boots-l", "uv": [ 7.0, 11.0, 7.5, 12.5 ] },
						"west": { "texture": "#medieval-great-steppe-womans-boots-l", "uv": [ 4.0, 11.0, 7.0, 12.5 ] },
						"up": { "texture": "#medieval-great-steppe-womans-boots-l", "uv": [ 4.0, 11.0, 7.0, 11.5 ], "rotation": 90 },
						"down": { "texture": "#medieval-great-steppe-womans-boots-l", "uv": [ 0.0, 0.0, 0.5, 3.0 ] }
					}
				},
				{
					"name": "Cube28",
					"from": [ -0.2, 3.0, 1.7 ],
					"to": [ 2.0, 3.5, 3.4 ],
					"rotationOrigin": [ -0.1995, 3.0, 1.7 ],
					"faces": {
						"north": { "texture": "#medieval-great-steppe-womans-boots-l", "uv": [ 4.0, 12.5, 6.0, 13.0 ] },
						"east": { "texture": "#medieval-great-steppe-womans-boots-l", "uv": [ 4.0, 7.0, 5.5, 7.5 ] },
						"south": { "texture": "#medieval-great-steppe-womans-boots-l", "uv": [ 7.0, 12.5, 9.0, 13.0 ] },
						"west": { "texture": "#medieval-great-steppe-womans-boots-l", "uv": [ 5.5, 12.5, 7.0, 13.0 ] },
						"up": { "texture": "#medieval-great-steppe-womans-boots-l", "uv": [ 4.0, 6.0, 5.5, 8.0 ], "rotation": 90 },
						"down": { "texture": "#medieval-great-steppe-womans-boots-l", "uv": [ 6.5, 6.0, 8.5, 7.5 ], "rotation": 180 }
					}
				},
				{
					"name": "back fold 19",
					"from": [ 4.0, 3.5, 0.0 ],
					"to": [ 4.2, 5.0, 3.2 ],
					"rotationOrigin": [ 4.0, 3.5, 0.0 ],
					"rotationZ": -8.0,
					"faces": {
						"north": { "texture": "#medieval-great-steppe-womans-boots-l", "uv": [ 11.0, 11.0, 11.5, 12.5 ] },
						"east": { "texture": "#medieval-great-steppe-womans-boots-l", "uv": [ 11.0, 11.0, 14.0, 12.5 ] },
						"south": { "texture": "#medieval-great-steppe-womans-boots-l", "uv": [ 13.0, 11.0, 13.5, 12.5 ] },
						"west": { "texture": "#medieval-great-steppe-womans-boots-l", "uv": [ 7.5, 0.0, 10.5, 1.5 ] },
						"up": { "texture": "#medieval-great-steppe-womans-boots-l", "uv": [ 11.0, 11.0, 14.0, 11.5 ], "rotation": 270 },
						"down": { "texture": "#medieval-great-steppe-womans-boots-l", "uv": [ 0.0, 0.0, 0.5, 3.0 ] }
					},
					"children": [
						{
							"name": "Cube212",
							"from": [ 0.0, 0.0, 2.7 ],
							"to": [ 0.2, 1.5, 3.2 ],
							"rotationOrigin": [ 0.0, 1.5, 2.7 ],
							"rotationZ": 10.0,
							"faces": {
								"north": { "texture": "#medieval-great-steppe-womans-boots-l", "uv": [ 11.0, 11.0, 11.5, 12.5 ] },
								"east": { "texture": "#medieval-great-steppe-womans-boots-l", "uv": [ 11.0, 11.0, 11.5, 12.5 ] },
								"south": { "texture": "#medieval-great-steppe-womans-boots-l", "uv": [ 13.0, 11.0, 13.5, 12.5 ] },
								"west": { "texture": "#medieval-great-steppe-womans-boots-l", "uv": [ 13.0, 11.0, 13.5, 12.5 ] },
								"up": { "texture": "#medieval-great-steppe-womans-boots-l", "uv": [ 0.5, 11.0, 1.0, 11.5 ] },
								"down": { "texture": "#medieval-great-steppe-womans-boots-l", "uv": [ 11.0, 12.0, 11.5, 12.5 ] }
							}
						},
						{
							"name": "Cube21",
							"from": [ 0.0, 0.0, 0.55 ],
							"to": [ 0.2, 1.5, 1.05 ],
							"rotationOrigin": [ 0.0, 1.5, 0.5 ],
							"rotationZ": 10.0,
							"faces": {
								"north": { "texture": "#medieval-great-steppe-womans-boots-l", "uv": [ 11.0, 11.0, 11.5, 12.5 ] },
								"east": { "texture": "#medieval-great-steppe-womans-boots-l", "uv": [ 11.0, 11.0, 11.5, 12.5 ] },
								"south": { "texture": "#medieval-great-steppe-womans-boots-l", "uv": [ 11.0, 11.0, 11.5, 12.5 ] },
								"west": { "texture": "#medieval-great-steppe-womans-boots-l", "uv": [ 11.0, 11.0, 11.5, 12.5 ] },
								"up": { "texture": "#medieval-great-steppe-womans-boots-l", "uv": [ 2.5, 11.0, 3.0, 11.5 ] },
								"down": { "texture": "#medieval-great-steppe-womans-boots-l", "uv": [ 11.0, 12.0, 11.5, 12.5 ] }
							}
						},
						{
							"name": "Cube22",
							"from": [ 0.0, -0.5, 1.6 ],
							"to": [ 0.2, 1.5, 2.1 ],
							"rotationOrigin": [ 0.0, 1.5, 1.6 ],
							"rotationZ": 10.0,
							"faces": {
								"north": { "texture": "#medieval-great-steppe-womans-boots-l", "uv": [ 12.0, 11.0, 12.5, 13.0 ] },
								"east": { "texture": "#medieval-great-steppe-womans-boots-l", "uv": [ 12.0, 11.0, 12.5, 13.0 ] },
								"south": { "texture": "#medieval-great-steppe-womans-boots-l", "uv": [ 12.0, 11.0, 12.5, 13.0 ] },
								"west": { "texture": "#medieval-great-steppe-womans-boots-l", "uv": [ 12.0, 11.0, 12.5, 13.0 ] },
								"up": { "texture": "#medieval-great-steppe-womans-boots-l", "uv": [ 1.5, 11.0, 2.0, 11.5 ] },
								"down": { "texture": "#medieval-great-steppe-womans-boots-l", "uv": [ 12.0, 12.5, 12.5, 13.0 ] }
							}
						}
					]
				},
				{
					"name": "Cube2",
					"from": [ -0.5, 0.0, 0.0 ],
					"to": [ 0.0, 1.5, 3.2 ],
					"rotationOrigin": [ -0.5, 0.0, 0.0 ],
					"faces": {
						"north": { "texture": "#medieval-great-steppe-womans-boots-l", "uv": [ 6.5, 14.5, 7.0, 16.0 ] },
						"east": { "texture": "#medieval-great-steppe-womans-boots-l", "uv": [ 4.0, 14.5, 7.0, 16.0 ] },
						"south": { "texture": "#medieval-great-steppe-womans-boots-l", "uv": [ 4.0, 14.5, 4.5, 16.0 ] },
						"west": { "texture": "#medieval-great-steppe-womans-boots-l", "uv": [ 4.0, 14.5, 7.0, 16.0 ] },
						"up": { "texture": "#medieval-great-steppe-womans-boots-l", "uv": [ 4.0, 14.5, 7.0, 15.0 ], "rotation": 90 },
						"down": { "texture": "#medieval-great-steppe-womans-boots-l", "uv": [ 0.0, 0.0, 0.5, 3.0 ] }
					}
				},
				{
					"name": "Cube3",
					"from": [ -0.5, 1.5, 0.5 ],
					"to": [ 0.0, 2.0, 2.7 ],
					"rotationOrigin": [ -0.5, 1.5, 0.5 ],
					"faces": {
						"north": { "texture": "#medieval-great-steppe-womans-boots-l", "uv": [ 6.5, 14.0, 7.0, 14.5 ] },
						"east": { "texture": "#medieval-great-steppe-womans-boots-l", "uv": [ 4.5, 14.0, 6.5, 14.5 ] },
						"south": { "texture": "#medieval-great-steppe-womans-boots-l", "uv": [ 4.0, 14.0, 4.5, 14.5 ] },
						"west": { "texture": "#medieval-great-steppe-womans-boots-l", "uv": [ 4.5, 14.0, 6.5, 14.5 ] },
						"up": { "texture": "#medieval-great-steppe-womans-boots-l", "uv": [ 4.5, 14.0, 6.5, 14.5 ], "rotation": 90 },
						"down": { "texture": "#medieval-great-steppe-womans-boots-l", "uv": [ 0.0, 0.0, 0.5, 2.0 ] }
					}
				}
			]
		}
	]}