{
	"editor": {
		"allAngles": true,
		"entityTextureMode": false
	},
	"textureWidth": 64,
	"textureHeight": 64,
	"textureSizes": {
		"complete-fur-coat": [64,64]
	},
	"textures": {
		"complete-fur-coat": "entity/humanoid/seraphclothes/emblem/complete-fur-coat"
	},
	"elements": [
		{
			"name": "shoe R",
			"stepParentName": "LowerFootR",
			"from": [ -0.4, -0.1, -0.4 ],
			"to": [ 4.4, 4.9, 3.4 ],
			"autoUnwrap": false,
			"uv": [ 0.0, 0.0 ],
			"rotationOrigin": [ -0.4, -0.1, -0.4 ],
			"faces": {
				"north": { "texture": "#complete-fur-coat", "uv": [ 4.0, 7.0, 8.0, 12.0 ], "autoUv": false, "windMode": [-1,-1,-1,-1] },
				"east": { "texture": "#complete-fur-coat", "uv": [ 1.0, 7.0, 4.0, 12.0 ], "autoUv": false, "windMode": [-1,-1,-1,-1] },
				"south": { "texture": "#complete-fur-coat", "uv": [ 11.0, 7.0, 15.0, 12.0 ], "autoUv": false, "windMode": [-1,-1,-1,-1] },
				"west": { "texture": "#complete-fur-coat", "uv": [ 8.0, 7.0, 11.0, 12.0 ], "autoUv": false, "windMode": [-1,-1,-1,-1] },
				"down": { "texture": "#complete-fur-coat", "uv": [ 12.5, 0.0, 15.5, 4.0 ], "rotation": 90, "autoUv": false, "windMode": [-1,-1,-1,-1] }
			},
			"children": [
				{
					"name": "Cube4",
					"from": [ -0.5, 0.0, 0.0 ],
					"to": [ 0.0, 1.5, 3.8 ],
					"autoUnwrap": false,
					"uv": [ 0.0, 0.0 ],
					"rotationOrigin": [ -0.5, 0.0, 0.0 ],
					"faces": {
						"north": { "texture": "#complete-fur-coat", "uv": [ 11.0, 10.5, 11.5, 12.0 ], "windMode": [-1,-1,-1,-1] },
						"east": { "texture": "#complete-fur-coat", "uv": [ 8.0, 10.5, 11.0, 12.0 ], "autoUv": false, "windMode": [-1,-1,-1,-1] },
						"south": { "texture": "#complete-fur-coat", "uv": [ 7.5, 10.5, 8.0, 12.0 ], "windMode": [-1,-1,-1,-1] },
						"west": { "texture": "#complete-fur-coat", "uv": [ 8.0, 10.5, 11.0, 12.0 ], "autoUv": false, "windMode": [-1,-1,-1,-1] },
						"up": { "texture": "#complete-fur-coat", "uv": [ 8.0, 10.5, 11.0, 11.0 ], "rotation": 90, "autoUv": false, "windMode": [-1,-1,-1,-1] },
						"down": { "texture": "#complete-fur-coat", "uv": [ 13.0, 0.0, 13.5, 3.5 ], "windMode": [-1,-1,-1,-1] }
					}
				},
				{
					"name": "Cube5",
					"from": [ -0.5, 1.5, 0.6 ],
					"to": [ 0.0, 2.0, 3.2 ],
					"autoUnwrap": false,
					"uv": [ 0.0, 0.0 ],
					"rotationOrigin": [ -0.5, 1.5, 0.6 ],
					"faces": {
						"north": { "texture": "#complete-fur-coat", "uv": [ 7.0, 10.5, 7.5, 11.0 ], "windMode": [-1,-1,-1,-1] },
						"east": { "texture": "#complete-fur-coat", "uv": [ 8.0, 10.0, 11.0, 10.5 ], "autoUv": false, "windMode": [-1,-1,-1,-1] },
						"south": { "texture": "#complete-fur-coat", "uv": [ 11.5, 10.5, 12.0, 11.0 ], "windMode": [-1,-1,-1,-1] },
						"west": { "texture": "#complete-fur-coat", "uv": [ 8.5, 10.0, 10.5, 10.5 ], "autoUv": false, "windMode": [-1,-1,-1,-1] },
						"up": { "texture": "#complete-fur-coat", "uv": [ 8.5, 10.0, 10.5, 10.5 ], "rotation": 90, "autoUv": false, "windMode": [-1,-1,-1,-1] },
						"down": { "texture": "#complete-fur-coat", "uv": [ 13.0, 0.0, 13.5, 2.5 ] }
					}
				},
				{
					"name": "FootArmorR",
					"from": [ 0.0, 0.0, 0.0 ],
					"to": [ 1.0, 1.0, 1.0 ],
					"uv": [ 0.0, 0.0 ],
					"faces": {
					},
					"children": [
						{
							"name": "N fold 1",
							"from": [ 0.0, 5.0, 0.0 ],
							"to": [ 4.8, 6.0, 0.2 ],
							"autoUnwrap": false,
							"uv": [ 3.0, 9.5 ],
							"rotationOrigin": [ 0.0, 5.0, 0.2 ],
							"rotationX": -18.0,
							"faces": {
								"north": { "texture": "#complete-fur-coat", "uv": [ 4.0, 6.0, 8.0, 7.0 ], "autoUv": false, "windMode": [-1,-1,-1,-1] },
								"east": { "texture": "#complete-fur-coat", "uv": [ 1.0, 6.0, 1.5, 7.0 ], "autoUv": false, "windMode": [-1,-1,-1,-1] },
								"south": { "texture": "#complete-fur-coat", "uv": [ 11.0, 6.0, 15.0, 7.0 ], "autoUv": false, "windMode": [-1,-1,-1,-1] },
								"west": { "texture": "#complete-fur-coat", "uv": [ 14.5, 6.0, 15.0, 7.0 ], "autoUv": false, "windMode": [-1,-1,-1,-1] },
								"up": { "texture": "#complete-fur-coat", "uv": [ 4.0, 6.0, 8.0, 6.5 ], "rotation": 180, "autoUv": false, "windMode": [-1,-1,-1,-1] },
								"down": { "texture": "#complete-fur-coat", "uv": [ 7.0, 7.0, 11.5, 7.5 ], "windMode": [-1,-1,-1,-1] }
							}
						},
						{
							"name": "S fold 1",
							"from": [ 0.0, 5.0, 3.6 ],
							"to": [ 4.8, 6.0, 3.8 ],
							"autoUnwrap": false,
							"uv": [ 3.5, 5.5 ],
							"rotationOrigin": [ 0.0, 5.0, 3.6 ],
							"rotationX": 18.0,
							"faces": {
								"north": { "texture": "#complete-fur-coat", "uv": [ 3.5, 6.0, 7.5, 7.0 ], "autoUv": false, "windMode": [-1,-1,-1,-1] },
								"east": { "texture": "#complete-fur-coat", "uv": [ 3.5, 6.0, 4.0, 7.0 ], "autoUv": false, "windMode": [-1,-1,-1,-1] },
								"south": { "texture": "#complete-fur-coat", "uv": [ 4.0, 6.0, 8.0, 7.0 ], "autoUv": false, "windMode": [-1,-1,-1,-1] },
								"west": { "texture": "#complete-fur-coat", "uv": [ 8.0, 6.0, 8.5, 7.0 ], "autoUv": false, "windMode": [-1,-1,-1,-1] },
								"up": { "texture": "#complete-fur-coat", "uv": [ 3.5, 5.5, 8.0, 6.0 ], "autoUv": false, "windMode": [-1,-1,-1,-1] },
								"down": { "texture": "#complete-fur-coat", "uv": [ 7.5, 5.5, 12.0, 6.0 ], "autoUv": false, "windMode": [-1,-1,-1,-1] }
							}
						},
						{
							"name": "back fold 1",
							"from": [ 4.6, 5.0, 0.0 ],
							"to": [ 4.8, 6.0, 3.8 ],
							"autoUnwrap": false,
							"uv": [ 8.0, 5.5 ],
							"rotationOrigin": [ 4.6, 5.0, 0.0 ],
							"rotationZ": -18.0,
							"faces": {
								"north": { "texture": "#complete-fur-coat", "uv": [ 8.0, 6.0, 8.5, 7.0 ], "autoUv": false },
								"east": { "texture": "#complete-fur-coat", "uv": [ 8.0, 6.0, 11.0, 7.0 ], "autoUv": false, "windMode": [-1,-1,-1,-1] },
								"south": { "texture": "#complete-fur-coat", "uv": [ 11.0, 6.0, 11.5, 7.0 ], "autoUv": false, "windMode": [-1,-1,-1,-1] },
								"west": { "texture": "#complete-fur-coat", "uv": [ 11.5, 6.0, 15.0, 7.0 ], "autoUv": false, "windMode": [-1,-1,-1,-1] },
								"up": { "texture": "#complete-fur-coat", "uv": [ 8.0, 5.5, 11.5, 6.0 ], "rotation": 270, "autoUv": false, "windMode": [-1,-1,-1,-1] },
								"down": { "texture": "#complete-fur-coat", "uv": [ 5.5, 6.5, 6.0, 9.5 ], "autoUv": false, "windMode": [-1,-1,-1,-1] }
							}
						},
						{
							"name": "front fold 1",
							"from": [ 0.0, 5.0, 0.0 ],
							"to": [ 0.2, 6.0, 3.8 ],
							"autoUnwrap": false,
							"uv": [ 0.0, 0.0 ],
							"rotationOrigin": [ 0.2, 5.0, 0.0 ],
							"rotationZ": 18.0,
							"faces": {
								"north": { "texture": "#complete-fur-coat", "uv": [ 7.0, 5.5, 7.5, 7.5 ], "autoUv": false },
								"east": { "texture": "#complete-fur-coat", "uv": [ 7.5, 6.0, 10.5, 7.0 ], "autoUv": false, "windMode": [-1,-1,-1,-1] },
								"south": { "texture": "#complete-fur-coat", "uv": [ 10.0, 5.5, 10.5, 6.5 ], "autoUv": false, "windMode": [-1,-1,-1,-1] },
								"west": { "texture": "#complete-fur-coat", "uv": [ 7.0, 6.0, 10.0, 7.0 ], "autoUv": false, "windMode": [-1,-1,-1,-1] },
								"up": { "texture": "#complete-fur-coat", "uv": [ 7.0, 5.5, 10.5, 6.0 ], "rotation": 90, "windMode": [-1,-1,-1,-1] },
								"down": { "texture": "#complete-fur-coat", "uv": [ 12.5, 0.0, 13.0, 3.5 ], "windMode": [-1,-1,-1,-1] }
							}
						},
						{
							"name": "N fold 11",
							"from": [ 0.0, 5.0, 0.1 ],
							"to": [ 4.8, 7.5, 0.1 ],
							"autoUnwrap": false,
							"uv": [ 4.0, 4.5 ],
							"rotationOrigin": [ 0.0, 5.0, 0.1 ],
							"rotationX": -8.0,
							"faces": {
								"north": { "texture": "#complete-fur-coat", "uv": [ 4.0, 4.5, 8.0, 7.0 ], "autoUv": false }
							}
						},
						{
							"name": "S fold 12",
							"from": [ 0.0, 5.0, 3.7 ],
							"to": [ 4.8, 7.5, 3.7 ],
							"autoUnwrap": false,
							"uv": [ 11.0, 4.5 ],
							"rotationOrigin": [ 0.0, 5.0, 3.7 ],
							"rotationX": 8.0,
							"faces": {
								"south": { "texture": "#complete-fur-coat", "uv": [ 11.0, 4.5, 15.0, 7.0 ], "autoUv": false }
							}
						},
						{
							"name": "front fold 13",
							"from": [ 0.1, 5.0, 0.0 ],
							"to": [ 0.1, 7.5, 3.8 ],
							"autoUnwrap": false,
							"uv": [ 8.0, 4.5 ],
							"rotationOrigin": [ 0.3, 5.0, 0.0 ],
							"rotationZ": 8.0,
							"faces": {
								"west": { "texture": "#complete-fur-coat", "uv": [ 8.0, 4.5, 11.0, 7.0 ], "autoUv": false }
							}
						},
						{
							"name": "back fold 14",
							"from": [ 4.7, 5.0, 0.0 ],
							"to": [ 4.7, 7.5, 3.8 ],
							"autoUnwrap": false,
							"uv": [ 1.0, 4.5 ],
							"rotationOrigin": [ 4.7, 5.0, 0.0 ],
							"rotationZ": -8.0,
							"faces": {
								"east": { "texture": "#complete-fur-coat", "uv": [ 1.0, 4.5, 4.0, 7.0 ], "autoUv": false }
							}
						},
						{
							"name": "Cube1",
							"from": [ -0.1, 4.3, -0.1 ],
							"to": [ 4.9, 4.8, 3.9 ],
							"autoUnwrap": false,
							"uv": [ 0.0, 0.0 ],
							"rotationOrigin": [ -0.1, 4.3, -0.1 ],
							"faces": {
								"north": { "texture": "#complete-fur-coat", "uv": [ 12.5, 0.0, 13.0, 4.0 ], "rotation": 90, "autoUv": false },
								"east": { "texture": "#complete-fur-coat", "uv": [ 12.5, 0.0, 15.5, 0.5 ], "autoUv": false, "windMode": [-1,-1,-1,-1] },
								"south": { "texture": "#complete-fur-coat", "uv": [ 15.0, 0.0, 15.5, 4.0 ], "rotation": 90, "autoUv": false, "windMode": [-1,-1,-1,-1] },
								"west": { "texture": "#complete-fur-coat", "uv": [ 12.5, 4.5, 15.5, 5.0 ], "autoUv": false, "windMode": [-1,-1,-1,-1] },
								"up": { "texture": "#complete-fur-coat", "uv": [ 16.5, 0.0, 19.5, 4.0 ], "rotation": 90, "autoUv": false, "windMode": [-1,-1,-1,-1] },
								"down": { "texture": "#complete-fur-coat", "uv": [ 16.5, 0.0, 19.5, 4.0 ], "rotation": 90, "autoUv": false, "windMode": [-1,-1,-1,-1] }
							},
							"children": [
								{
									"name": "Cube20",
									"from": [ 2.6, -1.7, -0.1 ],
									"to": [ 3.1, 0.3, 0.4 ],
									"autoUnwrap": false,
									"uv": [ 0.0, 0.0 ],
									"rotationOrigin": [ 2.8, 0.3, 0.0 ],
									"rotationZ": 14.0,
									"faces": {
										"north": { "texture": "#complete-fur-coat", "uv": [ 12.5, 0.0, 13.0, 2.0 ] },
										"east": { "texture": "#complete-fur-coat", "uv": [ 12.5, 0.0, 13.0, 2.0 ], "windMode": [-1,-1,-1,-1] },
										"south": { "texture": "#complete-fur-coat", "uv": [ 12.5, 0.0, 13.0, 2.0 ], "windMode": [-1,-1,-1,-1] },
										"west": { "texture": "#complete-fur-coat", "uv": [ 12.5, 0.0, 13.0, 2.0 ], "windMode": [-1,-1,-1,-1] },
										"up": { "texture": "#complete-fur-coat", "uv": [ 14.0, 0.0, 14.5, 0.5 ], "windMode": [-1,-1,-1,-1] },
										"down": { "texture": "#complete-fur-coat", "uv": [ 14.0, 0.0, 14.5, 0.5 ], "windMode": [-1,-1,-1,-1] }
									}
								},
								{
									"name": "Cube21",
									"from": [ 2.5, -1.7, 0.0 ],
									"to": [ 3.0, 0.3, 0.5 ],
									"autoUnwrap": false,
									"uv": [ 0.0, 0.0 ],
									"rotationOrigin": [ 2.7, 0.3, 0.0 ],
									"rotationZ": -14.0,
									"faces": {
										"north": { "texture": "#complete-fur-coat", "uv": [ 13.0, 0.0, 13.5, 2.0 ] },
										"east": { "texture": "#complete-fur-coat", "uv": [ 13.0, 0.0, 13.5, 2.0 ], "windMode": [-1,-1,-1,-1] },
										"south": { "texture": "#complete-fur-coat", "uv": [ 13.0, 0.0, 13.5, 2.0 ], "windMode": [-1,-1,-1,-1] },
										"west": { "texture": "#complete-fur-coat", "uv": [ 13.0, 0.0, 13.5, 2.0 ], "windMode": [-1,-1,-1,-1] },
										"up": { "texture": "#complete-fur-coat", "uv": [ 14.0, 0.0, 14.5, 0.5 ], "windMode": [-1,-1,-1,-1] },
										"down": { "texture": "#complete-fur-coat", "uv": [ 14.0, 0.0, 14.5, 0.5 ], "windMode": [-1,-1,-1,-1] }
									}
								}
							]
						},
						{
							"name": "Cube25",
							"from": [ -0.1, 3.3, 0.9 ],
							"to": [ 0.3, 3.8, 2.9 ],
							"autoUnwrap": false,
							"uv": [ 0.0, 0.0 ],
							"rotationOrigin": [ -0.1, 3.55, 1.9 ],
							"rotationX": 25.0,
							"faces": {
								"north": { "texture": "#complete-fur-coat", "uv": [ 13.0, 0.5, 13.5, 1.0 ], "windMode": [-1,-1,-1,-1] },
								"east": { "texture": "#complete-fur-coat", "uv": [ 12.5, 0.5, 14.5, 1.0 ], "windMode": [-1,-1,-1,-1] },
								"south": { "texture": "#complete-fur-coat", "uv": [ 13.5, 0.5, 14.0, 1.0 ], "windMode": [-1,-1,-1,-1] },
								"west": { "texture": "#complete-fur-coat", "uv": [ 13.0, 0.5, 15.0, 1.0 ], "windMode": [-1,-1,-1,-1] },
								"up": { "texture": "#complete-fur-coat", "uv": [ 13.0, 0.0, 15.0, 0.5 ], "rotation": 90, "windMode": [-1,-1,-1,-1] },
								"down": { "texture": "#complete-fur-coat", "uv": [ 13.0, 0.0, 15.0, 0.5 ], "rotation": 90, "windMode": [-1,-1,-1,-1] }
							}
						},
						{
							"name": "Cube26",
							"from": [ -0.2, 3.3, 0.9 ],
							"to": [ 0.2, 3.8, 2.9 ],
							"autoUnwrap": false,
							"uv": [ 0.0, 0.0 ],
							"rotationOrigin": [ -0.2, 3.55, 1.9 ],
							"rotationX": -25.0,
							"faces": {
								"north": { "texture": "#complete-fur-coat", "uv": [ 14.0, 0.5, 14.5, 1.0 ] },
								"east": { "texture": "#complete-fur-coat", "uv": [ 12.5, 0.5, 14.5, 1.0 ], "windMode": [-1,-1,-1,-1] },
								"south": { "texture": "#complete-fur-coat", "uv": [ 13.5, 0.5, 14.0, 1.0 ], "windMode": [-1,-1,-1,-1] },
								"west": { "texture": "#complete-fur-coat", "uv": [ 13.0, 0.5, 15.0, 1.0 ], "windMode": [-1,-1,-1,-1] },
								"up": { "texture": "#complete-fur-coat", "uv": [ 13.0, 0.0, 15.0, 0.5 ], "rotation": 90, "windMode": [-1,-1,-1,-1] },
								"down": { "texture": "#complete-fur-coat", "uv": [ 13.0, 0.0, 15.0, 0.5 ], "rotation": 90, "windMode": [-1,-1,-1,-1] }
							}
						}
					]
				}
			]
		},
		{
			"name": "shoe L",
			"stepParentName": "LowerFootL",
			"from": [ -0.4, -0.1, -0.4 ],
			"to": [ 4.4, 4.9, 3.4 ],
			"autoUnwrap": false,
			"uv": [ 0.0, 0.0 ],
			"rotationOrigin": [ -0.4, -0.1, -0.4 ],
			"faces": {
				"north": { "texture": "#complete-fur-coat", "uv": [ 16.0, 7.0, 20.0, 12.0 ], "autoUv": false, "windMode": [-1,-1,-1,-1] },
				"east": { "texture": "#complete-fur-coat", "uv": [ 27.0, 7.0, 30.0, 12.0 ], "autoUv": false, "windMode": [-1,-1,-1,-1] },
				"south": { "texture": "#complete-fur-coat", "uv": [ 23.0, 7.0, 27.0, 12.0 ], "autoUv": false, "windMode": [-1,-1,-1,-1] },
				"west": { "texture": "#complete-fur-coat", "uv": [ 20.0, 7.0, 23.0, 12.0 ], "autoUv": false, "windMode": [-1,-1,-1,-1] },
				"down": { "texture": "#complete-fur-coat", "uv": [ 16.5, 0.0, 19.5, 4.0 ], "rotation": 90, "autoUv": false, "windMode": [-1,-1,-1,-1] }
			},
			"children": [
				{
					"name": "Cube2",
					"from": [ -0.5, 0.0, 0.0 ],
					"to": [ 0.0, 1.5, 3.8 ],
					"autoUnwrap": false,
					"uv": [ 0.0, 0.0 ],
					"rotationOrigin": [ -0.5, 0.0, 0.0 ],
					"faces": {
						"north": { "texture": "#complete-fur-coat", "uv": [ 23.0, 10.5, 23.5, 12.0 ] },
						"east": { "texture": "#complete-fur-coat", "uv": [ 20.0, 10.5, 23.0, 12.0 ], "autoUv": false },
						"south": { "texture": "#complete-fur-coat", "uv": [ 19.5, 10.5, 20.0, 12.0 ] },
						"west": { "texture": "#complete-fur-coat", "uv": [ 20.0, 10.5, 23.0, 12.0 ], "autoUv": false },
						"up": { "texture": "#complete-fur-coat", "uv": [ 20.0, 10.5, 23.0, 11.0 ], "rotation": 90, "autoUv": false },
						"down": { "texture": "#complete-fur-coat", "uv": [ 13.0, 0.0, 13.5, 3.5 ] }
					}
				},
				{
					"name": "Cube3",
					"from": [ -0.5, 1.5, 0.6 ],
					"to": [ 0.0, 2.0, 3.2 ],
					"autoUnwrap": false,
					"uv": [ 0.0, 0.0 ],
					"rotationOrigin": [ -0.5, 1.5, 0.6 ],
					"faces": {
						"north": { "texture": "#complete-fur-coat", "uv": [ 23.0, 10.5, 23.5, 11.0 ], "windMode": [-1,-1,-1,-1] },
						"east": { "texture": "#complete-fur-coat", "uv": [ 20.0, 10.0, 23.0, 10.5 ], "autoUv": false, "windMode": [-1,-1,-1,-1] },
						"south": { "texture": "#complete-fur-coat", "uv": [ 19.5, 10.5, 20.0, 11.0 ], "windMode": [-1,-1,-1,-1] },
						"west": { "texture": "#complete-fur-coat", "uv": [ 20.5, 10.0, 22.5, 10.5 ], "autoUv": false, "windMode": [-1,-1,-1,-1] },
						"up": { "texture": "#complete-fur-coat", "uv": [ 20.5, 10.0, 22.5, 10.5 ], "rotation": 90, "autoUv": false, "windMode": [-1,-1,-1,-1] },
						"down": { "texture": "#complete-fur-coat", "uv": [ 13.0, 0.0, 13.5, 2.5 ] }
					}
				},
				{
					"name": "FootArmorL",
					"from": [ 0.0, 0.0, 0.0 ],
					"to": [ 1.0, 1.0, 1.0 ],
					"uv": [ 0.0, 0.0 ],
					"faces": {
					},
					"children": [
						{
							"name": "N fold 2",
							"from": [ 0.0, 5.0, 0.0 ],
							"to": [ 4.8, 6.0, 0.2 ],
							"autoUnwrap": false,
							"uv": [ 17.0, 5.5 ],
							"rotationOrigin": [ 0.0, 5.0, 0.2 ],
							"rotationX": -18.0,
							"faces": {
								"north": { "texture": "#complete-fur-coat", "uv": [ 17.0, 5.5, 21.0, 6.5 ], "autoUv": false, "windMode": [-1,-1,-1,-1] },
								"east": { "texture": "#complete-fur-coat", "uv": [ 21.0, 5.5, 21.5, 6.5 ], "windMode": [-1,-1,-1,-1] },
								"south": { "texture": "#complete-fur-coat", "uv": [ 21.5, 5.5, 26.0, 6.5 ], "windMode": [-1,-1,-1,-1] },
								"west": { "texture": "#complete-fur-coat", "uv": [ 25.5, 5.5, 26.0, 6.5 ], "windMode": [-1,-1,-1,-1] },
								"up": { "texture": "#complete-fur-coat", "uv": [ 17.0, 5.5, 21.5, 6.0 ], "rotation": 180, "windMode": [-1,-1,-1,-1] },
								"down": { "texture": "#complete-fur-coat", "uv": [ 21.0, 5.5, 25.5, 6.0 ], "windMode": [-1,-1,-1,-1] }
							}
						},
						{
							"name": "S fold 2",
							"from": [ 0.0, 5.0, 3.6 ],
							"to": [ 4.8, 6.0, 3.8 ],
							"autoUnwrap": false,
							"uv": [ 21.0, 5.5 ],
							"rotationOrigin": [ 0.0, 5.0, 3.6 ],
							"rotationX": 18.0,
							"faces": {
								"north": { "texture": "#complete-fur-coat", "uv": [ 21.0, 5.5, 25.0, 6.5 ], "autoUv": false },
								"east": { "texture": "#complete-fur-coat", "uv": [ 25.0, 5.5, 25.5, 6.5 ], "windMode": [-1,-1,-1,-1] },
								"south": { "texture": "#complete-fur-coat", "uv": [ 25.5, 5.5, 29.5, 6.5 ], "autoUv": false, "windMode": [-1,-1,-1,-1] },
								"west": { "texture": "#complete-fur-coat", "uv": [ 29.5, 5.5, 30.0, 6.5 ], "windMode": [-1,-1,-1,-1] },
								"up": { "texture": "#complete-fur-coat", "uv": [ 21.0, 5.5, 25.5, 6.0 ], "windMode": [-1,-1,-1,-1] },
								"down": { "texture": "#complete-fur-coat", "uv": [ 25.0, 5.5, 29.5, 6.0 ], "windMode": [-1,-1,-1,-1] }
							}
						},
						{
							"name": "back fold 2",
							"from": [ 4.6, 5.0, 0.0 ],
							"to": [ 4.8, 6.0, 3.8 ],
							"autoUnwrap": false,
							"uv": [ 0.0, 0.0 ],
							"rotationOrigin": [ 4.6, 5.0, 0.0 ],
							"rotationZ": -18.0,
							"faces": {
								"north": { "texture": "#complete-fur-coat", "uv": [ 19.5, 5.5, 20.0, 6.5 ], "autoUv": false },
								"east": { "texture": "#complete-fur-coat", "uv": [ 18.5, 5.5, 21.5, 6.5 ], "autoUv": false, "windMode": [-1,-1,-1,-1] },
								"south": { "texture": "#complete-fur-coat", "uv": [ 21.5, 5.5, 22.0, 6.5 ], "windMode": [-1,-1,-1,-1] },
								"west": { "texture": "#complete-fur-coat", "uv": [ 16.5, 5.5, 20.0, 6.5 ], "windMode": [-1,-1,-1,-1] },
								"up": { "texture": "#complete-fur-coat", "uv": [ 18.0, 5.5, 21.5, 6.0 ], "rotation": 270, "windMode": [-1,-1,-1,-1] },
								"down": { "texture": "#complete-fur-coat", "uv": [ 13.0, 0.0, 13.5, 3.5 ] }
							}
						},
						{
							"name": "front fold 2",
							"from": [ 0.0, 5.0, 0.0 ],
							"to": [ 0.2, 6.0, 3.8 ],
							"autoUnwrap": false,
							"uv": [ 22.5, -0.5 ],
							"rotationOrigin": [ 0.2, 5.0, 0.0 ],
							"rotationZ": 18.0,
							"faces": {
								"north": { "texture": "#complete-fur-coat", "uv": [ 26.0, 5.0, 26.5, 6.0 ], "autoUv": false },
								"east": { "texture": "#complete-fur-coat", "uv": [ 23.0, 5.5, 26.0, 6.5 ], "autoUv": false, "windMode": [-1,-1,-1,-1] },
								"south": { "texture": "#complete-fur-coat", "uv": [ 26.0, 5.0, 26.5, 6.0 ], "autoUv": false, "windMode": [-1,-1,-1,-1] },
								"west": { "texture": "#complete-fur-coat", "uv": [ 26.5, 5.5, 29.5, 6.5 ], "autoUv": false, "windMode": [-1,-1,-1,-1] },
								"up": { "texture": "#complete-fur-coat", "uv": [ 22.5, 5.5, 25.5, 6.0 ], "rotation": 90, "autoUv": false, "windMode": [-1,-1,-1,-1] },
								"down": { "texture": "#complete-fur-coat", "uv": [ 14.0, 0.5, 14.5, 3.5 ], "autoUv": false }
							}
						},
						{
							"name": "front fold 15",
							"from": [ 0.1, 5.0, 0.0 ],
							"to": [ 0.1, 7.5, 3.8 ],
							"autoUnwrap": false,
							"uv": [ 4.0, 8.5 ],
							"rotationOrigin": [ 0.3, 5.0, 0.1 ],
							"rotationZ": 8.0,
							"faces": {
								"west": { "texture": "#complete-fur-coat", "uv": [ 20.0, 4.5, 23.0, 7.0 ], "autoUv": false }
							}
						},
						{
							"name": "S fold 16",
							"from": [ 0.0, 5.0, 3.7 ],
							"to": [ 4.8, 7.5, 3.7 ],
							"autoUnwrap": false,
							"uv": [ 7.0, 8.5 ],
							"rotationOrigin": [ 0.0, 5.0, 3.6 ],
							"rotationX": 8.0,
							"faces": {
								"south": { "texture": "#complete-fur-coat", "uv": [ 23.0, 4.5, 27.0, 7.0 ], "autoUv": false }
							}
						},
						{
							"name": "back fold 17",
							"from": [ 4.7, 5.0, 0.0 ],
							"to": [ 4.7, 7.5, 3.8 ],
							"autoUnwrap": false,
							"uv": [ 11.0, 8.5 ],
							"rotationOrigin": [ 4.7, 5.0, 0.0 ],
							"rotationZ": -8.0,
							"faces": {
								"east": { "texture": "#complete-fur-coat", "uv": [ 27.0, 4.5, 30.0, 7.0 ], "autoUv": false }
							}
						},
						{
							"name": "N fold 18",
							"from": [ 0.0, 5.0, 0.1 ],
							"to": [ 4.8, 7.5, 0.1 ],
							"autoUnwrap": false,
							"uv": [ 0.0, 8.5 ],
							"rotationOrigin": [ 0.0, 5.0, 0.1 ],
							"rotationX": -8.0,
							"faces": {
								"north": { "texture": "#complete-fur-coat", "uv": [ 16.0, 4.5, 20.0, 7.0 ], "autoUv": false }
							}
						},
						{
							"name": "Cube22",
							"from": [ -0.1, 4.3, -0.1 ],
							"to": [ 4.9, 4.8, 3.9 ],
							"autoUnwrap": false,
							"uv": [ 0.0, 0.0 ],
							"rotationOrigin": [ -0.1, 4.3, -0.1 ],
							"faces": {
								"north": { "texture": "#complete-fur-coat", "uv": [ 12.5, 1.0, 15.5, 1.5 ], "autoUv": false },
								"east": { "texture": "#complete-fur-coat", "uv": [ 12.5, 1.5, 15.5, 2.0 ], "autoUv": false, "windMode": [-1,-1,-1,-1] },
								"south": { "texture": "#complete-fur-coat", "uv": [ 12.5, 3.0, 15.5, 3.5 ], "autoUv": false, "windMode": [-1,-1,-1,-1] },
								"west": { "texture": "#complete-fur-coat", "uv": [ 12.5, 3.0, 15.5, 3.5 ], "autoUv": false, "windMode": [-1,-1,-1,-1] },
								"up": { "texture": "#complete-fur-coat", "uv": [ 16.5, 0.0, 19.5, 4.0 ], "rotation": 90, "autoUv": false, "windMode": [-1,-1,-1,-1] },
								"down": { "texture": "#complete-fur-coat", "uv": [ 16.5, 0.0, 19.5, 4.0 ], "rotation": 90, "autoUv": false, "windMode": [-1,-1,-1,-1] }
							},
							"children": [
								{
									"name": "Cube23",
									"from": [ 2.6, -1.7, 3.7 ],
									"to": [ 3.1, 0.3, 4.2 ],
									"uv": [ 13.0, 0.0 ],
									"rotationOrigin": [ 2.8, 0.3, 3.8 ],
									"rotationZ": 14.0,
									"faces": {
										"north": { "texture": "#complete-fur-coat", "uv": [ 13.0, 0.5, 13.5, 2.5 ] },
										"east": { "texture": "#complete-fur-coat", "uv": [ 13.5, 0.5, 14.0, 2.5 ] },
										"south": { "texture": "#complete-fur-coat", "uv": [ 14.0, 0.5, 14.5, 2.5 ] },
										"west": { "texture": "#complete-fur-coat", "uv": [ 14.5, 0.5, 15.0, 2.5 ] },
										"up": { "texture": "#complete-fur-coat", "uv": [ 13.0, 0.0, 13.5, 0.5 ] },
										"down": { "texture": "#complete-fur-coat", "uv": [ 13.5, 0.0, 14.0, 0.5 ] }
									}
								},
								{
									"name": "Cube24",
									"from": [ 2.5, -1.7, 3.6 ],
									"to": [ 3.0, 0.3, 4.1 ],
									"uv": [ 13.0, 0.0 ],
									"rotationOrigin": [ 2.7, 0.3, 3.6 ],
									"rotationZ": -14.0,
									"faces": {
										"north": { "texture": "#complete-fur-coat", "uv": [ 13.0, 0.5, 13.5, 2.5 ] },
										"east": { "texture": "#complete-fur-coat", "uv": [ 13.5, 0.5, 14.0, 2.5 ] },
										"south": { "texture": "#complete-fur-coat", "uv": [ 14.0, 0.5, 14.5, 2.5 ] },
										"west": { "texture": "#complete-fur-coat", "uv": [ 14.5, 0.5, 15.0, 2.5 ] },
										"up": { "texture": "#complete-fur-coat", "uv": [ 13.0, 0.0, 13.5, 0.5 ] },
										"down": { "texture": "#complete-fur-coat", "uv": [ 13.5, 0.0, 14.0, 0.5 ] }
									}
								}
							]
						},
						{
							"name": "Cube27",
							"from": [ -0.1, 3.3, 0.9 ],
							"to": [ 0.3, 3.8, 2.9 ],
							"autoUnwrap": false,
							"uv": [ 23.0, 0.0 ],
							"rotationOrigin": [ -0.1, 3.55, 1.9 ],
							"rotationX": -25.0,
							"faces": {
								"north": { "texture": "#complete-fur-coat", "uv": [ 12.5, 2.0, 15.5, 2.5 ], "autoUv": false },
								"east": { "texture": "#complete-fur-coat", "uv": [ 13.5, 2.0, 15.5, 2.5 ] },
								"south": { "texture": "#complete-fur-coat", "uv": [ 12.5, 1.5, 15.5, 2.0 ], "autoUv": false },
								"west": { "texture": "#complete-fur-coat", "uv": [ 13.5, 1.0, 15.5, 1.5 ] },
								"up": { "texture": "#complete-fur-coat", "uv": [ 13.5, 1.0, 15.5, 1.5 ], "rotation": 90 },
								"down": { "texture": "#complete-fur-coat", "uv": [ 13.5, 1.0, 15.5, 1.5 ], "rotation": 90 }
							}
						},
						{
							"name": "Cube28",
							"from": [ -0.2, 3.3, 0.9 ],
							"to": [ 0.2, 3.8, 2.9 ],
							"autoUnwrap": false,
							"uv": [ 29.0, 0.0 ],
							"rotationOrigin": [ -0.2, 3.55, 1.9 ],
							"rotationX": 25.0,
							"faces": {
								"north": { "texture": "#complete-fur-coat", "uv": [ 12.5, 2.0, 15.5, 2.5 ], "autoUv": false },
								"east": { "texture": "#complete-fur-coat", "uv": [ 13.5, 1.0, 15.5, 1.5 ] },
								"south": { "texture": "#complete-fur-coat", "uv": [ 12.5, 1.5, 15.5, 2.0 ], "autoUv": false },
								"west": { "texture": "#complete-fur-coat", "uv": [ 13.5, 0.5, 15.5, 1.0 ] },
								"up": { "texture": "#complete-fur-coat", "uv": [ 12.5, 1.0, 14.5, 1.5 ], "rotation": 90 },
								"down": { "texture": "#complete-fur-coat", "uv": [ 13.0, 1.0, 15.0, 1.5 ], "rotation": 90 }
							}
						}
					]
				}
			]
		}
	]}