{
  "editor": {
    "backDropShape": "entity/humanoid/seraph-faceless",
    "allAngles": true,
    "entityTextureMode": true
  },
  "textureWidth": 32,
  "textureHeight": 76,
  "textureSizes": {
  },
  "textures": {
    "parttexture": "seraph-for-eyes-black"
  },
  "elements": [
    {
      "name": "eyesroot",
      "stepParentName": "Head",
      "from": [
        0.0,
        0.0,
        0.0
      ],
      "to": [
        5.5,
        5.0,
        5.0
      ],
      "unwrapMode": 4,
      "uv": [
        0.0,
        0.0
      ],
      "faces": {
      },
      "children": [
        {
          "name": "mouth",
          "from": [
            -0.1,
            0.65,
            2.0
          ],
          "to": [
            0.0,
            0.95,
            3.0
          ],
          "unwrapMode": 4,
          "uv": [
            29.0,
            8.5
          ],
          "rotationOrigin": [
            -0.1,
            0.7,
            2.5
          ],
          "faces": {
            "north": {
              "texture": "#parttexture",
              "uv": [
                29.0,
                9.0,
                29.5,
                9.5
              ]
            },
            "south": {
              "texture": "#parttexture",
              "uv": [
                30.5,
                9.0,
                31.0,
                9.5
              ]
            },
            "west": {
              "texture": "#parttexture",
              "uv": [
                29.5,
                9.0,
                30.5,
                9.5
              ]
            },
            "up": {
              "texture": "#parttexture",
              "uv": [
                29.5,
                8.5,
                30.5,
                9.0
              ],
              "rotation": 90
            },
            "down": {
              "texture": "#parttexture",
              "uv": [
                29.5,
                9.5,
                30.5,
                10.0
              ],
              "rotation": 90
            }
          },
          "children": [
            {
              "name": "mouth L",
              "from": [
                0.05,
                0.0,
                -0.45
              ],
              "to": [
                0.15,
                0.3,
                0.35
              ],
              "unwrapMode": 4,
              "uv": [
                30.0,
                7.5
              ],
              "rotationOrigin": [
                0.05,
                -0.1,
                0.4
              ],
              "rotationX": 1.0,
              "faces": {
                "north": {
                  "texture": "#parttexture",
                  "uv": [
                    30.0,
                    8.0,
                    30.5,
                    8.5
                  ]
                },
                "south": {
                  "texture": "#parttexture",
                  "uv": [
                    31.0,
                    8.0,
                    31.5,
                    8.5
                  ]
                },
                "west": {
                  "texture": "#parttexture",
                  "uv": [
                    30.5,
                    8.0,
                    31.0,
                    8.5
                  ]
                },
                "up": {
                  "texture": "#parttexture",
                  "uv": [
                    30.5,
                    7.5,
                    31.0,
                    8.0
                  ],
                  "rotation": 90
                },
                "down": {
                  "texture": "#parttexture",
                  "uv": [
                    30.5,
                    8.5,
                    31.0,
                    9.0
                  ],
                  "rotation": 90
                }
              }
            },
            {
              "name": "mouth R",
              "from": [
                0.05,
                0.0,
                0.65
              ],
              "to": [
                0.15,
                0.3,
                1.45
              ],
              "unwrapMode": 4,
              "uv": [
                28.0,
                7.5
              ],
              "rotationOrigin": [
                0.05,
                -0.1,
                0.6
              ],
              "rotationX": -1.0,
              "faces": {
                "north": {
                  "texture": "#parttexture",
                  "uv": [
                    28.0,
                    8.0,
                    28.5,
                    8.5
                  ]
                },
                "south": {
                  "texture": "#parttexture",
                  "uv": [
                    29.0,
                    8.0,
                    29.5,
                    8.5
                  ]
                },
                "west": {
                  "texture": "#parttexture",
                  "uv": [
                    28.5,
                    8.0,
                    29.0,
                    8.5
                  ]
                },
                "up": {
                  "texture": "#parttexture",
                  "uv": [
                    28.5,
                    7.5,
                    29.0,
                    8.0
                  ],
                  "rotation": 90
                },
                "down": {
                  "texture": "#parttexture",
                  "uv": [
                    28.5,
                    8.5,
                    29.0,
                    9.0
                  ],
                  "rotation": 90
                }
              }
            }
          ]
        }
      ],
      "attachmentpoints": [
        {
          "code": "Eyes",
          "posX": "1.3",
          "posY": "3.5",
          "posZ": "2.5",
          "rotationX": "0.0",
          "rotationY": "-90.0",
          "rotationZ": "0.0"
        }
      ]
    }
  ],
  "animations": [
  ]
}