{
	"editor": {
		"collapsedPaths": "Root/Body/Left Shoulder,Root/Body/Right Shoulder",
		"allAngles": true,
		"entityTextureMode": true
	},
	"textureWidth": 52,
	"textureHeight": 64,
	"textureSizes": {
		"skin": [52,64]
	},
	"textures": {
	},
	"elements": [
		{
			"name": "Neck",
			"from": [ 15.5, 10.0, 6.75 ],
			"to": [ 19.0, 15.4, 9.25 ],
			"unwrapMode": 2,
			"uv": [ 5.0, 9.0 ],
			"rotationOrigin": [ 18.7, 10.0, 8.0 ],
			"rotationZ": 43.0,
			"faces": {
				"north": { "texture": "#skin", "uv": [ 11.0, 12.5, 14.5, 17.5 ], "windMode": [-1,-1,-1,-1], "windData": [0,0,1,0] },
				"east": { "texture": "#skin", "uv": [ 8.5, 12.5, 11.0, 17.5 ], "windMode": [-1,-1,-1,-1], "windData": [1,0,0,1] },
				"south": { "texture": "#skin", "uv": [ 5.0, 12.5, 8.5, 17.5 ] },
				"west": { "texture": "#skin", "uv": [ 14.5, 12.5, 17.0, 17.5 ] },
				"up": { "texture": "#skin", "uv": [ 8.5, 9.0, 11.0, 12.5 ], "rotation": 270 }
			},
			"children": [
				{
					"name": "Neck2",
					"from": [ 0.4, 3.2, 0.1 ],
					"to": [ 3.4, 8.6, 2.4 ],
					"unwrapMode": 2,
					"uv": [ 5.5, 0.0 ],
					"rotationOrigin": [ 3.1, 4.8, 1.25 ],
					"rotationZ": -21.5,
					"faces": {
						"north": { "texture": "#skin", "uv": [ 10.5, 3.0, 13.5, 8.0 ], "windMode": [-1,-1,-1,-1], "windData": [1,1,1,1] },
						"east": { "texture": "#skin", "uv": [ 8.5, 3.0, 10.5, 8.0 ], "windMode": [-1,-1,-1,-1], "windData": [1,1,1,1] },
						"south": { "texture": "#skin", "uv": [ 5.5, 3.0, 8.5, 8.0 ], "windMode": [-1,-1,-1,-1], "windData": [1,1,1,1] },
						"west": { "texture": "#skin", "uv": [ 13.5, 3.0, 15.5, 8.0 ], "windMode": [-1,-1,-1,-1], "windData": [1,1,1,1] },
						"up": { "texture": "#skin", "uv": [ 8.5, 0.0, 10.5, 3.0 ], "rotation": 270, "windMode": [-1,-1,-1,-1], "windData": [1,1,1,1] }
					},
					"children": [
						{
							"name": "Head",
							"from": [ 0.2, 2.2, -0.1 ],
							"to": [ 2.7, 5.9, 2.4 ],
							"unwrapMode": 4,
							"uv": [ 18.5, 2.5 ],
							"rotationOrigin": [ 2.9, 5.9, 1.15 ],
							"rotationZ": -28.0,
							"faces": {
								"north": { "texture": "#skin", "uv": [ 18.5, 5.0, 21.0, 8.5 ] },
								"east": { "texture": "#skin", "uv": [ 26.0, 5.0, 28.5, 8.5 ] },
								"south": { "texture": "#skin", "uv": [ 23.5, 5.0, 26.0, 8.5 ] },
								"west": { "texture": "#skin", "uv": [ 21.0, 5.0, 23.5, 8.5 ] },
								"up": { "texture": "#skin", "uv": [ 21.0, 2.5, 23.5, 5.0 ], "rotation": 90 },
								"down": { "texture": "#skin", "uv": [ 21.0, 8.5, 23.5, 11.0 ], "rotation": 90 }
							},
							"children": [
								{
									"name": "MouthUp",
									"from": [ -2.0, 0.5, 0.6 ],
									"to": [ 0.5, 1.5, 1.9 ],
									"unwrapMode": 5,
									"unwrapRotation": 1,
									"uv": [ 21.0, 16.0 ],
									"rotationOrigin": [ 0.4, 1.1, 1.25 ],
									"rotationZ": 25.0,
									"faces": {
										"north": { "texture": "#skin", "uv": [ 21.0, 16.0, 22.0, 18.5 ], "rotation": 270 },
										"south": { "texture": "#skin", "uv": [ 23.0, 16.0, 24.0, 18.5 ], "rotation": 90 },
										"west": { "texture": "#skin", "uv": [ 22.0, 18.5, 23.0, 19.5 ] },
										"up": { "texture": "#skin", "uv": [ 22.0, 16.0, 23.0, 18.5 ], "rotation": 90 },
										"down": { "texture": "#skin", "uv": [ 24.0, 16.0, 25.0, 18.5 ], "rotation": 270 }
									},
									"children": [
										{
											"name": "Nose",
											"from": [ 1.0, 0.0, 0.1 ],
											"to": [ 4.5, 1.2, 1.2 ],
											"unwrapMode": 5,
											"unwrapRotation": 1,
											"uv": [ 17.5, 10.5 ],
											"rotationOrigin": [ 1.0, 0.0, 0.65 ],
											"rotationZ": 35.0,
											"faces": {
												"north": { "texture": "#skin", "uv": [ 17.5, 10.5, 18.5, 14.0 ], "rotation": 270 },
												"south": { "texture": "#skin", "uv": [ 19.5, 10.5, 20.5, 14.0 ], "rotation": 90 },
												"west": { "texture": "#skin", "uv": [ 18.5, 14.0, 19.5, 15.0 ], "windMode": [-1,-1,-1,-1], "windData": [1,1,1,1] },
												"up": { "texture": "#skin", "uv": [ 18.5, 10.5, 19.5, 14.0 ], "rotation": 90 }
											},
											"children": [
												{
													"name": "Snout",
													"from": [ -0.5, 0.3, 0.05 ],
													"to": [ 0.6, 1.1, 1.05 ],
													"unwrapMode": 4,
													"uv": [ 0.0, 9.0 ],
													"rotationOrigin": [ 0.6, 1.1, 0.6 ],
													"rotationZ": -25.0,
													"faces": {
														"north": { "texture": "#skin", "uv": [ 0.0, 10.0, 1.0, 10.5 ], "windMode": [-1,-1,-1,-1], "windData": [1,1,1,1] },
														"east": { "texture": "#skin", "uv": [ 3.0, 10.0, 4.0, 10.5 ], "windMode": [-1,-1,-1,-1], "windData": [1,1,1,1] },
														"south": { "texture": "#skin", "uv": [ 2.0, 10.0, 3.0, 10.5 ], "windMode": [-1,-1,-1,-1], "windData": [1,1,1,1] },
														"west": { "texture": "#skin", "uv": [ 1.0, 10.0, 2.0, 10.5 ], "windMode": [-1,-1,-1,-1], "windData": [1,1,1,1] },
														"up": { "texture": "#skin", "uv": [ 1.0, 9.0, 2.0, 10.0 ], "rotation": 90, "windMode": [-1,-1,-1,-1], "windData": [1,1,1,1] },
														"down": { "texture": "#skin", "uv": [ 1.0, 10.5, 2.0, 11.5 ], "rotation": 90, "windMode": [-1,-1,-1,-1], "windData": [1,1,1,1] }
													}
												}
											]
										},
										{
											"name": "Jaw",
											"from": [ 1.3, -0.6537, 0.05 ],
											"to": [ 2.7, 0.3463, 1.25 ],
											"unwrapMode": 5,
											"unwrapRotation": 1,
											"autoUnwrap": false,
											"uv": [ 21.0, 20.0 ],
											"rotationOrigin": [ 2.3, -0.1537, 0.8 ],
											"rotationZ": -13.0,
											"faces": {
												"north": { "texture": "#skin", "uv": [ 24.5, 20.0, 25.5, 21.0 ], "rotation": 270 },
												"south": { "texture": "#skin", "uv": [ 23.0, 20.0, 24.0, 21.0 ], "rotation": 90 },
												"west": { "texture": "#skin", "uv": [ 22.0, 21.0, 23.0, 22.0 ] },
												"up": { "texture": "#skin", "uv": [ 22.0, 20.0, 23.0, 21.0 ], "rotation": 90 },
												"down": { "texture": "#skin", "uv": [ 24.0, 20.0, 25.0, 21.0 ], "rotation": 270 }
											},
											"children": [
												{
													"name": "Jaw2",
													"from": [ -1.2, 0.0, 0.01 ],
													"to": [ 0.0, 0.5, 1.19 ],
													"unwrapMode": 5,
													"unwrapRotation": 1,
													"uv": [ 21.5, 21.0 ],
													"rotationOrigin": [ 0.0, 0.5, 0.75 ],
													"rotationZ": 10.0,
													"faces": {
														"north": { "texture": "#skin", "uv": [ 21.5, 21.0, 22.0, 22.0 ], "rotation": 270 },
														"south": { "texture": "#skin", "uv": [ 23.0, 21.0, 23.5, 22.0 ], "rotation": 90 },
														"west": { "texture": "#skin", "uv": [ 22.0, 22.0, 23.0, 22.5 ] },
														"up": { "texture": "#skin", "uv": [ 22.0, 21.0, 23.0, 22.0 ], "rotation": 90 },
														"down": { "texture": "#skin", "uv": [ 23.5, 21.0, 24.5, 22.0 ], "rotation": 270, "windMode": [-1,-1,-1,-1], "windData": [1,1,1,1] }
													}
												}
											]
										}
									]
								},
								{
									"name": "R Ear",
									"from": [ 1.4, 2.8, -1.2 ],
									"to": [ 1.7, 3.8, 0.3 ],
									"unwrapMode": 4,
									"unwrapRotation": 1,
									"uv": [ 28.5, 1.0 ],
									"rotationOrigin": [ 1.6, 3.3, 0.3 ],
									"rotationX": 45.0,
									"rotationZ": 22.0,
									"faces": {
										"north": { "texture": "#skin", "uv": [ 29.0, 2.5, 30.0, 3.0 ], "rotation": 90 },
										"east": { "texture": "#skin", "uv": [ 30.5, 1.0, 31.5, 2.5 ], "rotation": 270 },
										"west": { "texture": "#skin", "uv": [ 29.0, 1.0, 30.0, 2.5 ], "rotation": 90 },
										"up": { "texture": "#skin", "uv": [ 28.5, 1.0, 29.0, 2.5 ], "rotation": 180 },
										"down": { "texture": "#skin", "uv": [ 30.0, 1.0, 30.5, 2.5 ], "rotation": 180 }
									},
									"children": [
										{
											"name": "R Ear2",
											"from": [ 0.0, 0.3, -1.5 ],
											"to": [ 0.3, 1.0, 0.0 ],
											"unwrapMode": 4,
											"unwrapRotation": 1,
											"autoUnwrap": false,
											"uv": [ 29.0, 2.0 ],
											"rotationOrigin": [ 0.2, 1.0, 0.0 ],
											"rotationX": -12.0,
											"rotationZ": -2.0,
											"faces": {
												"north": { "texture": "#skin", "uv": [ 29.0, 3.5, 29.5, 4.0 ], "rotation": 90 },
												"east": { "texture": "#skin", "uv": [ 30.0, 2.0, 30.5, 3.5 ], "rotation": 270 },
												"west": { "texture": "#skin", "uv": [ 29.0, 2.0, 29.5, 3.5 ], "rotation": 90 },
												"up": { "texture": "#skin", "uv": [ 28.5, 2.0, 29.0, 3.5 ], "rotation": 180 },
												"down": { "texture": "#skin", "uv": [ 29.5, 2.0, 30.0, 3.5 ], "rotation": 180 }
											}
										},
										{
											"name": "R Ear3",
											"from": [ 0.0, 0.0, 0.0 ],
											"to": [ 0.3, 1.0, 1.0 ],
											"unwrapMode": 4,
											"unwrapRotation": 1,
											"uv": [ 28.5, 1.5 ],
											"rotationOrigin": [ 0.2, 0.0, 1.0 ],
											"rotationX": -30.0,
											"rotationZ": -2.0,
											"faces": {
												"north": { "texture": "#skin", "uv": [ 29.0, 2.5, 30.0, 3.0 ], "rotation": 90 },
												"east": { "texture": "#skin", "uv": [ 30.5, 1.5, 31.5, 2.5 ], "rotation": 270 },
												"west": { "texture": "#skin", "uv": [ 29.0, 1.5, 30.0, 2.5 ], "rotation": 90 },
												"up": { "texture": "#skin", "uv": [ 28.5, 1.5, 29.0, 2.5 ], "rotation": 180 },
												"down": { "texture": "#skin", "uv": [ 30.0, 1.5, 30.5, 2.5 ], "rotation": 180 }
											},
											"children": [
												{
													"name": "R Ear4",
													"from": [ 0.0, 0.0, -1.6 ],
													"to": [ 0.3, 0.7, 0.0 ],
													"unwrapMode": 4,
													"unwrapRotation": 1,
													"uv": [ 29.0, 2.0 ],
													"rotationOrigin": [ 0.0, 0.0, 0.0 ],
													"rotationX": 47.0,
													"rotationZ": 2.0,
													"faces": {
														"north": { "texture": "#skin", "uv": [ 29.5, 3.5, 30.0, 4.0 ], "rotation": 90 },
														"east": { "texture": "#skin", "uv": [ 30.5, 2.0, 31.0, 3.5 ], "rotation": 270 },
														"west": { "texture": "#skin", "uv": [ 29.5, 2.0, 30.0, 3.5 ], "rotation": 90 },
														"up": { "texture": "#skin", "uv": [ 29.0, 2.0, 29.5, 3.5 ], "rotation": 180 },
														"down": { "texture": "#skin", "uv": [ 30.0, 2.0, 30.5, 3.5 ], "rotation": 180 }
													}
												}
											]
										}
									]
								},
								{
									"name": "L Ear",
									"from": [ 1.4, 2.8, 2.2 ],
									"to": [ 1.7, 3.8, 3.7 ],
									"unwrapMode": 4,
									"unwrapRotation": 1,
									"uv": [ 25.0, 1.5 ],
									"rotationOrigin": [ 1.6, 3.3, 2.2 ],
									"rotationX": -45.0,
									"rotationZ": 22.0,
									"faces": {
										"east": { "texture": "#skin", "uv": [ 27.0, 2.0, 28.0, 3.5 ], "rotation": 270 },
										"south": { "texture": "#skin", "uv": [ 25.5, 1.5, 26.5, 2.0 ], "rotation": 90 },
										"west": { "texture": "#skin", "uv": [ 25.5, 2.0, 26.5, 3.5 ], "rotation": 90 },
										"up": { "texture": "#skin", "uv": [ 25.0, 2.0, 25.5, 3.5 ], "rotation": 180 },
										"down": { "texture": "#skin", "uv": [ 26.5, 2.0, 27.0, 3.5 ], "rotation": 180 }
									},
									"children": [
										{
											"name": "L Ear2",
											"from": [ 0.0, 0.3, 1.5 ],
											"to": [ 0.3, 1.0, 3.0 ],
											"unwrapMode": 4,
											"unwrapRotation": 1,
											"uv": [ 25.0, 0.5 ],
											"rotationOrigin": [ 0.0, 1.0, 1.5 ],
											"rotationX": 12.0,
											"rotationZ": 2.0,
											"faces": {
												"east": { "texture": "#skin", "uv": [ 26.5, 1.0, 27.0, 2.5 ], "rotation": 270 },
												"south": { "texture": "#skin", "uv": [ 25.5, 0.5, 26.0, 1.0 ], "rotation": 90 },
												"west": { "texture": "#skin", "uv": [ 25.5, 1.0, 26.0, 2.5 ], "rotation": 90 },
												"up": { "texture": "#skin", "uv": [ 25.0, 1.0, 25.5, 2.5 ], "rotation": 180 },
												"down": { "texture": "#skin", "uv": [ 26.0, 1.0, 26.5, 2.5 ], "rotation": 180 }
											}
										},
										{
											"name": "L Ear3",
											"from": [ 0.0, 0.0, 0.3 ],
											"to": [ 0.3, 1.0, 1.3 ],
											"unwrapMode": 4,
											"unwrapRotation": 1,
											"uv": [ 25.0, 2.0 ],
											"rotationOrigin": [ 0.0, 0.0, 0.3 ],
											"rotationX": 30.0,
											"rotationZ": -2.0,
											"faces": {
												"east": { "texture": "#skin", "uv": [ 27.0, 2.5, 28.0, 3.5 ], "rotation": 270 },
												"south": { "texture": "#skin", "uv": [ 25.5, 2.0, 26.5, 2.5 ], "rotation": 90 },
												"west": { "texture": "#skin", "uv": [ 25.5, 2.5, 26.5, 3.5 ], "rotation": 90 },
												"up": { "texture": "#skin", "uv": [ 25.0, 2.5, 25.5, 3.5 ], "rotation": 180 },
												"down": { "texture": "#skin", "uv": [ 26.5, 2.5, 27.0, 3.5 ], "rotation": 180 }
											},
											"children": [
												{
													"name": "L Ear4",
													"from": [ 0.0, 0.0, 1.0 ],
													"to": [ 0.3, 0.7, 2.7 ],
													"unwrapMode": 4,
													"unwrapRotation": 1,
													"uv": [ 25.5, 0.5 ],
													"rotationOrigin": [ 0.0, 0.0, 1.0 ],
													"rotationX": -47.0,
													"rotationZ": -2.0,
													"faces": {
														"east": { "texture": "#skin", "uv": [ 27.0, 1.0, 27.5, 2.5 ], "rotation": 270 },
														"south": { "texture": "#skin", "uv": [ 26.0, 0.5, 26.5, 1.0 ], "rotation": 90 },
														"west": { "texture": "#skin", "uv": [ 26.0, 1.0, 26.5, 2.5 ], "rotation": 90 },
														"up": { "texture": "#skin", "uv": [ 25.5, 1.0, 26.0, 2.5 ], "rotation": 180 },
														"down": { "texture": "#skin", "uv": [ 26.5, 1.0, 27.0, 2.5 ], "rotation": 180 }
													}
												}
											]
										}
									]
								},
								{
									"name": "R Eye",
									"from": [ 0.29, 2.2, -0.01 ],
									"to": [ 0.89, 2.5, 0.21 ],
									"unwrapMode": 1,
									"uv": [ 2.0, 3.0 ],
									"rotationOrigin": [ 0.2, 2.2, 0.0 ],
									"rotationZ": 20.0,
									"faces": {
										"north": { "texture": "#skin", "uv": [ 2.5, 3.0, 3.0, 3.5 ] },
										"east": { "texture": "#skin", "uv": [ 2.0, 3.0, 2.5, 3.5 ], "windMode": [-1,-1,-1,-1], "windData": [1,1,1,1] },
										"west": { "texture": "#skin", "uv": [ 3.0, 3.0, 3.5, 3.5 ], "windMode": [-1,-1,-1,-1], "windData": [1,1,1,1] },
										"down": { "texture": "#skin", "uv": [ 2.5, 3.5, 3.0, 4.0 ], "windMode": [-1,-1,-1,-1], "windData": [1,1,1,1] }
									},
									"children": [
										{
											"name": "R Eye2",
											"from": [ 0.0, 0.3, 0.0 ],
											"to": [ 0.6, 0.6, 0.22 ],
											"unwrapMode": 1,
											"uv": [ 2.0, 2.0 ],
											"rotationOrigin": [ -0.09, 0.3, 0.01 ],
											"faces": {
												"north": { "texture": "#skin", "uv": [ 2.5, 2.5, 3.0, 3.0 ] },
												"east": { "texture": "#skin", "uv": [ 2.0, 2.5, 2.5, 3.0 ], "windMode": [-1,-1,-1,-1], "windData": [1,1,1,1] },
												"west": { "texture": "#skin", "uv": [ 3.0, 2.5, 3.5, 3.0 ], "windMode": [-1,-1,-1,-1], "windData": [1,1,1,1] },
												"up": { "texture": "#skin", "uv": [ 2.5, 2.0, 3.0, 2.5 ], "rotation": 180, "windMode": [-1,-1,-1,-1], "windData": [1,1,1,1] }
											}
										},
										{
											"name": "R Pupil",
											"from": [ 0.1, 0.15, -0.01 ],
											"to": [ 0.5, 0.45, 0.21 ],
											"unwrapMode": 1,
											"uv": [ 4.5, 1.0 ],
											"rotationOrigin": [ 0.01, 0.1, -0.01 ],
											"faces": {
												"north": { "texture": "#skin", "uv": [ 5.0, 1.5, 5.5, 2.0 ] },
												"east": { "texture": "#skin", "uv": [ 4.5, 1.5, 5.0, 2.0 ], "windMode": [-1,-1,-1,-1], "windData": [1,1,1,1] },
												"west": { "texture": "#skin", "uv": [ 5.5, 1.5, 6.0, 2.0 ], "windMode": [-1,-1,-1,-1], "windData": [1,1,1,1] },
												"up": { "texture": "#skin", "uv": [ 5.0, 1.0, 5.5, 1.5 ], "rotation": 180, "windMode": [-1,-1,-1,-1], "windData": [1,1,1,1] },
												"down": { "texture": "#skin", "uv": [ 5.0, 2.0, 5.5, 2.5 ], "windMode": [-1,-1,-1,-1], "windData": [1,1,1,1] }
											}
										}
									]
								},
								{
									"name": "L Eye",
									"from": [ 0.29, 2.2, 2.29 ],
									"to": [ 0.89, 2.5, 2.51 ],
									"unwrapMode": 3,
									"uv": [ 2.0, 3.0 ],
									"rotationOrigin": [ 0.2, 2.2, 2.3 ],
									"rotationZ": 20.0,
									"faces": {
										"east": { "texture": "#skin", "uv": [ 3.0, 3.0, 3.5, 3.5 ], "windMode": [-1,-1,-1,-1], "windData": [1,1,1,1] },
										"south": { "texture": "#skin", "uv": [ 2.5, 3.0, 3.0, 3.5 ] },
										"west": { "texture": "#skin", "uv": [ 2.0, 3.0, 2.5, 3.5 ], "windMode": [-1,-1,-1,-1], "windData": [1,1,1,1] },
										"down": { "texture": "#skin", "uv": [ 2.5, 3.5, 3.0, 4.0 ], "rotation": 180, "windMode": [-1,-1,-1,-1], "windData": [1,1,1,1] }
									},
									"children": [
										{
											"name": "L Eye2",
											"from": [ 0.0, 0.3, 0.0 ],
											"to": [ 0.6, 0.6, 0.22 ],
											"unwrapMode": 3,
											"uv": [ 2.0, 2.0 ],
											"rotationOrigin": [ -0.09, 0.3, 0.01 ],
											"faces": {
												"east": { "texture": "#skin", "uv": [ 3.0, 2.5, 3.5, 3.0 ], "windMode": [-1,-1,-1,-1], "windData": [1,1,1,1] },
												"south": { "texture": "#skin", "uv": [ 2.5, 2.5, 3.0, 3.0 ] },
												"west": { "texture": "#skin", "uv": [ 2.0, 2.5, 2.5, 3.0 ], "windMode": [-1,-1,-1,-1], "windData": [1,1,1,1] },
												"up": { "texture": "#skin", "uv": [ 2.5, 2.0, 3.0, 2.5 ], "windMode": [-1,-1,-1,-1], "windData": [1,1,1,1] }
											}
										},
										{
											"name": "L Pupil",
											"from": [ 0.1, 0.15, 0.01 ],
											"to": [ 0.5, 0.45, 0.23 ],
											"unwrapMode": 3,
											"uv": [ 4.5, 1.0 ],
											"rotationOrigin": [ 0.01, 0.1, 0.01 ],
											"faces": {
												"east": { "texture": "#skin", "uv": [ 5.5, 1.5, 6.0, 2.0 ], "windMode": [-1,-1,-1,-1], "windData": [1,1,1,1] },
												"south": { "texture": "#skin", "uv": [ 5.0, 1.5, 5.5, 2.0 ] },
												"west": { "texture": "#skin", "uv": [ 4.5, 1.5, 5.0, 2.0 ], "windMode": [-1,-1,-1,-1], "windData": [1,1,1,1] },
												"up": { "texture": "#skin", "uv": [ 5.0, 1.0, 5.5, 1.5 ], "windMode": [-1,-1,-1,-1], "windData": [1,1,1,1] },
												"down": { "texture": "#skin", "uv": [ 5.0, 2.0, 5.5, 2.5 ], "rotation": 180, "windMode": [-1,-1,-1,-1], "windData": [1,1,1,1] }
											}
										}
									]
								}
							]
						}
					]
				}
			]
		}
	]}