{
	"editor": {
		"backDropShape": "entity/bovinae/tragelaphussylvaticus/adult",
		"collapsedPaths": "",
		"allAngles": true,
		"entityTextureMode": true
	},
	"textureWidth": 44,
	"textureHeight": 52,
	"textureSizes": {
		"skin": [44,52]
	},
	"textures": {
		"skin": "entity/bovinae/tragelaphussylvaticus-male"
	},
	"elements": [
		{
			"name": "R Antler01",
			"stepParentName": "AntlerBase",
			"from": [ 0.5, -0.4, -1.0 ],
			"to": [ 1.2, 0.3, -0.3 ],
			"unwrapMode": 5,
			"unwrapRotation": 1,
			"uv": [ 40.0, 27.5 ],
			"rotationOrigin": [ 0.5, -0.15, -0.6 ],
			"rotationY": 10.0,
			"rotationZ": 15.0,
			"faces": {
				"north": { "texture": "#skin", "uv": [ 40.0, 28.0, 40.5, 28.5 ], "rotation": 270 },
				"east": { "texture": "#skin", "uv": [ 40.5, 27.5, 41.0, 28.0 ], "rotation": 180 },
				"south": { "texture": "#skin", "uv": [ 41.0, 28.0, 41.5, 28.5 ], "rotation": 90 },
				"up": { "texture": "#skin", "uv": [ 40.5, 28.0, 41.0, 28.5 ], "rotation": 90 },
				"down": { "texture": "#skin", "uv": [ 41.5, 28.0, 42.0, 28.5 ], "rotation": 270, "windMode": [-1,-1,-1,-1], "windData": [1,1,1,1] }
			},
			"children": [
				{
					"name": "R Antler02",
					"from": [ 0.6, 0.05, 0.05 ],
					"to": [ 1.6, 0.65, 0.65 ],
					"unwrapMode": 5,
					"unwrapRotation": 1,
					"uv": [ 40.0, 26.5 ],
					"rotationOrigin": [ 0.6, 0.35, 0.35 ],
					"rotationX": -15.0,
					"rotationY": 15.0,
					"rotationZ": 4.0,
					"faces": {
						"north": { "texture": "#skin", "uv": [ 40.0, 27.0, 40.5, 28.0 ], "rotation": 270 },
						"east": { "texture": "#skin", "uv": [ 40.5, 26.5, 41.0, 27.0 ], "rotation": 180 },
						"south": { "texture": "#skin", "uv": [ 41.0, 27.0, 41.5, 28.0 ], "rotation": 90 },
						"up": { "texture": "#skin", "uv": [ 40.5, 27.0, 41.0, 28.0 ], "rotation": 90 },
						"down": { "texture": "#skin", "uv": [ 41.5, 27.0, 42.0, 28.0 ], "rotation": 270, "windMode": [-1,-1,-1,-1], "windData": [1,1,1,1] }
					},
					"children": [
						{
							"name": "R Antler03",
							"from": [ 0.9, 0.05, 0.05 ],
							"to": [ 1.6, 0.55, 0.55 ],
							"unwrapMode": 5,
							"unwrapRotation": 1,
							"uv": [ 40.0, 26.0 ],
							"rotationOrigin": [ 0.9, 0.3, 0.3 ],
							"rotationX": -15.0,
							"rotationY": -5.0,
							"rotationZ": -5.0,
							"faces": {
								"north": { "texture": "#skin", "uv": [ 40.0, 26.5, 40.5, 27.0 ], "rotation": 270 },
								"east": { "texture": "#skin", "uv": [ 40.5, 26.0, 41.0, 26.5 ], "rotation": 180 },
								"south": { "texture": "#skin", "uv": [ 41.0, 26.5, 41.5, 27.0 ], "rotation": 90 },
								"up": { "texture": "#skin", "uv": [ 40.5, 26.5, 41.0, 27.0 ], "rotation": 90 },
								"down": { "texture": "#skin", "uv": [ 41.5, 26.5, 42.0, 27.0 ], "rotation": 270, "windMode": [-1,-1,-1,-1], "windData": [1,1,1,1] }
							},
							"children": [
								{
									"name": "R Antler04",
									"from": [ 0.55, 0.0, 0.0 ],
									"to": [ 1.25, 0.5, 0.5 ],
									"unwrapMode": 5,
									"unwrapRotation": 1,
									"uv": [ 40.0, 25.5 ],
									"rotationOrigin": [ 0.55, 0.25, 0.25 ],
									"rotationX": -15.0,
									"rotationY": -5.0,
									"rotationZ": -8.0,
									"faces": {
										"north": { "texture": "#skin", "uv": [ 40.0, 26.0, 40.5, 26.5 ], "rotation": 270 },
										"east": { "texture": "#skin", "uv": [ 40.5, 25.5, 41.0, 26.0 ], "rotation": 180 },
										"south": { "texture": "#skin", "uv": [ 41.0, 26.0, 41.5, 26.5 ], "rotation": 90 },
										"up": { "texture": "#skin", "uv": [ 40.5, 26.0, 41.0, 26.5 ], "rotation": 90 },
										"down": { "texture": "#skin", "uv": [ 41.5, 26.0, 42.0, 26.5 ], "rotation": 270, "windMode": [-1,-1,-1,-1], "windData": [1,1,1,1] }
									},
									"children": [
										{
											"name": "R Antler05",
											"from": [ 0.55, 0.05, 0.05 ],
											"to": [ 1.15, 0.45, 0.45 ],
											"unwrapMode": 3,
											"unwrapRotation": 1,
											"uv": [ 40.0, 25.0 ],
											"rotationOrigin": [ 0.55, 0.25, 0.25 ],
											"rotationX": -15.0,
											"rotationY": -2.0,
											"rotationZ": -2.0,
											"faces": {
												"north": { "texture": "#skin", "uv": [ 41.5, 25.5, 42.0, 26.0 ], "rotation": 270 },
												"east": { "texture": "#skin", "uv": [ 40.5, 25.0, 41.0, 25.5 ], "rotation": 90 },
												"south": { "texture": "#skin", "uv": [ 40.5, 25.5, 41.0, 26.0 ], "rotation": 90 },
												"up": { "texture": "#skin", "uv": [ 40.0, 25.5, 40.5, 26.0 ], "rotation": 90 },
												"down": { "texture": "#skin", "uv": [ 41.0, 25.5, 41.5, 26.0 ], "rotation": 270, "windMode": [-1,-1,-1,-1], "windData": [1,1,1,1] }
											},
											"children": [
												{
													"name": "R Antler06",
													"from": [ 0.55, 0.05, 0.0 ],
													"to": [ 1.15, 0.35, 0.4 ],
													"unwrapMode": 3,
													"unwrapRotation": 1,
													"uv": [ 40.0, 24.5 ],
													"rotationOrigin": [ 0.55, 0.2, 0.2 ],
													"rotationX": -15.0,
													"rotationY": 1.0,
													"rotationZ": -1.0,
													"faces": {
														"north": { "texture": "#skin", "uv": [ 41.5, 25.0, 42.0, 25.5 ], "rotation": 270 },
														"east": { "texture": "#skin", "uv": [ 40.5, 24.5, 41.0, 25.0 ], "rotation": 90 },
														"south": { "texture": "#skin", "uv": [ 40.5, 25.0, 41.0, 25.5 ], "rotation": 90 },
														"up": { "texture": "#skin", "uv": [ 40.0, 25.0, 40.5, 25.5 ], "rotation": 90 },
														"down": { "texture": "#skin", "uv": [ 41.0, 25.0, 41.5, 25.5 ], "rotation": 270, "windMode": [-1,-1,-1,-1], "windData": [1,1,1,1] }
													},
													"children": [
														{
															"name": "R Antler07",
															"from": [ 0.55, 0.0, 0.05 ],
															"to": [ 1.55, 0.3, 0.35 ],
															"unwrapMode": 3,
															"unwrapRotation": 1,
															"uv": [ 40.0, 23.5 ],
															"rotationOrigin": [ 0.55, 0.15, 0.2 ],
															"rotationX": -15.0,
															"rotationY": -1.0,
															"rotationZ": 10.0,
															"faces": {
																"north": { "texture": "#skin", "uv": [ 41.5, 24.0, 42.0, 25.0 ], "rotation": 270 },
																"east": { "texture": "#skin", "uv": [ 40.5, 23.5, 41.0, 24.0 ], "rotation": 90 },
																"south": { "texture": "#skin", "uv": [ 40.5, 24.0, 41.0, 25.0 ], "rotation": 90 },
																"up": { "texture": "#skin", "uv": [ 40.0, 24.0, 40.5, 25.0 ], "rotation": 90 },
																"down": { "texture": "#skin", "uv": [ 41.0, 24.0, 41.5, 25.0 ], "rotation": 270, "windMode": [-1,-1,-1,-1], "windData": [1,1,1,1] }
															}
														}
													]
												}
											]
										}
									]
								}
							]
						}
					]
				}
			]
		},
		{
			"name": "L Antler01",
			"stepParentName": "AntlerBase",
			"from": [ 0.5, -0.4, 0.3 ],
			"to": [ 1.2, 0.3, 1.0 ],
			"unwrapMode": 5,
			"unwrapRotation": 1,
			"uv": [ 38.0, 27.5 ],
			"rotationOrigin": [ 0.5, -0.15, 0.6 ],
			"rotationY": -10.0,
			"rotationZ": 16.0,
			"faces": {
				"north": { "texture": "#skin", "uv": [ 38.0, 28.0, 38.5, 28.5 ], "rotation": 270 },
				"east": { "texture": "#skin", "uv": [ 38.5, 27.5, 39.0, 28.0 ], "rotation": 180 },
				"south": { "texture": "#skin", "uv": [ 39.0, 28.0, 39.5, 28.5 ], "rotation": 90 },
				"up": { "texture": "#skin", "uv": [ 38.5, 28.0, 39.0, 28.5 ], "rotation": 90 },
				"down": { "texture": "#skin", "uv": [ 39.5, 28.0, 40.0, 28.5 ], "rotation": 270, "windMode": [-1,-1,-1,-1], "windData": [1,1,1,1] }
			},
			"children": [
				{
					"name": "L Antler02",
					"from": [ 0.6, 0.05, 0.05 ],
					"to": [ 1.6, 0.65, 0.65 ],
					"unwrapMode": 5,
					"unwrapRotation": 1,
					"uv": [ 38.0, 26.5 ],
					"rotationOrigin": [ 0.6, 0.35, 0.35 ],
					"rotationX": 15.0,
					"rotationY": -15.0,
					"rotationZ": 4.0,
					"faces": {
						"north": { "texture": "#skin", "uv": [ 38.0, 27.0, 38.5, 28.0 ], "rotation": 270 },
						"east": { "texture": "#skin", "uv": [ 38.5, 26.5, 39.0, 27.0 ], "rotation": 180 },
						"south": { "texture": "#skin", "uv": [ 39.0, 27.0, 39.5, 28.0 ], "rotation": 90 },
						"up": { "texture": "#skin", "uv": [ 38.5, 27.0, 39.0, 28.0 ], "rotation": 90 },
						"down": { "texture": "#skin", "uv": [ 39.5, 27.0, 40.0, 28.0 ], "rotation": 270, "windMode": [-1,-1,-1,-1], "windData": [1,1,1,1] }
					},
					"children": [
						{
							"name": "L Antler03",
							"from": [ 0.9, 0.05, 0.05 ],
							"to": [ 1.6, 0.55, 0.55 ],
							"unwrapMode": 5,
							"unwrapRotation": 1,
							"uv": [ 38.0, 26.0 ],
							"rotationOrigin": [ 0.9, 0.3, 0.3 ],
							"rotationX": 15.0,
							"rotationY": 5.0,
							"rotationZ": -5.0,
							"faces": {
								"north": { "texture": "#skin", "uv": [ 38.0, 26.5, 38.5, 27.0 ], "rotation": 270 },
								"east": { "texture": "#skin", "uv": [ 38.5, 26.0, 39.0, 26.5 ], "rotation": 180 },
								"south": { "texture": "#skin", "uv": [ 39.0, 26.5, 39.5, 27.0 ], "rotation": 90 },
								"up": { "texture": "#skin", "uv": [ 38.5, 26.5, 39.0, 27.0 ], "rotation": 90 },
								"down": { "texture": "#skin", "uv": [ 39.5, 26.5, 40.0, 27.0 ], "rotation": 270, "windMode": [-1,-1,-1,-1], "windData": [1,1,1,1] }
							},
							"children": [
								{
									"name": "L Antler04",
									"from": [ 0.55, 0.0, 0.0 ],
									"to": [ 1.25, 0.5, 0.5 ],
									"unwrapMode": 5,
									"unwrapRotation": 1,
									"uv": [ 38.0, 25.5 ],
									"rotationOrigin": [ 0.55, 0.25, 0.25 ],
									"rotationX": 15.0,
									"rotationY": 5.0,
									"rotationZ": -8.0,
									"faces": {
										"north": { "texture": "#skin", "uv": [ 38.0, 26.0, 38.5, 26.5 ], "rotation": 270 },
										"east": { "texture": "#skin", "uv": [ 38.5, 25.5, 39.0, 26.0 ], "rotation": 180 },
										"south": { "texture": "#skin", "uv": [ 39.0, 26.0, 39.5, 26.5 ], "rotation": 90 },
										"up": { "texture": "#skin", "uv": [ 38.5, 26.0, 39.0, 26.5 ], "rotation": 90 },
										"down": { "texture": "#skin", "uv": [ 39.5, 26.0, 40.0, 26.5 ], "rotation": 270, "windMode": [-1,-1,-1,-1], "windData": [1,1,1,1] }
									},
									"children": [
										{
											"name": "L Antler05",
											"from": [ 0.55, 0.05, 0.05 ],
											"to": [ 1.15, 0.45, 0.45 ],
											"unwrapMode": 5,
											"unwrapRotation": 1,
											"uv": [ 38.0, 25.0 ],
											"rotationOrigin": [ 0.55, 0.25, 0.25 ],
											"rotationX": 15.0,
											"rotationY": 2.0,
											"rotationZ": -2.0,
											"faces": {
												"north": { "texture": "#skin", "uv": [ 38.0, 25.5, 38.5, 26.0 ], "rotation": 270 },
												"east": { "texture": "#skin", "uv": [ 38.5, 25.0, 39.0, 25.5 ], "rotation": 180 },
												"south": { "texture": "#skin", "uv": [ 39.0, 25.5, 39.5, 26.0 ], "rotation": 90 },
												"up": { "texture": "#skin", "uv": [ 38.5, 25.5, 39.0, 26.0 ], "rotation": 90 },
												"down": { "texture": "#skin", "uv": [ 39.5, 25.5, 40.0, 26.0 ], "rotation": 270, "windMode": [-1,-1,-1,-1], "windData": [1,1,1,1] }
											},
											"children": [
												{
													"name": "L Antler06",
													"from": [ 0.55, 0.05, 0.0 ],
													"to": [ 1.15, 0.35, 0.4 ],
													"unwrapMode": 5,
													"unwrapRotation": 1,
													"uv": [ 38.0, 24.5 ],
													"rotationOrigin": [ 0.55, 0.2, 0.2 ],
													"rotationX": 15.0,
													"rotationY": -1.0,
													"rotationZ": -1.0,
													"faces": {
														"north": { "texture": "#skin", "uv": [ 38.0, 25.0, 38.5, 25.5 ], "rotation": 270 },
														"east": { "texture": "#skin", "uv": [ 38.5, 24.5, 39.0, 25.0 ], "rotation": 180 },
														"south": { "texture": "#skin", "uv": [ 39.0, 25.0, 39.5, 25.5 ], "rotation": 90 },
														"up": { "texture": "#skin", "uv": [ 38.5, 25.0, 39.0, 25.5 ], "rotation": 90 },
														"down": { "texture": "#skin", "uv": [ 39.5, 25.0, 40.0, 25.5 ], "rotation": 270, "windMode": [-1,-1,-1,-1], "windData": [1,1,1,1] }
													},
													"children": [
														{
															"name": "L Antler07",
															"from": [ 0.55, 0.0, 0.05 ],
															"to": [ 1.55, 0.3, 0.35 ],
															"unwrapMode": 5,
															"unwrapRotation": 1,
															"uv": [ 38.0, 23.5 ],
															"rotationOrigin": [ 0.55, 0.15, 0.2 ],
															"rotationX": 15.0,
															"rotationY": 1.0,
															"rotationZ": 10.0,
															"faces": {
																"north": { "texture": "#skin", "uv": [ 38.0, 24.0, 38.5, 25.0 ], "rotation": 270 },
																"east": { "texture": "#skin", "uv": [ 38.5, 23.5, 39.0, 24.0 ], "rotation": 180 },
																"south": { "texture": "#skin", "uv": [ 39.0, 24.0, 39.5, 25.0 ], "rotation": 90 },
																"up": { "texture": "#skin", "uv": [ 38.5, 24.0, 39.0, 25.0 ], "rotation": 90 },
																"down": { "texture": "#skin", "uv": [ 39.5, 24.0, 40.0, 25.0 ], "rotation": 270, "windMode": [-1,-1,-1,-1], "windData": [1,1,1,1] }
															}
														}
													]
												}
											]
										}
									]
								}
							]
						}
					]
				}
			]
		}
	],
	"animations": [
	]
}