{
	"editor": {
		"allAngles": true,
		"entityTextureMode": true
	},
	"textureWidth": 64,
	"textureHeight": 64,
	"textureSizes": {
		"medieval-dress-blue-bottom": [64,64]
	},
	"textures": {
		"medieval-dress-blue-bottom": "entity/humanoid/seraphclothes/lowerbody/blackred"
	},
	"elements": [
		{
			"name": "GamLowerTorso",
			"stepParentName": "LowerTorso",
			"from": [ -0.1, -1.1, -0.1 ], 
			"to": [ 5.05, 2.5, 6.1 ], 
			"autoUnwrap": false,
			"uv": [ 42.0, 35.0 ],
			"rotationOrigin": [ -0.1, -1.1, -0.1 ],
			"faces": {
				"north": { "texture": "#medieval-dress-blue-bottom", "uv": [ 42.0, 26.0, 47.0, 29.5 ] },
				"east": { "texture": "#medieval-dress-blue-bottom", "uv": [ 47.0, 26.0, 53.0, 29.5 ] },
				"south": { "texture": "#medieval-dress-blue-bottom", "uv": [ 53.0, 26.0, 58.0, 29.5 ] },
				"west": { "texture": "#medieval-dress-blue-bottom", "uv": [ 58.0, 26.0, 64.0, 29.5 ] },
				"up": { "texture": "#medieval-dress-blue-bottom", "uv": [ 54.0, 38.5, 59.0, 44.5 ] },
				"down": { "texture": "#medieval-dress-blue-bottom", "uv": [ 59.0, 38.5, 64.0, 44.5 ] }
			}
		},
		{
			"name": "GamCoatR",
			"stepParentName": "UpperFootR",
			"from": [ -0.51, -2.8, -0.05 ], 
			"to": [ 4.59, 9.1, 4.65 ], 
			"uv": [ 26.0, 48.0 ],
			"renderInEditor": false,
			"rotationOrigin": [ 2.0, -2.8, 2.3 ],
			"rotationY": -1.0,
			"faces": {
				"north": { "texture": "#medieval-dress-blue-bottom", "uv": [ 26.0, 52.5, 31.0, 64.0 ] },
				"east": { "texture": "#medieval-dress-blue-bottom", "uv": [ 31.0, 52.5, 35.5, 64.0 ] },
				"south": { "texture": "#medieval-dress-blue-bottom", "uv": [ 35.5, 52.5, 40.5, 64.0 ] },
				"west": { "texture": "#medieval-dress-blue-bottom", "uv": [ 40.5, 52.5, 45.0, 64.0 ] },
				"up": { "texture": "#medieval-dress-blue-bottom", "uv": [ 26.0, 48.0, 31.0, 52.5 ], "rotation": 180 },
				"down": { "texture": "#medieval-dress-blue-bottom", "uv": [ 18.0, 49.0, 23.0, 53.5 ], "rotation": 180, "enabled": false, "windMode": [-1,-1,-1,-1] }
			}
		},
		{
			"name": "GamCoatL",
			"stepParentName": "UpperFootL",
			"from": [ -0.5, -2.8, -1.45 ], 
			"to": [ 4.6, 9.1, 3.25 ], 
			"uv": [ 45.0, 48.0 ],
			"rotationOrigin": [ 2.1, -2.8, 0.9 ],
			"faces": {
				"north": { "texture": "#medieval-dress-blue-bottom", "uv": [ 45.0, 52.5, 50.0, 64.0 ] },
				"east": { "texture": "#medieval-dress-blue-bottom", "uv": [ 50.0, 52.5, 54.5, 64.0 ] },
				"south": { "texture": "#medieval-dress-blue-bottom", "uv": [ 54.5, 52.5, 59.5, 64.0 ] },
				"west": { "texture": "#medieval-dress-blue-bottom", "uv": [ 59.5, 52.5, 64.0, 64.0 ] },
				"up": { "texture": "#medieval-dress-blue-bottom", "uv": [ 45.0, 48.0, 50.0, 52.5 ] },
				"down": { "texture": "#medieval-dress-blue-bottom", "uv": [ 39.0, 49.0, 44.0, 53.5 ], "enabled": false, "windMode": [-1,-1,-1,-1] }
			}
		}
	]}