[
  {
    "ingredientPattern": "T\tS",
    "ingredients": {
      "T": {
        "type": "item",
        "code": "precussionmallethead-*",
        "name": "metal"
      },
      "S": {
        "type": "item",
        "code": "game:stick"
      }
    },
    "width": 1,
    "height": 2,
    "output": {
      "type": "item",
      "code": "precussionmallet-{metal}",
      "quantity": 1
    }
  },
  {
    "ingredientPattern": "FP,S_",
    "width": 2,
    "height": 2,
    "ingredients": {
      "P": {
        "type": "item",
        "code": "schematic-precussion"
      },
      "F": {
        "type": "item",
        "code": "game:flaxtwine",
        "quantity": 2
      },
      "S": {
        "type": "item",
        "code": "game:stick"
      }
    },
    "output": {
      "type": "item",
      "code": "precussionmallet-flax"
    }
  },
  {
    "ingredientPattern": "FP,S_",
    "width": 2,
    "height": 2,
    "ingredients": {
      "P": {
        "type": "item",
        "code": "schematic-precussion"
      },
      "F": {
        "type": "item",
        "code": "game:plank-*"        
      },
      "S": {
        "type": "item",
        "code": "game:stick"
      }
    },
    "output": {
      "type": "item",
      "code": "precussionmallet-wood"
    }
  }
]