{
	"code": "cervidae-alceini",
	"inheritFrom": "entities/animal/mammal/hooved/alceini-tamed",
	"tags": ["animal", "huntable", "adult", "semitamed", "habitat-land"],
	"variantgroups": [
		{"code": "age","states": [ "adult"]},
		{"code": "gender","states": [ "female","male"]},
		{"code": "type","states": [ "alcesalces"]},
		{"code": "behavior","states": ["semitamed"]}
	],
	"behaviorConfigs": {
		"selectionboxes": {
			"selectionBoxes": ["HeadAP", "MidAP"]
		},		
		"rideableaccessories": {
			"wearableSlots": [
				{ "code": "head-moose", "forCategoryCodes": ["bridle"], "attachmentPointCode": "HeadAP" }, 
				{ "code": "middleback-moose", "forCategoryCodes": ["saddle"], "attachmentPointCode": "MidAP" }
			]
		},
		"rideable": {
			"saddleBreakGait": "sprint",
			"saddleBreaksRequired": { "avg": 40, "var": 10 }, 
			"saddleBreakDayInterval": 1,
			"tamedEntityCode": "cervidae-alceini-{age}-{gender}-{type}-tamed"
		}
	}
}