{
	"code": "cervidae-alceini",
	"class": "EntityAgent",
	"tags": ["animal", "huntable", "adult","tamed", "habitat-land"],
	"fallDamageMultiplier": 2,
	"variantgroups": [
		{"code": "age","states": [ "adult" ]},
		{"code": "gender","states": [ "female","male"]},
		{"code": "type","states": ["alcesalces" ]},
		{"code": "behavior","states": [ "tamed"]}
	],
	"hitBoxSizeByType": {
		"*-adult-female-alcesalces-*": {	"x": 1.8,"y": 1.8},"*-adult-male-alcesalces-*": {	"x": 2.25,"y": 2.25}
	},
	"deadhitBoxSizeByType": {
		"*-adult-female-alcesalces-*": {	"x": 1.8,"y": 0.9},"*-adult-male-alcesalces-*": {	"x": 2.25,"y": 1.15}
	},
	"eyeHeightByType": {
		"*-adult-female-alcesalces-*": 1.85,"*-adult-male-alcesalces-*": 2.35
	},
	"weightByType": {
		"*-adult-female-alcesalces-*": 480,"*-adult-male-alcesalces-*": 635
	},
	"knockbackResistanceByType": {
		"*": 1
	},	
	"attributes": {
		"killedByInfoText": "deadcreature-killed",
		"trappableByType": {
			"*": {
				"small": { "trapChance": 0.0,	"trapDestroyChance": 0.0 },
				"large": { "trapChance": 0.0,	"trapDestroyChance": 0 }
			}
		},
		"creatureDietByType": {
			"*":{
			"foodCategories": ["Vegetable", "Fruit"],
			"weightedFoodTags": [
				{ "weight": 0.9, "code": "fruitmash" },
				{ "weight": 0.5, "code": "nibbleCrop" },
				{ "weight": 0.2, "code": "peanut" },
				{ "weight": 1, "code": "sweetBerryBush" },
				{ "weight": 1, "code": "tastyvegetable" }
			]
		}},
		"minGenerationToAllowHealing": 0,
		"handbook": {
			"groupcode": "creaturegroup-alceini"
		}
	},
	"behaviorConfigs": {
		"controlledphysics": { 
			"stepHeight": 3.1251,
			"stepUpSpeed": 0.1
		},
		"floatupwhenstuck": { "onlyWhenDead": true },
		"rideableaccessories": {
			"wearableSlots": [
				{ "code": "head-moose", "forCategoryCodes": ["bridle"], "attachmentPointCode": "HeadAP" }, 
				{ "code": "face-moose", "forCategoryCodes": ["face"], "attachmentPointCode": "FaceAP" }, 
				{ "code": "neck-moose", "forCategoryCodes": ["lantern"], "attachmentPointCode": "NeckAP" },
				{ "code": "middleback-moose", "forCategoryCodes": ["saddle"], "attachmentPointCode": "MidAP" },
				{ "code": "middlebackunder-moose", "forCategoryCodes": ["blanket"], "attachmentPointCode": "MidUnderAP" },
				{ "code": "lowerback-moose", "forCategoryCodes": ["bedroll"], "attachmentPointCode": "RearAP" },
				{ "code": "lowerbackside-moose", "forCategoryCodes": ["sidebags"], "attachmentPointCode": "RearSideAP" },
				{ "code": "frontrightside", "forCategoryCodes": ["utilities", "pot", "weaponfalx", "weapon1m", "bowshort", "bowlong"], "attachmentPointCode": "RFrontAP" },
				{ "code": "frontleftside", "forCategoryCodes": ["utilities", "pot", "weaponfalx", "weapon1m", "bowshort", "bowlong"], "attachmentPointCode": "LFrontAP" },
				{ "code": "gearleft-moose", "forCategoryCodes": ["gear"], "attachmentPointCode": "TempGear1AP" }, 
				{ "code": "gearback-moose", "forCategoryCodes": ["gear"], "attachmentPointCode": "TempGear2AP" }, 
				{ "code": "gearright-moose", "forCategoryCodes": ["gear"], "attachmentPointCode": "TempGear3AP" }
			]},
		"selectionboxes": {
			"selectionBoxes": ["HeadAP", "FaceAP", "NeckAP", "MidAP", "MidUnderAP", "RearAP", "RearSideAP", "RFrontAP", "LFrontAP", "TempGear1AP", "TempGear2AP", "TempGear3AP"]
		},
		"gait": {
			"idleGait": "idle",
			"gaits": [
				{
					"code": "walkback",
					"movespeed": 0.006,
					"backwards": true,
					"yawMultiplier": 1,
					"sound": "game:creature/hooved/trot"
				},
				{
					"code": "idle",
					"yawMultiplier": 1
				},
				{
					"code": "walk",
					"movespeed": 0.012,
					"yawMultiplier": 1,
					"sound": "game:creature/hooved/trot"
				},
				{
					"code": "trot",
					"movespeed": 0.03,
					"yawMultiplier": 0.85,
					"fallbackGaitCode": "walk",
					"sound": "game:creature/hooved/trot"
				},
				{
					"code": "canter",
					"movespeed": 0.06,
					"yawMultiplier": 0.75,
					"fallbackGaitCode": "trot",
					"sound": "game:creature/hooved/trot"
				},
				{
					"code": "sprint",
					"movespeed": 0.135,
					"yawMultiplier": 1,
					"isSprint": true,
					"fallbackGaitCode": "walk",
					"sound": "game:creature/hooved/gallop"
				},
				{
					"code": "swim",
					"movespeed": 0.06,
					"yawMultiplier": 1,
					"fallbackGaitCode": "idle",
					"sound": "game:creature/hooved/gallop"
				},
				{
					"code": "swimback",
					"movespeed": 0.02,
					"backwards": true,
					"yawMultiplier": 1,
					"fallbackGaitCode": "idle",
					"sound": "game:creature/hooved/gallop"
				},
				{
					"code": "jump",
					"movespeed": 0.135,
					"yawMultiplier": 1,
					"fallbackGaitCode": "walk",
					"sound": "game:creature/hooved/gallop"
				}
			]
		},
		"rideable": {
			"interactMountAnySeat": true,
			"seats": [
				{ "apName": "Rider", "selectionBox": "MidAP", "bodyYawLimit": 1.83, "controllable": true,"mountOffsetByType": {"*-female-*": {"x":-0.05,"y":-0.69,"z":0},"*-male-*": {"x":-0.05,"y":-0.25,"z":0} }, "eyeOffsetX": -0.37 }
			],
			"rideableGaitOrder": ["walkback", "idle", "walk", "trot", "canter", "sprint"],
			"controls": {
				"idle": {
					"weight": 1,
					"riderAnim": {
						"animation": "rideelk-idle",
						"animationSpeed": 1,
						"weight": 1,
						"withFpVariant": true,
						"blendMode": "Average", 
						"elementWeight": {
							"LowerTorso": 80,
							"UpperTorso": 80,
							"UpperFootR": 80,
							"UpperFootL": 80,
							"LowerFootR": 80,
							"LowerFootL": 80
						},
						"elementBlendMode": {
							"LowerTorso": "Average",
							"UpperTorso": "Average",
							"UpperFootR": "Average",
							"UpperFootL": "Average",
							"LowerFootR": "Average",
							"LowerFootL": "Average"
						}
					}
				},
				"swim": {
					"animation": "Swim",
					"animationSpeed": 1,
					"movespeed": 0.06,
					"weight": 10,
					"blendMode": "Average",
					"riderAnim": {
						"animation": "rideelk-walk",
						"animationSpeed": 1,
						"weight": 1,	
						"withFpVariant": true,
						"blendMode": "Average", 
						"elementWeight": {
							"LowerTorso": 80,
							"UpperTorso": 80,
							"UpperFootR": 80,
							"UpperFootL": 80,
							"LowerFootR": 80,
							"LowerFootL": 80
						},
						"elementBlendMode": {
							"LowerTorso": "Average",
							"UpperTorso": "Average",
							"UpperFootR": "Average",
							"UpperFootL": "Average",
							"LowerFootR": "Average",
							"LowerFootL": "Average"
						}
					}
				},
				"swimback": {
					"moveSpeedMultiplier": 1,
					"animation": "Swim",
					"animationSpeed": 1,
					"weight": 10,
					"blendMode": "Average",
					"riderAnim": {
						"animation": "rideelk-walk",
						"animationSpeed": 1,
						"weight": 1,	
						"withFpVariant": true,
						"blendMode": "Average", 
						"elementWeight": {
							"LowerTorso": 80,
							"UpperTorso": 80,
							"UpperFootR": 80,
							"UpperFootL": 80,
							"LowerFootR": 80,
							"LowerFootL": 80
						},
						"elementBlendMode": {
							"LowerTorso": "Average",
							"UpperTorso": "Average",
							"UpperFootR": "Average",
							"UpperFootL": "Average",
							"LowerFootR": "Average",
							"LowerFootL": "Average"
						}
					}
				},	
				"walk": {
					"animation": "walk",
					"weight": 10,
						"movespeedByType": {
							"*": 0.012
						},
						"animationSpeed": 2,
					"blendMode": "Average",
					"riderAnim": {
						"animation": "rideelk-walk",
						"animationSpeed": 2,
						"weight": 1,	
						"withFpVariant": true,
						"blendMode": "Average", 
						"elementWeight": {
							"LowerTorso": 80,
							"UpperTorso": 80,
							"UpperFootR": 80,
							"UpperFootL": 80,
							"LowerFootR": 80,
							"LowerFootL": 80
						},
						"elementBlendMode": {
							"LowerTorso": "Average",
							"UpperTorso": "Average",
							"UpperFootR": "Average",
							"UpperFootL": "Average",
							"LowerFootR": "Average",
							"LowerFootL": "Average"
						}
					}
				},
				"walkback": {
					"animation": "walkback",
					"weight": 10,
						"movespeedByType": {
							"*": 0.006
						},
						"animationSpeed": 1,
					"easeInSpeed": 1,
					"easeOutSpeed": 3,
					"blendMode": "Average",
					"riderAnim": {
						"animation": "rideelk-walk",
						"animationSpeed": 1,
						"weight": 1,
						"withFpVariant": true,
						"blendMode": "Average", 
						"elementWeight": {
							"LowerTorso": 80,
							"UpperTorso": 80,
							"UpperFootR": 80,
							"UpperFootL": 80,
							"LowerFootR": 80,
							"LowerFootL": 80
						},
						"elementBlendMode": {
							"LowerTorso": "Average",
							"UpperTorso": "Average",
							"UpperFootR": "Average",
							"UpperFootL": "Average",
							"LowerFootR": "Average",
							"LowerFootL": "Average"
						}
					}
				},
				"trot": {
					"animation": "Trot",
					"weight": 10,
						"movespeedByType": {
							"*": 0.04
						},
						"animationSpeed": 2,
					"blendMode": "Average",
					"riderAnim": {
						"animation": "rideelk-walk",
						"animationSpeed": 2,
						"weight": 1,
						"withFpVariant": true,
						"blendMode": "Average", 
						"elementWeight": {
							"LowerTorso": 80,
							"UpperTorso": 80,
							"UpperFootR": 80,
							"UpperFootL": 80,
							"LowerFootR": 80,
							"LowerFootL": 80
						},
						"elementBlendMode": {
							"LowerTorso": "Average",
							"UpperTorso": "Average",
							"UpperFootR": "Average",
							"UpperFootL": "Average",
							"LowerFootR": "Average",
							"LowerFootL": "Average"
						}
					}
				},
				"canter": {
					"animation": "Canter",
					"weight": 10,
						"movespeedByType": {
							"*": 0.06
						},
						"animationSpeed": 1.5,
					"blendMode": "Average",
					"riderAnim": {
						"animation": "rideelk-walk",
						"animationSpeed": 1.5,
						"weight": 1,
						"withFpVariant": true,
						"blendMode": "Average", 
						"elementWeight": {
							"LowerTorso": 80,
							"UpperTorso": 80,
							"UpperFootR": 80,
							"UpperFootL": 80,
							"LowerFootR": 80,
							"LowerFootL": 80
						},
						"elementBlendMode": {
							"LowerTorso": "Average",
							"UpperTorso": "Average",
							"UpperFootR": "Average",
							"UpperFootL": "Average",
							"LowerFootR": "Average",
							"LowerFootL": "Average"
						}
					}
				},
				"sprint": {
					"animation": "Run",
					"weight": 10,
						"movespeedByType": {
							"*": 0.135
						},
						"animationSpeed": 2,
					"blendMode": "Average",
					"riderAnim": {
						"animation": "rideelk-run",
						"animationSpeed": 2,
						"weight": 1,
						"withFpVariant": true,
						"blendMode": "Average", 
						"elementWeight": {
							"LowerTorso": 80,
							"UpperTorso": 80,
							"UpperFootR": 80,
							"UpperFootL": 80,
							"LowerFootR": 80,
							"LowerFootL": 80
						},
						"elementBlendMode": {
							"LowerTorso": "Average",
							"UpperTorso": "Average",
							"UpperFootR": "Average",
							"UpperFootL": "Average",
							"LowerFootR": "Average",
							"LowerFootL": "Average"
						}
					}
				},
				"jump": {
					"animation": "jump",
					"weight": 50,
					"easeOutSpeed": 40,
					"blendMode": "Average",
					"animationSpeed": 1.5,
					"movespeed": 0.135,
					"riderAnim": {
						"animation": "rideelk-jump",
						"animationSpeed": 1,
						"weight": 10,
						"withFpVariant": true,
						"blendMode": "Average", 
						"elementWeight": {
							"LowerTorso": 160,
							"UpperTorso": 160,
							"UpperFootR": 160,
							"UpperFootL": 160,
							"LowerFootR": 160,
							"LowerFootL": 160
						},
						"elementBlendMode": {
							"LowerTorso": "Average",
							"UpperTorso": "Average",
							"UpperFootR": "Average",
							"UpperFootL": "Average",
							"LowerFootR": "Average",
							"LowerFootL": "Average"
						}
					}
				}
			}
		},
		"health": {
			"maxhealthByType": {
			"*-adult-female-alcesalces-*": 29,"*-adult-male-alcesalces-*": 36
			}
		},
		"ownable": {
			"groupCode": "mountableanimal"
		}
	},
	"drops": [],
	"client": {
		"renderer": "Shape",
		"shapeByType": {
			"*-male-alcesalces-*": { "base": "entity/animal/mammal/hooved/alceini/{type}/adult", "overlays": [ { "base": "entity/animal/mammal/hooved/alceini/{type}/dewlap" }]  },
			"*": { "base": "entity/animal/mammal/hooved/alceini/{type}/adult" }
		},
		"textureByType": {
			"*": { "base": "entity/animal/mammal/hooved/alceini/{type}-adult" }
		},
		"sizeByType": {
			"*-female-alcesalces-*": 0.93,"*-male-alcesalces-*": 1.17
		},
		"behaviors": [
			{"code": "repulseagents" },
			{"code": "controlledphysics","stepHeightByType": {"*":3.1251}},
			{"code": "mortallywoundable" },
			{"code": "health" },
			{"code": "floatupwhenstuck","onlyWhenDead": true},
			{"code": "interpolateposition" },
			{"code": "harvestable","quantitySlots": 8},
			{ "code": "multiply", "enabledByType": { "*-adult-female-*": true, "*": false } },
			{ "code": "milkable", "enabledByType": { "*-female-*": true, "*": false }},
			{"code": "despawn","minPlayerDistance": 8,"belowLightLevel": 1,"minSeconds": 300},
			{ "code": "antlergrowth", "enabledByType": {"*-male-*": true, "*": false }},	
			{ "code": "selectionboxes" },
			{ "code": "ownable" },
			{ "code": "rideableaccessories" },
			{ "code": "gait" },
			{ "code": "rideable" },		
			{"code": "ropetieable","minGeneration": 2}
		],
		"animations": [
			{"code": "attack","animation": "Attack","animationSpeed": 2.2,"weight": 10,"blendMode": "AddAverage"},
			{"code": "charge","animation": "Charge","animationSpeed": 2.2,"weight": 10,"blendMode": "Average"},
			{"code": "die","animation": "Die","animationSpeed": 1.25,"weight": 10,"blendMode": "Average","triggeredBy": { "onControls": [ "dead" ] }},
			{"code": "eat","animation": "Eat","easeInSpeed": 4,"easeOutSpeed": 4,"blendMode": "Average"},
			{"code": "hurt","animation": "Hurt","animationSpeed": 2.2,"weight": 10,"blendMode": "AddAverage"},
			{"code": "idle","animation": "Idle","blendMode": "AddAverage","easeOutSpeed": 4,"triggeredBy": { "defaultAnim": true }},
			{"code": "roar","animation": "Roar","animationSpeed": 2.2,"weight": 10,"blendMode": "AddAverage"},
			{"code": "sit","animation": "Sit","easeInSpeed": 4,"easeOutSpeed": 4,"blendMode": "Average"},
			{"code": "sleep","animation": "Sleep","easeInSpeed": 4,"easeOutSpeed": 4,"blendMode": "Average"},
			{"code": "swim","animation": "Swim","supressDefaultAnimation": true,"blendMode": "Average"},
			{"code": "run","animation": "Run","supressDefaultAnimation": true,"blendMode": "Average"},
			{"code": "stot","animation": "Stot","supressDefaultAnimation": true,"blendMode": "Average"},
			{"code": "gallop","animation": "Gallop","supressDefaultAnimation": true,"blendMode": "Average"},
			{"code": "canter","animation": "Canter","supressDefaultAnimation": true,"blendMode": "Average"},
			{"code": "trot","animation": "Trot","supressDefaultAnimation": true,"blendMode": "Average"},
			{"code": "walk","animation": "Walk","supressDefaultAnimation": true,"blendMode": "Average"},
			{"code": "turn-left","animation": "turn-left","easeInSpeed": 3,"easeOutSpeed": 10,"weight": 0.01,"blendMode": "Average","elementWeight": {"Head": 80,"Neck": 80,"Neck2": 80},"elementBlendMode": {"Head": "AddAverage","Neck": "AddAverage","Neck2": "AddAverage"}},
			{"code": "turn-right","animation": "turn-right","easeInSpeed": 3,"easeOutSpeed": 10,"weight": 0.01,"blendMode": "Average","elementWeight": {"Head": 80,"Neck": 80,"Neck2": 80},"elementBlendMode": {"Head": "AddAverage","Neck": "AddAverage","Neck2": "AddAverage"}},
			{"code": "wounded-idle","animation": "wounded-idle","easeInSpeed": 3,"weight": 10,"blendMode": "Average"},
			{"code": "wounded-resthead","animation": "wounded-resthead","easeInSpeed": 3,"weight": 10,"blendMode": "Average"},
			{"code": "wounded-trystand","animation": "wounded-resthead","easeInSpeed": 3,"weight": 100,"blendMode": "Average"},
			{"code": "wounded-look","animation": "wounded-look","easeInSpeed": 3,"weight": 100,"blendMode": "Average"},
			{"code": "wounded-stand","animation": "wounded-stand","easeInSpeed": 3,"weight": 10,"blendMode": "Average"},
			{"code": "dead","animation": "dead","easeInSpeed": 3,"weight": 10,"blendMode": "Average"},
			{"code": "idle-turn-left","animation": "turn-left","easeInSpeed": 3,"easeOutSpeed": 10,"weight": 0.01,"blendMode": "Average","elementWeight": {"Head": 80,"Neck": 80,"Neck2": 80},"elementBlendMode": {"Head": "AddAverage","Neck": "AddAverage","Neck2": "AddAverage"}},
			{"code": "idle-turn-right","animation": "turn-right","easeInSpeed": 3,"easeOutSpeed": 10,"weight": 0.01,"blendMode": "Average","elementWeight": {"Head": 80,"Neck": 80,"Neck2": 80},"elementBlendMode": {"Head": "AddAverage","Neck": "AddAverage","Neck2": "AddAverage"}}
		]
	},
	"server": {
		"attributes": {
			"pathfinder": {
				"minTurnAnglePerSec": 90,
				"maxTurnAnglePerSec": 360
			}
		},
		"behaviors": [
			{ "code": "repulseagents" },
			{"code": "controlledphysics","stepHeightByType": {"*":3.1251}},
			{ "code": "mortallywoundable", "whenBelowHealth": 6 },
			{"code": "health",
				"maxhealthByType": {
			"*-adult-female-alcesalces-*": 29,"*-adult-male-alcesalces-*": 36
				}
			},
			{"code": "deaddecay",
				"hoursToDecay": 96,
				"decayedBlockByType": {
				"*": "carcass-huge"
				}
			},
			{"code": "floatupwhenstuck","onlyWhenDead": true},
			{"code": "harvestable",
				"quantitySlots": 8,
				"drops": [
					{
						"type": "item",
						"code": "game:redmeat-raw",
						"quantityByType": {
							"*-adult-female-alcesalces-*": {"avg": 33,"var": 4},"*-adult-male-alcesalces-*": {"avg": 42,"var": 5}
						}
					},
					{
						"type": "item",
						"code": "game:fat",
						"quantityByType": {
							"*-adult-female-alcesalces-*": {"avg": 5.5,"var": 0.5},"*-adult-male-alcesalces-*": {"avg":8,"var": 1}
						}
					},
					{
						"type": "item",
						"code": "capreolinae:pelt-raw-alceini-{gender}-{type}",
						"quantityByType": {
							"*": {"avg": 1.0,"var": 0.0}
						}
					}
				]
			},
			{"code": "breathe" },
			{"code": "multiply",
				"enabledByType": {
					"*-adult-female-*": true,
					"*": false
				},
				"spawnEntityCodesByType": {
				"*-adult-female-*": [ { "code":"capreolinae:cervidae-alceini-baby-female-{type}"}, {"code": "capreolinae:cervidae-alceini-baby-male-{type}"} ]},
				"requiresNearbyEntityCodeByType": {
					"*-adult-female-*": "capreolinae:cervidae-alceini-adult-male-{type}"},
				"requiresNearbyEntityRange": 10,
				"spawnQuantityMin": 1,
				"spawnQuantityMaxByType": {
					"*": 2
				},
				"pregnancyDaysByType": {
					"*": 48
				},
				"multiplyCooldownDaysMinByType": {
					"*": 8
				},
				"multiplyCooldownDaysMaxByType": {
					"*": 22
				},
				"portionsEatenForMultiplyByType": {
					"*-alcesalces-*": 29,
					"*": 6
				}
			},
			{ "code": "milkable", "enabledByType": { "*-female-*": true, "*": false },
				"lactatingDaysAfterBirthByType": {"*": 36},"yieldLitresByType": {"*": 5},"liquidStackByType": {"*": { "type": "item", "code": "capreolinae:milkportion-moose" }}},
			{ "code": "selectionboxes" },
			{ "code": "ownable" },
			{ "code": "rideableaccessories" },
			{ "code": "gait" },
			{ "code": "rideable" },
			{"code": "emotionstates",
				"states": [
					{"code": "fleeondamage","duration": 60,"chance": 1,"slot": 2,"priority": 5,"accumType": "max","whenHealthRelBelow": 0.6},
					{"code": "aggressiveondamage","duration": 300,"chanceByType": {"*-adult-*": 0.15},"slot": 2,"priority": 2,"accumType": "noaccum"},
					{"code": "fleeondamage","duration": 60,"slot": 2,"chanceByType": {"*-adult-*": 0.25},"priority": 1,"accumType": "max"},
					{"code": "alarmherdondamage","chance": 1,"slot": 1,"priority": 1,"accumType": "max"},
					{"code": "saturated","duration": 1200,"chance": 1,"slot": 0,"priority": 1,"accumType": "sum"},
					{ "code": "aggressivearoundentities", "duration": 60, "chanceByType": {"*-baby-*": 0.0,"*-adult-*": 0.25}, "slot": 2, "priority": 5, "entityCodes": ["capreolinae:cervidae-alceini-baby-female-{type}","capreolinae:cervidae-alceini-baby-male-{type}"] }
				]
			},
			{
				"code": "taskai",
				"aiCreatureType": "LandCreature",
				"aitasks": [
					//-------------------------Movement Speed tests-------------------------//
						//wandering run at any time
					{
						"code": "wander",
						"enabled":  false,
						"priority": 10.8,
						"priorityForCancel": 12.0,
						"animation": "Run",
						"minduration": 80000,
						"movespeedByType": {
							"*-female-alcesalces-*": 0.128,"*-male-alcesalces-*": 0.15,
							"*": 0.005
						},
						"animationSpeed": 2,
						"stopOnHurt": true,
						"whenSwimming": false,
						"DontExecuteIfRecentlyAttacked": true,
						"tagsAppliedToEntity": ["state-moving"],
						"whenNotInEmotionState": ["aggressiveondamage","fleeondamage"]
					},
						//wandering canter at any time
					{
						"code": "wander",
						"enabled":  false,
						"priority": 10.8,
						"priorityForCancel": 12.0,
						"animation": "Canter",
						"minduration": 80000,
						"movespeedByType": {
							"*-female-alcesalces-*": 0.052,"*-male-alcesalces-*": 0.06,
							"*": 0.005
						},
						"animationSpeed": 1.5,
						"stopOnHurt": true,
						"whenSwimming": false,
						"DontExecuteIfRecentlyAttacked": true,
						"tagsAppliedToEntity": ["state-moving"],
						"whenNotInEmotionState": ["aggressiveondamage","fleeondamage"]
					},
						//wandering trot at any time
					{
						"code": "wander",
						"enabled":  false,
						"priority": 10.8,
						"priorityForCancel": 12.0,
						"animation": "Trot",
						"minduration": 80000,
						"movespeedByType": {
							"*-female-alcesalces-*": 0.0128,"*-male-alcesalces-*": 0.015
						},
						"animationSpeed": 1,
						"stopOnHurt": true,
						"whenSwimming": false,
						"DontExecuteIfRecentlyAttacked": true,
						"tagsAppliedToEntity": ["state-moving"],
						"whenNotInEmotionState": ["aggressiveondamage","fleeondamage"]
					},
						//wandering walk at any time
					{
						"code": "wander",
						"enabled":  false,
						"priority": 10.8,
						"priorityForCancel": 12.0,
						"animation": "Walk",
						"minduration": 80000,
						"movespeedByType": {
							"*-female-alcesalces-*": 0.0052,"*-male-alcesalces-*": 0.006
						},
						"animationSpeed": 1,
						"stopOnHurt": true,
						"whenSwimming": false,
						"DontExecuteIfRecentlyAttacked": true,
						"tagsAppliedToEntity": ["state-moving"],
						"whenNotInEmotionState": ["aggressiveondamage","fleeondamage"]
					},
					//-------------------------Leave Deadly Conditions-------------------------//
						//fleeing when injured
					{
						"code": "fleeentity-r",
						"priority": 9.41,
						"priorityForCancel": 9.42,
						"animation": "Run",
						"entityCodes": [],
						"skipEntityTags": [["carcass","egg","nest","state-sneaking"]],
						"targetLightLevels": [2, 16, 22, 28],
						"movespeedByType": {
							"*-female-alcesalces-*": 0.128,"*-male-alcesalces-*": 0.15,
							"*": 0.005
						},
						"animationSpeed": 2,
						"seekingRange": 20,
						"fleeingDistance" : 50,
						"fleeDurationWhenTargetLost": 20000,
						"whenInEmotionState": ["fleeondamage"],
						"tagsAppliedToEntity": ["state-moving","state-sprinting"],
						"whenSwimming": false

					},
						//fleeing when injured in water
					{
						"code": "fleeentity-r",
						"priority": 9.41,
						"priorityForCancel": 9.42,
						"animation": "Swim",
						"entityCodes": [],
						"targetLightLevels": [2, 16, 22, 28],
						"movespeedByType": {
							"*": 0.06
						},
						"animationSpeed": 1,
						"seekingRange": 120,
						"fleeingDistance" : 180,
						"fleeDurationWhenTargetLost": 60000,
						"whenSwimming": true,
						"whenInEmotionState": ["fleeondamage"],
						"tagsAppliedToEntity": ["state-feet-in-liquid","state-moving","state-swimming"]

					},
						//fleeing when injured slower to finish flee on damage emotion state
					{
						"code": "fleeentity-r",
						"priority": 9.4,
						"priorityForCancel": 9.41,
						"animation": "Canter",
						"entityCodes": [],
						"skipEntityTags": [["carcass","egg","nest","state-sneaking"]],
						"targetLightLevels": [2, 16, 22, 28],
						"movespeedByType": {
							"*-female-alcesalces-*": 0.052,"*-male-alcesalces-*": 0.06,
							"*": 0.005
						},
						"animationSpeed": 1.5,
						"seekingRange": 120,
						"fleeingDistance" : 180,
						"fleeDurationWhenTargetLost": 60000,
						"whenInEmotionState": ["fleeondamage"],
						"tagsAppliedToEntity": ["state-moving","state-sprinting"],
						"whenSwimming": false

					},
					//-------------------------Combat-------------------------//
						//standard attack, when aggressive
					{
						"code": "meleeattack-r",
						"priority": 7.5,
						"priorityForCancel": 8.0,
						"animation": "Attack",
						"minTargetWeight": 0.01,
						"maxTargetWeight": 1.125,
						"entityTags": [["predator"]],
						"entityCodes": ["placeholder"],
						"targetLightLevels": [2, 16, 22, 28],
						"animationSpeed": 2.5,
						"damageByType": {
							"*-female-alcesalces-*": 14,"*-male-alcesalces-*": 16,
							"*": 4
						},
						"damageType": "SlashingAttack",
						"maxAttackDistance": 3,
						"damageTier": 1,
						"mincooldownMs": 500,
						"maxcooldownMs": 1500,
						"attackDurationMs": 1250,
						"damageWindowMs": [500,1000],
						"tamingGenerations": 2,
						"alarmHerd": true,
						"EatAfterKill" : false,
						"playerIsMeal" : false,
						"tagsAppliedToEntity": ["ferocious"],
						"whenInEmotionState": ["aggressiveondamage"],
						"whenNotInEmotionState": ["fleeondamage"]
					},
						//low damage, ferocious vs ferocious fight
					{
						"code": "meleeattack-r",
						"priority": 7.4,
						"priorityForCancel": 7.5,
						"animation": "Attack",
						"minTargetWeight": 0.01,
						"maxTargetWeight": 1.125,
						"entityTags": [["ferocious"]],
						"entityCodes": ["placeholder"],
						"targetLightLevels": [2, 16, 22, 28],
						"animationSpeed": 2.5,
						"damageByType": {
							"*-female-alcesalces-*": 2.8,"*-male-alcesalces-*": 3.2
						},
						"damageType": "SlashingAttack",
						"maxAttackDistance": 3,
						"damageTier": 2,
						"mincooldownMs": 500,
						"maxcooldownMs": 1500,
						"attackDurationMs": 1250,
						"damageWindowMs": [500,1000],
						"alarmHerd": true,
						"EatAfterKill" : false,
						"playerIsMeal" : false,
						"stopOnHurt": false,
						"DontExecuteIfRecentlyAttacked": false,
						"tagsAppliedToEntity": ["ferocious"],
						"whenNotInEmotionState": ["fleeondamage"]
					},
						//low damage, intraspecie fight
					{
						"code": "meleeattack-r",
						"enabledByType": {"*-male-*": true, "*": false},
						"priority": 7.4,
						"priorityForCancel": 7.5,
						"animation": "Attack",
						"minTargetWeight": 0.01,
						"maxTargetWeight": 1.125,
						"entityCodes": ["cervidae-alceini-adult-male-{type}"],
						"targetLightLevels": [2, 16, 22, 28],
						"animationSpeed": 2.5,
						"damageByType": {
							"*-female-alcesalces-*": 2.8,"*-male-alcesalces-*": 3.2
						},
						"damageType": "SlashingAttack",
						"maxAttackDistance": 3,
						"damageTier": 2,
						"mincooldownMs": 500,
						"maxcooldownMs": 1500,
						"attackDurationMs": 1250,
						"damageWindowMs": [500,1000],
						"alarmHerd": true,
						"EatAfterKill" : false,
						"playerIsMeal" : false,
						"stopOnHurt": false,
						"DontExecuteIfRecentlyAttacked": false,
						"tagsAppliedToEntity": ["ferocious"],
						"whenNotInEmotionState": ["fleeondamage"]
					},
						//stay in fight
					{
						"enabled" : false,
						"code": "seekentity",
						"priority": 7.2,
						"priorityForCancel": 7.3,
						"animation": "Charge",
						"minTargetWeight": 0.01,
						"maxTargetWeight": 1.125,
						"entityTags": [["predator"],["ferocious"]],
						"entityCodes": ["placeholder"],
						"ReverseTagsCheck": false,
						"targetLightLevels": [2, 16, 22, 28],
						"tamingGenerations": 2,
						"alarmHerd": true,
						"herdAlarmRange": 30,
						"maxFollowTimeSec": 20, 
						"movespeedByType": {
							"*-female-alcesalces-*": 0.052,"*-male-alcesalces-*": 0.06,
							"*": 0.005
						},
						"animationSpeed": 1.5,
						"seekingRange": 15,
						"jumpAtTarget": false,
						"soundByType": {
							"*-alcesalces-*":"capreolinae:creature/alces/alcesroar*"},
						"soundVolume": 1,
						"soundRangeByType": {"*": 60},
						"stopOnHurt": false,
						"whenSwimming": false,
						"DontExecuteIfRecentlyAttacked": false,
						"tagsAppliedToEntity": ["ferocious","state-moving"],
						"whenInEmotionState": ["aggressiveondamage","aggressivearoundentity"],
						"whenNotInEmotionState": ["fleeondamage"]
					},
						//stay in fight with other male
					{
						"enabled" : false,
						"code": "seekentity",
						"enabledByType": {"*-male-*": true, "*": false},
						"priority": 7.2,
						"priorityForCancel": 7.3,
						"animation": "Charge",
						"entityCodes": ["cervidae-alceini-adult-male-{type}"],
						"targetLightLevels": [2, 16, 22, 28],
						"tamingGenerations": 2,
						"alarmHerd": true,
						"herdAlarmRange": 30,
						"maxFollowTimeSec": 20, 
						"movespeedByType": {
							"*-female-alcesalces-*": 0.052,"*-male-alcesalces-*": 0.06,
							"*": 0.005
						},
						"animationSpeed": 1.5,
						"seekingRange": 15,
						"jumpAtTarget": false,
						"soundByType": {
							"*-alcesalces-*":"capreolinae:creature/alces/alcesroar*"},
						"soundVolume": 1,
						"soundRangeByType": {"*": 60},
						"stopOnHurt": false,
						"whenSwimming": false,
						"DontExecuteIfRecentlyAttacked": false,
						"tagsAppliedToEntity": ["ferocious","state-moving"],
						"whenNotInEmotionState": "fleeondamage"
					},
						//stay in fight long range
					{
						"enabled" : false,
						"code": "seekentity",
						"priority": 7.1,
						"priorityForCancel": 7.2,
						"animation": "Charge",
						"minTargetWeight": 0.01,
						"maxTargetWeight": 1.125,
						"entityCodes": ["placeholder"],
						"targetLightLevels": [2, 16, 22, 28],
						"tamingGenerations": 2,
						"alarmHerd": true,
						"herdAlarmRange": 30,
						"maxFollowTimeSec": 20, 
						"movespeedByType": {
							"*-female-alcesalces-*": 0.052,"*-male-alcesalces-*": 0.06,
							"*": 0.005
						},
						"animationSpeed": 1.5,
						"seekingRange": 60,
						"jumpAtTarget": false,
						"soundByType": {
							"*-alcesalces-*":"capreolinae:creature/alces/alcesroar*"},
						"soundVolume": 1,
						"soundRangeByType": {"*": 60},
						"stopOnHurt": false,
						"whenSwimming": false,
						"DontExecuteIfRecentlyAttacked": false,
						"tagsAppliedToEntity": ["ferocious","state-moving"],
						"whenInEmotionState": "aggressiveondamage",
						"whenNotInEmotionState": "fleeondamage"
					},
						//low damage against helpless target
					{
						"code": "meleeattack-r",
						"priority": 7.1,
						"priorityForCancel": 7.2,
						"animation": "Eat",
						"minTargetWeight": 0.00001,
						"maxTargetWeight": 0.00125,
						"executionChance": 0.125,
						"entityTags": [["carcass","egg","nest","animal"],["huntable"]],
						"entityCodes": ["placeholder"],
						"ReverseTagsCheck": false,
						"skipEntityTags": [["player","state-sneaking"]],
						"targetLightLevels": [2, 16, 22, 28],
						"animationSpeed": 1,
						"damageByType": {
							"*-female-alcesalces-*": 5.6,"*-male-alcesalces-*": 6.4
						},
						"damageType": "BluntAttack",
						"maxAttackDistance": 2.5,
						"damageTier": 2,
						"mincooldownMs": 500,
						"maxcooldownMs": 1500,
						"attackDurationMs": 7000,
						"damageWindowMs": [500,1000],
						"EatAfterKill" : true,
						"playerIsMeal" : false,
						"soundByType": {
							"*": "game:creature/animal-eat1"							
						},
						"stopOnHurt": false,
						"DontExecuteIfRecentlyAttacked": true,
						"whenNotInEmotionState": ["aggressiveondamage","fleeondamage","saturated"]
					},
						//low damage warning attack fight
					{
						"code": "meleeattack-r",
						"priority": 7.0,
						"priorityForCancel": 7.1,
						"animation": "Attack",
						"minTargetWeight": 0.001,
						"maxTargetWeight": 2,
						"entityTags": [["predator"],["ferocious"]],
						"entityCodes": ["placeholder"],
						"ReverseTagsCheck": false,
						"skipEntityTags": [["state-sneaking"]],
						"targetLightLevels": [2, 16, 22, 28],
						"tamingGenerations": 4,
						"animationSpeed": 2.5,
						"damageByType": {
							"*-female-alcesalces-*": 2.8,"*-male-alcesalces-*": 3.2,
							"*": 0.8
						},
						"damageType": "SlashingAttack",
						"maxAttackDistance": 3,
						"damageTier": 2,
						"mincooldownMs": 500,
						"maxcooldownMs": 1500,
						"attackDurationMs": 1250,
						"damageWindowMs": [500,1000],
						"EatAfterKill" : false,
						"playerIsMeal" : false,
						"stopOnHurt": true,
						"DontExecuteIfRecentlyAttacked": true,
						"tagsAppliedToEntity": ["ferocious"],
						"whenNotInEmotionState": ["aggressiveondamage","fleeondamage"]
					},
						//attack to have damage on UI
					{
						"code": "meleeattack-r",
						"priority": 7.0,
						"animation": "Attack",
						"entityTags": [["carcass"],["egg"],["mechanical"]],
						"entityCodes": ["placeholder"],
						"animationSpeed": 2.5,
						"damageByType": {
							"*-female-alcesalces-*": 14,"*-male-alcesalces-*": 16,
							"*": 4
						},
						"damageType": "SlashingAttack",
						"maxAttackDistance": 2.5,
						"damageTier": 2
					},
					//-------------------------Come To Owner-------------------------//
				{
					"code": "cometoowner-r",
					"priority": 6.5,
					"priorityForCancel": 7.0,
					"animation": "trot",
						"movespeedByType": {
							"*-female-alcesalces-*": 0.0128,"*-male-alcesalces-*": 0.015,
							"*": 0.005
						},
						"animationSpeed": 1,
					"allowTeleport": true,
					"teleportMaxRange": 1000,
					"teleportAfterRange": 200,
					"teleportToRange": 25,
					"ExtraMinDistanceToTarget": 5,
					"extraTargetDistance": 5,
					"randomTargetOffset" : 3
				},
					//-------------------------Avoid Dangerous Entities-------------------------//
						//fleeing due to dangerous entity immediate
					{
						"code": "fleeentity-r",
						"priority": 5.81,
						"priorityForCancel": 6.0,
						"animation": "Run",
						"minTargetWeight": 0.01,
						"maxTargetWeight": 9999,
						"entityCodes": ["placeholder"],
						"entityTags": [["predator"],["defended","ferocious","predator","venomous"]],
						"ReverseTagsCheck": false,
						"skipEntityTags": [["carcass","egg","nest"]],
						"targetLightLevels": [2, 16, 22, 28],
						"executionChance": 0.875,
						"movespeedByType": {
							"*-female-alcesalces-*": 0.128,"*-male-alcesalces-*": 0.15,
							"*": 0.005
						},
						"animationSpeed": 2,
						"seekingRange": 6,
						"fleeingDistance" : 100,
						"fleeDurationWhenTargetLost": 20000,
						"tagsAppliedToEntity": ["state-moving","state-sprinting"],
						"whenSwimming": false,
						"whenNotInEmotionState": ["aggressiveondamage"]
					},						//be aggressive due to threat
					{
						"code": "seekentity",
						"priority": 5.8,
						"priorityForCancel": 6.0,
						"animation": "Charge",
						"minTargetWeight": 0.01,
						"maxTargetWeight": 1.125,
						"entityCodes": ["placeholder"],
						"entityTags": [["predator"],["ferocious"],["huntable"]],
						"ReverseTagsCheck": false,
						"skipEntityTags": [["has-open-fire"]],
						"targetLightLevels": [2, 16, 22, 28],
						"alarmHerd": true,
						"herdAlarmRange": 30,
						"maxFollowTimeSec": 20, 
						"movespeedByType": {
							"*-female-alcesalces-*": 0.052,"*-male-alcesalces-*": 0.06,
							"*": 0.005
						},
						"animationSpeed": 1.5,
						"seekingRange": 6,
						"jumpAtTarget": false,
						"jumpAnimation": null,
						"soundByType": {
							"*alcesalces-*":"capreolinae:creature/alces/alcesroar*"	
						},
						"soundVolume": 1,
						"soundRangeByType": {"*": 60},
						"stopOnHurt": false,
						"whenSwimming": false,
						"DontExecuteIfRecentlyAttacked": false,
						//"TriggerEmotionState": ["aggressiveondamage"],
						"tagsAppliedToEntity": ["ferocious","state-moving"],
						"whenNotInEmotionState": "fleeondamage"
					},
						//dart away from projectiles/vehicles
					{
						"code": "fleeentity-r",
						"priority": 5.6,
						"priorityForCancel": 6.0,
						"animation": "Jump",
						"entityCodes": ["placeholder"],
						"entityTags": [["projectile"]],
						"ReverseTagsCheck": false,
						"targetLightLevels": [2, 16, 22, 28],
						"movespeedByType": {
							"*-female-alcesalces-*": 0.128,"*-male-alcesalces-*": 0.15,
							"*": 0.005
						},
						"animationSpeed": 2,
						"fleeDurationWhenTargetLost": 20000,
						"fleeDurationMS": 500,
						"seekingRange": 5,
						"fleeingDistance" : 100,
						"soundByType": {
							"*":"capreolinae:creature/alces/hurt"			
						},
						"soundVolume": 0.75,
						"SoundChance" : 0.125,
						"soundRangeByType": {"*": 60},
						"stopOnHurt": true,
						"whenSwimming": false,
						"tagsAppliedToEntity": ["state-moving","state-sprinting"]
					},
						//avoid larger dangerous entities at close range
					{
						"code": "fleeentity-r",
						"priority": 5.6,
						"priorityForCancel": 6.0,
						"animation": "Run",
						"minTargetWeight": 0.25,
						"maxTargetWeight": 9999,
						"entityCodes": ["placeholder"],
						"entityTags": [["predator"],["ferocious"]],
						"ReverseTagsCheck": false,
						"skipEntityTags": [["carcass","nest","state-sneaking"]],
						"targetLightLevels": [2, 16, 22, 28],
						"movespeedByType": {
							"*-female-alcesalces-*": 0.128,"*-male-alcesalces-*": 0.15,
							"*": 0.005
						},
						"animationSpeed": 2,
						"fleeDurationWhenTargetLost": 20000,
						"seekingRange": 20,
						"fleeingDistance" : 100,
						"stopOnHurt": true,
						"whenSwimming": false,
						"tagsAppliedToEntity": ["state-moving","state-sprinting"]
					},
						//avoid dangerous entities at close range
					{
						"code": "fleeentity-r",
						"priority": 5.6,
						"priorityForCancel": 6.0,
						"animation": "Run",
						"minTargetWeight": 0,
						"maxTargetWeight": 9999,
						"entityCodes": ["placeholder"],
						"entityTags": [["boss","mechanical","rust-creature","swarm","venomous","has-open-fire"]],
						"ReverseTagsCheck": false,
						"skipEntityTags": [["humanoid","state-sneaking"]],
						"targetLightLevels": [2, 16, 22, 28],
						"movespeedByType": {
							"*-female-alcesalces-*": 0.128,"*-male-alcesalces-*": 0.15,
							"*": 0.005
						},
						"animationSpeed": 2,
						"fleeDurationWhenTargetLost": 20000,
						"seekingRange": 10,
						"fleeingDistance" : 20,
						"stopOnHurt": true,
						"whenSwimming": false,
						"tagsAppliedToEntity": ["state-moving","state-sprinting"]
					},
						//avoid large dangerous entities at mid range
					{
						"code": "fleeentity-r",
						"priority": 5.2,
						"priorityForCancel": 5.4,
						"animation": "Canter",
						"minTargetWeight": 1.125,
						"maxTargetWeight": 9999,
						"entityCodes": ["placeholder"],
						"entityTags": [["boss","ferocious","predator","mechanical","rust-creature"]],
						"ReverseTagsCheck": false,
						"skipEntityTags": [["state-sneaking"]],
						"targetLightLevels": [2, 16, 22, 28],
						"movespeedByType": {
							"*-female-alcesalces-*": 0.052,"*-male-alcesalces-*": 0.06,
							"*": 0.005
						},
						"animationSpeed": 1.5,
						"fleeDurationWhenTargetLost": 10000,
						"seekingRange": 30,
						"fleeingDistance" : 100,
						"soundByType": {
							"*":"capreolinae:creature/alces/hurt"			
						},
						"soundVolume": 0.75,
						"SoundChance" : 0.125,
						"soundRangeByType": {"*": 60},
						"stopOnHurt": true,
						"whenSwimming": false,
						"tagsAppliedToEntity": ["state-moving","state-sprinting"]
					},
						//fleeing dangerous entity at long range
					{
						"code": "fleeentity-r",
						"priority": 5.2,
						"priorityForCancel": 5.4,
						"animation": "Canter",
						"minTargetWeight": 0.25,
						"maxTargetWeight": 9999,
						"entityCodes": ["placeholder"],
						"entityTags": [["predator"],["ferocious"]],
						"ReverseTagsCheck": false,
						"skipEntityTags": [["state-sneaking"]],
						"targetLightLevels": [2, 16, 22, 28],
						"movespeedByType": {
							"*-female-alcesalces-*": 0.052,"*-male-alcesalces-*": 0.06,
							"*": 0.005
						},
						"animationSpeed": 1.5,
						"seekingRange": 50,
						"fleeingDistance" : 100,
						"fleeDurationWhenTargetLost": 20000,
						"soundByType": {
							"*":"capreolinae:creature/alces/hurt"			
						},
						"soundVolume": 0.75,
						"SoundChance" : 0.125,
						"soundRangeByType": {"*": 60},
						"stopOnHurt": true,
						"whenSwimming": false,
						"tagsAppliedToEntity": ["state-moving","state-sprinting"],
						"whenNotInEmotionState": ["aggressiveondamage","fleeondamage"]
					},
						//avoid large dangerous entities at long range
					{
						"code": "fleeentity-r",
						"priority": 5.0,
						"priorityForCancel": 5.2,
						"animation": "Trot",
						"minTargetWeight": 1.125,
						"maxTargetWeight": 9999,
						"entityCodes": ["placeholder"],
						"entityTags": [["boss","ferocious","rust-creature"]],
						"ReverseTagsCheck": false,
						"skipEntityTags": [["carcass","nest","state-sneaking"]],
						"targetLightLevels": [2, 16, 22, 28],
						"movespeedByType": {
							"*-female-alcesalces-*": 0.0128,"*-male-alcesalces-*": 0.015
						},
						"animationSpeed": 1,
						"seekingRange": 50,
						"fleeingDistance" : 100,
						"soundByType": {
							"*":"capreolinae:creature/alces/hurt"			
						},
						"soundVolume": 0.75,
						"SoundChance" : 0.125,
						"soundRangeByType": {"*": 60},
						"stopOnHurt": true,
						"whenSwimming": false,
						"tagsAppliedToEntity": ["state-moving"]
					},
					//-------------------------Food Seeking-------------------------//
						//if hungry eat favorite foods from POI
					{
						"code": "seekfoodandeat-r",
						"priority": 4.7,
						"priorityForCancel": 5.0,
						"animation": "Trot",
						"eatAnimation": "Eat",
						"eatAnimationLooseItems": "Eat",
						"targetLightLevels": [2, 16, 22, 28],
						"movespeedByType": {
							"*-female-alcesalces-*": 0.0128,"*-male-alcesalces-*": 0.015
						},
						"animationSpeed": 1,
						"mindurationMs": 5000,
						"maxdurationMs": 5000,
						"mincooldownHours": 1,
						"maxcooldownHours": 4,
						"eatTime": 2,
						"eatLooseItems": true,
						"eatSound" : "game:creature/animal-eat1",
						"stopOnHurt": true,
						"whenSwimming": false,
						"DontExecuteIfRecentlyAttacked": true,
						"tagsAppliedToEntity": ["state-moving"],
						"whenNotInEmotionState": ["aggressiveondamage","fleeondamage"]
					},
					//-------------------------Leave Hazardous condtions-------------------------//
						//getting out of water
					{
						"code": "getoutofwater-r",
						"priority": 3.61,
						"priorityForCancel": 5.0,
						"animation": "Swim",
						"movespeedByType": {
							"*": 0.06
						},
						"animationSpeed": 1,
						"rangeSearchAttemptsFactor": 2.5,
						"whenSwimming": true,
						"tagsAppliedToEntity": ["state-moving","state-swimming"]
					},		
						//swim wandering to find the shore			
					{
						"code": "wander-r",
						"priority": 3.6,
						"priorityForCancel": 5.0,
						"animation": "Swim",
						"movespeedByType": {
							"*": 0.06
						},
						"animationSpeed": 1,
						"stopOnHurt": true,
						"whenSwimming": true,
						"DontExecuteIfRecentlyAttacked": true,
						"tagsAppliedToEntity": ["state-moving","state-swimming"],
						"whenNotInEmotionState": ["aggressiveondamage","fleeondamage"]
					},	
						//stay close to family in the dark				
					{
						"code": "stayclosetoentity-r",
						"priority": 3.51,
						"priorityForCancel": 5.0,
						"animation": "Trot",
						"entityCodes": ["cervidae-alceini-baby-female-{type}","cervidae-alceini-baby-male-{type}"],
						"targetLightLevels": [2, 16, 22, 28],
						"movespeedByType": {
							"*-female-alcesalces-*": 0.0128,"*-male-alcesalces-*": 0.015
						},
						"animationSpeed": 1,
						"TargetEntitiesWithSameHerdId": true,
						"seekingRange": 240,
						"ExtraMinDistanceToTarget": 2,
						"extraTargetDistance": 2,
						"randomTargetOffset" : 1,
						"maxFollowTimeSec": 240, 
						"EntityLightLevels": [0,18],
						"EntityLightLevelType": "TimeOfDaySunLight",
						"stopOnHurt": true,
						"whenSwimming": false,
						"DontExecuteIfRecentlyAttacked": true,
						"tagsAppliedToEntity": ["state-moving"],
						"whenNotInEmotionState": ["aggressiveondamage","fleeondamage"]
					},	
						//stay close to family during day		
					{
						"code": "stayclosetoentity-r",
						"priority": 3.5,
						"priorityForCancel": 5.0,
						"animation": "Trot",
						"entityCodes": ["cervidae-alceini-baby-female-{type}","cervidae-alceini-baby-male-{type}"],
						"targetLightLevels": [2, 16, 22, 28],
						"movespeedByType": {
							"*-female-alcesalces-*": 0.0128,"*-male-alcesalces-*": 0.015
						},
						"animationSpeed": 1,
						"seekingRange": 240,
						"TargetEntitiesWithSameHerdId": true,
						"ExtraMinDistanceToTarget": 8,
						"extraTargetDistance": 8,
						"randomTargetOffset" : 4,
						"maxFollowTimeSec": 240, 
						"EntityLightLevels": [18,32],
						"EntityLightLevelType": "TimeOfDaySunLight",
						"stopOnHurt": true,
						"whenSwimming": false,
						"DontExecuteIfRecentlyAttacked": true,
						"tagsAppliedToEntity": ["state-moving"],
						"whenNotInEmotionState": ["aggressiveondamage","fleeondamage","saturated"]
					},			
						//wander out of darkness		
					{
						"code": "wander",
						"priority": 3.42,
						"priorityForCancel": 5.0,
						"animation": "Walk",
						"minduration": 12000,
						"movespeedByType": {
							"*-female-alcesalces-*": 0.0052,"*-male-alcesalces-*": 0.006
						},
						"animationSpeed": 1,
						"EntityLightLevels": [0,8],
						"EntityLightLevelType": "MaxLight",
						"PreferredLightLevel": 32,
						"PreferredLightLevelType": "MaxLight",
						"MaxBlocksChecked" : 27,
						"wanderVerticalRangeMax": 3,
						"stopOnHurt": true,
						"whenSwimming": false,
						"DontExecuteIfRecentlyAttacked": true,
						"tagsAppliedToEntity": ["state-moving"],
						"whenNotInEmotionState": ["aggressiveondamage","fleeondamage"]
					},			
						//wander out of cover below a certain temp to get into direct sunlight, should be full spawn range for open space dwelling deer, quarter for both, min spawn range for forest dwelling deer
					{
						"code": "wander",
						"priority": 3.41,
						"priorityForCancel": 5.0,
						"animation": "Trot",
						"minduration": 12000,
						"movespeedByType": {
							"*-female-alcesalces-*": 0.0128,"*-male-alcesalces-*": 0.015
						},
						"animationSpeed": 1,
						"TemperatureRangeByType": {
							"*alcesalces-*":[-40,-30]
						},
						"EntityLightLevels": [0,20],
						"EntityLightLevelType": "MaxTimeOfDayLight",
						"PreferredLightLevel": 32,
						"PreferredLightLevelType": "MaxTimeOfDayLight",
						"MaxBlocksChecked" : 27,
						"stopOnNearbyEntityCodes": [ "player"],
						"stopRange": 10,
						"stopOnHurt": true,
						"whenSwimming": false,
						"DontExecuteIfRecentlyAttacked": true,
						"tagsAppliedToEntity": ["state-moving"],
						"whenNotInEmotionState": ["aggressiveondamage","fleeondamage"]
					},	
					//-------------------------Domestic Behaviors-------------------------//
						//follow lead holder
					{
						"code": "followleadholder",
						"priority": 4.5,
						"priorityForCancel": 5.0,
						"animation": "Trot",
						"movespeedByType": {
							"*-female-alcesalces-*": 0.0128,"*-male-alcesalces-*": 0.015
						},
						"animationSpeed": 1,
						"minGeneration": 2,
						"stopOnHurt": true,
						"tagsAppliedToEntity": ["state-moving"],
						"whenNotInEmotionState": ["aggressiveondamage","fleeondamage"]
					},
					//-------------------------Conditional Down Time-------------------------//
						//deer sleeping times light
					{
						"code": "idle-r",
						"priority": 1.5,
						"priorityForCancel": 6,
						"animation": "Sleep",
						"mindurationMs": 30000,
						"maxdurationMs": 60000,
						"mincooldownHours": 0.5,
						"maxcooldownhours": 1.5,
						"animationSpeed": 0.3,
						"EntityLightLevels": [21,32],
						"EntityLightLevelType": "TimeOfDaySunLight",
						"stopOnHurt": true,
						"whenSwimming": false,
						"whenFeetInLiquid": false,
						"DontExecuteIfRecentlyAttacked": true,
						"tagsAppliedToEntity": ["state-sneaking"],
						"whenNotInEmotionState": ["aggressiveondamage","fleeondamage"]
					},
					//deer sleeping times dark
					{
						"code": "idle-r",
						"priority": 1.5,
						"priorityForCancel": 6,
						"animation": "Sleep",
						"mindurationMs": 30000,
						"maxdurationMs": 60000,
						"mincooldownHours": 0.5,
						"maxcooldownhours": 1.5,
						"animationSpeed": 0.3,
						"EntityLightLevels": [4,17],
						"EntityLightLevelType": "TimeOfDaySunLight",
						"stopOnHurt": true,
						"whenSwimming": false,
						"whenFeetInLiquid": false,
						"DontExecuteIfRecentlyAttacked": true,
						"tagsAppliedToEntity": ["state-sneaking"],
						"whenNotInEmotionState": ["aggressiveondamage","fleeondamage"]
					},
						//rare chance of call all day
					{
						"code": "idle-r",
						"priority": 1.41,
						"priorityForCancel": 2.0,
						"animation": "Roar",
						"executionChance": 0.0125,
						"mindurationMs": 3000,
						"maxdurationMs": 9000,
						"mincooldownHours": 0.125,
						"maxcooldownHours": 2,
						"animationSpeed": 1,
						"soundByType": {
							"*-alcesalces-*": "capreolinae:creature/alces/alcescall*"
						},
						"soundrepeatMS": 5000,
						"soundVolume": 0.95,
						"soundRange": 120,
						"whenNotInEmotionState": ["aggressiveondamage","fleeondamage"]
					},
						//sitting when in shade over certain temp
					{
						"code": "idle-r",
						"priority": 3.41,
						"priorityForCancel": 5.0,
						"animation": "Sit",
						"mindurationMs": 60000,
						"maxdurationMs": 480000,
						"minCooldownhours": 0.25,
						"maxCoolDownhours": 1,
						"TemperatureRangeByType": {
							"*alcesalces-*":[26,60]
						},
						"EntityLightLevels": [8,21],
						"EntityLightLevelType": "OnlyBlockLight",
						"duringDayTimeFramesHours": [[12,16]],
				  	"DayTimeFrameInaccuracy": 0.75,
						"StopIfOutOfDayTimeFrames" : true,
						"stopOnHurt": true,
						"whenSwimming": false,
						"whenFeetInLiquid": false,
						"DontExecuteIfRecentlyAttacked": false,
						"whenNotInEmotionState": ["aggressiveondamage","fleeondamage"]
					},	
						//grazing on certain blocks
					{
						"code": "idle-r",
						"priority": 1.4,
						"priorityForCancel": 2.0,
						"animation": "Eat2",
						"mindurationMs": 5000,
						"maxdurationMs": 20000,
						"minCooldownMs": 5000,
						"maxCooldownMs": 20000,
						//"AllowedBlockBelowCode": ["crop-*","fern-*","flower-*","forestfloor-*","mushroom-*","tallfern-*","tallgrass-*","tallplant-*"],
						"stopOnHurt": true,
						"whenSwimming": false,
						"whenFeetInLiquid": false,
						"DontExecuteIfRecentlyAttacked": false,
						"whenNotInEmotionState": ["aggressiveondamage","fleeondamage"]
					},
						//grazing on certain blocks
					{
						"code": "idle-r",
						"priority": 1.4,
						"priorityForCancel": 2.0,
						"animation": "Eat",
						"mindurationMs": 5000,
						"maxdurationMs": 20000,
						"minCooldownMs": 5000,
						"maxCooldownMs": 20000,
						//"AllowedBlockBelowCode": ["snow-*"],
						"stopOnHurt": true,
						"whenSwimming": false,
						"whenFeetInLiquid": false,
						"DontExecuteIfRecentlyAttacked": false,
						"whenNotInEmotionState": ["aggressiveondamage","fleeondamage"]
					},
						//wander into cover above a certain light level
					{
						"enabled": false,
						"code": "wander",
						"priority": 1.3,
						"priorityForCancel": 1.4,
						"animation": "Trot",
						"mindurationMs": 12000,
						"minCooldownhours": 0.125,
						"maxCoolDownhours": 1,
						"movespeedByType": {
							"*-female-alcesalces-*": 0.0128,"*-male-alcesalces-*": 0.015
						},
						"animationSpeed": 1,
						"TemperatureRangeByType": {
							"*alcesalces-*":[26,60]
						},
						"EntityLightLevels": [22,32],
						"EntityLightLevelType": "TimeOfDaySunLight",
						"PreferredLightLevel": 20,
						"PreferredLightLevelType": "MaxTimeOfDayLight",
						"MaxBlocksChecked" : 27,
						"stopOnNearbyEntityCodes": [ "player"],
						"stopRange": 10,
						"stopOnHurt": true,
						"whenSwimming": false,
						"DontExecuteIfRecentlyAttacked": true,
						"tagsAppliedToEntity": ["state-moving"],
						"whenNotInEmotionState": ["aggressiveondamage","fleeondamage"]
					},
						//wander at peak light levels
					{
						"enabled": false,
						"code": "wander",
						"priority": 1.3,
						"priorityForCancel": 2.0,
						"animation": "Trot",
						"mindurationMs": 4000,
						"mincooldownHours": 0.125,
						"maxcooldownhours": 1.25,
						"movespeedByType": {
							"*-female-alcesalces-*": 0.0128,"*-male-alcesalces-*": 0.015
						},
						"animationSpeed": 1,
						"EntityLightLevelsByType": {
							"@.*-(alcesalces)":[19,19]
						},
						"EntityLightLevelType": "TimeOfDaySunLight",
						"stopOnNearbyEntityCodes": [ "player"],
						"stopRange": 10,
						"stopOnHurt": true,
						"whenSwimming": false,
						"DontExecuteIfRecentlyAttacked": true,
						"tagsAppliedToEntity": ["state-moving"],
						"whenNotInEmotionState": ["aggressiveondamage","fleeondamage"]
					},
					//-------------------------Down Time-------------------------//
						//wandering canter or stot at any time
					{
						"code": "wander",
						"priority": 0.8,
						"priorityForCancel": 2.0,
						"animation": "Canter",
						"minduration": 8000,
						"wanderChance": 0.001,
						"movespeedByType": {
							"*-female-alcesalces-*": 0.052,"*-male-alcesalces-*": 0.06,
							"*": 0.005
						},
						"animationSpeed": 1.5,
						"stopOnNearbyEntityCodes": [ "player"],
						"stopRange": 10,
						"stopOnHurt": true,
						"whenSwimming": false,
						"DontExecuteIfRecentlyAttacked": true,
						"tagsAppliedToEntity": ["state-moving"],
						"whenNotInEmotionState": "aggressiveondamage|fleeondamage"
					},
						//wandering trot at any time
					{
						"code": "wander",
						"priority": 0.8,
						"priorityForCancel": 2.0,
						"animation": "Trot",
						"minduration": 8000,
						"wanderChance": 0.01,
						"movespeedByType": {
							"*-female-alcesalces-*": 0.0128,"*-male-alcesalces-*": 0.015
						},
						"animationSpeed": 1,
						"stopOnNearbyEntityCodes": [ "player"],
						"stopRange": 10,
						"stopOnHurt": true,
						"whenSwimming": false,
						"DontExecuteIfRecentlyAttacked": true,
						"tagsAppliedToEntity": ["state-moving"],
						"whenNotInEmotionState": "aggressiveondamage|fleeondamage"
					},
						//wandering walk at any time
					{
						"code": "wander",
						"priority": 0.8,
						"priorityForCancel": 2.0,
						"animation": "Walk",
						"minduration": 8000,
						"wanderChance": 0.1,
						"movespeedByType": {
							"*-female-alcesalces-*": 0.0052,"*-male-alcesalces-*": 0.006
						},
						"animationSpeed": 1,
						"stopOnNearbyEntityCodes": [ "player"],
						"stopRange": 10,
						"stopOnHurt": true,
						"whenSwimming": false,
						"DontExecuteIfRecentlyAttacked": true,
						"tagsAppliedToEntity": ["state-moving"],
						"whenNotInEmotionState": "aggressiveondamage|fleeondamage"
					},
						//sitting at any time
					{
						"code": "idle-r",
						"priority": 0.7,
						"priorityForCancel": 2.0,
						"animation": "Sit",
						"minduration": 12000,
						"maxduration": 120000,
						"chance": 0.25,
						"minCooldown": 12000,
						"maxCooldown": 120000,
						"stopOnHurt": true,
						"whenSwimming": false,
						"whenFeetInLiquid": false,
						"DontExecuteIfRecentlyAttacked": false,
						"whenNotInEmotionState": ["aggressiveondamage","fleeondamage"]
					},
						//standing at any time
					{
						"code": "idle",
						"priority": 0.7,
						"priorityForCancel": 2.0,
						"animation": "Idle",
						"minduration": 2000,
						"maxduration": 12000,
						"minCooldown": 12000,
						"maxCooldown": 120000,
						"stopOnNearbyEntityCodes": [ "player"],
						"stopRange": 5,
						"stopOnHurt": true,
						"whenSwimming": false,
						"whenFeetInLiquid": false,
						"DontExecuteIfRecentlyAttacked": false
					},
						//looking around
					{
						"code": "lookaround-r",
						"priority": 0.5,
						"priorityForCancel": 2.0,
						"stopOnHurt": true,
						"whenNotInEmotionState": ["aggressiveondamage","fleeondamage"],
						"turnAngleFactor": 0.5
					}
				]
			},
			{ "code": "ropetieable", "minGeneration": 2 },
			{ "code": "pettable", "minGeneration": 1 },
			{
				"code": "antlergrowth",
				"enabledByType": {"*-male-*": true, "*": false },
				"variantsByType": {
					"*-adult-male-alcesalces-*":["01","02","03","04","05","06","07","08","09"]},
				"beginGrowMonth": 3,				
				"growDurationMonths": 6,
				"grownDurationMonths": 5,
				"shedDurationMonths": 1
			},
			{ "code": "entitystatetags" }
		]
	},
	"soundsByType": {
"*":{
		"hurt": "capreolinae:creature/alces/hurt",
		"death": "capreolinae:creature/alces/hurt",
		"idle": "game:creature/sheep/idle"
	}},
	"idleSoundChance": 0.05
}