{
	"code": "cervidae-capreolini",
	"class": "EntityAgent",
	"tags": ["animal", "huntable", "habitat-land"],
	"fallDamageMultiplier": 0.5,
	"variantgroups": [
		{"code": "age","states": ["baby" ]},
		{"code": "gender","states": [ "female","male"]},
		{"code": "type","states": ["capreoluscapreolus","capreoluspygargus","hydropotesinermis" ]}
	],
	"hitBoxSizeByType": {
		"*-baby-*-capreoluscapreolus": {	"x": 0.35,"y": 0.35},
		"*-baby-*-capreoluspygargus": {	"x": 0.4,"y": 0.4},
		"*-baby-*-hydropotesinermis": {	"x": 0.3,"y": 0.3}
	},
	"deadhitBoxSizeByType": {
		"*-baby-*-capreoluscapreolus": {	"x": 0.35,"y": 0.25},
		"*-baby-*-capreoluspygargus": {	"x": 0.4,"y": 0.2},
		"*-baby-*-hydropotesinermis": {	"x": 0.3,"y": 0.15}
	},
	"eyeHeightByType": {
		"*-baby-*-capreoluscapreolus": 0.4,
		"*-baby-*-capreoluspygargus": 0.45,
		"*-baby-*-hydropotesinermis": 0.35
	},
	"weightByType": {
		"*-baby-*-capreoluscapreolus": 5,
		"*-baby-*-capreoluspygargus": 5,
		"*-baby-*-hydropotesinermis": 2
	},
	"knockbackResistanceByType": {
		"*-baby-*-capreolus*": 0.2,
		"*-baby-*-hydropotes*": 0.1
	},	
	"attributes": {
		"killedByInfoText": "deadcreature-killed",
		"trappableByType": {
			"*-capreolus*": {
				"small": { "trapChance": 0.4,	"trapDestroyChance": 0.05 },
				"large": { "trapChance": 0.9,	"trapDestroyChance": 0 }
			},
			"*-hydropotes*": {
				"small": { "trapChance": 0.4,	"trapDestroyChance": 0.05 },
				"large": { "trapChance": 0.9,	"trapDestroyChance": 0 }
			},
			"*": {
				"small": { "trapChance": 0.0,	"trapDestroyChance": 0.2 },
				"large": { "trapChance": 0.4,	"trapDestroyChance": 0 }
			}
		},
		"creatureDietByType": {
			"*":{
			"foodCategories": ["Vegetable", "Fruit","Grain"],
			"weightedFoodTags": [
				{ "weight": 0.9, "code": "fruitmash" },
				{ "weight": 0.7, "code": "grain" },
				{ "weight": 0.1, "code": "grass" },
				{ "weight": 0.5, "code": "nibbleCrop" },
				{ "weight": 0.2, "code": "peanut" },
				{ "weight": 1, "code": "sweetBerryBush" },
				{ "weight": 1, "code": "tastyvegetable" }
			],
			"skipFoodTags": ["rice", "parsnip"]
		}},
		"handbook": {
			"groupcode": "creaturegroup-capreolini"
		}
	},
	"drops": [],
	"client": {
		"renderer": "Shape",
		"shapeByType": {
			"*": { "base": "entity/animal/mammal/hooved/capreolini/hydropotesinermis/baby" }
		},
		"textureByType": {
			"*": { "base": "entity/animal/mammal/hooved/capreolini/hydropotesinermis-baby" }
		},
		"sizeByType": {
			"*-capreoluscapreolus": 0.7,
			"*-capreoluspygargus": 0.74,
			"*-hydropotesinermis": 0.64,
			"*": 1.0
		},
		"behaviors": [
			{"code": "repulseagents" },
			{"code": "controlledphysics","stepHeightByType": {"*":2.1251}},
			{"code": "floatupwhenstuck","onlyWhenDead": true},
			{"code": "interpolateposition" },
			{"code": "harvestable","quantitySlots": 8},
			{"code": "despawn","minPlayerDistance": 8,"belowLightLevel": 1,"minSeconds": 300},
			{"code": "ropetieable","minGeneration": 2}
		],
		"animations": [
			{"code": "attack","animation": "Attack","animationSpeed": 2.2,"weight": 10,"blendMode": "AddAverage"},
			{"code": "charge","animation": "Charge","animationSpeed": 2.2,"weight": 10,"blendMode": "Average"},
			{"code": "die","animation": "Die","animationSpeed": 1.25,"weight": 10,"blendMode": "Average","triggeredBy": { "onControls": [ "dead" ] }},
			{"code": "eat","animation": "Eat","easeInSpeed": 4,"easeOutSpeed": 4,"blendMode": "Average"},
			{"code": "hurt","animation": "Hurt","animationSpeed": 2.2,"weight": 10,"blendMode": "AddAverage"},
			{"code": "idle","animation": "Idle","blendMode": "AddAverage","easeOutSpeed": 4,"triggeredBy": { "defaultAnim": true }},
			{"code": "roar","animation": "Roar","animationSpeed": 2.2,"weight": 10,"blendMode": "AddAverage"},
			{"code": "sit","animation": "Sit","easeInSpeed": 4,"easeOutSpeed": 4,"blendMode": "Average"},
			{"code": "sleep","animation": "Sleep","easeInSpeed": 4,"easeOutSpeed": 4,"blendMode": "Average"},
			{"code": "swim","animation": "Swim","supressDefaultAnimation": true,"blendMode": "Average"},
			{"code": "run","animation": "Run","supressDefaultAnimation": true,"blendMode": "Average"},
			{"code": "stot","animation": "Stot","supressDefaultAnimation": true,"blendMode": "Average"},
			{"code": "gallop","animation": "Gallop","supressDefaultAnimation": true,"blendMode": "Average"},
			{"code": "canter","animation": "Canter","supressDefaultAnimation": true,"blendMode": "Average"},
			{"code": "trot","animation": "Trot","supressDefaultAnimation": true,"blendMode": "Average"},
			{"code": "walk","animation": "Walk","supressDefaultAnimation": true,"blendMode": "Average"}
		]
	},
	"server": {
		"attributes": {
			"pathfinder": {
				"minTurnAnglePerSec": 90,
				"maxTurnAnglePerSec": 450
			}
		},
		"behaviors": [
			{ "code": "repulseagents" },
			{"code": "controlledphysics","stepHeightByType": {"*":2.1251}},
			{"code": "despawn","minPlayerDistance": 8,"belowLightLevel": 8,"minSeconds": 300},
			{"code": "health",
				"maxhealthByType": {
			"*-baby-*-capreoluscapreolus": 3,
			"*-baby-*-capreoluspygargus": 3,
			"*-baby-*-hydropotesinermis": 3,
					"*": 8
				}
			},
			{"code": "deaddecay",
				"hoursToDecay": 96,
				"decayedBlockByType": {
				"*": "carcass-tiny"
				}
			},
			{"code": "floatupwhenstuck","onlyWhenDead": true},
			{"code": "harvestable",
				"quantitySlots": 8,
				"drops": [
					{
						"type": "item",
						"code": "game:redmeat-raw",
						"quantityByType": {
							"*-capreoluscapreolus": {"avg": 0.2,"var": 0},
							"*-capreoluspygargus": {"avg": 0.2,"var": 0},
							"*-hydropotesinermis": {"avg": 0.2,"var": 0},
							"*": {"avg": 6,"var": 2}
						}
					},
					{
						"type": "item",
						"code": "fat",
						"quantityByType": {
							"*": {"avg": 0.0,"var": 0.1}
						}
					},
					{
						"type": "item",
						"code": "capreolinae:pelt-raw-capreolini-baby-{type}",
						"quantityByType": {
							"*-baby-*": {"avg": 1.0,"var": 0.0},
							"*": {"avg": 0.0,"var": 0.0}
						}
					}
				]
			},
			{"code": "breathe" },
			{"code": "grow",
				"hoursToGrowByType": {
					"*-hydropotesinermis": 100,
					"*": 94
				},
				"adultEntityCodesByType": {
					"*-baby-*": ["capreolinae:cervidae-capreolini-adult-{gender}-{type}"]
				}
			},
			{"code": "emotionstates",
				"states": [
					{"code": "fleeondamage","duration": 60,"chance": 1,"slot": 2,"priority": 5,"accumType": "max","whenHealthRelBelow": 0.4},
					{"code": "fleeondamage","duration": 60,"slot": 2,"chance": 1,"priority": 1,"accumType": "max"},
					{"code": "alarmherdondamage","chance": 1,"slot": 1,"priority": 1,"accumType": "max"},
					{"code": "saturated","duration": 1200,"chance": 1,"slot": 0,"priority": 1,"accumType": "sum"}
				]
			},
			{
				"code": "taskai",
				"aiCreatureType": "LandCreature",
				"aitasks": [
					//-------------------------Movement Speed tests-------------------------//
						//wandering run at any time
					{
						"code": "wander",
						"enabled":  false,
						"priority": 10.8,
						"priorityForCancel": 12.0,
						"animation": "Run",
						"minduration": 8000,
						"movespeedByType": {
							"*-capreoluscapreolus": 0.037,
							"*-capreoluspygargus": 0.04,
							"*-hydropotesinermis": 0.034,
							"*": 0.005
						},
						"animationSpeed": 2.5,
						"stopOnHurt": true,
						"whenSwimming": false,
						"DontExecuteIfRecentlyAttacked": true,
						"tagsAppliedToEntity": ["state-moving"],
						"whenNotInEmotionState": ["aggressiveondamage","fleeondamage"]
					},
						//wandering canter at any time
					{
						"code": "wander",
						"enabled":  false,
						"priority": 10.8,
						"priorityForCancel": 12.0,
						"animation": "Canter",
						"minduration": 80000,
						"movespeedByType": {
							"*-capreoluscapreolus": 0.024,
							"*-capreoluspygargus": 0.025,
							"*-hydropotesinermis": 0.024,
							"*": 0.005
						},
						"animationSpeed": 1.5,
						"stopOnHurt": true,
						"whenSwimming": false,
						"DontExecuteIfRecentlyAttacked": true,
						"tagsAppliedToEntity": ["state-moving"],
						"whenNotInEmotionState": ["aggressiveondamage","fleeondamage"]
					},
						//wandering trot at any time
					{
						"code": "wander",
						"enabled":  false,
						"priority": 10.8,
						"priorityForCancel": 12.0,
						"animation": "Trot",
						"minduration": 8000,
						"movespeedByType": {
							"*-antiferultra": 0.0072,
							"*-capreoluscapreolus": 0.0037,
							"*-capreoluspygargus": 0.004,
							"*-hydropotesinermis": 0.0034,
							"*": 0.005
						},
						"animationSpeed": 1,
						"stopOnHurt": true,
						"whenSwimming": false,
						"DontExecuteIfRecentlyAttacked": true,
						"tagsAppliedToEntity": ["state-moving"],
						"whenNotInEmotionState": ["aggressiveondamage","fleeondamage"]
					},
						//wandering walk at any time
					{
						"code": "wander",
						"enabled":  false,
						"priority": 10.8,
						"priorityForCancel": 12.0,
						"animation": "Walk",
						"minduration": 18000,
						"movespeedByType": {
							"*-capreoluscapreolus": 0.0015,
							"*-capreoluspygargus": 0.0016,
							"*-hydropotesinermis": 0.0015,
							"*": 0.005
						},
						"animationSpeed": 1,
						"stopOnHurt": true,
						"whenSwimming": false,
						"DontExecuteIfRecentlyAttacked": true,
						"tagsAppliedToEntity": ["state-moving"],
						"whenNotInEmotionState": ["aggressiveondamage","fleeondamage"]
					},
					//-------------------------Leave Deadly Conditions-------------------------//
						//fleeing when injured
					{
						"code": "fleeentity-r",
						"priority": 9.4,
						"priorityForCancel": 9.4,
						"animation": "Run",
						"entityCodes": [],
						"skipEntityTags": [["carcass","egg","nest","state-sneaking"]],
						"targetLightLevels": [2, 16, 22, 28],
						"movespeedByType": {
							"*-capreoluscapreolus": 0.037,
							"*-capreoluspygargus": 0.04,
							"*-hydropotesinermis": 0.034,
							"*": 0.005
						},
						"animationSpeed": 2.5,
						"seekingRange": 20,
						"fleeingDistance" : 50,
						"fleeDurationWhenTargetLost": 20000,
						"whenInEmotionState": ["fleeondamage"],
						"tagsAppliedToEntity": ["state-moving","state-sprinting"],
						"whenSwimming": false
					},
						//fleeing when injured in water
					{
						"code": "fleeentity-r",
						"priority": 9.4,
						"priorityForCancel": 9.4,
						"animation": "Swim",
						"entityCodes": [],
						"targetLightLevels": [2, 16, 22, 28],
						"movespeedByType": {
							"*": 0.02
						},
						"animationSpeed": 2,
						"seekingRange": 120,
						"fleeingDistance" : 180,
						"fleeDurationWhenTargetLost": 60000,
						"whenSwimming": true,
						"whenInEmotionState": ["fleeondamage"],
						"tagsAppliedToEntity": ["state-feet-in-liquid","state-moving","state-swimming"]
					},
						//fleeing when injured slower to finish flee on damage emotion state
					{
						"code": "fleeentity-r",
						"priority": 9.4,
						"priorityForCancel": 9.4,
						"animation": "Run",
						"entityCodes": [],
						"skipEntityTags": [["carcass","egg","nest","state-sneaking"]],
						"targetLightLevels": [2, 16, 22, 28],
						"movespeedByType": {
							"*-capreoluscapreolus": 0.037,
							"*-capreoluspygargus": 0.04,
							"*-hydropotesinermis": 0.034,
							"*": 0.005
						},
						"animationSpeed": 2.5,
						"seekingRange": 120,
						"fleeingDistance" : 180,
						"fleeDurationWhenTargetLost": 60000,
						"whenInEmotionState": ["fleeondamage"],
						"tagsAppliedToEntity": ["state-moving","state-sprinting"],
						"whenSwimming": false
					},
					//-------------------------Avoid Dangerous Entities-------------------------//
						//fleeing due to dangerous entity immediate
					{
						"code": "fleeentity-r",
						"priority": 5.8,
						"priorityForCancel": 6.0,
						"animation": "Jump",
						"minTargetWeight": 0.01,
						"maxTargetWeight": 9999,
						"entityCodes": ["placeholder"],
						"entityTags": [["humanoid","predator","has-open-fire"],["defended","ferocious","humanoid","predator","venomous","has-open-fire"]],
						"ReverseTagsCheck": false,
						"skipEntityTags": [["carcass","egg","nest"]],
						"targetLightLevels": [2, 16, 22, 28],
						"movespeedByType": {
							"*-capreoluscapreolus": 0.037,
							"*-capreoluspygargus": 0.04,
							"*-hydropotesinermis": 0.034,
							"*": 0.005
						},
						"animationSpeed": 2.5,
						"seekingRange": 12,
						"fleeingDistance" : 50,
						"fleeDurationWhenTargetLost": 20000,
						"tagsAppliedToEntity": ["state-moving","state-sprinting"],
						"whenSwimming": false,
						"soundByType": {"*": "creature/capreolus/babyscared"},
						"whenNotInEmotionState": ["aggressiveondamage"]
					},
						//dart away from projectiles/vehicles
					{
						"code": "fleeentity-r",
						"priority": 5.6,
						"priorityForCancel": 6.0,
						"animation": "Jump",
						"entityCodes": ["placeholder"],
						"entityTags": [["projectile","vehicle"]],
						"ReverseTagsCheck": false,
						"targetLightLevels": [2, 16, 22, 28],
						"movespeedByType": {
							"*-capreoluscapreolus": 0.037,
							"*-capreoluspygargus": 0.04,
							"*-hydropotesinermis": 0.034,
							"*": 0.005
						},
						"animationSpeed": 2.5,
						"fleeDurationWhenTargetLost": 20000,
						"fleeDurationMS": 500,
						"seekingRange": 10,
						"fleeingDistance": 50,
						"stopOnHurt": true,
						"whenSwimming": false,
						"soundByType": {"*": "creature/capreolus/babyscared"},
						"tagsAppliedToEntity": ["state-moving","state-sprinting"]
					},
						//avoid larger dangerous entities at close range
					{
						"code": "fleeentity-r",
						"priority": 5.6,
						"priorityForCancel": 6.0,
						"animation": "Jump",
						"minTargetWeight": 2.0,
						"maxTargetWeight": 9999,
						"entityCodes": ["placeholder"],
						"entityTags": [["ferocious","humanoid"]],
						"ReverseTagsCheck": false,
						"skipEntityTags": [["carcass","egg","nest"]],
						"targetLightLevels": [2, 16, 22, 28],
						"movespeedByType": {
							"*-capreoluscapreolus": 0.037,
							"*-capreoluspygargus": 0.04,
							"*-hydropotesinermis": 0.034,
							"*": 0.005
						},
						"animationSpeed": 2.5,
						"fleeDurationWhenTargetLost": 20000,
						"seekingRange": 20,
						"fleeingDistance": 50,
						"stopOnHurt": true,
						"whenSwimming": false,
						"soundByType": {"*": "creature/capreolus/babyscared"},
						"tagsAppliedToEntity": ["state-moving","state-sprinting"]
					},
						//avoid dangerous entities at close range
					{
						"code": "fleeentity-r",
						"priority": 5.6,
						"priorityForCancel": 6.0,
						"animation": "Jump",
						"minTargetWeight": 0,
						"maxTargetWeight": 9999,
						"entityCodes": ["placeholder"],
						"entityTags": [["boss","mechanical","rust-creature","swarm","venomous","has-open-fire"]],
						"ReverseTagsCheck": false,
						"skipEntityTags": [["state-sneaking"]],
						"targetLightLevels": [2, 16, 22, 28],
						"movespeedByType": {
							"*-capreoluscapreolus": 0.037,
							"*-capreoluspygargus": 0.04,
							"*-hydropotesinermis": 0.034,
							"*": 0.005
						},
						"animationSpeed": 2.5,
						"fleeDurationWhenTargetLost": 20000,
						"seekingRange": 20,
						"fleeingDistance": 50,
						"stopOnHurt": true,
						"whenSwimming": false,
						"soundByType": {"*": "creature/capreolus/babyscared"},
						"tagsAppliedToEntity": ["state-moving","state-sprinting"]
					},
						//avoid large dangerous entities at mid range
					{
						"code": "fleeentity-r",
						"priority": 5.2,
						"priorityForCancel": 5.4,
						"animation": "Stot",
						"minTargetWeight": 5,
						"maxTargetWeight": 9999,
						"entityCodes": ["placeholder"],
						"entityTags": [["boss","ferocious","humanoid","mechanical","predator","rust-creature"]],
						"ReverseTagsCheck": false,
						"skipEntityTags": [["state-sneaking"]],
						"targetLightLevels": [2, 16, 22, 28],
						"movespeedByType": {
							"*-capreoluscapreolus": 0.024,
							"*-capreoluspygargus": 0.025,
							"*-hydropotesinermis": 0.024,
							"*": 0.005
						},
						"animationSpeed": 1.5,
						"fleeDurationWhenTargetLost": 10000,
						"seekingRange": 30,
						"fleeingDistance": 50,
						"stopOnHurt": true,
						"whenSwimming": false,
						"soundByType": {"*": "creature/capreolus/babyscared"},
						"tagsAppliedToEntity": ["state-moving","state-sprinting"]
					},
						//fleeing dangerous entity at mid range
					{
						"code": "fleeentity-r",
						"priority": 5.0,
						"priorityForCancel": 5.2,
						"animation": "Stot",
						"minTargetWeight": 0.25,
						"maxTargetWeight": 9999,
						"entityCodes": ["placeholder"],
						"entityTags": [["humanoid","predator"],["ferocious","has-open-fire"]],
						"ReverseTagsCheck": false,
						"skipEntityTags": [["state-sneaking"]],
						"targetLightLevels": [2, 16, 22, 28],
						"movespeedByType": {
							"*-capreoluscapreolus": 0.024,
							"*-capreoluspygargus": 0.025,
							"*-hydropotesinermis": 0.024,
							"*": 0.005
						},
						"animationSpeed": 1.5,
						"seekingRange": 50,
						"fleeingDistance" : 75,
						"fleeDurationWhenTargetLost": 20000,
						"tagsAppliedToEntity": ["state-moving","state-sprinting"],
						"whenSwimming": false,
						"soundByType": {"*": "creature/capreolus/babyscared"},
						"whenNotInEmotionState": ["aggressiveondamage","fleeondamage"]
					},
						//avoid large dangerous entities at long range
					{
						"code": "fleeentity-r",
						"priority": 5.0,
						"priorityForCancel": 5.2,
						"animation": "Trot",
						"minTargetWeight": 10,
						"maxTargetWeight": 9999,
						"entityCodes": ["placeholder"],
						"entityTags": [["boss","ferocious","humanoid","rust-creature"]],
						"ReverseTagsCheck": false,
						"skipEntityTags": [["carcass","nest","state-sneaking"]],
						"targetLightLevels": [2, 16, 22, 28],
						"movespeedByType": {
							"*-antiferultra": 0.0072,
							"*-capreoluscapreolus": 0.0037,
							"*-capreoluspygargus": 0.004,
							"*-hydropotesinermis": 0.0034,
							"*": 0.005
						},
						"animationSpeed": 1,
						"stopOnHurt": true,
						"whenSwimming": false,
						"seekingRange": 50,
						"fleeingDistance": 75,
						"soundByType": {"*": "creature/capreolus/babyscared"},
						"tagsAppliedToEntity": ["state-moving"]
					},
					//-------------------------Food Seeking-------------------------//
						//if hungry eat favorite foods from POI
					{
						"code": "seekfoodandeat-r",
						"priority": 4.7,
						"priorityForCancel": 5.0,
						"animation": "Trot",
						"eatAnimation": "Eat",
						"eatAnimationLooseItems": "Eat",
						"targetLightLevels": [2, 16, 22, 28],
						"movespeedByType": {
							"*-antiferultra": 0.0072,
							"*-capreoluscapreolus": 0.0037,
							"*-capreoluspygargus": 0.004,
							"*-hydropotesinermis": 0.0034,
							"*": 0.005
						},
						"animationSpeed": 1,
						"mindurationMs": 5000,
						"maxdurationMs": 5000,
						"mincooldownHours": 1,
						"maxcooldownHours": 4,
						"eatTime": 2,
						"eatLooseItems": true,
						"eatSound" : "game:creature/animal-eat1",
						"stopOnHurt": true,
						"whenSwimming": false,
						"DontExecuteIfRecentlyAttacked": true,
						"tagsAppliedToEntity": ["state-moving"],
						"whenNotInEmotionState": ["aggressiveondamage","fleeondamage"]
					},
					//-------------------------Leave Hazardous condtions-------------------------//
						//getting out of water
					{
						"code": "getoutofwater-r",
						"priority": 3.61,
						"priorityForCancel": 5.0,
						"animation": "Swim",
						"movespeedByType": {
							"*": 0.02
						},
						"animationSpeed": 2,
						"rangeSearchAttemptsFactor": 2.5,
						"whenSwimming": true,
						"tagsAppliedToEntity": ["state-moving","state-swimming"]
					},		
						//swim wandering to find the shore			
					{
						"code": "wander-r",
						"priority": 3.6,
						"priorityForCancel": 5.0,
						"animation": "Swim",
						"movespeedByType": {
							"*": 0.02
						},
						"animationSpeed": 2,
						"stopOnHurt": true,
						"whenSwimming": true,
						"DontExecuteIfRecentlyAttacked": true,
						"tagsAppliedToEntity": ["state-moving","state-swimming"],
						"whenNotInEmotionState": ["aggressiveondamage","fleeondamage"]
					},	
						//stay close to family in the dark				
					{
						"code": "stayclosetoentity-r",
						"priority": 3.51,
						"priorityForCancel": 5.0,
						"animation": "Canter",
						"entityCodes": ["cervidae-capreolini-adult-female-{type}"],
						"IgnoreDeadEntities": false,
						"targetLightLevels": [2, 16, 22, 28],
						"movespeedByType": {
							"*-capreoluscapreolus": 0.024,
							"*-capreoluspygargus": 0.025,
							"*-hydropotesinermis": 0.024,
							"*": 0.005
						},
						"animationSpeed": 1.5,
						"TargetEntitiesWithSameHerdId": true,
						"seekingRange": 240,
						"ExtraMinDistanceToTarget": 1,
						"extraTargetDistance": 1,
						"randomTargetOffset" : 1,
						"maxFollowTimeSec": 240, 
						"EntityLightLevels": [0,18],
						"EntityLightLevelType": "TimeOfDaySunLight",
						"stopOnHurt": true,
						"whenSwimming": false,
						"DontExecuteIfRecentlyAttacked": true,
						"tagsAppliedToEntity": ["state-moving"],
						"whenNotInEmotionState": ["aggressiveondamage","fleeondamage"]
					},	
						//stay close to family during day		
					{
						"code": "stayclosetoentity-r",
						"priority": 3.51,
						"priorityForCancel": 5.0,
						"animation": "Canter",
						"entityCodes": ["cervidae-capreolini-adult-female-{type}"],
						"IgnoreDeadEntities": false,
						"targetLightLevels": [2, 16, 22, 28],
						"movespeedByType": {
							"*-capreoluscapreolus": 0.024,
							"*-capreoluspygargus": 0.025,
							"*-hydropotesinermis": 0.024,
							"*": 0.005
						},
						"animationSpeed": 1.5,
						"seekingRange": 240,
						"TargetEntitiesWithSameHerdId": true,
						"ExtraMinDistanceToTarget": 4,
						"extraTargetDistance": 4,
						"randomTargetOffset" : 2,
						"maxFollowTimeSec": 240, 
						"EntityLightLevels": [18,32],
						"EntityLightLevelType": "TimeOfDaySunLight",
						"stopOnHurt": true,
						"whenSwimming": false,
						"DontExecuteIfRecentlyAttacked": true,
						"tagsAppliedToEntity": ["state-moving"],
						"whenNotInEmotionState": ["aggressiveondamage","fleeondamage","saturated"]
					},		
						//stay close to family any time, allows for other herds
					{
						"code": "stayclosetoentity-r",
						"priority": 3.5,
						"priorityForCancel": 5.0,
						"animation": "Canter",
						"entityCodes": ["cervidae-capreolini-adult-female-{type}","cervidae-capreolini-adult-male-{type}","cervidae-capreolini-baby-male-{type}","cervidae-capreolini-baby-male-{type}"],
						"IgnoreDeadEntities": false,
						"targetLightLevels": [2, 16, 22, 28],
						"movespeedByType": {
							"*-capreoluscapreolus": 0.024,
							"*-capreoluspygargus": 0.025,
							"*-hydropotesinermis": 0.024,
							"*": 0.005
						},
						"animationSpeed": 1.5,
						"seekingRange": 240,
						"ExtraMinDistanceToTarget": 6,
						"extraTargetDistance": 4,
						"randomTargetOffset" : 3,
						"maxFollowTimeSec": 240, 
						"EntityLightLevelType": "TimeOfDaySunLight",
						"stopOnHurt": true,
						"whenSwimming": false,
						"DontExecuteIfRecentlyAttacked": true,
						"tagsAppliedToEntity": ["state-moving"],
						"whenNotInEmotionState": ["aggressiveondamage","fleeondamage","saturated"]
					},		
						//wander out of darkness		
					{
						"code": "wander-r",
						"priority": 3.42,
						"priorityForCancel": 5.0,
						"animation": "Trot",
						"mindurationMs": 12000,
						"movespeedByType": {
							"*-antiferultra": 0.0072,
							"*-capreoluscapreolus": 0.0037,
							"*-capreoluspygargus": 0.004,
							"*-hydropotesinermis": 0.0034,
							"*": 0.005
						},
						"animationSpeed": 1,
						"EntityLightLevels": [0,8],
						"EntityLightLevelType": "MaxLight",
						"PreferredLightLevel": 32,
						"PreferredLightLevelType": "MaxLight",
						"MaxBlocksChecked" : 27,
						"wanderVerticalRangeMax": 3,
						"stopOnHurt": true,
						"whenSwimming": false,
						"DontExecuteIfRecentlyAttacked": true,
						"tagsAppliedToEntity": ["state-moving"],
						"whenNotInEmotionState": ["aggressiveondamage","fleeondamage"]
					},			
						//wander out of cover below a certain temp to get into direct sunlight, should be full spawn range for open space dwelling deer, quarter for both, min spawn range for forest dwelling deer
					{
						"code": "wander-r",
						"priority": 3.41,
						"priorityForCancel": 5.0,
						"animation": "Trot",
						"mindurationMs": 12000,
						"movespeedByType": {
							"*-antiferultra": 0.0072,
							"*-capreoluscapreolus": 0.0037,
							"*-capreoluspygargus": 0.004,
							"*-hydropotesinermis": 0.0034,
							"*": 0.005
						},
						"animationSpeed": 1,
						"TemperatureRangeByType": {
							"*capreoluscapreolus":[-40,-16],
							"*capreoluspygargus":[-40,-24],
							"*hydropotesinermis":[-40,-12]
						},
						"EntityLightLevels": [0,20],
						"EntityLightLevelType": "MaxTimeOfDayLight",
						"PreferredLightLevel": 32,
						"PreferredLightLevelType": "MaxTimeOfDayLight",
						"MaxBlocksChecked" : 27,
						"stopOnHurt": true,
						"whenSwimming": false,
						"DontExecuteIfRecentlyAttacked": true,
						"tagsAppliedToEntity": ["state-moving"],
						"whenNotInEmotionState": ["aggressiveondamage","fleeondamage"]
					},
					//-------------------------Domestic Behaviors-------------------------//
						//follow lead holder
					{
						"code": "followleadholder",
						"priority": 2.5,
						"priorityForCancel": 3.0,
						"animation": "Trot",
						"movespeedByType": {
							"*-antiferultra": 0.0072,
							"*-capreoluscapreolus": 0.0037,
							"*-capreoluspygargus": 0.004,
							"*-hydropotesinermis": 0.0034,
							"*": 0.005
						},
						"animationSpeed": 1,
						"minGeneration": 2,
						"stopOnHurt": true,
						"tagsAppliedToEntity": ["state-moving"],
						"whenNotInEmotionState": ["aggressiveondamage","fleeondamage"]
					},
					//-------------------------Conditional Down Time-------------------------//
						//deer sleeping times
					{
						"code": "idle-r",
						"enabledByType": {"*rangifer*": false,"*": true},
						"priority": 1.5,
						"priorityForCancel": 6,
						"animation": "Sleep",
						"mindurationMs": 30000,
						"maxdurationMs": 60000,
						"mincooldownHours": 0.5,
						"maxcooldownhours": 1.5,
						"animationSpeed": 0.3,
						"stopOnHurt": true,
						"whenSwimming": false,
						"whenFeetInLiquid": false,
						"DontExecuteIfRecentlyAttacked": true,
						"tagsAppliedToEntity": ["state-sneaking"],
						"whenNotInEmotionState": ["aggressiveondamage","fleeondamage"]
					},
						//reindeer sleeping times
					{
						"code": "idle-r",
						"enabledByType": {"*rangifer*": true,"*": false},
						"priority": 1.5,
						"priorityForCancel": 6,
						"animation": "Sleep",
						"mindurationMs": 720000,
						"maxdurationMs": 840000,
						"mincooldownHours": 16.25,
						"maxcooldownhours": 17,
						"animationSpeed": 0.3,
						"EntityLightLevels": [6,16],
						"EntityLightLevelType": "TimeOfDaySunLight",
						"stopOnHurt": true,
						"whenSwimming": false,
						"whenFeetInLiquid": false,
						"DontExecuteIfRecentlyAttacked": true,
						"tagsAppliedToEntity": ["state-sneaking"],
						"whenNotInEmotionState": ["aggressiveondamage","fleeondamage"]
					},						
						//sitting when in shade over certain temp
					{
						"code": "idle-r",
						"priority": 1.4,
						"priorityForCancel": 1.5,
						"animation": "Sit",
						"mindurationMs": 60000,
						"maxdurationMs": 480000,
						"minCooldownhours": 0.25,
						"maxCoolDownhours": 1,
						"TemperatureRangeByType": {
							"*capreoluscapreolus":[32,60],
							"*capreoluspygargus":[32,60],
							"*hydropotesinermis":[34,60]
						},
						"EntityLightLevels": [8,21],
						"EntityLightLevelType": "OnlyBlockLight",
						"duringDayTimeFramesHours": [[12,16]],
				  	"DayTimeFrameInaccuracy": 0.75,
						"StopIfOutOfDayTimeFrames" : true,
						"stopOnHurt": true,
						"whenSwimming": false,
						"whenFeetInLiquid": false,
						"DontExecuteIfRecentlyAttacked": false,
						"whenNotInEmotionState": ["aggressiveondamage","fleeondamage"]
					},	
						//grazing on certain blocks
					{
						"code": "idle-r",
						"priority": 1.4,
						"priorityForCancel": 2.0,
						"animation": "Eat2",
						"mindurationMs": 5000,
						"maxdurationMs": 5000,
						"minCooldownMs": 5000,
						"maxCooldownMs": 20000,
						//"AllowedBlockBelowCode": ["crop-*","fern-*","flower-*","forestfloor-*","mushroom-*","tallfern-*","tallgrass-*","tallplant-*"],
						"stopOnHurt": true,
						"whenSwimming": false,
						"whenFeetInLiquid": false,
						"DontExecuteIfRecentlyAttacked": false,
						"whenNotInEmotionState": ["aggressiveondamage","fleeondamage"]
					},
						//wander into cover above a certain light level
					{
						"code": "wander-r",
						"priority": 1.3,
						"priorityForCancel": 1.42,
						"animation": "Trot",
						"mindurationMs": 12000,
						"minCooldownhours": 0.125,
						"maxCoolDownhours": 0.25,
						"movespeedByType": {
							"*-antiferultra": 0.0072,
							"*-capreoluscapreolus": 0.0037,
							"*-capreoluspygargus": 0.004,
							"*-hydropotesinermis": 0.0034,
							"*": 0.005
						},
						"animationSpeed": 1,
						"TemperatureRangeByType": {
							"*capreoluscapreolus":[32,60],
							"*capreoluspygargus":[32,60],
							"*hydropotesinermis":[34,60]
						},
						"EntityLightLevels": [22,32],
						"EntityLightLevelType": "TimeOfDaySunLight",
						"PreferredLightLevel": 20,
						"PreferredLightLevelType": "MaxTimeOfDayLight",
						"MaxBlocksChecked" : 27,
						"stopOnHurt": true,
						"whenSwimming": false,
						"DontExecuteIfRecentlyAttacked": true,
						"tagsAppliedToEntity": ["state-moving"],
						"whenNotInEmotionState": ["aggressiveondamage","fleeondamage"]
					},
						//wander at peak light levels
					{
						"code": "wander-r",
						"priority": 1.3,
						"priorityForCancel": 2.0,
						"animation": "Trot",
						"mindurationMs": 4000,
						"executionChance": 0.5,
						"minCooldownhours": 0.25,
						"maxCoolDownhours": 2.5,
						"movespeedByType": {
							"*-antiferultra": 0.0072,
							"*-capreoluscapreolus": 0.0037,
							"*-capreoluspygargus": 0.004,
							"*-hydropotesinermis": 0.0034,
							"*": 0.005
						},
						"animationSpeed": 1,
						"EntityLightLevelsByType": {
							"@.*-(capreoluscapreolus|capreoluspygargus|hydropotesinermis)":[19,19]
						},
						"EntityLightLevelType": "TimeOfDaySunLight",
						"stopOnHurt": true,
						"whenSwimming": false,
						"DontExecuteIfRecentlyAttacked": true,
						"tagsAppliedToEntity": ["state-moving"],
						"whenNotInEmotionState": ["aggressiveondamage","fleeondamage"]
					},
					//-------------------------Down Time-------------------------//
						//wandering canter at any time
					{
						"code": "wander-r",
						"priority": 0.8,
						"priorityForCancel": 2.0,
						"animation": "Stot",
						"mindurationMs": 8000,
						"executionChance": 0.025,
						"movespeedByType": {
							"*-capreoluscapreolus": 0.024,
							"*-capreoluspygargus": 0.025,
							"*-hydropotesinermis": 0.024,
							"*": 0.005
						},
						"animationSpeed": 1.5,
						"stopOnHurt": true,
						"whenSwimming": false,
						"DontExecuteIfRecentlyAttacked": true,
						"tagsAppliedToEntity": ["state-moving"],
						"whenNotInEmotionState": ["aggressiveondamage","fleeondamage"]
					},
						//wandering trot at any time
					{
						"code": "wander-r",
						"priority": 0.8,
						"priorityForCancel": 2.0,
						"animation": "Trot",
						"mindurationMs": 8000,
						"executionChance": 0.05,
						"movespeedByType": {
							"*-antiferultra": 0.0072,
							"*-capreoluscapreolus": 0.0037,
							"*-capreoluspygargus": 0.004,
							"*-hydropotesinermis": 0.0034,
							"*": 0.005
						},
						"animationSpeed": 1,
						"stopOnHurt": true,
						"whenSwimming": false,
						"DontExecuteIfRecentlyAttacked": true,
						"tagsAppliedToEntity": ["state-moving"],
						"whenNotInEmotionState": ["aggressiveondamage","fleeondamage"]
					},
						//wandering walk at any time
					{
						"code": "wander-r",
						"priority": 0.8,
						"priorityForCancel": 2.0,
						"animation": "Walk",
						"mindurationMs": 8000,
						"executionChance": 0.1,
						"movespeedByType": {
							"*-capreoluscapreolus": 0.0015,
							"*-capreoluspygargus": 0.0016,
							"*-hydropotesinermis": 0.0015,
							"*": 0.005
						},
						"animationSpeed": 1,
						"stopOnHurt": true,
						"whenSwimming": false,
						"DontExecuteIfRecentlyAttacked": true,
						"tagsAppliedToEntity": ["state-moving"],
						"whenNotInEmotionState": ["aggressiveondamage","fleeondamage"]
					},
						//sitting at any time
					{
						"code": "idle-r",
						"priority": 0.7,
						"priorityForCancel": 2.0,
						"animation": "Sit",
						"mindurationMs": 12000,
						"maxdurationMs": 120000,
						"executionChance": 0.25,
						"minCooldownMs": 12000,
						"maxCooldownMs": 120000,
						"stopOnHurt": true,
						"whenSwimming": false,
						"whenFeetInLiquid": false,
						"DontExecuteIfRecentlyAttacked": false,
						"whenNotInEmotionState": ["aggressiveondamage","fleeondamage"]
					},
						//standing at any time
					{
						"code": "idle-r",
						"priority": 0.7,
						"priorityForCancel": 2.0,
						"animation": "Idle",
						"mindurationMs": 2000,
						"maxdurationMs": 12000,
						"minCooldownMs": 12000,
						"maxCooldownMs": 120000,
						"stopOnHurt": true,
						"whenSwimming": false,
						"whenFeetInLiquid": false,
						"DontExecuteIfRecentlyAttacked": false,
						"whenNotInEmotionState": ["aggressiveondamage","fleeondamage"]
					},
						//looking around
					{
						"code": "lookaround-r",
						"priority": 0.5,
						"priorityForCancel": 2.0,
						"stopOnHurt": true,
						"whenNotInEmotionState": ["aggressiveondamage","fleeondamage"],
						"turnAngleFactor": 0.5
					}
				]
			},
			{"code": "ropetieable","minGeneration": 2},
			{"code": "pettable","minGeneration": 1}
		]
	},
	"soundsByType": {
"*":{
		"hurt": "creature/capreolus/babyscared",
		"death": "creature/capreolus/babyscared",
		"idle": "game:creature/sheep/idle"
	}},
	"idleSoundChance": 0.05
}