{
	"editor": {
		"allAngles": false,
		"entityTextureMode": false
	},
	"textureWidth": 8,
	"textureHeight": 8,
	"textureSizes": {
		"medieval-large-belt": [8,8]
	},
	"textures": {
		"medieval-large-belt": "entity/humanoid/seraphclothes/waist/medieval-large-belt"
	},
	"elements": [
		{
			"name": "Waist",
			"stepParentName": "LowerTorso",
			"from": [ -0.2, 1.0, -0.4 ], 
			"to": [ 5.2, 2.0, 6.4 ], 
			"rotationOrigin": [ 2.8, 0.0, 3.0 ],
			"faces": {
				"north": { "texture": "#medieval-large-belt", "uv": [ 0.0, 0.0, 5.0, 1.0 ] },
				"east": { "texture": "#medieval-large-belt", "uv": [ 1.5, 0.5, 8.0, 1.5 ] },
				"south": { "texture": "#medieval-large-belt", "uv": [ 0.0, 0.0, 5.0, 1.0 ] },
				"west": { "texture": "#medieval-large-belt", "uv": [ 1.0, 0.5, 7.5, 1.5 ] },
				"up": { "texture": "#medieval-large-belt", "uv": [ 0.0, 1.5, 5.0, 8.0 ] },
				"down": { "texture": "#medieval-large-belt", "uv": [ 0.0, 1.5, 5.0, 8.0 ] }
			},
			"children": [
				{
					"name": "buckle-down",
					"from": [ -0.3, -0.5, 2.8 ], 
					"to": [ 0.2, 0.0, 4.3 ], 
					"rotationOrigin": [ -0.3, -0.5, 2.3 ],
					"rotationY": 12.0,
					"faces": {
						"north": { "texture": "#medieval-large-belt", "uv": [ 0.0, 0.0, 0.5, 0.5 ], "enabled": false },
						"east": { "texture": "#medieval-large-belt", "uv": [ 6.0, 2.5, 7.5, 3.0 ], "enabled": false },
						"south": { "texture": "#medieval-large-belt", "uv": [ 7.0, 2.0, 7.5, 2.5 ] },
						"west": { "texture": "#medieval-large-belt", "uv": [ 6.0, 2.5, 7.5, 3.0 ] },
						"up": { "texture": "#medieval-large-belt", "uv": [ 7.0, 1.5, 7.5, 3.0 ] },
						"down": { "texture": "#medieval-large-belt", "uv": [ 7.0, 1.5, 7.5, 3.0 ] }
					},
					"children": [
						{
							"name": "buckle-left",
							"from": [ 0.0, 0.0, -0.5 ], 
							"to": [ 0.5, 1.5, 0.0 ], 
							"rotationOrigin": [ 0.0, 0.0, -0.5 ],
							"faces": {
								"north": { "texture": "#medieval-large-belt", "uv": [ 6.5, 1.5, 7.0, 3.0 ] },
								"east": { "texture": "#medieval-large-belt", "uv": [ 0.0, 0.0, 0.5, 1.5 ], "enabled": false },
								"south": { "texture": "#medieval-large-belt", "uv": [ 6.5, 2.0, 7.0, 3.5 ] },
								"west": { "texture": "#medieval-large-belt", "uv": [ 6.5, 2.0, 7.0, 3.5 ] },
								"up": { "texture": "#medieval-large-belt", "uv": [ 0.0, 0.0, 0.5, 0.5 ], "enabled": false },
								"down": { "texture": "#medieval-large-belt", "uv": [ 6.5, 2.0, 7.0, 2.5 ] }
							}
						},
						{
							"name": "buckle-right",
							"from": [ 0.0, 0.5, 1.0 ], 
							"to": [ 0.5, 2.0, 1.5 ], 
							"rotationOrigin": [ 0.0, 0.5, 1.0 ],
							"faces": {
								"north": { "texture": "#medieval-large-belt", "uv": [ 6.5, 1.5, 7.0, 3.0 ] },
								"east": { "texture": "#medieval-large-belt", "uv": [ 0.0, 0.0, 0.5, 1.5 ], "enabled": false },
								"south": { "texture": "#medieval-large-belt", "uv": [ 6.5, 1.5, 7.0, 3.0 ] },
								"west": { "texture": "#medieval-large-belt", "uv": [ 6.5, 1.5, 7.0, 3.0 ] },
								"up": { "texture": "#medieval-large-belt", "uv": [ 7.5, 3.0, 8.0, 3.5 ] },
								"down": { "texture": "#medieval-large-belt", "uv": [ 0.0, 0.0, 0.5, 0.5 ], "enabled": false }
							}
						},
						{
							"name": "buckle-up",
							"from": [ 0.0, 1.5, -0.5 ], 
							"to": [ 0.5, 2.0, 1.0 ], 
							"rotationOrigin": [ 0.0, 1.5, 0.0 ],
							"faces": {
								"north": { "texture": "#medieval-large-belt", "uv": [ 7.5, 2.0, 8.0, 2.5 ] },
								"east": { "texture": "#medieval-large-belt", "uv": [ 3.0, 0.5, 4.5, 1.0 ], "enabled": false },
								"south": { "texture": "#medieval-large-belt", "uv": [ 0.0, 0.0, 0.5, 0.5 ], "enabled": false },
								"west": { "texture": "#medieval-large-belt", "uv": [ 6.0, 2.5, 7.5, 3.0 ] },
								"up": { "texture": "#medieval-large-belt", "uv": [ 6.5, 2.0, 7.0, 3.5 ] },
								"down": { "texture": "#medieval-large-belt", "uv": [ 7.5, 1.5, 8.0, 3.0 ] }
							}
						}
					]
				},
				{
					"name": "belt-down",
					"from": [ -0.1, -0.7, 4.2 ], 
					"to": [ 0.4, 1.3, 5.2 ], 
					"rotationOrigin": [ 0.1, 1.3, 4.2 ],
					"rotationX": 10.0,
					"rotationY": -8.0,
					"rotationZ": -2.0,
					"faces": {
						"north": { "texture": "#medieval-large-belt", "uv": [ 4.0, 3.5, 4.5, 5.5 ] },
						"east": { "texture": "#medieval-large-belt", "uv": [ 4.0, 3.0, 5.0, 5.0 ], "windMode": [-1,-1,-1,-1] },
						"south": { "texture": "#medieval-large-belt", "uv": [ 0.0, 4.0, 0.5, 6.0 ] },
						"west": { "texture": "#medieval-large-belt", "uv": [ 0.0, 3.0, 1.0, 5.0 ], "windMode": [-1,-1,-1,-1] },
						"up": { "texture": "#medieval-large-belt", "uv": [ 0.0, 0.0, 0.5, 1.0 ], "windMode": [-1,-1,-1,-1] },
						"down": { "texture": "#medieval-large-belt", "uv": [ 0.0, 0.0, 0.5, 1.0 ], "windMode": [-1,-1,-1,-1] }
					},
					"children": [
						{
							"name": "belt-down13",
							"from": [ 0.0, -2.0, 0.0 ], 
							"to": [ 0.5, 0.0, 1.0 ], 
							"rotationOrigin": [ 0.1, 0.0, 0.0 ],
							"rotationX": -10.0,
							"rotationY": 2.0,
							"rotationZ": 2.0,
							"faces": {
								"north": { "texture": "#medieval-large-belt", "uv": [ 4.0, 3.5, 4.5, 5.5 ] },
								"east": { "texture": "#medieval-large-belt", "uv": [ 4.0, 3.0, 5.0, 5.0 ] },
								"south": { "texture": "#medieval-large-belt", "uv": [ 0.0, 4.0, 0.5, 6.0 ] },
								"west": { "texture": "#medieval-large-belt", "uv": [ 0.0, 3.0, 1.0, 5.0 ] },
								"up": { "texture": "#medieval-large-belt", "uv": [ 0.0, 0.0, 0.5, 1.0 ], "enabled": false },
								"down": { "texture": "#medieval-large-belt", "uv": [ 0.0, 0.0, 0.5, 1.0 ] }
							}
						}
					]
				},
				{
					"name": "belt-side-knife",
					"from": [ 1.0, 0.0, -0.3 ], 
					"to": [ 2.5, 1.0, 0.2 ], 
					"rotationOrigin": [ 1.7, 0.5, 0.0 ],
					"rotationZ": 10.0,
					"faces": {
						"north": { "texture": "#medieval-large-belt", "uv": [ 0.0, 0.0, 1.5, 1.0 ] },
						"east": { "texture": "#medieval-large-belt", "uv": [ 0.0, 0.0, 0.5, 1.0 ] },
						"south": { "texture": "#medieval-large-belt", "uv": [ 0.0, 0.0, 1.5, 1.0 ] },
						"west": { "texture": "#medieval-large-belt", "uv": [ 0.0, 0.0, 0.5, 1.0 ] },
						"up": { "texture": "#medieval-large-belt", "uv": [ 0.0, 0.0, 1.5, 0.5 ] },
						"down": { "texture": "#medieval-large-belt", "uv": [ 0.0, 0.0, 1.5, 0.5 ] }
					},
					"children": [
						{
							"name": "Cube1",
							"from": [ -0.3, 1.0, 0.0 ], 
							"to": [ 1.7, 1.5, 0.5 ], 
							"faces": {
								"north": { "texture": "#medieval-large-belt", "uv": [ 5.5, 4.0, 8.0, 4.5 ], "autoUv": false },
								"east": { "texture": "#medieval-large-belt", "uv": [ 5.5, 4.0, 6.0, 4.5 ] },
								"south": { "texture": "#medieval-large-belt", "uv": [ 5.5, 4.0, 8.0, 4.5 ], "autoUv": false },
								"west": { "texture": "#medieval-large-belt", "uv": [ 5.5, 4.0, 6.0, 4.5 ] },
								"up": { "texture": "#medieval-large-belt", "uv": [ 5.5, 4.0, 8.0, 4.5 ], "autoUv": false },
								"down": { "texture": "#medieval-large-belt", "uv": [ 5.5, 4.0, 8.0, 4.5 ], "autoUv": false }
							}
						},
						{
							"name": "Cube12",
							"from": [ 0.15, 1.5, 0.0 ], 
							"to": [ 1.15, 3.5, 0.5 ], 
							"faces": {
								"north": { "texture": "#medieval-large-belt", "uv": [ 5.0, 1.5, 6.0, 3.5 ], "autoUv": false },
								"east": { "texture": "#medieval-large-belt", "uv": [ 5.0, 1.5, 5.5, 3.5 ] },
								"south": { "texture": "#medieval-large-belt", "uv": [ 6.0, 1.5, 5.0, 3.5 ], "autoUv": false },
								"west": { "texture": "#medieval-large-belt", "uv": [ 5.5, 1.5, 6.0, 3.5 ] },
								"up": { "texture": "#medieval-large-belt", "uv": [ 5.0, 1.5, 6.0, 2.0 ], "autoUv": false },
								"down": { "texture": "#medieval-large-belt", "uv": [ 5.0, 1.5, 6.0, 2.0 ], "autoUv": false }
							}
						},
						{
							"name": "Cube13",
							"from": [ 0.15, -3.0, 0.2 ], 
							"to": [ 0.65, 0.0, 0.3 ], 
							"rotationOrigin": [ 0.0, -3.0, 0.0 ],
							"faces": {
								"north": { "texture": "#medieval-large-belt", "uv": [ 7.5, 4.5, 8.0, 7.5 ], "autoUv": false },
								"east": { "texture": "#medieval-large-belt", "uv": [ 7.0, 5.0, 7.5, 8.0 ] },
								"south": { "texture": "#medieval-large-belt", "uv": [ 8.0, 4.5, 7.5, 7.5 ], "autoUv": false },
								"west": { "texture": "#medieval-large-belt", "uv": [ 7.5, 4.5, 8.0, 7.5 ] },
								"up": { "texture": "#medieval-large-belt", "uv": [ 7.5, 4.0, 8.0, 4.5 ], "autoUv": false },
								"down": { "texture": "#medieval-large-belt", "uv": [ 7.0, 5.5, 7.5, 6.0 ], "autoUv": false }
							}
						},
						{
							"name": "Cube14",
							"from": [ 0.65, -2.5, 0.2 ], 
							"to": [ 1.15, 0.5, 0.3 ], 
							"rotationOrigin": [ 0.0, -3.0, 0.0 ],
							"faces": {
								"north": { "texture": "#medieval-large-belt", "uv": [ 7.0, 4.5, 7.5, 7.5 ], "autoUv": false },
								"east": { "texture": "#medieval-large-belt", "uv": [ 7.0, 5.0, 7.5, 8.0 ] },
								"south": { "texture": "#medieval-large-belt", "uv": [ 7.5, 4.5, 7.0, 7.5 ], "autoUv": false },
								"west": { "texture": "#medieval-large-belt", "uv": [ 7.5, 4.5, 8.0, 7.5 ] },
								"up": { "texture": "#medieval-large-belt", "uv": [ 7.5, 4.0, 8.0, 4.5 ], "autoUv": false },
								"down": { "texture": "#medieval-large-belt", "uv": [ 7.0, 5.5, 7.5, 6.0 ], "autoUv": false }
							}
						}
					]
				},
				{
					"name": "Cube15",
					"from": [ 0.0, 0.1, 3.0 ], 
					"to": [ 0.5, 1.1, 5.0 ], 
					"rotationOrigin": [ 0.0, 0.0, 3.0 ],
					"rotationX": 12.0,
					"rotationY": -10.0,
					"faces": {
						"north": { "texture": "#medieval-large-belt", "uv": [ 4.0, 1.5, 4.5, 2.5 ] },
						"east": { "texture": "#medieval-large-belt", "uv": [ 3.0, 0.5, 5.0, 1.5 ] },
						"south": { "texture": "#medieval-large-belt", "uv": [ 4.0, 0.5, 4.5, 1.5 ] },
						"west": { "texture": "#medieval-large-belt", "uv": [ 2.5, 0.5, 4.5, 1.5 ] },
						"up": { "texture": "#medieval-large-belt", "uv": [ 0.0, 1.5, 0.5, 3.5 ] },
						"down": { "texture": "#medieval-large-belt", "uv": [ 0.5, 2.0, 1.0, 4.0 ] }
					}
				},
				{
					"name": "Cube16",
					"from": [ 0.3, -0.6, 6.8 ], 
					"to": [ 2.3, 0.7, 7.5 ], 
					"rotationOrigin": [ 0.3, -0.6, 6.8 ],
					"faces": {
						"north": { "texture": "#medieval-large-belt", "uv": [ 0.0, 0.5, 2.0, 1.5 ], "autoUv": false },
						"east": { "texture": "#medieval-large-belt", "uv": [ 0.0, 0.0, 0.5, 1.5 ], "autoUv": false },
						"south": { "texture": "#medieval-large-belt", "uv": [ 0.0, 0.0, 2.0, 1.5 ], "autoUv": false, "windMode": [-1,-1,-1,-1] },
						"west": { "texture": "#medieval-large-belt", "uv": [ 0.0, 0.0, 0.5, 1.5 ], "autoUv": false },
						"up": { "texture": "#medieval-large-belt", "uv": [ 0.0, 0.0, 1.5, 1.0 ], "autoUv": false },
						"down": { "texture": "#medieval-large-belt", "uv": [ 0.0, 1.0, 1.5, 1.5 ], "autoUv": false }
					}
				},
				{
					"name": "Cube17",
					"from": [ 0.2, 0.5, 6.8 ], 
					"to": [ 2.4, 1.0, 7.7 ], 
					"rotationOrigin": [ 0.2, 1.0, 6.8 ],
					"rotationX": 13.0,
					"faces": {
						"north": { "texture": "#medieval-large-belt", "uv": [ 0.0, 0.0, 2.0, 0.5 ] },
						"east": { "texture": "#medieval-large-belt", "uv": [ 0.0, 0.0, 0.5, 0.5 ] },
						"south": { "texture": "#medieval-large-belt", "uv": [ 0.0, 0.0, 2.0, 0.5 ] },
						"west": { "texture": "#medieval-large-belt", "uv": [ 3.0, 0.5, 4.0, 1.0 ], "autoUv": false },
						"up": { "texture": "#medieval-large-belt", "uv": [ 2.0, 0.5, 4.0, 1.5 ], "autoUv": false },
						"down": { "texture": "#medieval-large-belt", "uv": [ 0.0, 0.0, 2.0, 0.5 ] }
					}
				},
				{
					"name": "Cube18",
					"from": [ 1.2, 0.2, 7.35 ], 
					"to": [ 1.4, 0.5, 7.65 ], 
					"rotationOrigin": [ 1.2, 0.2, 7.3 ],
					"faces": {
						"north": { "texture": "#medieval-large-belt", "uv": [ 6.0, 2.0, 6.5, 2.5 ] },
						"east": { "texture": "#medieval-large-belt", "uv": [ 6.5, 3.0, 7.0, 3.5 ] },
						"south": { "texture": "#medieval-large-belt", "uv": [ 7.0, 2.5, 7.5, 3.0 ] },
						"west": { "texture": "#medieval-large-belt", "uv": [ 7.0, 1.5, 7.5, 2.0 ] },
						"up": { "texture": "#medieval-large-belt", "uv": [ 6.5, 3.0, 7.0, 3.5 ] },
						"down": { "texture": "#medieval-large-belt", "uv": [ 6.5, 2.5, 7.0, 3.0 ] }
					}
				}
			]
		}
	]}