{
  "code": "precussionmallet",
  "classbyType": {
    "@(precussionmallet-brass|precussionmallet-steel)": "instrumentssbc:precussionMalletClass"
  },
  "variantgroups": [
    {
      "code": "metal",
      "states": [
        "brass",
        "steel",
        "flax",
        "wood"
      ]
    }
  ],
  "shape": { "base": "item/part/precussionmallet" },
  "shapeByType": {
    "*-flax": { "base": "item/tool/pmallet-soft" },
    "*-wood": { "base": "item/tool/pmallet-soft" },
    "*": { "base": "item/tool/pmallet-metal" }
  },
  "texturesByType": {
    "*-flax": {},
    "*-wood": {},
    "*": { "metal": { "base": "game:block/metal/ingot/{metal}" } }
  },
  "attributes": {
    "rackable": true,
    "heldItemPitchFollow": 0.9,
    "handbook": {
      "groupBy": [ "precussionmallet-*" ]
    },
    "toolrackTransform": {
      "rotation": {
        "y": 1,
        "z": -1
      },
      "translation": {
        "x": -0.2,
        "y": 0.02
      },
      "scale": 1.5
    },
    "groundStorageTransform": {
      "translation": {
        "x": 0,
        "y": -0.16,
        "z": 0.33
      },
      "rotation": {
        "x": 26,
        "y": 88,
        "z": -87
      },
      "scale": 1.01
    }
  },
  "behaviors": [
    {
      "name": "GroundStorable",
      "properties": {
        "layout": "WallHalves",
        "wallOffY": 1,
        "ctrlKey": true,
        "selectionBox": {
          "x1": 0,
          "y1": 0,
          "z1": 0,
          "x2": 1,
          "y2": 0.1,
          "z2": 1
        },
        "collisionBox": {
          "x1": 0,
          "y1": 0,
          "z1": 0,
          "x2": 0,
          "y2": 0,
          "z2": 0
        }
      }
    },
    { "name": "AnimationAuthoritative" }
  ],
  "creativeinventory": {
    "general": [ "*" ],
    "items": [ "*" ],
    "instruments-sbc": [ "*" ]
  },
  "storageFlags": 257,
  "heldTpHitAnimation": "smithingwide",

  "guiTransform": {
    "translation": {
      "x": 0,
      "y": 0,
      "z": 0
    },
    "rotation": {
      "x": -77,
      "y": 46,
      "z": 8
    },
    "origin": {
      "x": 0.59,
      "y": 0.5,
      "z": 0.49
    },
    "scale": 2.6
  },
  "groundTransform": {
    "translation": {
      "x": 0,
      "y": 0,
      "z": 0
    },
    "rotation": {
      "x": 0,
      "y": 0,
      "z": 0
    },
    "origin": {
      "x": 0.5,
      "y": 0.45,
      "z": 0.5
    },
    "scale": 4.5
  },
  "tpHandTransform": {
    "translation": {
      "x": -0.65,
      "y": -0.51,
      "z": -0.535
    },
    "rotation": {
      "x": 90,
      "y": 1,
      "z": 0
    },
    "scale": 0.94
  }
}