{
	"editor": {
		"collapsedPaths": "Root/Body/abdomen/L back Thigh,Root/Body/abdomen/R back Thigh",
		"allAngles": true,
		"entityTextureMode": true
	},
	"textureWidth": 84,
	"textureHeight": 104,
	"textureSizes": {
		"skin": [84,104],
		"moose-antlers": [16,16]
	},
	"textures": {
		"moose-antlers": "game:entity/animal/mammal/hooved/deer/moose-antlers"
	},
	"elements": [
		{
			"name": "Neck",
			"from": [ 9.5, 2.1, 5.5 ],
			"to": [ 17.0, 12.8, 10.5 ],
			"unwrapMode": 7,
			"unwrapRotation": 1,
			"autoUnwrap": false,
			"uv": [ 6.0, 5.5 ],
			"rotationOrigin": [ 16.0, 10.0, 8.0 ],
			"rotationX": -3.0,
			"rotationY": -11.0,
			"rotationZ": 8.0,
			"faces": {
				"north": { "texture": "#skin", "uv": [ 21.5, 16.0, 32.0, 23.5 ], "rotation": 90 },
				"south": { "texture": "#skin", "uv": [ 6.0, 16.0, 16.5, 23.5 ], "rotation": 270 },
				"west": { "texture": "#skin", "uv": [ 3.0, 4.5, 8.0, 15.0 ] },
				"up": { "texture": "#skin", "uv": [ 16.5, 16.0, 21.5, 23.5 ], "rotation": 270 },
				"down": { "texture": "#skin", "uv": [ 32.0, 16.0, 37.0, 23.5 ], "rotation": 90 }
			},
			"children": [
				{
					"name": "Neck2",
					"from": [ -4.9, 1.8, 0.5 ],
					"to": [ 1.6, 10.2, 4.5 ],
					"unwrapMode": 7,
					"unwrapRotation": 1,
					"autoUnwrap": false,
					"uv": [ 9.0, 1.0 ],
					"rotationOrigin": [ 1.6, 8.4, 2.6 ],
					"rotationX": 8.0,
					"rotationY": 25.0,
					"rotationZ": -9.0,
					"faces": {
						"north": { "texture": "#skin", "uv": [ 21.0, 9.0, 29.0, 15.5 ], "rotation": 90 },
						"east": { "texture": "#skin", "uv": [ 3.5, 4.5, 7.5, 12.5 ], "windMode": [-1,-1,-1,-1], "windData": [1,1,1,1] },
						"south": { "texture": "#skin", "uv": [ 9.0, 9.0, 17.0, 15.5 ], "rotation": 270 },
						"west": { "texture": "#skin", "uv": [ 17.0, 1.0, 21.0, 9.0 ], "rotation": 180 },
						"up": { "texture": "#skin", "uv": [ 17.0, 9.0, 21.0, 15.5 ], "rotation": 270 },
						"down": { "texture": "#skin", "uv": [ 29.0, 9.0, 33.0, 15.5 ], "rotation": 90 }
					},
					"children": [
						{
							"name": "Head",
							"from": [ -3.1, 2.2, -0.8 ],
							"to": [ 1.0, 8.2, 4.8 ],
							"unwrapMode": 4,
							"uv": [ 13.0, 79.5 ],
							"rotationOrigin": [ -0.1, 6.6, 2.1 ],
							"rotationX": 8.0,
							"rotationY": 6.0,
							"rotationZ": 65.0,
							"faces": {
								"north": { "texture": "#skin", "uv": [ 13.0, 83.5, 17.0, 89.5 ] },
								"east": { "texture": "#skin", "uv": [ 26.5, 83.5, 32.0, 89.5 ] },
								"south": { "texture": "#skin", "uv": [ 22.5, 83.5, 26.5, 89.5 ] },
								"west": { "texture": "#skin", "uv": [ 17.0, 83.5, 22.5, 89.5 ] },
								"up": { "texture": "#skin", "uv": [ 17.0, 79.5, 22.5, 83.5 ], "rotation": 90 },
								"down": { "texture": "#skin", "uv": [ 17.0, 89.5, 22.5, 93.5 ], "rotation": 90 }
							},
							"children": [
								{
									"name": "MouthUp",
									"from": [ -5.5, 1.9, 1.2 ],
									"to": [ 0.5, 4.4, 4.4 ],
									"unwrapMode": 5,
									"unwrapRotation": 1,
									"uv": [ 5.0, 90.5 ],
									"rotationOrigin": [ -0.3, 4.1, 2.8 ],
									"rotationZ": 5.0,
									"faces": {
										"north": { "texture": "#skin", "uv": [ 5.0, 90.5, 7.5, 96.5 ], "rotation": 270 },
										"south": { "texture": "#skin", "uv": [ 10.5, 90.5, 13.0, 96.5 ], "rotation": 90 },
										"west": { "texture": "#skin", "uv": [ 7.5, 96.5, 10.5, 99.0 ] },
										"up": { "texture": "#skin", "uv": [ 7.5, 90.5, 10.5, 96.5 ], "rotation": 90 },
										"down": { "texture": "#skin", "uv": [ 13.0, 90.5, 16.0, 96.5 ], "rotation": 270 }
									},
									"children": [
										{
											"name": "Nosebridge",
											"from": [ 0.0, 2.2, 0.3 ],
											"to": [ 6.0, 3.7, 2.9 ],
											"unwrapMode": 5,
											"unwrapRotation": 1,
											"uv": [ 11.5, 97.0 ],
											"rotationOrigin": [ 4.9, 2.2, 1.1 ],
											"rotationZ": 8.0,
											"faces": {
												"north": { "texture": "#skin", "uv": [ 11.5, 97.0, 13.0, 103.0 ], "rotation": 270 },
												"south": { "texture": "#skin", "uv": [ 15.5, 97.0, 17.0, 103.0 ], "rotation": 90 },
												"up": { "texture": "#skin", "uv": [ 13.0, 97.0, 15.5, 103.0 ], "rotation": 90 }
											},
											"children": [
												{
													"name": "Snout",
													"from": [ -1.9, -1.2, -0.4 ],
													"to": [ 0.3, 1.0, 3.0 ],
													"unwrapMode": 4,
													"uv": [ 33.5, 83.0 ],
													"rotationOrigin": [ 0.3, 1.5, 1.4 ],
													"rotationZ": 12.0,
													"faces": {
														"north": { "texture": "#skin", "uv": [ 33.5, 85.0, 35.5, 87.0 ] },
														"east": { "texture": "#skin", "uv": [ 40.5, 85.0, 43.5, 87.0 ] },
														"south": { "texture": "#skin", "uv": [ 38.5, 85.0, 40.5, 87.0 ] },
														"west": { "texture": "#skin", "uv": [ 35.5, 85.0, 38.5, 87.0 ] },
														"up": { "texture": "#skin", "uv": [ 35.5, 83.0, 38.5, 85.0 ], "rotation": 90 },
														"down": { "texture": "#skin", "uv": [ 35.5, 87.0, 38.5, 89.0 ], "rotation": 90 }
													},
													"children": [
														{
															"name": "Nose",
															"from": [ -0.5, 1.0, 0.35 ],
															"to": [ 2.0, 2.7, 3.05 ],
															"unwrapMode": 5,
															"unwrapRotation": 1,
															"uv": [ 2.5, 99.5 ],
															"rotationOrigin": [ 2.0, 2.7, 1.6 ],
															"rotationZ": 4.0,
															"faces": {
																"north": { "texture": "#skin", "uv": [ 2.5, 99.5, 4.0, 102.0 ], "rotation": 270 },
																"south": { "texture": "#skin", "uv": [ 6.5, 99.5, 8.0, 102.0 ], "rotation": 90 },
																"west": { "texture": "#skin", "uv": [ 4.0, 102.0, 6.5, 103.5 ], "windMode": [-1,-1,-1,-1], "windData": [1,1,1,1] },
																"up": { "texture": "#skin", "uv": [ 4.0, 99.5, 6.5, 102.0 ], "rotation": 90 },
																"down": { "texture": "#skin", "uv": [ 8.0, 99.5, 10.5, 102.0 ], "rotation": 270, "windMode": [-1,-1,-1,-1], "windData": [1,1,1,1] }
															}
														}
													]
												}
											]
										}
									]
								},
								{
									"name": "R Ear",
									"from": [ 2.9, 4.2, -2.2 ],
									"to": [ 3.5, 5.6, 0.8 ],
									"unwrapMode": 4,
									"unwrapRotation": 1,
									"uv": [ 57.0, 77.0 ],
									"rotationOrigin": [ 3.2, 5.4, 0.8 ],
									"rotationX": 45.0,
									"rotationY": -32.0,
									"rotationZ": 22.0,
									"faces": {
										"north": { "texture": "#skin", "uv": [ 57.5, 80.0, 58.5, 80.5 ], "rotation": 90 },
										"east": { "texture": "#skin", "uv": [ 59.0, 77.0, 60.0, 80.0 ], "rotation": 270 },
										"west": { "texture": "#skin", "uv": [ 57.5, 77.0, 58.5, 80.0 ], "rotation": 90 },
										"up": { "texture": "#skin", "uv": [ 57.0, 77.0, 57.5, 80.0 ], "rotation": 180 },
										"down": { "texture": "#skin", "uv": [ 58.5, 77.0, 59.0, 80.0 ], "rotation": 180 }
									},
									"children": [
										{
											"name": "R Ear2",
											"from": [ 0.0, 0.4, -3.0 ],
											"to": [ 0.6, 1.4, 0.0 ],
											"unwrapMode": 4,
											"unwrapRotation": 1,
											"uv": [ 60.5, 80.5 ],
											"rotationOrigin": [ 0.3, 1.4, 0.0 ],
											"rotationX": -10.0,
											"rotationZ": 2.0,
											"faces": {
												"north": { "texture": "#skin", "uv": [ 61.0, 83.5, 62.0, 84.0 ], "rotation": 90 },
												"east": { "texture": "#skin", "uv": [ 62.5, 80.5, 63.5, 83.5 ], "rotation": 270 },
												"west": { "texture": "#skin", "uv": [ 61.0, 80.5, 62.0, 83.5 ], "rotation": 90 },
												"up": { "texture": "#skin", "uv": [ 60.5, 80.5, 61.0, 83.5 ], "rotation": 180 },
												"down": { "texture": "#skin", "uv": [ 62.0, 80.5, 62.5, 83.5 ], "rotation": 180 }
											}
										},
										{
											"name": "R Ear3",
											"from": [ 0.0, 0.0, -0.5 ],
											"to": [ 0.6, 1.5, 2.0 ],
											"unwrapMode": 4,
											"unwrapRotation": 1,
											"uv": [ 60.5, 77.0 ],
											"rotationOrigin": [ 0.3, 0.0, 2.0 ],
											"rotationX": -25.0,
											"rotationZ": -2.0,
											"faces": {
												"north": { "texture": "#skin", "uv": [ 61.0, 79.5, 62.5, 80.0 ], "rotation": 90 },
												"east": { "texture": "#skin", "uv": [ 63.0, 77.0, 64.5, 79.5 ], "rotation": 270 },
												"west": { "texture": "#skin", "uv": [ 61.0, 77.0, 62.5, 79.5 ], "rotation": 90 },
												"up": { "texture": "#skin", "uv": [ 60.5, 77.0, 61.0, 79.5 ], "rotation": 180 },
												"down": { "texture": "#skin", "uv": [ 62.5, 77.0, 63.0, 79.5 ], "rotation": 180 }
											},
											"children": [
												{
													"name": "R Ear4",
													"from": [ 0.0, 0.0, -2.7 ],
													"to": [ 0.6, 1.0, 0.0 ],
													"unwrapMode": 4,
													"unwrapRotation": 1,
													"uv": [ 57.0, 81.0 ],
													"rotationOrigin": [ 0.3, 0.0, 0.0 ],
													"rotationX": 45.0,
													"rotationZ": -2.0,
													"faces": {
														"north": { "texture": "#skin", "uv": [ 57.5, 83.5, 58.5, 84.0 ], "rotation": 90 },
														"east": { "texture": "#skin", "uv": [ 59.0, 81.0, 60.0, 83.5 ], "rotation": 270 },
														"west": { "texture": "#skin", "uv": [ 57.5, 81.0, 58.5, 83.5 ], "rotation": 90 },
														"up": { "texture": "#skin", "uv": [ 57.0, 81.0, 57.5, 83.5 ], "rotation": 180 },
														"down": { "texture": "#skin", "uv": [ 58.5, 81.0, 59.0, 83.5 ], "rotation": 180 }
													}
												}
											]
										}
									]
								},
								{
									"name": "L Ear",
									"from": [ 2.9, 4.2, 4.8 ],
									"to": [ 3.5, 5.6, 7.8 ],
									"unwrapMode": 4,
									"unwrapRotation": 1,
									"uv": [ 57.0, 89.5 ],
									"rotationOrigin": [ 3.2, 5.4, 4.8 ],
									"rotationX": -45.0,
									"rotationY": 32.0,
									"rotationZ": 22.0,
									"faces": {
										"east": { "texture": "#skin", "uv": [ 59.0, 90.0, 60.0, 93.0 ], "rotation": 270 },
										"south": { "texture": "#skin", "uv": [ 57.5, 89.5, 58.5, 90.0 ], "rotation": 90 },
										"west": { "texture": "#skin", "uv": [ 57.5, 90.0, 58.5, 93.0 ], "rotation": 90 },
										"up": { "texture": "#skin", "uv": [ 57.0, 90.0, 57.5, 93.0 ], "rotation": 180 },
										"down": { "texture": "#skin", "uv": [ 58.5, 90.0, 59.0, 93.0 ], "rotation": 180 }
									},
									"children": [
										{
											"name": "L Ear2",
											"from": [ 0.0, 0.4, 3.0 ],
											"to": [ 0.6, 1.4, 6.0 ],
											"unwrapMode": 4,
											"unwrapRotation": 1,
											"uv": [ 60.5, 85.0 ],
											"rotationOrigin": [ 0.3, 1.4, 3.0 ],
											"rotationX": 10.0,
											"rotationZ": 2.0,
											"faces": {
												"east": { "texture": "#skin", "uv": [ 62.5, 85.5, 63.5, 88.5 ], "rotation": 270 },
												"south": { "texture": "#skin", "uv": [ 61.0, 85.0, 62.0, 85.5 ], "rotation": 90 },
												"west": { "texture": "#skin", "uv": [ 61.0, 85.5, 62.0, 88.5 ], "rotation": 90 },
												"up": { "texture": "#skin", "uv": [ 60.5, 85.5, 61.0, 88.5 ], "rotation": 180 },
												"down": { "texture": "#skin", "uv": [ 62.0, 85.5, 62.5, 88.5 ], "rotation": 180 }
											}
										},
										{
											"name": "L Ear3",
											"from": [ 0.0, 0.0, 1.0 ],
											"to": [ 0.6, 1.5, 3.5 ],
											"unwrapMode": 4,
											"unwrapRotation": 1,
											"uv": [ 60.5, 89.0 ],
											"rotationOrigin": [ 0.3, 0.0, 1.0 ],
											"rotationX": 25.0,
											"rotationZ": -2.0,
											"faces": {
												"east": { "texture": "#skin", "uv": [ 63.0, 89.5, 64.5, 92.0 ], "rotation": 270 },
												"south": { "texture": "#skin", "uv": [ 61.0, 89.0, 62.5, 89.5 ], "rotation": 90 },
												"west": { "texture": "#skin", "uv": [ 61.0, 89.5, 62.5, 92.0 ], "rotation": 90 },
												"up": { "texture": "#skin", "uv": [ 60.5, 89.5, 61.0, 92.0 ], "rotation": 180 },
												"down": { "texture": "#skin", "uv": [ 62.5, 89.5, 63.0, 92.0 ], "rotation": 180 }
											},
											"children": [
												{
													"name": "L Ear4",
													"from": [ 0.0, 0.0, 2.5 ],
													"to": [ 0.6, 1.0, 5.2 ],
													"unwrapMode": 4,
													"unwrapRotation": 1,
													"uv": [ 57.0, 85.0 ],
													"rotationOrigin": [ 0.3, 0.0, 2.5 ],
													"rotationX": -45.0,
													"rotationZ": -2.0,
													"faces": {
														"east": { "texture": "#skin", "uv": [ 59.0, 85.5, 60.0, 88.0 ], "rotation": 270 },
														"south": { "texture": "#skin", "uv": [ 57.5, 85.0, 58.5, 85.5 ], "rotation": 90 },
														"west": { "texture": "#skin", "uv": [ 57.5, 85.5, 58.5, 88.0 ], "rotation": 90 },
														"up": { "texture": "#skin", "uv": [ 57.0, 85.5, 57.5, 88.0 ], "rotation": 180 },
														"down": { "texture": "#skin", "uv": [ 58.5, 85.5, 59.0, 88.0 ], "rotation": 180 }
													}
												}
											]
										}
									]
								},
								{
									"name": "Jaw",
									"from": [ -2.2, -1.5, 1.6 ],
									"to": [ 3.3, 1.9, 4.2 ],
									"unwrapMode": 7,
									"unwrapRotation": 1,
									"uv": [ 1.5, 75.0 ],
									"rotationOrigin": [ 1.4, -0.1, 2.9 ],
									"rotationZ": -23.0,
									"faces": {
										"north": { "texture": "#skin", "uv": [ 7.0, 78.0, 10.0, 83.5 ], "rotation": 90 },
										"south": { "texture": "#skin", "uv": [ 1.5, 78.0, 4.5, 83.5 ], "rotation": 270 },
										"west": { "texture": "#skin", "uv": [ 4.5, 75.0, 7.0, 78.0 ], "rotation": 180 },
										"up": { "texture": "#skin", "uv": [ 4.5, 78.0, 7.0, 83.5 ], "rotation": 270 },
										"down": { "texture": "#skin", "uv": [ 10.0, 78.0, 12.5, 83.5 ], "rotation": 90 }
									},
									"children": [
										{
											"name": "Jaw2",
											"from": [ -2.0, 0.1, 0.1 ],
											"to": [ 0.5, 2.0, 2.5 ],
											"unwrapMode": 7,
											"unwrapRotation": 1,
											"uv": [ 4.0, 70.5 ],
											"rotationOrigin": [ 0.4, 1.5, 1.3 ],
											"rotationZ": 4.0,
											"faces": {
												"north": { "texture": "#skin", "uv": [ 7.5, 72.0, 9.0, 74.5 ], "rotation": 90 },
												"south": { "texture": "#skin", "uv": [ 4.0, 72.0, 5.5, 74.5 ], "rotation": 270 },
												"west": { "texture": "#skin", "uv": [ 5.5, 70.5, 7.5, 72.0 ], "rotation": 180, "windMode": [-1,-1,-1,-1], "windData": [1,1,1,1] },
												"up": { "texture": "#skin", "uv": [ 5.5, 72.0, 7.5, 74.5 ], "rotation": 270, "windMode": [-1,-1,-1,-1], "windData": [1,1,1,1] },
												"down": { "texture": "#skin", "uv": [ 9.0, 72.0, 11.0, 74.5 ], "rotation": 90, "windMode": [-1,-1,-1,-1], "windData": [1,1,1,1] }
											},
											"children": [
												{
													"name": "LowerLip",
													"from": [ -2.3, 0.0, -0.1 ],
													"to": [ 0.2, 1.8, 2.5 ],
													"unwrapMode": 7,
													"unwrapRotation": 1,
													"uv": [ 4.0, 66.0 ],
													"rotationOrigin": [ 0.1, 1.4, 1.1 ],
													"rotationZ": 25.0,
													"faces": {
														"north": { "texture": "#skin", "uv": [ 8.0, 67.5, 9.5, 70.0 ], "rotation": 90 },
														"south": { "texture": "#skin", "uv": [ 4.0, 67.5, 5.5, 70.0 ], "rotation": 270 },
														"west": { "texture": "#skin", "uv": [ 5.5, 66.0, 8.0, 67.5 ], "rotation": 180, "windMode": [-1,-1,-1,-1], "windData": [1,1,1,1] },
														"up": { "texture": "#skin", "uv": [ 5.5, 67.5, 8.0, 70.0 ], "rotation": 270, "windMode": [-1,-1,-1,-1], "windData": [1,1,1,1] },
														"down": { "texture": "#skin", "uv": [ 9.5, 67.5, 12.0, 70.0 ], "rotation": 90, "windMode": [-1,-1,-1,-1], "windData": [1,1,1,1] }
													}
												}
											]
										},
										{
											"name": "Wattle",
											"from": [ 2.1, -2.7, 1.0 ],
											"to": [ 3.3, 0.3, 1.6 ],
											"unwrapMode": 3,
											"uv": [ 68.5, 95.0 ],
											"rotationOrigin": [ 2.9, 0.4, 1.3 ],
											"rotationZ": -15.0,
											"faces": {
												"north": { "texture": "#skin", "uv": [ 70.5, 95.0, 71.5, 98.0 ] },
												"east": { "texture": "#skin", "uv": [ 70.0, 95.0, 70.5, 98.0 ], "windMode": [-1,-1,-1,-1], "windData": [1,1,1,1] },
												"south": { "texture": "#skin", "uv": [ 69.0, 95.0, 70.0, 98.0 ], "windMode": [-1,-1,-1,-1], "windData": [1,1,1,1] },
												"west": { "texture": "#skin", "uv": [ 68.5, 95.0, 69.0, 98.0 ], "windMode": [-1,-1,-1,-1], "windData": [1,1,1,1] },
												"down": { "texture": "#skin", "uv": [ 69.0, 98.0, 70.0, 98.5 ], "rotation": 180, "windMode": [-1,-1,-1,-1], "windData": [1,1,1,1] }
											}
										}
									]
								},
								{
									"name": "L Eye",
									"from": [ 0.2, 4.5, 4.99 ],
									"to": [ 1.0, 4.9, 5.61 ],
									"unwrapMode": 3,
									"uv": [ 15.0, 79.5 ],
									"rotationOrigin": [ 0.2, 4.5, 5.0 ],
									"faces": {
										"east": { "texture": "#skin", "uv": [ 16.0, 79.5, 16.5, 80.0 ], "windMode": [-1,-1,-1,-1], "windData": [1,1,1,1] },
										"south": { "texture": "#skin", "uv": [ 15.5, 79.5, 16.0, 80.0 ], "windMode": [-1,-1,-1,-1], "windData": [1,1,1,1] },
										"west": { "texture": "#skin", "uv": [ 15.0, 79.5, 15.5, 80.0 ], "windMode": [-1,-1,-1,-1], "windData": [1,1,1,1] },
										"down": { "texture": "#skin", "uv": [ 15.5, 80.0, 16.0, 80.5 ], "rotation": 180, "windMode": [-1,-1,-1,-1], "windData": [1,1,1,1] }
									},
									"children": [
										{
											"name": "L Eye2",
											"from": [ 0.0, 0.4, 0.0 ],
											"to": [ 0.8, 0.8, 0.62 ],
											"unwrapMode": 3,
											"uv": [ 15.0, 78.5 ],
											"rotationOrigin": [ 0.0, 0.4, 0.01 ],
											"faces": {
												"east": { "texture": "#skin", "uv": [ 16.0, 79.0, 16.5, 79.5 ], "windMode": [-1,-1,-1,-1], "windData": [1,1,1,1] },
												"south": { "texture": "#skin", "uv": [ 15.5, 79.0, 16.0, 79.5 ] },
												"west": { "texture": "#skin", "uv": [ 15.0, 79.0, 15.5, 79.5 ], "windMode": [-1,-1,-1,-1], "windData": [1,1,1,1] },
												"up": { "texture": "#skin", "uv": [ 15.5, 78.5, 16.0, 79.0 ], "windMode": [-1,-1,-1,-1], "windData": [1,1,1,1] }
											}
										},
										{
											"name": "L Pupil",
											"from": [ 0.1, 0.2, 0.01 ],
											"to": [ 0.7, 0.6, 0.63 ],
											"unwrapMode": 3,
											"uv": [ 15.0, 81.0 ],
											"rotationOrigin": [ 0.1, 0.2, 0.01 ],
											"faces": {
												"east": { "texture": "#skin", "uv": [ 16.0, 81.5, 16.5, 82.0 ], "windMode": [-1,-1,-1,-1], "windData": [1,1,1,1] },
												"south": { "texture": "#skin", "uv": [ 15.5, 81.5, 16.0, 82.0 ] },
												"west": { "texture": "#skin", "uv": [ 15.0, 81.5, 15.5, 82.0 ], "windMode": [-1,-1,-1,-1], "windData": [1,1,1,1] },
												"up": { "texture": "#skin", "uv": [ 15.5, 81.0, 16.0, 81.5 ], "windMode": [-1,-1,-1,-1], "windData": [1,1,1,1] },
												"down": { "texture": "#skin", "uv": [ 15.5, 82.0, 16.0, 82.5 ], "rotation": 180, "windMode": [-1,-1,-1,-1], "windData": [1,1,1,1] }
											}
										}
									]
								},
								{
									"name": "R Eye",
									"from": [ 0.2, 4.5, -0.01 ],
									"to": [ 1.0, 4.9, 0.61 ],
									"unwrapMode": 1,
									"uv": [ 15.0, 79.5 ],
									"rotationOrigin": [ 0.2, 4.1, 0.0 ],
									"faces": {
										"north": { "texture": "#skin", "uv": [ 15.5, 79.5, 16.0, 80.0 ] },
										"east": { "texture": "#skin", "uv": [ 15.0, 79.5, 15.5, 80.0 ], "windMode": [-1,-1,-1,-1], "windData": [1,1,1,1] },
										"west": { "texture": "#skin", "uv": [ 16.0, 79.5, 16.5, 80.0 ], "windMode": [-1,-1,-1,-1], "windData": [1,1,1,1] },
										"down": { "texture": "#skin", "uv": [ 15.5, 80.0, 16.0, 80.5 ], "windMode": [-1,-1,-1,-1], "windData": [1,1,1,1] }
									},
									"children": [
										{
											"name": "R Eye2",
											"from": [ 0.0, 0.4, 0.0 ],
											"to": [ 0.8, 0.8, 0.62 ],
											"unwrapMode": 1,
											"uv": [ 15.0, 78.5 ],
											"rotationOrigin": [ 0.0, 0.4, 0.01 ],
											"faces": {
												"north": { "texture": "#skin", "uv": [ 15.5, 79.0, 16.0, 79.5 ] },
												"east": { "texture": "#skin", "uv": [ 15.0, 79.0, 15.5, 79.5 ], "windMode": [-1,-1,-1,-1], "windData": [1,1,1,1] },
												"west": { "texture": "#skin", "uv": [ 16.0, 79.0, 16.5, 79.5 ], "windMode": [-1,-1,-1,-1], "windData": [1,1,1,1] },
												"up": { "texture": "#skin", "uv": [ 15.5, 78.5, 16.0, 79.0 ], "rotation": 180, "windMode": [-1,-1,-1,-1], "windData": [1,1,1,1] }
											}
										},
										{
											"name": "R Pupil",
											"from": [ 0.1, 0.2, -0.01 ],
											"to": [ 0.7, 0.6, 0.61 ],
											"unwrapMode": 3,
											"uv": [ 15.0, 81.0 ],
											"rotationOrigin": [ 0.1, 0.2, -0.01 ],
											"faces": {
												"north": { "texture": "#skin", "uv": [ 16.0, 81.5, 16.5, 82.0 ] },
												"east": { "texture": "#skin", "uv": [ 15.5, 81.5, 16.0, 82.0 ], "windMode": [-1,-1,-1,-1], "windData": [1,1,1,1] },
												"west": { "texture": "#skin", "uv": [ 15.0, 81.5, 15.5, 82.0 ], "windMode": [-1,-1,-1,-1], "windData": [1,1,1,1] },
												"up": { "texture": "#skin", "uv": [ 15.5, 81.0, 16.0, 81.5 ], "windMode": [-1,-1,-1,-1], "windData": [1,1,1,1] },
												"down": { "texture": "#skin", "uv": [ 15.5, 82.0, 16.0, 82.5 ], "rotation": 180, "windMode": [-1,-1,-1,-1], "windData": [1,1,1,1] }
											}
										}
									]
								},
								{
									"name": "Horn attachment",
									"from": [ 1.0, 5.3, 2.8 ],
									"to": [ 2.0, 6.3, 3.8 ],
									"uv": [ 999.0, 999.0 ],
									"rotationOrigin": [ 1.0, 5.3, 2.8 ],
									"faces": {
									},
									"children": [
										{
											"name": "R antler base",
											"from": [ 0.5, 0.3, -3.2 ],
											"to": [ 1.7, 1.3, -2.0 ],
											"uv": [ 1.5, 2.0 ],
											"rotationOrigin": [ 0.5, 0.3, -2.4 ],
											"rotationX": -80.0,
											"rotationY": -10.0,
											"rotationZ": -5.0,
											"faces": {
												"north": { "texture": "#moose-antlers", "uv": [ 1.5, 4.0, 2.5, 5.0 ], "windMode": [-1,-1,-1,-1] },
												"east": { "texture": "#moose-antlers", "uv": [ 2.5, 3.5, 3.5, 4.5 ], "windMode": [-1,-1,-1,-1] },
												"south": { "texture": "#moose-antlers", "uv": [ 4.0, 2.0, 5.0, 3.0 ], "windMode": [-1,-1,-1,-1] },
												"west": { "texture": "#moose-antlers", "uv": [ 1.5, 12.0, 2.5, 13.0 ], "windMode": [-1,-1,-1,-1], "windData": [0,1,1,1] },
												"up": { "texture": "#moose-antlers", "uv": [ 11.5, 8.0, 12.5, 9.0 ], "rotation": 90 }
											},
											"children": [
												{
													"name": "R antler base 2",
													"from": [ 0.1, 0.9, 0.1 ],
													"to": [ 1.1, 4.9, 1.1 ],
													"uv": [ 3.0, 4.5 ],
													"rotationOrigin": [ 0.1, 0.9, 1.1 ],
													"rotationX": -7.0,
													"faces": {
														"north": { "texture": "#moose-antlers", "uv": [ 3.0, 5.5, 4.0, 9.5 ] },
														"east": { "texture": "#moose-antlers", "uv": [ 14.0, 6.0, 15.0, 10.0 ] },
														"south": { "texture": "#moose-antlers", "uv": [ 10.0, 5.0, 11.0, 9.0 ] },
														"west": { "texture": "#moose-antlers", "uv": [ 10.5, 4.5, 11.5, 8.5 ] },
														"up": { "texture": "#moose-antlers", "uv": [ 6.5, 11.5, 7.5, 12.5 ], "rotation": 90 },
														"down": { "texture": "#moose-antlers", "uv": [ 9.5, 14.0, 10.5, 15.0 ], "rotation": 90, "windMode": [-1,-1,-1,-1] }
													},
													"children": [
														{
															"name": "R antler base 3",
															"from": [ 1.0, 3.3, 0.0 ],
															"to": [ 3.0, 7.3, 0.8 ],
															"uv": [ 2.5, 0.0 ],
															"rotationOrigin": [ 1.0, 3.3, 1.0 ],
															"rotationX": -10.0,
															"rotationY": 80.0,
															"rotationZ": 30.0,
															"faces": {
																"north": { "texture": "#moose-antlers", "uv": [ 6.5, 0.0, 8.5, 4.0 ] },
																"east": { "texture": "#moose-antlers", "uv": [ 2.5, 11.5, 3.0, 15.5 ] },
																"south": { "texture": "#moose-antlers", "uv": [ 3.0, 3.5, 5.0, 7.5 ] },
																"west": { "texture": "#moose-antlers", "uv": [ 5.5, 10.0, 6.0, 14.0 ] },
																"up": { "texture": "#moose-antlers", "uv": [ 12.5, 0.0, 13.0, 2.0 ], "rotation": 90 },
																"down": { "texture": "#moose-antlers", "uv": [ 11.0, 13.0, 11.5, 15.0 ], "rotation": 90, "windMode": [-1,-1,-1,-1] }
															},
															"children": [
																{
																	"name": "R antler base 4",
																	"from": [ 0.0, 3.4, 0.0 ],
																	"to": [ 2.5, 4.4, 0.8 ],
																	"uv": [ 4.0, 0.0 ],
																	"rotationOrigin": [ 0.0, 3.6, 1.0 ],
																	"rotationY": 10.0,
																	"rotationZ": 10.0,
																	"faces": {
																		"north": { "texture": "#moose-antlers", "uv": [ 9.0, 0.0, 11.5, 1.0 ] },
																		"east": { "texture": "#moose-antlers", "uv": [ 8.0, 3.0, 8.5, 4.0 ] },
																		"south": { "texture": "#moose-antlers", "uv": [ 5.0, 9.0, 7.5, 10.0 ] },
																		"west": { "texture": "#moose-antlers", "uv": [ 11.0, 5.0, 11.5, 6.0 ] },
																		"up": { "texture": "#moose-antlers", "uv": [ 7.5, 7.0, 8.0, 9.5 ], "rotation": 90 },
																		"down": { "texture": "#moose-antlers", "uv": [ 4.0, 11.5, 4.5, 14.0 ], "rotation": 90, "windMode": [-1,-1,-1,-1] }
																	}
																},
																{
																	"name": "R rearpalm1",
																	"from": [ 1.7, 0.0, 0.0 ],
																	"to": [ 3.7, 4.0, 0.8 ],
																	"uv": [ 1.5, 1.0 ],
																	"rotationOrigin": [ 1.7, 0.0, 1.0 ],
																	"rotationX": -2.0,
																	"rotationZ": -5.0,
																	"faces": {
																		"north": { "texture": "#moose-antlers", "uv": [ 1.5, 3.0, 3.5, 7.0 ] },
																		"east": { "texture": "#moose-antlers", "uv": [ 10.0, 5.0, 10.5, 9.0 ] },
																		"south": { "texture": "#moose-antlers", "uv": [ 7.5, 11.5, 9.5, 15.5 ] },
																		"west": { "texture": "#moose-antlers", "uv": [ 4.5, 1.0, 5.0, 5.0 ] },
																		"up": { "texture": "#moose-antlers", "uv": [ 5.5, 11.0, 6.0, 13.0 ], "rotation": 90 },
																		"down": { "texture": "#moose-antlers", "uv": [ 14.5, 5.0, 15.0, 7.0 ], "rotation": 90 }
																	},
																	"children": [
																		{
																			"name": "R rearpalmb1",
																			"from": [ -0.3, 3.6, 0.0 ],
																			"to": [ 2.0, 4.8, 0.8 ],
																			"uv": [ 4.0, 1.5 ],
																			"rotationOrigin": [ -0.3, 3.6, 1.0 ],
																			"rotationX": -12.0,
																			"rotationZ": 5.0,
																			"faces": {
																				"north": { "texture": "#moose-antlers", "uv": [ 5.5, 11.0, 7.5, 12.0 ] },
																				"east": { "texture": "#moose-antlers", "uv": [ 7.5, 10.0, 8.0, 11.0 ] },
																				"south": { "texture": "#moose-antlers", "uv": [ 9.5, 9.5, 11.5, 10.5 ] },
																				"west": { "texture": "#moose-antlers", "uv": [ 13.0, 8.5, 13.5, 9.5 ] },
																				"up": { "texture": "#moose-antlers", "uv": [ 4.0, 2.0, 4.5, 4.0 ], "rotation": 90 },
																				"down": { "texture": "#moose-antlers", "uv": [ 14.5, 1.5, 15.0, 3.5 ], "rotation": 90 }
																			}
																		},
																		{
																			"name": "R rearpalm2",
																			"from": [ 2.0, 0.0, 0.0 ],
																			"to": [ 4.0, 4.0, 0.9 ],
																			"uv": [ 1.5, 1.0 ],
																			"rotationOrigin": [ 2.0, 0.0, 0.0 ],
																			"rotationY": -30.0,
																			"faces": {
																				"north": { "texture": "#moose-antlers", "uv": [ 1.5, 3.0, 3.5, 7.0 ] },
																				"east": { "texture": "#moose-antlers", "uv": [ 10.0, 5.0, 10.5, 9.0 ] },
																				"south": { "texture": "#moose-antlers", "uv": [ 7.5, 11.5, 9.5, 15.5 ] },
																				"west": { "texture": "#moose-antlers", "uv": [ 4.5, 1.0, 5.0, 5.0 ] },
																				"up": { "texture": "#moose-antlers", "uv": [ 5.5, 11.0, 6.0, 13.0 ], "rotation": 90 },
																				"down": { "texture": "#moose-antlers", "uv": [ 14.5, 5.0, 15.0, 7.0 ], "rotation": 90 }
																			},
																			"children": [
																				{
																					"name": "R rearpalmb2",
																					"from": [ -0.3, 3.6, 0.0 ],
																					"to": [ 2.2, 4.8, 0.8 ],
																					"uv": [ 4.0, 1.5 ],
																					"rotationOrigin": [ -0.3, 3.6, 1.0 ],
																					"rotationX": -8.0,
																					"rotationZ": 5.0,
																					"faces": {
																						"north": { "texture": "#moose-antlers", "uv": [ 5.5, 11.0, 8.0, 12.0 ] },
																						"east": { "texture": "#moose-antlers", "uv": [ 7.5, 10.0, 8.0, 11.0 ] },
																						"south": { "texture": "#moose-antlers", "uv": [ 9.5, 9.5, 12.0, 10.5 ] },
																						"west": { "texture": "#moose-antlers", "uv": [ 13.0, 8.5, 13.5, 9.5 ] },
																						"up": { "texture": "#moose-antlers", "uv": [ 4.0, 2.0, 4.5, 4.5 ], "rotation": 90 },
																						"down": { "texture": "#moose-antlers", "uv": [ 14.5, 1.5, 15.0, 4.0 ], "rotation": 90 }
																					}
																				},
																				{
																					"name": "R rearpalm6",
																					"from": [ 1.5, 0.0, 0.2 ],
																					"to": [ 3.5, 3.0, 0.6 ],
																					"uv": [ 2.0, 4.5 ],
																					"rotationOrigin": [ 1.5, 0.0, 0.2 ],
																					"rotationZ": -10.0,
																					"faces": {
																						"north": { "texture": "#moose-antlers", "uv": [ 12.5, 9.5, 14.5, 12.5 ] },
																						"east": { "texture": "#moose-antlers", "uv": [ 10.5, 4.5, 11.0, 7.5 ] },
																						"south": { "texture": "#moose-antlers", "uv": [ 4.0, 10.5, 6.0, 13.5 ] },
																						"west": { "texture": "#moose-antlers", "uv": [ 11.0, 7.0, 11.5, 10.0 ] },
																						"up": { "texture": "#moose-antlers", "uv": [ 2.0, 11.5, 2.5, 13.5 ], "rotation": 90 },
																						"down": { "texture": "#moose-antlers", "uv": [ 14.0, 10.0, 14.5, 12.0 ], "rotation": 90 }
																					},
																					"children": [
																						{
																							"name": "R rearpalm7",
																							"from": [ 2.0, 0.0, 0.1 ],
																							"to": [ 4.0, 2.0, 0.3 ],
																							"uv": [ 0.5, 0.0 ],
																							"rotationOrigin": [ 2.0, 0.0, 0.5 ],
																							"rotationY": -10.0,
																							"faces": {
																								"north": { "texture": "#moose-antlers", "uv": [ 6.0, 1.0, 8.0, 3.0 ] },
																								"east": { "texture": "#moose-antlers", "uv": [ 7.0, 0.0, 7.5, 2.0 ] },
																								"south": { "texture": "#moose-antlers", "uv": [ 2.5, 5.0, 4.5, 7.0 ] },
																								"west": { "texture": "#moose-antlers", "uv": [ 3.0, 0.5, 3.5, 2.5 ] },
																								"up": { "texture": "#moose-antlers", "uv": [ 0.5, 1.5, 1.0, 3.5 ], "rotation": 90 },
																								"down": { "texture": "#moose-antlers", "uv": [ 12.0, 7.5, 12.5, 9.5 ], "rotation": 90 }
																							},
																							"children": [
																								{
																									"name": "R rearpalm8",
																									"from": [ 1.5, 0.0, 0.0 ],
																									"to": [ 5.5, 1.0, 0.2 ],
																									"uv": [ 1.5, 0.0 ],
																									"rotationOrigin": [ 1.5, 0.0, 0.4 ],
																									"rotationY": -10.0,
																									"rotationZ": -20.0,
																									"faces": {
																										"north": { "texture": "#moose-antlers", "uv": [ 9.0, 12.0, 13.0, 13.0 ] },
																										"east": { "texture": "#moose-antlers", "uv": [ 8.0, 0.0, 8.5, 1.0 ] },
																										"south": { "texture": "#moose-antlers", "uv": [ 1.5, 8.5, 5.5, 9.5 ] },
																										"west": { "texture": "#moose-antlers", "uv": [ 1.5, 14.0, 2.0, 15.0 ] },
																										"up": { "texture": "#moose-antlers", "uv": [ 12.5, 8.0, 13.0, 12.0 ], "rotation": 90 },
																										"down": { "texture": "#moose-antlers", "uv": [ 5.0, 6.5, 5.5, 10.5 ], "rotation": 90 }
																									},
																									"children": [
																										{
																											"name": "R rearpalm8b",
																											"from": [ -0.2, 1.0, 0.0 ],
																											"to": [ 4.1, 2.0, 0.2 ],
																											"uv": [ 2.0, 2.0 ],
																											"rotationOrigin": [ -0.2, 2.0, 0.4 ],
																											"rotationY": -2.0,
																											"rotationZ": -12.0,
																											"faces": {
																												"north": { "texture": "#moose-antlers", "uv": [ 2.5, 2.0, 6.5, 3.0 ] },
																												"east": { "texture": "#moose-antlers", "uv": [ 6.5, 2.5, 7.0, 3.5 ] },
																												"south": { "texture": "#moose-antlers", "uv": [ 11.5, 6.5, 15.5, 7.5 ] },
																												"west": { "texture": "#moose-antlers", "uv": [ 5.0, 9.5, 5.5, 10.5 ] },
																												"up": { "texture": "#moose-antlers", "uv": [ 11.0, 9.5, 11.5, 13.5 ], "rotation": 90 },
																												"down": { "texture": "#moose-antlers", "uv": [ 2.0, 10.0, 2.5, 14.0 ], "rotation": 90 }
																											}
																										}
																									]
																								},
																								{
																									"name": "R rearpalm7b",
																									"from": [ 0.0, 2.1, 0.0 ],
																									"to": [ 2.3, 3.1, 0.2 ],
																									"uv": [ 1.0, 1.0 ],
																									"rotationOrigin": [ 0.0, 3.1, 0.4 ],
																									"rotationY": -1.0,
																									"rotationZ": -28.0,
																									"faces": {
																										"north": { "texture": "#moose-antlers", "uv": [ 11.0, 12.5, 13.0, 13.5 ] },
																										"east": { "texture": "#moose-antlers", "uv": [ 7.5, 1.0, 8.0, 2.0 ] },
																										"south": { "texture": "#moose-antlers", "uv": [ 3.0, 13.5, 5.0, 14.5 ] },
																										"west": { "texture": "#moose-antlers", "uv": [ 7.5, 10.0, 8.0, 11.0 ] },
																										"up": { "texture": "#moose-antlers", "uv": [ 12.5, 12.5, 13.0, 14.5 ], "rotation": 90 },
																										"down": { "texture": "#moose-antlers", "uv": [ 1.0, 5.0, 1.5, 7.0 ], "rotation": 90 }
																									}
																								}
																							]
																						},
																						{
																							"name": "R rearpalm6b",
																							"from": [ -0.2, 3.0, 0.0 ],
																							"to": [ 2.2, 4.0, 0.4 ],
																							"uv": [ 1.0, 1.0 ],
																							"rotationOrigin": [ -0.2, 4.0, 0.0 ],
																							"rotationY": 2.0,
																							"rotationZ": -22.0,
																							"faces": {
																								"north": { "texture": "#moose-antlers", "uv": [ 3.0, 10.0, 5.0, 11.0 ] },
																								"east": { "texture": "#moose-antlers", "uv": [ 4.5, 10.0, 5.0, 11.0 ] },
																								"south": { "texture": "#moose-antlers", "uv": [ 7.0, 4.5, 9.0, 5.5 ] },
																								"west": { "texture": "#moose-antlers", "uv": [ 1.0, 1.0, 1.5, 2.0 ] },
																								"up": { "texture": "#moose-antlers", "uv": [ 3.0, 4.5, 3.5, 6.5 ], "rotation": 90 },
																								"down": { "texture": "#moose-antlers", "uv": [ 5.5, 8.0, 6.0, 10.0 ], "rotation": 90 }
																							}
																						}
																					]
																				}
																			]
																		}
																	]
																},
																{
																	"name": "R Frontbeam1",
																	"from": [ -1.5, 0.0, 0.0 ],
																	"to": [ 0.0, 3.0, 0.9 ],
																	"uv": [ 0.0, 0.0 ],
																	"rotationOrigin": [ 0.0, 0.0, 0.0 ],
																	"rotationX": 5.0,
																	"rotationY": 30.0,
																	"rotationZ": -10.0,
																	"faces": {
																		"north": { "texture": "#moose-antlers", "uv": [ 0.0, 0.0, 1.5, 3.0 ] },
																		"east": { "texture": "#moose-antlers", "uv": [ 0.0, 0.0, 0.5, 3.0 ] },
																		"south": { "texture": "#moose-antlers", "uv": [ 0.0, 0.0, 1.5, 3.0 ] },
																		"west": { "texture": "#moose-antlers", "uv": [ 0.0, 0.0, 0.5, 3.0 ] },
																		"up": { "texture": "#moose-antlers", "uv": [ 0.0, 0.0, 1.5, 0.5 ] },
																		"down": { "texture": "#moose-antlers", "uv": [ 0.0, 0.0, 1.5, 0.5 ] }
																	},
																	"children": [
																		{
																			"name": "R Frontbeam2",
																			"from": [ -0.5, 0.0, 0.0 ],
																			"to": [ 0.0, 2.5, 0.9 ],
																			"uv": [ 0.0, 0.0 ],
																			"rotationOrigin": [ 0.0, 0.0, 1.0 ],
																			"rotationX": -5.0,
																			"rotationY": -22.0,
																			"rotationZ": -10.0,
																			"faces": {
																				"north": { "texture": "#moose-antlers", "uv": [ 0.0, 0.0, 0.5, 2.5 ] },
																				"east": { "texture": "#moose-antlers", "uv": [ 0.0, 0.0, 0.5, 2.5 ] },
																				"south": { "texture": "#moose-antlers", "uv": [ 0.0, 0.0, 0.5, 2.5 ] },
																				"west": { "texture": "#moose-antlers", "uv": [ 0.0, 0.0, 0.5, 2.5 ] },
																				"up": { "texture": "#moose-antlers", "uv": [ 0.0, 0.0, 0.5, 0.5 ] },
																				"down": { "texture": "#moose-antlers", "uv": [ 0.0, 0.0, 0.5, 0.5 ] }
																			},
																			"children": [
																				{
																					"name": "R Frontbeam3",
																					"from": [ -1.0, 0.4, 0.1 ],
																					"to": [ 0.0, 2.4, 0.8 ],
																					"uv": [ 0.0, 0.0 ],
																					"rotationOrigin": [ 0.0, 2.4, 0.1 ],
																					"rotationY": 10.0,
																					"rotationZ": 5.0,
																					"faces": {
																						"north": { "texture": "#moose-antlers", "uv": [ 0.0, 0.0, 1.0, 2.0 ] },
																						"east": { "texture": "#moose-antlers", "uv": [ 0.0, 0.0, 0.5, 2.0 ] },
																						"south": { "texture": "#moose-antlers", "uv": [ 0.0, 0.0, 1.0, 2.0 ] },
																						"west": { "texture": "#moose-antlers", "uv": [ 0.0, 0.0, 0.5, 2.0 ] },
																						"up": { "texture": "#moose-antlers", "uv": [ 0.0, 0.0, 1.0, 0.5 ] },
																						"down": { "texture": "#moose-antlers", "uv": [ 0.0, 0.0, 1.0, 0.5 ] }
																					},
																					"children": [
																						{
																							"name": "R Frontbeam4",
																							"from": [ -2.0, 0.3, 0.1 ],
																							"to": [ 0.0, 1.8, 0.6 ],
																							"uv": [ 0.0, 0.0 ],
																							"rotationOrigin": [ 0.0, 1.8, 0.7 ],
																							"rotationX": -5.0,
																							"rotationY": 10.0,
																							"rotationZ": 20.0,
																							"faces": {
																								"north": { "texture": "#moose-antlers", "uv": [ 0.0, 0.0, 2.0, 1.5 ] },
																								"east": { "texture": "#moose-antlers", "uv": [ 0.0, 0.0, 0.5, 1.5 ] },
																								"south": { "texture": "#moose-antlers", "uv": [ 0.0, 0.0, 2.0, 1.5 ] },
																								"west": { "texture": "#moose-antlers", "uv": [ 0.0, 0.0, 0.5, 1.5 ] },
																								"up": { "texture": "#moose-antlers", "uv": [ 0.0, 0.0, 2.0, 0.5 ] },
																								"down": { "texture": "#moose-antlers", "uv": [ 0.0, 0.0, 2.0, 0.5 ] }
																							},
																							"children": [
																								{
																									"name": "R Frontbeam5",
																									"from": [ -1.5, 0.4, 0.0 ],
																									"to": [ 0.0, 1.4, 0.5 ],
																									"uv": [ 0.0, 0.0 ],
																									"rotationOrigin": [ 0.0, 0.4, 0.0 ],
																									"rotationY": 15.0,
																									"rotationZ": -20.0,
																									"faces": {
																										"north": { "texture": "#moose-antlers", "uv": [ 0.0, 0.0, 1.5, 1.0 ] },
																										"east": { "texture": "#moose-antlers", "uv": [ 0.0, 0.0, 0.5, 1.0 ] },
																										"south": { "texture": "#moose-antlers", "uv": [ 0.0, 0.0, 1.5, 1.0 ] },
																										"west": { "texture": "#moose-antlers", "uv": [ 0.0, 0.0, 0.5, 1.0 ] },
																										"up": { "texture": "#moose-antlers", "uv": [ 0.0, 0.0, 1.5, 0.5 ] },
																										"down": { "texture": "#moose-antlers", "uv": [ 0.0, 0.0, 1.5, 0.5 ] }
																									},
																									"children": [
																										{
																											"name": "R Fronttine3",
																											"from": [ -1.0, -0.1, 0.05 ],
																											"to": [ 0.0, 0.5, 0.45 ],
																											"uv": [ 0.0, 0.0 ],
																											"rotationOrigin": [ 0.0, 0.5, 0.05 ],
																											"rotationZ": 30.0,
																											"faces": {
																												"north": { "texture": "#moose-antlers", "uv": [ 0.0, 0.0, 1.0, 0.5 ] },
																												"east": { "texture": "#moose-antlers", "uv": [ 0.0, 0.0, 0.5, 0.5 ] },
																												"south": { "texture": "#moose-antlers", "uv": [ 0.0, 0.0, 1.0, 0.5 ] },
																												"west": { "texture": "#moose-antlers", "uv": [ 0.0, 0.0, 0.5, 0.5 ] },
																												"up": { "texture": "#moose-antlers", "uv": [ 0.0, 0.0, 1.0, 0.5 ] },
																												"down": { "texture": "#moose-antlers", "uv": [ 0.0, 0.0, 1.0, 0.5 ] }
																											}
																										},
																										{
																											"name": "R Fronttine4",
																											"from": [ -0.5, 0.5, 0.05 ],
																											"to": [ 0.0, 1.1, 0.45 ],
																											"uv": [ 0.0, 0.0 ],
																											"rotationOrigin": [ 0.0, 0.5, 0.05 ],
																											"rotationZ": -30.0,
																											"faces": {
																												"north": { "texture": "#moose-antlers", "uv": [ 0.0, 0.0, 0.5, 0.5 ] },
																												"east": { "texture": "#moose-antlers", "uv": [ 0.0, 0.0, 0.5, 0.5 ] },
																												"south": { "texture": "#moose-antlers", "uv": [ 0.0, 0.0, 0.5, 0.5 ] },
																												"west": { "texture": "#moose-antlers", "uv": [ 0.0, 0.0, 0.5, 0.5 ] },
																												"up": { "texture": "#moose-antlers", "uv": [ 0.0, 0.0, 0.5, 0.5 ] },
																												"down": { "texture": "#moose-antlers", "uv": [ 0.0, 0.0, 0.5, 0.5 ] }
																											}
																										}
																									]
																								},
																								{
																									"name": "R Fronttine2",
																									"from": [ -1.0, 0.05, -0.1 ],
																									"to": [ 0.5, 0.55, 0.6 ],
																									"uv": [ 0.0, 0.0 ],
																									"rotationOrigin": [ 0.5, 1.05, 0.7 ],
																									"rotationZ": 45.0,
																									"faces": {
																										"north": { "texture": "#moose-antlers", "uv": [ 0.0, 0.0, 1.5, 0.5 ] },
																										"east": { "texture": "#moose-antlers", "uv": [ 0.0, 0.0, 0.5, 0.5 ] },
																										"south": { "texture": "#moose-antlers", "uv": [ 0.0, 0.0, 1.5, 0.5 ] },
																										"west": { "texture": "#moose-antlers", "uv": [ 0.0, 0.0, 0.5, 0.5 ] },
																										"up": { "texture": "#moose-antlers", "uv": [ 0.0, 0.0, 1.5, 0.5 ] },
																										"down": { "texture": "#moose-antlers", "uv": [ 0.0, 0.0, 1.5, 0.5 ] }
																									},
																									"children": [
																										{
																											"name": "R Fronttine2b",
																											"from": [ -1.0, 0.1, 0.1 ],
																											"to": [ 0.0, 0.6, 0.6 ],
																											"uv": [ 0.0, 0.0 ],
																											"rotationOrigin": [ 0.0, 0.0, 0.1 ],
																											"rotationY": 10.0,
																											"rotationZ": -39.0,
																											"faces": {
																												"north": { "texture": "#moose-antlers", "uv": [ 0.0, 0.0, 1.0, 0.5 ] },
																												"east": { "texture": "#moose-antlers", "uv": [ 0.0, 0.0, 0.5, 0.5 ] },
																												"south": { "texture": "#moose-antlers", "uv": [ 0.0, 0.0, 1.0, 0.5 ] },
																												"west": { "texture": "#moose-antlers", "uv": [ 0.0, 0.0, 0.5, 0.5 ] },
																												"up": { "texture": "#moose-antlers", "uv": [ 0.0, 0.0, 1.0, 0.5 ] },
																												"down": { "texture": "#moose-antlers", "uv": [ 0.0, 0.0, 1.0, 0.5 ] }
																											}
																										}
																									]
																								}
																							]
																						},
																						{
																							"name": "R Fronttine1",
																							"from": [ -1.0, 1.2, -0.2 ],
																							"to": [ 0.0, 2.2, 0.5 ],
																							"uv": [ 0.0, 0.0 ],
																							"rotationOrigin": [ 0.0, 1.2, 0.6 ],
																							"rotationY": 10.0,
																							"rotationZ": -45.0,
																							"faces": {
																								"north": { "texture": "#moose-antlers", "uv": [ 0.0, 0.0, 1.0, 1.0 ] },
																								"east": { "texture": "#moose-antlers", "uv": [ 0.0, 0.0, 0.5, 1.0 ] },
																								"south": { "texture": "#moose-antlers", "uv": [ 0.0, 0.0, 1.0, 1.0 ] },
																								"west": { "texture": "#moose-antlers", "uv": [ 0.0, 0.0, 0.5, 1.0 ] },
																								"up": { "texture": "#moose-antlers", "uv": [ 0.0, 0.0, 1.0, 0.5 ] },
																								"down": { "texture": "#moose-antlers", "uv": [ 0.0, 0.0, 1.0, 0.5 ] }
																							},
																							"children": [
																								{
																									"name": "R Fronttine1b",
																									"from": [ -1.0, 0.1, 0.1 ],
																									"to": [ 0.0, 0.9, 0.6 ],
																									"uv": [ 0.0, 0.0 ],
																									"rotationOrigin": [ 0.0, 0.9, 0.7 ],
																									"rotationZ": 16.0,
																									"faces": {
																										"north": { "texture": "#moose-antlers", "uv": [ 0.0, 0.0, 1.0, 0.5 ] },
																										"east": { "texture": "#moose-antlers", "uv": [ 0.0, 0.0, 0.5, 0.5 ] },
																										"south": { "texture": "#moose-antlers", "uv": [ 0.0, 0.0, 1.0, 0.5 ] },
																										"west": { "texture": "#moose-antlers", "uv": [ 0.0, 0.0, 0.5, 0.5 ] },
																										"up": { "texture": "#moose-antlers", "uv": [ 0.0, 0.0, 1.0, 0.5 ] },
																										"down": { "texture": "#moose-antlers", "uv": [ 0.0, 0.0, 1.0, 0.5 ] }
																									},
																									"children": [
																										{
																											"name": "R Fronttine1c",
																											"from": [ -1.0, 0.1, 0.05 ],
																											"to": [ 0.0, 0.7, 0.45 ],
																											"uv": [ 0.0, 0.0 ],
																											"rotationOrigin": [ 0.0, 0.7, 0.55 ],
																											"rotationZ": 30.0,
																											"faces": {
																												"north": { "texture": "#moose-antlers", "uv": [ 0.0, 0.0, 1.0, 0.5 ] },
																												"east": { "texture": "#moose-antlers", "uv": [ 0.0, 0.0, 0.5, 0.5 ] },
																												"south": { "texture": "#moose-antlers", "uv": [ 0.0, 0.0, 1.0, 0.5 ] },
																												"west": { "texture": "#moose-antlers", "uv": [ 0.0, 0.0, 0.5, 0.5 ] },
																												"up": { "texture": "#moose-antlers", "uv": [ 0.0, 0.0, 1.0, 0.5 ] },
																												"down": { "texture": "#moose-antlers", "uv": [ 0.0, 0.0, 1.0, 0.5 ] }
																											}
																										}
																									]
																								}
																							]
																						}
																					]
																				}
																			]
																		},
																		{
																			"name": "R Topbeam1",
																			"from": [ -0.8, 0.0, 0.0 ],
																			"to": [ 0.2, 2.0, 0.9 ],
																			"uv": [ 0.0, 0.0 ],
																			"rotationOrigin": [ 0.2, 0.0, 0.0 ],
																			"rotationX": -5.0,
																			"rotationY": 52.0,
																			"rotationZ": 5.0,
																			"faces": {
																				"north": { "texture": "#moose-antlers", "uv": [ 0.0, 0.0, 1.0, 2.0 ] },
																				"east": { "texture": "#moose-antlers", "uv": [ 0.0, 0.0, 0.5, 2.0 ] },
																				"south": { "texture": "#moose-antlers", "uv": [ 0.0, 0.0, 1.0, 2.0 ] },
																				"west": { "texture": "#moose-antlers", "uv": [ 0.0, 0.0, 0.5, 2.0 ] },
																				"up": { "texture": "#moose-antlers", "uv": [ 0.0, 0.0, 1.0, 0.5 ] },
																				"down": { "texture": "#moose-antlers", "uv": [ 0.0, 0.0, 1.0, 0.5 ] }
																			},
																			"children": [
																				{
																					"name": "R Topbeam2",
																					"from": [ -0.9, 0.4, 0.1 ],
																					"to": [ 0.1, 1.4, 0.8 ],
																					"uv": [ 0.0, 0.0 ],
																					"rotationOrigin": [ 0.1, 1.9, 0.1 ],
																					"rotationX": 5.0,
																					"rotationY": 10.0,
																					"rotationZ": -5.0,
																					"faces": {
																						"north": { "texture": "#moose-antlers", "uv": [ 0.0, 0.0, 1.0, 1.0 ] },
																						"east": { "texture": "#moose-antlers", "uv": [ 0.0, 0.0, 0.5, 1.0 ] },
																						"south": { "texture": "#moose-antlers", "uv": [ 0.0, 0.0, 1.0, 1.0 ] },
																						"west": { "texture": "#moose-antlers", "uv": [ 0.0, 0.0, 0.5, 1.0 ] },
																						"up": { "texture": "#moose-antlers", "uv": [ 0.0, 0.0, 1.0, 0.5 ] },
																						"down": { "texture": "#moose-antlers", "uv": [ 0.0, 0.0, 1.0, 0.5 ] }
																					},
																					"children": [
																						{
																							"name": "R Topbeam3",
																							"from": [ -0.7, 0.0, 0.1 ],
																							"to": [ 0.3, 1.0, 0.6 ],
																							"uv": [ 0.0, 0.0 ],
																							"rotationOrigin": [ 0.3, 0.0, 0.1 ],
																							"rotationX": 5.0,
																							"rotationY": 5.0,
																							"rotationZ": 2.0,
																							"faces": {
																								"north": { "texture": "#moose-antlers", "uv": [ 0.0, 0.0, 1.0, 1.0 ] },
																								"east": { "texture": "#moose-antlers", "uv": [ 0.0, 0.0, 0.5, 1.0 ] },
																								"south": { "texture": "#moose-antlers", "uv": [ 0.0, 0.0, 1.0, 1.0 ] },
																								"west": { "texture": "#moose-antlers", "uv": [ 0.0, 0.0, 0.5, 1.0 ] },
																								"up": { "texture": "#moose-antlers", "uv": [ 0.0, 0.0, 1.0, 0.5 ] },
																								"down": { "texture": "#moose-antlers", "uv": [ 0.0, 0.0, 1.0, 0.5 ] }
																							},
																							"children": [
																								{
																									"name": "R Topbeam4",
																									"from": [ -2.1, 0.2, 0.1 ],
																									"to": [ 0.9, 2.2, 0.6 ],
																									"uv": [ 0.0, 0.0 ],
																									"rotationOrigin": [ 0.9, 0.2, 0.1 ],
																									"rotationX": 5.0,
																									"rotationY": 2.0,
																									"rotationZ": 10.0,
																									"faces": {
																										"north": { "texture": "#moose-antlers", "uv": [ 0.0, 0.0, 3.0, 2.0 ] },
																										"east": { "texture": "#moose-antlers", "uv": [ 0.0, 0.0, 0.5, 2.0 ] },
																										"south": { "texture": "#moose-antlers", "uv": [ 0.0, 0.0, 3.0, 2.0 ] },
																										"west": { "texture": "#moose-antlers", "uv": [ 0.0, 0.0, 0.5, 2.0 ] },
																										"up": { "texture": "#moose-antlers", "uv": [ 0.0, 0.0, 3.0, 0.5 ] },
																										"down": { "texture": "#moose-antlers", "uv": [ 0.0, 0.0, 3.0, 0.5 ] }
																									},
																									"children": [
																										{
																											"name": "R Toptine1",
																											"from": [ -0.8, 0.0, 0.05 ],
																											"to": [ 0.2, 0.4, 0.45 ],
																											"uv": [ 0.0, 0.0 ],
																											"rotationOrigin": [ 0.2, 0.6, 0.05 ],
																											"rotationZ": 20.0,
																											"faces": {
																												"north": { "texture": "#moose-antlers", "uv": [ 0.0, 0.0, 1.0, 0.5 ] },
																												"east": { "texture": "#moose-antlers", "uv": [ 0.0, 0.0, 0.5, 0.5 ] },
																												"south": { "texture": "#moose-antlers", "uv": [ 0.0, 0.0, 1.0, 0.5 ] },
																												"west": { "texture": "#moose-antlers", "uv": [ 0.0, 0.0, 0.5, 0.5 ] },
																												"up": { "texture": "#moose-antlers", "uv": [ 0.0, 0.0, 1.0, 0.5 ] },
																												"down": { "texture": "#moose-antlers", "uv": [ 0.0, 0.0, 1.0, 0.5 ] }
																											}
																										},
																										{
																											"name": "R Toptine2",
																											"from": [ -0.8, 0.7, 0.05 ],
																											"to": [ 0.2, 1.1, 0.45 ],
																											"uv": [ 0.0, 0.0 ],
																											"rotationOrigin": [ 0.2, 1.3, 0.05 ],
																											"rotationZ": -11.0,
																											"faces": {
																												"north": { "texture": "#moose-antlers", "uv": [ 0.0, 0.0, 1.0, 0.5 ] },
																												"east": { "texture": "#moose-antlers", "uv": [ 0.0, 0.0, 0.5, 0.5 ] },
																												"south": { "texture": "#moose-antlers", "uv": [ 0.0, 0.0, 1.0, 0.5 ] },
																												"west": { "texture": "#moose-antlers", "uv": [ 0.0, 0.0, 0.5, 0.5 ] },
																												"up": { "texture": "#moose-antlers", "uv": [ 0.0, 0.0, 1.0, 0.5 ] },
																												"down": { "texture": "#moose-antlers", "uv": [ 0.0, 0.0, 1.0, 0.5 ] }
																											}
																										},
																										{
																											"name": "R Toptine3",
																											"from": [ -0.4, 1.5, 0.05 ],
																											"to": [ 0.6, 1.9, 0.45 ],
																											"uv": [ 0.0, 0.0 ],
																											"rotationOrigin": [ 0.6, 2.1, 0.05 ],
																											"rotationZ": -19.0,
																											"faces": {
																												"north": { "texture": "#moose-antlers", "uv": [ 0.0, 0.0, 1.0, 0.5 ] },
																												"east": { "texture": "#moose-antlers", "uv": [ 0.0, 0.0, 0.5, 0.5 ] },
																												"south": { "texture": "#moose-antlers", "uv": [ 0.0, 0.0, 1.0, 0.5 ] },
																												"west": { "texture": "#moose-antlers", "uv": [ 0.0, 0.0, 0.5, 0.5 ] },
																												"up": { "texture": "#moose-antlers", "uv": [ 0.0, 0.0, 1.0, 0.5 ] },
																												"down": { "texture": "#moose-antlers", "uv": [ 0.0, 0.0, 1.0, 0.5 ] }
																											}
																										},
																										{
																											"name": "R Toptine4",
																											"from": [ 1.8, 1.7, 0.05 ],
																											"to": [ 2.8, 2.1, 0.45 ],
																											"uv": [ 0.0, 0.0 ],
																											"rotationOrigin": [ 2.8, 1.7, 0.05 ],
																											"rotationZ": -39.0,
																											"faces": {
																												"north": { "texture": "#moose-antlers", "uv": [ 0.0, 0.0, 1.0, 0.5 ] },
																												"east": { "texture": "#moose-antlers", "uv": [ 0.0, 0.0, 0.5, 0.5 ] },
																												"south": { "texture": "#moose-antlers", "uv": [ 0.0, 0.0, 1.0, 0.5 ] },
																												"west": { "texture": "#moose-antlers", "uv": [ 0.0, 0.0, 0.5, 0.5 ] },
																												"up": { "texture": "#moose-antlers", "uv": [ 0.0, 0.0, 1.0, 0.5 ] },
																												"down": { "texture": "#moose-antlers", "uv": [ 0.0, 0.0, 1.0, 0.5 ] }
																											}
																										}
																									]
																								}
																							]
																						}
																					]
																				}
																			]
																		}
																	]
																}
															]
														}
													]
												}
											]
										},
										{
											"name": "L antler base",
											"from": [ 0.5, 0.5, 2.3 ],
											"to": [ 1.7, 1.5, 3.5 ],
											"uv": [ 3.5, 5.0 ],
											"rotationOrigin": [ 0.5, 0.5, 2.3 ],
											"rotationX": 80.0,
											"rotationY": 10.0,
											"rotationZ": -5.0,
											"faces": {
												"north": { "texture": "#moose-antlers", "uv": [ 3.5, 8.0, 4.5, 9.0 ], "windMode": [-1,-1,-1,-1] },
												"east": { "texture": "#moose-antlers", "uv": [ 5.5, 6.5, 6.5, 7.5 ], "windMode": [-1,-1,-1,-1] },
												"south": { "texture": "#moose-antlers", "uv": [ 7.0, 7.0, 8.0, 8.0 ], "windMode": [-1,-1,-1,-1] },
												"west": { "texture": "#moose-antlers", "uv": [ 11.0, 14.0, 12.0, 15.0 ], "rotation": 90, "windMode": [-1,-1,-1,-1], "windData": [0,0,0,0] },
												"up": { "texture": "#moose-antlers", "uv": [ 6.5, 5.0, 7.5, 6.0 ], "rotation": 90, "windMode": [-1,-1,-1,-1] }
											},
											"children": [
												{
													"name": "L antler base 2",
													"from": [ 0.1, 0.9, 0.1 ],
													"to": [ 1.1, 4.9, 1.1 ],
													"uv": [ 1.5, 1.5 ],
													"rotationOrigin": [ 0.1, 0.9, 0.1 ],
													"rotationX": 7.0,
													"faces": {
														"north": { "texture": "#moose-antlers", "uv": [ 1.5, 10.5, 2.5, 14.5 ] },
														"east": { "texture": "#moose-antlers", "uv": [ 3.5, 11.5, 4.5, 15.5 ] },
														"south": { "texture": "#moose-antlers", "uv": [ 6.0, 9.5, 7.0, 13.5 ] },
														"west": { "texture": "#moose-antlers", "uv": [ 9.0, 1.5, 10.0, 5.5 ] },
														"up": { "texture": "#moose-antlers", "uv": [ 4.0, 6.0, 5.0, 7.0 ], "rotation": 90 },
														"down": { "texture": "#moose-antlers", "uv": [ 11.0, 7.0, 12.0, 8.0 ], "rotation": 90 }
													},
													"children": [
														{
															"name": "L antler base 3",
															"from": [ 1.0, 3.3, 0.0 ],
															"to": [ 3.0, 7.3, 0.8 ],
															"uv": [ 2.0, 1.0 ],
															"rotationOrigin": [ 1.0, 3.3, 0.0 ],
															"rotationX": 10.0,
															"rotationY": -80.0,
															"rotationZ": 30.0,
															"faces": {
																"north": { "texture": "#moose-antlers", "uv": [ 5.0, 1.0, 7.0, 5.0 ] },
																"east": { "texture": "#moose-antlers", "uv": [ 9.0, 2.5, 9.5, 6.5 ] },
																"south": { "texture": "#moose-antlers", "uv": [ 2.0, 5.0, 4.0, 9.0 ] },
																"west": { "texture": "#moose-antlers", "uv": [ 9.0, 6.5, 9.5, 10.5 ] },
																"up": { "texture": "#moose-antlers", "uv": [ 10.0, 9.0, 10.5, 11.0 ], "rotation": 90 },
																"down": { "texture": "#moose-antlers", "uv": [ 6.5, 10.0, 7.0, 12.0 ], "rotation": 90 }
															},
															"children": [
																{
																	"name": "L antler base 4",
																	"from": [ 0.0, 3.4, 0.0 ],
																	"to": [ 2.5, 4.4, 0.8 ],
																	"uv": [ 0.0, 0.0 ],
																	"rotationOrigin": [ 0.0, 3.4, 0.0 ],
																	"rotationY": -10.0,
																	"rotationZ": 10.0,
																	"faces": {
																		"north": { "texture": "#moose-antlers", "uv": [ 8.5, 10.5, 11.0, 11.5 ] },
																		"east": { "texture": "#moose-antlers", "uv": [ 0.5, 1.0, 1.0, 2.0 ] },
																		"south": { "texture": "#moose-antlers", "uv": [ 13.0, 0.0, 15.5, 1.0 ] },
																		"west": { "texture": "#moose-antlers", "uv": [ 2.5, 9.0, 3.0, 10.0 ] },
																		"up": { "texture": "#moose-antlers", "uv": [ 12.0, 8.0, 12.5, 10.5 ], "rotation": 90 },
																		"down": { "texture": "#moose-antlers", "uv": [ 0.0, 2.0, 0.5, 4.5 ], "rotation": 90 }
																	}
																},
																{
																	"name": "L rearpalm1",
																	"from": [ 1.7, 0.0, 0.0 ],
																	"to": [ 3.7, 4.0, 0.8 ],
																	"uv": [ 1.5, 1.0 ],
																	"rotationOrigin": [ 1.7, 0.0, 0.0 ],
																	"rotationX": 2.0,
																	"rotationZ": -5.0,
																	"faces": {
																		"north": { "texture": "#moose-antlers", "uv": [ 1.5, 3.0, 3.5, 7.0 ] },
																		"east": { "texture": "#moose-antlers", "uv": [ 10.0, 5.0, 10.5, 9.0 ] },
																		"south": { "texture": "#moose-antlers", "uv": [ 7.5, 11.5, 9.5, 15.5 ] },
																		"west": { "texture": "#moose-antlers", "uv": [ 4.5, 1.0, 5.0, 5.0 ] },
																		"up": { "texture": "#moose-antlers", "uv": [ 5.5, 11.0, 6.0, 13.0 ], "rotation": 90 },
																		"down": { "texture": "#moose-antlers", "uv": [ 14.5, 5.0, 15.0, 7.0 ], "rotation": 90 }
																	},
																	"children": [
																		{
																			"name": "L rearpalmb1",
																			"from": [ -0.3, 3.6, 0.0 ],
																			"to": [ 2.0, 4.8, 0.8 ],
																			"uv": [ 4.0, 1.5 ],
																			"rotationOrigin": [ -0.3, 3.6, 0.0 ],
																			"rotationX": 12.0,
																			"rotationZ": 5.0,
																			"faces": {
																				"north": { "texture": "#moose-antlers", "uv": [ 5.5, 11.0, 7.5, 12.0 ] },
																				"east": { "texture": "#moose-antlers", "uv": [ 7.5, 10.0, 8.0, 11.0 ] },
																				"south": { "texture": "#moose-antlers", "uv": [ 9.5, 9.5, 11.5, 10.5 ] },
																				"west": { "texture": "#moose-antlers", "uv": [ 13.0, 8.5, 13.5, 9.5 ] },
																				"up": { "texture": "#moose-antlers", "uv": [ 4.0, 2.0, 4.5, 4.0 ], "rotation": 90 },
																				"down": { "texture": "#moose-antlers", "uv": [ 14.5, 1.5, 15.0, 3.5 ], "rotation": 90 }
																			}
																		},
																		{
																			"name": "L rearpalm2",
																			"from": [ 2.0, 0.0, 0.0 ],
																			"to": [ 4.0, 4.0, 0.8 ],
																			"uv": [ 1.5, 1.0 ],
																			"rotationOrigin": [ 2.0, 0.0, 1.0 ],
																			"rotationY": 30.0,
																			"faces": {
																				"north": { "texture": "#moose-antlers", "uv": [ 1.5, 3.0, 3.5, 7.0 ] },
																				"east": { "texture": "#moose-antlers", "uv": [ 10.0, 5.0, 10.5, 9.0 ] },
																				"south": { "texture": "#moose-antlers", "uv": [ 7.5, 11.5, 9.5, 15.5 ] },
																				"west": { "texture": "#moose-antlers", "uv": [ 4.5, 1.0, 5.0, 5.0 ] },
																				"up": { "texture": "#moose-antlers", "uv": [ 5.5, 11.0, 6.0, 13.0 ], "rotation": 90 },
																				"down": { "texture": "#moose-antlers", "uv": [ 14.5, 5.0, 15.0, 7.0 ], "rotation": 90 }
																			},
																			"children": [
																				{
																					"name": "L rearpalmb2",
																					"from": [ -0.3, 3.6, 0.0 ],
																					"to": [ 2.2, 4.8, 0.8 ],
																					"uv": [ 4.0, 1.5 ],
																					"rotationOrigin": [ -0.3, 3.6, 0.0 ],
																					"rotationX": 8.0,
																					"rotationZ": 5.0,
																					"faces": {
																						"north": { "texture": "#moose-antlers", "uv": [ 5.5, 11.0, 8.0, 12.0 ] },
																						"east": { "texture": "#moose-antlers", "uv": [ 7.5, 10.0, 8.0, 11.0 ] },
																						"south": { "texture": "#moose-antlers", "uv": [ 9.5, 9.5, 12.0, 10.5 ] },
																						"west": { "texture": "#moose-antlers", "uv": [ 13.0, 8.5, 13.5, 9.5 ] },
																						"up": { "texture": "#moose-antlers", "uv": [ 4.0, 2.0, 4.5, 4.5 ], "rotation": 90 },
																						"down": { "texture": "#moose-antlers", "uv": [ 14.5, 1.5, 15.0, 4.0 ], "rotation": 90 }
																					}
																				},
																				{
																					"name": "L rearpalm6",
																					"from": [ 1.5, 0.0, 0.2 ],
																					"to": [ 3.5, 3.0, 0.6 ],
																					"uv": [ 2.0, 4.5 ],
																					"rotationOrigin": [ 1.5, 0.0, 0.8 ],
																					"rotationZ": -10.0,
																					"faces": {
																						"north": { "texture": "#moose-antlers", "uv": [ 12.5, 9.5, 14.5, 12.5 ] },
																						"east": { "texture": "#moose-antlers", "uv": [ 10.5, 4.5, 11.0, 7.5 ] },
																						"south": { "texture": "#moose-antlers", "uv": [ 4.0, 10.5, 6.0, 13.5 ] },
																						"west": { "texture": "#moose-antlers", "uv": [ 11.0, 7.0, 11.5, 10.0 ] },
																						"up": { "texture": "#moose-antlers", "uv": [ 2.0, 11.5, 2.5, 13.5 ], "rotation": 90 },
																						"down": { "texture": "#moose-antlers", "uv": [ 14.0, 10.0, 14.5, 12.0 ], "rotation": 90 }
																					},
																					"children": [
																						{
																							"name": "L rearpalm7",
																							"from": [ 2.0, 0.0, 0.1 ],
																							"to": [ 4.0, 2.0, 0.3 ],
																							"uv": [ 0.5, 0.0 ],
																							"rotationOrigin": [ 2.0, 0.0, 0.1 ],
																							"rotationY": 10.0,
																							"faces": {
																								"north": { "texture": "#moose-antlers", "uv": [ 6.0, 1.0, 8.0, 3.0 ] },
																								"east": { "texture": "#moose-antlers", "uv": [ 7.0, 0.0, 7.5, 2.0 ] },
																								"south": { "texture": "#moose-antlers", "uv": [ 2.5, 5.0, 4.5, 7.0 ] },
																								"west": { "texture": "#moose-antlers", "uv": [ 3.0, 0.5, 3.5, 2.5 ] },
																								"up": { "texture": "#moose-antlers", "uv": [ 0.5, 1.5, 1.0, 3.5 ], "rotation": 90 },
																								"down": { "texture": "#moose-antlers", "uv": [ 12.0, 7.5, 12.5, 9.5 ], "rotation": 90 }
																							},
																							"children": [
																								{
																									"name": "L rearpalm8",
																									"from": [ 1.5, 0.0, 0.0 ],
																									"to": [ 5.5, 1.0, 0.2 ],
																									"uv": [ 1.5, 0.0 ],
																									"rotationOrigin": [ 1.5, 0.0, 0.0 ],
																									"rotationY": 10.0,
																									"rotationZ": -20.0,
																									"faces": {
																										"north": { "texture": "#moose-antlers", "uv": [ 9.0, 12.0, 13.0, 13.0 ] },
																										"east": { "texture": "#moose-antlers", "uv": [ 8.0, 0.0, 8.5, 1.0 ] },
																										"south": { "texture": "#moose-antlers", "uv": [ 1.5, 8.5, 5.5, 9.5 ] },
																										"west": { "texture": "#moose-antlers", "uv": [ 1.5, 14.0, 2.0, 15.0 ] },
																										"up": { "texture": "#moose-antlers", "uv": [ 12.5, 8.0, 13.0, 12.0 ], "rotation": 90 },
																										"down": { "texture": "#moose-antlers", "uv": [ 5.0, 6.5, 5.5, 10.5 ], "rotation": 90 }
																									},
																									"children": [
																										{
																											"name": "L rearpalm8b",
																											"from": [ -0.2, 1.0, 0.0 ],
																											"to": [ 4.1, 2.0, 0.2 ],
																											"uv": [ 2.0, 2.0 ],
																											"rotationOrigin": [ -0.2, 2.0, 0.0 ],
																											"rotationY": 2.0,
																											"rotationZ": -12.0,
																											"faces": {
																												"north": { "texture": "#moose-antlers", "uv": [ 2.5, 2.0, 6.5, 3.0 ] },
																												"east": { "texture": "#moose-antlers", "uv": [ 6.5, 2.5, 7.0, 3.5 ] },
																												"south": { "texture": "#moose-antlers", "uv": [ 11.5, 6.5, 15.5, 7.5 ] },
																												"west": { "texture": "#moose-antlers", "uv": [ 5.0, 9.5, 5.5, 10.5 ] },
																												"up": { "texture": "#moose-antlers", "uv": [ 11.0, 9.5, 11.5, 13.5 ], "rotation": 90 },
																												"down": { "texture": "#moose-antlers", "uv": [ 2.0, 10.0, 2.5, 14.0 ], "rotation": 90 }
																											}
																										}
																									]
																								},
																								{
																									"name": "L rearpalm7b",
																									"from": [ 0.0, 2.1, 0.0 ],
																									"to": [ 2.3, 3.1, 0.2 ],
																									"uv": [ 1.0, 1.0 ],
																									"rotationOrigin": [ 0.0, 3.1, 0.0 ],
																									"rotationY": 1.0,
																									"rotationZ": -28.0,
																									"faces": {
																										"north": { "texture": "#moose-antlers", "uv": [ 11.0, 12.5, 13.0, 13.5 ] },
																										"east": { "texture": "#moose-antlers", "uv": [ 7.5, 1.0, 8.0, 2.0 ] },
																										"south": { "texture": "#moose-antlers", "uv": [ 3.0, 13.5, 5.0, 14.5 ] },
																										"west": { "texture": "#moose-antlers", "uv": [ 7.5, 10.0, 8.0, 11.0 ] },
																										"up": { "texture": "#moose-antlers", "uv": [ 12.5, 12.5, 13.0, 14.5 ], "rotation": 90 },
																										"down": { "texture": "#moose-antlers", "uv": [ 1.0, 5.0, 1.5, 7.0 ], "rotation": 90 }
																									}
																								}
																							]
																						},
																						{
																							"name": "L rearpalm6b",
																							"from": [ -0.2, 3.0, 0.0 ],
																							"to": [ 2.2, 4.0, 0.4 ],
																							"uv": [ 1.0, 1.0 ],
																							"rotationOrigin": [ -0.2, 4.0, 0.6 ],
																							"rotationY": -2.0,
																							"rotationZ": -22.0,
																							"faces": {
																								"north": { "texture": "#moose-antlers", "uv": [ 3.0, 10.0, 5.0, 11.0 ] },
																								"east": { "texture": "#moose-antlers", "uv": [ 4.5, 10.0, 5.0, 11.0 ] },
																								"south": { "texture": "#moose-antlers", "uv": [ 7.0, 4.5, 9.0, 5.5 ] },
																								"west": { "texture": "#moose-antlers", "uv": [ 1.0, 1.0, 1.5, 2.0 ] },
																								"up": { "texture": "#moose-antlers", "uv": [ 3.0, 4.5, 3.5, 6.5 ], "rotation": 90 },
																								"down": { "texture": "#moose-antlers", "uv": [ 5.5, 8.0, 6.0, 10.0 ], "rotation": 90 }
																							}
																						}
																					]
																				}
																			]
																		}
																	]
																},
																{
																	"name": "L Frontbeam1",
																	"from": [ -2.0, 0.0, 0.0 ],
																	"to": [ 0.0, 3.0, 0.8 ],
																	"uv": [ 0.0, 0.0 ],
																	"rotationOrigin": [ 0.0, 0.0, 1.0 ],
																	"rotationX": -5.0,
																	"rotationY": -30.0,
																	"rotationZ": -12.0,
																	"faces": {
																		"north": { "texture": "#moose-antlers", "uv": [ 0.0, 0.0, 2.0, 3.0 ] },
																		"east": { "texture": "#moose-antlers", "uv": [ 0.0, 0.0, 0.5, 3.0 ] },
																		"south": { "texture": "#moose-antlers", "uv": [ 0.0, 0.0, 2.0, 3.0 ] },
																		"west": { "texture": "#moose-antlers", "uv": [ 0.0, 0.0, 0.5, 3.0 ] },
																		"up": { "texture": "#moose-antlers", "uv": [ 0.0, 0.0, 2.0, 0.5 ] },
																		"down": { "texture": "#moose-antlers", "uv": [ 0.0, 0.0, 2.0, 0.5 ] }
																	},
																	"children": [
																		{
																			"name": "L Frontbeam2",
																			"from": [ -1.0, 0.0, 0.0 ],
																			"to": [ 0.0, 2.0, 0.8 ],
																			"uv": [ 0.0, 0.0 ],
																			"rotationOrigin": [ 0.0, 0.0, 0.0 ],
																			"rotationX": 5.0,
																			"rotationY": 22.0,
																			"rotationZ": -10.0,
																			"faces": {
																				"north": { "texture": "#moose-antlers", "uv": [ 0.0, 0.0, 1.0, 2.0 ] },
																				"east": { "texture": "#moose-antlers", "uv": [ 0.0, 0.0, 0.5, 2.0 ] },
																				"south": { "texture": "#moose-antlers", "uv": [ 0.0, 0.0, 1.0, 2.0 ] },
																				"west": { "texture": "#moose-antlers", "uv": [ 0.0, 0.0, 0.5, 2.0 ] },
																				"up": { "texture": "#moose-antlers", "uv": [ 0.0, 0.0, 1.0, 0.5 ] },
																				"down": { "texture": "#moose-antlers", "uv": [ 0.0, 0.0, 1.0, 0.5 ] }
																			},
																			"children": [
																				{
																					"name": "L Frontbeam3",
																					"from": [ -1.0, 0.4, 0.1 ],
																					"to": [ 0.0, 1.9, 0.7 ],
																					"uv": [ 0.0, 0.0 ],
																					"rotationOrigin": [ 0.0, 2.4, 0.9 ],
																					"rotationY": -10.0,
																					"rotationZ": 5.0,
																					"faces": {
																						"north": { "texture": "#moose-antlers", "uv": [ 0.0, 0.0, 1.0, 1.5 ] },
																						"east": { "texture": "#moose-antlers", "uv": [ 0.0, 0.0, 0.5, 1.5 ] },
																						"south": { "texture": "#moose-antlers", "uv": [ 0.0, 0.0, 1.0, 1.5 ] },
																						"west": { "texture": "#moose-antlers", "uv": [ 0.0, 0.0, 0.5, 1.5 ] },
																						"up": { "texture": "#moose-antlers", "uv": [ 0.0, 0.0, 1.0, 0.5 ] },
																						"down": { "texture": "#moose-antlers", "uv": [ 0.0, 0.0, 1.0, 0.5 ] }
																					},
																					"children": [
																						{
																							"name": "L Frontbeam4",
																							"from": [ -1.0, 0.3, 0.1 ],
																							"to": [ 0.0, 1.3, 0.5 ],
																							"uv": [ 0.0, 0.0 ],
																							"rotationOrigin": [ 0.0, 1.8, 0.7 ],
																							"rotationX": 5.0,
																							"rotationY": -10.0,
																							"rotationZ": 20.0,
																							"faces": {
																								"north": { "texture": "#moose-antlers", "uv": [ 0.0, 0.0, 1.0, 1.0 ] },
																								"east": { "texture": "#moose-antlers", "uv": [ 0.0, 0.0, 0.5, 1.0 ] },
																								"south": { "texture": "#moose-antlers", "uv": [ 0.0, 0.0, 1.0, 1.0 ] },
																								"west": { "texture": "#moose-antlers", "uv": [ 0.0, 0.0, 0.5, 1.0 ] },
																								"up": { "texture": "#moose-antlers", "uv": [ 0.0, 0.0, 1.0, 0.5 ] },
																								"down": { "texture": "#moose-antlers", "uv": [ 0.0, 0.0, 1.0, 0.5 ] }
																							},
																							"children": [
																								{
																									"name": "L Frontbeam5",
																									"from": [ -0.9, 0.1, 0.0 ],
																									"to": [ 0.1, 1.1, 0.4 ],
																									"uv": [ 0.0, 0.0 ],
																									"rotationOrigin": [ 0.1, 0.1, 0.6 ],
																									"rotationY": -15.0,
																									"rotationZ": -20.0,
																									"faces": {
																										"north": { "texture": "#moose-antlers", "uv": [ 0.0, 0.0, 1.0, 1.0 ] },
																										"east": { "texture": "#moose-antlers", "uv": [ 0.0, 0.0, 0.5, 1.0 ] },
																										"south": { "texture": "#moose-antlers", "uv": [ 0.0, 0.0, 1.0, 1.0 ] },
																										"west": { "texture": "#moose-antlers", "uv": [ 0.0, 0.0, 0.5, 1.0 ] },
																										"up": { "texture": "#moose-antlers", "uv": [ 0.0, 0.0, 1.0, 0.5 ] },
																										"down": { "texture": "#moose-antlers", "uv": [ 0.0, 0.0, 1.0, 0.5 ] }
																									},
																									"children": [
																										{
																											"name": "L Fronttine3",
																											"from": [ -1.0, -0.1, 0.05 ],
																											"to": [ 0.0, 0.5, 0.35 ],
																											"uv": [ 0.0, 0.0 ],
																											"rotationOrigin": [ 0.0, 0.5, 0.05 ],
																											"rotationZ": 30.0,
																											"faces": {
																												"north": { "texture": "#moose-antlers", "uv": [ 0.0, 0.0, 1.0, 0.5 ] },
																												"east": { "texture": "#moose-antlers", "uv": [ 0.0, 0.0, 0.5, 0.5 ] },
																												"south": { "texture": "#moose-antlers", "uv": [ 0.0, 0.0, 1.0, 0.5 ] },
																												"west": { "texture": "#moose-antlers", "uv": [ 0.0, 0.0, 0.5, 0.5 ] },
																												"up": { "texture": "#moose-antlers", "uv": [ 0.0, 0.0, 1.0, 0.5 ] },
																												"down": { "texture": "#moose-antlers", "uv": [ 0.0, 0.0, 1.0, 0.5 ] }
																											}
																										},
																										{
																											"name": "L Fronttine4",
																											"from": [ -1.0, 0.5, 0.05 ],
																											"to": [ 0.0, 1.1, 0.35 ],
																											"uv": [ 0.0, 0.0 ],
																											"rotationOrigin": [ 0.0, 0.5, 0.05 ],
																											"rotationZ": -30.0,
																											"faces": {
																												"north": { "texture": "#moose-antlers", "uv": [ 0.0, 0.0, 1.0, 0.5 ] },
																												"east": { "texture": "#moose-antlers", "uv": [ 0.0, 0.0, 0.5, 0.5 ] },
																												"south": { "texture": "#moose-antlers", "uv": [ 0.0, 0.0, 1.0, 0.5 ] },
																												"west": { "texture": "#moose-antlers", "uv": [ 0.0, 0.0, 0.5, 0.5 ] },
																												"up": { "texture": "#moose-antlers", "uv": [ 0.0, 0.0, 1.0, 0.5 ] },
																												"down": { "texture": "#moose-antlers", "uv": [ 0.0, 0.0, 1.0, 0.5 ] }
																											}
																										}
																									]
																								},
																								{
																									"name": "L Fronttine2",
																									"from": [ -0.5, 0.05, 0.0 ],
																									"to": [ 0.5, 1.05, 0.6 ],
																									"uv": [ 0.0, 0.0 ],
																									"rotationOrigin": [ 0.5, 1.05, 0.0 ],
																									"rotationY": 1.0,
																									"rotationZ": 45.0,
																									"faces": {
																										"north": { "texture": "#moose-antlers", "uv": [ 0.0, 0.0, 1.0, 1.0 ] },
																										"east": { "texture": "#moose-antlers", "uv": [ 0.0, 0.0, 0.5, 1.0 ] },
																										"south": { "texture": "#moose-antlers", "uv": [ 0.0, 0.0, 1.0, 1.0 ] },
																										"west": { "texture": "#moose-antlers", "uv": [ 0.0, 0.0, 0.5, 1.0 ] },
																										"up": { "texture": "#moose-antlers", "uv": [ 0.0, 0.0, 1.0, 0.5 ] },
																										"down": { "texture": "#moose-antlers", "uv": [ 0.0, 0.0, 1.0, 0.5 ] }
																									},
																									"children": [
																										{
																											"name": "L Fronttine2b",
																											"from": [ -1.0, 0.1, 0.1 ],
																											"to": [ 0.0, 0.7, 0.5 ],
																											"uv": [ 0.0, 0.0 ],
																											"rotationOrigin": [ 0.0, 0.0, 0.7 ],
																											"rotationY": -10.0,
																											"rotationZ": -39.0,
																											"faces": {
																												"north": { "texture": "#moose-antlers", "uv": [ 0.0, 0.0, 1.0, 0.5 ] },
																												"east": { "texture": "#moose-antlers", "uv": [ 0.0, 0.0, 0.5, 0.5 ] },
																												"south": { "texture": "#moose-antlers", "uv": [ 0.0, 0.0, 1.0, 0.5 ] },
																												"west": { "texture": "#moose-antlers", "uv": [ 0.0, 0.0, 0.5, 0.5 ] },
																												"up": { "texture": "#moose-antlers", "uv": [ 0.0, 0.0, 1.0, 0.5 ] },
																												"down": { "texture": "#moose-antlers", "uv": [ 0.0, 0.0, 1.0, 0.5 ] }
																											}
																										}
																									]
																								}
																							]
																						},
																						{
																							"name": "L Fronttine1",
																							"from": [ 0.0, 0.9, -0.2 ],
																							"to": [ 1.0, 1.9, 0.4 ],
																							"uv": [ 0.0, 0.0 ],
																							"rotationOrigin": [ 1.0, 0.9, -0.2 ],
																							"rotationY": -10.0,
																							"rotationZ": -45.0,
																							"faces": {
																								"north": { "texture": "#moose-antlers", "uv": [ 0.0, 0.0, 1.0, 1.0 ] },
																								"east": { "texture": "#moose-antlers", "uv": [ 0.0, 0.0, 0.5, 1.0 ] },
																								"south": { "texture": "#moose-antlers", "uv": [ 0.0, 0.0, 1.0, 1.0 ] },
																								"west": { "texture": "#moose-antlers", "uv": [ 0.0, 0.0, 0.5, 1.0 ] },
																								"up": { "texture": "#moose-antlers", "uv": [ 0.0, 0.0, 1.0, 0.5 ] },
																								"down": { "texture": "#moose-antlers", "uv": [ 0.0, 0.0, 1.0, 0.5 ] }
																							},
																							"children": [
																								{
																									"name": "L Fronttine1b",
																									"from": [ -0.5, 0.1, 0.1 ],
																									"to": [ 0.0, 0.9, 0.5 ],
																									"uv": [ 0.0, 0.0 ],
																									"rotationOrigin": [ 0.0, 0.9, 0.1 ],
																									"rotationZ": 16.0,
																									"faces": {
																										"north": { "texture": "#moose-antlers", "uv": [ 0.0, 0.0, 0.5, 0.5 ] },
																										"east": { "texture": "#moose-antlers", "uv": [ 0.0, 0.0, 0.5, 0.5 ] },
																										"south": { "texture": "#moose-antlers", "uv": [ 0.0, 0.0, 0.5, 0.5 ] },
																										"west": { "texture": "#moose-antlers", "uv": [ 0.0, 0.0, 0.5, 0.5 ] },
																										"up": { "texture": "#moose-antlers", "uv": [ 0.0, 0.0, 0.5, 0.5 ] },
																										"down": { "texture": "#moose-antlers", "uv": [ 0.0, 0.0, 0.5, 0.5 ] }
																									},
																									"children": [
																										{
																											"name": "L Fronttine1c",
																											"from": [ -1.0, 0.1, 0.05 ],
																											"to": [ 0.0, 0.7, 0.35 ],
																											"uv": [ 0.0, 0.0 ],
																											"rotationOrigin": [ 0.0, 0.7, 0.05 ],
																											"rotationZ": 30.0,
																											"faces": {
																												"north": { "texture": "#moose-antlers", "uv": [ 0.0, 0.0, 1.0, 0.5 ] },
																												"east": { "texture": "#moose-antlers", "uv": [ 0.0, 0.0, 0.5, 0.5 ] },
																												"south": { "texture": "#moose-antlers", "uv": [ 0.0, 0.0, 1.0, 0.5 ] },
																												"west": { "texture": "#moose-antlers", "uv": [ 0.0, 0.0, 0.5, 0.5 ] },
																												"up": { "texture": "#moose-antlers", "uv": [ 0.0, 0.0, 1.0, 0.5 ] },
																												"down": { "texture": "#moose-antlers", "uv": [ 0.0, 0.0, 1.0, 0.5 ] }
																											}
																										}
																									]
																								}
																							]
																						}
																					]
																				}
																			]
																		},
																		{
																			"name": "L Topbeam1",
																			"from": [ -0.8, 0.0, -0.3 ],
																			"to": [ 0.2, 1.5, 0.5 ],
																			"uv": [ 0.0, 0.0 ],
																			"rotationOrigin": [ 0.2, 0.0, 0.7 ],
																			"rotationX": 5.0,
																			"rotationY": -52.0,
																			"rotationZ": -5.0,
																			"faces": {
																				"north": { "texture": "#moose-antlers", "uv": [ 0.0, 0.0, 1.0, 1.5 ] },
																				"east": { "texture": "#moose-antlers", "uv": [ 0.0, 0.0, 0.5, 1.5 ] },
																				"south": { "texture": "#moose-antlers", "uv": [ 0.0, 0.0, 1.0, 1.5 ] },
																				"west": { "texture": "#moose-antlers", "uv": [ 0.0, 0.0, 0.5, 1.5 ] },
																				"up": { "texture": "#moose-antlers", "uv": [ 0.0, 0.0, 1.0, 0.5 ] },
																				"down": { "texture": "#moose-antlers", "uv": [ 0.0, 0.0, 1.0, 0.5 ] }
																			},
																			"children": [
																				{
																					"name": "L Topbeam2",
																					"from": [ -1.0, 0.4, 0.1 ],
																					"to": [ 0.0, 1.4, 0.7 ],
																					"uv": [ 0.0, 0.0 ],
																					"rotationOrigin": [ 0.0, 1.9, 0.9 ],
																					"rotationX": -5.0,
																					"rotationY": -10.0,
																					"rotationZ": 5.0,
																					"faces": {
																						"north": { "texture": "#moose-antlers", "uv": [ 0.0, 0.0, 1.0, 1.0 ] },
																						"east": { "texture": "#moose-antlers", "uv": [ 0.0, 0.0, 0.5, 1.0 ] },
																						"south": { "texture": "#moose-antlers", "uv": [ 0.0, 0.0, 1.0, 1.0 ] },
																						"west": { "texture": "#moose-antlers", "uv": [ 0.0, 0.0, 0.5, 1.0 ] },
																						"up": { "texture": "#moose-antlers", "uv": [ 0.0, 0.0, 1.0, 0.5 ] },
																						"down": { "texture": "#moose-antlers", "uv": [ 0.0, 0.0, 1.0, 0.5 ] }
																					},
																					"children": [
																						{
																							"name": "L Topbeam3",
																							"from": [ -0.5, 0.0, 0.1 ],
																							"to": [ 0.5, 1.0, 0.5 ],
																							"uv": [ 0.0, 0.0 ],
																							"rotationOrigin": [ 0.5, 0.0, 0.7 ],
																							"rotationX": -5.0,
																							"rotationY": -5.0,
																							"rotationZ": 2.0,
																							"faces": {
																								"north": { "texture": "#moose-antlers", "uv": [ 0.0, 0.0, 1.0, 1.0 ] },
																								"east": { "texture": "#moose-antlers", "uv": [ 0.0, 0.0, 0.5, 1.0 ] },
																								"south": { "texture": "#moose-antlers", "uv": [ 0.0, 0.0, 1.0, 1.0 ] },
																								"west": { "texture": "#moose-antlers", "uv": [ 0.0, 0.0, 0.5, 1.0 ] },
																								"up": { "texture": "#moose-antlers", "uv": [ 0.0, 0.0, 1.0, 0.5 ] },
																								"down": { "texture": "#moose-antlers", "uv": [ 0.0, 0.0, 1.0, 0.5 ] }
																							},
																							"children": [
																								{
																									"name": "L Topbeam4",
																									"from": [ -1.1, 0.3, 0.3 ],
																									"to": [ 0.9, 2.3, 0.7 ],
																									"uv": [ 0.0, 0.0 ],
																									"rotationOrigin": [ 0.9, 0.3, 0.9 ],
																									"rotationX": -5.0,
																									"rotationY": -2.0,
																									"rotationZ": 10.0,
																									"faces": {
																										"north": { "texture": "#moose-antlers", "uv": [ 0.0, 0.0, 2.0, 2.0 ] },
																										"east": { "texture": "#moose-antlers", "uv": [ 0.0, 0.0, 0.5, 2.0 ] },
																										"south": { "texture": "#moose-antlers", "uv": [ 0.0, 0.0, 2.0, 2.0 ] },
																										"west": { "texture": "#moose-antlers", "uv": [ 0.0, 0.0, 0.5, 2.0 ] },
																										"up": { "texture": "#moose-antlers", "uv": [ 0.0, 0.0, 2.0, 0.5 ] },
																										"down": { "texture": "#moose-antlers", "uv": [ 0.0, 0.0, 2.0, 0.5 ] }
																									},
																									"children": [
																										{
																											"name": "L Toptine1",
																											"from": [ -0.8, 0.0, 0.05 ],
																											"to": [ 0.2, 0.4, 0.35 ],
																											"uv": [ 0.0, 0.0 ],
																											"rotationOrigin": [ 0.2, 0.6, 0.05 ],
																											"rotationZ": 20.0,
																											"faces": {
																												"north": { "texture": "#moose-antlers", "uv": [ 0.0, 0.0, 1.0, 0.5 ] },
																												"east": { "texture": "#moose-antlers", "uv": [ 0.0, 0.0, 0.5, 0.5 ] },
																												"south": { "texture": "#moose-antlers", "uv": [ 0.0, 0.0, 1.0, 0.5 ] },
																												"west": { "texture": "#moose-antlers", "uv": [ 0.0, 0.0, 0.5, 0.5 ] },
																												"up": { "texture": "#moose-antlers", "uv": [ 0.0, 0.0, 1.0, 0.5 ] },
																												"down": { "texture": "#moose-antlers", "uv": [ 0.0, 0.0, 1.0, 0.5 ] }
																											}
																										},
																										{
																											"name": "L Toptine2",
																											"from": [ -0.8, 0.5, 0.05 ],
																											"to": [ 0.2, 0.9, 0.35 ],
																											"uv": [ 0.0, 0.0 ],
																											"rotationOrigin": [ 0.2, 1.1, 0.05 ],
																											"rotationZ": -11.0,
																											"faces": {
																												"north": { "texture": "#moose-antlers", "uv": [ 0.0, 0.0, 1.0, 0.5 ] },
																												"east": { "texture": "#moose-antlers", "uv": [ 0.0, 0.0, 0.5, 0.5 ] },
																												"south": { "texture": "#moose-antlers", "uv": [ 0.0, 0.0, 1.0, 0.5 ] },
																												"west": { "texture": "#moose-antlers", "uv": [ 0.0, 0.0, 0.5, 0.5 ] },
																												"up": { "texture": "#moose-antlers", "uv": [ 0.0, 0.0, 1.0, 0.5 ] },
																												"down": { "texture": "#moose-antlers", "uv": [ 0.0, 0.0, 1.0, 0.5 ] }
																											}
																										},
																										{
																											"name": "L Toptine3",
																											"from": [ -0.4, 1.6, 0.05 ],
																											"to": [ 0.6, 2.0, 0.35 ],
																											"uv": [ 0.0, 0.0 ],
																											"rotationOrigin": [ 0.6, 2.2, 0.05 ],
																											"rotationZ": -19.0,
																											"faces": {
																												"north": { "texture": "#moose-antlers", "uv": [ 0.0, 0.0, 1.0, 0.5 ] },
																												"east": { "texture": "#moose-antlers", "uv": [ 0.0, 0.0, 0.5, 0.5 ] },
																												"south": { "texture": "#moose-antlers", "uv": [ 0.0, 0.0, 1.0, 0.5 ] },
																												"west": { "texture": "#moose-antlers", "uv": [ 0.0, 0.0, 0.5, 0.5 ] },
																												"up": { "texture": "#moose-antlers", "uv": [ 0.0, 0.0, 1.0, 0.5 ] },
																												"down": { "texture": "#moose-antlers", "uv": [ 0.0, 0.0, 1.0, 0.5 ] }
																											}
																										},
																										{
																											"name": "L Toptine4",
																											"from": [ 0.9, 1.6, 0.05 ],
																											"to": [ 1.9, 2.0, 0.35 ],
																											"uv": [ 0.0, 0.0 ],
																											"rotationOrigin": [ 1.9, 2.0, 0.05 ],
																											"rotationZ": -39.0,
																											"faces": {
																												"north": { "texture": "#moose-antlers", "uv": [ 0.0, 0.0, 1.0, 0.5 ] },
																												"east": { "texture": "#moose-antlers", "uv": [ 0.0, 0.0, 0.5, 0.5 ] },
																												"south": { "texture": "#moose-antlers", "uv": [ 0.0, 0.0, 1.0, 0.5 ] },
																												"west": { "texture": "#moose-antlers", "uv": [ 0.0, 0.0, 0.5, 0.5 ] },
																												"up": { "texture": "#moose-antlers", "uv": [ 0.0, 0.0, 1.0, 0.5 ] },
																												"down": { "texture": "#moose-antlers", "uv": [ 0.0, 0.0, 1.0, 0.5 ] }
																											}
																										}
																									]
																								}
																							]
																						}
																					]
																				}
																			]
																		}
																	]
																}
															]
														}
													]
												}
											]
										}
									]
								}
							]
						}
					]
				}
			]
		}
	]}