[
  {
    "op": "remove",
    "path": "/attributes/attachableToEntity/attachedShapeBySlotCodeByType/*-forlorn/*",
    "file": "game:itemtypes/wearable/animal/blanket.json",
    "side": "Server"
  },
  {
    "op": "remove",
    "path": "/attributes/attachableToEntity/attachedShapeBySlotCodeByType/*/*",
    "file": "game:itemtypes/wearable/animal/blanket.json",
    "side": "Server"
  },
  {
    "op": "addmerge",
    "path": "/attributes/attachableToEntity/attachedShapeBySlotCodeByType/*/*-moose",
    "value": {
      "base": "capreolinae:item/wearable/hooved/blanket1-moose"
    },
    "file": "game:itemtypes/wearable/animal/blanket.json",
    "side": "Server"
  },
  {
    "op": "addmerge",
    "path": "/attributes/attachableToEntity/attachedShapeBySlotCodeByType/*-forlorn/*-moose",
    "value": {
      "base": "capreolinae:item/wearable/hooved/blanket2-moose"
    },
    "file": "game:itemtypes/wearable/animal/blanket.json",
    "side": "Server"
  },
  {
    "op": "addmerge",
    "path": "/attributes/attachableToEntity/attachedShapeBySlotCodeByType/*/*-reindeer",
    "value": {
      "base": "capreolinae:item/wearable/hooved/blanket1-reindeer"
    },
    "file": "game:itemtypes/wearable/animal/blanket.json",
    "side": "Server"
  },
  {
    "op": "addmerge",
    "path": "/attributes/attachableToEntity/attachedShapeBySlotCodeByType/*-forlorn/*-reindeer",
    "value": {
      "base": "capreolinae:item/wearable/hooved/blanket2-reindeer"
    },
    "file": "game:itemtypes/wearable/animal/blanket.json",
    "side": "Server"
  },
  {
    "op": "addmerge",
    "path": "/attributes/attachableToEntity/attachedShapeBySlotCodeByType/*/*",
    "value": {
      "base": "item/wearable/hooved/blanket1-elk"
    },
    "file": "game:itemtypes/wearable/animal/blanket.json",
    "side": "Server"
  },
  {
    "op": "addmerge",
    "path": "/attributes/attachableToEntity/attachedShapeBySlotCodeByType/*-forlorn/*",
    "value": {
      "base": "item/wearable/hooved/blanket2-elk"
    },
    "file": "game:itemtypes/wearable/animal/blanket.json",
    "side": "Server"
  }
]