[
  {
    "op": "add",
    "path": "/attributesByType/*-temporal/attachableToEntity/attachedShapeBySlotCode/gearback-moose",
    "value": {
      "base": "capreolinae:item/wearable/hooved/moose/tempgear2"
    },
    "file": "game:itemtypes/resource/gear.json",
    "side": "Server"
  },
  {
    "op": "add",
    "path": "/attributesByType/*-temporal/attachableToEntity/attachedShapeBySlotCode/gearleft-moose",
    "value": {
      "base": "capreolinae:item/wearable/hooved/moose/tempgear1"
    },
    "file": "game:itemtypes/resource/gear.json",
    "side": "Server"
  },
  {
    "op": "add",
    "path": "/attributesByType/*-temporal/attachableToEntity/attachedShapeBySlotCode/gearright-moose",
    "value": {
      "base": "capreolinae:item/wearable/hooved/moose/tempgear3"
    },
    "file": "game:itemtypes/resource/gear.json",
    "side": "Server"
  },
  {
    "op": "add",
    "path": "/attributesByType/*-temporal/attachableToEntity/attachedShapeBySlotCode/gearback-reindeer",
    "value": {
      "base": "capreolinae:item/wearable/hooved/reindeer/tempgear2"
    },
    "file": "game:itemtypes/resource/gear.json",
    "side": "Server"
  },
  {
    "op": "add",
    "path": "/attributesByType/*-temporal/attachableToEntity/attachedShapeBySlotCode/gearleft-reindeer",
    "value": {
      "base": "capreolinae:item/wearable/hooved/reindeer/tempgear1"
    },
    "file": "game:itemtypes/resource/gear.json",
    "side": "Server"
  },
  {
    "op": "add",
    "path": "/attributesByType/*-temporal/attachableToEntity/attachedShapeBySlotCode/gearright-reindeer",
    "value": {
      "base": "capreolinae:item/wearable/hooved/reindeer/tempgear3"
    },
    "file": "game:itemtypes/resource/gear.json",
    "side": "Server"
  }
]