{
	"editor": {
		"allAngles": false,
		"entityTextureMode": false
	},
	"textureWidth": 16,
	"textureHeight": 16,
	"textureSizes": {
	},
	"textures": {
		"log": "block/wood/firepit/log",
		"coal": "block/coal/charcoal",
		"charred": "block/wood/charred",
		"ashes": "block/wood/firepit/ground",
		"aged": "block/wood/debarked/aged",
		"fire": "block/wood/firepit/fire",
	},
	"elements": [
		{
			"name": "Ashes",
			"from": [ 1.0, 1.0, 0.01 ], 
			"to": [ 15.0, 15.0, 0.06 ], 
			"renderPass": 2,
			"rotationOrigin": [ 8.0, 8.0, 8.0 ],
			"rotationX": -90.0,
			"faces": {
				"north": { "texture": "#null", "uv": [ 1.0, 0.5, 15.0, 14.5 ], "enabled": false },
				"east": { "texture": "#null", "uv": [ 14.0, 0.0, 14.5, 14.0 ], "enabled": false },
				"south": { "texture": "#ashes", "uv": [ 1.0, 0.0, 15.0, 14.0 ] },
				"west": { "texture": "#null", "uv": [ 7.0, 1.5, 7.5, 15.5 ], "enabled": false },
				"up": { "texture": "#null", "uv": [ 1.0, 4.5, 15.0, 5.0 ], "enabled": false },
				"down": { "texture": "#null", "uv": [ 0.5, 3.5, 14.5, 4.0 ], "enabled": false }
			}
		},
		{
			"name": "Ember",
			"from": [ 7.0, 0.0, 7.0 ], 
			"to": [ 9.0, 2.0, 9.0 ], 
			"faces": {
				"north": { "texture": "#fire", "uv": [ 9.0, 4.0, 11.0, 6.0 ], "glow": 160 },
				"east": { "texture": "#fire", "uv": [ 12.5, 2.5, 14.5, 4.5 ], "glow": 160 },
				"south": { "texture": "#fire", "uv": [ 12.0, 12.0, 14.0, 14.0 ], "glow": 160 },
				"west": { "texture": "#fire", "uv": [ 2.0, 10.0, 4.0, 12.0 ], "glow": 160 },
				"up": { "texture": "#fire", "uv": [ 2.0, 5.5, 4.0, 7.5 ], "glow": 160 },
				"down": { "texture": "#-1", "uv": [ 7.5, 2.5, 9.5, 4.5 ], "enabled": false }
			}
		},
		{
			"name": "Ember",
			"from": [ 7.0, 0.0, 6.0 ], 
			"to": [ 8.0, 1.0, 7.0 ], 
			"faces": {
				"north": { "texture": "#fire", "uv": [ 0.0, 10.0, 1.0, 11.0 ], "glow": 160 },
				"east": { "texture": "#fire", "uv": [ 14.5, 11.5, 15.5, 12.5 ], "glow": 160 },
				"south": { "texture": "#fire", "uv": [ 11.0, 5.5, 12.0, 6.5 ], "glow": 160 },
				"west": { "texture": "#fire", "uv": [ 7.5, 12.0, 8.5, 13.0 ], "glow": 160 },
				"up": { "texture": "#fire", "uv": [ 9.5, 12.5, 10.5, 13.5 ], "glow": 160 },
				"down": { "texture": "#-1", "uv": [ 10.5, 12.5, 11.5, 13.5 ], "enabled": false }
			}
		},
		{
			"name": "Ember",
			"from": [ 9.0, 0.0, 8.0 ], 
			"to": [ 10.0, 1.0, 9.0 ], 
			"faces": {
				"north": { "texture": "#fire", "uv": [ 9.0, 13.0, 10.0, 14.0 ], "glow": 160 },
				"east": { "texture": "#fire", "uv": [ 4.5, 2.0, 5.5, 3.0 ], "glow": 160 },
				"south": { "texture": "#fire", "uv": [ 10.5, 1.0, 11.5, 2.0 ], "glow": 160 },
				"west": { "texture": "#fire", "uv": [ 12.5, 10.0, 13.5, 11.0 ], "glow": 160 },
				"up": { "texture": "#fire", "uv": [ 12.5, 2.0, 13.5, 3.0 ], "glow": 160 },
				"down": { "texture": "#-1", "uv": [ 4.0, 13.5, 5.0, 14.5 ], "enabled": false }
			}
		},
		{
			"name": "Ember",
			"from": [ 7.0, 0.0, 9.0 ], 
			"to": [ 8.0, 1.0, 10.0 ], 
			"faces": {
				"north": { "texture": "#fire", "uv": [ 0.0, 3.0, 1.0, 4.0 ], "glow": 160 },
				"east": { "texture": "#fire", "uv": [ 7.5, 1.5, 8.5, 2.5 ], "glow": 160 },
				"south": { "texture": "#fire", "uv": [ 4.5, 5.0, 5.5, 6.0 ], "glow": 160 },
				"west": { "texture": "#fire", "uv": [ 1.0, 5.5, 2.0, 6.5 ], "glow": 160 },
				"up": { "texture": "#fire", "uv": [ 8.5, 4.0, 9.5, 5.0 ], "glow": 160 },
				"down": { "texture": "#-1", "uv": [ 7.0, 11.5, 8.0, 12.5 ], "enabled": false }
			}
		},
		{
			"name": "Coal-1",
			"from": [ 2.4, 0.0, 7.0 ],
			"to": [ 6.4, 2.5, 9.5 ],
			"rotationOrigin": [ 4.6, 0.0, 8.0 ],
			"rotationY": -67.5,
			"faces": {
				"north": { "texture": "#coal", "uv": [ 3.5, 6.5, 7.5, 9.0 ] },
				"east": { "texture": "#coal", "uv": [ 4.0, 6.0, 6.5, 8.5 ] },
				"south": { "texture": "#coal", "uv": [ 6.5, 6.0, 10.5, 8.5 ] },
				"west": { "texture": "#coal", "uv": [ 6.5, 6.0, 9.0, 8.5 ] },
				"up": { "texture": "#coal", "uv": [ 4.0, 3.0, 8.0, 5.5 ] },
				"down": { "texture": "#coal", "uv": [ 6.5, 11.0, 10.5, 13.5 ] }
			}
		},
		{
			"name": "Coal-2",
			"from": [ 10.3, -0.1, 5.0 ],
			"to": [ 13.3, 2.4, 7.5 ],
			"rotationOrigin": [ 13.3, -0.1, 7.0 ],
			"rotationX": -45.0,
			"rotationY": 67.5,
			"rotationZ": 45.0,
			"faces": {
				"north": { "texture": "#coal", "uv": [ 5.0, 6.5, 8.0, 9.0 ] },
				"east": { "texture": "#coal", "uv": [ 1.5, 7.0, 4.0, 9.5 ] },
				"south": { "texture": "#coal", "uv": [ 5.5, 5.5, 8.5, 8.0 ] },
				"west": { "texture": "#coal", "uv": [ 8.0, 6.0, 10.5, 8.5 ] },
				"up": { "texture": "#coal", "uv": [ 3.5, 1.5, 6.5, 4.0 ] }
			}
		},
		{
			"name": "Coal-3",
			"from": [ 7.0, 1.0, 8.2 ],
			"to": [ 10.0, 3.0, 10.7 ],
			"rotationOrigin": [ 7.0, 1.0, 9.7 ],
			"rotationX": -22.5,
			"rotationY": -112.5,
			"rotationZ": -46.5,
			"faces": {
				"north": { "texture": "#coal", "uv": [ 5.5, 6.0, 8.5, 8.0 ] },
				"east": { "texture": "#coal", "uv": [ 2.0, 7.0, 4.5, 9.0 ] },
				"south": { "texture": "#coal", "uv": [ 2.0, 6.5, 5.0, 8.5 ] },
				"west": { "texture": "#coal", "uv": [ 11.0, 6.5, 13.5, 8.5 ], "windMode": [-1,-1,-1,-1] },
				"up": { "texture": "#coal", "uv": [ 7.5, 2.0, 10.5, 4.5 ] },
				"down": { "texture": "#coal", "uv": [ 6.0, 9.5, 9.0, 12.0 ] }
			}
		},
		{
			"name": "Coal-4",
			"from": [ 8.0, 1.4, 6.0 ],
			"to": [ 11.0, 3.9, 8.5 ],
			"rotationOrigin": [ 6.5, 1.4, 7.0 ],
			"rotationY": 68.5,
			"rotationZ": -23.0,
			"faces": {
				"north": { "texture": "#coal", "uv": [ 4.0, 6.5, 7.0, 9.0 ] },
				"east": { "texture": "#coal", "uv": [ 2.5, 6.0, 5.0, 8.5 ] },
				"south": { "texture": "#coal", "uv": [ 2.0, 6.5, 5.0, 9.0 ] },
				"west": { "texture": "#coal", "uv": [ 10.0, 6.0, 12.5, 8.5 ] },
				"up": { "texture": "#coal", "uv": [ 7.0, 4.5, 10.0, 7.0 ] },
				"down": { "texture": "#coal", "uv": [ 4.0, 9.0, 7.0, 11.5 ], "windMode": [-1,-1,-1,-1] }
			}
		},
		{
			"name": "Coal-5",
			"from": [ 8.8, 0.8, 4.0 ],
			"to": [ 11.8, 3.3, 6.5 ],
			"rotationOrigin": [ 8.8, 0.8, 5.5 ],
			"rotationZ": -33.5,
			"faces": {
				"north": { "texture": "#coal", "uv": [ 6.5, 6.0, 9.5, 8.5 ] },
				"east": { "texture": "#coal", "uv": [ 5.0, 6.5, 7.5, 9.0 ] },
				"south": { "texture": "#coal", "uv": [ 4.5, 6.5, 7.5, 9.0 ] },
				"west": { "texture": "#coal", "uv": [ 10.0, 7.0, 12.5, 9.5 ] },
				"up": { "texture": "#coal", "uv": [ 0.5, 3.0, 3.5, 5.5 ] },
				"down": { "texture": "#coal", "uv": [ 6.0, 10.0, 9.0, 12.5 ] }
			}
		},
		{
			"name": "Coal-8",
			"from": [ 7.0, 2.0, 5.0 ],
			"to": [ 10.0, 4.5, 7.5 ],
			"rotationOrigin": [ 8.5, 3.0, 6.0 ],
			"rotationY": 135.0,
			"rotationZ": -23.0,
			"faces": {
				"north": { "texture": "#coal", "uv": [ 3.5, 6.5, 6.5, 9.0 ] },
				"east": { "texture": "#coal", "uv": [ 2.5, 6.5, 5.0, 9.0 ] },
				"south": { "texture": "#coal", "uv": [ 2.0, 6.0, 5.0, 8.5 ] },
				"west": { "texture": "#coal", "uv": [ 11.0, 6.0, 13.5, 8.5 ] },
				"up": { "texture": "#coal", "uv": [ 5.0, 3.0, 8.0, 5.5 ] },
				"down": { "texture": "#coal", "uv": [ 5.0, 9.5, 8.0, 12.0 ], "windMode": [-1,-1,-1,-1] }
			}
		},
		{
			"name": "Coal-9",
			"from": [ 4.0, 0.0, 4.0 ],
			"to": [ 7.0, 2.5, 6.5 ],
			"rotationOrigin": [ 5.5, 1.0, 5.0 ],
			"rotationY": 22.5,
			"rotationZ": -23.0,
			"faces": {
				"north": { "texture": "#coal", "uv": [ 3.5, 6.0, 6.5, 8.5 ] },
				"east": { "texture": "#coal", "uv": [ 1.5, 6.5, 4.0, 9.0 ] },
				"south": { "texture": "#coal", "uv": [ 1.5, 6.5, 4.5, 9.0 ] },
				"west": { "texture": "#coal", "uv": [ 11.5, 6.0, 14.0, 8.5 ] },
				"up": { "texture": "#coal", "uv": [ 2.5, 5.0, 5.5, 7.5 ] },
				"down": { "texture": "#coal", "uv": [ 3.5, 9.0, 6.5, 11.5 ], "windMode": [-1,-1,-1,-1] }
			}
		},
		{
			"name": "Coal-10",
			"from": [ 6.3, 0.9, 7.0 ],
			"to": [ 9.3, 3.4, 9.5 ],
			"rotationOrigin": [ 9.3, 0.9, 9.0 ],
			"rotationX": 22.5,
			"rotationY": 135.0,
			"rotationZ": 22.5,
			"faces": {
				"north": { "texture": "#coal", "uv": [ 5.5, 6.5, 8.5, 9.0 ] },
				"east": { "texture": "#coal", "uv": [ 1.5, 7.5, 4.0, 10.0 ] },
				"south": { "texture": "#coal", "uv": [ 4.5, 6.0, 7.5, 8.5 ] },
				"west": { "texture": "#coal", "uv": [ 9.0, 6.5, 11.5, 9.0 ] },
				"up": { "texture": "#coal", "uv": [ 4.5, 2.5, 7.5, 5.0 ] }
			}
		},
		{
			"name": "Coal-11",
			"from": [ 8.0, 2.4, 7.0 ],
			"to": [ 11.0, 4.9, 9.5 ],
			"rotationOrigin": [ 8.5, 2.4, 8.0 ],
			"rotationY": -90.0,
			"rotationZ": -23.0,
			"faces": {
				"north": { "texture": "#coal", "uv": [ 3.5, 6.5, 6.5, 9.0 ] },
				"east": { "texture": "#coal", "uv": [ 1.5, 7.0, 4.0, 9.5 ] },
				"south": { "texture": "#coal", "uv": [ 0.5, 7.0, 3.5, 9.5 ] },
				"west": { "texture": "#coal", "uv": [ 10.0, 6.5, 12.5, 9.0 ] },
				"up": { "texture": "#coal", "uv": [ 5.5, 3.0, 8.5, 5.5 ] },
				"down": { "texture": "#coal", "uv": [ 4.5, 9.0, 7.5, 11.5 ], "windMode": [-1,-1,-1,-1] }
			}
		},
		{
			"name": "Coal-12",
			"from": [ 7.0, 2.4, 7.0 ],
			"to": [ 10.0, 4.9, 9.5 ],
			"rotationOrigin": [ 7.5, 2.4, 8.0 ],
			"rotationY": -180.0,
			"rotationZ": -22.5,
			"faces": {
				"north": { "texture": "#coal", "uv": [ 3.5, 6.5, 6.5, 9.0 ] },
				"east": { "texture": "#coal", "uv": [ 1.5, 7.0, 4.0, 9.5 ] },
				"south": { "texture": "#coal", "uv": [ 1.5, 7.0, 4.5, 9.5 ] },
				"west": { "texture": "#coal", "uv": [ 12.0, 6.0, 14.5, 8.5 ] },
				"up": { "texture": "#coal", "uv": [ 4.5, 3.0, 7.5, 5.5 ] },
				"down": { "texture": "#coal", "uv": [ 4.5, 9.5, 7.5, 12.0 ], "windMode": [-1,-1,-1,-1] }
			}
		},
		{
			"name": "Coal-13",
			"from": [ 9.4, 1.0, 6.0 ],
			"to": [ 11.4, 3.5, 8.5 ],
			"rotationOrigin": [ 11.6, 1.0, 7.0 ],
			"rotationX": 67.5,
			"rotationY": -45.0,
			"faces": {
				"north": { "texture": "#coal", "uv": [ 7.5, 4.5, 9.5, 7.0 ] },
				"east": { "texture": "#coal", "uv": [ 12.5, 7.5, 15.0, 10.0 ] },
				"south": { "texture": "#coal", "uv": [ 4.5, 8.0, 6.5, 10.5 ] },
				"west": { "texture": "#coal", "uv": [ 1.5, 7.0, 4.0, 9.5 ] },
				"up": { "texture": "#coal", "uv": [ 3.0, 6.5, 5.0, 9.0 ] },
				"down": { "texture": "#coal", "uv": [ 4.5, 7.0, 6.5, 9.5 ] }
			}
		},







		{
			"name": "origin spit",
			"from": [ 8.0, 0.0, 8.0 ], 
			"to": [ 8.0, 0.0, 8.0 ], 
			"rotationOrigin": [ 8.0, 0.0, 8.0 ],
			"rotationY": 53.0,
			"faces": {
				"north": { "texture": "#log", "uv": [ 1.5, 8.0, 2.0, 8.5 ], "enabled": false },
				"east": { "texture": "#log", "uv": [ 5.5, 6.0, 6.0, 6.5 ], "enabled": false },
				"south": { "texture": "#log", "uv": [ 3.5, 4.0, 4.0, 4.5 ], "enabled": false },
				"west": { "texture": "#log", "uv": [ 6.5, 13.0, 7.0, 13.5 ], "enabled": false },
				"up": { "texture": "#log", "uv": [ 8.0, 3.0, 8.5, 3.5 ], "enabled": false },
				"down": { "texture": "#log", "uv": [ 4.5, 7.5, 5.0, 8.0 ], "enabled": false }
			},
			"children": [
				{
					"name": "stick E",
					"from": [ 8.3, -0.5, 0.6 ], 
					"to": [ 9.8, 14.5, 2.1 ], 
					"rotationOrigin": [ 8.8, 0.0, 1.2 ],
					"rotationX": -2.0,
					"rotationY": 9.0,
					"rotationZ": 9.0,
					"faces": {
						"north": { "texture": "#aged", "uv": [ 0.0, 7.5, 15.0, 9.0 ], "rotation": 90 },
						"east": { "texture": "#aged", "uv": [ 0.0, 1.5, 15.0, 3.0 ], "rotation": 90 },
						"south": { "texture": "#aged", "uv": [ 0.0, 13.0, 15.0, 14.5 ], "rotation": 90 },
						"west": { "texture": "#aged", "uv": [ 0.0, 1.0, 15.0, 2.5 ], "rotation": 90 },
						"up": { "texture": "#aged", "uv": [ 11.5, 2.5, 13.0, 4.0 ] },
						"down": { "texture": "#aged", "uv": [ 11.0, 8.5, 12.5, 10.0 ] }
					},
					"children": [
						{
							"name": "Cube15",
							"from": [ 0.0, 15.0, 0.5 ], 
							"to": [ 1.0, 19.0, 1.5 ], 
							"rotationOrigin": [ 0.0, 15.0, 0.5 ],
							"rotationX": 4.0,
							"faces": {
								"north": { "texture": "#aged", "uv": [ 2.5, 8.5, 6.5, 9.5 ], "rotation": 90 },
								"east": { "texture": "#aged", "uv": [ 1.0, 3.0, 5.0, 4.0 ], "rotation": 90 },
								"south": { "texture": "#aged", "uv": [ 9.5, 14.0, 13.5, 15.0 ], "rotation": 90 },
								"west": { "texture": "#aged", "uv": [ 6.0, 9.5, 10.0, 10.5 ], "rotation": 90 },
								"up": { "texture": "#aged", "uv": [ 13.0, 13.0, 14.0, 14.0 ] },
								"down": { "texture": "#aged", "uv": [ 7.0, 4.0, 8.0, 5.0 ] }
							}
						},
						{
							"name": "Cube16",
							"from": [ 0.5, 15.0, 0.0 ], 
							"to": [ 1.5, 20.0, 1.0 ], 
							"rotationOrigin": [ 0.5, 15.0, 0.0 ],
							"rotationX": 4.0,
							"faces": {
								"north": { "texture": "#aged", "uv": [ 8.5, 9.0, 13.5, 10.0 ], "rotation": 90 },
								"east": { "texture": "#aged", "uv": [ 7.5, 2.5, 12.5, 3.5 ], "rotation": 90 },
								"south": { "texture": "#aged", "uv": [ 5.0, 0.5, 10.0, 1.5 ], "rotation": 90 },
								"west": { "texture": "#aged", "uv": [ 0.5, 3.5, 5.5, 4.5 ], "rotation": 90 },
								"up": { "texture": "#aged", "uv": [ 12.5, 3.0, 13.5, 4.0 ] },
								"down": { "texture": "#aged", "uv": [ 2.5, 0.0, 3.5, 1.0 ] }
							},
							"children": [
								{
									"name": "Cube20",
									"from": [ 0.0, 5.0, 0.5 ], 
									"to": [ 0.5, 6.5, 1.0 ], 
									"rotationOrigin": [ 0.0, 5.0, 0.5 ],
									"faces": {
										"north": { "texture": "#aged", "uv": [ 7.5, 6.0, 9.0, 6.5 ], "rotation": 90 },
										"east": { "texture": "#aged", "uv": [ 11.0, 1.0, 12.5, 1.5 ], "rotation": 90 },
										"south": { "texture": "#aged", "uv": [ 7.0, 8.0, 8.5, 8.5 ], "rotation": 90 },
										"west": { "texture": "#aged", "uv": [ 1.5, 0.0, 3.0, 0.5 ], "rotation": 90 },
										"up": { "texture": "#aged", "uv": [ 13.5, 6.5, 14.0, 7.0 ] },
										"down": { "texture": "#aged", "uv": [ 2.5, 13.0, 3.0, 13.5 ] }
									}
								}
							]
						},
						{
							"name": "Cube17",
							"from": [ 0.3, 13.0, 0.0 ], 
							"to": [ 1.3, 17.0, 1.0 ], 
							"rotationOrigin": [ 0.3, 13.0, 0.0 ],
							"rotationX": -29.0,
							"rotationZ": -12.0,
							"faces": {
								"north": { "texture": "#aged", "uv": [ 8.5, 9.0, 12.5, 10.0 ], "rotation": 90 },
								"east": { "texture": "#aged", "uv": [ 9.5, 7.5, 13.5, 8.5 ], "rotation": 90 },
								"south": { "texture": "#aged", "uv": [ 5.0, 0.0, 9.0, 1.0 ], "rotation": 90 },
								"west": { "texture": "#aged", "uv": [ 0.5, 3.5, 4.5, 4.5 ], "rotation": 90 },
								"up": { "texture": "#aged", "uv": [ 12.5, 3.0, 13.5, 4.0 ] },
								"down": { "texture": "#aged", "uv": [ 2.5, 0.0, 3.5, 1.0 ] }
							},
							"children": [
								{
									"name": "Cube18",
									"from": [ 0.0, 4.0, 0.0 ], 
									"to": [ 0.5, 6.0, 0.5 ], 
									"rotationOrigin": [ 0.0, 4.0, 0.0 ],
									"faces": {
										"north": { "texture": "#aged", "uv": [ 4.5, 10.5, 6.5, 11.0 ], "rotation": 90 },
										"east": { "texture": "#aged", "uv": [ 2.0, 1.0, 4.0, 1.5 ], "rotation": 90 },
										"south": { "texture": "#aged", "uv": [ 11.0, 3.5, 13.0, 4.0 ], "rotation": 90 },
										"west": { "texture": "#aged", "uv": [ 2.0, 0.0, 4.0, 0.5 ], "rotation": 90 },
										"up": { "texture": "#aged", "uv": [ 8.5, 14.0, 9.0, 14.5 ] },
										"down": { "texture": "#aged", "uv": [ 3.5, 8.0, 4.0, 8.5 ] }
									}
								},
								{
									"name": "Cube19",
									"from": [ 0.0, 4.0, 0.5 ], 
									"to": [ 1.0, 5.0, 1.0 ], 
									"rotationOrigin": [ 0.0, 4.0, 0.5 ],
									"faces": {
										"north": { "texture": "#aged", "uv": [ 6.0, 5.0, 7.0, 6.0 ], "rotation": 90 },
										"east": { "texture": "#aged", "uv": [ 5.5, 5.0, 6.5, 5.5 ], "rotation": 90 },
										"south": { "texture": "#aged", "uv": [ 10.0, 11.5, 11.0, 12.5 ], "rotation": 90 },
										"west": { "texture": "#aged", "uv": [ 10.5, 4.5, 11.5, 5.0 ], "rotation": 90 },
										"up": { "texture": "#aged", "uv": [ 12.0, 2.0, 13.0, 2.5 ] },
										"down": { "texture": "#aged", "uv": [ 4.0, 7.5, 5.0, 8.0 ] }
									}
								}
							]
						},
						{
							"name": "Cube32",
							"from": [ 1.1, 2.2, 0.0 ], 
							"to": [ 1.6, 4.2, 1.0 ], 
							"rotationOrigin": [ 1.1, 2.2, 0.0 ],
							"rotationX": 6.0,
							"rotationZ": -29.0,
							"faces": {
								"north": { "texture": "#aged", "uv": [ 8.5, 9.0, 10.5, 9.5 ], "rotation": 90 },
								"east": { "texture": "#aged", "uv": [ 7.5, 2.5, 9.5, 3.5 ], "rotation": 90 },
								"south": { "texture": "#aged", "uv": [ 5.0, 0.5, 7.0, 1.0 ], "rotation": 90 },
								"west": { "texture": "#aged", "uv": [ 0.5, 3.5, 2.5, 4.5 ], "rotation": 90 },
								"up": { "texture": "#aged", "uv": [ 12.5, 3.0, 13.0, 4.0 ] },
								"down": { "texture": "#aged", "uv": [ 2.5, 0.0, 3.0, 1.0 ] }
							},
							"children": [
								{
									"name": "Cube33",
									"from": [ 0.0, 2.0, 0.5 ], 
									"to": [ 0.5, 3.5, 1.0 ], 
									"rotationOrigin": [ 0.0, 2.0, 0.5 ],
									"faces": {
										"north": { "texture": "#aged", "uv": [ 7.5, 6.0, 9.0, 6.5 ], "rotation": 90 },
										"east": { "texture": "#aged", "uv": [ 11.0, 1.0, 12.5, 1.5 ], "rotation": 90 },
										"south": { "texture": "#aged", "uv": [ 7.0, 8.0, 8.5, 8.5 ], "rotation": 90 },
										"west": { "texture": "#aged", "uv": [ 1.5, 0.0, 3.0, 0.5 ], "rotation": 90 },
										"up": { "texture": "#aged", "uv": [ 13.5, 6.5, 14.0, 7.0 ] },
										"down": { "texture": "#aged", "uv": [ 2.5, 13.0, 3.0, 13.5 ] }
									}
								}
							]
						},
						{
							"name": "Cube34",
							"from": [ 0.5, 7.2, 1.0 ], 
							"to": [ 1.0, 11.2, 1.5 ], 
							"rotationOrigin": [ 0.5, 7.2, 1.0 ],
							"rotationX": 24.0,
							"rotationZ": -10.0,
							"faces": {
								"north": { "texture": "#aged", "uv": [ 8.5, 9.0, 12.5, 9.5 ], "rotation": 90 },
								"east": { "texture": "#aged", "uv": [ 7.5, 2.5, 11.5, 3.0 ], "rotation": 90 },
								"south": { "texture": "#aged", "uv": [ 5.0, 0.5, 9.0, 1.0 ], "rotation": 90 },
								"west": { "texture": "#aged", "uv": [ 0.5, 3.5, 4.5, 4.0 ], "rotation": 90 },
								"up": { "texture": "#aged", "uv": [ 12.5, 3.0, 13.0, 3.5 ] },
								"down": { "texture": "#aged", "uv": [ 2.5, 0.0, 3.0, 0.5 ] }
							}
						}
					]
				},
				{
					"name": "stick W",
					"from": [ -9.4, -0.5, -2.0 ], 
					"to": [ -7.9, 13.5, -0.5 ], 
					"rotationOrigin": [ -8.9, 0.0, -1.4 ],
					"rotationX": -1.0,
					"rotationY": -15.0,
					"rotationZ": -8.0,
					"faces": {
						"north": { "texture": "#aged", "uv": [ 1.5, 9.5, 15.5, 11.0 ], "rotation": 90 },
						"east": { "texture": "#aged", "uv": [ 1.5, 1.0, 15.5, 2.5 ], "rotation": 90 },
						"south": { "texture": "#aged", "uv": [ 0.0, 13.0, 14.0, 14.5 ], "rotation": 90 },
						"west": { "texture": "#aged", "uv": [ 0.0, 1.0, 14.0, 2.5 ], "rotation": 90 },
						"up": { "texture": "#aged", "uv": [ 14.5, 0.0, 16.0, 1.5 ] },
						"down": { "texture": "#aged", "uv": [ 11.0, 8.5, 12.5, 10.0 ] }
					},
					"children": [
						{
							"name": "Cube22",
							"from": [ 0.0, 13.8, 0.5 ], 
							"to": [ 1.0, 16.3, 1.5 ], 
							"rotationOrigin": [ 0.0, 13.8, 0.5 ],
							"rotationX": -10.0,
							"rotationY": 0.1,
							"rotationZ": 2.0,
							"faces": {
								"north": { "texture": "#aged", "uv": [ 2.5, 8.5, 5.0, 9.5 ], "rotation": 90 },
								"east": { "texture": "#aged", "uv": [ 1.0, 3.0, 3.5, 4.0 ], "rotation": 90 },
								"south": { "texture": "#aged", "uv": [ 9.5, 14.0, 12.0, 15.0 ], "rotation": 90 },
								"west": { "texture": "#aged", "uv": [ 6.0, 9.5, 8.5, 10.5 ], "rotation": 90 },
								"up": { "texture": "#aged", "uv": [ 13.0, 13.0, 14.0, 14.0 ] },
								"down": { "texture": "#aged", "uv": [ 7.0, 4.0, 8.0, 5.0 ] }
							},
							"children": [
								{
									"name": "Cube35",
									"from": [ 0.0, 2.5, 0.0 ], 
									"to": [ 0.5, 4.5, 0.5 ], 
									"rotationOrigin": [ 0.0, 2.5, 0.0 ],
									"faces": {
										"north": { "texture": "#aged", "uv": [ 0.0, 0.0, 0.5, 2.0 ] },
										"east": { "texture": "#aged", "uv": [ 0.0, 0.0, 0.5, 2.0 ] },
										"south": { "texture": "#aged", "uv": [ 0.0, 0.0, 0.5, 2.0 ] },
										"west": { "texture": "#aged", "uv": [ 0.0, 0.0, 0.5, 2.0 ] },
										"up": { "texture": "#aged", "uv": [ 0.0, 0.0, 0.5, 0.5 ] },
										"down": { "texture": "#aged", "uv": [ 0.0, 0.0, 0.5, 0.5 ] }
									}
								}
							]
						},
						{
							"name": "Cube23",
							"from": [ 0.5, 13.8, 0.0 ], 
							"to": [ 1.5, 19.3, 1.0 ], 
							"rotationOrigin": [ 0.5, 13.8, 1.0 ],
							"rotationX": -10.0,
							"rotationY": 0.1,
							"rotationZ": 2.0,
							"faces": {
								"north": { "texture": "#aged", "uv": [ 8.5, 9.0, 14.0, 10.0 ], "rotation": 90 },
								"east": { "texture": "#aged", "uv": [ 8.5, 2.5, 14.0, 3.5 ], "rotation": 90 },
								"south": { "texture": "#aged", "uv": [ 8.5, 4.0, 14.0, 5.0 ], "rotation": 90 },
								"west": { "texture": "#aged", "uv": [ 0.5, 3.5, 6.0, 4.5 ], "rotation": 90 },
								"up": { "texture": "#aged", "uv": [ 12.5, 3.0, 13.5, 4.0 ] },
								"down": { "texture": "#aged", "uv": [ 2.5, 0.0, 3.5, 1.0 ] }
							},
							"children": [
								{
									"name": "Cube24",
									"from": [ 0.0, 5.5, 0.5 ], 
									"to": [ 0.5, 6.0, 1.0 ], 
									"rotationOrigin": [ 0.0, 5.5, 0.5 ],
									"faces": {
										"north": { "texture": "#aged", "uv": [ 7.5, 6.0, 8.0, 6.5 ], "rotation": 90 },
										"east": { "texture": "#aged", "uv": [ 11.0, 1.0, 11.5, 1.5 ], "rotation": 90 },
										"south": { "texture": "#aged", "uv": [ 7.0, 8.0, 7.5, 8.5 ], "rotation": 90 },
										"west": { "texture": "#aged", "uv": [ 1.5, 0.0, 2.0, 0.5 ], "rotation": 90 },
										"up": { "texture": "#aged", "uv": [ 13.5, 6.5, 14.0, 7.0 ] },
										"down": { "texture": "#aged", "uv": [ 2.5, 13.0, 3.0, 13.5 ] }
									}
								}
							]
						},
						{
							"name": "Cube25",
							"from": [ 0.2, 12.7, 0.4 ], 
							"to": [ 1.2, 15.7, 1.4 ], 
							"rotationOrigin": [ 0.2, 12.7, 1.4 ],
							"rotationX": 31.0,
							"rotationY": -0.1,
							"rotationZ": 6.0,
							"faces": {
								"north": { "texture": "#aged", "uv": [ 8.0, 9.0, 11.0, 10.0 ], "rotation": 90 },
								"east": { "texture": "#aged", "uv": [ 9.5, 9.0, 12.5, 10.0 ], "rotation": 90 },
								"south": { "texture": "#aged", "uv": [ 5.5, 1.5, 8.5, 2.5 ], "rotation": 90 },
								"west": { "texture": "#aged", "uv": [ 8.0, 9.0, 11.0, 10.0 ], "rotation": 90 },
								"up": { "texture": "#aged", "uv": [ 10.5, 2.0, 11.5, 3.0 ] },
								"down": { "texture": "#aged", "uv": [ 2.5, 0.0, 3.5, 1.0 ] }
							},
							"children": [
								{
									"name": "Cube26",
									"from": [ 0.0, 3.0, 0.0 ], 
									"to": [ 0.5, 5.0, 0.5 ], 
									"rotationOrigin": [ 0.0, 3.0, 0.0 ],
									"faces": {
										"north": { "texture": "#aged", "uv": [ 4.5, 10.5, 6.5, 11.0 ], "rotation": 90 },
										"east": { "texture": "#aged", "uv": [ 7.5, 2.0, 9.5, 2.5 ], "rotation": 90 },
										"south": { "texture": "#aged", "uv": [ 11.0, 3.5, 13.0, 4.0 ], "rotation": 90 },
										"west": { "texture": "#aged", "uv": [ 4.0, 11.0, 6.0, 11.5 ], "rotation": 90 },
										"up": { "texture": "#aged", "uv": [ 8.5, 14.0, 9.0, 14.5 ] },
										"down": { "texture": "#aged", "uv": [ 3.5, 8.0, 4.0, 8.5 ] }
									}
								},
								{
									"name": "Cube27",
									"from": [ 0.0, 3.0, 0.5 ], 
									"to": [ 1.0, 4.5, 1.0 ], 
									"rotationOrigin": [ 0.0, 3.0, 0.5 ],
									"faces": {
										"north": { "texture": "#aged", "uv": [ 6.0, 5.0, 7.5, 6.0 ], "rotation": 90 },
										"east": { "texture": "#aged", "uv": [ 5.5, 5.0, 7.0, 5.5 ], "rotation": 90 },
										"south": { "texture": "#aged", "uv": [ 10.0, 11.5, 11.5, 12.5 ], "rotation": 90 },
										"west": { "texture": "#aged", "uv": [ 6.5, 11.0, 8.0, 11.5 ], "rotation": 90 },
										"up": { "texture": "#aged", "uv": [ 12.0, 2.0, 13.0, 2.5 ] },
										"down": { "texture": "#aged", "uv": [ 4.0, 7.5, 5.0, 8.0 ] }
									}
								}
							]
						},
						{
							"name": "Cube28",
							"from": [ 0.0, 4.8, 0.5 ], 
							"to": [ 0.5, 8.3, 1.0 ], 
							"rotationOrigin": [ 0.5, 4.8, 1.5 ],
							"rotationX": 5.0,
							"rotationY": 0.1,
							"rotationZ": 21.0,
							"faces": {
								"north": { "texture": "#aged", "uv": [ 9.5, 11.0, 13.0, 11.5 ], "rotation": 90 },
								"east": { "texture": "#aged", "uv": [ 7.5, 9.0, 11.0, 9.5 ], "rotation": 90 },
								"south": { "texture": "#aged", "uv": [ 7.0, 11.0, 10.5, 11.5 ], "rotation": 90 },
								"west": { "texture": "#aged", "uv": [ 5.0, 4.0, 8.5, 4.5 ], "rotation": 90 },
								"up": { "texture": "#aged", "uv": [ 13.5, 2.0, 14.0, 2.5 ] },
								"down": { "texture": "#aged", "uv": [ 8.0, 5.0, 8.5, 5.5 ] }
							}
						}
					]
				},
				{
					"name": "cross stick",
					"from": [ -8.0, 14.9, -0.6 ], 
					"to": [ 7.0, 15.9, 0.4 ], 
					"rotationOrigin": [ -0.5, 15.4, -0.1 ],
					"rotationX": 36.0,
					"rotationY": 2.0,
					"rotationZ": 3.0,
					"faces": {
						"north": { "texture": "#charred", "uv": [ 0.0, 10.5, 15.0, 11.5 ] },
						"east": { "texture": "#charred", "uv": [ 12.5, 6.5, 13.5, 7.5 ] },
						"south": { "texture": "#charred", "uv": [ 0.5, 12.5, 15.5, 13.5 ] },
						"west": { "texture": "#charred", "uv": [ 8.5, 12.5, 9.5, 13.5 ] },
						"up": { "texture": "#charred", "uv": [ 0.5, 11.5, 15.5, 12.5 ] },
						"down": { "texture": "#charred", "uv": [ 0.0, 1.5, 15.0, 2.5 ] }
					},
					"children": [
						{
							"name": "Cube1",
							"from": [ -2.0, 0.5, 0.0 ], 
							"to": [ 0.0, 1.0, 0.5 ], 
							"rotationOrigin": [ -2.0, 0.5, 0.0 ],
							"faces": {
								"north": { "texture": "#charred", "uv": [ 2.5, 2.5, 4.5, 3.0 ] },
								"east": { "texture": "#charred", "uv": [ 12.5, 4.0, 13.0, 4.5 ] },
								"south": { "texture": "#charred", "uv": [ 11.5, 2.5, 13.5, 3.0 ] },
								"west": { "texture": "#charred", "uv": [ 13.0, 13.5, 13.5, 14.0 ] },
								"up": { "texture": "#charred", "uv": [ 11.0, 14.5, 13.0, 15.0 ] },
								"down": { "texture": "#charred", "uv": [ 4.5, 6.0, 6.5, 6.5 ] }
							}
						},
						{
							"name": "Cube29",
							"from": [ -1.0, 0.0, 0.0 ], 
							"to": [ 0.0, 0.5, 1.0 ], 
							"rotationOrigin": [ -1.0, 0.0, 0.0 ],
							"faces": {
								"north": { "texture": "#charred", "uv": [ 4.0, 11.5, 5.0, 12.0 ] },
								"east": { "texture": "#charred", "uv": [ 5.5, 6.0, 6.5, 6.5 ] },
								"south": { "texture": "#charred", "uv": [ 12.5, 10.0, 13.5, 10.5 ] },
								"west": { "texture": "#charred", "uv": [ 10.5, 9.0, 11.5, 9.5 ] },
								"up": { "texture": "#charred", "uv": [ 11.0, 0.5, 12.0, 1.5 ] },
								"down": { "texture": "#charred", "uv": [ 2.0, 12.5, 3.0, 13.5 ] }
							}
						},
						{
							"name": "Cube30",
							"from": [ 15.0, 0.0, 0.5 ], 
							"to": [ 17.0, 0.5, 1.0 ], 
							"rotationOrigin": [ 15.0, 0.0, 0.5 ],
							"faces": {
								"north": { "texture": "#charred", "uv": [ 2.5, 2.5, 4.5, 3.0 ] },
								"east": { "texture": "#charred", "uv": [ 12.5, 4.0, 13.0, 4.5 ] },
								"south": { "texture": "#charred", "uv": [ 11.5, 2.5, 13.5, 3.0 ] },
								"west": { "texture": "#charred", "uv": [ 13.0, 13.5, 13.5, 14.0 ] },
								"up": { "texture": "#charred", "uv": [ 11.0, 14.5, 13.0, 15.0 ] },
								"down": { "texture": "#charred", "uv": [ 4.5, 6.0, 6.5, 6.5 ] }
							}
						},
						{
							"name": "Cube31",
							"from": [ 15.0, 0.5, 0.0 ], 
							"to": [ 16.0, 1.0, 1.0 ], 
							"rotationOrigin": [ 15.0, 0.5, 0.0 ],
							"faces": {
								"north": { "texture": "#charred", "uv": [ 13.0, 4.0, 14.0, 4.5 ] },
								"east": { "texture": "#charred", "uv": [ 9.0, 8.5, 10.0, 9.0 ] },
								"south": { "texture": "#charred", "uv": [ 1.5, 1.5, 2.5, 2.0 ] },
								"west": { "texture": "#charred", "uv": [ 13.5, 3.5, 14.5, 4.0 ] },
								"up": { "texture": "#charred", "uv": [ 14.5, 11.5, 15.5, 12.5 ] },
								"down": { "texture": "#charred", "uv": [ 12.5, 6.0, 13.5, 7.0 ] }
							}
						}
					]
				}
			]
		}
	]}