{
	"editor": {
		"backDropShape": "entity/bovinae/taurotragusderbianus/male",
		"collapsedPaths": "",
		"allAngles": true,
		"entityTextureMode": true
	},
	"textureWidth": 108,
	"textureHeight": 116,
	"textureSizes": {
		"horn": [108,116]
	},
	"textures": {
		"horn": "entity/bovinae/taurotragusderbianus-male"
	},
	"elements": [
		{
			"name": "R Antler01",
			"stepParentName": "AntlerBase",
			"from": [ 0.7, -1.3, -2.0 ],
			"to": [ 2.9, 0.5, -0.2 ],
			"unwrapMode": 5,
			"unwrapRotation": 1,
			"uv": [ 101.5, 61.0 ],
			"rotationOrigin": [ 0.7, -0.5, -1.1 ],
			"rotationY": 10.0,
			"rotationZ": 8.0,
			"faces": {
				"north": { "texture": "#horn", "uv": [ 101.5, 62.5, 103.0, 64.5 ], "rotation": 270 },
				"east": { "texture": "#horn", "uv": [ 103.0, 61.0, 104.5, 62.5 ], "rotation": 180 },
				"south": { "texture": "#horn", "uv": [ 104.5, 62.5, 106.0, 64.5 ], "rotation": 90 },
				"up": { "texture": "#horn", "uv": [ 103.0, 62.5, 104.5, 64.5 ], "rotation": 90 },
				"down": { "texture": "#horn", "uv": [ 106.0, 62.5, 107.5, 64.5 ], "rotation": 270, "windMode": [-1,-1,-1,-1], "windData": [1,1,1,1] }
			},
			"children": [
				{
					"name": "R Antler02",
					"from": [ 2.1, 0.0, 0.15 ],
					"to": [ 4.3, 1.8, 1.65 ],
					"unwrapMode": 5,
					"unwrapRotation": 1,
					"uv": [ 101.5, 59.0 ],
					"rotationOrigin": [ 2.1, 0.9, 0.9 ],
					"rotationX": -15.0,
					"rotationY": 10.0,
					"rotationZ": 2.0,
					"faces": {
						"north": { "texture": "#horn", "uv": [ 101.5, 60.5, 103.0, 62.5 ], "rotation": 270 },
						"east": { "texture": "#horn", "uv": [ 103.0, 59.0, 104.5, 60.5 ], "rotation": 180 },
						"south": { "texture": "#horn", "uv": [ 104.5, 60.5, 106.0, 62.5 ], "rotation": 90 },
						"up": { "texture": "#horn", "uv": [ 103.0, 60.5, 104.5, 62.5 ], "rotation": 90 },
						"down": { "texture": "#horn", "uv": [ 106.0, 60.5, 107.5, 62.5 ], "rotation": 270, "windMode": [-1,-1,-1,-1], "windData": [1,1,1,1] }
					},
					"children": [
						{
							"name": "R Antler03",
							"from": [ 2.0, 0.1, 0.1 ],
							"to": [ 4.5, 1.7, 1.4 ],
							"unwrapMode": 5,
							"unwrapRotation": 1,
							"uv": [ 102.5, 56.5 ],
							"rotationOrigin": [ 2.0, 0.9, 0.75 ],
							"rotationX": -15.0,
							"rotationZ": -2.0,
							"faces": {
								"north": { "texture": "#horn", "uv": [ 102.5, 58.0, 104.0, 60.5 ], "rotation": 270 },
								"east": { "texture": "#horn", "uv": [ 104.0, 56.5, 105.0, 58.0 ], "rotation": 180 },
								"south": { "texture": "#horn", "uv": [ 105.0, 58.0, 106.5, 60.5 ], "rotation": 90 },
								"up": { "texture": "#horn", "uv": [ 104.0, 58.0, 105.0, 60.5 ], "rotation": 90 },
								"down": { "texture": "#horn", "uv": [ 106.5, 58.0, 107.5, 60.5 ], "rotation": 270, "windMode": [-1,-1,-1,-1], "windData": [1,1,1,1] }
							},
							"children": [
								{
									"name": "R Antler04",
									"from": [ 2.2, 0.05, 0.05 ],
									"to": [ 4.7, 1.55, 1.25 ],
									"unwrapMode": 5,
									"unwrapRotation": 1,
									"uv": [ 102.5, 54.0 ],
									"rotationOrigin": [ 2.2, 0.75, 0.65 ],
									"rotationX": -5.0,
									"rotationY": 5.0,
									"rotationZ": 2.0,
									"faces": {
										"north": { "texture": "#horn", "uv": [ 102.5, 55.5, 104.0, 58.0 ], "rotation": 270 },
										"east": { "texture": "#horn", "uv": [ 104.0, 54.0, 105.0, 55.5 ], "rotation": 180 },
										"south": { "texture": "#horn", "uv": [ 105.0, 55.5, 106.5, 58.0 ], "rotation": 90 },
										"up": { "texture": "#horn", "uv": [ 104.0, 55.5, 105.0, 58.0 ], "rotation": 90 },
										"down": { "texture": "#horn", "uv": [ 106.5, 55.5, 107.5, 58.0 ], "rotation": 270, "windMode": [-1,-1,-1,-1], "windData": [1,1,1,1] }
									},
									"children": [
										{
											"name": "R Antler05",
											"from": [ 2.2, 0.1, 0.1 ],
											"to": [ 4.7, 1.4, 1.1 ],
											"unwrapMode": 3,
											"unwrapRotation": 1,
											"uv": [ 103.5, 52.0 ],
											"rotationOrigin": [ 2.2, 0.75, 0.6 ],
											"rotationX": -5.0,
											"rotationY": 5.0,
											"rotationZ": -2.0,
											"faces": {
												"north": { "texture": "#horn", "uv": [ 106.5, 53.0, 107.5, 55.5 ], "rotation": 270 },
												"east": { "texture": "#horn", "uv": [ 104.5, 52.0, 105.5, 53.0 ], "rotation": 90 },
												"south": { "texture": "#horn", "uv": [ 104.5, 53.0, 105.5, 55.5 ], "rotation": 90 },
												"up": { "texture": "#horn", "uv": [ 103.5, 53.0, 104.5, 55.5 ], "rotation": 90 },
												"down": { "texture": "#horn", "uv": [ 105.5, 53.0, 106.5, 55.5 ], "rotation": 270, "windMode": [-1,-1,-1,-1], "windData": [1,1,1,1] }
											},
											"children": [
												{
													"name": "R Antler06",
													"from": [ 2.2, 0.15, 0.05 ],
													"to": [ 5.5, 1.15, 0.95 ],
													"unwrapMode": 3,
													"unwrapRotation": 1,
													"uv": [ 104.5, 49.5 ],
													"rotationOrigin": [ 2.2, 0.65, 0.5 ],
													"rotationX": -5.0,
													"rotationY": 5.0,
													"rotationZ": -4.0,
													"faces": {
														"north": { "texture": "#horn", "uv": [ 106.5, 50.0, 107.5, 53.0 ], "rotation": 270 },
														"east": { "texture": "#horn", "uv": [ 105.0, 49.5, 106.0, 50.0 ], "rotation": 90 },
														"south": { "texture": "#horn", "uv": [ 105.0, 50.0, 106.0, 53.0 ], "rotation": 90 },
														"up": { "texture": "#horn", "uv": [ 104.5, 50.0, 105.0, 53.0 ], "rotation": 90 },
														"down": { "texture": "#horn", "uv": [ 106.0, 50.0, 106.5, 53.0 ], "rotation": 270, "windMode": [-1,-1,-1,-1], "windData": [1,1,1,1] }
													},
													"children": [
														{
															"name": "R Antler07",
															"from": [ 3.0, 0.05, 0.1 ],
															"to": [ 4.5, 0.95, 0.8 ],
															"unwrapMode": 3,
															"unwrapRotation": 1,
															"uv": [ 105.5, 48.0 ],
															"rotationOrigin": [ 3.0, 0.5, 0.45 ],
															"rotationX": -15.0,
															"rotationY": -5.0,
															"rotationZ": -20.0,
															"faces": {
																"north": { "texture": "#horn", "uv": [ 107.0, 48.5, 107.5, 50.0 ], "rotation": 270 },
																"east": { "texture": "#horn", "uv": [ 106.0, 48.0, 106.5, 48.5 ], "rotation": 90 },
																"south": { "texture": "#horn", "uv": [ 106.0, 48.5, 106.5, 50.0 ], "rotation": 90 },
																"up": { "texture": "#horn", "uv": [ 105.5, 48.5, 106.0, 50.0 ], "rotation": 90 },
																"down": { "texture": "#horn", "uv": [ 106.5, 48.5, 107.0, 50.0 ], "rotation": 270, "windMode": [-1,-1,-1,-1], "windData": [1,1,1,1] }
															},
															"children": [
																{
																	"name": "R Antler08",
																	"from": [ 1.2, 0.1, 0.05 ],
																	"to": [ 2.7, 0.8, 0.65 ],
																	"unwrapMode": 3,
																	"unwrapRotation": 1,
																	"uv": [ 105.5, 46.5 ],
																	"rotationOrigin": [ 1.2, 0.45, 0.35 ],
																	"rotationX": -15.0,
																	"rotationY": -5.0,
																	"rotationZ": -12.0,
																	"faces": {
																		"north": { "texture": "#horn", "uv": [ 107.0, 47.0, 107.5, 48.5 ], "rotation": 270 },
																		"east": { "texture": "#horn", "uv": [ 106.0, 46.5, 106.5, 47.0 ], "rotation": 90 },
																		"south": { "texture": "#horn", "uv": [ 106.0, 47.0, 106.5, 48.5 ], "rotation": 90 },
																		"up": { "texture": "#horn", "uv": [ 105.5, 47.0, 106.0, 48.5 ], "rotation": 90 },
																		"down": { "texture": "#horn", "uv": [ 106.5, 47.0, 107.0, 48.5 ], "rotation": 270, "windMode": [-1,-1,-1,-1], "windData": [1,1,1,1] }
																	},
																	"children": [
																		{
																			"name": "R Antler09",
																			"from": [ 1.2, 0.05, 0.05 ],
																			"to": [ 2.2, 0.65, 0.55 ],
																			"unwrapMode": 3,
																			"unwrapRotation": 1,
																			"uv": [ 105.5, 45.5 ],
																			"rotationOrigin": [ 1.2, 0.35, 0.3 ],
																			"rotationX": -15.0,
																			"rotationY": -5.0,
																			"rotationZ": -5.0,
																			"faces": {
																				"north": { "texture": "#horn", "uv": [ 107.0, 46.0, 107.5, 47.0 ], "rotation": 270 },
																				"east": { "texture": "#horn", "uv": [ 106.0, 45.5, 106.5, 46.0 ], "rotation": 90 },
																				"south": { "texture": "#horn", "uv": [ 106.0, 46.0, 106.5, 47.0 ], "rotation": 90 },
																				"up": { "texture": "#horn", "uv": [ 105.5, 46.0, 106.0, 47.0 ], "rotation": 90 },
																				"down": { "texture": "#horn", "uv": [ 106.5, 46.0, 107.0, 47.0 ], "rotation": 270, "windMode": [-1,-1,-1,-1], "windData": [1,1,1,1] }
																			}
																		}
																	]
																}
															]
														}
													]
												}
											]
										}
									]
								}
							]
						}
					]
				}
			]
		},
		{
			"name": "L Antler01",
			"stepParentName": "AntlerBase",
			"from": [ 0.7, -1.3, 0.2 ],
			"to": [ 2.9, 0.5, 2.0 ],
			"unwrapMode": 5,
			"unwrapRotation": 1,
			"uv": [ 101.5, 61.0 ],
			"rotationOrigin": [ 0.7, -0.5, 1.1 ],
			"rotationY": -10.0,
			"rotationZ": 8.0,
			"faces": {
				"north": { "texture": "#horn", "uv": [ 101.5, 62.5, 103.0, 64.5 ], "rotation": 270 },
				"east": { "texture": "#horn", "uv": [ 103.0, 61.0, 104.5, 62.5 ], "rotation": 180 },
				"south": { "texture": "#horn", "uv": [ 104.5, 62.5, 106.0, 64.5 ], "rotation": 90 },
				"up": { "texture": "#horn", "uv": [ 103.0, 62.5, 104.5, 64.5 ], "rotation": 90 },
				"down": { "texture": "#horn", "uv": [ 106.0, 62.5, 107.5, 64.5 ], "rotation": 270, "windMode": [-1,-1,-1,-1], "windData": [1,1,1,1] }
			},
			"children": [
				{
					"name": "L Antler02",
					"from": [ 2.1, 0.0, 0.15 ],
					"to": [ 4.3, 1.8, 1.65 ],
					"unwrapMode": 5,
					"unwrapRotation": 1,
					"uv": [ 101.5, 59.0 ],
					"rotationOrigin": [ 2.1, 0.9, 0.9 ],
					"rotationX": 15.0,
					"rotationY": -10.0,
					"rotationZ": 2.0,
					"faces": {
						"north": { "texture": "#horn", "uv": [ 101.5, 60.5, 103.0, 62.5 ], "rotation": 270 },
						"east": { "texture": "#horn", "uv": [ 103.0, 59.0, 104.5, 60.5 ], "rotation": 180 },
						"south": { "texture": "#horn", "uv": [ 104.5, 60.5, 106.0, 62.5 ], "rotation": 90 },
						"up": { "texture": "#horn", "uv": [ 103.0, 60.5, 104.5, 62.5 ], "rotation": 90 },
						"down": { "texture": "#horn", "uv": [ 106.0, 60.5, 107.5, 62.5 ], "rotation": 270, "windMode": [-1,-1,-1,-1], "windData": [1,1,1,1] }
					},
					"children": [
						{
							"name": "L Antler03",
							"from": [ 2.0, 0.1, 0.1 ],
							"to": [ 4.5, 1.7, 1.4 ],
							"unwrapMode": 5,
							"unwrapRotation": 1,
							"uv": [ 101.5, 56.5 ],
							"rotationOrigin": [ 2.0, 0.9, 0.75 ],
							"rotationX": 15.0,
							"rotationZ": -2.0,
							"faces": {
								"north": { "texture": "#horn", "uv": [ 101.5, 58.0, 103.0, 60.5 ], "rotation": 270 },
								"east": { "texture": "#horn", "uv": [ 103.0, 56.5, 104.0, 58.0 ], "rotation": 180 },
								"south": { "texture": "#horn", "uv": [ 104.0, 58.0, 105.5, 60.5 ], "rotation": 90 },
								"up": { "texture": "#horn", "uv": [ 103.0, 58.0, 104.0, 60.5 ], "rotation": 90 },
								"down": { "texture": "#horn", "uv": [ 105.5, 58.0, 106.5, 60.5 ], "rotation": 270, "windMode": [-1,-1,-1,-1], "windData": [1,1,1,1] }
							},
							"children": [
								{
									"name": "L Antler04",
									"from": [ 2.2, 0.05, 0.05 ],
									"to": [ 4.7, 1.55, 1.25 ],
									"unwrapMode": 5,
									"unwrapRotation": 1,
									"uv": [ 101.5, 54.0 ],
									"rotationOrigin": [ 2.2, 0.8, 0.65 ],
									"rotationX": 5.0,
									"rotationY": -5.0,
									"rotationZ": 2.0,
									"faces": {
										"north": { "texture": "#horn", "uv": [ 101.5, 55.5, 103.0, 58.0 ], "rotation": 270 },
										"east": { "texture": "#horn", "uv": [ 103.0, 54.0, 104.0, 55.5 ], "rotation": 180 },
										"south": { "texture": "#horn", "uv": [ 104.0, 55.5, 105.5, 58.0 ], "rotation": 90 },
										"up": { "texture": "#horn", "uv": [ 103.0, 55.5, 104.0, 58.0 ], "rotation": 90 },
										"down": { "texture": "#horn", "uv": [ 105.5, 55.5, 106.5, 58.0 ], "rotation": 270, "windMode": [-1,-1,-1,-1], "windData": [1,1,1,1] }
									},
									"children": [
										{
											"name": "L Antler05",
											"from": [ 2.2, 0.1, 0.1 ],
											"to": [ 4.7, 1.4, 1.1 ],
											"unwrapMode": 5,
											"unwrapRotation": 1,
											"uv": [ 101.5, 52.0 ],
											"rotationOrigin": [ 2.2, 0.75, 0.6 ],
											"rotationX": 5.0,
											"rotationY": -5.0,
											"rotationZ": -2.0,
											"faces": {
												"north": { "texture": "#horn", "uv": [ 101.5, 53.0, 102.5, 55.5 ], "rotation": 270 },
												"east": { "texture": "#horn", "uv": [ 102.5, 52.0, 103.5, 53.0 ], "rotation": 180 },
												"south": { "texture": "#horn", "uv": [ 103.5, 53.0, 104.5, 55.5 ], "rotation": 90 },
												"up": { "texture": "#horn", "uv": [ 102.5, 53.0, 103.5, 55.5 ], "rotation": 90 },
												"down": { "texture": "#horn", "uv": [ 104.5, 53.0, 105.5, 55.5 ], "rotation": 270, "windMode": [-1,-1,-1,-1], "windData": [1,1,1,1] }
											},
											"children": [
												{
													"name": "L Antler06",
													"from": [ 2.2, 0.15, 0.05 ],
													"to": [ 5.5, 1.15, 0.95 ],
													"unwrapMode": 5,
													"unwrapRotation": 1,
													"uv": [ 101.5, 49.0 ],
													"rotationOrigin": [ 2.2, 0.65, 0.5 ],
													"rotationX": 5.0,
													"rotationY": -5.0,
													"rotationZ": -4.0,
													"faces": {
														"north": { "texture": "#horn", "uv": [ 101.5, 50.0, 102.5, 53.0 ], "rotation": 270 },
														"east": { "texture": "#horn", "uv": [ 102.5, 49.0, 103.0, 50.0 ], "rotation": 180 },
														"south": { "texture": "#horn", "uv": [ 103.0, 50.0, 104.0, 53.0 ], "rotation": 90 },
														"up": { "texture": "#horn", "uv": [ 102.5, 50.0, 103.0, 53.0 ], "rotation": 90 },
														"down": { "texture": "#horn", "uv": [ 104.0, 50.0, 104.5, 53.0 ], "rotation": 270, "windMode": [-1,-1,-1,-1], "windData": [1,1,1,1] }
													},
													"children": [
														{
															"name": "L Antler07",
															"from": [ 3.0, 0.05, 0.1 ],
															"to": [ 4.5, 0.95, 0.8 ],
															"unwrapMode": 5,
															"unwrapRotation": 1,
															"uv": [ 101.5, 48.0 ],
															"rotationOrigin": [ 3.0, 0.5, 0.45 ],
															"rotationX": 15.0,
															"rotationY": 5.0,
															"rotationZ": -20.0,
															"faces": {
																"north": { "texture": "#horn", "uv": [ 101.5, 48.5, 102.0, 50.0 ], "rotation": 270 },
																"east": { "texture": "#horn", "uv": [ 102.0, 48.0, 102.5, 48.5 ], "rotation": 180 },
																"south": { "texture": "#horn", "uv": [ 102.5, 48.5, 103.0, 50.0 ], "rotation": 90 },
																"up": { "texture": "#horn", "uv": [ 102.0, 48.5, 102.5, 50.0 ], "rotation": 90 },
																"down": { "texture": "#horn", "uv": [ 103.0, 48.5, 103.5, 50.0 ], "rotation": 270, "windMode": [-1,-1,-1,-1], "windData": [1,1,1,1] }
															},
															"children": [
																{
																	"name": "L Antler08",
																	"from": [ 1.2, 0.1, 0.05 ],
																	"to": [ 2.7, 0.8, 0.65 ],
																	"unwrapMode": 5,
																	"unwrapRotation": 1,
																	"uv": [ 101.5, 46.5 ],
																	"rotationOrigin": [ 1.2, 0.45, 0.35 ],
																	"rotationX": 15.0,
																	"rotationY": 5.0,
																	"rotationZ": -12.0,
																	"faces": {
																		"north": { "texture": "#horn", "uv": [ 101.5, 47.0, 102.0, 48.5 ], "rotation": 270 },
																		"east": { "texture": "#horn", "uv": [ 102.0, 46.5, 102.5, 47.0 ], "rotation": 180 },
																		"south": { "texture": "#horn", "uv": [ 102.5, 47.0, 103.0, 48.5 ], "rotation": 90 },
																		"up": { "texture": "#horn", "uv": [ 102.0, 47.0, 102.5, 48.5 ], "rotation": 90 },
																		"down": { "texture": "#horn", "uv": [ 103.0, 47.0, 103.5, 48.5 ], "rotation": 270, "windMode": [-1,-1,-1,-1], "windData": [1,1,1,1] }
																	},
																	"children": [
																		{
																			"name": "L Antler09",
																			"from": [ 1.2, 0.05, 0.05 ],
																			"to": [ 2.2, 0.65, 0.55 ],
																			"unwrapMode": 5,
																			"unwrapRotation": 1,
																			"uv": [ 101.5, 45.5 ],
																			"rotationOrigin": [ 1.2, 0.35, 0.3 ],
																			"rotationX": 15.0,
																			"rotationY": 5.0,
																			"rotationZ": -5.0,
																			"faces": {
																				"north": { "texture": "#horn", "uv": [ 101.5, 46.0, 102.0, 47.0 ], "rotation": 270 },
																				"east": { "texture": "#horn", "uv": [ 102.0, 45.5, 102.5, 46.0 ], "rotation": 180 },
																				"south": { "texture": "#horn", "uv": [ 102.5, 46.0, 103.0, 47.0 ], "rotation": 90 },
																				"up": { "texture": "#horn", "uv": [ 102.0, 46.0, 102.5, 47.0 ], "rotation": 90 },
																				"down": { "texture": "#horn", "uv": [ 103.0, 46.0, 103.5, 47.0 ], "rotation": 270, "windMode": [-1,-1,-1,-1], "windData": [1,1,1,1] }
																			}
																		}
																	]
																}
															]
														}
													]
												}
											]
										}
									]
								}
							]
						}
					]
				}
			]
		}
	],
	"animations": [
	]
}