{
  "editor": {
    "allAngles": false,
    "entityTextureMode": false
  },
  "textureWidth": 16,
  "textureHeight": 16,
  "textureSizes": {},
  "textures": {
    "s3": "cropsv2:block/plant/crop/sugarbeet/s3",
    "bulb": "cropsv2:block/plant/crop/sugarbeet/bulb",
    "e3": "cropsv2:block/plant/crop/sugarbeet/e3"
  },
  "elements": [
    {
      "name": "sugarbeet 1",
      "from": [3.5, 0.0, 6.5],
      "to": [5.5, 0.5, 8.5],
      "rotationOrigin": [4.5, 0.0, 7.5],
      "rotationY": 22.5,
      "faces": {
        "north": {
          "texture": "#bulb",
          "uv": [4.0, 15.0, 6.0, 15.5],
          "enabled": false
        },
        "east": {
          "texture": "#bulb",
          "uv": [11.0, 15.0, 13.0, 15.5],
          "enabled": false
        },
        "south": {
          "texture": "#bulb",
          "uv": [7.0, 15.0, 9.0, 15.5],
          "enabled": false
        },
        "west": {
          "texture": "#bulb",
          "uv": [10.0, 15.0, 12.0, 15.5],
          "enabled": false
        },
        "up": {
          "texture": "#bulb",
          "uv": [8.0, 6.0, 10.0, 8.0],
          "enabled": false
        },
        "down": {
          "texture": "#bulb",
          "uv": [4.0, 3.0, 6.0, 5.0],
          "enabled": false
        }
      },
      "children": [
        {
          "name": "s 1",
          "from": [-4.5, -0.5, 1.0],
          "to": [6.5, 6.5, 1.0],
          "shade": false,
          "rotationOrigin": [1.0, 0.0, 1.0],
          "faces": {
            "north": {
              "texture": "#s3",
              "uv": [0.0, 0.0, 11.0, 7.0],
              "enabled": false
            },
            "east": {
              "texture": "#s3",
              "uv": [0.0, 0.0, 0.5, 7.0],
              "enabled": false
            },
            "south": {
              "texture": "#s3",
              "uv": [2.5, 8.0, 13.5, 15.0],
              "windMode": [0, 0, 2, 2]
            },
            "west": {
              "texture": "#s3",
              "uv": [0.0, 0.0, 0.5, 7.0],
              "enabled": false
            },
            "up": {
              "texture": "#s3",
              "uv": [0.0, 0.0, 11.0, 0.5],
              "enabled": false
            },
            "down": {
              "texture": "#s3",
              "uv": [0.0, 0.0, 11.0, 0.5],
              "enabled": false
            }
          }
        },
        {
          "name": "e 1",
          "from": [1.0, -0.5, -5.0],
          "to": [1.0, 7.5, 6.0],
          "shade": false,
          "rotationOrigin": [1.0, 0.0, 1.0],
          "faces": {
            "north": {
              "texture": "#e3",
              "uv": [0.0, 0.0, 0.5, 8.0],
              "enabled": false
            },
            "east": {
              "texture": "#e3",
              "uv": [3.0, 7.0, 14.0, 15.0],
              "windMode": [0, 2, 2, 0]
            },
            "south": {
              "texture": "#e3",
              "uv": [0.0, 0.0, 0.5, 8.0],
              "enabled": false
            },
            "west": {
              "texture": "#e3",
              "uv": [0.0, 0.0, 11.0, 8.0],
              "enabled": false
            },
            "up": {
              "texture": "#e3",
              "uv": [0.0, 0.0, 0.5, 11.0],
              "enabled": false
            },
            "down": {
              "texture": "#e3",
              "uv": [0.0, 0.0, 0.5, 11.0],
              "enabled": false
            }
          }
        }
      ]
    },
    {
      "name": "sugarbeet 2",
      "from": [10.4, 0.0, 7.1],
      "to": [12.4, 0.5, 9.1],
      "rotationOrigin": [11.5, 0.0, 8.5],
      "rotationY": -45.0,
      "faces": {
        "north": {
          "texture": "#bulb",
          "uv": [1.0, 14.5, 3.0, 15.0],
          "enabled": false
        },
        "east": {
          "texture": "#bulb",
          "uv": [6.0, 14.5, 8.0, 15.0],
          "enabled": false
        },
        "south": {
          "texture": "#bulb",
          "uv": [11.0, 14.5, 13.0, 15.0],
          "enabled": false
        },
        "west": {
          "texture": "#bulb",
          "uv": [1.0, 14.5, 3.0, 15.0],
          "enabled": false
        },
        "up": {
          "texture": "#bulb",
          "uv": [8.0, 4.0, 10.0, 6.0],
          "enabled": false
        },
        "down": {
          "texture": "#bulb",
          "uv": [4.0, 3.0, 6.0, 5.0],
          "enabled": false
        }
      },
      "children": [
        {
          "name": "s 2",
          "from": [-3.7, 0.0, 1.0],
          "to": [7.3, 7.0, 1.0],
          "shade": false,
          "rotationOrigin": [0.7, 0.0, 0.7],
          "faces": {
            "north": {
              "texture": "#null",
              "uv": [0.0, 0.0, 11.0, 7.0],
              "enabled": false
            },
            "east": {
              "texture": "#null",
              "uv": [0.0, 0.0, 0.5, 7.0],
              "enabled": false
            },
            "south": {
              "texture": "#s3",
              "uv": [3.5, 8.0, 14.5, 15.0],
              "windMode": [0, 0, 2, 2]
            },
            "west": {
              "texture": "#null",
              "uv": [0.0, 0.0, 0.5, 7.0],
              "enabled": false
            },
            "up": {
              "texture": "#null",
              "uv": [0.0, 0.0, 11.0, 0.5],
              "enabled": false
            },
            "down": {
              "texture": "#null",
              "uv": [0.0, 0.0, 11.0, 0.5],
              "enabled": false
            }
          }
        },
        {
          "name": "e 2",
          "from": [0.8, 0.0, -3.5],
          "to": [0.8, 8.0, 5.5],
          "shade": false,
          "rotationOrigin": [0.7, 0.0, 0.7],
          "faces": {
            "north": {
              "texture": "#null",
              "uv": [0.0, 0.0, 0.5, 8.0],
              "enabled": false
            },
            "east": {
              "texture": "#e3",
              "uv": [3.5, 7.0, 12.5, 15.0],
              "windMode": [0, 2, 2, 0]
            },
            "south": {
              "texture": "#null",
              "uv": [0.0, 0.0, 0.5, 8.0],
              "enabled": false
            },
            "west": {
              "texture": "#null",
              "uv": [0.0, 0.0, 9.0, 8.0],
              "enabled": false
            },
            "up": {
              "texture": "#null",
              "uv": [0.0, 0.0, 0.5, 9.0],
              "enabled": false
            },
            "down": {
              "texture": "#null",
              "uv": [0.0, 0.0, 0.5, 9.0],
              "enabled": false
            }
          }
        },
        {
          "name": "tip",
          "from": [0.05, 0.0, 0.26],
          "to": [1.55, 0.5, 1.76],
          "faces": {
            "north": {
              "texture": "#bulb",
              "uv": [14.5, 0.5, 16.0, 1.0],
              "windMode": [0, 0, 0, 0]
            },
            "east": {
              "texture": "#bulb",
              "uv": [12.5, 8.5, 14.0, 9.0],
              "windMode": [0, 0, 0, 0]
            },
            "south": {
              "texture": "#bulb",
              "uv": [8.5, 0.5, 10.0, 1.0],
              "windMode": [0, 0, 0, 0]
            },
            "west": {
              "texture": "#bulb",
              "uv": [7.5, 10.0, 9.0, 10.5],
              "windMode": [0, 0, 0, 0]
            },
            "up": {
              "texture": "#bulb",
              "uv": [5.0, 0.0, 6.5, 1.5],
              "windMode": [0, 0, 0, 0]
            },
            "down": {
              "texture": "#bulb",
              "uv": [0.0, 0.0, 1.5, 1.5],
              "enabled": false
            }
          }
        }
      ]
    }
  ]
}
