{
  "code": "guitar-overdrive",
  "class": "instrumentssbc:overdriveGuitarClass",
  "behaviors": [
    {
      "name": "GroundStorable",
      "properties": {
        "layout": "WallHalves",
        "wallOffY": 2,
        "ctrlKey": true,
        "selectionBox": {
          "x1": 0,
          "y1": 0,
          "z1": 0,
          "x2": 1,
          "y2": 0.1,
          "z2": 1
        },
        "collisionBox": {
          "x1": 0,
          "y1": 0,
          "z1": 0,
          "x2": 0,
          "y2": 0,
          "z2": 0
        }
      }
    }
  ],

  "shape": { "base": "item/instrument/guitar/guitar-overdrive" },
  "attributes": {
    "rackable": true,
    "toolrackTransform": {
      "rotation": { "z": 180 },
      "translation": { "y": -0.4 },
      "scale": 1.25
    }
  },
  "creativeinventory": {
    "general": [ "*" ],
    "items": [ "*" ],
    "instruments-sbc": [ "*" ]
  },
  "tpHandTransform": {
    "translation": {
      "x": -1.1,
      "y": -0.6,
      "z": -1.15
    },
    "rotation": {
      "x": -93,
      "y": -4,
      "z": -2
    },
    "scale": 0.6
  },
  "guiTransform": {
    "translation": {
      "x": -15,
      "y": -12.86,
      "z": 30
    },
    "rotation": {
      "x": -40,
      "y": -139,
      "z": -159
    },
    "scaleXyz": {
      "x": -1.26,
      "y": 1.26,
      "z": 1.26
    }
  },
  "storageFlags": 2049,
  "heldTpUseAnimation": "holdbothhandslarge"
}