{
	"editor": {
		"backDropShape": "entity/animal/mammal/hooved/odocoileini/hippocamelusantisensis/adult",
		"allAngles": true,
		"entityTextureMode": true
	},
	"textureWidth": 44,
	"textureHeight": 60,
	"textureSizes": {
		"skin": [44,60]
	},
	"textures": {
		"skin": "entity/animal/mammal/hooved/odocoileini/hippocamelusantisensis-adult"
	},
	"elements": [
		{
			"name": "Horn attachment",
			"stepParentName": "head",
			"from": [ 0.0, 3.5, 1.25 ],
			"to": [ 0.9, 4.4, 2.15 ],
			"uv": [ 0.0, 0.0 ],
			"rotationOrigin": [ 0.0, 3.5, 1.25 ],
			"rotationZ": -22.0,
			"faces": {
			},
			"children": [
				{
					"name": "R antler base",
					"from": [ 0.1, -0.1, -1.2 ],
					"to": [ 0.6, 0.9, -0.7 ],
					"unwrapMode": 4,
					"uv": [ 32.5, 47.0 ],
					"rotationOrigin": [ 0.1, 0.7, -0.6 ],
					"rotationY": -25.0,
					"rotationZ": 25.0,
					"faces": {
						"north": { "texture": "#skin", "uv": [ 32.5, 47.5, 33.0, 48.5 ] },
						"east": { "texture": "#skin", "uv": [ 34.0, 47.5, 34.5, 48.5 ] },
						"south": { "texture": "#skin", "uv": [ 33.5, 47.5, 34.0, 48.5 ] },
						"west": { "texture": "#skin", "uv": [ 33.0, 47.5, 33.5, 48.5 ] },
						"up": { "texture": "#skin", "uv": [ 33.0, 47.0, 33.5, 47.5 ], "rotation": 90 }
					},
					"children": [
						{
							"name": "R antler branch 1",
							"from": [ 0.05, 1.0, 0.05 ],
							"to": [ 0.45, 3.5, 0.45 ],
							"unwrapMode": 4,
							"uv": [ 32.5, 45.0 ],
							"rotationOrigin": [ 0.05, 1.0, 0.45 ],
							"rotationZ": -15.0,
							"faces": {
								"north": { "texture": "#skin", "uv": [ 32.5, 45.5, 33.0, 48.0 ] },
								"east": { "texture": "#skin", "uv": [ 34.0, 45.5, 34.5, 48.0 ] },
								"south": { "texture": "#skin", "uv": [ 33.5, 45.5, 34.0, 48.0 ] },
								"west": { "texture": "#skin", "uv": [ 33.0, 45.5, 33.5, 48.0 ] },
								"up": { "texture": "#skin", "uv": [ 33.0, 45.0, 33.5, 45.5 ], "rotation": 90 }
							}
						},
						{
							"name": "R antler branch 2",
							"from": [ 0.0, 0.7, 0.051 ],
							"to": [ 0.4, 2.2, 0.451 ],
							"unwrapMode": 4,
							"uv": [ 32.5, 39.0 ],
							"rotationOrigin": [ 0.0, 0.7, 0.05 ],
							"rotationY": 1.0,
							"rotationZ": 45.0,
							"faces": {
								"north": { "texture": "#skin", "uv": [ 32.5, 39.5, 33.0, 41.0 ] },
								"east": { "texture": "#skin", "uv": [ 34.0, 39.5, 34.5, 41.0 ] },
								"south": { "texture": "#skin", "uv": [ 33.5, 39.5, 34.0, 41.0 ] },
								"west": { "texture": "#skin", "uv": [ 33.0, 39.5, 33.5, 41.0 ] },
								"up": { "texture": "#skin", "uv": [ 33.0, 39.0, 33.5, 39.5 ], "rotation": 90 }
							}
						}
					]
				},
				{
					"name": "L antler base",
					"from": [ 0.1, -0.1, 0.6 ],
					"to": [ 0.6, 0.9, 1.1 ],
					"unwrapMode": 4,
					"uv": [ 30.5, 47.0 ],
					"rotationOrigin": [ 0.1, 0.7, 0.6 ],
					"rotationY": 25.0,
					"rotationZ": 25.0,
					"faces": {
						"north": { "texture": "#skin", "uv": [ 30.5, 47.5, 31.0, 48.5 ] },
						"east": { "texture": "#skin", "uv": [ 32.0, 47.5, 32.5, 48.5 ] },
						"south": { "texture": "#skin", "uv": [ 31.5, 47.5, 32.0, 48.5 ] },
						"west": { "texture": "#skin", "uv": [ 31.0, 47.5, 31.5, 48.5 ] },
						"up": { "texture": "#skin", "uv": [ 31.0, 47.0, 31.5, 47.5 ], "rotation": 90, "windMode": [-1,-1,-1,-1], "windData": [1,1,1,1] }
					},
					"children": [
						{
							"name": "L antler branch 1",
							"from": [ 0.1, 1.0, 0.05 ],
							"to": [ 0.5, 3.5, 0.45 ],
							"unwrapMode": 4,
							"uv": [ 30.5, 45.0 ],
							"rotationOrigin": [ 0.1, 1.0, 0.105 ],
							"rotationZ": -15.0,
							"faces": {
								"north": { "texture": "#skin", "uv": [ 30.5, 45.5, 31.0, 48.0 ] },
								"east": { "texture": "#skin", "uv": [ 32.0, 45.5, 32.5, 48.0 ] },
								"south": { "texture": "#skin", "uv": [ 31.5, 45.5, 32.0, 48.0 ] },
								"west": { "texture": "#skin", "uv": [ 31.0, 45.5, 31.5, 48.0 ] },
								"up": { "texture": "#skin", "uv": [ 31.0, 45.0, 31.5, 45.5 ], "rotation": 90 }
							}
						},
						{
							"name": "L antlerbranch 2",
							"from": [ 0.0, 0.7, 0.05 ],
							"to": [ 0.4, 2.2, 0.45 ],
							"unwrapMode": 4,
							"uv": [ 30.5, 39.0 ],
							"rotationOrigin": [ 0.0, 0.7, 0.05 ],
							"rotationY": -1.0,
							"rotationZ": 45.0,
							"faces": {
								"north": { "texture": "#skin", "uv": [ 30.5, 39.5, 31.0, 41.0 ] },
								"east": { "texture": "#skin", "uv": [ 32.0, 39.5, 32.5, 41.0 ] },
								"south": { "texture": "#skin", "uv": [ 31.5, 39.5, 32.0, 41.0 ] },
								"west": { "texture": "#skin", "uv": [ 31.0, 39.5, 31.5, 41.0 ] },
								"up": { "texture": "#skin", "uv": [ 31.0, 39.0, 31.5, 39.5 ], "rotation": 90 }
							}
						}
					]
				}
			]
		}
	]
}