{
  "editor": {
    "allAngles": false,
    "entityTextureMode": false
  },
  "textureWidth": 16,
  "textureHeight": 16,
  "textureSizes": {},
  "textures": {
    "flaxbread": "game:item/food/grain/flaxbread"
  },
  "elements": [
    {
      "name": "muffin",
      "from": [4.75, 0.0, 7.0],
      "to": [7.25, 1.5, 9.5],
      "rotationOrigin": [6.5, 0.0, 9.5],
      "faces": {
        "north": { "texture": "#flaxbread", "uv": [6.0, 10.0, 8.5, 11.5] },
        "east": { "texture": "#flaxbread", "uv": [6.0, 11.0, 8.5, 12.5] },
        "south": { "texture": "#flaxbread", "uv": [8.5, 11.5, 11.0, 13.0] },
        "west": { "texture": "#flaxbread", "uv": [5.5, 12.0, 8.0, 13.5] },
        "up": { "texture": "#flaxbread", "uv": [1.0, 10.0, 3.5, 12.5] },
        "down": { "texture": "#flaxbread", "uv": [5.5, 10.0, 8.0, 12.5] }
      },
      "children": [
        {
          "name": "muffin top1",
          "from": [-0.5, 1.5, -0.5],
          "to": [3.0, 2.5, 3.0],
          "rotationOrigin": [-1.0, 0.0, -1.0],
          "faces": {
            "north": { "texture": "#flaxbread", "uv": [2.0, 10.0, 5.5, 11.0] },
            "east": {
              "texture": "#flaxbread",
              "uv": [7.0, 11.5, 8.0, 15.0],
              "rotation": 90
            },
            "south": { "texture": "#flaxbread", "uv": [1.0, 10.5, 4.5, 11.5] },
            "west": {
              "texture": "#flaxbread",
              "uv": [4.5, 10.5, 5.5, 14.0],
              "rotation": 90
            },
            "up": { "texture": "#flaxbread", "uv": [5.0, 11.0, 8.5, 14.5] },
            "down": { "texture": "#flaxbread", "uv": [12.0, 11.5, 15.5, 15.0] }
          }
        },
        {
          "name": "muffin top2",
          "from": [0.0, 2.5, 0.0],
          "to": [2.5, 3.0, 2.5],
          "rotationOrigin": [-0.5, 1.0, -0.5],
          "faces": {
            "north": { "texture": "#flaxbread", "uv": [2.0, 10.0, 4.5, 10.5] },
            "east": {
              "texture": "#flaxbread",
              "uv": [1.0, 10.5, 1.5, 13.0],
              "rotation": 90
            },
            "south": { "texture": "#flaxbread", "uv": [2.5, 8.5, 5.0, 9.0] },
            "west": {
              "texture": "#flaxbread",
              "uv": [4.5, 10.5, 5.0, 13.0],
              "rotation": 90
            },
            "up": { "texture": "#flaxbread", "uv": [2.5, 11.5, 5.0, 14.0] },
            "down": {
              "texture": "#flaxbread",
              "uv": [5.0, 2.0, 7.5, 4.5],
              "enabled": false
            }
          }
        }
      ]
    },
    {
      "name": "muffin4",
      "from": [8.75, 0.0, 7.0],
      "to": [11.25, 1.5, 9.5],
      "rotationOrigin": [10.5, 0.0, 9.5],
      "faces": {
        "north": { "texture": "#flaxbread", "uv": [6.0, 10.0, 8.5, 11.5] },
        "east": { "texture": "#flaxbread", "uv": [6.0, 11.0, 8.5, 12.5] },
        "south": { "texture": "#flaxbread", "uv": [8.5, 11.5, 11.0, 13.0] },
        "west": { "texture": "#flaxbread", "uv": [5.5, 12.0, 8.0, 13.5] },
        "up": { "texture": "#flaxbread", "uv": [1.0, 10.0, 3.5, 12.5] },
        "down": { "texture": "#flaxbread", "uv": [5.5, 10.0, 8.0, 12.5] }
      },
      "children": [
        {
          "name": "muffin top5",
          "from": [-0.5, 1.5, -0.5],
          "to": [3.0, 2.5, 3.0],
          "rotationOrigin": [-1.0, 0.0, -1.0],
          "faces": {
            "north": { "texture": "#flaxbread", "uv": [2.0, 10.0, 5.5, 11.0] },
            "east": {
              "texture": "#flaxbread",
              "uv": [7.0, 11.5, 8.0, 15.0],
              "rotation": 90
            },
            "south": { "texture": "#flaxbread", "uv": [1.0, 10.5, 4.5, 11.5] },
            "west": {
              "texture": "#flaxbread",
              "uv": [4.5, 10.5, 5.5, 14.0],
              "rotation": 90
            },
            "up": { "texture": "#flaxbread", "uv": [5.0, 11.0, 8.5, 14.5] },
            "down": { "texture": "#flaxbread", "uv": [12.0, 11.5, 15.5, 15.0] }
          }
        },
        {
          "name": "muffin top6",
          "from": [0.0, 2.5, 0.0],
          "to": [2.5, 3.0, 2.5],
          "rotationOrigin": [-0.5, 1.0, -0.5],
          "faces": {
            "north": { "texture": "#flaxbread", "uv": [2.0, 10.0, 4.5, 10.5] },
            "east": {
              "texture": "#flaxbread",
              "uv": [1.0, 10.5, 1.5, 13.0],
              "rotation": 90
            },
            "south": { "texture": "#flaxbread", "uv": [2.5, 8.5, 5.0, 9.0] },
            "west": {
              "texture": "#flaxbread",
              "uv": [4.5, 10.5, 5.0, 13.0],
              "rotation": 90
            },
            "up": { "texture": "#flaxbread", "uv": [2.5, 11.5, 5.0, 14.0] },
            "down": {
              "texture": "#flaxbread",
              "uv": [5.0, 2.0, 7.5, 4.5],
              "enabled": false
            }
          }
        }
      ]
    }
  ]
}
