{
  "editor": {
    "allAngles": false,
    "entityTextureMode": false
  },
  "textureWidth": 16,
  "textureHeight": 16,
  "textureSizes": {},
  "textures": {
    "flaxbread": "game:item/food/grain/flaxbread"
  },
  "elements": [
    {
      "name": "muffin",
      "from": [4.75, 0.0, 7.0],
      "to": [7.25, 1.5, 9.5],
      "rotationOrigin": [6.5, 0.0, 9.5],
      "faces": {
        "north": { "texture": "#flaxbread", "uv": [1.0, 0.0, 3.5, 1.5] },
        "east": { "texture": "#flaxbread", "uv": [0.5, 5.5, 3.0, 7.0] },
        "south": { "texture": "#flaxbread", "uv": [5.0, 1.5, 7.5, 3.0] },
        "west": { "texture": "#flaxbread", "uv": [3.0, 5.5, 5.5, 7.0] },
        "up": { "texture": "#flaxbread", "uv": [2.5, 2.5, 5.0, 5.0] },
        "down": { "texture": "#flaxbread", "uv": [4.5, 3.5, 7.0, 6.0] }
      },
      "children": [
        {
          "name": "muffin top1",
          "from": [-0.5, 1.5, -0.5],
          "to": [3.0, 2.5, 3.0],
          "rotationOrigin": [-1.0, 0.0, -1.0],
          "faces": {
            "north": { "texture": "#flaxbread", "uv": [4.0, 0.5, 7.5, 1.5] },
            "east": {
              "texture": "#flaxbread",
              "uv": [1.0, 2.0, 2.0, 5.5],
              "rotation": 90
            },
            "south": { "texture": "#flaxbread", "uv": [2.0, 0.5, 5.5, 1.5] },
            "west": {
              "texture": "#flaxbread",
              "uv": [1.5, 3.0, 2.5, 6.5],
              "rotation": 90
            },
            "up": { "texture": "#flaxbread", "uv": [2.0, 2.0, 5.5, 5.5] },
            "down": { "texture": "#flaxbread", "uv": [2.0, 3.5, 5.5, 7.0] }
          }
        },
        {
          "name": "muffin top2",
          "from": [0.0, 2.5, 0.0],
          "to": [2.5, 3.0, 2.5],
          "rotationOrigin": [-0.5, 1.0, -0.5],
          "faces": {
            "north": { "texture": "#flaxbread", "uv": [3.0, 1.5, 5.5, 2.0] },
            "east": {
              "texture": "#flaxbread",
              "uv": [1.0, 3.0, 1.5, 5.5],
              "rotation": 90
            },
            "south": { "texture": "#flaxbread", "uv": [3.0, 0.5, 5.5, 1.0] },
            "west": {
              "texture": "#flaxbread",
              "uv": [5.0, 2.5, 5.5, 5.0],
              "rotation": 90
            },
            "up": { "texture": "#flaxbread", "uv": [2.5, 2.5, 5.0, 5.0] },
            "down": {
              "texture": "#flaxbread",
              "uv": [5.0, 2.0, 7.5, 4.5],
              "enabled": false
            }
          }
        }
      ]
    },
    {
      "name": "muffin7",
      "from": [8.75, 0.0, 7.0],
      "to": [11.25, 1.5, 9.5],
      "rotationOrigin": [10.5, 0.0, 9.5],
      "faces": {
        "north": { "texture": "#flaxbread", "uv": [1.0, 0.0, 3.5, 1.5] },
        "east": { "texture": "#flaxbread", "uv": [0.5, 5.5, 3.0, 7.0] },
        "south": { "texture": "#flaxbread", "uv": [5.0, 1.5, 7.5, 3.0] },
        "west": { "texture": "#flaxbread", "uv": [3.0, 5.5, 5.5, 7.0] },
        "up": { "texture": "#flaxbread", "uv": [2.5, 2.5, 5.0, 5.0] },
        "down": { "texture": "#flaxbread", "uv": [4.5, 3.5, 7.0, 6.0] }
      },
      "children": [
        {
          "name": "muffin top8",
          "from": [-0.5, 1.5, -0.5],
          "to": [3.0, 2.5, 3.0],
          "rotationOrigin": [-1.0, 0.0, -1.0],
          "faces": {
            "north": { "texture": "#flaxbread", "uv": [4.0, 0.5, 7.5, 1.5] },
            "east": {
              "texture": "#flaxbread",
              "uv": [1.0, 2.0, 2.0, 5.5],
              "rotation": 90
            },
            "south": { "texture": "#flaxbread", "uv": [2.0, 0.5, 5.5, 1.5] },
            "west": {
              "texture": "#flaxbread",
              "uv": [1.5, 3.0, 2.5, 6.5],
              "rotation": 90
            },
            "up": { "texture": "#flaxbread", "uv": [2.0, 2.0, 5.5, 5.5] },
            "down": { "texture": "#flaxbread", "uv": [2.0, 3.5, 5.5, 7.0] }
          }
        },
        {
          "name": "muffin top9",
          "from": [0.0, 2.5, 0.0],
          "to": [2.5, 3.0, 2.5],
          "rotationOrigin": [-0.5, 1.0, -0.5],
          "faces": {
            "north": { "texture": "#flaxbread", "uv": [3.0, 1.5, 5.5, 2.0] },
            "east": {
              "texture": "#flaxbread",
              "uv": [1.0, 3.0, 1.5, 5.5],
              "rotation": 90
            },
            "south": { "texture": "#flaxbread", "uv": [3.0, 0.5, 5.5, 1.0] },
            "west": {
              "texture": "#flaxbread",
              "uv": [5.0, 2.5, 5.5, 5.0],
              "rotation": 90
            },
            "up": { "texture": "#flaxbread", "uv": [2.5, 2.5, 5.0, 5.0] },
            "down": {
              "texture": "#flaxbread",
              "uv": [5.0, 2.0, 7.5, 4.5],
              "enabled": false
            }
          }
        }
      ]
    }
  ]
}
