{
	"editor": {
		"collapsedPaths": ",Root/W,Root/lid",
		"allAngles": false,
		"entityTextureMode": false
	},
	"textureWidth": 16,
	"textureHeight": 16,
	"textureSizes": {
	},
	"textures": {
		"metal": "game:block/metal/ingot/zinc",
		"wood": "game:block/wood/planks/oak1"
	},
	"elements": [
		{
			"name": "N",
			"from": [ 4.0, 0.0, 4.0 ],
			"to": [ 12.0, 5.0, 5.0 ],
			"faces": {
				"north": { "texture": "#wood", "uv": [ 3.5, 7.0, 8.5, 15.0 ], "rotation": 90 },
				"east": { "texture": "#wood", "uv": [ 11.0, 5.0, 16.0, 6.0 ], "rotation": 90 },
				"south": { "texture": "#wood", "uv": [ 4.0, 3.0, 9.0, 11.0 ], "rotation": 90 },
				"west": { "texture": "#wood", "uv": [ 3.0, 4.0, 8.0, 5.0 ], "rotation": 90 },
				"up": { "texture": "#wood", "uv": [ 2.0, 0.0, 3.0, 8.0 ], "rotation": 90 },
				"down": { "texture": "#wood", "uv": [ 1.0, 2.5, 2.0, 10.5 ], "rotation": 90 }
			}
		},
		{
			"name": "S",
			"from": [ 4.0, 0.0, 11.0 ],
			"to": [ 12.0, 5.0, 12.0 ],
			"faces": {
				"north": { "texture": "#wood", "uv": [ 4.0, 3.0, 12.0, 8.0 ] },
				"east": { "texture": "#wood", "uv": [ 11.0, 11.0, 16.0, 12.0 ], "rotation": 90 },
				"south": { "texture": "#wood", "uv": [ 4.0, 4.0, 9.0, 12.0 ], "rotation": 90 },
				"west": { "texture": "#wood", "uv": [ 3.5, 2.0, 8.5, 3.0 ], "rotation": 90 },
				"up": { "texture": "#wood", "uv": [ 2.0, 0.0, 3.0, 8.0 ], "rotation": 90 },
				"down": { "texture": "#wood", "uv": [ 1.0, 2.0, 2.0, 10.0 ], "rotation": 90 }
			}
		},
		{
			"name": "W",
			"from": [ 4.0, 0.0, 5.0 ],
			"to": [ 5.0, 5.0, 11.0 ],
			"faces": {
				"north": { "texture": "#basket", "uv": [ 0.0, 0.0, 1.0, 5.0 ], "enabled": false },
				"east": { "texture": "#wood", "uv": [ 4.5, 2.0, 9.5, 8.0 ], "rotation": 90 },
				"south": { "texture": "#basket", "uv": [ 0.0, 0.0, 1.0, 5.0 ], "enabled": false },
				"west": { "texture": "#wood", "uv": [ 5.0, 10.0, 10.0, 16.0 ], "rotation": 90 },
				"up": { "texture": "#wood", "uv": [ 0.0, 0.0, 6.0, 1.0 ], "rotation": 90 },
				"down": { "texture": "#wood", "uv": [ 2.0, 2.5, 8.0, 3.5 ], "rotation": 90 }
			},
			"children": [
				{
					"name": "handle W",
					"from": [ 0.5, 1.0, 2.5 ],
					"to": [ 1.5, 7.5, 3.5 ],
					"faces": {
						"north": { "texture": "#metal", "uv": [ 4.0, 5.0, 5.0, 11.5 ] },
						"east": { "texture": "#metal", "uv": [ 4.0, 6.0, 5.0, 12.5 ] },
						"south": { "texture": "#metal", "uv": [ 4.0, 9.0, 5.0, 15.5 ] },
						"west": { "texture": "#metal", "uv": [ 4.0, 9.0, 5.0, 15.5 ] },
						"up": { "texture": "#metal", "uv": [ 4.0, 5.0, 5.0, 6.0 ] },
						"down": { "texture": "#basket", "uv": [ 0.0, 0.0, 1.0, 1.0 ], "enabled": false }
					}
				},
				{
					"name": "handle E",
					"from": [ 6.5, 1.0, 2.5 ],
					"to": [ 7.5, 7.5, 3.5 ],
					"faces": {
						"north": { "texture": "#metal", "uv": [ 4.0, 5.0, 5.0, 11.5 ] },
						"east": { "texture": "#metal", "uv": [ 4.0, 6.0, 5.0, 12.5 ] },
						"south": { "texture": "#metal", "uv": [ 4.0, 9.0, 5.0, 15.5 ] },
						"west": { "texture": "#metal", "uv": [ 4.0, 9.0, 5.0, 15.5 ] },
						"up": { "texture": "#metal", "uv": [ 4.0, 5.0, 5.0, 6.0 ] },
						"down": { "texture": "#basket", "uv": [ 0.0, 0.0, 1.0, 1.0 ], "enabled": false }
					}
				},
				{
					"name": "handle up",
					"from": [ 1.5, 6.5, 2.5 ],
					"to": [ 6.5, 7.5, 3.5 ],
					"rotationOrigin": [ 0.0, -1.0, 0.0 ],
					"faces": {
						"north": { "texture": "#metal", "uv": [ 4.0, 5.0, 9.0, 6.0 ] },
						"east": { "texture": "#metal", "uv": [ 4.0, 6.0, 5.0, 7.0 ] },
						"south": { "texture": "#metal", "uv": [ 4.0, 9.0, 9.0, 10.0 ] },
						"west": { "texture": "#metal", "uv": [ 4.0, 9.0, 5.0, 10.0 ] },
						"up": { "texture": "#metal", "uv": [ 4.0, 5.0, 9.0, 6.0 ] },
						"down": { "texture": "#metal", "uv": [ 0.0, 0.0, 5.0, 1.0 ] }
					}
				}
			]
		},
		{
			"name": "E",
			"from": [ 11.0, 0.0, 5.0 ],
			"to": [ 12.0, 5.0, 11.0 ],
			"faces": {
				"north": { "texture": "#basket", "uv": [ 0.0, 0.0, 1.0, 5.0 ], "enabled": false },
				"east": { "texture": "#wood", "uv": [ 5.0, 5.0, 10.0, 11.0 ], "rotation": 90 },
				"south": { "texture": "#basket", "uv": [ 0.0, 0.0, 1.0, 5.0 ], "enabled": false },
				"west": { "texture": "#wood", "uv": [ 5.0, 2.0, 10.0, 8.0 ], "rotation": 90 },
				"up": { "texture": "#wood", "uv": [ 9.0, 0.0, 15.0, 1.0 ], "rotation": 90 },
				"down": { "texture": "#wood", "uv": [ 5.0, 2.5, 11.0, 3.5 ], "rotation": 90 }
			}
		},
		{
			"name": "floor",
			"from": [ 5.0, 0.0, 5.0 ],
			"to": [ 11.0, 1.0, 11.0 ],
			"faces": {
				"north": { "texture": "#basket", "uv": [ 0.0, 0.0, 6.0, 1.0 ], "enabled": false },
				"east": { "texture": "#basket", "uv": [ 0.0, 0.0, 6.0, 1.0 ], "enabled": false },
				"south": { "texture": "#basket", "uv": [ 0.0, 0.0, 6.0, 1.0 ], "enabled": false },
				"west": { "texture": "#basket", "uv": [ 0.0, 0.0, 6.0, 1.0 ], "enabled": false },
				"up": { "texture": "#wood", "uv": [ 5.0, 5.0, 11.0, 11.0 ] },
				"down": { "texture": "#wood", "uv": [ 5.0, 10.0, 11.0, 16.0 ] }
			}
		},
		{
			"name": "lid",
			"from": [ 3.5, 5.0, 4.0 ],
			"to": [ 12.5, 6.0, 12.5 ],
			"rotationOrigin": [ 0.0, 5.0, 0.5 ],
			"faces": {
				"north": { "texture": "#wood", "uv": [ 0.0, 0.0, 9.0, 1.0 ], "windMode": [-1,-1,-1,-1] },
				"east": { "texture": "#wood", "uv": [ 0.0, 0.0, 8.5, 1.0 ], "windMode": [-1,-1,-1,-1] },
				"south": { "texture": "#wood", "uv": [ 0.0, 0.0, 9.0, 1.0 ], "windMode": [-1,-1,-1,-1] },
				"west": { "texture": "#wood", "uv": [ 0.0, 0.0, 8.5, 1.0 ], "windMode": [-1,-1,-1,-1] },
				"up": { "texture": "#wood", "uv": [ 5.0, 4.5, 14.0, 13.0 ] },
				"down": { "texture": "#wood", "uv": [ 4.5, 4.0, 13.5, 12.5 ], "windMode": [-1,-1,-1,-1] }
			},
			"children": [
				{
					"name": "hinge1",
					"from": [ 1.0, -0.5, -0.5 ],
					"to": [ 3.0, 0.5, 0.0 ],
					"rotationOrigin": [ 1.0, 0.0, -1.0 ],
					"faces": {
						"north": { "texture": "#metal", "uv": [ 0.0, 0.0, 2.0, 1.0 ] },
						"east": { "texture": "#metal", "uv": [ 0.0, 0.0, 0.5, 1.0 ] },
						"south": { "texture": "#metal", "uv": [ 0.0, 0.0, 2.0, 1.0 ] },
						"west": { "texture": "#metal", "uv": [ 0.0, 0.0, 0.5, 1.0 ] },
						"up": { "texture": "#metal", "uv": [ 0.0, 0.0, 2.0, 0.5 ] },
						"down": { "texture": "#metal", "uv": [ 0.0, 0.0, 2.0, 0.5 ] }
					}
				},
				{
					"name": "hinge2",
					"from": [ 6.0, -0.5, -0.5 ],
					"to": [ 8.0, 0.5, 0.0 ],
					"rotationOrigin": [ 6.0, 0.0, -1.0 ],
					"faces": {
						"north": { "texture": "#metal", "uv": [ 0.0, 0.0, 2.0, 1.0 ] },
						"east": { "texture": "#metal", "uv": [ 0.0, 0.0, 0.5, 1.0 ] },
						"south": { "texture": "#metal", "uv": [ 0.0, 0.0, 2.0, 1.0 ] },
						"west": { "texture": "#metal", "uv": [ 0.0, 0.0, 0.5, 1.0 ] },
						"up": { "texture": "#metal", "uv": [ 0.0, 0.0, 2.0, 0.5 ] },
						"down": { "texture": "#metal", "uv": [ 0.0, 0.0, 2.0, 0.5 ] }
					}
				},
				{
					"name": "clasp",
					"from": [ 3.25, -1.0, 7.5 ],
					"to": [ 5.75, 0.5, 9.0 ],
					"rotationOrigin": [ 3.0, -1.0, 7.0 ],
					"faces": {
						"north": { "texture": "#metal", "uv": [ 0.0, 0.0, 2.5, 1.5 ] },
						"east": { "texture": "#metal", "uv": [ 0.0, 0.0, 1.5, 1.5 ] },
						"south": { "texture": "#metal", "uv": [ 0.0, 0.0, 2.5, 1.5 ] },
						"west": { "texture": "#metal", "uv": [ 0.0, 0.0, 1.5, 1.5 ] },
						"up": { "texture": "#metal", "uv": [ 0.0, 0.0, 2.5, 1.5 ] },
						"down": { "texture": "#metal", "uv": [ 0.0, 0.0, 2.5, 1.5 ] }
					}
				}
			]
		}
	]}