{
	"editor": {
		"collapsedPaths": ",Root/E,Root/W,Root/S,Root/N",
		"allAngles": false,
		"entityTextureMode": false
	},
	"textureWidth": 16,
	"textureHeight": 16,
	"textureSizes": {
	},
	"textures": {
		"color": "game:block/cloth/linen/normal1",
		"basket": "game:item/bag/basket/reed"
	},
	"elements": [
		{
			"name": "N",
			"from": [ 4.0, 0.0, 4.0 ],
			"to": [ 12.0, 5.0, 5.0 ],
			"faces": {
				"north": { "texture": "#basket", "uv": [ 3.5, 7.0, 11.5, 12.0 ] },
				"east": { "texture": "#basket", "uv": [ 11.0, 5.0, 12.0, 10.0 ] },
				"south": { "texture": "#color", "uv": [ 4.0, 3.0, 12.0, 8.0 ] },
				"west": { "texture": "#basket", "uv": [ 3.0, 4.0, 4.0, 9.0 ] },
				"up": { "texture": "#basket", "uv": [ 2.0, 0.0, 10.0, 1.0 ] },
				"down": { "texture": "#basket", "uv": [ 1.0, 2.5, 9.0, 3.5 ] }
			},
			"children": [
				{
					"name": "cloth",
					"from": [ 1.0, 3.4, -0.1 ],
					"to": [ 7.0, 5.1, 1.0 ],
					"rotationOrigin": [ -4.0, 3.4, -0.1 ],
					"rotationZ": 0.0,
					"faces": {
						"north": { "texture": "#color", "uv": [ 0.0, 0.0, 6.0, 1.5 ] },
						"east": { "texture": "#color", "uv": [ 0.0, 0.0, 1.0, 1.5 ] },
						"south": { "texture": "#color", "uv": [ 0.0, 0.0, 6.0, 1.5 ] },
						"west": { "texture": "#color", "uv": [ 0.0, 0.0, 1.0, 1.5 ] },
						"up": { "texture": "#color", "uv": [ 0.0, 0.0, 6.0, 1.0 ] },
						"down": { "texture": "#color", "uv": [ 0.0, 0.0, 6.0, 1.0 ] }
					}
				}
			]
		},
		{
			"name": "S",
			"from": [ 4.0, 0.0, 11.0 ],
			"to": [ 12.0, 5.0, 12.0 ],
			"faces": {
				"north": { "texture": "#color", "uv": [ 4.0, 3.0, 12.0, 8.0 ] },
				"east": { "texture": "#basket", "uv": [ 12.0, 11.0, 13.0, 16.0 ] },
				"south": { "texture": "#basket", "uv": [ 4.0, 4.0, 12.0, 9.0 ] },
				"west": { "texture": "#basket", "uv": [ 3.5, 2.0, 4.5, 7.0 ] },
				"up": { "texture": "#basket", "uv": [ 2.0, 0.0, 10.0, 1.0 ], "rotation": 180 },
				"down": { "texture": "#basket", "uv": [ 1.0, 2.0, 9.0, 3.0 ] }
			},
			"children": [
				{
					"name": "cloth2",
					"from": [ 1.0, 3.4, 0.0 ],
					"to": [ 7.0, 5.1, 1.2 ],
					"rotationOrigin": [ -4.0, 3.4, 0.0 ],
					"rotationZ": 0.0,
					"faces": {
						"north": { "texture": "#color", "uv": [ 0.0, 0.0, 6.0, 1.5 ] },
						"east": { "texture": "#color", "uv": [ 0.0, 0.0, 1.0, 1.5 ] },
						"south": { "texture": "#color", "uv": [ 0.0, 0.0, 6.0, 1.5 ] },
						"west": { "texture": "#color", "uv": [ 0.0, 0.0, 1.0, 1.5 ] },
						"up": { "texture": "#color", "uv": [ 0.0, 0.0, 6.0, 1.0 ] },
						"down": { "texture": "#color", "uv": [ 0.0, 0.0, 6.0, 1.0 ] }
					}
				}
			]
		},
		{
			"name": "W",
			"from": [ 4.0, 0.0, 5.0 ],
			"to": [ 5.0, 5.0, 11.0 ],
			"faces": {
				"north": { "texture": "#basket", "uv": [ 0.0, 0.0, 1.0, 5.0 ], "enabled": false },
				"east": { "texture": "#color", "uv": [ 4.5, 2.0, 10.5, 7.0 ] },
				"south": { "texture": "#basket", "uv": [ 0.0, 0.0, 1.0, 5.0 ], "enabled": false },
				"west": { "texture": "#basket", "uv": [ 5.0, 10.0, 11.0, 15.0 ] },
				"up": { "texture": "#basket", "uv": [ 0.0, 0.0, 6.0, 1.0 ], "rotation": 270 },
				"down": { "texture": "#basket", "uv": [ 2.0, 2.5, 8.0, 3.5 ], "rotation": 90 }
			},
			"children": [
				{
					"name": "handle W",
					"from": [ 0.5, 1.0, 2.5 ],
					"to": [ 1.5, 8.0, 3.5 ],
					"faces": {
						"north": { "texture": "#basket", "uv": [ 4.0, 5.0, 5.0, 12.0 ] },
						"east": { "texture": "#basket", "uv": [ 4.0, 6.0, 5.0, 13.0 ] },
						"south": { "texture": "#basket", "uv": [ 4.0, 9.0, 5.0, 16.0 ] },
						"west": { "texture": "#basket", "uv": [ 4.0, 9.0, 5.0, 16.0 ] },
						"up": { "texture": "#basket", "uv": [ 4.0, 5.0, 5.0, 6.0 ] },
						"down": { "texture": "#basket", "uv": [ 0.0, 0.0, 1.0, 1.0 ], "enabled": false }
					}
				},
				{
					"name": "handle E",
					"from": [ 6.5, 1.0, 2.5 ],
					"to": [ 7.5, 8.0, 3.5 ],
					"faces": {
						"north": { "texture": "#basket", "uv": [ 4.0, 5.0, 5.0, 12.0 ] },
						"east": { "texture": "#basket", "uv": [ 4.0, 6.0, 5.0, 13.0 ] },
						"south": { "texture": "#basket", "uv": [ 4.0, 9.0, 5.0, 16.0 ] },
						"west": { "texture": "#basket", "uv": [ 4.0, 9.0, 5.0, 16.0 ] },
						"up": { "texture": "#basket", "uv": [ 4.0, 5.0, 5.0, 6.0 ] },
						"down": { "texture": "#basket", "uv": [ 0.0, 0.0, 1.0, 1.0 ], "enabled": false }
					}
				},
				{
					"name": "handle up",
					"from": [ 1.5, 7.5, 2.5 ],
					"to": [ 6.5, 8.5, 3.5 ],
					"faces": {
						"north": { "texture": "#basket", "uv": [ 4.0, 5.0, 9.0, 6.0 ] },
						"east": { "texture": "#basket", "uv": [ 4.0, 6.0, 5.0, 7.0 ] },
						"south": { "texture": "#basket", "uv": [ 4.0, 9.0, 9.0, 10.0 ] },
						"west": { "texture": "#basket", "uv": [ 4.0, 9.0, 5.0, 10.0 ] },
						"up": { "texture": "#basket", "uv": [ 4.0, 5.0, 9.0, 6.0 ] },
						"down": { "texture": "#basket", "uv": [ 0.0, 0.0, 5.0, 1.0 ] }
					}
				},
				{
					"name": "cloth3",
					"from": [ -0.2, 3.4, -1.1 ],
					"to": [ 1.0, 5.1, 7.2 ],
					"rotationOrigin": [ -5.2, 3.4, -1.1 ],
					"rotationZ": 0.0,
					"faces": {
						"north": { "texture": "#color", "uv": [ 0.0, 0.0, 1.0, 1.5 ] },
						"east": { "texture": "#color", "uv": [ 0.0, 0.0, 8.0, 1.5 ] },
						"south": { "texture": "#color", "uv": [ 0.0, 0.0, 1.0, 1.5 ] },
						"west": { "texture": "#color", "uv": [ 0.0, 0.0, 8.0, 1.5 ] },
						"up": { "texture": "#color", "uv": [ 0.0, 0.0, 1.0, 8.0 ] },
						"down": { "texture": "#color", "uv": [ 0.0, 0.0, 1.0, 8.0 ] }
					}
				},
				{
					"name": "tie1",
					"from": [ -0.3, 4.7, 3.0 ],
					"to": [ -0.1, 5.2, 4.5 ],
					"rotationOrigin": [ -0.3, 4.95, 3.0 ],
					"rotationX": 45.0,
					"rotationY": -22.5,
					"rotationZ": 0.0,
					"faces": {
						"north": { "texture": "#color", "uv": [ 0.0, 0.0, 0.5, 0.5 ] },
						"east": { "texture": "#color", "uv": [ 0.0, 0.0, 1.5, 0.5 ] },
						"south": { "texture": "#color", "uv": [ 0.0, 0.0, 0.5, 0.5 ] },
						"west": { "texture": "#color", "uv": [ 0.0, 0.0, 1.5, 0.5 ] },
						"up": { "texture": "#color", "uv": [ 0.0, 0.0, 0.5, 1.5 ] },
						"down": { "texture": "#color", "uv": [ 0.0, 0.0, 0.5, 1.5 ] }
					}
				},
				{
					"name": "tie2",
					"from": [ -0.3, 4.7, 3.0 ],
					"to": [ -0.1, 5.2, 4.5 ],
					"rotationOrigin": [ -0.3, 4.95, 3.0 ],
					"rotationX": 135.0,
					"rotationY": -22.5,
					"rotationZ": 0.0,
					"faces": {
						"north": { "texture": "#color", "uv": [ 0.0, 0.0, 0.5, 0.5 ] },
						"east": { "texture": "#color", "uv": [ 0.0, 0.0, 1.5, 0.5 ] },
						"south": { "texture": "#color", "uv": [ 0.0, 0.0, 0.5, 0.5 ] },
						"west": { "texture": "#color", "uv": [ 0.0, 0.0, 1.5, 0.5 ] },
						"up": { "texture": "#color", "uv": [ 0.0, 0.0, 0.5, 1.5 ] },
						"down": { "texture": "#color", "uv": [ 0.0, 0.0, 0.5, 1.5 ] }
					}
				}
			]
		},
		{
			"name": "E",
			"from": [ 11.0, 0.0, 5.0 ],
			"to": [ 12.0, 5.0, 11.0 ],
			"faces": {
				"north": { "texture": "#basket", "uv": [ 0.0, 0.0, 1.0, 5.0 ], "enabled": false },
				"east": { "texture": "#basket", "uv": [ 5.0, 5.0, 11.0, 10.0 ] },
				"south": { "texture": "#basket", "uv": [ 0.0, 0.0, 1.0, 5.0 ], "enabled": false },
				"west": { "texture": "#color", "uv": [ 5.0, 2.0, 11.0, 7.0 ] },
				"up": { "texture": "#basket", "uv": [ 9.0, 0.0, 15.0, 1.0 ], "rotation": 90 },
				"down": { "texture": "#basket", "uv": [ 5.0, 2.5, 11.0, 3.5 ], "rotation": 90 }
			},
			"children": [
				{
					"name": "cloth4",
					"from": [ 0.0, 3.4, -1.1 ],
					"to": [ 1.2, 5.1, 7.2 ],
					"rotationOrigin": [ -5.0, 3.4, -1.1 ],
					"rotationZ": 0.0,
					"faces": {
						"north": { "texture": "#color", "uv": [ 0.0, 0.0, 1.0, 1.5 ] },
						"east": { "texture": "#color", "uv": [ 0.0, 0.0, 8.0, 1.5 ] },
						"south": { "texture": "#color", "uv": [ 0.0, 0.0, 1.0, 1.5 ] },
						"west": { "texture": "#color", "uv": [ 0.0, 0.0, 8.0, 1.5 ] },
						"up": { "texture": "#color", "uv": [ 0.0, 0.0, 1.0, 8.0 ] },
						"down": { "texture": "#color", "uv": [ 0.0, 0.0, 1.0, 8.0 ] }
					}
				},
				{
					"name": "tie3",
					"from": [ 1.2, 4.7, 3.0 ],
					"to": [ 1.4, 5.2, 4.5 ],
					"rotationOrigin": [ 1.2, 4.95, 3.0 ],
					"rotationX": 45.0,
					"rotationY": 22.5,
					"rotationZ": 0.0,
					"faces": {
						"north": { "texture": "#color", "uv": [ 0.0, 0.0, 0.5, 0.5 ], "rotation": 90 },
						"east": { "texture": "#color", "uv": [ 0.0, 0.0, 0.5, 1.5 ], "rotation": 90 },
						"south": { "texture": "#color", "uv": [ 0.0, 0.0, 0.5, 0.5 ], "rotation": 90 },
						"west": { "texture": "#color", "uv": [ 0.0, 0.0, 0.5, 1.5 ], "rotation": 90 },
						"up": { "texture": "#color", "uv": [ 0.0, 0.0, 1.5, 0.5 ], "rotation": 90 },
						"down": { "texture": "#color", "uv": [ 0.0, 0.0, 0.5, 1.5 ], "rotation": 180 }
					}
				},
				{
					"name": "tie4",
					"from": [ 1.2, 4.7, 3.0 ],
					"to": [ 1.4, 5.2, 4.5 ],
					"rotationOrigin": [ 1.2, 4.95, 3.0 ],
					"rotationX": 135.0,
					"rotationY": 22.5,
					"rotationZ": 0.0,
					"faces": {
						"north": { "texture": "#color", "uv": [ 0.0, 0.0, 0.5, 0.5 ], "rotation": 90 },
						"east": { "texture": "#color", "uv": [ 0.0, 0.0, 0.5, 1.5 ], "rotation": 90 },
						"south": { "texture": "#color", "uv": [ 0.0, 0.0, 0.5, 0.5 ], "rotation": 90 },
						"west": { "texture": "#color", "uv": [ 0.0, 0.0, 0.5, 1.5 ], "rotation": 90 },
						"up": { "texture": "#color", "uv": [ 0.0, 0.0, 0.5, 1.5 ] },
						"down": { "texture": "#color", "uv": [ 0.0, 0.0, 0.5, 1.5 ], "rotation": 180 }
					}
				}
			]
		},
		{
			"name": "floor",
			"from": [ 5.0, 0.0, 5.0 ],
			"to": [ 11.0, 1.0, 11.0 ],
			"faces": {
				"north": { "texture": "#basket", "uv": [ 0.0, 0.0, 6.0, 1.0 ], "enabled": false },
				"east": { "texture": "#basket", "uv": [ 0.0, 0.0, 6.0, 1.0 ], "enabled": false },
				"south": { "texture": "#basket", "uv": [ 0.0, 0.0, 6.0, 1.0 ], "enabled": false },
				"west": { "texture": "#basket", "uv": [ 0.0, 0.0, 6.0, 1.0 ], "enabled": false },
				"up": { "texture": "#color", "uv": [ 5.0, 5.0, 11.0, 11.0 ] },
				"down": { "texture": "#basket", "uv": [ 5.0, 10.0, 11.0, 16.0 ] }
			}
		},
		{
			"name": "lid",
			"from": [ 5.0, 5.0, 4.5 ],
			"to": [ 11.0, 6.0, 11.5 ],
			"rotationOrigin": [ 0.0, 5.0, -0.5 ],
			"faces": {
				"north": { "texture": "#basket", "uv": [ 0.0, 0.0, 6.0, 1.0 ], "windMode": [-1,-1,-1,-1] },
				"east": { "texture": "#basket", "uv": [ 0.0, 0.0, 7.0, 1.0 ], "windMode": [-1,-1,-1,-1] },
				"south": { "texture": "#basket", "uv": [ 0.0, 0.0, 6.0, 1.0 ], "windMode": [-1,-1,-1,-1] },
				"west": { "texture": "#basket", "uv": [ 0.0, 0.0, 7.0, 1.0 ], "windMode": [-1,-1,-1,-1] },
				"up": { "texture": "#basket", "uv": [ 5.0, 4.5, 11.0, 11.5 ] },
				"down": { "texture": "#basket", "uv": [ 4.5, 4.0, 10.5, 11.0 ], "enabled": false }
			}
		}
	]}