{
	"editor": {
		"backDropShape": "assets/game/shapes/entity/humanoid/seraph-hairless",
		"collapsedPaths": "Root/SideDecorationCrown/CrownFront,Root/ArmorHelmet/ArmorHelmetTop/FaceRimAxle4,Root/ArmorHelmet/HingeR,Root/ArmorHelmet/ArmorHelmetTop/FaceRimAxle3,Root/ArmorHelmet/HingeL,Root/ArmorHelmet/ArmorHelmetTop,Root/ArmorHelmet/PlumeP3/Plume22,Root/ArmorHelmet/SideDecorationCrown/CrownBack,Root/ArmorHelmet/TopDecorationLion/leg2/legdown2,Root/ArmorHelmet/TopDecorationLion/hand2,Root/ArmorHelmet/TopDecorationLion/hand1,Root/ArmorHelmet/SideDecorationCrown/CrownRight,Root/SideDecorationCrown,Root/ArmorHelmet/Plume/Plume12,Root/ArmorHelmet/SunblockAxle3,Root/ArmorHelmet/SunblockAxle4,Root/ArmorHelmet/ArmorNose,Root/ArmorHelmet/TopDecorationLion/hand1/forearm1,Root/ArmorHelmet/lining,Root/TopDecorationLion/hand1,Root/ArmorHelmet/TopDecorationLion/Tail,Root/ArmorHelmet/SideDecorationCrown/CrownLeft,Root/ArmorHelmet/HeadDecCrownBase,Root/TopDecorationLion/hand2,Root/TopDecorationLion/Head,Root/ArmorHelmet/Plume/Plume4,Root/ArmorHelmet/Plume/Plume3,Root/ArmorHelmet/HeadDecCrownBase/CrownBack,Root/ArmorHelmet/TopDecorationLion/leg2,Root/ArmorHelmet/TopDecorationLion/leg1,Root/ArmorHelmet/Plume/Plume21,Root/ArmorHelmet/SideCoverL1,Root/TopDecorationLion/leg2,Root/ArmorHelmet/ArmorMask,Root/ArmorHelmet/SideCoverL5,Root/ArmorHelmet/TopDecorationLion/hand2/forearm2,Root/ArmorHelmet/TopDecorationLion/Head,Root/ArmorHelmet/SideDecorationCrown/CrownFront,Root/ArmorHelmet/PlumeP2,Root/ArmorHelmet/TopDecorationLion/Bottomtop,Root/ArmorHelmet/ArmorHelmetBottom,Root/ArmorHelmet/Plume/Plume3/Plume4,Root/ArmorHelmet/ArmorHelmetRim,Root/ArmorHelmet/ArmorHelmetTop/FaceRim2/OcularL,Root/TopDecorationLion,Root/ArmorHelmet/TopDecorationLion/Head/Nose,Root/ArmorHelmet/ArmorHelmetTop/FaceRim2/OcularR,Root/ArmorHelmet/HeadDecCrownBase/CrownFront3,Root/SideDecorationCrown/CrownRight,Root/ArmorHelmet/Plume/Plume21/Plume22,Root/ArmorHelmet/HeadDecCrownBase/CrownFront4,Root/ArmorHelmet/PlumeP1/Plume4,Root/ArmorHelmet/TopDecorationLion/leg1/legdown1,Root/ArmorHelmet/Axel/ArmorHelmetTop4/Visorcentre4,Root/ArmorHelmet/HeadDecCrownBase/CrownLeft,Root/ArmorHelmet/HeadDecCrownBase/CrownFront2,Root/ArmorHelmet/Fin,Root/ArmorHelmet/Hinge1,Root/ArmorHelmet/HeadDecCrownBase/CrownFront,Root/ArmorHelmet/BackCover1,Root/ArmorHelmet/Hinge4,Root/ArmorHelmet/BackCover1/BackCover2,Root/ArmorHelmet/BackCover1/BackCover4,Root/SideDecorationCrown/CrownLeft,Root/ArmorHelmet/HeadDecCrownBase/CrownRight,Root/ArmorHelmet/HeadDecCrownBase/CrownRight2,Root/ArmorHelmet/ArmorHelmetTop/FaceRimAxle2,Root/SideDecorationCrown/CrownFront4,Root/SideDecorationCrown/CrownFront3,Root/SideDecorationCrown/CrownFront2",
		"allAngles": true,
		"entityTextureMode": true
	},
	"textureWidth": 64,
	"textureHeight": 64,
	"textureSizes": {
	},
	"textures": {
		"varangianhead": "armor/entity/light/varangian_light_steel",
		"plume": "block/plume/plumered"
	},
	"elements": [
		{
			"name": "ArmorHelmet",
			"stepParentName": "Head",
			"from": [ -0.5, 3.5, -0.6 ],
			"to": [ 6.2, 5.6, 5.7 ],
			"autoUnwrap": false,
			"uv": [ 36.0, 17.5 ],
			"rotationOrigin": [ -0.5, 3.5, -0.6 ],
			"rotationZ": 2.0,
			"faces": {
				"north": { "texture": "#varangianhead", "uv": [ 42.0, 30.0, 47.5, 32.0 ], "autoUv": false, "windMode": [-1,-1,-1,-1], "windData": [1,1,1,1] },
				"east": { "texture": "#varangianhead", "uv": [ 42.0, 30.0, 48.0, 32.0 ], "windMode": [-1,-1,-1,-1], "windData": [0,0,0,0] },
				"south": { "texture": "#varangianhead", "uv": [ 49.0, 29.5, 55.5, 31.5 ], "windMode": [-1,-1,-1,-1], "windData": [1,1,1,1] },
				"west": { "texture": "#varangianhead", "uv": [ 42.0, 30.0, 48.0, 32.0 ], "windMode": [-1,-1,-1,-1], "windData": [1,1,1,1] },
				"up": { "texture": "#varangianhead", "uv": [ 44.0, 20.5, 50.0, 27.0 ], "rotation": 90, "windMode": [-1,-1,-1,-1], "windData": [1,1,1,1] },
				"down": { "texture": "#varangianhead", "uv": [ 0.0, 0.0, 6.5, 6.0 ], "enabled": false }
			},
			"children": [
				{
					"name": "ArmorHelmetTop",
					"from": [ 0.5, 2.1, 0.5 ],
					"to": [ 6.1, 2.6, 5.8 ],
					"autoUnwrap": false,
					"uv": [ 44.5, 21.0 ],
					"rotationOrigin": [ 0.5, 2.1, 0.5 ],
					"faces": {
						"north": { "texture": "#varangianhead", "uv": [ 48.0, 29.0, 53.5, 29.5 ], "windMode": [-1,-1,-1,-1], "windData": [1,1,1,1] },
						"east": { "texture": "#varangianhead", "uv": [ 54.0, 29.0, 59.0, 29.5 ], "windMode": [-1,-1,-1,-1], "windData": [1,1,1,1] },
						"south": { "texture": "#varangianhead", "uv": [ 48.0, 29.0, 53.5, 29.5 ], "windMode": [-1,-1,-1,-1], "windData": [1,1,1,1] },
						"west": { "texture": "#varangianhead", "uv": [ 54.0, 29.0, 59.0, 29.5 ], "windMode": [-1,-1,-1,-1], "windData": [1,1,1,1] },
						"up": { "texture": "#varangianhead", "uv": [ 45.0, 21.0, 50.0, 26.5 ], "rotation": 90, "windMode": [-1,-1,-1,-1], "windData": [1,1,1,1] },
						"down": { "texture": "#varangianhead", "uv": [ 0.0, 0.0, 5.5, 5.0 ], "enabled": false }
					},
					"children": [
						{
							"name": "FaceRimAxle",
							"from": [ -1.2, -2.9, 1.4 ],
							"to": [ -1.2, -2.9, 1.4 ],
							"uv": [ 6.0, 24.5 ],
							"rotationOrigin": [ 2.75, 2.1, 2.65 ],
							"faces": {
								"north": { "texture": "#varangianhead", "uv": [ 6.0, 25.0, 6.5, 25.5 ] },
								"east": { "texture": "#varangianhead", "uv": [ 6.5, 25.0, 7.0, 25.5 ] },
								"south": { "texture": "#varangianhead", "uv": [ 7.0, 25.0, 7.5, 25.5 ] },
								"west": { "texture": "#varangianhead", "uv": [ 7.5, 25.0, 8.0, 25.5 ] },
								"up": { "texture": "#varangianhead", "uv": [ 6.0, 24.5, 6.5, 25.0 ] },
								"down": { "texture": "#varangianhead", "uv": [ 6.5, 24.5, 7.0, 25.0 ] }
							},
							"children": [
								{
									"name": "FaceRim2",
									"from": [ 0.0, 0.3, 0.1 ],
									"to": [ 0.7, 1.63, 2.4 ],
									"autoUnwrap": false,
									"uv": [ 35.0, 23.5 ],
									"rotationOrigin": [ 0.0, 0.3, 0.1 ],
									"faces": {
										"north": { "texture": "#varangianhead", "uv": [ 35.0, 25.5, 35.5, 26.5 ], "enabled": false },
										"east": { "texture": "#varangianhead", "uv": [ 35.5, 25.5, 37.5, 26.5 ], "enabled": false },
										"south": { "texture": "#varangianhead", "uv": [ 37.5, 25.5, 38.0, 26.5 ], "enabled": false },
										"west": { "texture": "#varangianhead", "uv": [ 45.3, 27.0, 48.2, 28.5 ], "autoUv": false },
										"up": { "texture": "#varangianhead", "uv": [ 46.0, 27.0, 48.0, 27.5 ], "rotation": 90 },
										"down": { "texture": "#varangianhead", "uv": [ 35.5, 23.5, 36.0, 25.5 ], "enabled": false }
									},
									"children": [
										{
											"name": "FaceRim3",
											"from": [ 0.0, -0.01, 2.3 ],
											"to": [ 0.7, 1.32, 3.6 ],
											"autoUnwrap": false,
											"uv": [ 36.0, 21.0 ],
											"rotationOrigin": [ 0.0, 0.0, 2.3 ],
											"rotationY": 20.0,
											"faces": {
												"north": { "texture": "#varangianhead", "uv": [ 36.0, 22.0, 36.5, 23.0 ], "enabled": false },
												"east": { "texture": "#varangianhead", "uv": [ 36.5, 22.0, 37.5, 23.0 ], "enabled": false },
												"south": { "texture": "#varangianhead", "uv": [ 37.5, 22.0, 38.0, 23.0 ], "enabled": false },
												"west": { "texture": "#varangianhead", "uv": [ 49.2, 27.0, 51.0, 28.5 ], "autoUv": false },
												"up": { "texture": "#varangianhead", "uv": [ 45.0, 27.0, 45.5, 28.0 ] },
												"down": { "texture": "#varangianhead", "uv": [ 36.5, 21.0, 37.0, 22.0 ], "enabled": false }
											}
										},
										{
											"name": "FaceRim4",
											"from": [ 0.0, -0.01, -1.3 ],
											"to": [ 0.7, 1.32, 0.0 ],
											"autoUnwrap": false,
											"uv": [ 37.5, 24.0 ],
											"rotationOrigin": [ 0.0, 0.0, 0.0 ],
											"rotationY": -20.0,
											"faces": {
												"north": { "texture": "#varangianhead", "uv": [ 37.5, 25.0, 38.0, 26.0 ], "enabled": false },
												"east": { "texture": "#varangianhead", "uv": [ 38.0, 25.0, 39.0, 26.0 ], "enabled": false },
												"south": { "texture": "#varangianhead", "uv": [ 39.0, 25.0, 39.5, 26.0 ], "enabled": false },
												"west": { "texture": "#varangianhead", "uv": [ 43.5, 27.0, 45.2, 28.5 ], "autoUv": false },
												"up": { "texture": "#varangianhead", "uv": [ 46.5, 26.5, 47.0, 27.5 ] },
												"down": { "texture": "#varangianhead", "uv": [ 38.0, 24.0, 38.5, 25.0 ], "enabled": false }
											}
										},
										{
											"name": "Rim1",
											"from": [ -0.9, -0.09, 0.0 ],
											"to": [ 0.1, 0.43, 2.3 ],
											"autoUnwrap": false,
											"uv": [ 45.0, 22.0 ],
											"rotationOrigin": [ 0.1, 0.4, 0.0 ],
											"rotationZ": 20.0,
											"faces": {
												"north": { "texture": "#varangianhead", "uv": [ 45.0, 24.0, 46.0, 24.5 ] },
												"east": { "texture": "#varangianhead", "uv": [ 46.0, 24.0, 48.0, 24.5 ] },
												"south": { "texture": "#varangianhead", "uv": [ 48.0, 24.0, 49.0, 24.5 ] },
												"west": { "texture": "#varangianhead", "uv": [ 49.0, 26.5, 51.0, 27.0 ] },
												"up": { "texture": "#varangianhead", "uv": [ 45.0, 22.0, 46.0, 24.0 ] },
												"down": { "texture": "#varangianhead", "uv": [ 46.0, 22.0, 47.0, 24.0 ] }
											},
											"children": [
												{
													"name": "Rim2",
													"from": [ 0.0, 0.0, 2.3 ],
													"to": [ 1.0, 0.5, 4.2 ],
													"autoUnwrap": false,
													"uv": [ 48.5, 23.5 ],
													"rotationOrigin": [ 0.0, 0.5, 2.3 ],
													"rotationY": 20.0,
													"faces": {
														"north": { "texture": "#varangianhead", "uv": [ 48.5, 25.0, 49.5, 25.5 ] },
														"east": { "texture": "#varangianhead", "uv": [ 49.5, 25.0, 51.0, 25.5 ] },
														"south": { "texture": "#varangianhead", "uv": [ 48.5, 24.5, 49.5, 25.0 ] },
														"west": { "texture": "#varangianhead", "uv": [ 49.0, 25.0, 50.5, 25.5 ] },
														"up": { "texture": "#varangianhead", "uv": [ 48.5, 23.5, 49.5, 25.0 ] },
														"down": { "texture": "#varangianhead", "uv": [ 49.5, 23.5, 50.5, 25.0 ] }
													},
													"children": [
														{
															"name": "Rim4",
															"from": [ 0.0, -0.01, 1.9 ],
															"to": [ 1.0, 0.51, 2.7 ],
															"uv": [ 47.0, 21.0 ],
															"rotationOrigin": [ 1.0, 0.5, 1.9 ],
															"rotationY": -20.0,
															"faces": {
																"north": { "texture": "#varangianhead", "uv": [ 47.0, 21.5, 48.0, 22.0 ] },
																"east": { "texture": "#varangianhead", "uv": [ 48.0, 21.5, 48.5, 22.0 ] },
																"south": { "texture": "#varangianhead", "uv": [ 48.5, 21.5, 49.5, 22.0 ] },
																"west": { "texture": "#varangianhead", "uv": [ 49.5, 21.5, 50.0, 22.0 ] },
																"up": { "texture": "#varangianhead", "uv": [ 47.0, 21.0, 48.0, 21.5 ] },
																"down": { "texture": "#varangianhead", "uv": [ 48.0, 21.0, 49.0, 21.5 ] }
															},
															"children": [
																{
																	"name": "Rim5",
																	"from": [ 0.0, 0.01, 0.8 ],
																	"to": [ 1.0, 0.51, 1.4 ],
																	"uv": [ 44.0, 23.5 ],
																	"rotationOrigin": [ 0.0, 0.5, 0.8 ],
																	"rotationY": 45.0,
																	"faces": {
																		"north": { "texture": "#varangianhead", "uv": [ 44.0, 24.0, 45.0, 24.5 ] },
																		"east": { "texture": "#varangianhead", "uv": [ 45.0, 24.0, 45.5, 24.5 ] },
																		"south": { "texture": "#varangianhead", "uv": [ 45.5, 24.0, 46.5, 24.5 ] },
																		"west": { "texture": "#varangianhead", "uv": [ 46.5, 24.0, 47.0, 24.5 ] },
																		"up": { "texture": "#varangianhead", "uv": [ 44.0, 23.5, 45.0, 24.0 ] },
																		"down": { "texture": "#varangianhead", "uv": [ 45.0, 23.5, 46.0, 24.0 ] }
																	},
																	"children": [
																		{
																			"name": "Rim8",
																			"from": [ 0.0, 0.4, 0.6 ],
																			"to": [ 1.0, 0.5, 0.66 ],
																			"uv": [ 43.5, 25.5 ],
																			"rotationOrigin": [ 0.0, 0.5, 0.6 ],
																			"rotationX": 13.0,
																			"faces": {
																				"north": { "texture": "#varangianhead", "uv": [ 43.5, 26.0, 44.5, 26.5 ] },
																				"east": { "texture": "#varangianhead", "uv": [ 44.5, 26.0, 45.0, 26.5 ] },
																				"south": { "texture": "#varangianhead", "uv": [ 45.0, 26.0, 46.0, 26.5 ] },
																				"west": { "texture": "#varangianhead", "uv": [ 46.0, 26.0, 46.5, 26.5 ] },
																				"up": { "texture": "#varangianhead", "uv": [ 43.5, 25.5, 44.5, 26.0 ] },
																				"down": { "texture": "#varangianhead", "uv": [ 44.5, 25.5, 45.5, 26.0 ] }
																			}
																		}
																	]
																}
															]
														}
													]
												},
												{
													"name": "Rim3",
													"from": [ 0.0, 0.0, -1.9 ],
													"to": [ 1.0, 0.5, 0.0 ],
													"uv": [ 45.9, 24.1 ],
													"rotationOrigin": [ 0.0, 0.5, 0.0 ],
													"rotationY": -20.0,
													"faces": {
														"north": { "texture": "#varangianhead", "uv": [ 46.0, 26.0, 47.0, 26.5 ] },
														"east": { "texture": "#varangianhead", "uv": [ 47.0, 26.0, 48.5, 26.5 ] },
														"south": { "texture": "#varangianhead", "uv": [ 48.5, 26.0, 49.5, 26.5 ] },
														"west": { "texture": "#varangianhead", "uv": [ 49.5, 26.0, 51.0, 26.5 ] },
														"up": { "texture": "#varangianhead", "uv": [ 46.0, 24.0, 47.0, 25.5 ] },
														"down": { "texture": "#varangianhead", "uv": [ 47.0, 24.0, 48.0, 25.5 ] }
													},
													"children": [
														{
															"name": "Rim6",
															"from": [ 0.0, -0.01, -0.8 ],
															"to": [ 1.0, 0.51, 0.0 ],
															"uv": [ 47.0, 21.0 ],
															"rotationOrigin": [ 1.0, 0.5, 0.0 ],
															"rotationY": 20.0,
															"faces": {
																"north": { "texture": "#varangianhead", "uv": [ 47.0, 21.5, 48.0, 22.0 ] },
																"east": { "texture": "#varangianhead", "uv": [ 48.0, 21.5, 48.5, 22.0 ] },
																"south": { "texture": "#varangianhead", "uv": [ 48.5, 21.5, 49.5, 22.0 ] },
																"west": { "texture": "#varangianhead", "uv": [ 49.5, 21.5, 50.0, 22.0 ] },
																"up": { "texture": "#varangianhead", "uv": [ 47.0, 21.0, 48.0, 21.5 ] },
																"down": { "texture": "#varangianhead", "uv": [ 48.0, 21.0, 49.0, 21.5 ] }
															},
															"children": [
																{
																	"name": "Rim7",
																	"from": [ 0.0, 0.01, -0.6 ],
																	"to": [ 1.0, 0.51, 0.0 ],
																	"uv": [ 43.5, 25.0 ],
																	"rotationOrigin": [ 0.0, 0.5, 0.0 ],
																	"rotationY": -45.0,
																	"faces": {
																		"north": { "texture": "#varangianhead", "uv": [ 43.5, 25.5, 44.5, 26.0 ] },
																		"east": { "texture": "#varangianhead", "uv": [ 44.5, 25.5, 45.0, 26.0 ] },
																		"south": { "texture": "#varangianhead", "uv": [ 45.0, 25.5, 46.0, 26.0 ] },
																		"west": { "texture": "#varangianhead", "uv": [ 46.0, 25.5, 46.5, 26.0 ] },
																		"up": { "texture": "#varangianhead", "uv": [ 43.5, 25.0, 44.5, 25.5 ] },
																		"down": { "texture": "#varangianhead", "uv": [ 44.5, 25.0, 45.5, 25.5 ] }
																	}
																}
															]
														}
													]
												}
											]
										}
									]
								}
							]
						},
						{
							"name": "FaceRimAxle2",
							"from": [ -1.2, -2.9, 1.4 ],
							"to": [ -1.2, -2.9, 1.4 ],
							"uv": [ 6.0, 24.5 ],
							"rotationOrigin": [ 2.75, 2.1, 2.65 ],
							"rotationY": 90.0,
							"faces": {
								"north": { "texture": "#varangianhead", "uv": [ 6.0, 25.0, 6.5, 25.5 ] },
								"east": { "texture": "#varangianhead", "uv": [ 6.5, 25.0, 7.0, 25.5 ] },
								"south": { "texture": "#varangianhead", "uv": [ 7.0, 25.0, 7.5, 25.5 ] },
								"west": { "texture": "#varangianhead", "uv": [ 7.5, 25.0, 8.0, 25.5 ] },
								"up": { "texture": "#varangianhead", "uv": [ 6.0, 24.5, 6.5, 25.0 ] },
								"down": { "texture": "#varangianhead", "uv": [ 6.5, 24.5, 7.0, 25.0 ] }
							},
							"children": [
								{
									"name": "FaceRim5",
									"from": [ 0.0, 0.3, 0.1 ],
									"to": [ 0.7, 1.63, 2.4 ],
									"autoUnwrap": false,
									"uv": [ 35.0, 23.5 ],
									"rotationOrigin": [ 0.0, 0.3, 0.1 ],
									"faces": {
										"north": { "texture": "#varangianhead", "uv": [ 35.0, 25.5, 35.5, 26.5 ], "enabled": false },
										"east": { "texture": "#varangianhead", "uv": [ 35.5, 25.5, 37.5, 26.5 ], "enabled": false },
										"south": { "texture": "#varangianhead", "uv": [ 37.5, 25.5, 38.0, 26.5 ], "enabled": false },
										"west": { "texture": "#varangianhead", "uv": [ 45.3, 27.0, 48.2, 28.5 ], "autoUv": false },
										"up": { "texture": "#varangianhead", "uv": [ 46.0, 27.0, 48.0, 27.5 ], "rotation": 90 },
										"down": { "texture": "#varangianhead", "uv": [ 35.5, 23.5, 36.0, 25.5 ], "enabled": false }
									},
									"children": [
										{
											"name": "FaceRim6",
											"from": [ 0.0, -0.01, 2.3 ],
											"to": [ 0.7, 1.32, 3.6 ],
											"autoUnwrap": false,
											"uv": [ 36.0, 21.0 ],
											"rotationOrigin": [ 0.0, 0.0, 2.3 ],
											"rotationY": 20.0,
											"faces": {
												"north": { "texture": "#varangianhead", "uv": [ 36.0, 22.0, 36.5, 23.0 ], "enabled": false },
												"east": { "texture": "#varangianhead", "uv": [ 36.5, 22.0, 37.5, 23.0 ], "enabled": false },
												"south": { "texture": "#varangianhead", "uv": [ 37.5, 22.0, 38.0, 23.0 ], "enabled": false },
												"west": { "texture": "#varangianhead", "uv": [ 49.2, 27.0, 51.0, 28.5 ], "autoUv": false },
												"up": { "texture": "#varangianhead", "uv": [ 45.0, 27.0, 45.5, 28.0 ] },
												"down": { "texture": "#varangianhead", "uv": [ 36.5, 21.0, 37.0, 22.0 ], "enabled": false }
											}
										},
										{
											"name": "FaceRim7",
											"from": [ 0.0, -0.01, -1.3 ],
											"to": [ 0.7, 1.32, 0.0 ],
											"autoUnwrap": false,
											"uv": [ 37.5, 24.0 ],
											"rotationOrigin": [ 0.0, 0.0, 0.0 ],
											"rotationY": -20.0,
											"faces": {
												"north": { "texture": "#varangianhead", "uv": [ 37.5, 25.0, 38.0, 26.0 ], "enabled": false },
												"east": { "texture": "#varangianhead", "uv": [ 38.0, 25.0, 39.0, 26.0 ], "enabled": false },
												"south": { "texture": "#varangianhead", "uv": [ 39.0, 25.0, 39.5, 26.0 ], "enabled": false },
												"west": { "texture": "#varangianhead", "uv": [ 43.5, 27.0, 45.2, 28.5 ], "autoUv": false },
												"up": { "texture": "#varangianhead", "uv": [ 46.5, 26.5, 47.0, 27.5 ] },
												"down": { "texture": "#varangianhead", "uv": [ 38.0, 24.0, 38.5, 25.0 ], "enabled": false }
											}
										},
										{
											"name": "Rim9",
											"from": [ -0.9, -0.09, 0.0 ],
											"to": [ 0.1, 0.43, 2.3 ],
											"autoUnwrap": false,
											"uv": [ 45.0, 22.0 ],
											"rotationOrigin": [ 0.1, 0.4, 0.0 ],
											"rotationZ": 20.0,
											"faces": {
												"north": { "texture": "#varangianhead", "uv": [ 45.0, 24.0, 46.0, 24.5 ] },
												"east": { "texture": "#varangianhead", "uv": [ 46.0, 24.0, 48.0, 24.5 ] },
												"south": { "texture": "#varangianhead", "uv": [ 48.0, 24.0, 49.0, 24.5 ] },
												"west": { "texture": "#varangianhead", "uv": [ 49.0, 26.5, 51.0, 27.0 ] },
												"up": { "texture": "#varangianhead", "uv": [ 45.0, 22.0, 46.0, 24.0 ] },
												"down": { "texture": "#varangianhead", "uv": [ 46.0, 22.0, 47.0, 24.0 ] }
											},
											"children": [
												{
													"name": "Rim10",
													"from": [ 0.0, 0.0, 2.3 ],
													"to": [ 1.0, 0.5, 4.2 ],
													"autoUnwrap": false,
													"uv": [ 48.5, 23.5 ],
													"rotationOrigin": [ 0.0, 0.5, 2.3 ],
													"rotationY": 20.0,
													"faces": {
														"north": { "texture": "#varangianhead", "uv": [ 48.5, 25.0, 49.5, 25.5 ] },
														"east": { "texture": "#varangianhead", "uv": [ 49.5, 25.0, 51.0, 25.5 ] },
														"south": { "texture": "#varangianhead", "uv": [ 48.5, 24.5, 49.5, 25.0 ] },
														"west": { "texture": "#varangianhead", "uv": [ 49.0, 25.0, 50.5, 25.5 ] },
														"up": { "texture": "#varangianhead", "uv": [ 48.5, 23.5, 49.5, 25.0 ] },
														"down": { "texture": "#varangianhead", "uv": [ 49.5, 23.5, 50.5, 25.0 ] }
													},
													"children": [
														{
															"name": "Rim11",
															"from": [ 0.0, -0.01, 1.9 ],
															"to": [ 1.0, 0.51, 2.7 ],
															"uv": [ 47.0, 21.0 ],
															"rotationOrigin": [ 1.0, 0.5, 1.9 ],
															"rotationY": -20.0,
															"faces": {
																"north": { "texture": "#varangianhead", "uv": [ 47.0, 21.5, 48.0, 22.0 ] },
																"east": { "texture": "#varangianhead", "uv": [ 48.0, 21.5, 48.5, 22.0 ] },
																"south": { "texture": "#varangianhead", "uv": [ 48.5, 21.5, 49.5, 22.0 ] },
																"west": { "texture": "#varangianhead", "uv": [ 49.5, 21.5, 50.0, 22.0 ] },
																"up": { "texture": "#varangianhead", "uv": [ 47.0, 21.0, 48.0, 21.5 ] },
																"down": { "texture": "#varangianhead", "uv": [ 48.0, 21.0, 49.0, 21.5 ] }
															},
															"children": [
																{
																	"name": "Rim12",
																	"from": [ 0.0, 0.01, 0.8 ],
																	"to": [ 1.0, 0.51, 1.4 ],
																	"uv": [ 44.0, 23.5 ],
																	"rotationOrigin": [ 0.0, 0.5, 0.8 ],
																	"rotationY": 45.0,
																	"faces": {
																		"north": { "texture": "#varangianhead", "uv": [ 44.0, 24.0, 45.0, 24.5 ] },
																		"east": { "texture": "#varangianhead", "uv": [ 45.0, 24.0, 45.5, 24.5 ] },
																		"south": { "texture": "#varangianhead", "uv": [ 45.5, 24.0, 46.5, 24.5 ] },
																		"west": { "texture": "#varangianhead", "uv": [ 46.5, 24.0, 47.0, 24.5 ] },
																		"up": { "texture": "#varangianhead", "uv": [ 44.0, 23.5, 45.0, 24.0 ] },
																		"down": { "texture": "#varangianhead", "uv": [ 45.0, 23.5, 46.0, 24.0 ] }
																	},
																	"children": [
																		{
																			"name": "Rim13",
																			"from": [ 0.0, 0.4, 0.6 ],
																			"to": [ 1.0, 0.5, 0.66 ],
																			"uv": [ 43.5, 25.5 ],
																			"rotationOrigin": [ 0.0, 0.5, 0.6 ],
																			"rotationX": 13.0,
																			"faces": {
																				"north": { "texture": "#varangianhead", "uv": [ 43.5, 26.0, 44.5, 26.5 ] },
																				"east": { "texture": "#varangianhead", "uv": [ 44.5, 26.0, 45.0, 26.5 ] },
																				"south": { "texture": "#varangianhead", "uv": [ 45.0, 26.0, 46.0, 26.5 ] },
																				"west": { "texture": "#varangianhead", "uv": [ 46.0, 26.0, 46.5, 26.5 ] },
																				"up": { "texture": "#varangianhead", "uv": [ 43.5, 25.5, 44.5, 26.0 ] },
																				"down": { "texture": "#varangianhead", "uv": [ 44.5, 25.5, 45.5, 26.0 ] }
																			}
																		}
																	]
																}
															]
														}
													]
												},
												{
													"name": "Rim14",
													"from": [ 0.0, 0.0, -1.9 ],
													"to": [ 1.0, 0.5, 0.0 ],
													"uv": [ 45.9, 24.1 ],
													"rotationOrigin": [ 0.0, 0.5, 0.0 ],
													"rotationY": -20.0,
													"faces": {
														"north": { "texture": "#varangianhead", "uv": [ 46.0, 26.0, 47.0, 26.5 ] },
														"east": { "texture": "#varangianhead", "uv": [ 47.0, 26.0, 48.5, 26.5 ] },
														"south": { "texture": "#varangianhead", "uv": [ 48.5, 26.0, 49.5, 26.5 ] },
														"west": { "texture": "#varangianhead", "uv": [ 49.5, 26.0, 51.0, 26.5 ] },
														"up": { "texture": "#varangianhead", "uv": [ 46.0, 24.0, 47.0, 25.5 ] },
														"down": { "texture": "#varangianhead", "uv": [ 47.0, 24.0, 48.0, 25.5 ] }
													},
													"children": [
														{
															"name": "Rim15",
															"from": [ 0.0, -0.01, -0.8 ],
															"to": [ 1.0, 0.51, 0.0 ],
															"uv": [ 47.0, 21.0 ],
															"rotationOrigin": [ 1.0, 0.5, 0.0 ],
															"rotationY": 20.0,
															"faces": {
																"north": { "texture": "#varangianhead", "uv": [ 47.0, 21.5, 48.0, 22.0 ] },
																"east": { "texture": "#varangianhead", "uv": [ 48.0, 21.5, 48.5, 22.0 ] },
																"south": { "texture": "#varangianhead", "uv": [ 48.5, 21.5, 49.5, 22.0 ] },
																"west": { "texture": "#varangianhead", "uv": [ 49.5, 21.5, 50.0, 22.0 ] },
																"up": { "texture": "#varangianhead", "uv": [ 47.0, 21.0, 48.0, 21.5 ] },
																"down": { "texture": "#varangianhead", "uv": [ 48.0, 21.0, 49.0, 21.5 ] }
															},
															"children": [
																{
																	"name": "Rim16",
																	"from": [ 0.0, 0.01, -0.6 ],
																	"to": [ 1.0, 0.51, 0.0 ],
																	"uv": [ 43.5, 25.0 ],
																	"rotationOrigin": [ 0.0, 0.5, 0.0 ],
																	"rotationY": -45.0,
																	"faces": {
																		"north": { "texture": "#varangianhead", "uv": [ 43.5, 25.5, 44.5, 26.0 ] },
																		"east": { "texture": "#varangianhead", "uv": [ 44.5, 25.5, 45.0, 26.0 ] },
																		"south": { "texture": "#varangianhead", "uv": [ 45.0, 25.5, 46.0, 26.0 ] },
																		"west": { "texture": "#varangianhead", "uv": [ 46.0, 25.5, 46.5, 26.0 ] },
																		"up": { "texture": "#varangianhead", "uv": [ 43.5, 25.0, 44.5, 25.5 ] },
																		"down": { "texture": "#varangianhead", "uv": [ 44.5, 25.0, 45.5, 25.5 ] }
																	}
																}
															]
														}
													]
												}
											]
										}
									]
								}
							]
						},
						{
							"name": "FaceRimAxle3",
							"from": [ -1.2, -2.9, 1.4 ],
							"to": [ -1.2, -2.9, 1.4 ],
							"uv": [ 6.0, 24.5 ],
							"rotationOrigin": [ 2.75, 2.1, 2.65 ],
							"rotationY": 180.0,
							"faces": {
								"north": { "texture": "#varangianhead", "uv": [ 6.0, 25.0, 6.5, 25.5 ] },
								"east": { "texture": "#varangianhead", "uv": [ 6.5, 25.0, 7.0, 25.5 ] },
								"south": { "texture": "#varangianhead", "uv": [ 7.0, 25.0, 7.5, 25.5 ] },
								"west": { "texture": "#varangianhead", "uv": [ 7.5, 25.0, 8.0, 25.5 ] },
								"up": { "texture": "#varangianhead", "uv": [ 6.0, 24.5, 6.5, 25.0 ] },
								"down": { "texture": "#varangianhead", "uv": [ 6.5, 24.5, 7.0, 25.0 ] }
							},
							"children": [
								{
									"name": "FaceRim8",
									"from": [ 0.0, 0.3, 0.1 ],
									"to": [ 0.7, 1.63, 2.4 ],
									"autoUnwrap": false,
									"uv": [ 35.0, 23.5 ],
									"rotationOrigin": [ 0.0, 0.3, 0.1 ],
									"faces": {
										"north": { "texture": "#varangianhead", "uv": [ 35.0, 25.5, 35.5, 26.5 ], "enabled": false },
										"east": { "texture": "#varangianhead", "uv": [ 35.5, 25.5, 37.5, 26.5 ], "enabled": false },
										"south": { "texture": "#varangianhead", "uv": [ 37.5, 25.5, 38.0, 26.5 ], "enabled": false },
										"west": { "texture": "#varangianhead", "uv": [ 45.3, 27.0, 48.2, 28.5 ], "autoUv": false },
										"up": { "texture": "#varangianhead", "uv": [ 46.0, 27.0, 48.0, 27.5 ], "rotation": 90 },
										"down": { "texture": "#varangianhead", "uv": [ 35.5, 23.5, 36.0, 25.5 ], "enabled": false }
									},
									"children": [
										{
											"name": "FaceRim9",
											"from": [ 0.0, -0.01, 2.3 ],
											"to": [ 0.7, 1.32, 3.6 ],
											"autoUnwrap": false,
											"uv": [ 36.0, 21.0 ],
											"rotationOrigin": [ 0.0, 0.0, 2.3 ],
											"rotationY": 20.0,
											"faces": {
												"north": { "texture": "#varangianhead", "uv": [ 36.0, 22.0, 36.5, 23.0 ], "enabled": false },
												"east": { "texture": "#varangianhead", "uv": [ 36.5, 22.0, 37.5, 23.0 ], "enabled": false },
												"south": { "texture": "#varangianhead", "uv": [ 37.5, 22.0, 38.0, 23.0 ], "enabled": false },
												"west": { "texture": "#varangianhead", "uv": [ 49.2, 27.0, 51.0, 28.5 ], "autoUv": false },
												"up": { "texture": "#varangianhead", "uv": [ 45.0, 27.0, 45.5, 28.0 ] },
												"down": { "texture": "#varangianhead", "uv": [ 36.5, 21.0, 37.0, 22.0 ], "enabled": false }
											}
										},
										{
											"name": "FaceRim10",
											"from": [ 0.0, -0.01, -1.3 ],
											"to": [ 0.7, 1.32, 0.0 ],
											"autoUnwrap": false,
											"uv": [ 37.5, 24.0 ],
											"rotationOrigin": [ 0.0, 0.0, 0.0 ],
											"rotationY": -20.0,
											"faces": {
												"north": { "texture": "#varangianhead", "uv": [ 37.5, 25.0, 38.0, 26.0 ], "enabled": false },
												"east": { "texture": "#varangianhead", "uv": [ 38.0, 25.0, 39.0, 26.0 ], "enabled": false },
												"south": { "texture": "#varangianhead", "uv": [ 39.0, 25.0, 39.5, 26.0 ], "enabled": false },
												"west": { "texture": "#varangianhead", "uv": [ 43.5, 27.0, 45.2, 28.5 ], "autoUv": false },
												"up": { "texture": "#varangianhead", "uv": [ 46.5, 26.5, 47.0, 27.5 ] },
												"down": { "texture": "#varangianhead", "uv": [ 38.0, 24.0, 38.5, 25.0 ], "enabled": false }
											}
										},
										{
											"name": "Rim17",
											"from": [ -0.9, -0.09, 0.0 ],
											"to": [ 0.1, 0.43, 2.3 ],
											"autoUnwrap": false,
											"uv": [ 45.0, 22.0 ],
											"rotationOrigin": [ 0.1, 0.4, 0.0 ],
											"rotationZ": 20.0,
											"faces": {
												"north": { "texture": "#varangianhead", "uv": [ 45.0, 24.0, 46.0, 24.5 ] },
												"east": { "texture": "#varangianhead", "uv": [ 46.0, 24.0, 48.0, 24.5 ] },
												"south": { "texture": "#varangianhead", "uv": [ 48.0, 24.0, 49.0, 24.5 ] },
												"west": { "texture": "#varangianhead", "uv": [ 49.0, 26.5, 51.0, 27.0 ] },
												"up": { "texture": "#varangianhead", "uv": [ 45.0, 22.0, 46.0, 24.0 ] },
												"down": { "texture": "#varangianhead", "uv": [ 46.0, 22.0, 47.0, 24.0 ] }
											},
											"children": [
												{
													"name": "Rim18",
													"from": [ 0.0, 0.0, 2.3 ],
													"to": [ 1.0, 0.5, 4.2 ],
													"autoUnwrap": false,
													"uv": [ 48.5, 23.5 ],
													"rotationOrigin": [ 0.0, 0.5, 2.3 ],
													"rotationY": 20.0,
													"faces": {
														"north": { "texture": "#varangianhead", "uv": [ 48.5, 25.0, 49.5, 25.5 ] },
														"east": { "texture": "#varangianhead", "uv": [ 49.5, 25.0, 51.0, 25.5 ] },
														"south": { "texture": "#varangianhead", "uv": [ 48.5, 24.5, 49.5, 25.0 ] },
														"west": { "texture": "#varangianhead", "uv": [ 49.0, 25.0, 50.5, 25.5 ] },
														"up": { "texture": "#varangianhead", "uv": [ 48.5, 23.5, 49.5, 25.0 ] },
														"down": { "texture": "#varangianhead", "uv": [ 49.5, 23.5, 50.5, 25.0 ] }
													},
													"children": [
														{
															"name": "Rim19",
															"from": [ 0.0, -0.01, 1.9 ],
															"to": [ 1.0, 0.51, 2.7 ],
															"uv": [ 47.0, 21.0 ],
															"rotationOrigin": [ 1.0, 0.5, 1.9 ],
															"rotationY": -20.0,
															"faces": {
																"north": { "texture": "#varangianhead", "uv": [ 47.0, 21.5, 48.0, 22.0 ] },
																"east": { "texture": "#varangianhead", "uv": [ 48.0, 21.5, 48.5, 22.0 ] },
																"south": { "texture": "#varangianhead", "uv": [ 48.5, 21.5, 49.5, 22.0 ] },
																"west": { "texture": "#varangianhead", "uv": [ 49.5, 21.5, 50.0, 22.0 ] },
																"up": { "texture": "#varangianhead", "uv": [ 47.0, 21.0, 48.0, 21.5 ] },
																"down": { "texture": "#varangianhead", "uv": [ 48.0, 21.0, 49.0, 21.5 ] }
															},
															"children": [
																{
																	"name": "Rim20",
																	"from": [ 0.0, 0.01, 0.8 ],
																	"to": [ 1.0, 0.51, 1.4 ],
																	"uv": [ 44.0, 23.5 ],
																	"rotationOrigin": [ 0.0, 0.5, 0.8 ],
																	"rotationY": 45.0,
																	"faces": {
																		"north": { "texture": "#varangianhead", "uv": [ 44.0, 24.0, 45.0, 24.5 ] },
																		"east": { "texture": "#varangianhead", "uv": [ 45.0, 24.0, 45.5, 24.5 ] },
																		"south": { "texture": "#varangianhead", "uv": [ 45.5, 24.0, 46.5, 24.5 ] },
																		"west": { "texture": "#varangianhead", "uv": [ 46.5, 24.0, 47.0, 24.5 ] },
																		"up": { "texture": "#varangianhead", "uv": [ 44.0, 23.5, 45.0, 24.0 ] },
																		"down": { "texture": "#varangianhead", "uv": [ 45.0, 23.5, 46.0, 24.0 ] }
																	},
																	"children": [
																		{
																			"name": "Rim21",
																			"from": [ 0.0, 0.4, 0.6 ],
																			"to": [ 1.0, 0.5, 0.66 ],
																			"uv": [ 43.5, 25.5 ],
																			"rotationOrigin": [ 0.0, 0.5, 0.6 ],
																			"rotationX": 13.0,
																			"faces": {
																				"north": { "texture": "#varangianhead", "uv": [ 43.5, 26.0, 44.5, 26.5 ] },
																				"east": { "texture": "#varangianhead", "uv": [ 44.5, 26.0, 45.0, 26.5 ] },
																				"south": { "texture": "#varangianhead", "uv": [ 45.0, 26.0, 46.0, 26.5 ] },
																				"west": { "texture": "#varangianhead", "uv": [ 46.0, 26.0, 46.5, 26.5 ] },
																				"up": { "texture": "#varangianhead", "uv": [ 43.5, 25.5, 44.5, 26.0 ] },
																				"down": { "texture": "#varangianhead", "uv": [ 44.5, 25.5, 45.5, 26.0 ] }
																			}
																		}
																	]
																}
															]
														}
													]
												},
												{
													"name": "Rim22",
													"from": [ 0.0, 0.0, -1.9 ],
													"to": [ 1.0, 0.5, 0.0 ],
													"uv": [ 45.9, 24.1 ],
													"rotationOrigin": [ 0.0, 0.5, 0.0 ],
													"rotationY": -20.0,
													"faces": {
														"north": { "texture": "#varangianhead", "uv": [ 46.0, 26.0, 47.0, 26.5 ] },
														"east": { "texture": "#varangianhead", "uv": [ 47.0, 26.0, 48.5, 26.5 ] },
														"south": { "texture": "#varangianhead", "uv": [ 48.5, 26.0, 49.5, 26.5 ] },
														"west": { "texture": "#varangianhead", "uv": [ 49.5, 26.0, 51.0, 26.5 ] },
														"up": { "texture": "#varangianhead", "uv": [ 46.0, 24.0, 47.0, 25.5 ] },
														"down": { "texture": "#varangianhead", "uv": [ 47.0, 24.0, 48.0, 25.5 ] }
													},
													"children": [
														{
															"name": "Rim23",
															"from": [ 0.0, -0.01, -0.8 ],
															"to": [ 1.0, 0.51, 0.0 ],
															"uv": [ 47.0, 21.0 ],
															"rotationOrigin": [ 1.0, 0.5, 0.0 ],
															"rotationY": 20.0,
															"faces": {
																"north": { "texture": "#varangianhead", "uv": [ 47.0, 21.5, 48.0, 22.0 ] },
																"east": { "texture": "#varangianhead", "uv": [ 48.0, 21.5, 48.5, 22.0 ] },
																"south": { "texture": "#varangianhead", "uv": [ 48.5, 21.5, 49.5, 22.0 ] },
																"west": { "texture": "#varangianhead", "uv": [ 49.5, 21.5, 50.0, 22.0 ] },
																"up": { "texture": "#varangianhead", "uv": [ 47.0, 21.0, 48.0, 21.5 ] },
																"down": { "texture": "#varangianhead", "uv": [ 48.0, 21.0, 49.0, 21.5 ] }
															},
															"children": [
																{
																	"name": "Rim24",
																	"from": [ 0.0, 0.01, -0.6 ],
																	"to": [ 1.0, 0.51, 0.0 ],
																	"uv": [ 43.5, 25.0 ],
																	"rotationOrigin": [ 0.0, 0.5, 0.0 ],
																	"rotationY": -45.0,
																	"faces": {
																		"north": { "texture": "#varangianhead", "uv": [ 43.5, 25.5, 44.5, 26.0 ] },
																		"east": { "texture": "#varangianhead", "uv": [ 44.5, 25.5, 45.0, 26.0 ] },
																		"south": { "texture": "#varangianhead", "uv": [ 45.0, 25.5, 46.0, 26.0 ] },
																		"west": { "texture": "#varangianhead", "uv": [ 46.0, 25.5, 46.5, 26.0 ] },
																		"up": { "texture": "#varangianhead", "uv": [ 43.5, 25.0, 44.5, 25.5 ] },
																		"down": { "texture": "#varangianhead", "uv": [ 44.5, 25.0, 45.5, 25.5 ] }
																	}
																}
															]
														}
													]
												}
											]
										}
									]
								}
							]
						},
						{
							"name": "FaceRimAxle4",
							"from": [ -1.2, -2.9, 1.4 ],
							"to": [ -1.2, -2.9, 1.4 ],
							"uv": [ 6.0, 24.5 ],
							"rotationOrigin": [ 2.75, 2.1, 2.65 ],
							"rotationY": -90.0,
							"faces": {
								"north": { "texture": "#varangianhead", "uv": [ 6.0, 25.0, 6.5, 25.5 ] },
								"east": { "texture": "#varangianhead", "uv": [ 6.5, 25.0, 7.0, 25.5 ] },
								"south": { "texture": "#varangianhead", "uv": [ 7.0, 25.0, 7.5, 25.5 ] },
								"west": { "texture": "#varangianhead", "uv": [ 7.5, 25.0, 8.0, 25.5 ] },
								"up": { "texture": "#varangianhead", "uv": [ 6.0, 24.5, 6.5, 25.0 ] },
								"down": { "texture": "#varangianhead", "uv": [ 6.5, 24.5, 7.0, 25.0 ] }
							},
							"children": [
								{
									"name": "FaceRim11",
									"from": [ 0.0, 0.3, 0.1 ],
									"to": [ 0.7, 1.63, 2.4 ],
									"autoUnwrap": false,
									"uv": [ 35.0, 23.5 ],
									"rotationOrigin": [ 0.0, 0.3, 0.1 ],
									"faces": {
										"north": { "texture": "#varangianhead", "uv": [ 35.0, 25.5, 35.5, 26.5 ], "enabled": false },
										"east": { "texture": "#varangianhead", "uv": [ 35.5, 25.5, 37.5, 26.5 ], "enabled": false },
										"south": { "texture": "#varangianhead", "uv": [ 37.5, 25.5, 38.0, 26.5 ], "enabled": false },
										"west": { "texture": "#varangianhead", "uv": [ 45.3, 27.0, 48.2, 28.5 ], "autoUv": false },
										"up": { "texture": "#varangianhead", "uv": [ 46.0, 27.0, 48.0, 27.5 ], "rotation": 90 },
										"down": { "texture": "#varangianhead", "uv": [ 35.5, 23.5, 36.0, 25.5 ], "enabled": false }
									},
									"children": [
										{
											"name": "FaceRim12",
											"from": [ 0.0, -0.01, 2.3 ],
											"to": [ 0.7, 1.32, 3.6 ],
											"autoUnwrap": false,
											"uv": [ 36.0, 21.0 ],
											"rotationOrigin": [ 0.0, 0.0, 2.3 ],
											"rotationY": 20.0,
											"faces": {
												"north": { "texture": "#varangianhead", "uv": [ 36.0, 22.0, 36.5, 23.0 ], "enabled": false },
												"east": { "texture": "#varangianhead", "uv": [ 36.5, 22.0, 37.5, 23.0 ], "enabled": false },
												"south": { "texture": "#varangianhead", "uv": [ 37.5, 22.0, 38.0, 23.0 ], "enabled": false },
												"west": { "texture": "#varangianhead", "uv": [ 49.2, 27.0, 51.0, 28.5 ], "autoUv": false },
												"up": { "texture": "#varangianhead", "uv": [ 45.0, 27.0, 45.5, 28.0 ] },
												"down": { "texture": "#varangianhead", "uv": [ 36.5, 21.0, 37.0, 22.0 ], "enabled": false }
											}
										},
										{
											"name": "FaceRim13",
											"from": [ 0.0, -0.01, -1.3 ],
											"to": [ 0.7, 1.32, 0.0 ],
											"autoUnwrap": false,
											"uv": [ 37.5, 24.0 ],
											"rotationOrigin": [ 0.0, 0.0, 0.0 ],
											"rotationY": -20.0,
											"faces": {
												"north": { "texture": "#varangianhead", "uv": [ 37.5, 25.0, 38.0, 26.0 ], "enabled": false },
												"east": { "texture": "#varangianhead", "uv": [ 38.0, 25.0, 39.0, 26.0 ], "enabled": false },
												"south": { "texture": "#varangianhead", "uv": [ 39.0, 25.0, 39.5, 26.0 ], "enabled": false },
												"west": { "texture": "#varangianhead", "uv": [ 43.5, 27.0, 45.2, 28.5 ], "autoUv": false },
												"up": { "texture": "#varangianhead", "uv": [ 46.5, 26.5, 47.0, 27.5 ] },
												"down": { "texture": "#varangianhead", "uv": [ 38.0, 24.0, 38.5, 25.0 ], "enabled": false }
											}
										},
										{
											"name": "Rim25",
											"from": [ -0.9, -0.09, 0.0 ],
											"to": [ 0.1, 0.43, 2.3 ],
											"autoUnwrap": false,
											"uv": [ 45.0, 22.0 ],
											"rotationOrigin": [ 0.1, 0.4, 0.0 ],
											"rotationZ": 20.0,
											"faces": {
												"north": { "texture": "#varangianhead", "uv": [ 45.0, 24.0, 46.0, 24.5 ] },
												"east": { "texture": "#varangianhead", "uv": [ 46.0, 24.0, 48.0, 24.5 ] },
												"south": { "texture": "#varangianhead", "uv": [ 48.0, 24.0, 49.0, 24.5 ] },
												"west": { "texture": "#varangianhead", "uv": [ 49.0, 26.5, 51.0, 27.0 ] },
												"up": { "texture": "#varangianhead", "uv": [ 45.0, 22.0, 46.0, 24.0 ] },
												"down": { "texture": "#varangianhead", "uv": [ 46.0, 22.0, 47.0, 24.0 ] }
											},
											"children": [
												{
													"name": "Rim26",
													"from": [ 0.0, 0.0, 2.3 ],
													"to": [ 1.0, 0.5, 4.2 ],
													"autoUnwrap": false,
													"uv": [ 48.5, 23.5 ],
													"rotationOrigin": [ 0.0, 0.5, 2.3 ],
													"rotationY": 20.0,
													"faces": {
														"north": { "texture": "#varangianhead", "uv": [ 48.5, 25.0, 49.5, 25.5 ] },
														"east": { "texture": "#varangianhead", "uv": [ 49.5, 25.0, 51.0, 25.5 ] },
														"south": { "texture": "#varangianhead", "uv": [ 48.5, 24.5, 49.5, 25.0 ] },
														"west": { "texture": "#varangianhead", "uv": [ 49.0, 25.0, 50.5, 25.5 ] },
														"up": { "texture": "#varangianhead", "uv": [ 48.5, 23.5, 49.5, 25.0 ] },
														"down": { "texture": "#varangianhead", "uv": [ 49.5, 23.5, 50.5, 25.0 ] }
													},
													"children": [
														{
															"name": "Rim27",
															"from": [ 0.0, -0.01, 1.9 ],
															"to": [ 1.0, 0.51, 2.7 ],
															"uv": [ 47.0, 21.0 ],
															"rotationOrigin": [ 1.0, 0.5, 1.9 ],
															"rotationY": -20.0,
															"faces": {
																"north": { "texture": "#varangianhead", "uv": [ 47.0, 21.5, 48.0, 22.0 ] },
																"east": { "texture": "#varangianhead", "uv": [ 48.0, 21.5, 48.5, 22.0 ] },
																"south": { "texture": "#varangianhead", "uv": [ 48.5, 21.5, 49.5, 22.0 ] },
																"west": { "texture": "#varangianhead", "uv": [ 49.5, 21.5, 50.0, 22.0 ] },
																"up": { "texture": "#varangianhead", "uv": [ 47.0, 21.0, 48.0, 21.5 ] },
																"down": { "texture": "#varangianhead", "uv": [ 48.0, 21.0, 49.0, 21.5 ] }
															},
															"children": [
																{
																	"name": "Rim28",
																	"from": [ 0.0, 0.01, 0.8 ],
																	"to": [ 1.0, 0.51, 1.4 ],
																	"uv": [ 44.0, 23.5 ],
																	"rotationOrigin": [ 0.0, 0.5, 0.8 ],
																	"rotationY": 45.0,
																	"faces": {
																		"north": { "texture": "#varangianhead", "uv": [ 44.0, 24.0, 45.0, 24.5 ] },
																		"east": { "texture": "#varangianhead", "uv": [ 45.0, 24.0, 45.5, 24.5 ] },
																		"south": { "texture": "#varangianhead", "uv": [ 45.5, 24.0, 46.5, 24.5 ] },
																		"west": { "texture": "#varangianhead", "uv": [ 46.5, 24.0, 47.0, 24.5 ] },
																		"up": { "texture": "#varangianhead", "uv": [ 44.0, 23.5, 45.0, 24.0 ] },
																		"down": { "texture": "#varangianhead", "uv": [ 45.0, 23.5, 46.0, 24.0 ] }
																	},
																	"children": [
																		{
																			"name": "Rim29",
																			"from": [ 0.0, 0.4, 0.6 ],
																			"to": [ 1.0, 0.5, 0.66 ],
																			"uv": [ 43.5, 25.5 ],
																			"rotationOrigin": [ 0.0, 0.5, 0.6 ],
																			"rotationX": 13.0,
																			"faces": {
																				"north": { "texture": "#varangianhead", "uv": [ 43.5, 26.0, 44.5, 26.5 ] },
																				"east": { "texture": "#varangianhead", "uv": [ 44.5, 26.0, 45.0, 26.5 ] },
																				"south": { "texture": "#varangianhead", "uv": [ 45.0, 26.0, 46.0, 26.5 ] },
																				"west": { "texture": "#varangianhead", "uv": [ 46.0, 26.0, 46.5, 26.5 ] },
																				"up": { "texture": "#varangianhead", "uv": [ 43.5, 25.5, 44.5, 26.0 ] },
																				"down": { "texture": "#varangianhead", "uv": [ 44.5, 25.5, 45.5, 26.0 ] }
																			}
																		}
																	]
																}
															]
														}
													]
												},
												{
													"name": "Rim30",
													"from": [ 0.0, 0.0, -1.9 ],
													"to": [ 1.0, 0.5, 0.0 ],
													"uv": [ 45.9, 24.1 ],
													"rotationOrigin": [ 0.0, 0.5, 0.0 ],
													"rotationY": -20.0,
													"faces": {
														"north": { "texture": "#varangianhead", "uv": [ 46.0, 26.0, 47.0, 26.5 ] },
														"east": { "texture": "#varangianhead", "uv": [ 47.0, 26.0, 48.5, 26.5 ] },
														"south": { "texture": "#varangianhead", "uv": [ 48.5, 26.0, 49.5, 26.5 ] },
														"west": { "texture": "#varangianhead", "uv": [ 49.5, 26.0, 51.0, 26.5 ] },
														"up": { "texture": "#varangianhead", "uv": [ 46.0, 24.0, 47.0, 25.5 ] },
														"down": { "texture": "#varangianhead", "uv": [ 47.0, 24.0, 48.0, 25.5 ] }
													},
													"children": [
														{
															"name": "Rim31",
															"from": [ 0.0, -0.01, -0.8 ],
															"to": [ 1.0, 0.51, 0.0 ],
															"uv": [ 47.0, 21.0 ],
															"rotationOrigin": [ 1.0, 0.5, 0.0 ],
															"rotationY": 20.0,
															"faces": {
																"north": { "texture": "#varangianhead", "uv": [ 47.0, 21.5, 48.0, 22.0 ] },
																"east": { "texture": "#varangianhead", "uv": [ 48.0, 21.5, 48.5, 22.0 ] },
																"south": { "texture": "#varangianhead", "uv": [ 48.5, 21.5, 49.5, 22.0 ] },
																"west": { "texture": "#varangianhead", "uv": [ 49.5, 21.5, 50.0, 22.0 ] },
																"up": { "texture": "#varangianhead", "uv": [ 47.0, 21.0, 48.0, 21.5 ] },
																"down": { "texture": "#varangianhead", "uv": [ 48.0, 21.0, 49.0, 21.5 ] }
															},
															"children": [
																{
																	"name": "Rim32",
																	"from": [ 0.0, 0.01, -0.6 ],
																	"to": [ 1.0, 0.51, 0.0 ],
																	"uv": [ 43.5, 25.0 ],
																	"rotationOrigin": [ 0.0, 0.5, 0.0 ],
																	"rotationY": -45.0,
																	"faces": {
																		"north": { "texture": "#varangianhead", "uv": [ 43.5, 25.5, 44.5, 26.0 ] },
																		"east": { "texture": "#varangianhead", "uv": [ 44.5, 25.5, 45.0, 26.0 ] },
																		"south": { "texture": "#varangianhead", "uv": [ 45.0, 25.5, 46.0, 26.0 ] },
																		"west": { "texture": "#varangianhead", "uv": [ 46.0, 25.5, 46.5, 26.0 ] },
																		"up": { "texture": "#varangianhead", "uv": [ 43.5, 25.0, 44.5, 25.5 ] },
																		"down": { "texture": "#varangianhead", "uv": [ 44.5, 25.0, 45.5, 25.5 ] }
																	}
																}
															]
														}
													]
												}
											]
										}
									]
								}
							]
						}
					]
				},
				{
					"name": "ArmorHelmetTop2",
					"from": [ 1.0, 2.6, 1.0 ],
					"to": [ 5.6, 3.1, 5.3 ],
					"autoUnwrap": false,
					"uv": [ 45.0, 22.0 ],
					"rotationOrigin": [ 1.0, 2.6, 1.0 ],
					"faces": {
						"north": { "texture": "#varangianhead", "uv": [ 41.5, 29.5, 46.0, 30.0 ], "windMode": [-1,-1,-1,-1], "windData": [1,1,1,1] },
						"east": { "texture": "#varangianhead", "uv": [ 46.0, 29.5, 50.0, 30.0 ], "windMode": [-1,-1,-1,-1], "windData": [1,1,1,1] },
						"south": { "texture": "#varangianhead", "uv": [ 50.0, 29.5, 54.5, 30.0 ], "windMode": [-1,-1,-1,-1], "windData": [1,1,1,1] },
						"west": { "texture": "#varangianhead", "uv": [ 54.5, 29.5, 58.5, 30.0 ], "windMode": [-1,-1,-1,-1], "windData": [1,1,1,1] },
						"up": { "texture": "#varangianhead", "uv": [ 45.5, 21.5, 49.5, 26.0 ], "rotation": 90, "windMode": [-1,-1,-1,-1], "windData": [1,1,1,1] },
						"down": { "texture": "#varangianhead", "uv": [ 0.0, 0.0, 4.5, 4.0 ], "enabled": false }
					}
				},
				{
					"name": "ArmorHelmetRim",
					"from": [ -0.61, 0.32, 2.65 ],
					"to": [ 7.19, 2.52, 3.65 ],
					"unwrapMode": 1,
					"autoUnwrap": false,
					"uv": [ 43.5, 34.0 ],
					"rotationOrigin": [ -0.6148, 0.323, 2.65 ],
					"rotationZ": -2.0,
					"faces": {
						"north": { "texture": "#varangianhead", "uv": [ 41.5, 30.0, 49.0, 32.0 ] },
						"east": { "texture": "#varangianhead", "uv": [ 60.0, 23.0, 61.5, 26.5 ], "autoUv": false, "windMode": [-1,-1,-1,-1], "windData": [1,1,1,1] },
						"south": { "texture": "#varangianhead", "uv": [ 47.5, 30.0, 55.0, 32.0 ] },
						"west": { "texture": "#varangianhead", "uv": [ 60.0, 30.5, 61.5, 32.5 ], "autoUv": false },
						"up": { "texture": "#varangianhead", "uv": [ 43.5, 24.5, 50.5, 26.0 ], "rotation": 180, "autoUv": false, "windMode": [-1,-1,-1,-1], "windData": [1,1,1,1] },
						"down": { "texture": "#varangianhead", "uv": [ 0.0, 0.0, 7.5, 1.0 ], "enabled": false }
					},
					"children": [
						{
							"name": "ArmorHelmetRim2",
							"from": [ 0.6, 1.8, -0.01 ],
							"to": [ 7.2, 2.7, 1.01 ],
							"unwrapMode": 1,
							"autoUnwrap": false,
							"uv": [ 43.5, 36.0 ],
							"rotationOrigin": [ 0.5952, 1.803, 0.0 ],
							"rotationZ": 2.0,
							"faces": {
								"north": { "texture": "#varangianhead", "uv": [ 43.5, 25.5, 50.0, 27.0 ], "autoUv": false },
								"east": { "texture": "#varangianhead", "uv": [ 60.0, 33.0, 61.5, 34.5 ], "autoUv": false, "windMode": [-1,-1,-1,-1], "windData": [1,1,1,1] },
								"south": { "texture": "#varangianhead", "uv": [ 49.0, 32.0, 55.5, 31.0 ], "autoUv": false },
								"west": { "texture": "#varangianhead", "uv": [ 60.0, 33.3, 61.5, 34.8 ], "autoUv": false },
								"up": { "texture": "#varangianhead", "uv": [ 43.5, 25.0, 50.0, 26.5 ], "rotation": 180, "autoUv": false, "windMode": [-1,-1,-1,-1], "windData": [1,1,1,1] },
								"down": { "texture": "#varangianhead", "uv": [ 49.0, 31.0, 55.5, 32.0 ] }
							}
						},
						{
							"name": "ArmorHelmetRim3",
							"from": [ 1.1, 2.2, 0.0 ],
							"to": [ 6.6, 3.3, 1.0 ],
							"unwrapMode": 1,
							"autoUnwrap": false,
							"uv": [ 43.5, 35.0 ],
							"rotationOrigin": [ 1.0952, 2.203, 0.0 ],
							"rotationZ": 2.0,
							"faces": {
								"north": { "texture": "#varangianhead", "uv": [ 42.5, 31.0, 48.0, 32.0 ] },
								"east": { "texture": "#varangianhead", "uv": [ 60.0, 27.8, 61.5, 29.5 ], "autoUv": false, "windMode": [-1,-1,-1,-1], "windData": [1,2,2,1] },
								"south": { "texture": "#varangianhead", "uv": [ 42.5, 31.0, 48.0, 32.0 ] },
								"west": { "texture": "#varangianhead", "uv": [ 60.0, 27.8, 61.5, 29.5 ], "autoUv": false },
								"up": { "texture": "#varangianhead", "uv": [ 43.0, 25.0, 51.0, 26.5 ], "rotation": 180, "autoUv": false, "windMode": [-1,-1,-1,-1], "windData": [1,1,1,1] },
								"down": { "texture": "#varangianhead", "uv": [ 0.0, 0.0, 5.5, 1.0 ], "enabled": false }
							}
						}
					]
				},
				{
					"name": "ArmorHelmet3",
					"from": [ -0.2278, -0.49, -0.3 ],
					"to": [ 6.7722, 0.81, 6.6 ],
					"autoUnwrap": false,
					"uv": [ 22.0, 21.5 ],
					"rotationOrigin": [ -0.2278, -0.4925, -0.3 ],
					"faces": {
						"north": { "texture": "#varangianhead", "uv": [ 43.0, 27.0, 51.5, 28.5 ], "autoUv": false, "windMode": [-1,-1,-1,-1], "windData": [1,1,1,1] },
						"east": { "texture": "#varangianhead", "uv": [ 43.0, 27.0, 51.5, 28.5 ], "autoUv": false, "windMode": [-1,-1,-1,-1], "windData": [0,0,0,0] },
						"south": { "texture": "#varangianhead", "uv": [ 43.0, 27.0, 51.5, 28.5 ], "autoUv": false, "windMode": [-1,-1,-1,-1], "windData": [1,1,1,1] },
						"west": { "texture": "#varangianhead", "uv": [ 43.0, 27.0, 51.5, 28.5 ], "autoUv": false, "windMode": [-1,-1,-1,-1], "windData": [1,1,1,1] },
						"up": { "texture": "#varangianhead", "uv": [ 44.0, 20.0, 50.5, 27.0 ], "rotation": 90, "windMode": [-1,-1,-1,-1], "windData": [1,1,1,1] },
						"down": { "texture": "#varangianhead", "uv": [ 43.5, 20.0, 50.0, 27.0 ], "rotation": 90, "windMode": [-1,-1,-1,-1], "windData": [1,1,1,1] }
					}
				},
				{
					"name": "ArmorHelmet4",
					"from": [ 2.87, -1.59, -0.2 ],
					"to": [ 6.87, -0.49, 6.5 ],
					"autoUnwrap": false,
					"uv": [ 23.5, 16.0 ],
					"rotationOrigin": [ 2.8722, -1.5925, -0.2 ],
					"faces": {
						"north": { "texture": "#varangianhead", "uv": [ 43.5, 21.5, 47.5, 22.5 ], "windMode": [-1,-1,-1,-1], "windData": [1,1,1,1] },
						"east": { "texture": "#varangianhead", "uv": [ 43.5, 19.5, 50.0, 20.5 ], "windMode": [-1,-1,-1,-1], "windData": [0,0,0,0] },
						"south": { "texture": "#varangianhead", "uv": [ 46.5, 21.5, 50.5, 22.5 ], "windMode": [-1,-1,-1,-1], "windData": [1,1,1,1] },
						"west": { "texture": "#varangianhead", "uv": [ 43.5, 26.0, 50.0, 27.0 ], "windMode": [-1,-1,-1,-1], "windData": [1,1,1,1] },
						"up": { "texture": "#varangianhead", "uv": [ 23.5, 16.0, 30.0, 20.0 ], "rotation": 90, "windMode": [-1,-1,-1,-1], "windData": [1,1,1,1], "enabled": false },
						"down": { "texture": "#varangianhead", "uv": [ 55.0, 40.5, 61.5, 44.5 ], "rotation": 90, "windMode": [-1,-1,-1,-1], "windData": [1,1,1,1] }
					}
				},
				{
					"name": "ArmorChain",
					"from": [ 0.2, -3.9, 0.0 ],
					"to": [ 6.4, -0.4, 6.3 ],
					"autoUnwrap": false,
					"uv": [ 27.0, 47.0 ],
					"rotationOrigin": [ 0.2, -3.9, 0.0 ],
					"faces": {
						"north": { "texture": "#varangianhead", "uv": [ 53.5, 44.5, 59.5, 48.0 ], "windMode": [-1,-1,-1,-1], "windData": [1,1,1,1] },
						"east": { "texture": "#varangianhead", "uv": [ 56.5, 44.5, 62.5, 48.0 ], "windMode": [-1,-1,-1,-1], "windData": [0,0,0,0] },
						"south": { "texture": "#varangianhead", "uv": [ 53.5, 44.5, 59.5, 48.0 ], "windMode": [-1,-1,-1,-1], "windData": [1,1,1,1] },
						"west": { "texture": "#varangianhead", "uv": [ 53.5, 34.5, 59.5, 37.9 ], "autoUv": false, "windMode": [-1,-1,-1,-1], "windData": [1,1,1,1] },
						"up": { "texture": "#varangianhead", "uv": [ 53.5, 43.5, 59.5, 49.5 ], "rotation": 90, "windMode": [-1,-1,-1,-1], "windData": [1,1,1,1] },
						"down": { "texture": "#varangianhead", "uv": [ 57.0, 43.0, 63.0, 49.0 ], "rotation": 90, "windMode": [-1,-1,-1,-1], "windData": [1,1,1,1] }
					}
				},
				{
					"name": "ArmorStrap",
					"from": [ 1.07, -3.99, -0.19 ],
					"to": [ 2.07, -0.49, 6.49 ],
					"uv": [ 3.5, 48.5 ],
					"rotationOrigin": [ 1.0722, -3.9925, -0.2 ],
					"rotationZ": -32.0,
					"faces": {
						"north": { "texture": "#varangianhead", "uv": [ 3.5, 49.5, 4.5, 53.0 ], "windMode": [-1,-1,-1,-1], "windData": [1,1,1,1] },
						"east": { "texture": "#varangianhead", "uv": [ 4.5, 49.5, 11.0, 53.0 ], "windMode": [-1,-1,-1,-1], "windData": [0,0,0,0] },
						"south": { "texture": "#varangianhead", "uv": [ 11.0, 49.5, 12.0, 53.0 ], "windMode": [-1,-1,-1,-1], "windData": [1,1,1,1] },
						"west": { "texture": "#varangianhead", "uv": [ 12.0, 49.5, 18.5, 53.0 ], "windMode": [-1,-1,-1,-1], "windData": [1,1,1,1] },
						"up": { "texture": "#varangianhead", "uv": [ 3.5, 48.5, 10.0, 49.5 ], "rotation": 90, "windMode": [-1,-1,-1,-1], "windData": [1,1,1,1] },
						"down": { "texture": "#varangianhead", "uv": [ 10.0, 48.5, 16.5, 49.5 ], "rotation": 90, "windMode": [-1,-1,-1,-1], "windData": [1,1,1,1] }
					}
				},
				{
					"name": "ArmorMask",
					"from": [ -0.8, -4.3, 2.75 ],
					"to": [ -0.4, -0.4, 3.55 ],
					"uv": [ 50.8, 22.9 ],
					"rotationOrigin": [ -0.8, -4.3, 2.75 ],
					"faces": {
						"north": { "texture": "#varangianhead", "uv": [ 51.0, 23.5, 51.5, 27.0 ], "windMode": [-1,-1,-1,-1], "windData": [1,1,1,1] },
						"east": { "texture": "#varangianhead", "uv": [ 51.5, 23.5, 52.0, 27.0 ], "windMode": [-1,-1,-1,-1], "windData": [0,0,0,0] },
						"south": { "texture": "#varangianhead", "uv": [ 52.0, 23.5, 52.5, 27.0 ], "windMode": [-1,-1,-1,-1], "windData": [1,1,1,1] },
						"west": { "texture": "#varangianhead", "uv": [ 52.5, 23.5, 53.0, 27.0 ], "windMode": [-1,-1,-1,-1], "windData": [1,1,1,1] },
						"up": { "texture": "#varangianhead", "uv": [ 51.0, 23.0, 51.5, 23.5 ], "rotation": 90, "windMode": [-1,-1,-1,-1], "windData": [1,1,1,1] },
						"down": { "texture": "#varangianhead", "uv": [ 51.5, 23.0, 52.0, 23.5 ], "rotation": 90, "windMode": [-1,-1,-1,-1], "windData": [1,1,1,1] }
					},
					"children": [
						{
							"name": "ArmorMask2",
							"from": [ -0.1, 2.3, 0.8 ],
							"to": [ 0.5, 2.8, 1.4 ],
							"uv": [ 55.5, 20.5 ],
							"rotationOrigin": [ -0.1, 2.8, 0.8 ],
							"rotationX": 30.0,
							"rotationY": 15.0,
							"faces": {
								"north": { "texture": "#varangianhead", "uv": [ 55.5, 21.0, 56.0, 21.5 ], "windMode": [-1,-1,-1,-1], "windData": [1,1,1,1] },
								"east": { "texture": "#varangianhead", "uv": [ 56.0, 21.0, 56.5, 21.5 ], "windMode": [-1,-1,-1,-1], "windData": [0,0,0,0] },
								"south": { "texture": "#varangianhead", "uv": [ 56.5, 21.0, 57.0, 21.5 ], "windMode": [-1,-1,-1,-1], "windData": [1,1,1,1] },
								"west": { "texture": "#varangianhead", "uv": [ 57.0, 21.0, 57.5, 21.5 ], "windMode": [-1,-1,-1,-1], "windData": [1,1,1,1] },
								"up": { "texture": "#varangianhead", "uv": [ 55.5, 20.5, 56.0, 21.0 ], "rotation": 90, "windMode": [-1,-1,-1,-1], "windData": [1,1,1,1] },
								"down": { "texture": "#varangianhead", "uv": [ 56.0, 20.5, 56.5, 21.0 ], "rotation": 90, "windMode": [-1,-1,-1,-1], "windData": [1,1,1,1] }
							},
							"children": [
								{
									"name": "ArmorMask3",
									"from": [ -0.01, 0.0, 0.6 ],
									"to": [ 0.59, 0.5, 1.6 ],
									"uv": [ 57.5, 20.5 ],
									"rotationOrigin": [ 0.0, 0.0, 0.6 ],
									"rotationX": -30.0,
									"faces": {
										"north": { "texture": "#varangianhead", "uv": [ 57.5, 21.0, 58.0, 21.5 ], "windMode": [-1,-1,-1,-1], "windData": [1,1,1,1] },
										"east": { "texture": "#varangianhead", "uv": [ 58.0, 21.0, 59.0, 21.5 ], "windMode": [-1,-1,-1,-1], "windData": [0,0,0,0] },
										"south": { "texture": "#varangianhead", "uv": [ 59.0, 21.0, 59.5, 21.5 ], "windMode": [-1,-1,-1,-1], "windData": [1,1,1,1] },
										"west": { "texture": "#varangianhead", "uv": [ 59.5, 21.0, 60.5, 21.5 ], "windMode": [-1,-1,-1,-1], "windData": [1,1,1,1] },
										"up": { "texture": "#varangianhead", "uv": [ 57.5, 20.5, 58.5, 21.0 ], "rotation": 90, "windMode": [-1,-1,-1,-1], "windData": [1,1,1,1] },
										"down": { "texture": "#varangianhead", "uv": [ 58.5, 20.5, 59.5, 21.0 ], "rotation": 90, "windMode": [-1,-1,-1,-1], "windData": [1,1,1,1] }
									},
									"children": [
										{
											"name": "ArmorMask4",
											"from": [ 0.01, 0.0, 1.0 ],
											"to": [ 0.61, 0.5, 1.6 ],
											"uv": [ 55.0, 21.0 ],
											"rotationOrigin": [ 0.0, 0.0, 1.0 ],
											"rotationX": -30.0,
											"faces": {
												"north": { "texture": "#varangianhead", "uv": [ 55.0, 21.5, 55.5, 22.0 ], "windMode": [-1,-1,-1,-1], "windData": [1,1,1,1] },
												"east": { "texture": "#varangianhead", "uv": [ 55.5, 21.5, 56.0, 22.0 ], "windMode": [-1,-1,-1,-1], "windData": [0,0,0,0] },
												"south": { "texture": "#varangianhead", "uv": [ 56.0, 21.5, 56.5, 22.0 ], "windMode": [-1,-1,-1,-1], "windData": [1,1,1,1] },
												"west": { "texture": "#varangianhead", "uv": [ 56.5, 21.5, 57.0, 22.0 ], "windMode": [-1,-1,-1,-1], "windData": [1,1,1,1] },
												"up": { "texture": "#varangianhead", "uv": [ 55.0, 21.0, 55.5, 21.5 ], "rotation": 90, "windMode": [-1,-1,-1,-1], "windData": [1,1,1,1] },
												"down": { "texture": "#varangianhead", "uv": [ 55.5, 21.0, 56.0, 21.5 ], "rotation": 90, "windMode": [-1,-1,-1,-1], "windData": [1,1,1,1] }
											}
										}
									]
								}
							]
						},
						{
							"name": "ArmorMask7",
							"from": [ -0.1, 2.3, -0.6 ],
							"to": [ 0.5, 2.8, 0.0 ],
							"uv": [ 55.0, 20.5 ],
							"rotationOrigin": [ -0.1, 2.8, 0.0 ],
							"rotationX": -30.0,
							"rotationY": -15.0,
							"faces": {
								"north": { "texture": "#varangianhead", "uv": [ 55.0, 21.0, 55.5, 21.5 ], "windMode": [-1,-1,-1,-1], "windData": [1,1,1,1] },
								"east": { "texture": "#varangianhead", "uv": [ 55.5, 21.0, 56.0, 21.5 ], "windMode": [-1,-1,-1,-1], "windData": [0,0,0,0] },
								"south": { "texture": "#varangianhead", "uv": [ 56.0, 21.0, 56.5, 21.5 ], "windMode": [-1,-1,-1,-1], "windData": [1,1,1,1] },
								"west": { "texture": "#varangianhead", "uv": [ 56.5, 21.0, 57.0, 21.5 ], "windMode": [-1,-1,-1,-1], "windData": [1,1,1,1] },
								"up": { "texture": "#varangianhead", "uv": [ 55.0, 20.5, 55.5, 21.0 ], "rotation": 90, "windMode": [-1,-1,-1,-1], "windData": [1,1,1,1] },
								"down": { "texture": "#varangianhead", "uv": [ 55.5, 20.5, 56.0, 21.0 ], "rotation": 90, "windMode": [-1,-1,-1,-1], "windData": [1,1,1,1] }
							},
							"children": [
								{
									"name": "ArmorMask6",
									"from": [ -0.01, 0.0, -1.0 ],
									"to": [ 0.59, 0.5, 0.0 ],
									"uv": [ 56.5, 20.5 ],
									"rotationOrigin": [ 0.0, 0.0, 0.0 ],
									"rotationX": 30.0,
									"faces": {
										"north": { "texture": "#varangianhead", "uv": [ 56.5, 21.0, 57.0, 21.5 ], "windMode": [-1,-1,-1,-1], "windData": [1,1,1,1] },
										"east": { "texture": "#varangianhead", "uv": [ 57.0, 21.0, 58.0, 21.5 ], "windMode": [-1,-1,-1,-1], "windData": [0,0,0,0] },
										"south": { "texture": "#varangianhead", "uv": [ 58.0, 21.0, 58.5, 21.5 ], "windMode": [-1,-1,-1,-1], "windData": [1,1,1,1] },
										"west": { "texture": "#varangianhead", "uv": [ 58.5, 21.0, 59.5, 21.5 ], "windMode": [-1,-1,-1,-1], "windData": [1,1,1,1] },
										"up": { "texture": "#varangianhead", "uv": [ 56.5, 20.5, 57.5, 21.0 ], "rotation": 90, "windMode": [-1,-1,-1,-1], "windData": [1,1,1,1] },
										"down": { "texture": "#varangianhead", "uv": [ 57.5, 20.5, 58.5, 21.0 ], "rotation": 90, "windMode": [-1,-1,-1,-1], "windData": [1,1,1,1] }
									},
									"children": [
										{
											"name": "ArmorMask5",
											"from": [ 0.01, 0.0, -0.6 ],
											"to": [ 0.61, 0.5, 0.0 ],
											"uv": [ 57.4, 20.5 ],
											"rotationOrigin": [ 0.0, 0.0, 0.0 ],
											"rotationX": 30.0,
											"faces": {
												"north": { "texture": "#varangianhead", "uv": [ 57.5, 21.0, 58.0, 21.5 ], "windMode": [-1,-1,-1,-1], "windData": [1,1,1,1] },
												"east": { "texture": "#varangianhead", "uv": [ 58.0, 21.0, 58.5, 21.5 ], "windMode": [-1,-1,-1,-1], "windData": [0,0,0,0] },
												"south": { "texture": "#varangianhead", "uv": [ 58.5, 21.0, 59.0, 21.5 ], "windMode": [-1,-1,-1,-1], "windData": [1,1,1,1] },
												"west": { "texture": "#varangianhead", "uv": [ 59.0, 21.0, 59.5, 21.5 ], "windMode": [-1,-1,-1,-1], "windData": [1,1,1,1] },
												"up": { "texture": "#varangianhead", "uv": [ 57.5, 20.5, 58.0, 21.0 ], "rotation": 90, "windMode": [-1,-1,-1,-1], "windData": [1,1,1,1] },
												"down": { "texture": "#varangianhead", "uv": [ 58.0, 20.5, 58.5, 21.0 ], "rotation": 90, "windMode": [-1,-1,-1,-1], "windData": [1,1,1,1] }
											}
										}
									]
								}
							]
						},
						{
							"name": "ArmorMaskL",
							"from": [ 0.0, 0.0, 0.8 ],
							"to": [ 0.4, 2.4, 1.6 ],
							"autoUnwrap": false,
							"uv": [ 45.0, 24.0 ],
							"rotationOrigin": [ 0.0, 0.0, 0.8 ],
							"rotationY": 15.0,
							"faces": {
								"north": { "texture": "#varangianhead", "uv": [ 45.0, 24.5, 45.5, 26.5 ], "windMode": [-1,-1,-1,-1], "windData": [1,1,1,1] },
								"east": { "texture": "#varangianhead", "uv": [ 45.5, 24.5, 46.0, 26.5 ], "windMode": [-1,-1,-1,-1], "windData": [0,0,0,0] },
								"south": { "texture": "#varangianhead", "uv": [ 46.0, 24.5, 46.5, 26.5 ], "windMode": [-1,-1,-1,-1], "windData": [1,1,1,1] },
								"west": { "texture": "#varangianhead", "uv": [ 46.5, 24.8, 47.0, 26.5 ], "autoUv": false, "windMode": [-1,-1,-1,-1], "windData": [1,1,1,1] },
								"up": { "texture": "#varangianhead", "uv": [ 45.0, 24.0, 45.5, 24.5 ], "rotation": 90, "windMode": [-1,-1,-1,-1], "windData": [1,1,1,1] },
								"down": { "texture": "#varangianhead", "uv": [ 45.5, 24.0, 46.0, 24.5 ], "rotation": 90, "windMode": [-1,-1,-1,-1], "windData": [1,1,1,1] }
							},
							"children": [
								{
									"name": "ArmorMaskL2",
									"from": [ 0.0, 0.5, 0.8 ],
									"to": [ 0.4, 2.4, 1.5 ],
									"autoUnwrap": false,
									"uv": [ 44.0, 24.0 ],
									"rotationOrigin": [ 0.0, 0.5, 0.8 ],
									"faces": {
										"north": { "texture": "#varangianhead", "uv": [ 44.0, 24.5, 44.5, 26.0 ], "windMode": [-1,-1,-1,-1], "windData": [1,1,1,1] },
										"east": { "texture": "#varangianhead", "uv": [ 44.5, 24.5, 45.0, 26.0 ], "windMode": [-1,-1,-1,-1], "windData": [0,0,0,0] },
										"south": { "texture": "#varangianhead", "uv": [ 45.0, 24.5, 45.5, 26.0 ], "windMode": [-1,-1,-1,-1], "windData": [1,1,1,1] },
										"west": { "texture": "#varangianhead", "uv": [ 45.5, 25.1, 46.0, 26.0 ], "autoUv": false, "windMode": [-1,-1,-1,-1], "windData": [1,1,1,1] },
										"up": { "texture": "#varangianhead", "uv": [ 44.0, 24.0, 44.5, 24.5 ], "rotation": 90, "windMode": [-1,-1,-1,-1], "windData": [1,1,1,1] },
										"down": { "texture": "#varangianhead", "uv": [ 44.5, 24.0, 45.0, 24.5 ], "rotation": 90, "windMode": [-1,-1,-1,-1], "windData": [1,1,1,1] }
									}
								},
								{
									"name": "ArmorMaskL3",
									"from": [ 0.01, 0.0, 0.8 ],
									"to": [ 0.41, 0.9, 2.2 ],
									"uv": [ 46.5, 25.5 ],
									"rotationOrigin": [ 0.0, 0.0, 0.8 ],
									"rotationX": -15.0,
									"faces": {
										"north": { "texture": "#varangianhead", "uv": [ 46.5, 26.0, 47.0, 26.5 ], "windMode": [-1,-1,-1,-1], "windData": [1,1,1,1] },
										"east": { "texture": "#varangianhead", "uv": [ 47.0, 26.0, 48.0, 26.5 ], "windMode": [-1,-1,-1,-1], "windData": [0,0,0,0] },
										"south": { "texture": "#varangianhead", "uv": [ 48.0, 26.0, 48.5, 26.5 ], "windMode": [-1,-1,-1,-1], "windData": [1,1,1,1] },
										"west": { "texture": "#varangianhead", "uv": [ 48.5, 26.0, 49.5, 26.5 ], "windMode": [-1,-1,-1,-1], "windData": [1,1,1,1] },
										"up": { "texture": "#varangianhead", "uv": [ 46.5, 25.5, 47.5, 26.0 ], "rotation": 90, "windMode": [-1,-1,-1,-1], "windData": [1,1,1,1] },
										"down": { "texture": "#varangianhead", "uv": [ 47.5, 25.5, 48.5, 26.0 ], "rotation": 90, "windMode": [-1,-1,-1,-1], "windData": [1,1,1,1] }
									},
									"children": [
										{
											"name": "ArmorMaskL5",
											"from": [ 0.01, 0.0, 1.4 ],
											"to": [ 0.41, 0.9, 2.2 ],
											"uv": [ 43.0, 26.0 ],
											"rotationOrigin": [ 0.0, 0.0, 1.4 ],
											"rotationX": -46.0,
											"faces": {
												"north": { "texture": "#varangianhead", "uv": [ 43.0, 26.5, 43.5, 27.0 ], "windMode": [-1,-1,-1,-1], "windData": [1,1,1,1] },
												"east": { "texture": "#varangianhead", "uv": [ 43.5, 26.5, 44.0, 27.0 ], "windMode": [-1,-1,-1,-1], "windData": [0,0,0,0] },
												"south": { "texture": "#varangianhead", "uv": [ 44.0, 26.5, 44.5, 27.0 ], "windMode": [-1,-1,-1,-1], "windData": [1,1,1,1] },
												"west": { "texture": "#varangianhead", "uv": [ 44.5, 26.5, 45.0, 27.0 ], "windMode": [-1,-1,-1,-1], "windData": [1,1,1,1] },
												"up": { "texture": "#varangianhead", "uv": [ 43.0, 26.0, 43.5, 26.5 ], "rotation": 90, "windMode": [-1,-1,-1,-1], "windData": [1,1,1,1] },
												"down": { "texture": "#varangianhead", "uv": [ 43.5, 26.0, 44.0, 26.5 ], "rotation": 90, "windMode": [-1,-1,-1,-1], "windData": [1,1,1,1] }
											}
										}
									]
								},
								{
									"name": "ArmorMaskL4",
									"from": [ 0.0, 1.0, 1.5 ],
									"to": [ 0.4, 3.9, 2.6 ],
									"autoUnwrap": false,
									"uv": [ 45.5, 20.0 ],
									"rotationOrigin": [ 0.0, 1.0, 1.5 ],
									"faces": {
										"north": { "texture": "#varangianhead", "uv": [ 45.5, 20.5, 46.0, 23.0 ], "windMode": [-1,-1,-1,-1], "windData": [1,1,1,1] },
										"east": { "texture": "#varangianhead", "uv": [ 46.0, 20.5, 47.0, 23.0 ], "windMode": [-1,-1,-1,-1], "windData": [0,0,0,0] },
										"south": { "texture": "#varangianhead", "uv": [ 50.5, 20.5, 51.0, 23.0 ], "windMode": [-1,-1,-1,-1], "windData": [1,1,1,1] },
										"west": { "texture": "#varangianhead", "uv": [ 47.5, 20.5, 48.5, 23.0 ], "windMode": [-1,-1,-1,-1], "windData": [1,1,1,1] },
										"up": { "texture": "#varangianhead", "uv": [ 45.5, 20.0, 46.5, 20.5 ], "rotation": 90, "windMode": [-1,-1,-1,-1], "windData": [1,1,1,1] },
										"down": { "texture": "#varangianhead", "uv": [ 46.5, 20.0, 47.5, 20.5 ], "rotation": 90, "windMode": [-1,-1,-1,-1], "windData": [1,1,1,1] }
									}
								}
							]
						},
						{
							"name": "ArmorMaskP",
							"from": [ 0.0, 0.0, -0.8 ],
							"to": [ 0.4, 2.4, 0.0 ],
							"autoUnwrap": false,
							"uv": [ 45.0, 24.0 ],
							"rotationOrigin": [ 0.0, 0.0, 0.0 ],
							"rotationY": -15.0,
							"faces": {
								"north": { "texture": "#varangianhead", "uv": [ 45.0, 24.5, 45.5, 26.5 ], "autoUv": false, "windMode": [-1,-1,-1,-1], "windData": [1,1,1,1] },
								"east": { "texture": "#varangianhead", "uv": [ 45.5, 24.5, 46.0, 26.5 ], "autoUv": false, "windMode": [-1,-1,-1,-1], "windData": [0,0,0,0] },
								"south": { "texture": "#varangianhead", "uv": [ 46.0, 24.5, 46.5, 26.5 ], "autoUv": false, "windMode": [-1,-1,-1,-1], "windData": [1,1,1,1] },
								"west": { "texture": "#varangianhead", "uv": [ 46.5, 24.8, 47.0, 26.5 ], "autoUv": false, "windMode": [-1,-1,-1,-1], "windData": [1,1,1,1] },
								"up": { "texture": "#varangianhead", "uv": [ 45.0, 24.0, 45.5, 24.5 ], "rotation": 90, "autoUv": false, "windMode": [-1,-1,-1,-1], "windData": [1,1,1,1] },
								"down": { "texture": "#varangianhead", "uv": [ 45.5, 24.0, 46.0, 24.5 ], "rotation": 90, "autoUv": false, "windMode": [-1,-1,-1,-1], "windData": [1,1,1,1] }
							},
							"children": [
								{
									"name": "ArmorMaskP2",
									"from": [ 0.0, 0.5, -0.7 ],
									"to": [ 0.4, 2.4, 0.0 ],
									"autoUnwrap": false,
									"uv": [ 44.0, 24.0 ],
									"rotationOrigin": [ 0.0, 0.5, -0.1 ],
									"faces": {
										"north": { "texture": "#varangianhead", "uv": [ 44.0, 24.5, 44.5, 26.0 ], "windMode": [-1,-1,-1,-1], "windData": [1,1,1,1] },
										"east": { "texture": "#varangianhead", "uv": [ 44.5, 24.5, 45.0, 26.0 ], "windMode": [-1,-1,-1,-1], "windData": [0,0,0,0] },
										"south": { "texture": "#varangianhead", "uv": [ 45.0, 24.5, 45.5, 26.0 ], "windMode": [-1,-1,-1,-1], "windData": [1,1,1,1] },
										"west": { "texture": "#varangianhead", "uv": [ 45.5, 25.1, 46.0, 26.0 ], "autoUv": false, "windMode": [-1,-1,-1,-1], "windData": [1,1,1,1] },
										"up": { "texture": "#varangianhead", "uv": [ 44.0, 24.0, 44.5, 24.5 ], "rotation": 90, "windMode": [-1,-1,-1,-1], "windData": [1,1,1,1] },
										"down": { "texture": "#varangianhead", "uv": [ 44.5, 24.0, 45.0, 24.5 ], "rotation": 90, "windMode": [-1,-1,-1,-1], "windData": [1,1,1,1] }
									}
								},
								{
									"name": "ArmorMaskP3",
									"from": [ 0.01, 0.0, -1.4 ],
									"to": [ 0.41, 0.9, 0.0 ],
									"uv": [ 47.0, 25.5 ],
									"rotationOrigin": [ 0.0, 0.0, 0.0 ],
									"rotationX": 15.0,
									"faces": {
										"north": { "texture": "#varangianhead", "uv": [ 47.0, 26.0, 47.5, 26.5 ], "windMode": [-1,-1,-1,-1], "windData": [1,1,1,1] },
										"east": { "texture": "#varangianhead", "uv": [ 47.5, 26.0, 48.5, 26.5 ], "windMode": [-1,-1,-1,-1], "windData": [0,0,0,0] },
										"south": { "texture": "#varangianhead", "uv": [ 48.5, 26.0, 49.0, 26.5 ], "windMode": [-1,-1,-1,-1], "windData": [1,1,1,1] },
										"west": { "texture": "#varangianhead", "uv": [ 49.0, 26.0, 50.0, 26.5 ], "windMode": [-1,-1,-1,-1], "windData": [1,1,1,1] },
										"up": { "texture": "#varangianhead", "uv": [ 47.0, 25.5, 48.0, 26.0 ], "rotation": 90, "windMode": [-1,-1,-1,-1], "windData": [1,1,1,1] },
										"down": { "texture": "#varangianhead", "uv": [ 48.0, 25.5, 49.0, 26.0 ], "rotation": 90, "windMode": [-1,-1,-1,-1], "windData": [1,1,1,1] }
									},
									"children": [
										{
											"name": "ArmorMaskP5",
											"from": [ 0.01, 0.0, -0.8 ],
											"to": [ 0.41, 0.9, 0.0 ],
											"uv": [ 43.0, 26.0 ],
											"rotationOrigin": [ 0.0, 0.0, 0.0 ],
											"rotationX": 46.0,
											"faces": {
												"north": { "texture": "#varangianhead", "uv": [ 43.0, 26.5, 43.5, 27.0 ], "windMode": [-1,-1,-1,-1], "windData": [1,1,1,1] },
												"east": { "texture": "#varangianhead", "uv": [ 43.5, 26.5, 44.0, 27.0 ], "windMode": [-1,-1,-1,-1], "windData": [0,0,0,0] },
												"south": { "texture": "#varangianhead", "uv": [ 44.0, 26.5, 44.5, 27.0 ], "windMode": [-1,-1,-1,-1], "windData": [1,1,1,1] },
												"west": { "texture": "#varangianhead", "uv": [ 44.5, 26.5, 45.0, 27.0 ], "windMode": [-1,-1,-1,-1], "windData": [1,1,1,1] },
												"up": { "texture": "#varangianhead", "uv": [ 43.0, 26.0, 43.5, 26.5 ], "rotation": 90, "windMode": [-1,-1,-1,-1], "windData": [1,1,1,1] },
												"down": { "texture": "#varangianhead", "uv": [ 43.5, 26.0, 44.0, 26.5 ], "rotation": 90, "windMode": [-1,-1,-1,-1], "windData": [1,1,1,1] }
											}
										}
									]
								},
								{
									"name": "ArmorMaskP4",
									"from": [ 0.0, 1.0, -1.8 ],
									"to": [ 0.4, 3.9, -0.7 ],
									"uv": [ 42.9, 19.9 ],
									"rotationOrigin": [ 0.0, 1.0, -1.4 ],
									"faces": {
										"north": { "texture": "#varangianhead", "uv": [ 43.0, 20.5, 43.5, 23.0 ], "windMode": [-1,-1,-1,-1], "windData": [1,1,1,1] },
										"east": { "texture": "#varangianhead", "uv": [ 43.5, 20.5, 44.5, 23.0 ], "windMode": [-1,-1,-1,-1], "windData": [0,0,0,0] },
										"south": { "texture": "#varangianhead", "uv": [ 44.5, 20.5, 45.0, 23.0 ], "windMode": [-1,-1,-1,-1], "windData": [1,1,1,1] },
										"west": { "texture": "#varangianhead", "uv": [ 45.0, 20.5, 46.0, 23.0 ], "windMode": [-1,-1,-1,-1], "windData": [1,1,1,1] },
										"up": { "texture": "#varangianhead", "uv": [ 43.0, 20.0, 44.0, 20.5 ], "rotation": 90, "windMode": [-1,-1,-1,-1], "windData": [1,1,1,1] },
										"down": { "texture": "#varangianhead", "uv": [ 44.0, 20.0, 45.0, 20.5 ], "rotation": 90, "windMode": [-1,-1,-1,-1], "windData": [1,1,1,1] }
									}
								}
							]
						}
					]
				},
				{
					"name": "ArmorHelmetRim4",
					"from": [ -0.71, 0.12, 2.95 ],
					"to": [ 7.29, 2.62, 3.35 ],
					"unwrapMode": 1,
					"autoUnwrap": false,
					"uv": [ 43.5, 34.0 ],
					"rotationOrigin": [ -0.7148, 0.123, 2.95 ],
					"rotationZ": -2.0,
					"faces": {
						"north": { "texture": "#varangianhead", "uv": [ 41.5, 29.5, 49.5, 32.0 ] },
						"east": { "texture": "#varangianhead", "uv": [ 45.5, 24.0, 46.0, 26.5 ], "windMode": [-1,-1,-1,-1], "windData": [1,1,1,1] },
						"south": { "texture": "#varangianhead", "uv": [ 47.5, 29.5, 55.5, 32.0 ] },
						"west": { "texture": "#varangianhead", "uv": [ 48.0, 23.5, 48.5, 26.0 ] },
						"up": { "texture": "#varangianhead", "uv": [ 43.0, 23.0, 51.0, 23.5 ], "rotation": 180, "windMode": [-1,-1,-1,-1], "windData": [1,1,1,1] },
						"down": { "texture": "#varangianhead", "uv": [ 0.0, 0.0, 8.0, 0.5 ], "enabled": false }
					},
					"children": [
						{
							"name": "ArmorHelmetRim5",
							"from": [ 0.6, 2.1, -0.01 ],
							"to": [ 7.4, 3.0, 0.41 ],
							"unwrapMode": 1,
							"autoUnwrap": false,
							"uv": [ 43.5, 36.0 ],
							"rotationOrigin": [ 0.5952, 2.103, 0.0 ],
							"rotationZ": 2.0,
							"faces": {
								"north": { "texture": "#varangianhead", "uv": [ 43.5, 25.5, 50.0, 27.0 ], "autoUv": false },
								"east": { "texture": "#varangianhead", "uv": [ 47.0, 24.0, 47.5, 24.5 ], "windMode": [-1,-1,-1,-1], "windData": [1,1,1,1] },
								"south": { "texture": "#varangianhead", "uv": [ 49.0, 32.0, 55.5, 31.0 ], "autoUv": false },
								"west": { "texture": "#varangianhead", "uv": [ 45.0, 24.5, 45.5, 25.0 ] },
								"up": { "texture": "#varangianhead", "uv": [ 43.5, 26.5, 50.0, 27.0 ], "rotation": 180, "windMode": [-1,-1,-1,-1], "windData": [1,1,1,1] },
								"down": { "texture": "#varangianhead", "uv": [ 49.0, 31.0, 55.5, 31.5 ] }
							}
						},
						{
							"name": "ArmorHelmetRim6",
							"from": [ 1.1, 2.5, 0.0 ],
							"to": [ 6.8, 3.6, 0.4 ],
							"unwrapMode": 1,
							"autoUnwrap": false,
							"uv": [ 43.5, 35.0 ],
							"rotationOrigin": [ 1.0952, 2.503, 0.0 ],
							"rotationZ": 2.0,
							"faces": {
								"north": { "texture": "#varangianhead", "uv": [ 42.5, 31.0, 48.0, 32.0 ] },
								"east": { "texture": "#varangianhead", "uv": [ 47.0, 22.0, 47.5, 23.0 ], "windMode": [-1,-1,-1,-1], "windData": [1,2,2,1] },
								"south": { "texture": "#varangianhead", "uv": [ 42.5, 31.0, 48.0, 32.0 ] },
								"west": { "texture": "#varangianhead", "uv": [ 47.0, 22.0, 47.5, 23.0 ] },
								"up": { "texture": "#varangianhead", "uv": [ 44.0, 25.0, 49.5, 25.5 ], "rotation": 180, "windMode": [-1,-1,-1,-1], "windData": [1,1,1,1] },
								"down": { "texture": "#varangianhead", "uv": [ 0.0, 0.0, 5.5, 0.5 ], "enabled": false }
							}
						}
					]
				},
				{
					"name": "PlumeBase",
					"from": [ 3.25, 3.1, 2.9 ],
					"to": [ 4.25, 4.1, 3.4 ],
					"autoUnwrap": false,
					"uv": [ 19.0, 7.0 ],
					"rotationOrigin": [ 3.2475, 3.1, 2.9 ],
					"rotationZ": -2.0,
					"faces": {
						"north": { "texture": "#plume", "uv": [ 0.0, 8.0, 1.0, 9.0 ] },
						"east": { "texture": "#plume", "uv": [ 0.5, 9.0, 1.0, 10.0 ] },
						"south": { "texture": "#plume", "uv": [ 0.0, 9.0, 1.0, 10.0 ] },
						"west": { "texture": "#plume", "uv": [ 0.0, 8.5, 0.5, 9.5 ] },
						"up": { "texture": "#plume", "uv": [ 0.5, 9.5, 1.5, 10.0 ] },
						"down": { "texture": "#plume", "uv": [ 0.0, 9.0, 1.0, 9.5 ] }
					},
					"children": [
						{
							"name": "PlumeSubBase1",
							"from": [ 0.0, 1.0, -0.1 ],
							"to": [ 2.0, 1.5, 0.6 ],
							"autoUnwrap": false,
							"uv": [ 19.0, 7.5 ],
							"rotationOrigin": [ 0.0, 1.0, -0.1 ],
							"faces": {
								"north": { "texture": "#plume", "uv": [ 0.5, 9.5, 2.5, 10.0 ] },
								"east": { "texture": "#plume", "uv": [ 1.0, 9.0, 1.5, 9.5 ] },
								"south": { "texture": "#plume", "uv": [ 0.5, 9.0, 2.5, 9.5 ] },
								"west": { "texture": "#plume", "uv": [ 1.0, 9.0, 1.5, 9.5 ] },
								"up": { "texture": "#plume", "uv": [ 0.5, 8.5, 2.5, 9.0 ] },
								"down": { "texture": "#plume", "uv": [ 0.5, 9.0, 2.5, 9.5 ] }
							}
						},
						{
							"name": "PlumeSubBase2",
							"from": [ -1.4, 0.9, -0.09 ],
							"to": [ 0.1, 1.4, 0.59 ],
							"unwrapMode": 5,
							"unwrapRotation": 1,
							"uv": [ 0.0, 7.5 ],
							"rotationOrigin": [ -1.4, 0.9, -0.1 ],
							"rotationZ": 5.0,
							"faces": {
								"north": { "texture": "#plume", "uv": [ 0.0, 8.0, 0.5, 9.5 ], "rotation": 270 },
								"east": { "texture": "#plume", "uv": [ 0.5, 7.5, 1.0, 8.0 ], "rotation": 180 },
								"south": { "texture": "#plume", "uv": [ 1.0, 8.0, 1.5, 9.5 ], "rotation": 90 },
								"west": { "texture": "#plume", "uv": [ 0.5, 9.5, 1.0, 10.0 ] },
								"up": { "texture": "#plume", "uv": [ 0.5, 8.0, 1.0, 9.5 ], "rotation": 90 },
								"down": { "texture": "#plume", "uv": [ 1.5, 8.0, 2.0, 9.5 ], "rotation": 270 }
							}
						},
						{
							"name": "PlumeSubBase3",
							"from": [ 1.9, 1.0, -0.09 ],
							"to": [ 3.0, 1.5, 0.59 ],
							"unwrapMode": 6,
							"unwrapRotation": 1,
							"uv": [ 0.0, 8.0 ],
							"rotationOrigin": [ 1.9, 1.0, -0.1 ],
							"rotationZ": -8.0,
							"faces": {
								"north": { "texture": "#plume", "uv": [ 0.0, 8.5, 0.5, 9.5 ], "rotation": 90 },
								"east": { "texture": "#plume", "uv": [ 0.5, 9.5, 1.0, 10.0 ], "rotation": 180 },
								"south": { "texture": "#plume", "uv": [ 1.0, 8.5, 1.5, 9.5 ], "rotation": 270 },
								"west": { "texture": "#plume", "uv": [ 0.5, 8.0, 1.0, 8.5 ] },
								"up": { "texture": "#plume", "uv": [ 1.5, 8.5, 2.0, 9.5 ], "rotation": 270 },
								"down": { "texture": "#plume", "uv": [ 0.5, 8.5, 1.0, 9.5 ], "rotation": 90 }
							}
						},
						{
							"name": "Plume2",
							"from": [ -0.6, 0.0, -0.5 ],
							"to": [ -0.6, 0.0, -0.5 ],
							"uv": [ 0.0, 0.0 ],
							"rotationOrigin": [ 0.5, 1.4, 0.24 ],
							"rotationZ": 5.0,
							"faces": {
								"north": { "texture": "#plume", "uv": [ 0.0, 0.5, 0.5, 1.0 ] },
								"east": { "texture": "#plume", "uv": [ 0.5, 0.5, 1.0, 1.0 ] },
								"south": { "texture": "#plume", "uv": [ 1.0, 0.5, 1.5, 1.0 ] },
								"west": { "texture": "#plume", "uv": [ 1.5, 0.5, 2.0, 1.0 ] },
								"up": { "texture": "#plume", "uv": [ 0.0, 0.0, 0.5, 0.5 ] },
								"down": { "texture": "#plume", "uv": [ 0.5, 0.0, 1.0, 0.5 ] }
							},
							"children": [
								{
									"name": "Plume2b",
									"from": [ -1.4, 1.2, 0.0 ],
									"to": [ 1.1, 2.6, 1.3 ],
									"uv": [ 3.4, 26.8 ],
									"rotationOrigin": [ -1.4, 1.2, 0.0 ],
									"rotationX": -20.0,
									"faces": {
										"north": { "texture": "#plume", "uv": [ 3.5, 28.0, 6.0, 29.0 ] },
										"east": { "texture": "#plume", "uv": [ 6.0, 28.0, 7.0, 29.0 ] },
										"south": { "texture": "#plume", "uv": [ 7.0, 28.0, 9.5, 29.0 ] },
										"west": { "texture": "#plume", "uv": [ 9.5, 28.0, 10.5, 29.0 ] },
										"up": { "texture": "#plume", "uv": [ 3.5, 27.0, 6.0, 28.0 ] },
										"down": { "texture": "#plume", "uv": [ 6.0, 27.0, 8.5, 28.0 ] }
									},
									"children": [
										{
											"name": "Plume2a",
											"from": [ 0.01, 0.0, 1.3 ],
											"to": [ 2.51, 1.4, 2.6 ],
											"uv": [ 3.0, 27.0 ],
											"rotationOrigin": [ 0.0, 1.4, 1.3 ],
											"rotationX": 40.0,
											"faces": {
												"north": { "texture": "#plume", "uv": [ 3.0, 28.0, 5.5, 29.0 ] },
												"east": { "texture": "#plume", "uv": [ 5.5, 28.0, 6.5, 29.0 ] },
												"south": { "texture": "#plume", "uv": [ 6.5, 28.0, 9.0, 29.0 ], "windMode": [-1,-1,-1,-1], "windData": [1,2,2,2] },
												"west": { "texture": "#plume", "uv": [ 9.0, 28.0, 10.0, 29.0 ] },
												"up": { "texture": "#plume", "uv": [ 3.0, 27.0, 5.5, 28.0 ] },
												"down": { "texture": "#plume", "uv": [ 5.5, 27.0, 8.0, 28.0 ] }
											}
										}
									]
								},
								{
									"name": "Plume3",
									"from": [ 2.5, 0.0, 0.0 ],
									"to": [ 2.5, 0.0, 0.0 ],
									"uv": [ 0.0, 0.0 ],
									"rotationOrigin": [ 1.1, 2.9, 0.64 ],
									"rotationZ": -12.0,
									"faces": {
										"north": { "texture": "#plume", "uv": [ 0.0, 0.5, 0.5, 1.0 ] },
										"east": { "texture": "#plume", "uv": [ 0.5, 0.5, 1.0, 1.0 ] },
										"south": { "texture": "#plume", "uv": [ 1.0, 0.5, 1.5, 1.0 ] },
										"west": { "texture": "#plume", "uv": [ 1.5, 0.5, 2.0, 1.0 ] },
										"up": { "texture": "#plume", "uv": [ 0.0, 0.0, 0.5, 0.5 ] },
										"down": { "texture": "#plume", "uv": [ 0.5, 0.0, 1.0, 0.5 ] }
									},
									"children": [
										{
											"name": "Plume2b2",
											"from": [ -1.4, 1.2, 0.0 ],
											"to": [ 1.1, 2.6, 1.3 ],
											"uv": [ 3.4, 26.8 ],
											"rotationOrigin": [ -1.4, 1.2, 0.0 ],
											"rotationX": -20.0,
											"faces": {
												"north": { "texture": "#plume", "uv": [ 3.5, 28.0, 6.0, 29.0 ] },
												"east": { "texture": "#plume", "uv": [ 6.0, 28.0, 7.0, 29.0 ] },
												"south": { "texture": "#plume", "uv": [ 7.0, 28.0, 9.5, 29.0 ] },
												"west": { "texture": "#plume", "uv": [ 9.5, 28.0, 10.5, 29.0 ] },
												"up": { "texture": "#plume", "uv": [ 3.5, 27.0, 6.0, 28.0 ] },
												"down": { "texture": "#plume", "uv": [ 6.0, 27.0, 8.5, 28.0 ] }
											},
											"children": [
												{
													"name": "Plume2a2",
													"from": [ 0.01, 0.0, 1.3 ],
													"to": [ 2.51, 1.4, 2.6 ],
													"uv": [ 3.0, 27.0 ],
													"rotationOrigin": [ 0.0, 1.4, 1.3 ],
													"rotationX": 40.0,
													"faces": {
														"north": { "texture": "#plume", "uv": [ 3.0, 28.0, 5.5, 29.0 ] },
														"east": { "texture": "#plume", "uv": [ 5.5, 28.0, 6.5, 29.0 ] },
														"south": { "texture": "#plume", "uv": [ 6.5, 28.0, 9.0, 29.0 ], "windMode": [-1,-1,-1,-1], "windData": [1,2,2,2] },
														"west": { "texture": "#plume", "uv": [ 9.0, 28.0, 10.0, 29.0 ] },
														"up": { "texture": "#plume", "uv": [ 3.0, 27.0, 5.5, 28.0 ] },
														"down": { "texture": "#plume", "uv": [ 5.5, 27.0, 8.0, 28.0 ] }
													}
												}
											]
										},
										{
											"name": "Plume4",
											"from": [ 2.5, -0.1, 0.2 ],
											"to": [ 2.5, -0.1, 0.2 ],
											"uv": [ 0.0, 0.0 ],
											"rotationOrigin": [ 1.1, 2.8, 0.84 ],
											"rotationZ": -15.0,
											"faces": {
												"north": { "texture": "#plume", "uv": [ 0.0, 0.5, 0.5, 1.0 ] },
												"east": { "texture": "#plume", "uv": [ 0.5, 0.5, 1.0, 1.0 ] },
												"south": { "texture": "#plume", "uv": [ 1.0, 0.5, 1.5, 1.0 ] },
												"west": { "texture": "#plume", "uv": [ 1.5, 0.5, 2.0, 1.0 ] },
												"up": { "texture": "#plume", "uv": [ 0.0, 0.0, 0.5, 0.5 ] },
												"down": { "texture": "#plume", "uv": [ 0.5, 0.0, 1.0, 0.5 ] }
											},
											"children": [
												{
													"name": "Plume2b3",
													"from": [ -1.4, 1.2, 0.0 ],
													"to": [ 0.6, 2.6, 1.1 ],
													"uv": [ 3.4, 26.8 ],
													"rotationOrigin": [ -1.4, 1.2, 0.0 ],
													"rotationX": -20.0,
													"faces": {
														"north": { "texture": "#plume", "uv": [ 3.5, 28.0, 5.5, 29.0 ] },
														"east": { "texture": "#plume", "uv": [ 5.5, 28.0, 6.5, 29.0 ] },
														"south": { "texture": "#plume", "uv": [ 6.5, 28.0, 8.5, 29.0 ] },
														"west": { "texture": "#plume", "uv": [ 8.5, 28.0, 9.5, 29.0 ] },
														"up": { "texture": "#plume", "uv": [ 3.5, 27.0, 5.5, 28.0 ] },
														"down": { "texture": "#plume", "uv": [ 5.5, 27.0, 7.5, 28.0 ] }
													},
													"children": [
														{
															"name": "Plume2a3",
															"from": [ 0.01, 0.0, 1.1 ],
															"to": [ 2.01, 1.4, 2.2 ],
															"uv": [ 3.0, 27.0 ],
															"rotationOrigin": [ 0.0, 1.4, 1.1 ],
															"rotationX": 40.0,
															"faces": {
																"north": { "texture": "#plume", "uv": [ 3.0, 28.0, 5.0, 29.0 ] },
																"east": { "texture": "#plume", "uv": [ 5.0, 28.0, 6.0, 29.0 ] },
																"south": { "texture": "#plume", "uv": [ 6.0, 28.0, 8.0, 29.0 ], "windMode": [-1,-1,-1,-1], "windData": [1,2,2,2] },
																"west": { "texture": "#plume", "uv": [ 8.0, 28.0, 9.0, 29.0 ] },
																"up": { "texture": "#plume", "uv": [ 3.0, 27.0, 5.0, 28.0 ] },
																"down": { "texture": "#plume", "uv": [ 5.0, 27.0, 7.0, 28.0 ] }
															}
														}
													]
												},
												{
													"name": "Plume5",
													"from": [ 2.0, 0.2, 0.2 ],
													"to": [ 2.0, 0.2, 0.2 ],
													"uv": [ 0.0, 0.0 ],
													"rotationOrigin": [ 0.6, 2.3, 0.44 ],
													"rotationZ": -29.0,
													"faces": {
														"north": { "texture": "#plume", "uv": [ 0.0, 0.5, 0.5, 1.0 ] },
														"east": { "texture": "#plume", "uv": [ 0.5, 0.5, 1.0, 1.0 ] },
														"south": { "texture": "#plume", "uv": [ 1.0, 0.5, 1.5, 1.0 ] },
														"west": { "texture": "#plume", "uv": [ 1.5, 0.5, 2.0, 1.0 ] },
														"up": { "texture": "#plume", "uv": [ 0.0, 0.0, 0.5, 0.5 ] },
														"down": { "texture": "#plume", "uv": [ 0.5, 0.0, 1.0, 0.5 ] }
													},
													"children": [
														{
															"name": "Plume2b4",
															"from": [ -1.4, 1.2, 0.0 ],
															"to": [ 0.6, 2.1, 0.7 ],
															"uv": [ 3.4, 26.8 ],
															"rotationOrigin": [ -1.4, 1.2, 0.0 ],
															"rotationX": -20.0,
															"faces": {
																"north": { "texture": "#plume", "uv": [ 3.5, 27.5, 5.5, 28.0 ] },
																"east": { "texture": "#plume", "uv": [ 5.5, 27.5, 6.0, 28.0 ] },
																"south": { "texture": "#plume", "uv": [ 6.0, 27.5, 8.0, 28.0 ] },
																"west": { "texture": "#plume", "uv": [ 8.0, 27.5, 8.5, 28.0 ] },
																"up": { "texture": "#plume", "uv": [ 3.5, 27.0, 5.5, 27.5 ] },
																"down": { "texture": "#plume", "uv": [ 5.5, 27.0, 7.5, 27.5 ] }
															},
															"children": [
																{
																	"name": "Plume2a4",
																	"from": [ 0.01, 0.0, 0.7 ],
																	"to": [ 2.01, 0.9, 1.4 ],
																	"uv": [ 3.0, 27.0 ],
																	"rotationOrigin": [ 0.0, 0.9, 0.7 ],
																	"rotationX": 40.0,
																	"faces": {
																		"north": { "texture": "#plume", "uv": [ 3.0, 27.5, 5.0, 28.0 ] },
																		"east": { "texture": "#plume", "uv": [ 5.0, 27.5, 5.5, 28.0 ] },
																		"south": { "texture": "#plume", "uv": [ 5.5, 27.5, 7.5, 28.0 ], "windMode": [-1,-1,-1,-1], "windData": [1,2,2,2] },
																		"west": { "texture": "#plume", "uv": [ 7.5, 27.5, 8.0, 28.0 ] },
																		"up": { "texture": "#plume", "uv": [ 3.0, 27.0, 5.0, 27.5 ] },
																		"down": { "texture": "#plume", "uv": [ 5.0, 27.0, 7.0, 27.5 ] }
																	}
																}
															]
														}
													]
												}
											]
										}
									]
								}
							]
						}
					]
				}
			]
		},
		{
			"name": "ArmorNeck",
			"stepParentName": "Neck",
			"from": [ -0.5, 0.6, -0.9 ],
			"to": [ 3.6, 2.4, 3.9 ],
			"unwrapMode": 4,
			"autoUnwrap": false,
			"uv": [ 49.0, 40.5 ],
			"rotationOrigin": [ -0.5, 2.6, -0.9 ],
			"faces": {
				"north": { "texture": "#varangianhead", "uv": [ 54.0, 40.5, 58.0, 42.0 ] },
				"east": { "texture": "#varangianhead", "uv": [ 58.0, 40.5, 62.5, 42.0 ] },
				"south": { "texture": "#varangianhead", "uv": [ 56.0, 40.5, 60.0, 42.0 ] },
				"west": { "texture": "#varangianhead", "uv": [ 53.5, 40.5, 58.0, 42.0 ] },
				"up": { "texture": "#varangianhead", "uv": [ 52.5, 40.5, 57.0, 44.5 ], "rotation": 90, "enabled": false },
				"down": { "texture": "#varangianhead", "uv": [ 52.5, 42.0, 57.0, 46.0 ], "rotation": 90, "enabled": false }
			}
		}
	]}