{
  "code": "sugarbeetjuice",
  "class": "ItemLiquidPortion",
  "matterState": "liquid",
  "attributes": {
    "handbook": {
      "ignoreCreativeInvStacks": true
    },
    "inBowlShape": { "base": "game:block/food/meal/liquid" },
    "waterTightContainerProps": {
      "containable": true,
      "itemsPerLitre": 100,
      "texture": { "base": "cropsv2:block/liquid/sugarcanejuice" },
      "allowSpill": true,
      "whenSpilled": {
        "action": "DropContents",
        "stack": { "type": "item", "code": "cropsv2:sugarbeetjuice" }
      }
    }
  },
  "transitionableProps": [
    {
      "type": "Cure",
      "freshHours": { "avg": 96 },
      "transitionHours": { "avg": 24 },
      "transitionedStack": {
        "type": "item",
        "code": "cropsv2:sugarbeetsyrup"
      },
      "transitionRatio": 0.2
    }
  ],
  "shape": { "base": "game:item/liquid" },
  "texture": { "base": "cropsv2:block/liquid/sugarcanejuice" },
  "creativeinventoryStacks": [
    {
      "tabs": ["general", "liquids"],
      "stacks": [
        {
          "type": "block",
          "code": "game:woodbucket",
          "attributes": {
            "ucontents": [
              {
                "type": "item",
                "code": "cropsv2:sugarbeetjuice",
                "makefull": true
              }
            ]
          }
        }
      ]
    }
  ],
  "maxstacksize": 5000,
  "materialDensity": 200,
  "guiTransform": {
    "rotation": { "x": 128, "y": 40, "z": 7 },
    "origin": { "x": 0.5, "y": 0, "z": 0.5 },
    "scale": 1.4
  },
  "fpHandTransform": {
    "translation": { "x": 0, "y": 0, "z": 0 },
    "rotation": { "x": 42, "y": 129, "z": -30 }
  },
  "tpHandTransform": {
    "translation": { "x": -1.5, "y": -1, "z": -1.4 }
  }
}
