{
	"editor": {
		"allAngles": true,
		"entityTextureMode": false
	},
	"textureWidth": 16,
	"textureHeight": 16,
	"textureSizes": {
	},
	"textures": {
		"canteen": "block/leather/canteen/canteen"
	},
	"elements": [
		{
			"name": "origin",
			"from": [ 8.0, 0.0, 8.0 ], 
			"to": [ 8.0, 0.0, 8.0 ], 
			"rotationOrigin": [ 8.0, 0.0, 8.0 ],
			"faces": {
				"north": { "texture": "#canteen", "uv": [ 4.0, 12.5, 4.5, 13.0 ], "enabled": false },
				"east": { "texture": "#canteen", "uv": [ 14.5, 4.0, 15.0, 4.5 ], "enabled": false },
				"south": { "texture": "#canteen", "uv": [ 8.5, 8.0, 9.0, 8.5 ], "enabled": false },
				"west": { "texture": "#canteen", "uv": [ 12.0, 2.0, 12.5, 2.5 ], "enabled": false },
				"up": { "texture": "#canteen", "uv": [ 15.0, 9.5, 15.5, 10.0 ], "enabled": false },
				"down": { "texture": "#canteen", "uv": [ 6.5, 9.0, 7.0, 9.5 ], "enabled": false }
			},
			"children": [
				{
					"name": "main",
					"from": [ -2.0, 0.3, -1.0 ], 
					"to": [ 2.0, 1.3, 1.0 ], 
					"rotationOrigin": [ 0.0, 0.8, 0.0 ],
					"faces": {
						"north": { "texture": "#canteen", "uv": [ 11.0, 1.5, 12.0, 5.5 ], "rotation": 90 },
						"east": { "texture": "#canteen", "uv": [ 11.5, 7.5, 13.5, 8.5 ] },
						"south": { "texture": "#canteen", "uv": [ 11.5, 4.5, 12.5, 8.5 ], "rotation": 90 },
						"west": { "texture": "#canteen", "uv": [ 4.0, 5.0, 6.0, 6.0 ] },
						"up": { "texture": "#canteen", "uv": [ 10.0, 4.5, 12.0, 8.5 ], "rotation": 90 },
						"down": { "texture": "#canteen", "uv": [ 13.0, 6.5, 15.0, 10.5 ], "rotation": 90 }
					},
					"children": [
						{
							"name": "tie1",
							"from": [ 2.3, -0.2, -0.2 ], 
							"to": [ 2.8, 1.2, 2.2 ], 
							"rotationOrigin": [ 2.5, 1.0, 1.0 ],
							"rotationY": 6.0,
							"faces": {
								"north": { "texture": "#canteen", "uv": [ 10.0, 10.5, 10.5, 11.5 ] },
								"east": { "texture": "#canteen", "uv": [ 7.5, 13.5, 9.5, 14.5 ] },
								"south": { "texture": "#canteen", "uv": [ 8.5, 10.5, 9.0, 11.5 ] },
								"west": { "texture": "#canteen", "uv": [ 7.0, 10.5, 9.0, 11.5 ] },
								"up": { "texture": "#canteen", "uv": [ 6.5, 11.5, 7.0, 13.5 ] },
								"down": { "texture": "#canteen", "uv": [ 7.5, 10.0, 8.0, 12.0 ] }
							},
							"children": [
								{
									"name": "loose",
									"from": [ 0.0, 0.0, 2.4 ], 
									"to": [ 0.5, 0.5, 4.4 ], 
									"rotationOrigin": [ 0.5, 0.5, 2.4 ],
									"faces": {
										"north": { "texture": "#canteen", "uv": [ 3.5, 3.5, 4.0, 4.0 ], "enabled": false },
										"east": { "texture": "#canteen", "uv": [ 7.5, 11.0, 9.5, 11.5 ] },
										"south": { "texture": "#canteen", "uv": [ 5.5, 12.0, 6.0, 12.5 ] },
										"west": { "texture": "#canteen", "uv": [ 7.0, 11.5, 9.0, 12.0 ] },
										"up": { "texture": "#canteen", "uv": [ 8.5, 12.5, 9.0, 14.5 ] },
										"down": { "texture": "#canteen", "uv": [ 7.5, 9.5, 8.0, 11.5 ] }
									}
								}
							]
						},
						{
							"name": "tie2",
							"from": [ 1.0, -0.1, -0.2 ], 
							"to": [ 1.5, 1.3, 2.2 ], 
							"rotationOrigin": [ 1.2, 1.1, 1.0 ],
							"rotationY": -30.0,
							"faces": {
								"north": { "texture": "#canteen", "uv": [ 7.5, 11.5, 8.0, 12.5 ] },
								"east": { "texture": "#canteen", "uv": [ 7.5, 12.5, 9.5, 13.5 ] },
								"south": { "texture": "#canteen", "uv": [ 6.5, 10.5, 7.0, 11.5 ] },
								"west": { "texture": "#canteen", "uv": [ 6.0, 12.0, 8.0, 13.0 ] },
								"up": { "texture": "#canteen", "uv": [ 8.5, 13.5, 9.0, 15.5 ] },
								"down": { "texture": "#canteen", "uv": [ 8.5, 9.5, 9.0, 11.5 ] }
							}
						},
						{
							"name": "tie3",
							"from": [ 1.9, -0.3, -0.2 ], 
							"to": [ 2.4, 1.1, 2.2 ], 
							"rotationOrigin": [ 2.1, 0.9, 1.0 ],
							"rotationY": -17.0,
							"faces": {
								"north": { "texture": "#canteen", "uv": [ 9.5, 11.5, 10.0, 12.5 ] },
								"east": { "texture": "#canteen", "uv": [ 5.5, 10.5, 7.5, 11.5 ] },
								"south": { "texture": "#canteen", "uv": [ 5.0, 12.0, 5.5, 13.0 ] },
								"west": { "texture": "#canteen", "uv": [ 5.0, 13.5, 7.0, 14.5 ] },
								"up": { "texture": "#canteen", "uv": [ 6.0, 11.0, 6.5, 13.0 ] },
								"down": { "texture": "#canteen", "uv": [ 6.5, 11.0, 7.0, 13.0 ] }
							}
						},
						{
							"name": "tie4",
							"from": [ 2.9, -0.29, -0.2 ], 
							"to": [ 3.4, 1.11, 2.2 ], 
							"rotationOrigin": [ 3.1, 0.9, 1.0 ],
							"rotationY": -11.0,
							"faces": {
								"north": { "texture": "#canteen", "uv": [ 5.5, 12.5, 6.0, 13.5 ] },
								"east": { "texture": "#canteen", "uv": [ 8.0, 10.5, 10.0, 11.5 ] },
								"south": { "texture": "#canteen", "uv": [ 4.5, 12.5, 5.0, 13.5 ] },
								"west": { "texture": "#canteen", "uv": [ 8.5, 11.5, 10.5, 12.5 ] },
								"up": { "texture": "#canteen", "uv": [ 5.5, 10.5, 6.0, 12.5 ] },
								"down": { "texture": "#canteen", "uv": [ 7.5, 10.0, 8.0, 12.0 ] }
							}
						},
						{
							"name": "tie5",
							"from": [ 1.1, -0.2, -0.2 ], 
							"to": [ 1.6, 1.2, 2.2 ], 
							"rotationOrigin": [ 1.3, 1.0, 1.0 ],
							"rotationY": 22.0,
							"faces": {
								"north": { "texture": "#canteen", "uv": [ 6.5, 13.0, 7.0, 14.0 ] },
								"east": { "texture": "#canteen", "uv": [ 6.5, 10.5, 8.5, 11.5 ] },
								"south": { "texture": "#canteen", "uv": [ 7.5, 11.0, 8.0, 12.0 ] },
								"west": { "texture": "#canteen", "uv": [ 5.0, 10.0, 7.0, 11.0 ] },
								"up": { "texture": "#canteen", "uv": [ 7.0, 10.0, 7.5, 12.0 ] },
								"down": { "texture": "#canteen", "uv": [ 6.5, 11.0, 7.0, 13.0 ] }
							}
						},
						{
							"name": "loopE1",
							"from": [ 3.6, -0.1, 0.0 ], 
							"to": [ 6.6, 1.1, 1.0 ], 
							"rotationOrigin": [ 3.6, 0.5, 0.5 ],
							"rotationY": 22.0,
							"faces": {
								"north": { "texture": "#canteen", "uv": [ 0.0, 7.5, 1.0, 10.5 ], "rotation": 90 },
								"east": { "texture": "#canteen", "uv": [ 2.5, 6.5, 3.5, 7.5 ], "enabled": false },
								"south": { "texture": "#canteen", "uv": [ 12.0, 2.5, 13.0, 5.5 ], "rotation": 90 },
								"west": { "texture": "#canteen", "uv": [ 10.0, 3.5, 11.0, 4.5 ] },
								"up": { "texture": "#canteen", "uv": [ 6.0, 5.5, 7.0, 8.5 ], "rotation": 90 },
								"down": { "texture": "#canteen", "uv": [ 10.5, 4.0, 11.5, 7.0 ], "rotation": 90 }
							}
						},
						{
							"name": "loopE2",
							"from": [ 3.4, -0.1, 1.0 ], 
							"to": [ 6.4, 1.1, 2.0 ], 
							"rotationOrigin": [ 3.4, 0.5, 1.5 ],
							"rotationY": -14.0,
							"faces": {
								"north": { "texture": "#canteen", "uv": [ 13.0, 2.0, 14.0, 5.0 ], "rotation": 90 },
								"east": { "texture": "#canteen", "uv": [ 7.5, 5.5, 8.5, 6.5 ] },
								"south": { "texture": "#canteen", "uv": [ 3.0, 6.0, 4.0, 9.0 ], "rotation": 90 },
								"west": { "texture": "#canteen", "uv": [ 13.0, 1.0, 14.0, 2.0 ] },
								"up": { "texture": "#canteen", "uv": [ 12.0, 5.0, 13.0, 8.0 ], "rotation": 90 },
								"down": { "texture": "#canteen", "uv": [ 1.0, 7.5, 2.0, 10.5 ], "rotation": 90 }
							}
						},
						{
							"name": "loopW2",
							"from": [ -2.6, -0.1, 1.0 ], 
							"to": [ 0.4, 1.1, 2.0 ], 
							"rotationOrigin": [ 0.4, 0.5, 1.5 ],
							"rotationY": 25.0,
							"faces": {
								"north": { "texture": "#canteen", "uv": [ 13.5, 10.0, 14.5, 13.0 ], "rotation": 90 },
								"east": { "texture": "#canteen", "uv": [ 10.0, 6.0, 11.0, 7.0 ] },
								"south": { "texture": "#canteen", "uv": [ 10.5, 3.5, 11.5, 6.5 ], "rotation": 90 },
								"west": { "texture": "#canteen", "uv": [ 9.5, 5.5, 10.5, 6.5 ] },
								"up": { "texture": "#canteen", "uv": [ 9.0, 4.5, 10.0, 7.5 ], "rotation": 90 },
								"down": { "texture": "#canteen", "uv": [ 14.0, 2.5, 15.0, 5.5 ], "rotation": 90 }
							}
						},
						{
							"name": "loopW1",
							"from": [ -2.3, -0.1, 0.0 ], 
							"to": [ 0.7, 1.1, 1.0 ], 
							"rotationOrigin": [ 0.7, 0.5, 0.5 ],
							"rotationY": -17.0,
							"faces": {
								"north": { "texture": "#canteen", "uv": [ 2.0, 6.0, 3.0, 9.0 ], "rotation": 90 },
								"east": { "texture": "#canteen", "uv": [ 9.0, 7.5, 10.0, 8.5 ] },
								"south": { "texture": "#canteen", "uv": [ 4.0, 6.0, 5.0, 9.0 ], "rotation": 90 },
								"west": { "texture": "#canteen", "uv": [ 12.0, 1.5, 13.0, 2.5 ] },
								"up": { "texture": "#canteen", "uv": [ 12.0, 5.0, 13.0, 8.0 ], "rotation": 90 },
								"down": { "texture": "#canteen", "uv": [ 10.5, 2.5, 11.5, 5.5 ], "rotation": 90 }
							}
						},
						{
							"name": "loopW3",
							"from": [ -2.3, 0.0, -0.3 ], 
							"to": [ -1.3, 1.0, 2.7 ], 
							"rotationOrigin": [ -1.8, 0.5, -0.3 ],
							"rotationY": -53.0,
							"faces": {
								"north": { "texture": "#canteen", "uv": [ 13.0, 12.0, 14.0, 13.0 ], "enabled": false },
								"east": { "texture": "#canteen", "uv": [ 12.5, 11.0, 13.5, 14.0 ], "rotation": 90 },
								"south": { "texture": "#canteen", "uv": [ 4.0, 6.5, 5.0, 7.5 ] },
								"west": { "texture": "#canteen", "uv": [ 2.0, 8.5, 3.0, 11.5 ], "rotation": 90 },
								"up": { "texture": "#canteen", "uv": [ 11.5, 6.0, 12.5, 9.0 ] },
								"down": { "texture": "#canteen", "uv": [ 1.5, 6.5, 2.5, 9.5 ] }
							}
						},
						{
							"name": "loopE3",
							"from": [ 5.2, 0.0, 2.4 ], 
							"to": [ 6.2, 1.0, 5.4 ], 
							"rotationOrigin": [ 5.7, 0.5, 2.4 ],
							"rotationY": 141.0,
							"faces": {
								"north": { "texture": "#canteen", "uv": [ 8.5, 5.0, 9.5, 6.0 ], "enabled": false },
								"east": { "texture": "#canteen", "uv": [ 11.5, 4.0, 12.5, 7.0 ], "rotation": 90 },
								"south": { "texture": "#canteen", "uv": [ 7.5, 6.5, 8.5, 7.5 ], "enabled": false },
								"west": { "texture": "#canteen", "uv": [ 7.0, 6.0, 8.0, 9.0 ], "rotation": 90 },
								"up": { "texture": "#canteen", "uv": [ 13.0, 4.5, 14.0, 7.5 ] },
								"down": { "texture": "#canteen", "uv": [ 7.0, 5.5, 8.0, 8.5 ] }
							}
						},
						{
							"name": "loopW4",
							"from": [ -4.8, -0.3, 2.4 ], 
							"to": [ -1.8, 1.2, 3.4 ], 
							"rotationOrigin": [ -1.8, 0.5, 2.9 ],
							"rotationY": -36.0,
							"faces": {
								"north": { "texture": "#canteen", "uv": [ 4.0, 4.5, 5.5, 7.5 ], "rotation": 90 },
								"east": { "texture": "#canteen", "uv": [ 14.0, 11.0, 15.0, 12.5 ] },
								"south": { "texture": "#canteen", "uv": [ 0.5, 5.0, 2.0, 8.0 ], "rotation": 90 },
								"west": { "texture": "#canteen", "uv": [ 2.5, 8.5, 3.5, 10.0 ] },
								"up": { "texture": "#canteen", "uv": [ 10.0, 3.0, 11.0, 6.0 ], "rotation": 90 },
								"down": { "texture": "#canteen", "uv": [ 12.5, 1.0, 13.5, 4.0 ], "rotation": 90 }
							}
						},
						{
							"name": "loopE4",
							"from": [ 5.1, -0.3, -0.1 ], 
							"to": [ 8.1, 1.2, 0.9 ], 
							"rotationOrigin": [ 8.1, 0.5, 0.4 ],
							"rotationY": -36.0,
							"faces": {
								"north": { "texture": "#canteen", "uv": [ 10.0, 0.0, 11.5, 3.0 ], "rotation": 90 },
								"east": { "texture": "#canteen", "uv": [ 2.5, 9.0, 3.5, 10.5 ] },
								"south": { "texture": "#canteen", "uv": [ 13.5, 7.0, 15.0, 10.0 ], "rotation": 90 },
								"west": { "texture": "#canteen", "uv": [ 1.5, 8.5, 2.5, 10.0 ] },
								"up": { "texture": "#canteen", "uv": [ 7.0, 5.5, 8.0, 8.5 ], "rotation": 90 },
								"down": { "texture": "#canteen", "uv": [ 13.5, 9.0, 14.5, 12.0 ], "rotation": 90 }
							}
						}
					]
				}
			]
		}
	]}