[
  {
    "op": "addmerge",
    "path": "/schematicYOffsets",
    "value": {
      "story/brforlornhopetower": 61,
      "story/brforlornhopedungeon": 21,
      "story/bruniversity": 88,
      "story/brcoalmine": 29,
      "story/brmine": 15,
      "story/brcrossroads": 18,
      "story/brmansion": 32,
      "story/brthepanopticon": 32,
      "story/brhuaca": 20,
      "story/brsunrift": 27

    },
    "file": "game:worldgen/storystructures.json",
    "side": "Server"
  },
  {
    "op": "add",
    "path": "/structures/-",
    "value": {
      "code": "largeforlornhopetower",
      "group": "storystructure",
      "name": "largeforlornhopetower",
      "schematics": [
        "story/brforlornhopetower"
      ],
      "placement": "SurfaceRuin",
      "dependsOnStructure": "spawn",
      "minSpawnDistX": 10000,
      "maxSpawnDistX": 11000,
      "minSpawnDistZ": 0,
      "maxSpawnDistZ": 1000,
      "requireLandform": "cold glaciers",
      "landformRadius": 400,
      "forceTemperature": -9,
      "rockTypeRemapGroup": "underground",
      "skipGenerationCategories": {
        "structures": 800,
        "trees": 200,
        "shrubs": 120,
        "hotsprings": 200,
        "pond": 200,
        "rivulets": 0,
        "caves": 0,
        "patches": 0
      }
    },
    "file": "game:worldgen/storystructures.json",
    "side": "Server"
  },
  {
    "op": "add",
    "path": "/structures/-",
    "value": {
      "code": "forlornhopedungeon",
      "group": "storystructure",
      "name": "forlornhopedungeon",
      "schematics": [
        "story/brforlornhopedungeon"
      ],
      "placement": "SurfaceRuin",
      "dependsOnStructure": "largeforlornhopetower",
      "minSpawnDistX": 0,
      "maxSpawnDistX": 1000,
      "minSpawnDistZ": 7000,
      "maxSpawnDistZ": 8000,
      "requireLandform": "cold glaciers",
      "forceRain": 134,
			"forceTemperature": -14,
      "landformRadius": 500,
      "ExcludeSchematicSizeProtect":true,
      "skipGenerationCategories": {
        "structures": 800,
        "trees": 200,
        "shrubs": 20,
        "hotsprings": 200,
        "pond": 200,
        "rivulets": 60,
        "caves": 120,
        "patches": 0
      }
    },
    "file": "game:worldgen/storystructures.json",
    "side": "Server"
  },
  {
    "op": "add",
    "path": "/structures/-",
    "value": {
      "code": "university",
      "group": "storystructure",
      "name": "university",
      "schematics": [
        "story/bruniversity"
      ],
      "placement": "SurfaceRuin",
      "dependsOnStructure": "spawn",
      "minSpawnDistX": 10000,
      "maxSpawnDistX": 11000,
      "minSpawnDistZ": 10000,
      "maxSpawnDistZ": 11000,
      "requireLandform": "veryflat",
      "landformRadius": 400,
      "rockTypeRemapGroup": "underground",
      "generateGrass": true,
      "ExcludeSchematicSizeProtect":true,
      "skipGenerationCategories": {
        "structures": 800,
        "trees": 70,
        "shrubs": 70,
        "hotsprings": 200,
        "pond": 200,
        "rivulets": 100,
        "caves": 100,
        "patches": 0
      }
    },
    "file": "game:worldgen/storystructures.json",
    "side": "Server"
  },
  {
    "op": "add",
    "path": "/structures/-",
    "value": {
      "code": "coalmine",
      "group": "storystructure",
      "name": "coalmine",
      "schematics": [
        "story/brcoalmine"
      ],
      "placement": "SurfaceRuin",
      "dependsOnStructure": "spawn",
      "minSpawnDistX": 6000,
      "maxSpawnDistX": 7000,
      "minSpawnDistZ": 6000,
      "maxSpawnDistZ": 7000,
      "requireLandform": "veryflat",
      "generateGrass": true,
      "landformRadius": 400,
      "rockTypeRemapGroup": "underground",
      "ExcludeSchematicSizeProtect":true,
      "skipGenerationCategories": {
        "structures": 800,
        "trees": 70,
        "shrubs": 30,
        "hotsprings": 200,
        "pond": 200,
        "rivulets": 100,
        "caves": 100,
        "patches": 0
      }
    },
    "file": "game:worldgen/storystructures.json",
    "side": "Server"
  },
  {
    "op": "add",
    "path": "/structures/-",
    "value": {
      "code": "mine1",
      "group": "storystructure",
      "name": "mine1",
      "schematics": [
        "story/brmine"
      ],
      "placement": "SurfaceRuin",
      "dependsOnStructure": "spawn",
      "minSpawnDistX": 8000,
      "maxSpawnDistX": 9000,
      "minSpawnDistZ": 4000,
      "maxSpawnDistZ": 5000,
      "requireLandform": "veryflat",
      "generateGrass": true,
      "landformRadius": 400,
      "rockTypeRemapGroup": "underground",
      "ExcludeSchematicSizeProtect":true,
      "skipGenerationCategories": {
        "structures": 300,
        "hotsprings": 200,
        "pond": 200,
        "rivulets": 100,
        "caves": 120
      }
    },
    "file": "game:worldgen/storystructures.json",
    "side": "Server"
  },
  {
    "op": "add",
    "path": "/structures/-",
    "value": {
      "code": "mine2",
      "group": "storystructure",
      "name": "mine2",
      "schematics": [
        "story/brmine"
      ],
      "placement": "SurfaceRuin",
      "dependsOnStructure": "spawn",
      "minSpawnDistX": 4000,
      "maxSpawnDistX": 5000,
      "minSpawnDistZ": 8000,
      "maxSpawnDistZ": 9000,
      "requireLandform": "veryflat",
      "generateGrass": true,
      "landformRadius": 400,
      "rockTypeRemapGroup": "underground",
      "ExcludeSchematicSizeProtect":true,
      "skipGenerationCategories": {
        "structures": 300,
        "hotsprings": 200,
        "pond": 200,
        "rivulets": 100,
        "caves": 120
      }
    },
    "file": "game:worldgen/storystructures.json",
    "side": "Server"
  },
  {
    "op": "add",
    "path": "/structures/-",
    "value": {
      "code": "crossroads",
      "group": "storystructure",
      "name": "crossroads",
      "schematics": [
        "story/brcrossroads"
      ],
      "placement": "SurfaceRuin",
      "dependsOnStructure": "spawn",
      "minSpawnDistX": 4000,
      "maxSpawnDistX": 5000,
      "minSpawnDistZ": 4000,
      "maxSpawnDistZ": 5000,
      "requireLandform": "veryflat",
      "generateGrass": true,
      "landformRadius": 550,
      "forceTemperature": 32,
      "rockTypeRemapGroup": "underground",
      "ExcludeSchematicSizeProtect":true,
      "skipGenerationCategories": {
        "structures": 500,
        "trees": 0,
        "shrubs": 0,
        "hotsprings": 200,
        "pond": 200,
        "rivulets": 100,
        "caves": 120,
        "patches": 0
      }
    },
    "file": "game:worldgen/storystructures.json",
    "side": "Server"
  },
  {
    "op": "add",
    "path": "/structures/-",
    "value": {
      "code": "mansion",
      "group": "storystructure",
      "name": "mansion",
      "schematics": [
        "story/brmansion"
      ],
      "placement": "SurfaceRuin",
      "dependsOnStructure": "crossroads",
      "minSpawnDistX": 0,
      "maxSpawnDistX": 1000,
      "minSpawnDistZ": 6000,
      "maxSpawnDistZ": 7000,
      "requireLandform": "veryflat",
      "generateGrass": true,
      "landformRadius": 200,
      "rockTypeRemapGroup": "underground",
      "ExcludeSchematicSizeProtect":true,
      "skipGenerationCategories": {
        "structures": 120,
        "trees": 0,
        "shrubs": 0,
        "hotsprings": 150,
        "pond": 150,
        "rivulets": 70,
        "caves": 100,
        "patches": 0
      }
    },
    "file": "game:worldgen/storystructures.json",
    "side": "Server"
  },
  {
    "op": "add",
    "path": "/structures/-",
    "value": {
      "code": "thepanopticon",
      "group": "storystructure",
      "name": "thepanopticon",
      "schematics": [
        "story/brthepanopticon"
      ],
      "placement": "SurfaceRuin",
      "dependsOnStructure": "crossroads",
      "minSpawnDistX": 3000,
      "maxSpawnDistX": 4000,
      "minSpawnDistZ": 4000,
      "maxSpawnDistZ": 5000,
      "requireLandform": "veryflat",
      "generateGrass": true,
      "landformRadius": 200,
      "rockTypeRemapGroup": "underground",
      "ExcludeSchematicSizeProtect":true,
      "skipGenerationCategories": {
        "structures": 120,
        "trees": 0,
        "shrubs": 0,
        "hotsprings": 150,
        "pond": 150,
        "rivulets": 70,
        "caves": 100,
        "patches": 0
      }
    },
    "file": "game:worldgen/storystructures.json",
    "side": "Server"
  },
  {
    "op": "add",
    "path": "/structures/-",
    "value": {
      "code": "huaca",
      "group": "storystructure",
      "name": "huaca",
      "schematics": [
        "story/brhuaca"
      ],
      "placement": "SurfaceRuin",
      "dependsOnStructure": "crossroads",
      "minSpawnDistX": 6000,
      "maxSpawnDistX": 7000,
      "minSpawnDistZ": 0,
      "maxSpawnDistZ": 1000,
      "requireLandform": "veryflat",
      "generateGrass": true,
      "landformRadius": 550,
      "forceTemperature": 30,
      "rockTypeRemapGroup": "underground",
      "ExcludeSchematicSizeProtect":true,
      "skipGenerationCategories": {
        "structures": 500,
        "trees": 0,
        "shrubs": 0,
        "hotsprings": 200,
        "pond": 200,
        "rivulets": 100,
        "caves": 120,
        "patches": 0
      }
    },
    "file": "game:worldgen/storystructures.json",
    "side": "Server"
  },
  {
    "op": "add",
    "path": "/structures/-",
    "value": {
      "code": "sunrift",
      "group": "storystructure",
      "name": "sunrift",
      "schematics": [
        "story/brsunrift"
      ],
      "placement": "SurfaceRuin",
      "dependsOnStructure": "spawn",
      "minSpawnDistX": 10000,
      "maxSpawnDistX": 11000,
      "minSpawnDistZ": 2000,
      "maxSpawnDistZ": 3000,
      "requireLandform": "veryflat",
      "generateGrass": true,
      "landformRadius": 300,
      "ExcludeSchematicSizeProtect":true,
      "skipGenerationCategories": {
        "structures": 250,
        "trees": 200,
        "shrubs": 0,
        "hotsprings": 200,
        "pond": 200,
        "rivulets": 100,
        "caves": 120,
        "patches": 0
      }
    },
    "file": "game:worldgen/storystructures.json",
    "side": "Server"
  }
]