{
	"code": "ocarina",
	"class": "instrumentssbc:ocarinaClass",
	"variantgroups": [
		{
			"code": "color",
			"states": [ "blue", "fire", "black", "brown", "cream", "gray", "orange", "red", "tan" ]
		},
		{
			"code": "state",
			"states": [ "fired" ]
		}
	],
	"shape": { "base": "item/instrument/ocarina-holes" },
	"textures": {
		"color": {
			"base": "game:block/clay/hardened/{color}"
		}
	},
	"behaviors": [
		{
			"name": "GroundStorable",
			"properties": {
				"layout": "Quadrants",
				"collisionBox": {
					"x1": 0,
					"y1": 0,
					"z1": 0,
					"x2": 1,
					"y2": 0.125,
					"z2": 1
				}
			}
		}
	],
	"attributes": {
		"rackable": true,
		"toolrackTransform": {
			"translation": {
				"x": -0.42,
				"y": 0.51,
				"z": 0.51
			},
			"rotation": {
				"x": -90,
				"y": 85,
				"z": -90
			},
			"origin": {
				"x": 0.54,
				"y": 0.01,
				"z": 0
			},
			"scale": 1.09
		},
		"groundStorageTransform": {
			"translation": {
				"x": 0,
				"y": 0,
				"z": -0.041
			},
			"rotation": {
				"x": 0,
				"y": -45,
				"z": 0
			},
			"origin": {
				"x": 0.54,
				"y": 0.05,
				"z": 0.5
			},
			"scale": 0.9
		},
		"handbook": {
			"groupBy": [
				"ocarina-*-{state}"
			]
		}
	},
	"storageFlags": 2049,
	"creativeinventory": {
		"general": [ "*" ],
		"instruments-sbc": [ "*" ]
	},
	"tpHandTransform": {
		"translation": {
			"x": -1.1,
			"y": 0,
			"z": -0.9
		},
		"rotation": {
			"x": 120,
			"y": 0,
			"z": 90
		},
		"origin": {
			"x": 0.54,
			"y": 0.05,
			"z": 0.5
		},
		"scale": 0.61
	},
	"guiTransform": {
		"translation": {
			"x": 6,
			"y": 8,
			"z": 0
		},
		"rotation": {
			"x": 132,
			"y": 47,
			"z": 0
		},
		"origin": {
			"x": 0.54,
			"y": 0.05,
			"z": 0.5
		},
		"scaleXyz": {
			"x": -2.83,
			"y": 2.83,
			"z": 2.83
		}
	},
	"sounds": {
		"walk": "game:walk/stone",
		"break": "game:block/ceramicplace",
		"hit": "game:block/ceramichit",
		"place": "game:block/ceramicplace"
	}
}
