{
	"code": "coffeeportion",
	"class": "ItemLiquidPortion",
	"matterState": "liquid",
	"attributes": { "hydration": 125,
		"handbook": {
			"ignoreCreativeInvStacks": true
		},
		
		"waterTightContainerProps": {
			"containable": true,
			"itemsPerLitre": 100,
			"texture": { "base": "coffee:block/liquid/coffee" },
			"allowSpill": true,
			"whenSpilled": {
				"action": "DropContents",
				"stack": { "type": "item", "code": "coffee:item/coffeeportion" }
			},
      "nutritionPropsPerLitre": {
  "satiety": -25, 
  "foodcategory": "NoNutrition"
},
			"attributes": {
        	"coffeeBuff": {
					"durationSec": 360,
					"boostPerSec": 2.02,
					"hungerMul": 1.00,
					"hungerBaseSatPerHr": 120
				}
			}
		}
	},
	"shape": { "base": "game:item/liquid" },
  "creativeinventoryStacks": [
    {
      "tabs": [ "general", "liquids" ],
      "stacks": [
        {
          "type": "block",
          "code": "game:woodbucket",
          "attributes": {
            "ucontents": [
              {
                "type": "item",
                "code": "coffee:coffeeportion",
                "makefull": true
              }
            ]
          }
        }
      ]
    }
  ],
		"origin": { "x": 0.5, "y": 0, "z": 0.5 },
		"scale": 1.4,
	


	"fpHandTransform": {
		"translation": { "x": 0, "y": 0, "z": 0 },
		"rotation": { "x": 25, "y": 157, "z": -5 }
	},
	"tpHandTransform": {
		"translation": { "x": -1.5, "y": -1, "z": -1.4 }
	}
}