{
	"editor": {
		"backDropShape": "entity/bovinae/syncerusnanus/male",
		"allAngles": true,
		"entityTextureMode": true
	},
	"textureWidth": 64,
	"textureHeight": 72,
	"textureSizes": {
		"horn": [64,72]
	},
	"textures": {
		"horn": "entity/bovinae/syncerusnanus-male"
	},
	"elements": [
		{
			"name": "RHorn1",
			"stepParentName": "AntlerBase",
			"from": [ -0.3, 0.3, -1.6 ],
			"to": [ 0.8, 1.9, -0.5 ],
			"unwrapMode": 2,
			"uv": [ 56.5, 36.0 ],
			"rotationOrigin": [ 0.2, 0.3, -1.0 ],
			"rotationX": -83.0,
			"rotationY": -3.0,
			"rotationZ": -55.0,
			"faces": {
				"north": { "texture": "#horn", "uv": [ 58.5, 37.0, 59.5, 38.5 ] },
				"east": { "texture": "#horn", "uv": [ 57.5, 37.0, 58.5, 38.5 ] },
				"south": { "texture": "#horn", "uv": [ 56.5, 37.0, 57.5, 38.5 ] },
				"west": { "texture": "#horn", "uv": [ 59.5, 37.0, 60.5, 38.5 ] },
				"up": { "texture": "#horn", "uv": [ 57.5, 36.0, 58.5, 37.0 ], "rotation": 270 }
			},
			"children": [
				{
					"name": "RHorn2",
					"from": [ 0.0, 1.4, 0.0 ],
					"to": [ 1.0, 3.4, 1.0 ],
					"unwrapMode": 2,
					"uv": [ 56.5, 34.0 ],
					"rotationOrigin": [ 0.6, 1.4, 0.6 ],
					"rotationX": 5.0,
					"rotationY": -4.0,
					"rotationZ": -3.0,
					"faces": {
						"north": { "texture": "#horn", "uv": [ 58.5, 35.0, 59.5, 37.0 ] },
						"east": { "texture": "#horn", "uv": [ 57.5, 35.0, 58.5, 37.0 ] },
						"south": { "texture": "#horn", "uv": [ 56.5, 35.0, 57.5, 37.0 ] },
						"west": { "texture": "#horn", "uv": [ 59.5, 35.0, 60.5, 37.0 ] },
						"up": { "texture": "#horn", "uv": [ 57.5, 34.0, 58.5, 35.0 ], "rotation": 270 }
					},
					"children": [
						{
							"name": "RHorn3",
							"from": [ 0.0, 1.8, 0.0 ],
							"to": [ 1.0, 3.4, 1.0 ],
							"unwrapMode": 2,
							"uv": [ 56.5, 32.5 ],
							"rotationOrigin": [ 0.5, 1.8, 0.5 ],
							"rotationY": 5.0,
							"rotationZ": -12.0,
							"faces": {
								"north": { "texture": "#horn", "uv": [ 58.5, 33.5, 59.5, 35.0 ] },
								"east": { "texture": "#horn", "uv": [ 57.5, 33.5, 58.5, 35.0 ] },
								"south": { "texture": "#horn", "uv": [ 56.5, 33.5, 57.5, 35.0 ] },
								"west": { "texture": "#horn", "uv": [ 59.5, 33.5, 60.5, 35.0 ] },
								"up": { "texture": "#horn", "uv": [ 57.5, 32.5, 58.5, 33.5 ], "rotation": 270 }
							},
							"children": [
								{
									"name": "RHorn4",
									"from": [ 0.0, 1.3, 0.0 ],
									"to": [ 0.9, 2.9, 0.9 ],
									"unwrapMode": 3,
									"uv": [ 57.5, 31.5 ],
									"rotationOrigin": [ 0.4, 1.3, 0.4 ],
									"rotationY": 4.0,
									"rotationZ": -8.0,
									"faces": {
										"north": { "texture": "#horn", "uv": [ 59.0, 32.0, 59.5, 33.5 ] },
										"east": { "texture": "#horn", "uv": [ 58.5, 32.0, 59.0, 33.5 ] },
										"south": { "texture": "#horn", "uv": [ 58.0, 32.0, 58.5, 33.5 ] },
										"west": { "texture": "#horn", "uv": [ 57.5, 32.0, 58.0, 33.5 ] },
										"up": { "texture": "#horn", "uv": [ 58.0, 31.5, 58.5, 32.0 ] }
									},
									"children": [
										{
											"name": "RHorn5",
											"from": [ 0.0, 1.4, 0.0 ],
											"to": [ 0.8, 2.6, 0.8 ],
											"unwrapMode": 1,
											"uv": [ 57.5, 30.5 ],
											"rotationOrigin": [ 0.5, 1.4, 0.5 ],
											"rotationX": 5.0,
											"rotationY": 4.0,
											"rotationZ": -12.0,
											"faces": {
												"north": { "texture": "#horn", "uv": [ 58.0, 31.0, 58.5, 32.0 ] },
												"east": { "texture": "#horn", "uv": [ 57.5, 31.0, 58.0, 32.0 ] },
												"south": { "texture": "#horn", "uv": [ 59.0, 31.0, 59.5, 32.0 ] },
												"west": { "texture": "#horn", "uv": [ 58.5, 31.0, 59.0, 32.0 ] },
												"up": { "texture": "#horn", "uv": [ 58.0, 30.5, 58.5, 31.0 ], "rotation": 180 }
											},
											"children": [
												{
													"name": "RHorn6",
													"from": [ 0.1, 1.0, 0.1 ],
													"to": [ 0.7, 2.2, 0.7 ],
													"unwrapMode": 1,
													"uv": [ 57.5, 29.5 ],
													"rotationOrigin": [ 0.4, 1.0, 0.4 ],
													"rotationX": 4.0,
													"rotationY": 4.0,
													"rotationZ": -8.0,
													"faces": {
														"north": { "texture": "#horn", "uv": [ 58.0, 30.0, 58.5, 31.0 ] },
														"east": { "texture": "#horn", "uv": [ 57.5, 30.0, 58.0, 31.0 ] },
														"south": { "texture": "#horn", "uv": [ 59.0, 30.0, 59.5, 31.0 ] },
														"west": { "texture": "#horn", "uv": [ 58.5, 30.0, 59.0, 31.0 ] },
														"up": { "texture": "#horn", "uv": [ 58.0, 29.5, 58.5, 30.0 ], "rotation": 180 }
													},
													"children": [
														{
															"name": "RHorn7",
															"from": [ 0.1, 1.0, 0.1 ],
															"to": [ 0.6, 2.0, 0.6 ],
															"unwrapMode": 1,
															"uv": [ 57.5, 28.5 ],
															"rotationOrigin": [ 0.3, 1.0, 0.3 ],
															"rotationX": 2.0,
															"rotationY": 4.0,
															"rotationZ": 2.0,
															"faces": {
																"north": { "texture": "#horn", "uv": [ 58.0, 29.0, 58.5, 30.0 ] },
																"east": { "texture": "#horn", "uv": [ 57.5, 29.0, 58.0, 30.0 ] },
																"south": { "texture": "#horn", "uv": [ 59.0, 29.0, 59.5, 30.0 ] },
																"west": { "texture": "#horn", "uv": [ 58.5, 29.0, 59.0, 30.0 ] },
																"up": { "texture": "#horn", "uv": [ 58.0, 28.5, 58.5, 29.0 ], "rotation": 180 }
															},
															"children": [
																{
																	"name": "RHorn8",
																	"from": [ 0.1, 0.9, 0.1 ],
																	"to": [ 0.4, 1.7, 0.4 ],
																	"unwrapMode": 1,
																	"uv": [ 57.5, 28.0 ],
																	"rotationOrigin": [ 0.2, 0.9, 0.2 ],
																	"rotationX": 2.0,
																	"rotationY": 4.0,
																	"rotationZ": 20.0,
																	"faces": {
																		"north": { "texture": "#horn", "uv": [ 58.0, 28.5, 58.5, 29.0 ] },
																		"east": { "texture": "#horn", "uv": [ 57.5, 28.5, 58.0, 29.0 ] },
																		"south": { "texture": "#horn", "uv": [ 59.0, 28.5, 59.5, 29.0 ] },
																		"west": { "texture": "#horn", "uv": [ 58.5, 28.5, 59.0, 29.0 ] },
																		"up": { "texture": "#horn", "uv": [ 58.0, 28.0, 58.5, 28.5 ], "rotation": 180 }
																	}
																}
															]
														}
													]
												}
											]
										}
									]
								}
							]
						}
					]
				}
			]
		},
		{
			"name": "LHorn1",
			"stepParentName": "AntlerBase",
			"from": [ -0.3, 0.3, 0.5 ],
			"to": [ 0.8, 1.9, 1.6 ],
			"unwrapMode": 2,
			"uv": [ 54.5, 36.0 ],
			"rotationOrigin": [ 0.2, 0.3, 1.0 ],
			"rotationX": 83.0,
			"rotationY": 3.0,
			"rotationZ": -55.0,
			"faces": {
				"north": { "texture": "#horn", "uv": [ 56.5, 37.0, 57.5, 38.5 ] },
				"east": { "texture": "#horn", "uv": [ 55.5, 37.0, 56.5, 38.5 ] },
				"south": { "texture": "#horn", "uv": [ 54.5, 37.0, 55.5, 38.5 ] },
				"west": { "texture": "#horn", "uv": [ 57.5, 37.0, 58.5, 38.5 ] },
				"up": { "texture": "#horn", "uv": [ 55.5, 36.0, 56.5, 37.0 ], "rotation": 270 }
			},
			"children": [
				{
					"name": "LHorn2",
					"from": [ 0.0, 1.4, 0.0 ],
					"to": [ 1.0, 3.4, 1.0 ],
					"unwrapMode": 2,
					"uv": [ 54.5, 34.0 ],
					"rotationOrigin": [ 0.6, 1.4, 0.6 ],
					"rotationX": -5.0,
					"rotationY": 4.0,
					"rotationZ": -3.0,
					"faces": {
						"north": { "texture": "#horn", "uv": [ 56.5, 35.0, 57.5, 37.0 ] },
						"east": { "texture": "#horn", "uv": [ 55.5, 35.0, 56.5, 37.0 ] },
						"south": { "texture": "#horn", "uv": [ 54.5, 35.0, 55.5, 37.0 ] },
						"west": { "texture": "#horn", "uv": [ 57.5, 35.0, 58.5, 37.0 ] },
						"up": { "texture": "#horn", "uv": [ 55.5, 34.0, 56.5, 35.0 ], "rotation": 270 }
					},
					"children": [
						{
							"name": "LHorn3",
							"from": [ 0.0, 1.8, 0.0 ],
							"to": [ 1.0, 3.4, 1.0 ],
							"unwrapMode": 2,
							"uv": [ 54.5, 32.5 ],
							"rotationOrigin": [ 0.5, 1.8, 0.5 ],
							"rotationY": -5.0,
							"rotationZ": -12.0,
							"faces": {
								"north": { "texture": "#horn", "uv": [ 56.5, 33.5, 57.5, 35.0 ] },
								"east": { "texture": "#horn", "uv": [ 55.5, 33.5, 56.5, 35.0 ] },
								"south": { "texture": "#horn", "uv": [ 54.5, 33.5, 55.5, 35.0 ] },
								"west": { "texture": "#horn", "uv": [ 57.5, 33.5, 58.5, 35.0 ] },
								"up": { "texture": "#horn", "uv": [ 55.5, 32.5, 56.5, 33.5 ], "rotation": 270 }
							},
							"children": [
								{
									"name": "LHorn4",
									"from": [ 0.0, 1.3, 0.0 ],
									"to": [ 0.9, 2.9, 0.9 ],
									"unwrapMode": 1,
									"uv": [ 55.5, 31.5 ],
									"rotationOrigin": [ 0.4, 1.3, 0.4 ],
									"rotationY": -4.0,
									"rotationZ": -8.0,
									"faces": {
										"north": { "texture": "#horn", "uv": [ 56.0, 32.0, 56.5, 33.5 ] },
										"east": { "texture": "#horn", "uv": [ 55.5, 32.0, 56.0, 33.5 ] },
										"south": { "texture": "#horn", "uv": [ 57.0, 32.0, 57.5, 33.5 ] },
										"west": { "texture": "#horn", "uv": [ 56.5, 32.0, 57.0, 33.5 ] },
										"up": { "texture": "#horn", "uv": [ 56.0, 31.5, 56.5, 32.0 ], "rotation": 180 }
									},
									"children": [
										{
											"name": "LHorn5",
											"from": [ 0.0, 1.4, 0.0 ],
											"to": [ 0.8, 2.6, 0.8 ],
											"unwrapMode": 3,
											"uv": [ 55.5, 30.5 ],
											"rotationOrigin": [ 0.5, 1.4, 0.5 ],
											"rotationX": -5.0,
											"rotationY": -4.0,
											"rotationZ": -12.0,
											"faces": {
												"north": { "texture": "#horn", "uv": [ 57.0, 31.0, 57.5, 32.0 ] },
												"east": { "texture": "#horn", "uv": [ 56.5, 31.0, 57.0, 32.0 ] },
												"south": { "texture": "#horn", "uv": [ 56.0, 31.0, 56.5, 32.0 ] },
												"west": { "texture": "#horn", "uv": [ 55.5, 31.0, 56.0, 32.0 ] },
												"up": { "texture": "#horn", "uv": [ 56.0, 30.5, 56.5, 31.0 ] }
											},
											"children": [
												{
													"name": "LHorn6",
													"from": [ 0.1, 1.0, 0.1 ],
													"to": [ 0.7, 2.2, 0.7 ],
													"unwrapMode": 3,
													"uv": [ 55.5, 29.5 ],
													"rotationOrigin": [ 0.4, 1.0, 0.4 ],
													"rotationX": -4.0,
													"rotationY": -4.0,
													"rotationZ": -8.0,
													"faces": {
														"north": { "texture": "#horn", "uv": [ 57.0, 30.0, 57.5, 31.0 ] },
														"east": { "texture": "#horn", "uv": [ 56.5, 30.0, 57.0, 31.0 ] },
														"south": { "texture": "#horn", "uv": [ 56.0, 30.0, 56.5, 31.0 ] },
														"west": { "texture": "#horn", "uv": [ 55.5, 30.0, 56.0, 31.0 ] },
														"up": { "texture": "#horn", "uv": [ 56.0, 29.5, 56.5, 30.0 ] }
													},
													"children": [
														{
															"name": "LHorn7",
															"from": [ 0.1, 1.0, 0.1 ],
															"to": [ 0.6, 2.0, 0.6 ],
															"unwrapMode": 3,
															"uv": [ 55.5, 28.5 ],
															"rotationOrigin": [ 0.3, 1.0, 0.3 ],
															"rotationX": -2.0,
															"rotationY": -4.0,
															"rotationZ": 2.0,
															"faces": {
																"north": { "texture": "#horn", "uv": [ 57.0, 29.0, 57.5, 30.0 ] },
																"east": { "texture": "#horn", "uv": [ 56.5, 29.0, 57.0, 30.0 ] },
																"south": { "texture": "#horn", "uv": [ 56.0, 29.0, 56.5, 30.0 ] },
																"west": { "texture": "#horn", "uv": [ 55.5, 29.0, 56.0, 30.0 ] },
																"up": { "texture": "#horn", "uv": [ 56.0, 28.5, 56.5, 29.0 ] }
															},
															"children": [
																{
																	"name": "LHorn8",
																	"from": [ 0.1, 0.9, 0.1 ],
																	"to": [ 0.4, 1.7, 0.4 ],
																	"unwrapMode": 3,
																	"uv": [ 55.5, 28.0 ],
																	"rotationOrigin": [ 0.2, 0.9, 0.2 ],
																	"rotationX": -2.0,
																	"rotationY": -4.0,
																	"rotationZ": 20.0,
																	"faces": {
																		"north": { "texture": "#horn", "uv": [ 57.0, 28.5, 57.5, 29.0 ] },
																		"east": { "texture": "#horn", "uv": [ 56.5, 28.5, 57.0, 29.0 ] },
																		"south": { "texture": "#horn", "uv": [ 56.0, 28.5, 56.5, 29.0 ] },
																		"west": { "texture": "#horn", "uv": [ 55.5, 28.5, 56.0, 29.0 ] },
																		"up": { "texture": "#horn", "uv": [ 56.0, 28.0, 56.5, 28.5 ] }
																	}
																}
															]
														}
													]
												}
											]
										}
									]
								}
							]
						}
					]
				}
			]
		}
	],
	"animations": [
	]
}