{
	"editor": {
		"allAngles": true,
		"entityTextureMode": true
	},
	"textureWidth": 64,
	"textureHeight": 64,
	"textureSizes": {
	},
	"textures": {
		"piel": "entity/humanoid/serapharmor/body/piel"
	},
	"elements": [
		{
			"name": "ArmorUpperTorso",
			"stepParentName": "UpperTorso",
			"from": [ -0.5, -0.2, -0.4 ], 
			"to": [ 5.5, 5.2, 6.6 ], 
			"uv": [ 0.0, 0.0 ],
			"rotationOrigin": [ -0.5, -0.2, -0.4 ],
			"faces": {
				"north": { "texture": "#piel", "uv": [ 0.0, 7.0, 6.0, 12.0 ] },
				"east": { "texture": "#piel", "uv": [ 6.0, 7.0, 13.0, 12.0 ] },
				"south": { "texture": "#piel", "uv": [ 13.0, 7.0, 19.0, 12.0 ] },
				"west": { "texture": "#piel", "uv": [ 19.0, 7.0, 26.0, 12.0 ] },
				"up": { "texture": "#piel", "uv": [ 0.0, 0.0, 6.0, 7.0 ] },
				"down": { "texture": "#piel", "uv": [ 6.0, 0.0, 12.0, 7.0 ] }
			}
		},
		{
			"name": "ArmorLowerTorso",
			"stepParentName": "LowerTorso",
			"from": [ -0.3, -0.5, -0.3 ], 
			"to": [ 5.2, 5.1, 6.3 ], 
			"uv": [ 0.0, 18.0 ],
			"rotationOrigin": [ -0.3, -0.5, -0.3 ],
			"faces": {
				"north": { "texture": "#piel", "uv": [ 0.0, 24.5, 5.5, 30.0 ] },
				"east": { "texture": "#piel", "uv": [ 5.5, 24.5, 12.0, 30.0 ] },
				"south": { "texture": "#piel", "uv": [ 12.0, 24.5, 17.5, 30.0 ] },
				"west": { "texture": "#piel", "uv": [ 17.5, 24.5, 24.0, 30.0 ] },
				"up": { "texture": "#piel", "uv": [ 0.0, 18.0, 5.5, 24.5 ] },
				"down": { "texture": "#piel", "uv": [ 5.5, 18.0, 11.0, 24.5 ] }
			}
		},
		{
			"name": "ArmorUpperArmL",
			"stepParentName": "UpperArmL",
			"from": [ -0.2, -0.2, -0.1 ], 
			"to": [ 3.1, 7.2, 2.3 ], 
			"autoUnwrap": false,
			"uv": [ 54.0, 0.0 ],
			"rotationOrigin": [ -0.2, -0.2, -0.1 ],
			"faces": {
				"north": { "texture": "#piel", "uv": [ 54.0, 2.0, 57.0, 9.0 ] },
				"east": { "texture": "#piel", "uv": [ 57.0, 2.0, 59.0, 9.0 ] },
				"south": { "texture": "#piel", "uv": [ 59.0, 2.0, 62.0, 9.0 ] },
				"west": { "texture": "#piel", "uv": [ 62.0, 2.0, 64.0, 9.0 ] },
				"up": { "texture": "#piel", "uv": [ 54.0, 0.0, 57.0, 2.0 ] },
				"down": { "texture": "#piel", "uv": [ 57.0, 0.0, 60.0, 2.0 ], "enabled": false }
			},
			"children": [
				{
					"name": "ArmorPauldronL",
					"from": [ -0.3, 4.0, 0.7 ], 
					"to": [ 3.5, 8.0, 2.7 ], 
					"unwrapMode": 3,
					"uv": [ 22.0, 12.0 ],
					"rotationOrigin": [ -0.3, 4.0, 0.7 ],
					"faces": {
						"north": { "texture": "#piel", "uv": [ 29.5, 14.0, 33.0, 18.0 ] },
						"east": { "texture": "#piel", "uv": [ 27.5, 14.0, 29.5, 18.0 ] },
						"south": { "texture": "#piel", "uv": [ 24.0, 14.0, 27.5, 18.0 ] },
						"west": { "texture": "#piel", "uv": [ 22.0, 14.0, 24.0, 18.0 ] },
						"up": { "texture": "#piel", "uv": [ 24.0, 12.0, 27.5, 14.0 ] },
						"down": { "texture": "#piel", "uv": [ 24.0, 18.0, 27.5, 20.0 ], "rotation": 180 }
					}
				}
			]
		},
		{
			"name": "ArmorLowerArmL",
			"stepParentName": "LowerArmL",
			"from": [ -0.2, -0.2, -0.25 ], 
			"to": [ 2.7, 8.2, 2.35 ], 
			"autoUnwrap": false,
			"uv": [ 44.0, 9.0 ],
			"rotationOrigin": [ -0.2, -0.2, -0.3 ],
			"faces": {
				"north": { "texture": "#piel", "uv": [ 59.0, 11.5, 61.5, 19.5 ] },
				"east": { "texture": "#piel", "uv": [ 56.5, 11.5, 59.0, 19.5 ] },
				"south": { "texture": "#piel", "uv": [ 56.5, 11.5, 54.0, 19.5 ], "autoUv": false },
				"west": { "texture": "#piel", "uv": [ 64.0, 11.5, 61.5, 19.5 ], "autoUv": false },
				"up": { "texture": "#piel", "uv": [ 44.0, 9.0, 46.5, 11.5 ] },
				"down": { "texture": "#piel", "uv": [ 46.5, 9.0, 49.0, 11.5 ] }
			},
			"children": [
				{
					"name": "ArmorHandL",
					"from": [ -0.3, -0.3, 0.8 ], 
					"to": [ 3.2, 3.1, 2.8 ], 
					"unwrapMode": 3,
					"uv": [ 43.0, 40.0 ],
					"rotationOrigin": [ -0.3, -0.3, 0.8 ],
					"faces": {
						"north": { "texture": "#piel", "uv": [ 50.5, 42.0, 54.0, 45.0 ] },
						"east": { "texture": "#piel", "uv": [ 48.5, 42.0, 50.5, 45.0 ] },
						"south": { "texture": "#piel", "uv": [ 45.0, 42.0, 48.5, 45.0 ] },
						"west": { "texture": "#piel", "uv": [ 43.0, 42.0, 45.0, 45.0 ] },
						"up": { "texture": "#piel", "uv": [ 45.0, 40.0, 48.5, 42.0 ] },
						"down": { "texture": "#piel", "uv": [ 45.0, 45.0, 48.5, 47.0 ], "rotation": 180 }
					}
				}
			]
		}
	]}