{
	"editor": {
		"allAngles": true,
		"entityTextureMode": true
	},
	"textureWidth": 64,
	"textureHeight": 64,
	"textureSizes": {
	},
	"textures": {
		"piel": "entity/humanoid/serapharmor/body/piel"
	},
	"elements": [
		{
			"name": "ArmorUpperLegR",
			"stepParentName": "UpperFootR",
			"from": [ -0.19, -0.5, -0.1 ], 
			"to": [ 4.41, 9.5, 3.7 ], 
			"autoUnwrap": false,
			"uv": [ 17.5, 40.5 ],
			"rotationOrigin": [ -0.2, -0.5, -0.1 ],
			"faces": {
				"north": { "texture": "#piel", "uv": [ 16.0, 40.0, 20.5, 50.0 ] },
				"east": { "texture": "#piel", "uv": [ 20.5, 40.0, 24.0, 50.0 ] },
				"south": { "texture": "#piel", "uv": [ 24.0, 40.0, 28.5, 50.0 ] },
				"west": { "texture": "#piel", "uv": [ 28.5, 40.0, 32.0, 50.0 ] },
				"up": { "texture": "#piel", "uv": [ 32.0, 4.0, 36.5, 7.5 ], "enabled": false, "windMode": [-1,-1,-1,-1] },
				"down": { "texture": "#piel", "uv": [ 36.5, 4.0, 41.0, 7.5 ], "enabled": false, "windMode": [-1,-1,-1,-1] }
			}
		},
		{
			"name": "ArmorUpperLegL",
			"stepParentName": "UpperFootL",
			"from": [ -0.19, -0.5, -0.5 ], 
			"to": [ 4.41, 9.5, 3.3 ], 
			"autoUnwrap": false,
			"uv": [ 0.0, 40.0 ],
			"rotationOrigin": [ -0.2, -0.5, -0.5 ],
			"faces": {
				"north": { "texture": "#piel", "uv": [ 0.0, 40.0, 4.5, 50.0 ] },
				"east": { "texture": "#piel", "uv": [ 4.5, 40.0, 8.0, 50.0 ] },
				"south": { "texture": "#piel", "uv": [ 8.0, 40.0, 12.5, 50.0 ] },
				"west": { "texture": "#piel", "uv": [ 12.5, 40.0, 16.0, 50.0 ] },
				"up": { "texture": "#piel", "uv": [ 32.0, 0.5, 36.5, 4.0 ], "enabled": false, "windMode": [-1,-1,-1,-1] },
				"down": { "texture": "#piel", "uv": [ 36.5, 0.5, 41.0, 4.0 ], "enabled": false, "windMode": [-1,-1,-1,-1] }
			}
		},
		{
			"name": "ArmorLowerLegR",
			"stepParentName": "LowerFootR",
			"from": [ -0.3, -0.2, -0.35 ], 
			"to": [ -0.3, -0.2, -0.35 ], 
			"uv": [ 16.0, 51.0 ],
			"rotationOrigin": [ -0.3, -0.2, -0.5 ],
			"faces": {
				"north": { "texture": "#piel", "uv": [ 16.0, 51.5, 16.5, 52.0 ] },
				"east": { "texture": "#piel", "uv": [ 16.5, 51.5, 17.0, 52.0 ] },
				"south": { "texture": "#piel", "uv": [ 17.0, 51.5, 17.5, 52.0 ] },
				"west": { "texture": "#piel", "uv": [ 17.5, 51.5, 18.0, 52.0 ] },
				"up": { "texture": "#piel", "uv": [ 16.0, 51.0, 16.5, 51.5 ] },
				"down": { "texture": "#piel", "uv": [ 16.5, 51.0, 17.0, 51.5 ] }
			},
			"children": [
				{
					"name": "ArmorKneeR",
					"from": [ -0.3, 8.5, 0.0 ], 
					"to": [ 1.7, 11.8, 3.4 ], 
					"unwrapMode": 4,
					"uv": [ 44.0, 57.0 ],
					"rotationOrigin": [ -0.3, 8.5, 0.0 ],
					"faces": {
						"north": { "texture": "#piel", "uv": [ 44.0, 59.0, 46.0, 62.0 ], "autoUv": false },
						"east": { "texture": "#piel", "uv": [ 52.0, 59.0, 56.0, 62.0 ], "autoUv": false, "windMode": [-1,-1,-1,-1] },
						"south": { "texture": "#piel", "uv": [ 50.0, 59.0, 52.0, 62.0 ], "autoUv": false, "windMode": [-1,-1,-1,-1] },
						"west": { "texture": "#piel", "uv": [ 46.0, 59.0, 50.0, 62.0 ], "autoUv": false },
						"up": { "texture": "#piel", "uv": [ 46.0, 57.0, 50.0, 59.0 ], "rotation": 90, "autoUv": false, "windMode": [-1,-1,-1,-1] },
						"down": { "texture": "#piel", "uv": [ 46.0, 62.0, 50.0, 64.0 ], "rotation": 90, "autoUv": false }
					}
				}
			]
		},
		{
			"name": "ArmorLowerLegL",
			"stepParentName": "LowerFootL",
			"from": [ -0.3, -0.2, -0.15 ], 
			"to": [ -0.3, -0.2, -0.15 ], 
			"uv": [ 0.0, 51.0 ],
			"rotationOrigin": [ -0.3, -0.2, -0.3 ],
			"faces": {
				"north": { "texture": "#piel", "uv": [ 0.0, 51.5, 0.5, 52.0 ] },
				"east": { "texture": "#piel", "uv": [ 0.5, 51.5, 1.0, 52.0 ] },
				"south": { "texture": "#piel", "uv": [ 1.0, 51.5, 1.5, 52.0 ] },
				"west": { "texture": "#piel", "uv": [ 1.5, 51.5, 2.0, 52.0 ] },
				"up": { "texture": "#piel", "uv": [ 0.0, 51.0, 0.5, 51.5 ] },
				"down": { "texture": "#piel", "uv": [ 0.5, 51.0, 1.0, 51.5 ] }
			},
			"children": [
				{
					"name": "ArmorKneeL",
					"from": [ -0.3, 8.5, 0.0 ], 
					"to": [ 1.7, 11.8, 3.4 ], 
					"unwrapMode": 4,
					"uv": [ 32.0, 57.0 ],
					"rotationOrigin": [ -0.3, 8.5, 0.0 ],
					"faces": {
						"north": { "texture": "#piel", "uv": [ 32.0, 59.0, 34.0, 62.0 ], "autoUv": false },
						"east": { "texture": "#piel", "uv": [ 40.0, 59.0, 44.0, 62.0 ], "autoUv": false },
						"south": { "texture": "#piel", "uv": [ 38.0, 59.0, 40.0, 62.0 ], "autoUv": false },
						"west": { "texture": "#piel", "uv": [ 34.0, 59.0, 38.0, 62.0 ], "autoUv": false },
						"up": { "texture": "#piel", "uv": [ 34.0, 57.0, 38.0, 59.0 ], "rotation": 90, "autoUv": false },
						"down": { "texture": "#piel", "uv": [ 34.0, 62.0, 38.0, 64.0 ], "rotation": 90, "autoUv": false }
					}
				}
			]
		}
	]}