{
	"editor": {
		"collapsedPaths": "Root/origin barrel low,Root/origin content,Root/origin barrel top,Root/origin content/stick0-6,Root/origin content/stick1-5,Root/origin content/stick0-7,Root/origin content/stick1-6,Root/origin content/stick0-2,Root/origin content/stick1-1,Root/origin content/stick0-3,Root/origin content/stick1-2,Root/origin lower ring,Root/origin content/stick0-4,Root/origin content/stick2-2,Root/origin content/stick1-3,Root/origin content/stick0-5,Root/origin content/stick1-4,Root/origin content/stick0-1,Root/origin upper ring,Root/stick1-2,Root/stick0-1,Root/stick0-6,Root/stick0-5,Root/stick0-4,Root/stick2-2",
		"allAngles": false,
		"entityTextureMode": false
	},
	"textureWidth": 16,
	"textureHeight": 16,
	"textureSizes": {
	},
	"textures": {
		"blackbronze4": "game:block/metal/sheet/blackbronze4",
		"bottom": "game:block/wood/barrel/bottom",
		"aged": "game:block/wood/debarked/aged",
		"oak": "game:block/wood/debarked/oak"
	},
	"elements": [
		{
			"name": "origin barrel mid",
			"from": [ 8.0, 0.0, 8.0 ],
			"to": [ 8.0, 0.0, 8.0 ],
			"rotationOrigin": [ 8.0, 0.0, 8.0 ],
			"faces": {
			},
			"children": [
				{
					"name": "S 1",
					"from": [ -2.7, 1.5, 3.66 ],
					"to": [ -1.8, 7.5, 4.26 ],
					"rotationOrigin": [ -2.7, 1.5, 3.66 ],
					"faces": {
						"north": { "texture": "#aged", "uv": [ 0.0, 0.0, 6.0, 0.5 ], "rotation": 90 },
						"south": { "texture": "#aged", "uv": [ 0.0, 0.0, 6.0, 0.5 ], "rotation": 90 },
						"up": { "texture": "#aged", "uv": [ 0.0, 0.0, 0.5, 0.5 ] },
						"down": { "texture": "#aged", "uv": [ 0.0, 0.0, 0.5, 0.5 ] }
					}
				},
				{
					"name": "S 2",
					"from": [ -1.8, 2.0, 3.66 ],
					"to": [ 0.0, 7.3, 4.26 ],
					"rotationOrigin": [ -1.8, 2.0, 3.66 ],
					"faces": {
						"north": { "texture": "#aged", "uv": [ 0.0, 5.0, 5.0, 6.5 ], "rotation": 90 },
						"east": { "texture": "#aged", "uv": [ 0.0, 4.5, 5.0, 5.0 ], "rotation": 90 },
						"south": { "texture": "#aged", "uv": [ 0.0, 12.0, 5.0, 13.5 ], "rotation": 90 },
						"west": { "texture": "#aged", "uv": [ 0.0, 4.0, 5.0, 4.5 ], "rotation": 90 },
						"up": { "texture": "#aged", "uv": [ 0.0, 2.5, 1.5, 3.0 ] },
						"down": { "texture": "#aged", "uv": [ 4.0, 9.0, 5.5, 9.5 ] }
					}
				},
				{
					"name": "S 3",
					"from": [ 0.0, 2.0, 3.66 ],
					"to": [ 1.8, 7.0, 4.26 ],
					"rotationOrigin": [ 0.0, 2.0, 3.66 ],
					"faces": {
						"north": { "texture": "#aged", "uv": [ 0.5, 11.0, 5.5, 12.5 ], "rotation": 90 },
						"south": { "texture": "#aged", "uv": [ 0.5, 1.0, 5.5, 2.5 ], "rotation": 90 },
						"up": { "texture": "#aged", "uv": [ 9.5, 11.5, 11.0, 12.0 ] },
						"down": { "texture": "#aged", "uv": [ 7.0, 8.5, 8.5, 9.0 ] }
					}
				},
				{
					"name": "S 4",
					"from": [ 1.8, 2.0, 3.66 ],
					"to": [ 2.7, 7.3, 4.26 ],
					"rotationOrigin": [ 1.8, 2.0, 3.66 ],
					"faces": {
						"north": { "texture": "#aged", "uv": [ 0.0, 1.5, 5.0, 2.0 ], "rotation": 90 },
						"east": { "texture": "#aged", "uv": [ 0.0, 14.0, 5.0, 14.5 ], "rotation": 90 },
						"south": { "texture": "#aged", "uv": [ 0.0, 9.0, 5.0, 9.5 ], "rotation": 90 },
						"west": { "texture": "#aged", "uv": [ 0.0, 13.5, 5.0, 14.0 ], "rotation": 90 },
						"up": { "texture": "#aged", "uv": [ 9.5, 9.5, 10.0, 10.0 ] },
						"down": { "texture": "#aged", "uv": [ 6.0, 9.5, 6.5, 10.0 ] }
					}
				},
				{
					"name": "E 1",
					"from": [ 3.66, 2.0, 1.8 ],
					"to": [ 4.26, 7.0, 2.7 ],
					"rotationOrigin": [ 3.66, 2.0, 1.8 ],
					"faces": {
						"north": { "texture": "#aged", "uv": [ 0.0, 0.0, 5.0, 0.5 ], "rotation": 90, "windMode": [-1,-1,-1,-1] },
						"east": { "texture": "#aged", "uv": [ 0.5, 11.5, 5.5, 12.0 ], "rotation": 90 },
						"west": { "texture": "#aged", "uv": [ 0.0, 12.5, 5.0, 13.0 ], "rotation": 90 },
						"up": { "texture": "#aged", "uv": [ 5.0, 4.0, 5.5, 4.5 ] },
						"down": { "texture": "#aged", "uv": [ 8.0, 5.0, 8.5, 5.5 ] }
					}
				},
				{
					"name": "E 20",
					"from": [ 3.72, 2.0, 0.0 ],
					"to": [ 4.32, 7.3, 1.8 ],
					"rotationOrigin": [ 3.72, 2.0, 0.9 ],
					"faces": {
						"north": { "texture": "#aged", "uv": [ 0.0, 7.5, 5.0, 8.0 ], "rotation": 90 },
						"east": { "texture": "#aged", "uv": [ 0.0, 0.0, 5.0, 1.5 ], "rotation": 90 },
						"south": { "texture": "#aged", "uv": [ 0.0, 5.0, 5.0, 5.5 ], "rotation": 90 },
						"west": { "texture": "#aged", "uv": [ 0.0, 7.5, 5.0, 9.0 ], "rotation": 90 },
						"up": { "texture": "#aged", "uv": [ 7.0, 10.0, 7.5, 11.5 ] },
						"down": { "texture": "#aged", "uv": [ 5.5, 9.5, 6.0, 11.0 ] }
					}
				},
				{
					"name": "E 21",
					"from": [ 3.66, 2.0, -2.7 ],
					"to": [ 4.26, 7.3, -1.8 ],
					"rotationOrigin": [ 3.66, 2.0, -2.7 ],
					"faces": {
						"north": { "texture": "#aged", "uv": [ 0.0, 3.5, 5.0, 4.0 ], "rotation": 90 },
						"east": { "texture": "#aged", "uv": [ 0.0, 11.0, 5.0, 11.5 ], "rotation": 90 },
						"south": { "texture": "#aged", "uv": [ 0.0, 4.5, 5.0, 5.0 ], "rotation": 90 },
						"west": { "texture": "#aged", "uv": [ 0.0, 9.5, 5.0, 10.0 ], "rotation": 90 },
						"up": { "texture": "#aged", "uv": [ 12.0, 7.0, 12.5, 7.5 ] },
						"down": { "texture": "#aged", "uv": [ 3.5, 2.5, 4.0, 3.0 ] }
					}
				},
				{
					"name": "E 22",
					"from": [ 3.54, 2.0, -1.8 ],
					"to": [ 4.14, 7.0, 0.0 ],
					"rotationOrigin": [ 3.54, 2.0, -0.9 ],
					"faces": {
						"north": { "texture": "#aged", "uv": [ 0.0, 10.5, 5.0, 11.0 ], "rotation": 90 },
						"east": { "texture": "#aged", "uv": [ 0.0, 8.0, 5.0, 9.5 ], "rotation": 90 },
						"south": { "texture": "#aged", "uv": [ 0.5, 10.5, 5.5, 11.0 ], "rotation": 90 },
						"west": { "texture": "#aged", "uv": [ 0.0, 7.0, 5.0, 8.5 ], "rotation": 90 },
						"up": { "texture": "#aged", "uv": [ 8.0, 8.0, 8.5, 9.5 ] },
						"down": { "texture": "#aged", "uv": [ 4.0, 8.5, 4.5, 10.0 ] }
					}
				},
				{
					"name": "corner SE",
					"from": [ 2.94, 2.0, 2.1 ],
					"to": [ 3.54, 7.12, 4.5 ],
					"rotationOrigin": [ 3.24, 2.0, 3.3 ],
					"rotationY": -45.0,
					"faces": {
						"north": { "texture": "#aged", "uv": [ 0.0, 11.0, 5.0, 11.5 ], "rotation": 90 },
						"east": { "texture": "#aged", "uv": [ 0.0, 3.5, 5.0, 5.5 ], "rotation": 90 },
						"south": { "texture": "#aged", "uv": [ 0.0, 14.0, 5.0, 14.5 ], "rotation": 90 },
						"west": { "texture": "#aged", "uv": [ 0.5, 3.0, 5.5, 5.0 ], "rotation": 90 },
						"up": { "texture": "#aged", "uv": [ 12.0, 5.0, 12.5, 7.0 ] },
						"down": { "texture": "#aged", "uv": [ 1.5, 7.5, 2.0, 9.5 ] }
					}
				},
				{
					"name": "N 4",
					"from": [ -2.7, 2.0, -4.26 ],
					"to": [ -1.8, 7.0, -3.66 ],
					"rotationOrigin": [ -2.7, 2.0, -4.26 ],
					"faces": {
						"north": { "texture": "#aged", "uv": [ 0.5, 3.5, 5.5, 4.0 ], "rotation": 90 },
						"east": { "texture": "#aged", "uv": [ 0.0, 3.0, 5.0, 3.5 ], "rotation": 90 },
						"south": { "texture": "#aged", "uv": [ 0.0, 8.0, 5.0, 8.5 ], "rotation": 90 },
						"west": { "texture": "#aged", "uv": [ 0.5, 13.5, 5.5, 14.0 ], "rotation": 90 },
						"up": { "texture": "#aged", "uv": [ 0.5, 7.0, 1.0, 7.5 ] },
						"down": { "texture": "#aged", "uv": [ 4.0, 4.0, 4.5, 4.5 ] }
					}
				},
				{
					"name": "N 3",
					"from": [ -1.8, 2.0, -4.26 ],
					"to": [ 0.0, 7.3, -3.66 ],
					"rotationOrigin": [ -1.8, 2.0, -4.26 ],
					"faces": {
						"north": { "texture": "#aged", "uv": [ 0.0, 11.0, 5.0, 12.5 ], "rotation": 90 },
						"east": { "texture": "#aged", "uv": [ 0.0, 6.0, 5.0, 6.5 ], "rotation": 90 },
						"south": { "texture": "#aged", "uv": [ 0.0, 8.0, 5.0, 9.5 ], "rotation": 90 },
						"west": { "texture": "#aged", "uv": [ 0.0, 0.5, 5.0, 1.0 ], "rotation": 90 },
						"up": { "texture": "#aged", "uv": [ 3.0, 1.0, 4.5, 1.5 ] },
						"down": { "texture": "#aged", "uv": [ 9.0, 6.5, 10.5, 7.0 ] }
					}
				},
				{
					"name": "N 2",
					"from": [ 0.0, 2.0, -4.26 ],
					"to": [ 1.8, 7.0, -3.66 ],
					"rotationOrigin": [ 0.0, 2.0, -4.26 ],
					"faces": {
						"north": { "texture": "#aged", "uv": [ 0.0, 1.5, 5.0, 3.0 ], "rotation": 90 },
						"east": { "texture": "#aged", "uv": [ 0.5, 14.5, 5.5, 15.0 ], "rotation": 90 },
						"south": { "texture": "#aged", "uv": [ 0.5, 5.0, 5.5, 6.5 ], "rotation": 90 },
						"west": { "texture": "#aged", "uv": [ 0.0, 11.0, 5.0, 11.5 ], "rotation": 90 },
						"up": { "texture": "#aged", "uv": [ 4.0, 4.0, 5.5, 4.5 ] },
						"down": { "texture": "#aged", "uv": [ 0.5, 12.0, 2.0, 12.5 ] }
					}
				},
				{
					"name": "N 1",
					"from": [ 1.8, 2.0, -4.26 ],
					"to": [ 2.7, 7.3, -3.66 ],
					"rotationOrigin": [ 1.8, 2.0, -4.26 ],
					"faces": {
						"north": { "texture": "#aged", "uv": [ 0.0, 11.0, 5.0, 11.5 ], "rotation": 90 },
						"east": { "texture": "#aged", "uv": [ 0.0, 0.5, 5.0, 1.0 ], "rotation": 90 },
						"south": { "texture": "#aged", "uv": [ 0.0, 12.0, 5.0, 12.5 ], "rotation": 90 },
						"west": { "texture": "#aged", "uv": [ 0.0, 0.5, 5.0, 1.0 ], "rotation": 90 },
						"up": { "texture": "#aged", "uv": [ 8.5, 10.5, 9.0, 11.0 ] },
						"down": { "texture": "#aged", "uv": [ 9.5, 1.5, 10.0, 2.0 ] }
					}
				},
				{
					"name": "corner NE",
					"from": [ 2.94, 2.0, -4.5 ],
					"to": [ 3.54, 7.12, -2.1 ],
					"rotationOrigin": [ 3.24, 2.0, -3.3 ],
					"rotationY": 45.0,
					"faces": {
						"north": { "texture": "#aged", "uv": [ 0.0, 3.0, 5.0, 3.5 ], "rotation": 90 },
						"east": { "texture": "#aged", "uv": [ 0.5, 8.5, 5.5, 10.5 ], "rotation": 90 },
						"south": { "texture": "#aged", "uv": [ 0.5, 6.0, 5.5, 6.5 ], "rotation": 90 },
						"west": { "texture": "#aged", "uv": [ 0.0, 0.5, 5.0, 2.5 ], "rotation": 90 },
						"up": { "texture": "#aged", "uv": [ 9.5, 5.5, 10.0, 7.5 ] },
						"down": { "texture": "#aged", "uv": [ 0.0, 10.0, 0.5, 12.0 ] }
					}
				},
				{
					"name": "W 4",
					"from": [ -4.26, 2.0, 1.8 ],
					"to": [ -3.66, 7.0, 2.7 ],
					"rotationOrigin": [ -4.26, 2.0, 1.8 ],
					"faces": {
						"north": { "texture": "#aged", "uv": [ 0.0, 13.5, 5.0, 14.0 ], "rotation": 90 },
						"east": { "texture": "#aged", "uv": [ 0.0, 7.5, 5.0, 8.0 ], "rotation": 90 },
						"south": { "texture": "#aged", "uv": [ 0.5, 10.0, 5.5, 10.5 ], "rotation": 90 },
						"west": { "texture": "#aged", "uv": [ 0.5, 2.0, 5.5, 2.5 ], "rotation": 90 },
						"up": { "texture": "#aged", "uv": [ 1.5, 1.0, 2.0, 1.5 ] },
						"down": { "texture": "#aged", "uv": [ 10.5, 5.0, 11.0, 5.5 ] }
					}
				},
				{
					"name": "W 3",
					"from": [ -4.26, 2.0, 0.0 ],
					"to": [ -3.66, 7.3, 1.8 ],
					"rotationOrigin": [ -4.26, 2.0, 0.0 ],
					"faces": {
						"north": { "texture": "#aged", "uv": [ 0.0, 13.0, 5.0, 13.5 ], "rotation": 90 },
						"east": { "texture": "#aged", "uv": [ 0.0, 11.5, 5.0, 13.0 ], "rotation": 90 },
						"south": { "texture": "#aged", "uv": [ 0.0, 9.0, 5.0, 9.5 ], "rotation": 90 },
						"west": { "texture": "#aged", "uv": [ 0.0, 8.5, 5.0, 10.0 ], "rotation": 90 },
						"up": { "texture": "#aged", "uv": [ 5.0, 12.5, 5.5, 14.0 ] },
						"down": { "texture": "#aged", "uv": [ 4.5, 10.5, 5.0, 12.0 ] }
					}
				},
				{
					"name": "W 2",
					"from": [ -4.26, 2.0, -1.8 ],
					"to": [ -3.66, 7.0, 0.0 ],
					"rotationOrigin": [ -4.26, 2.0, -1.8 ],
					"faces": {
						"north": { "texture": "#aged", "uv": [ 0.0, 5.5, 5.0, 6.0 ], "rotation": 90 },
						"east": { "texture": "#aged", "uv": [ 0.5, 0.5, 5.5, 2.0 ], "rotation": 90 },
						"south": { "texture": "#aged", "uv": [ 0.5, 5.0, 5.5, 5.5 ], "rotation": 90 },
						"west": { "texture": "#aged", "uv": [ 0.5, 7.0, 5.5, 8.5 ], "rotation": 90 },
						"up": { "texture": "#aged", "uv": [ 12.0, 7.5, 12.5, 9.0 ] },
						"down": { "texture": "#aged", "uv": [ 11.5, 1.5, 12.0, 3.0 ] }
					}
				},
				{
					"name": "W 1",
					"from": [ -4.26, 2.0, -2.7 ],
					"to": [ -3.66, 7.3, -1.8 ],
					"rotationOrigin": [ -4.26, 2.0, -2.7 ],
					"faces": {
						"north": { "texture": "#aged", "uv": [ 0.0, 13.0, 5.0, 13.5 ], "rotation": 90 },
						"east": { "texture": "#aged", "uv": [ 0.0, 7.5, 5.0, 8.0 ], "rotation": 90 },
						"south": { "texture": "#aged", "uv": [ 0.0, 3.5, 5.0, 4.0 ], "rotation": 90 },
						"west": { "texture": "#aged", "uv": [ 0.0, 11.5, 5.0, 12.0 ], "rotation": 90 },
						"up": { "texture": "#aged", "uv": [ 0.5, 3.5, 1.0, 4.0 ] },
						"down": { "texture": "#aged", "uv": [ 8.5, 8.5, 9.0, 9.0 ] }
					}
				},
				{
					"name": "corner NW",
					"from": [ -3.54, 2.0, -4.5 ],
					"to": [ -2.94, 7.12, -2.1 ],
					"rotationOrigin": [ -3.24, 2.0, -3.3 ],
					"rotationY": -45.0,
					"faces": {
						"north": { "texture": "#aged", "uv": [ 0.5, 12.0, 5.5, 12.5 ], "rotation": 90 },
						"east": { "texture": "#aged", "uv": [ 0.5, 1.5, 5.5, 3.5 ], "rotation": 90 },
						"south": { "texture": "#aged", "uv": [ 0.5, 12.5, 5.5, 13.0 ], "rotation": 90 },
						"west": { "texture": "#aged", "uv": [ 0.5, 5.0, 5.5, 7.0 ], "rotation": 90 },
						"up": { "texture": "#aged", "uv": [ 14.0, 2.0, 14.5, 4.0 ] },
						"down": { "texture": "#aged", "uv": [ 4.0, 4.0, 4.5, 6.0 ] }
					}
				},
				{
					"name": "corner SW",
					"from": [ -3.54, 2.0, 2.1 ],
					"to": [ -2.94, 7.12, 4.5 ],
					"rotationOrigin": [ -3.24, 2.0, 3.3 ],
					"rotationY": 45.0,
					"faces": {
						"north": { "texture": "#aged", "uv": [ 0.0, 3.0, 5.0, 3.5 ], "rotation": 90 },
						"east": { "texture": "#aged", "uv": [ 1.0, 1.0, 6.0, 3.0 ], "rotation": 90 },
						"south": { "texture": "#aged", "uv": [ 0.5, 6.0, 5.5, 6.5 ], "rotation": 90 },
						"west": { "texture": "#aged", "uv": [ 0.0, 0.5, 5.0, 2.5 ], "rotation": 90 },
						"up": { "texture": "#aged", "uv": [ 9.5, 5.5, 10.0, 7.5 ] },
						"down": { "texture": "#aged", "uv": [ 0.0, 10.0, 0.5, 12.0 ] }
					}
				},
				{
					"name": "floor",
					"from": [ -3.22, 0.06, -3.22 ],
					"to": [ 3.28, 0.66, 3.28 ],
					"rotationOrigin": [ -4.42, 0.06, -4.42 ],
					"faces": {
						"up": { "texture": "#bottom", "uv": [ 0.5, 0.5, 12.0, 12.0 ], "autoUv": false },
						"down": { "texture": "#bottom", "uv": [ 0.5, 0.5, 12.0, 12.0 ], "autoUv": false }
					}
				},
				{
					"name": "plaques",
					"from": [ 0.0, 0.0, 0.0 ],
					"to": [ 0.0, 0.0, 0.0 ],
					"rotationOrigin": [ 0.0, 0.0, 0.0 ],
					"faces": {
					},
					"children": [
						{
							"name": "plaqueN",
							"from": [ -2.6, 2.9, -4.1 ],
							"to": [ 2.2, 6.4, -3.9 ],
							"rotationOrigin": [ -0.1, 2.9, -4.1 ],
							"rotationY": 180.0,
							"faces": {
								"east": { "texture": "#blackbronze4", "uv": [ 0.0, 0.0, 0.5, 3.5 ] },
								"south": { "texture": "#blackbronze4", "uv": [ 10.5, 3.0, 15.0, 6.5 ] },
								"west": { "texture": "#blackbronze4", "uv": [ 0.0, 0.0, 0.5, 3.5 ] },
								"up": { "texture": "#blackbronze4", "uv": [ 0.0, 0.0, 4.5, 0.5 ] },
								"down": { "texture": "#blackbronze4", "uv": [ 0.0, 0.0, 4.5, 0.5 ] }
							},
							"children": [
								{
									"name": "stickN",
									"from": [ 10.0, -1.7, 0.12 ],
									"to": [ 12.88, -1.31, 0.51 ],
									"rotationOrigin": [ 6.8, -1.7, -2.9 ],
									"rotationZ": 139.0,
									"faces": {
										"north": { "texture": "#oak", "uv": [ 0.0, 0.5, 2.5, 1.0 ] },
										"east": { "texture": "#oak", "uv": [ 7.5, 6.0, 8.0, 6.5 ] },
										"south": { "texture": "#oak", "uv": [ 0.0, 12.5, 2.5, 13.0 ] },
										"west": { "texture": "#oak", "uv": [ 10.0, 10.5, 10.5, 11.0 ] },
										"up": { "texture": "#oak", "uv": [ 3.0, 1.0, 5.5, 1.5 ] },
										"down": { "texture": "#oak", "uv": [ 0.0, 10.0, 2.5, 10.5 ] }
									},
									"children": [
										{
											"name": "stickN1",
											"from": [ 2.88, 0.0, 0.0 ],
											"to": [ 4.7, 0.39, 0.39 ],
											"rotationOrigin": [ 2.88, 0.0, 0.0 ],
											"rotationY": -4.0,
											"faces": {
												"north": { "texture": "#oak", "uv": [ 0.0, 10.0, 1.5, 10.5 ], "windMode": [-1,-1,-1,-1] },
												"east": { "texture": "#oak", "uv": [ 5.0, 13.5, 5.5, 14.0 ] },
												"south": { "texture": "#oak", "uv": [ 0.0, 0.0, 1.5, 0.5 ] },
												"west": { "texture": "#oak", "uv": [ 12.5, 14.0, 13.0, 14.5 ] },
												"up": { "texture": "#oak", "uv": [ 1.0, 13.0, 2.5, 13.5 ] },
												"down": { "texture": "#oak", "uv": [ 0.5, 4.0, 2.0, 4.5 ] }
											}
										},
										{
											"name": "stickN2",
											"from": [ 0.494, 0.026, 0.0 ],
											"to": [ 1.274, 0.286, 0.26 ],
											"rotationOrigin": [ 0.494, 0.026, 0.0 ],
											"rotationY": 28.5,
											"faces": {
												"north": { "texture": "#oak", "uv": [ 4.5, 1.5, 5.0, 2.0 ] },
												"east": { "texture": "#oak", "uv": [ 6.5, 1.5, 7.0, 2.0 ] },
												"south": { "texture": "#oak", "uv": [ 2.0, 7.5, 2.5, 8.0 ], "windMode": [-1,-1,-1,-1] },
												"up": { "texture": "#oak", "uv": [ 11.5, 6.0, 12.0, 6.5 ] },
												"down": { "texture": "#oak", "uv": [ 4.0, 0.5, 4.5, 1.0 ] }
											}
										},
										{
											"name": "stickN3",
											"from": [ 3.4, 0.026, 0.182 ],
											"to": [ 3.92, 0.182, 0.338 ],
											"rotationOrigin": [ 3.4, 0.026, 0.338 ],
											"rotationY": -41.5,
											"faces": {
												"north": { "texture": "#oak", "uv": [ 11.5, 4.0, 12.0, 4.5 ] },
												"east": { "texture": "#oak", "uv": [ 9.5, 4.0, 10.0, 4.5 ] },
												"south": { "texture": "#oak", "uv": [ 9.5, 7.0, 10.0, 7.5 ] },
												"up": { "texture": "#oak", "uv": [ 11.0, 6.0, 11.5, 6.5 ] },
												"down": { "texture": "#oak", "uv": [ 1.0, 1.0, 1.5, 1.5 ] }
											}
										}
									]
								}
							]
						},
						{
							"name": "plaqueS",
							"from": [ -2.4, 2.9, 4.2 ],
							"to": [ 2.4, 6.4, 4.4 ],
							"rotationOrigin": [ -2.4, 2.9, 4.2 ],
							"faces": {
								"east": { "texture": "#blackbronze4", "uv": [ 0.0, 0.0, 0.5, 3.5 ] },
								"south": { "texture": "#blackbronze4", "uv": [ 1.5, 2.0, 6.0, 5.5 ] },
								"west": { "texture": "#blackbronze4", "uv": [ 0.0, 0.0, 0.5, 3.5 ] },
								"up": { "texture": "#blackbronze4", "uv": [ 0.0, 0.0, 4.5, 0.5 ] },
								"down": { "texture": "#blackbronze4", "uv": [ 0.0, 0.0, 4.5, 0.5 ] }
							},
							"children": [
								{
									"name": "stickS",
									"from": [ 10.0, -1.7, 0.12 ],
									"to": [ 12.88, -1.31, 0.51 ],
									"rotationOrigin": [ 6.8, -1.7, -2.9 ],
									"rotationZ": 139.0,
									"faces": {
										"north": { "texture": "#oak", "uv": [ 0.0, 0.5, 2.5, 1.0 ] },
										"east": { "texture": "#oak", "uv": [ 7.5, 6.0, 8.0, 6.5 ] },
										"south": { "texture": "#oak", "uv": [ 0.0, 12.5, 2.5, 13.0 ] },
										"west": { "texture": "#oak", "uv": [ 10.0, 10.5, 10.5, 11.0 ] },
										"up": { "texture": "#oak", "uv": [ 3.0, 1.0, 5.5, 1.5 ] },
										"down": { "texture": "#oak", "uv": [ 0.0, 10.0, 2.5, 10.5 ] }
									},
									"children": [
										{
											"name": "stickS2",
											"from": [ 2.88, 0.0, 0.0 ],
											"to": [ 4.7, 0.39, 0.39 ],
											"rotationOrigin": [ 2.88, 0.0, 0.0 ],
											"rotationY": -4.0,
											"faces": {
												"north": { "texture": "#oak", "uv": [ 0.0, 10.0, 1.8, 10.2 ], "windMode": [-1,-1,-1,-1] },
												"east": { "texture": "#oak", "uv": [ 5.0, 13.5, 5.2, 13.7 ] },
												"south": { "texture": "#oak", "uv": [ 0.0, 0.0, 1.8, 0.2 ] },
												"west": { "texture": "#oak", "uv": [ 12.5, 14.0, 12.7, 14.2 ] },
												"up": { "texture": "#oak", "uv": [ 1.0, 13.0, 2.8, 13.2 ] },
												"down": { "texture": "#oak", "uv": [ 0.5, 4.0, 2.3, 4.2 ] }
											}
										},
										{
											"name": "stickS3",
											"from": [ 0.494, 0.026, 0.0 ],
											"to": [ 1.274, 0.286, 0.26 ],
											"rotationOrigin": [ 0.494, 0.026, 0.0 ],
											"rotationY": 28.5,
											"faces": {
												"north": { "texture": "#oak", "uv": [ 4.5, 1.5, 5.28, 1.76 ] },
												"east": { "texture": "#oak", "uv": [ 6.5, 1.5, 6.76, 1.76 ] },
												"south": { "texture": "#oak", "uv": [ 2.0, 7.5, 2.78, 7.76 ], "windMode": [-1,-1,-1,-1] },
												"up": { "texture": "#oak", "uv": [ 11.5, 6.0, 12.28, 6.26 ] },
												"down": { "texture": "#oak", "uv": [ 4.0, 0.5, 4.78, 0.76 ] }
											}
										},
										{
											"name": "stickS4",
											"from": [ 3.4, 0.026, 0.182 ],
											"to": [ 3.92, 0.182, 0.338 ],
											"rotationOrigin": [ 3.4, 0.026, 0.338 ],
											"rotationY": -41.5,
											"faces": {
												"north": { "texture": "#oak", "uv": [ 11.5, 4.0, 11.9, 4.2 ] },
												"east": { "texture": "#oak", "uv": [ 9.5, 4.0, 9.7, 4.2 ] },
												"south": { "texture": "#oak", "uv": [ 9.5, 7.0, 9.9, 7.2 ] },
												"up": { "texture": "#oak", "uv": [ 11.0, 6.0, 11.4, 6.2 ] },
												"down": { "texture": "#oak", "uv": [ 1.0, 1.0, 1.4, 1.2 ] }
											}
										}
									]
								}
							]
						}
					]
				}
			]
		},
		{
			"name": "origin upper ring",
			"from": [ 8.0, 0.0, 8.0 ],
			"to": [ 8.0, 0.0, 8.0 ],
			"rotationOrigin": [ 8.0, 0.0, 8.0 ],
			"faces": {
				"north": { "texture": "#aged", "uv": [ 0.0, 0.0, 0.5, 0.5 ] },
				"east": { "texture": "#aged", "uv": [ 0.0, 0.0, 0.5, 0.5 ] },
				"south": { "texture": "#aged", "uv": [ 0.0, 0.0, 0.5, 0.5 ] },
				"west": { "texture": "#aged", "uv": [ 0.0, 0.0, 0.5, 0.5 ] },
				"up": { "texture": "#aged", "uv": [ 0.0, 0.0, 0.5, 0.5 ] },
				"down": { "texture": "#aged", "uv": [ 0.0, 0.0, 0.5, 0.5 ] }
			},
			"children": [
				{
					"name": "Upper ring S",
					"from": [ -2.7, 6.6, 4.2 ],
					"to": [ 2.7, 7.8, 4.5 ],
					"rotationOrigin": [ 0.9, 7.2, 4.2 ],
					"faces": {
						"east": { "texture": "#blackbronze4", "uv": [ 0.0, 3.0, 0.3, 4.2 ] },
						"south": { "texture": "#blackbronze4", "uv": [ 0.0, 0.5, 5.4, 1.7 ] },
						"west": { "texture": "#blackbronze4", "uv": [ 15.0, 3.0, 15.3, 4.2 ] },
						"up": { "texture": "#blackbronze4", "uv": [ 0.0, 0.0, 5.4, 0.3 ] },
						"down": { "texture": "#blackbronze4", "uv": [ 0.0, 0.0, 5.0, 0.5 ], "rotation": 180 }
					}
				},
				{
					"name": "Upper corner SE",
					"from": [ 2.22, 6.6, 3.42 ],
					"to": [ 4.62, 7.8, 3.72 ],
					"rotationOrigin": [ 3.42, 6.6, 3.42 ],
					"rotationY": 45.0,
					"faces": {
						"east": { "texture": "#blackbronze4", "uv": [ 0.0, 3.0, 0.3, 4.2 ] },
						"south": { "texture": "#blackbronze4", "uv": [ 4.0, 0.5, 6.4, 1.7 ] },
						"west": { "texture": "#blackbronze4", "uv": [ 15.0, 3.0, 15.3, 4.2 ], "windMode": [-1,-1,-1,-1] },
						"up": { "texture": "#blackbronze4", "uv": [ 0.0, 0.0, 2.4, 0.3 ] },
						"down": { "texture": "#blackbronze4", "uv": [ 0.0, 0.0, 2.0, 0.5 ], "rotation": 180 }
					}
				},
				{
					"name": "Upper ring E",
					"from": [ 4.2, 6.6, -2.7 ],
					"to": [ 4.5, 7.8, 2.7 ],
					"rotationOrigin": [ 4.2, 7.2, 0.3 ],
					"faces": {
						"north": { "texture": "#blackbronze4", "uv": [ 0.0, 12.0, 0.3, 13.2 ] },
						"east": { "texture": "#blackbronze4", "uv": [ 3.0, 0.5, 8.4, 1.7 ] },
						"south": { "texture": "#blackbronze4", "uv": [ 0.0, 12.0, 0.3, 13.2 ] },
						"up": { "texture": "#blackbronze4", "uv": [ 1.0, 0.0, 6.0, 0.5 ], "rotation": 270 },
						"down": { "texture": "#blackbronze4", "uv": [ 1.0, 0.0, 6.0, 0.5 ], "rotation": 270 }
					}
				},
				{
					"name": "Upper corner NE",
					"from": [ 2.46, 6.6, -3.66 ],
					"to": [ 4.86, 7.8, -3.36 ],
					"rotationOrigin": [ 3.66, 6.6, -3.66 ],
					"rotationY": -45.0,
					"faces": {
						"north": { "texture": "#blackbronze4", "uv": [ 8.5, 0.5, 10.9, 1.7 ] },
						"east": { "texture": "#blackbronze4", "uv": [ 0.0, 3.0, 0.3, 4.2 ] },
						"west": { "texture": "#blackbronze4", "uv": [ 15.0, 3.0, 15.3, 4.2 ] },
						"up": { "texture": "#blackbronze4", "uv": [ 0.0, 0.0, 2.4, 0.3 ] },
						"down": { "texture": "#blackbronze4", "uv": [ 0.0, 0.0, 2.0, 0.5 ], "rotation": 180 }
					}
				},
				{
					"name": "Upper corner SW",
					"from": [ -4.62, 6.6, 3.42 ],
					"to": [ -2.22, 7.8, 3.72 ],
					"rotationOrigin": [ -3.42, 6.6, 3.42 ],
					"rotationY": -45.0,
					"faces": {
						"east": { "texture": "#blackbronze4", "uv": [ 0.0, 3.0, 0.3, 4.2 ] },
						"south": { "texture": "#blackbronze4", "uv": [ 4.0, 0.5, 6.4, 1.7 ] },
						"west": { "texture": "#blackbronze4", "uv": [ 15.0, 3.0, 15.3, 4.2 ] },
						"up": { "texture": "#blackbronze4", "uv": [ 0.0, 0.0, 2.4, 0.3 ] },
						"down": { "texture": "#blackbronze4", "uv": [ 0.0, 0.0, 2.0, 0.5 ], "rotation": 180 }
					}
				},
				{
					"name": "Upper ring W",
					"from": [ -4.5, 6.6, -2.7 ],
					"to": [ -4.2, 7.8, 2.7 ],
					"rotationOrigin": [ -4.5, 7.2, 0.3 ],
					"faces": {
						"north": { "texture": "#blackbronze4", "uv": [ 0.0, 12.0, 0.3, 13.2 ] },
						"south": { "texture": "#blackbronze4", "uv": [ 0.0, 12.0, 0.3, 13.2 ] },
						"west": { "texture": "#blackbronze4", "uv": [ 3.0, 0.5, 8.4, 1.7 ] },
						"up": { "texture": "#blackbronze4", "uv": [ 1.0, 0.0, 6.0, 0.5 ], "rotation": 270 },
						"down": { "texture": "#blackbronze4", "uv": [ 1.0, 0.0, 6.0, 0.5 ], "rotation": 270 }
					}
				},
				{
					"name": "Upper ring N",
					"from": [ -2.7, 6.6, -4.5 ],
					"to": [ 2.7, 7.8, -4.2 ],
					"rotationOrigin": [ 0.9, 7.2, -4.5 ],
					"faces": {
						"north": { "texture": "#blackbronze4", "uv": [ 3.5, 0.5, 8.9, 1.7 ] },
						"east": { "texture": "#blackbronze4", "uv": [ 0.0, 3.0, 0.3, 4.2 ] },
						"west": { "texture": "#blackbronze4", "uv": [ 15.0, 3.0, 15.3, 4.2 ] },
						"up": { "texture": "#blackbronze4", "uv": [ 0.0, 0.0, 5.4, 0.3 ] },
						"down": { "texture": "#blackbronze4", "uv": [ 0.0, 0.0, 5.0, 0.5 ], "rotation": 180 }
					}
				},
				{
					"name": "Upper corner NW",
					"from": [ -4.86, 6.6, -3.66 ],
					"to": [ -2.46, 7.8, -3.36 ],
					"rotationOrigin": [ -3.66, 6.6, -3.66 ],
					"rotationY": 45.0,
					"faces": {
						"north": { "texture": "#blackbronze4", "uv": [ 4.0, 0.5, 6.4, 1.7 ] },
						"east": { "texture": "#blackbronze4", "uv": [ 0.0, 3.0, 0.3, 4.2 ] },
						"west": { "texture": "#blackbronze4", "uv": [ 15.0, 3.0, 15.3, 4.2 ] },
						"up": { "texture": "#blackbronze4", "uv": [ 0.0, 0.0, 2.4, 0.3 ] },
						"down": { "texture": "#blackbronze4", "uv": [ 0.0, 0.0, 2.0, 0.5 ], "rotation": 180 }
					}
				}
			]
		},
		{
			"name": "origin lower ring",
			"from": [ 8.0, -5.1, 8.0 ],
			"to": [ 8.0, -5.1, 8.0 ],
			"rotationOrigin": [ 8.0, 1.5, 8.0 ],
			"faces": {
				"north": { "texture": "#aged", "uv": [ 0.0, 0.0, 0.5, 0.5 ] },
				"east": { "texture": "#aged", "uv": [ 0.0, 0.0, 0.5, 0.5 ] },
				"south": { "texture": "#aged", "uv": [ 0.0, 0.0, 0.5, 0.5 ] },
				"west": { "texture": "#aged", "uv": [ 0.0, 0.0, 0.5, 0.5 ] },
				"up": { "texture": "#aged", "uv": [ 0.0, 0.0, 0.5, 0.5 ] },
				"down": { "texture": "#aged", "uv": [ 0.0, 0.0, 0.5, 0.5 ] }
			},
			"children": [
				{
					"name": "Lower ring S",
					"from": [ -2.7, 6.6, 4.2 ],
					"to": [ 2.7, 7.8, 4.5 ],
					"rotationOrigin": [ 0.9, 7.2, 4.2 ],
					"faces": {
						"east": { "texture": "#blackbronze4", "uv": [ 0.0, 3.0, 0.3, 4.2 ] },
						"south": { "texture": "#blackbronze4", "uv": [ 0.0, 0.5, 5.4, 1.7 ] },
						"west": { "texture": "#blackbronze4", "uv": [ 15.0, 3.0, 15.3, 4.2 ] },
						"up": { "texture": "#blackbronze4", "uv": [ 0.0, 0.0, 5.4, 0.3 ] },
						"down": { "texture": "#blackbronze4", "uv": [ 0.0, 0.0, 5.0, 0.5 ], "rotation": 180 }
					}
				},
				{
					"name": "Lower corner SE",
					"from": [ 2.22, 6.6, 3.42 ],
					"to": [ 4.62, 7.8, 3.72 ],
					"rotationOrigin": [ 3.42, 6.6, 3.42 ],
					"rotationY": 45.0,
					"faces": {
						"east": { "texture": "#blackbronze4", "uv": [ 0.0, 3.0, 0.3, 4.2 ] },
						"south": { "texture": "#blackbronze4", "uv": [ 4.0, 0.5, 6.4, 1.7 ] },
						"west": { "texture": "#blackbronze4", "uv": [ 15.0, 3.0, 15.3, 4.2 ] },
						"up": { "texture": "#blackbronze4", "uv": [ 0.0, 0.0, 2.4, 0.3 ] },
						"down": { "texture": "#blackbronze4", "uv": [ 0.0, 0.0, 2.0, 0.5 ], "rotation": 180 }
					}
				},
				{
					"name": "Lower ring E",
					"from": [ 4.2, 6.6, -2.7 ],
					"to": [ 4.5, 7.8, 2.7 ],
					"rotationOrigin": [ 4.2, 7.2, 0.3 ],
					"faces": {
						"north": { "texture": "#blackbronze4", "uv": [ 0.0, 12.0, 0.3, 13.2 ] },
						"east": { "texture": "#blackbronze4", "uv": [ 3.0, 0.5, 8.4, 1.7 ] },
						"south": { "texture": "#blackbronze4", "uv": [ 0.0, 12.0, 0.3, 13.2 ] },
						"up": { "texture": "#blackbronze4", "uv": [ 1.0, 0.0, 6.0, 0.5 ], "rotation": 270 },
						"down": { "texture": "#blackbronze4", "uv": [ 1.0, 0.0, 6.0, 0.5 ], "rotation": 270 }
					}
				},
				{
					"name": "Lower corner NE",
					"from": [ 2.46, 6.6, -3.66 ],
					"to": [ 4.86, 7.8, -3.36 ],
					"rotationOrigin": [ 3.66, 6.6, -3.66 ],
					"rotationY": -45.0,
					"faces": {
						"north": { "texture": "#blackbronze4", "uv": [ 8.5, 0.5, 10.9, 1.7 ] },
						"east": { "texture": "#blackbronze4", "uv": [ 0.0, 3.0, 0.3, 4.2 ] },
						"west": { "texture": "#blackbronze4", "uv": [ 15.0, 3.0, 15.3, 4.2 ] },
						"up": { "texture": "#blackbronze4", "uv": [ 0.0, 0.0, 2.4, 0.3 ] },
						"down": { "texture": "#blackbronze4", "uv": [ 0.0, 0.0, 2.0, 0.5 ], "rotation": 180 }
					}
				},
				{
					"name": "Lower corner SW",
					"from": [ -4.62, 6.6, 3.42 ],
					"to": [ -2.22, 7.8, 3.72 ],
					"rotationOrigin": [ -3.42, 6.6, 3.42 ],
					"rotationY": -45.0,
					"faces": {
						"east": { "texture": "#blackbronze4", "uv": [ 0.0, 3.0, 0.3, 4.2 ] },
						"south": { "texture": "#blackbronze4", "uv": [ 4.0, 0.5, 6.4, 1.7 ] },
						"west": { "texture": "#blackbronze4", "uv": [ 15.0, 3.0, 15.3, 4.2 ] },
						"up": { "texture": "#blackbronze4", "uv": [ 0.0, 0.0, 2.4, 0.3 ] },
						"down": { "texture": "#blackbronze4", "uv": [ 0.0, 0.0, 2.0, 0.5 ], "rotation": 180 }
					}
				},
				{
					"name": "Lower ring W",
					"from": [ -4.5, 6.6, -2.7 ],
					"to": [ -4.2, 7.8, 2.7 ],
					"rotationOrigin": [ -4.5, 7.2, 0.3 ],
					"faces": {
						"north": { "texture": "#blackbronze4", "uv": [ 0.0, 12.0, 0.3, 13.2 ] },
						"south": { "texture": "#blackbronze4", "uv": [ 0.0, 12.0, 0.3, 13.2 ] },
						"west": { "texture": "#blackbronze4", "uv": [ 3.0, 0.5, 8.4, 1.7 ] },
						"up": { "texture": "#blackbronze4", "uv": [ 1.0, 0.0, 6.0, 0.5 ], "rotation": 270 },
						"down": { "texture": "#blackbronze4", "uv": [ 1.0, 0.0, 6.0, 0.5 ], "rotation": 270 }
					}
				},
				{
					"name": "Lower ring N",
					"from": [ -2.7, 6.6, -4.5 ],
					"to": [ 2.7, 7.8, -4.2 ],
					"rotationOrigin": [ 0.9, 7.2, -4.5 ],
					"faces": {
						"north": { "texture": "#blackbronze4", "uv": [ 3.5, 0.5, 8.9, 1.7 ] },
						"east": { "texture": "#blackbronze4", "uv": [ 0.0, 3.0, 0.3, 4.2 ] },
						"west": { "texture": "#blackbronze4", "uv": [ 15.0, 3.0, 15.3, 4.2 ] },
						"up": { "texture": "#blackbronze4", "uv": [ 0.0, 0.0, 5.4, 0.3 ] },
						"down": { "texture": "#blackbronze4", "uv": [ 0.0, 0.0, 5.0, 0.5 ], "rotation": 180 }
					}
				},
				{
					"name": "Lower corner NW",
					"from": [ -4.86, 6.6, -3.66 ],
					"to": [ -2.46, 7.8, -3.36 ],
					"rotationOrigin": [ -3.66, 6.6, -3.66 ],
					"rotationY": 45.0,
					"faces": {
						"north": { "texture": "#blackbronze4", "uv": [ 4.0, 0.5, 6.4, 1.7 ] },
						"east": { "texture": "#blackbronze4", "uv": [ 0.0, 3.0, 0.3, 4.2 ] },
						"west": { "texture": "#blackbronze4", "uv": [ 15.0, 3.0, 15.3, 4.2 ] },
						"up": { "texture": "#blackbronze4", "uv": [ 0.0, 0.0, 2.4, 0.3 ] },
						"down": { "texture": "#blackbronze4", "uv": [ 0.0, 0.0, 2.0, 0.5 ], "rotation": 180 }
					}
				}
			]
		},
		{
			"name": "origin barrel top",
			"from": [ 8.0, 0.0, 8.0 ],
			"to": [ 8.0, 0.0, 8.0 ],
			"rotationOrigin": [ 8.0, 0.0, 8.0 ],
			"faces": {
			},
			"children": [
				{
					"name": "S 5",
					"from": [ -2.7, 7.0, 3.66 ],
					"to": [ -1.8, 9.0, 4.26 ],
					"rotationOrigin": [ -2.7, 7.0, 3.66 ],
					"rotationX": -12.0,
					"faces": {
						"north": { "texture": "#aged", "uv": [ 0.0, 0.0, 2.0, 0.5 ], "rotation": 90 },
						"south": { "texture": "#aged", "uv": [ 0.0, 0.0, 2.0, 0.5 ], "rotation": 90 },
						"up": { "texture": "#aged", "uv": [ 0.0, 0.0, 0.5, 0.5 ] },
						"down": { "texture": "#aged", "uv": [ 0.0, 0.0, 0.5, 0.5 ] }
					}
				},
				{
					"name": "S 6",
					"from": [ -1.8, 7.0, 3.66 ],
					"to": [ 0.0, 9.3, 4.26 ],
					"rotationOrigin": [ -1.8, 7.0, 3.66 ],
					"rotationX": -12.0,
					"faces": {
						"north": { "texture": "#aged", "uv": [ 0.0, 5.0, 2.0, 6.5 ], "rotation": 90 },
						"east": { "texture": "#aged", "uv": [ 0.0, 4.5, 2.0, 5.0 ], "rotation": 90 },
						"south": { "texture": "#aged", "uv": [ 0.0, 12.0, 2.0, 13.5 ], "rotation": 90 },
						"west": { "texture": "#aged", "uv": [ 0.0, 4.0, 2.0, 4.5 ], "rotation": 90 },
						"up": { "texture": "#aged", "uv": [ 0.0, 2.5, 1.5, 3.0 ] },
						"down": { "texture": "#aged", "uv": [ 4.0, 9.0, 5.5, 9.5 ] }
					}
				},
				{
					"name": "S 7",
					"from": [ 0.0, 7.0, 3.66 ],
					"to": [ 1.8, 9.0, 4.26 ],
					"rotationOrigin": [ 0.0, 7.0, 3.66 ],
					"rotationX": -12.0,
					"faces": {
						"north": { "texture": "#aged", "uv": [ 0.5, 11.0, 2.5, 12.5 ], "rotation": 90 },
						"south": { "texture": "#aged", "uv": [ 0.5, 1.0, 2.5, 2.5 ], "rotation": 90 },
						"up": { "texture": "#aged", "uv": [ 9.5, 11.5, 11.0, 12.0 ] },
						"down": { "texture": "#aged", "uv": [ 7.0, 8.5, 8.5, 9.0 ] }
					}
				},
				{
					"name": "S 8",
					"from": [ 1.8, 7.0, 3.66 ],
					"to": [ 2.7, 9.3, 4.26 ],
					"rotationOrigin": [ 1.8, 7.0, 3.66 ],
					"rotationX": -12.0,
					"faces": {
						"north": { "texture": "#aged", "uv": [ 0.0, 1.5, 2.0, 2.0 ], "rotation": 90 },
						"east": { "texture": "#aged", "uv": [ 0.0, 14.0, 2.0, 14.5 ], "rotation": 90 },
						"south": { "texture": "#aged", "uv": [ 0.0, 9.0, 2.0, 9.5 ], "rotation": 90 },
						"west": { "texture": "#aged", "uv": [ 0.0, 13.5, 2.0, 14.0 ], "rotation": 90 },
						"up": { "texture": "#aged", "uv": [ 9.5, 9.5, 10.0, 10.0 ] },
						"down": { "texture": "#aged", "uv": [ 6.0, 9.5, 6.5, 10.0 ] }
					}
				},
				{
					"name": "E 2",
					"from": [ 3.66, 7.0, 1.8 ],
					"to": [ 4.26, 9.0, 2.7 ],
					"rotationOrigin": [ 3.66, 7.0, 1.8 ],
					"rotationZ": 12.0,
					"faces": {
						"north": { "texture": "#aged", "uv": [ 0.0, 0.0, 2.0, 0.5 ], "rotation": 90, "windMode": [-1,-1,-1,-1] },
						"east": { "texture": "#aged", "uv": [ 0.5, 11.5, 2.5, 12.0 ], "rotation": 90 },
						"west": { "texture": "#aged", "uv": [ 0.0, 12.5, 2.0, 13.0 ], "rotation": 90 },
						"up": { "texture": "#aged", "uv": [ 5.0, 4.0, 5.5, 4.5 ] },
						"down": { "texture": "#aged", "uv": [ 8.0, 5.0, 8.5, 5.5 ] }
					}
				},
				{
					"name": "E 23",
					"from": [ 3.72, 7.0, 0.0 ],
					"to": [ 4.32, 9.3, 1.8 ],
					"rotationOrigin": [ 3.72, 7.0, 0.9 ],
					"rotationZ": 12.0,
					"faces": {
						"north": { "texture": "#aged", "uv": [ 0.0, 7.5, 2.0, 8.0 ], "rotation": 90 },
						"east": { "texture": "#aged", "uv": [ 0.0, 0.0, 2.0, 1.5 ], "rotation": 90 },
						"south": { "texture": "#aged", "uv": [ 0.0, 5.0, 2.0, 5.5 ], "rotation": 90 },
						"west": { "texture": "#aged", "uv": [ 0.0, 7.5, 2.0, 9.0 ], "rotation": 90 },
						"up": { "texture": "#aged", "uv": [ 7.0, 10.0, 7.5, 11.5 ] },
						"down": { "texture": "#aged", "uv": [ 5.5, 9.5, 6.0, 11.0 ] }
					}
				},
				{
					"name": "E 24",
					"from": [ 3.66, 7.0, -2.7 ],
					"to": [ 4.26, 9.3, -1.8 ],
					"rotationOrigin": [ 3.66, 7.0, -2.7 ],
					"rotationZ": 12.0,
					"faces": {
						"north": { "texture": "#aged", "uv": [ 0.0, 3.5, 2.0, 4.0 ], "rotation": 90 },
						"east": { "texture": "#aged", "uv": [ 0.0, 11.0, 2.0, 11.5 ], "rotation": 90 },
						"south": { "texture": "#aged", "uv": [ 0.0, 4.5, 2.0, 5.0 ], "rotation": 90 },
						"west": { "texture": "#aged", "uv": [ 0.0, 9.5, 2.0, 10.0 ], "rotation": 90 },
						"up": { "texture": "#aged", "uv": [ 12.0, 7.0, 12.5, 7.5 ] },
						"down": { "texture": "#aged", "uv": [ 3.5, 2.5, 4.0, 3.0 ] }
					}
				},
				{
					"name": "E 25",
					"from": [ 3.54, 7.0, -1.8 ],
					"to": [ 4.14, 9.0, 0.0 ],
					"rotationOrigin": [ 3.54, 7.0, -0.9 ],
					"rotationZ": 12.0,
					"faces": {
						"north": { "texture": "#aged", "uv": [ 0.0, 10.5, 2.0, 11.0 ], "rotation": 90 },
						"east": { "texture": "#aged", "uv": [ 0.0, 8.0, 2.0, 9.5 ], "rotation": 90 },
						"south": { "texture": "#aged", "uv": [ 0.5, 10.5, 2.5, 11.0 ], "rotation": 90 },
						"west": { "texture": "#aged", "uv": [ 0.0, 7.0, 2.0, 8.5 ], "rotation": 90 },
						"up": { "texture": "#aged", "uv": [ 8.0, 8.0, 8.5, 9.5 ] },
						"down": { "texture": "#aged", "uv": [ 4.0, 8.5, 4.5, 10.0 ] }
					}
				},
				{
					"name": "corner SE2",
					"from": [ 2.94, 7.0, 2.1 ],
					"to": [ 3.54, 9.12, 4.5 ],
					"rotationOrigin": [ 3.24, 7.0, 3.3 ],
					"rotationY": -45.0,
					"rotationZ": 12.0,
					"faces": {
						"north": { "texture": "#aged", "uv": [ 0.0, 11.0, 2.0, 11.5 ], "rotation": 90 },
						"east": { "texture": "#aged", "uv": [ 0.0, 3.5, 2.0, 5.5 ], "rotation": 90 },
						"south": { "texture": "#aged", "uv": [ 0.0, 14.0, 2.0, 14.5 ], "rotation": 90 },
						"west": { "texture": "#aged", "uv": [ 0.5, 3.0, 2.5, 5.0 ], "rotation": 90 },
						"up": { "texture": "#aged", "uv": [ 12.0, 5.0, 12.5, 7.0 ] },
						"down": { "texture": "#aged", "uv": [ 1.5, 7.5, 2.0, 9.5 ] }
					}
				},
				{
					"name": "N 5",
					"from": [ -2.7, 7.0, -4.26 ],
					"to": [ -1.8, 9.0, -3.66 ],
					"rotationOrigin": [ -2.7, 7.0, -4.26 ],
					"rotationX": 12.0,
					"faces": {
						"north": { "texture": "#aged", "uv": [ 0.5, 3.5, 2.5, 4.0 ], "rotation": 90 },
						"east": { "texture": "#aged", "uv": [ 0.0, 3.0, 2.0, 3.5 ], "rotation": 90 },
						"south": { "texture": "#aged", "uv": [ 0.0, 8.0, 2.0, 8.5 ], "rotation": 90 },
						"west": { "texture": "#aged", "uv": [ 0.5, 13.5, 2.5, 14.0 ], "rotation": 90 },
						"up": { "texture": "#aged", "uv": [ 0.5, 7.0, 1.0, 7.5 ] },
						"down": { "texture": "#aged", "uv": [ 4.0, 4.0, 4.5, 4.5 ] }
					}
				},
				{
					"name": "N 6",
					"from": [ -1.8, 7.0, -4.26 ],
					"to": [ 0.0, 9.3, -3.66 ],
					"rotationOrigin": [ -1.8, 7.0, -4.26 ],
					"rotationX": 12.0,
					"faces": {
						"north": { "texture": "#aged", "uv": [ 0.0, 11.0, 2.0, 12.5 ], "rotation": 90 },
						"east": { "texture": "#aged", "uv": [ 0.0, 6.0, 2.0, 6.5 ], "rotation": 90 },
						"south": { "texture": "#aged", "uv": [ 0.0, 8.0, 2.0, 9.5 ], "rotation": 90 },
						"west": { "texture": "#aged", "uv": [ 0.0, 0.5, 2.0, 1.0 ], "rotation": 90 },
						"up": { "texture": "#aged", "uv": [ 3.0, 1.0, 4.5, 1.5 ] },
						"down": { "texture": "#aged", "uv": [ 9.0, 6.5, 10.5, 7.0 ] }
					}
				},
				{
					"name": "N 7",
					"from": [ 0.0, 7.0, -4.26 ],
					"to": [ 1.8, 9.0, -3.66 ],
					"rotationOrigin": [ 0.0, 7.0, -4.26 ],
					"rotationX": 12.0,
					"faces": {
						"north": { "texture": "#aged", "uv": [ 0.0, 1.5, 2.0, 3.0 ], "rotation": 90 },
						"east": { "texture": "#aged", "uv": [ 0.5, 14.5, 2.5, 15.0 ], "rotation": 90 },
						"south": { "texture": "#aged", "uv": [ 0.5, 5.0, 2.5, 6.5 ], "rotation": 90 },
						"west": { "texture": "#aged", "uv": [ 0.0, 11.0, 2.0, 11.5 ], "rotation": 90 },
						"up": { "texture": "#aged", "uv": [ 4.0, 4.0, 5.5, 4.5 ] },
						"down": { "texture": "#aged", "uv": [ 0.5, 12.0, 2.0, 12.5 ] }
					}
				},
				{
					"name": "N 8",
					"from": [ 1.8, 7.0, -4.26 ],
					"to": [ 2.7, 9.3, -3.66 ],
					"rotationOrigin": [ 1.8, 7.0, -4.26 ],
					"rotationX": 12.0,
					"faces": {
						"north": { "texture": "#aged", "uv": [ 0.0, 11.0, 2.0, 11.5 ], "rotation": 90 },
						"east": { "texture": "#aged", "uv": [ 0.0, 0.5, 2.0, 1.0 ], "rotation": 90 },
						"south": { "texture": "#aged", "uv": [ 0.0, 12.0, 2.0, 12.5 ], "rotation": 90 },
						"west": { "texture": "#aged", "uv": [ 0.0, 0.5, 2.0, 1.0 ], "rotation": 90 },
						"up": { "texture": "#aged", "uv": [ 8.5, 10.5, 9.0, 11.0 ] },
						"down": { "texture": "#aged", "uv": [ 9.5, 1.5, 10.0, 2.0 ] }
					}
				},
				{
					"name": "corner NE2",
					"from": [ 2.94, 7.0, -4.5 ],
					"to": [ 3.54, 9.12, -2.1 ],
					"rotationOrigin": [ 3.24, 7.0, -3.3 ],
					"rotationY": 45.0,
					"rotationZ": 12.0,
					"faces": {
						"north": { "texture": "#aged", "uv": [ 0.0, 3.0, 2.0, 3.5 ], "rotation": 90 },
						"east": { "texture": "#aged", "uv": [ 0.5, 8.5, 2.5, 10.5 ], "rotation": 90 },
						"south": { "texture": "#aged", "uv": [ 0.5, 6.0, 2.5, 6.5 ], "rotation": 90 },
						"west": { "texture": "#aged", "uv": [ 0.0, 0.5, 2.0, 2.5 ], "rotation": 90 },
						"up": { "texture": "#aged", "uv": [ 9.5, 5.5, 10.0, 7.5 ] },
						"down": { "texture": "#aged", "uv": [ 0.0, 10.0, 0.5, 12.0 ] }
					}
				},
				{
					"name": "W 5",
					"from": [ -4.26, 7.0, 1.8 ],
					"to": [ -3.66, 9.0, 2.7 ],
					"rotationOrigin": [ -4.26, 7.0, 1.8 ],
					"rotationZ": -12.0,
					"faces": {
						"north": { "texture": "#aged", "uv": [ 0.0, 13.5, 2.0, 14.0 ], "rotation": 90 },
						"east": { "texture": "#aged", "uv": [ 0.0, 7.5, 2.0, 8.0 ], "rotation": 90 },
						"south": { "texture": "#aged", "uv": [ 0.5, 10.0, 2.5, 10.5 ], "rotation": 90 },
						"west": { "texture": "#aged", "uv": [ 0.5, 2.0, 2.5, 2.5 ], "rotation": 90 },
						"up": { "texture": "#aged", "uv": [ 1.5, 1.0, 2.0, 1.5 ] },
						"down": { "texture": "#aged", "uv": [ 10.5, 5.0, 11.0, 5.5 ] }
					}
				},
				{
					"name": "W 6",
					"from": [ -4.26, 7.0, 0.0 ],
					"to": [ -3.66, 9.3, 1.8 ],
					"rotationOrigin": [ -4.26, 7.0, 0.0 ],
					"rotationZ": -12.0,
					"faces": {
						"north": { "texture": "#aged", "uv": [ 0.0, 13.0, 2.0, 13.5 ], "rotation": 90 },
						"east": { "texture": "#aged", "uv": [ 0.0, 11.5, 2.0, 13.0 ], "rotation": 90 },
						"south": { "texture": "#aged", "uv": [ 0.0, 9.0, 2.0, 9.5 ], "rotation": 90 },
						"west": { "texture": "#aged", "uv": [ 0.0, 8.5, 2.0, 10.0 ], "rotation": 90 },
						"up": { "texture": "#aged", "uv": [ 5.0, 12.5, 5.5, 14.0 ] },
						"down": { "texture": "#aged", "uv": [ 4.5, 10.5, 5.0, 12.0 ] }
					}
				},
				{
					"name": "W 7",
					"from": [ -4.26, 7.0, -1.8 ],
					"to": [ -3.66, 9.0, 0.0 ],
					"rotationOrigin": [ -4.26, 7.0, -1.8 ],
					"rotationZ": -12.0,
					"faces": {
						"north": { "texture": "#aged", "uv": [ 0.0, 5.5, 2.0, 6.0 ], "rotation": 90 },
						"east": { "texture": "#aged", "uv": [ 0.5, 0.5, 2.5, 2.0 ], "rotation": 90 },
						"south": { "texture": "#aged", "uv": [ 0.5, 5.0, 2.5, 5.5 ], "rotation": 90 },
						"west": { "texture": "#aged", "uv": [ 0.5, 7.0, 2.5, 8.5 ], "rotation": 90 },
						"up": { "texture": "#aged", "uv": [ 12.0, 7.5, 12.5, 9.0 ] },
						"down": { "texture": "#aged", "uv": [ 11.5, 1.5, 12.0, 3.0 ] }
					}
				},
				{
					"name": "W 8",
					"from": [ -4.26, 7.0, -2.7 ],
					"to": [ -3.66, 9.3, -1.8 ],
					"rotationOrigin": [ -4.26, 7.0, -2.7 ],
					"rotationZ": -12.0,
					"faces": {
						"north": { "texture": "#aged", "uv": [ 0.0, 13.0, 2.0, 13.5 ], "rotation": 90 },
						"east": { "texture": "#aged", "uv": [ 0.0, 7.5, 2.0, 8.0 ], "rotation": 90 },
						"south": { "texture": "#aged", "uv": [ 0.0, 3.5, 2.0, 4.0 ], "rotation": 90 },
						"west": { "texture": "#aged", "uv": [ 0.0, 11.5, 2.0, 12.0 ], "rotation": 90 },
						"up": { "texture": "#aged", "uv": [ 0.5, 3.5, 1.0, 4.0 ] },
						"down": { "texture": "#aged", "uv": [ 8.5, 8.5, 9.0, 9.0 ] }
					}
				},
				{
					"name": "corner NW2",
					"from": [ -3.54, 7.0, -4.5 ],
					"to": [ -2.94, 9.12, -2.1 ],
					"rotationOrigin": [ -3.24, 7.0, -3.3 ],
					"rotationY": -45.0,
					"rotationZ": -12.0,
					"faces": {
						"north": { "texture": "#aged", "uv": [ 0.5, 12.0, 2.5, 12.5 ], "rotation": 90 },
						"east": { "texture": "#aged", "uv": [ 0.5, 1.5, 2.5, 3.5 ], "rotation": 90 },
						"south": { "texture": "#aged", "uv": [ 0.5, 12.5, 2.5, 13.0 ], "rotation": 90 },
						"west": { "texture": "#aged", "uv": [ 0.5, 5.0, 2.5, 7.0 ], "rotation": 90 },
						"up": { "texture": "#aged", "uv": [ 14.0, 2.0, 14.5, 4.0 ] },
						"down": { "texture": "#aged", "uv": [ 4.0, 4.0, 4.5, 6.0 ] }
					}
				},
				{
					"name": "corner SW2",
					"from": [ -3.54, 7.0, 2.1 ],
					"to": [ -2.94, 9.12, 4.5 ],
					"rotationOrigin": [ -3.24, 7.0, 3.3 ],
					"rotationY": 45.0,
					"rotationZ": -12.0,
					"faces": {
						"north": { "texture": "#aged", "uv": [ 0.0, 3.0, 2.0, 3.5 ], "rotation": 90 },
						"east": { "texture": "#aged", "uv": [ 1.0, 1.0, 3.0, 3.0 ], "rotation": 90 },
						"south": { "texture": "#aged", "uv": [ 0.5, 6.0, 2.5, 6.5 ], "rotation": 90 },
						"west": { "texture": "#aged", "uv": [ 0.0, 0.5, 2.0, 2.5 ], "rotation": 90 },
						"up": { "texture": "#aged", "uv": [ 9.5, 5.5, 10.0, 7.5 ] },
						"down": { "texture": "#aged", "uv": [ 0.0, 10.0, 0.5, 12.0 ] }
					}
				}
			]
		},
		{
			"name": "origin barrel low",
			"from": [ 8.0, 0.0, 8.0 ],
			"to": [ 8.0, 0.0, 8.0 ],
			"rotationOrigin": [ 8.0, 0.0, 8.0 ],
			"faces": {
			},
			"children": [
				{
					"name": "S 9",
					"from": [ -2.7, 0.0, 3.66 ],
					"to": [ -1.8, 2.0, 4.26 ],
					"rotationOrigin": [ -2.7, 2.0, 3.66 ],
					"rotationX": 12.0,
					"faces": {
						"north": { "texture": "#aged", "uv": [ 0.0, 0.0, 2.0, 0.5 ], "rotation": 90 },
						"south": { "texture": "#aged", "uv": [ 0.0, 0.0, 2.0, 0.5 ], "rotation": 90 },
						"up": { "texture": "#aged", "uv": [ 0.0, 0.0, 0.5, 0.5 ] },
						"down": { "texture": "#aged", "uv": [ 0.0, 0.0, 0.5, 0.5 ] }
					}
				},
				{
					"name": "S 10",
					"from": [ -1.8, 0.0, 3.66 ],
					"to": [ 0.0, 2.3, 4.26 ],
					"rotationOrigin": [ -1.8, 2.0, 3.66 ],
					"rotationX": 12.0,
					"faces": {
						"north": { "texture": "#aged", "uv": [ 0.0, 5.0, 2.0, 6.5 ], "rotation": 90 },
						"east": { "texture": "#aged", "uv": [ 0.0, 4.5, 2.0, 5.0 ], "rotation": 90 },
						"south": { "texture": "#aged", "uv": [ 0.0, 12.0, 2.0, 13.5 ], "rotation": 90 },
						"west": { "texture": "#aged", "uv": [ 0.0, 4.0, 2.0, 4.5 ], "rotation": 90 },
						"up": { "texture": "#aged", "uv": [ 0.0, 2.5, 1.5, 3.0 ] },
						"down": { "texture": "#aged", "uv": [ 4.0, 9.0, 5.5, 9.5 ] }
					}
				},
				{
					"name": "S 11",
					"from": [ 0.0, 0.0, 3.66 ],
					"to": [ 1.8, 2.0, 4.26 ],
					"rotationOrigin": [ 0.0, 2.0, 3.66 ],
					"rotationX": 12.0,
					"faces": {
						"north": { "texture": "#aged", "uv": [ 0.5, 11.0, 2.5, 12.5 ], "rotation": 90 },
						"south": { "texture": "#aged", "uv": [ 0.5, 1.0, 2.5, 2.5 ], "rotation": 90 },
						"up": { "texture": "#aged", "uv": [ 9.5, 11.5, 11.0, 12.0 ] },
						"down": { "texture": "#aged", "uv": [ 7.0, 8.5, 8.5, 9.0 ] }
					}
				},
				{
					"name": "S 12",
					"from": [ 1.8, 0.0, 3.66 ],
					"to": [ 2.7, 2.3, 4.26 ],
					"rotationOrigin": [ 1.8, 2.0, 3.66 ],
					"rotationX": 12.0,
					"faces": {
						"north": { "texture": "#aged", "uv": [ 0.0, 1.5, 2.0, 2.0 ], "rotation": 90 },
						"east": { "texture": "#aged", "uv": [ 0.0, 14.0, 2.0, 14.5 ], "rotation": 90 },
						"south": { "texture": "#aged", "uv": [ 0.0, 9.0, 2.0, 9.5 ], "rotation": 90 },
						"west": { "texture": "#aged", "uv": [ 0.0, 13.5, 2.0, 14.0 ], "rotation": 90 },
						"up": { "texture": "#aged", "uv": [ 9.5, 9.5, 10.0, 10.0 ] },
						"down": { "texture": "#aged", "uv": [ 6.0, 9.5, 6.5, 10.0 ] }
					}
				},
				{
					"name": "E 3",
					"from": [ 3.66, 0.0, 1.8 ],
					"to": [ 4.26, 2.0, 2.7 ],
					"rotationOrigin": [ 3.66, 2.0, 1.8 ],
					"rotationZ": -12.0,
					"faces": {
						"north": { "texture": "#aged", "uv": [ 0.0, 0.0, 2.0, 0.5 ], "rotation": 90, "windMode": [-1,-1,-1,-1] },
						"east": { "texture": "#aged", "uv": [ 0.5, 11.5, 2.5, 12.0 ], "rotation": 90 },
						"west": { "texture": "#aged", "uv": [ 0.0, 12.5, 2.0, 13.0 ], "rotation": 90 },
						"up": { "texture": "#aged", "uv": [ 5.0, 4.0, 5.5, 4.5 ] },
						"down": { "texture": "#aged", "uv": [ 8.0, 5.0, 8.5, 5.5 ] }
					}
				},
				{
					"name": "E 26",
					"from": [ 3.72, 0.0, 0.0 ],
					"to": [ 4.32, 2.3, 1.8 ],
					"rotationOrigin": [ 3.72, 2.0, 0.9 ],
					"rotationZ": -12.0,
					"faces": {
						"north": { "texture": "#aged", "uv": [ 0.0, 7.5, 2.0, 8.0 ], "rotation": 90 },
						"east": { "texture": "#aged", "uv": [ 0.0, 0.0, 2.0, 1.5 ], "rotation": 90 },
						"south": { "texture": "#aged", "uv": [ 0.0, 5.0, 2.0, 5.5 ], "rotation": 90 },
						"west": { "texture": "#aged", "uv": [ 0.0, 7.5, 2.0, 9.0 ], "rotation": 90 },
						"up": { "texture": "#aged", "uv": [ 7.0, 10.0, 7.5, 11.5 ] },
						"down": { "texture": "#aged", "uv": [ 5.5, 9.5, 6.0, 11.0 ] }
					}
				},
				{
					"name": "E 27",
					"from": [ 3.66, 0.0, -2.7 ],
					"to": [ 4.26, 2.3, -1.8 ],
					"rotationOrigin": [ 3.66, 2.0, -2.7 ],
					"rotationZ": -12.0,
					"faces": {
						"north": { "texture": "#aged", "uv": [ 0.0, 3.5, 2.0, 4.0 ], "rotation": 90 },
						"east": { "texture": "#aged", "uv": [ 0.0, 11.0, 2.0, 11.5 ], "rotation": 90 },
						"south": { "texture": "#aged", "uv": [ 0.0, 4.5, 2.0, 5.0 ], "rotation": 90 },
						"west": { "texture": "#aged", "uv": [ 0.0, 9.5, 2.0, 10.0 ], "rotation": 90 },
						"up": { "texture": "#aged", "uv": [ 12.0, 7.0, 12.5, 7.5 ] },
						"down": { "texture": "#aged", "uv": [ 3.5, 2.5, 4.0, 3.0 ] }
					}
				},
				{
					"name": "E 28",
					"from": [ 3.54, 0.0, -1.8 ],
					"to": [ 4.14, 2.0, 0.0 ],
					"rotationOrigin": [ 3.54, 2.0, -0.9 ],
					"rotationZ": -12.0,
					"faces": {
						"north": { "texture": "#aged", "uv": [ 0.0, 10.5, 2.0, 11.0 ], "rotation": 90 },
						"east": { "texture": "#aged", "uv": [ 0.0, 8.0, 2.0, 9.5 ], "rotation": 90 },
						"south": { "texture": "#aged", "uv": [ 0.5, 10.5, 2.5, 11.0 ], "rotation": 90 },
						"west": { "texture": "#aged", "uv": [ 0.0, 7.0, 2.0, 8.5 ], "rotation": 90 },
						"up": { "texture": "#aged", "uv": [ 8.0, 8.0, 8.5, 9.5 ] },
						"down": { "texture": "#aged", "uv": [ 4.0, 8.5, 4.5, 10.0 ] }
					}
				},
				{
					"name": "corner SE3",
					"from": [ 2.94, 0.0, 2.1 ],
					"to": [ 3.54, 2.12, 4.5 ],
					"rotationOrigin": [ 3.24, 2.0, 3.3 ],
					"rotationY": -45.0,
					"rotationZ": -12.0,
					"faces": {
						"north": { "texture": "#aged", "uv": [ 0.0, 11.0, 2.0, 11.5 ], "rotation": 90 },
						"east": { "texture": "#aged", "uv": [ 0.0, 3.5, 2.0, 5.5 ], "rotation": 90 },
						"south": { "texture": "#aged", "uv": [ 0.0, 14.0, 2.0, 14.5 ], "rotation": 90 },
						"west": { "texture": "#aged", "uv": [ 0.5, 3.0, 2.5, 5.0 ], "rotation": 90 },
						"up": { "texture": "#aged", "uv": [ 12.0, 5.0, 12.5, 7.0 ] },
						"down": { "texture": "#aged", "uv": [ 1.5, 7.5, 2.0, 9.5 ] }
					}
				},
				{
					"name": "N 9",
					"from": [ -2.7, 0.0, -4.26 ],
					"to": [ -1.8, 2.0, -3.66 ],
					"rotationOrigin": [ -2.7, 2.0, -4.26 ],
					"rotationX": -12.0,
					"faces": {
						"north": { "texture": "#aged", "uv": [ 0.5, 3.5, 2.5, 4.0 ], "rotation": 90 },
						"east": { "texture": "#aged", "uv": [ 0.0, 3.0, 2.0, 3.5 ], "rotation": 90 },
						"south": { "texture": "#aged", "uv": [ 0.0, 8.0, 2.0, 8.5 ], "rotation": 90 },
						"west": { "texture": "#aged", "uv": [ 0.5, 13.5, 2.5, 14.0 ], "rotation": 90 },
						"up": { "texture": "#aged", "uv": [ 0.5, 7.0, 1.0, 7.5 ] },
						"down": { "texture": "#aged", "uv": [ 4.0, 4.0, 4.5, 4.5 ] }
					}
				},
				{
					"name": "N 10",
					"from": [ -1.8, 0.0, -4.26 ],
					"to": [ 0.0, 2.3, -3.66 ],
					"rotationOrigin": [ -1.8, 2.0, -4.26 ],
					"rotationX": -12.0,
					"faces": {
						"north": { "texture": "#aged", "uv": [ 0.0, 11.0, 2.0, 12.5 ], "rotation": 90 },
						"east": { "texture": "#aged", "uv": [ 0.0, 6.0, 2.0, 6.5 ], "rotation": 90 },
						"south": { "texture": "#aged", "uv": [ 0.0, 8.0, 2.0, 9.5 ], "rotation": 90 },
						"west": { "texture": "#aged", "uv": [ 0.0, 0.5, 2.0, 1.0 ], "rotation": 90 },
						"up": { "texture": "#aged", "uv": [ 3.0, 1.0, 4.5, 1.5 ] },
						"down": { "texture": "#aged", "uv": [ 9.0, 6.5, 10.5, 7.0 ] }
					}
				},
				{
					"name": "N 11",
					"from": [ 0.0, 0.0, -4.26 ],
					"to": [ 1.8, 2.0, -3.66 ],
					"rotationOrigin": [ 0.0, 2.0, -4.26 ],
					"rotationX": -12.0,
					"faces": {
						"north": { "texture": "#aged", "uv": [ 0.0, 1.5, 2.0, 3.0 ], "rotation": 90 },
						"east": { "texture": "#aged", "uv": [ 0.5, 14.5, 2.5, 15.0 ], "rotation": 90 },
						"south": { "texture": "#aged", "uv": [ 0.5, 5.0, 2.5, 6.5 ], "rotation": 90 },
						"west": { "texture": "#aged", "uv": [ 0.0, 11.0, 2.0, 11.5 ], "rotation": 90 },
						"up": { "texture": "#aged", "uv": [ 4.0, 4.0, 5.5, 4.5 ] },
						"down": { "texture": "#aged", "uv": [ 0.5, 12.0, 2.0, 12.5 ] }
					}
				},
				{
					"name": "N 12",
					"from": [ 1.8, 0.0, -4.26 ],
					"to": [ 2.7, 2.3, -3.66 ],
					"rotationOrigin": [ 1.8, 2.0, -4.26 ],
					"rotationX": -12.0,
					"faces": {
						"north": { "texture": "#aged", "uv": [ 0.0, 11.0, 2.0, 11.5 ], "rotation": 90 },
						"east": { "texture": "#aged", "uv": [ 0.0, 0.5, 2.0, 1.0 ], "rotation": 90 },
						"south": { "texture": "#aged", "uv": [ 0.0, 12.0, 2.0, 12.5 ], "rotation": 90 },
						"west": { "texture": "#aged", "uv": [ 0.0, 0.5, 2.0, 1.0 ], "rotation": 90 },
						"up": { "texture": "#aged", "uv": [ 8.5, 10.5, 9.0, 11.0 ] },
						"down": { "texture": "#aged", "uv": [ 9.5, 1.5, 10.0, 2.0 ] }
					}
				},
				{
					"name": "corner NE3",
					"from": [ 2.94, 0.0, -4.5 ],
					"to": [ 3.54, 2.12, -2.1 ],
					"rotationOrigin": [ 3.24, 2.0, -3.3 ],
					"rotationY": 45.0,
					"rotationZ": -12.0,
					"faces": {
						"north": { "texture": "#aged", "uv": [ 0.0, 3.0, 2.0, 3.5 ], "rotation": 90 },
						"east": { "texture": "#aged", "uv": [ 0.5, 8.5, 2.5, 10.5 ], "rotation": 90 },
						"south": { "texture": "#aged", "uv": [ 0.5, 6.0, 2.5, 6.5 ], "rotation": 90 },
						"west": { "texture": "#aged", "uv": [ 0.0, 0.5, 2.0, 2.5 ], "rotation": 90 },
						"up": { "texture": "#aged", "uv": [ 9.5, 5.5, 10.0, 7.5 ] },
						"down": { "texture": "#aged", "uv": [ 0.0, 10.0, 0.5, 12.0 ] }
					}
				},
				{
					"name": "W 9",
					"from": [ -4.26, 0.0, 1.8 ],
					"to": [ -3.66, 2.0, 2.7 ],
					"rotationOrigin": [ -4.26, 2.0, 1.8 ],
					"rotationZ": 12.0,
					"faces": {
						"north": { "texture": "#aged", "uv": [ 0.0, 13.5, 2.0, 14.0 ], "rotation": 90 },
						"east": { "texture": "#aged", "uv": [ 0.0, 7.5, 2.0, 8.0 ], "rotation": 90 },
						"south": { "texture": "#aged", "uv": [ 0.5, 10.0, 2.5, 10.5 ], "rotation": 90 },
						"west": { "texture": "#aged", "uv": [ 0.5, 2.0, 2.5, 2.5 ], "rotation": 90 },
						"up": { "texture": "#aged", "uv": [ 1.5, 1.0, 2.0, 1.5 ] },
						"down": { "texture": "#aged", "uv": [ 10.5, 5.0, 11.0, 5.5 ] }
					}
				},
				{
					"name": "W 10",
					"from": [ -4.26, 0.0, 0.0 ],
					"to": [ -3.66, 2.3, 1.8 ],
					"rotationOrigin": [ -4.26, 2.0, 0.0 ],
					"rotationZ": 12.0,
					"faces": {
						"north": { "texture": "#aged", "uv": [ 0.0, 13.0, 2.0, 13.5 ], "rotation": 90 },
						"east": { "texture": "#aged", "uv": [ 0.0, 11.5, 2.0, 13.0 ], "rotation": 90 },
						"south": { "texture": "#aged", "uv": [ 0.0, 9.0, 2.0, 9.5 ], "rotation": 90 },
						"west": { "texture": "#aged", "uv": [ 0.0, 8.5, 2.0, 10.0 ], "rotation": 90 },
						"up": { "texture": "#aged", "uv": [ 5.0, 12.5, 5.5, 14.0 ] },
						"down": { "texture": "#aged", "uv": [ 4.5, 10.5, 5.0, 12.0 ] }
					}
				},
				{
					"name": "W 11",
					"from": [ -4.26, 0.0, -1.8 ],
					"to": [ -3.66, 2.0, 0.0 ],
					"rotationOrigin": [ -4.26, 2.0, -1.8 ],
					"rotationZ": 12.0,
					"faces": {
						"north": { "texture": "#aged", "uv": [ 0.0, 5.5, 2.0, 6.0 ], "rotation": 90 },
						"east": { "texture": "#aged", "uv": [ 0.5, 0.5, 2.5, 2.0 ], "rotation": 90 },
						"south": { "texture": "#aged", "uv": [ 0.5, 5.0, 2.5, 5.5 ], "rotation": 90 },
						"west": { "texture": "#aged", "uv": [ 0.5, 7.0, 2.5, 8.5 ], "rotation": 90 },
						"up": { "texture": "#aged", "uv": [ 12.0, 7.5, 12.5, 9.0 ] },
						"down": { "texture": "#aged", "uv": [ 11.5, 1.5, 12.0, 3.0 ] }
					}
				},
				{
					"name": "W 12",
					"from": [ -4.26, 0.0, -2.7 ],
					"to": [ -3.66, 2.3, -1.8 ],
					"rotationOrigin": [ -4.26, 2.0, -2.7 ],
					"rotationZ": 12.0,
					"faces": {
						"north": { "texture": "#aged", "uv": [ 0.0, 13.0, 2.0, 13.5 ], "rotation": 90 },
						"east": { "texture": "#aged", "uv": [ 0.0, 7.5, 2.0, 8.0 ], "rotation": 90 },
						"south": { "texture": "#aged", "uv": [ 0.0, 3.5, 2.0, 4.0 ], "rotation": 90 },
						"west": { "texture": "#aged", "uv": [ 0.0, 11.5, 2.0, 12.0 ], "rotation": 90 },
						"up": { "texture": "#aged", "uv": [ 0.5, 3.5, 1.0, 4.0 ] },
						"down": { "texture": "#aged", "uv": [ 8.5, 8.5, 9.0, 9.0 ] }
					}
				},
				{
					"name": "corner NW3",
					"from": [ -3.54, 0.0, -4.5 ],
					"to": [ -2.94, 2.12, -2.1 ],
					"rotationOrigin": [ -3.24, 2.0, -3.3 ],
					"rotationY": -45.0,
					"rotationZ": 12.0,
					"faces": {
						"north": { "texture": "#aged", "uv": [ 0.5, 12.0, 2.5, 12.5 ], "rotation": 90 },
						"east": { "texture": "#aged", "uv": [ 0.5, 1.5, 2.5, 3.5 ], "rotation": 90 },
						"south": { "texture": "#aged", "uv": [ 0.5, 12.5, 2.5, 13.0 ], "rotation": 90 },
						"west": { "texture": "#aged", "uv": [ 0.5, 5.0, 2.5, 7.0 ], "rotation": 90 },
						"up": { "texture": "#aged", "uv": [ 14.0, 2.0, 14.5, 4.0 ] },
						"down": { "texture": "#aged", "uv": [ 4.0, 4.0, 4.5, 6.0 ] }
					}
				},
				{
					"name": "corner SW3",
					"from": [ -3.54, 0.0, 2.1 ],
					"to": [ -2.94, 2.12, 4.5 ],
					"rotationOrigin": [ -3.24, 2.0, 3.3 ],
					"rotationY": 45.0,
					"rotationZ": 12.0,
					"faces": {
						"north": { "texture": "#aged", "uv": [ 0.0, 3.0, 2.0, 3.5 ], "rotation": 90 },
						"east": { "texture": "#aged", "uv": [ 1.0, 1.0, 3.0, 3.0 ], "rotation": 90 },
						"south": { "texture": "#aged", "uv": [ 0.5, 6.0, 2.5, 6.5 ], "rotation": 90 },
						"west": { "texture": "#aged", "uv": [ 0.0, 0.5, 2.0, 2.5 ], "rotation": 90 },
						"up": { "texture": "#aged", "uv": [ 9.5, 5.5, 10.0, 7.5 ] },
						"down": { "texture": "#aged", "uv": [ 0.0, 10.0, 0.5, 12.0 ] }
					}
				}
			]
		},
		{
			"name": "origin content",
			"from": [ 0.0, 0.0, 0.0 ],
			"to": [ 0.0, 0.0, 0.0 ],
			"rotationOrigin": [ 8.0, 0.0, 8.0 ],
			"faces": {
			},
			"children": [
				{
					"name": "stick0-1",
					"from": [ 6.0, 0.5, 9.5 ],
					"to": [ 17.3, 1.4, 10.1 ],
					"rotationOrigin": [ 6.0, 1.0, 10.0 ],
					"rotationX": 4.0,
					"rotationY": 21.0,
					"rotationZ": 93.0,
					"faces": {
						"north": { "texture": "#oak", "uv": [ 0.0, 8.5, 11.0, 9.0 ] },
						"east": { "texture": "#oak", "uv": [ 7.0, 5.0, 7.5, 5.5 ] },
						"south": { "texture": "#oak", "uv": [ 0.0, 3.5, 11.0, 4.0 ] },
						"west": { "texture": "#oak", "uv": [ 8.5, 2.5, 9.0, 3.0 ] },
						"up": { "texture": "#oak", "uv": [ 0.0, 14.0, 11.0, 14.5 ] },
						"down": { "texture": "#oak", "uv": [ 0.0, 14.0, 11.0, 14.5 ] }
					},
					"children": [
						{
							"name": "Cube1",
							"from": [ 0.3, 0.0, 0.6 ],
							"to": [ 9.7, 0.9, 0.9 ],
							"rotationOrigin": [ 0.3, 0.0, 0.6 ],
							"faces": {
								"east": { "texture": "#oak", "uv": [ 10.0, 13.0, 10.5, 13.5 ] },
								"south": { "texture": "#oak", "uv": [ 1.0, 6.0, 10.0, 6.5 ] },
								"west": { "texture": "#oak", "uv": [ 12.0, 2.5, 12.5, 3.0 ] },
								"up": { "texture": "#oak", "uv": [ 0.0, 12.5, 9.0, 13.0 ] },
								"down": { "texture": "#oak", "uv": [ 0.0, 11.0, 9.0, 11.5 ] }
							}
						},
						{
							"name": "Cube6",
							"from": [ 3.54, -0.06, 0.0 ],
							"to": [ 5.34, 0.54, 0.3 ],
							"rotationOrigin": [ 3.54, -0.06, -0.3 ],
							"rotationY": 22.5,
							"faces": {
								"north": { "texture": "#oak", "uv": [ 0.0, 4.0, 1.8, 4.6 ] },
								"east": { "texture": "#oak", "uv": [ 5.5, 12.0, 5.8, 12.6 ] },
								"up": { "texture": "#oak", "uv": [ 11.0, 4.5, 12.8, 4.8 ] },
								"down": { "texture": "#oak", "uv": [ 1.5, 7.5, 3.3, 7.8 ] }
							}
						},
						{
							"name": "Cube10",
							"from": [ 3.6, 0.06, 0.3 ],
							"to": [ 6.0, 0.66, 0.6 ],
							"rotationOrigin": [ 3.6, 0.06, 0.0 ],
							"rotationY": 22.5,
							"faces": {
								"north": { "texture": "#oak", "uv": [ 9.5, 0.5, 11.9, 1.1 ] },
								"east": { "texture": "#oak", "uv": [ 1.5, 2.5, 1.8, 3.1 ] },
								"south": { "texture": "#oak", "uv": [ 7.5, 1.5, 9.9, 2.1 ] },
								"up": { "texture": "#oak", "uv": [ 9.5, 12.5, 11.9, 12.8 ] },
								"down": { "texture": "#oak", "uv": [ 11.0, 9.0, 13.4, 9.3 ] }
							}
						}
					]
				},
				{
					"name": "stick0-2",
					"from": [ 5.0, 0.54, 8.45 ],
					"to": [ 12.2, 1.515, 9.425 ],
					"rotationOrigin": [ 5.0, 1.0, 8.9 ],
					"rotationX": 2.0,
					"rotationY": 112.5,
					"rotationZ": 87.0,
					"faces": {
						"north": { "texture": "#oak", "uv": [ 0.0, 0.5, 7.0, 1.0 ] },
						"east": { "texture": "#oak", "uv": [ 7.5, 6.0, 8.0, 6.5 ] },
						"south": { "texture": "#oak", "uv": [ 0.0, 12.5, 7.0, 13.0 ] },
						"west": { "texture": "#oak", "uv": [ 10.0, 10.5, 10.5, 11.0 ] },
						"up": { "texture": "#oak", "uv": [ 3.0, 1.0, 10.0, 1.5 ] },
						"down": { "texture": "#oak", "uv": [ 0.0, 10.0, 7.0, 10.5 ] }
					},
					"children": [
						{
							"name": "Cube2",
							"from": [ 7.2, 0.0, 0.0 ],
							"to": [ 11.75, 0.975, 0.975 ],
							"rotationOrigin": [ 7.2, 0.0, 0.0 ],
							"rotationY": -4.0,
							"faces": {
								"north": { "texture": "#oak", "uv": [ 0.0, 10.0, 4.5, 10.5 ], "windMode": [-1,-1,-1,-1] },
								"east": { "texture": "#oak", "uv": [ 5.0, 13.5, 5.5, 14.0 ] },
								"south": { "texture": "#oak", "uv": [ 0.0, 0.0, 4.5, 0.5 ] },
								"west": { "texture": "#oak", "uv": [ 12.5, 14.0, 13.0, 14.5 ] },
								"up": { "texture": "#oak", "uv": [ 1.0, 13.0, 5.5, 13.5 ] },
								"down": { "texture": "#oak", "uv": [ 0.5, 4.0, 5.0, 4.5 ] }
							}
						},
						{
							"name": "Cube7",
							"from": [ 1.235, 0.065, 0.0 ],
							"to": [ 3.185, 0.715, 0.65 ],
							"rotationOrigin": [ 1.235, 0.065, 0.0 ],
							"rotationY": 28.5,
							"faces": {
								"north": { "texture": "#oak", "uv": [ 4.5, 1.5, 6.45, 2.15 ] },
								"east": { "texture": "#oak", "uv": [ 6.5, 1.5, 7.15, 2.15 ] },
								"south": { "texture": "#oak", "uv": [ 2.0, 7.5, 3.95, 8.15 ], "windMode": [-1,-1,-1,-1] },
								"up": { "texture": "#oak", "uv": [ 11.5, 6.0, 13.45, 6.65 ] },
								"down": { "texture": "#oak", "uv": [ 4.0, 0.5, 5.95, 1.15 ] }
							}
						},
						{
							"name": "Cube11",
							"from": [ 8.5, 0.065, 0.455 ],
							"to": [ 9.8, 0.455, 0.845 ],
							"rotationOrigin": [ 8.5, 0.065, 0.845 ],
							"rotationY": -41.5,
							"faces": {
								"north": { "texture": "#oak", "uv": [ 11.5, 4.0, 12.5, 4.5 ] },
								"east": { "texture": "#oak", "uv": [ 9.5, 4.0, 10.0, 4.5 ] },
								"south": { "texture": "#oak", "uv": [ 9.5, 7.0, 10.5, 7.5 ] },
								"up": { "texture": "#oak", "uv": [ 11.0, 6.0, 12.0, 6.5 ] },
								"down": { "texture": "#oak", "uv": [ 1.0, 1.0, 2.0, 1.5 ] }
							}
						}
					]
				},
				{
					"name": "stick0-3",
					"from": [ 6.0, -0.425, 5.5 ],
					"to": [ 17.4, 0.625, 6.55 ],
					"rotationOrigin": [ 6.0, 0.1, 6.0 ],
					"rotationX": -3.0,
					"rotationY": -180.0,
					"rotationZ": 87.0,
					"faces": {
						"north": { "texture": "#oak", "uv": [ 0.0, 2.5, 11.0, 3.5 ] },
						"south": { "texture": "#oak", "uv": [ 3.0, 8.0, 14.0, 9.0 ] },
						"west": { "texture": "#oak", "uv": [ 10.5, 6.5, 11.5, 7.5 ] },
						"up": { "texture": "#oak", "uv": [ 0.5, 7.0, 11.5, 8.0 ] },
						"down": { "texture": "#oak", "uv": [ 0.0, 4.0, 11.0, 5.0 ] }
					},
					"children": [
						{
							"name": "Cube3",
							"from": [ 11.4, 0.0, 0.0 ],
							"to": [ 13.85, 1.05, 0.7 ],
							"rotationOrigin": [ 11.4, 0.0, 0.0 ],
							"rotationY": -7.0,
							"rotationZ": 0.1,
							"faces": {
								"north": { "texture": "#oak", "uv": [ 0.5, 9.5, 2.5, 10.5 ], "windMode": [-1,-1,-1,-1] },
								"east": { "texture": "#oak", "uv": [ 10.5, 3.0, 11.0, 4.0 ] },
								"south": { "texture": "#oak", "uv": [ 7.5, 1.0, 9.5, 2.0 ], "windMode": [-1,-1,-1,-1] },
								"up": { "texture": "#oak", "uv": [ 6.5, 0.0, 8.5, 0.5 ] },
								"down": { "texture": "#oak", "uv": [ 7.5, 12.5, 9.5, 13.0 ] }
							},
							"children": [
								{
									"name": "Cube16",
									"from": [ 0.0, 0.0, 0.7 ],
									"to": [ 1.4, 1.05, 1.05 ],
									"rotationOrigin": [ 0.0, 0.0, 0.7 ],
									"faces": {
										"east": { "texture": "#oak", "uv": [ 12.5, 4.0, 12.85, 5.05 ] },
										"south": { "texture": "#oak", "uv": [ 3.5, 12.0, 4.9, 13.05 ] },
										"west": { "texture": "#oak", "uv": [ 10.0, 14.0, 10.35, 15.05 ] },
										"up": { "texture": "#oak", "uv": [ 1.5, 5.5, 2.9, 5.85 ] },
										"down": { "texture": "#oak", "uv": [ 2.5, 11.0, 3.9, 11.35 ] }
									}
								}
							]
						},
						{
							"name": "Cube8",
							"from": [ 10.33, 0.07, 0.0 ],
							"to": [ 12.43, 0.77, 0.7 ],
							"rotationOrigin": [ 10.33, 0.07, 0.0 ],
							"rotationY": 22.5,
							"faces": {
								"north": { "texture": "#oak", "uv": [ 6.5, 9.5, 8.5, 10.0 ] },
								"east": { "texture": "#oak", "uv": [ 13.5, 3.0, 14.0, 3.5 ] },
								"up": { "texture": "#oak", "uv": [ 11.5, 11.5, 13.5, 12.0 ] },
								"down": { "texture": "#oak", "uv": [ 8.0, 7.5, 10.0, 8.0 ] }
							}
						}
					]
				},
				{
					"name": "stick0-4",
					"from": [ 5.7, 0.55, 6.75 ],
					"to": [ 18.0, 1.45, 7.35 ],
					"rotationOrigin": [ 5.7, 1.0, 7.0 ],
					"rotationX": -2.0,
					"rotationY": 22.5,
					"rotationZ": 92.0,
					"faces": {
						"north": { "texture": "#oak", "uv": [ 0.0, 10.0, 12.0, 10.5 ] },
						"east": { "texture": "#oak", "uv": [ 4.0, 13.5, 4.5, 14.0 ] },
						"south": { "texture": "#oak", "uv": [ 0.0, 9.5, 12.0, 10.0 ] },
						"west": { "texture": "#oak", "uv": [ 3.5, 6.0, 4.0, 6.5 ] },
						"up": { "texture": "#oak", "uv": [ 0.0, 4.0, 12.0, 4.5 ] },
						"down": { "texture": "#oak", "uv": [ 0.0, 11.0, 12.0, 11.5 ] }
					},
					"children": [
						{
							"name": "Cube4",
							"from": [ 0.3, 0.0, 0.6 ],
							"to": [ 11.7, 0.9, 0.9 ],
							"rotationOrigin": [ 0.3, 0.0, 0.6 ],
							"faces": {
								"east": { "texture": "#oak", "uv": [ 13.5, 1.0, 14.0, 1.5 ] },
								"south": { "texture": "#oak", "uv": [ 0.0, 1.0, 11.0, 1.5 ] },
								"west": { "texture": "#oak", "uv": [ 2.5, 2.5, 3.0, 3.0 ] },
								"up": { "texture": "#oak", "uv": [ 0.5, 0.5, 11.5, 1.0 ] },
								"down": { "texture": "#oak", "uv": [ 0.0, 9.0, 11.0, 9.5 ] }
							}
						},
						{
							"name": "Cube9",
							"from": [ 7.74, 0.06, 0.0 ],
							"to": [ 9.54, 0.66, 0.6 ],
							"rotationOrigin": [ 7.74, 0.06, 0.6 ],
							"rotationY": -30.0,
							"faces": {
								"north": { "texture": "#oak", "uv": [ 7.0, 11.0, 8.5, 11.5 ] },
								"east": { "texture": "#oak", "uv": [ 0.0, 12.5, 0.5, 13.0 ] },
								"south": { "texture": "#oak", "uv": [ 6.0, 9.5, 7.5, 10.0 ], "windMode": [-1,-1,-1,-1] },
								"up": { "texture": "#oak", "uv": [ 11.0, 1.0, 12.5, 1.5 ] },
								"down": { "texture": "#oak", "uv": [ 11.5, 0.5, 13.0, 1.0 ] }
							}
						},
						{
							"name": "Cube13",
							"from": [ 9.6, 0.14, 0.3 ],
							"to": [ 11.4, 0.44, 0.6 ],
							"rotationOrigin": [ 9.6, 0.14, 0.0 ],
							"rotationY": 22.5,
							"faces": {
								"north": { "texture": "#oak", "uv": [ 0.5, 4.5, 2.0, 5.0 ] },
								"east": { "texture": "#oak", "uv": [ 0.5, 15.0, 1.0, 15.5 ] },
								"south": { "texture": "#oak", "uv": [ 8.0, 9.0, 9.5, 9.5 ] },
								"up": { "texture": "#oak", "uv": [ 6.5, 6.5, 8.0, 7.0 ] },
								"down": { "texture": "#oak", "uv": [ 1.5, 14.0, 3.0, 14.5 ] }
							}
						}
					]
				},
				{
					"name": "stick0-5",
					"from": [ 9.3, 0.55, 9.25 ],
					"to": [ 15.9, 1.45, 10.15 ],
					"rotationOrigin": [ 7.0, 1.0, 10.0 ],
					"rotationX": 1.0,
					"rotationY": -112.5,
					"rotationZ": 86.0,
					"faces": {
						"north": { "texture": "#oak", "uv": [ 0.0, 3.5, 6.5, 4.0 ] },
						"east": { "texture": "#oak", "uv": [ 1.5, 3.0, 2.0, 3.5 ] },
						"south": { "texture": "#oak", "uv": [ 0.0, 13.0, 6.5, 13.5 ] },
						"west": { "texture": "#oak", "uv": [ 1.0, 3.5, 1.5, 4.0 ] },
						"up": { "texture": "#oak", "uv": [ 0.0, 12.5, 6.5, 13.0 ] },
						"down": { "texture": "#oak", "uv": [ 0.0, 2.5, 6.5, 3.0 ] }
					},
					"children": [
						{
							"name": "Cube5",
							"from": [ 6.6, 0.0, 0.0 ],
							"to": [ 9.6, 0.9, 0.9 ],
							"rotationOrigin": [ 6.6, 0.0, 0.0 ],
							"rotationZ": 7.0,
							"faces": {
								"north": { "texture": "#oak", "uv": [ 0.0, 0.0, 3.0, 0.5 ], "windMode": [-1,-1,-1,-1] },
								"east": { "texture": "#oak", "uv": [ 0.0, 0.0, 0.5, 0.5 ] },
								"south": { "texture": "#oak", "uv": [ 0.0, 0.0, 3.0, 0.5 ] },
								"up": { "texture": "#oak", "uv": [ 0.0, 0.0, 3.0, 0.5 ] },
								"down": { "texture": "#oak", "uv": [ 0.0, 0.0, 3.0, 0.5 ] }
							},
							"children": [
								{
									"name": "Cube15",
									"from": [ 0.63, 0.2382, 0.0 ],
									"to": [ 2.43, 0.8382, 0.6 ],
									"rotationOrigin": [ 0.6292, 0.2382, 0.0 ],
									"rotationX": 2.8898,
									"rotationY": 29.0,
									"rotationZ": 0.1,
									"faces": {
										"north": { "texture": "#oak", "uv": [ 0.0, 0.0, 1.8, 0.6 ] },
										"east": { "texture": "#oak", "uv": [ 0.0, 0.0, 0.6, 0.6 ] },
										"south": { "texture": "#oak", "uv": [ 0.0, 0.0, 1.8, 0.6 ] },
										"up": { "texture": "#oak", "uv": [ 1.0, 11.0, 2.8, 11.6 ] },
										"down": { "texture": "#oak", "uv": [ 0.0, 0.0, 1.8, 0.6 ] }
									}
								}
							]
						},
						{
							"name": "Cube14",
							"from": [ -2.4, 0.0, 0.0 ],
							"to": [ 0.1, 0.9, 0.9 ],
							"rotationOrigin": [ 0.0, 0.0, 0.3 ],
							"rotationY": 9.0,
							"rotationZ": -1.0,
							"faces": {
								"north": { "texture": "#oak", "uv": [ 0.0, 0.0, 2.5, 0.5 ] },
								"south": { "texture": "#oak", "uv": [ 0.0, 0.0, 2.5, 0.5 ], "windMode": [-1,-1,-1,-1] },
								"west": { "texture": "#oak", "uv": [ 0.0, 0.0, 0.5, 0.5 ], "windMode": [-1,-1,-1,-1] },
								"up": { "texture": "#oak", "uv": [ 8.5, 11.0, 11.0, 11.5 ] },
								"down": { "texture": "#oak", "uv": [ 0.0, 0.0, 2.5, 0.5 ] }
							}
						}
					]
				},
				{
					"name": "stick0-6",
					"from": [ 6.5, 0.47, 8.05 ],
					"to": [ 14.1, 1.52, 9.1 ],
					"rotationOrigin": [ 6.5, 1.0, 8.8 ],
					"rotationX": 4.0,
					"rotationY": 135.0,
					"rotationZ": 88.0,
					"faces": {
						"north": { "texture": "#oak", "uv": [ 0.0, 0.5, 7.5, 1.5 ] },
						"east": { "texture": "#oak", "uv": [ 7.5, 6.0, 8.5, 7.0 ] },
						"south": { "texture": "#oak", "uv": [ 0.0, 12.5, 7.5, 13.5 ] },
						"west": { "texture": "#oak", "uv": [ 10.0, 10.5, 11.0, 11.5 ] },
						"up": { "texture": "#oak", "uv": [ 3.0, 1.0, 10.5, 2.0 ] },
						"down": { "texture": "#oak", "uv": [ 0.0, 10.0, 7.5, 11.0 ] }
					},
					"children": [
						{
							"name": "Cube12",
							"from": [ 7.6, 0.0, 0.0 ],
							"to": [ 12.5, 1.05, 1.05 ],
							"rotationOrigin": [ 7.6, 0.0, 0.0 ],
							"rotationY": -4.0,
							"faces": {
								"north": { "texture": "#oak", "uv": [ 0.0, 10.0, 4.5, 11.0 ], "windMode": [-1,-1,-1,-1] },
								"east": { "texture": "#oak", "uv": [ 5.0, 13.5, 6.0, 14.5 ] },
								"south": { "texture": "#oak", "uv": [ 0.0, 0.0, 4.5, 1.0 ] },
								"west": { "texture": "#oak", "uv": [ 12.5, 14.0, 13.5, 15.0 ] },
								"up": { "texture": "#oak", "uv": [ 1.0, 13.0, 5.5, 14.0 ] },
								"down": { "texture": "#oak", "uv": [ 0.5, 4.0, 5.0, 5.0 ] }
							}
						},
						{
							"name": "Cube17",
							"from": [ 1.33, 0.07, 0.0 ],
							"to": [ 2.73, 0.77, 0.7 ],
							"rotationOrigin": [ 1.33, 0.07, 0.0 ],
							"rotationY": 30.5,
							"faces": {
								"north": { "texture": "#oak", "uv": [ 4.5, 1.5, 5.9, 2.2 ] },
								"east": { "texture": "#oak", "uv": [ 6.5, 1.5, 7.2, 2.2 ] },
								"south": { "texture": "#oak", "uv": [ 2.0, 7.5, 3.4, 8.2 ], "windMode": [-1,-1,-1,-1] },
								"up": { "texture": "#oak", "uv": [ 11.5, 6.0, 12.9, 6.7 ] },
								"down": { "texture": "#oak", "uv": [ 4.0, 0.5, 5.4, 1.2 ] }
							}
						},
						{
							"name": "Cube18",
							"from": [ 9.0, 0.17, 0.49 ],
							"to": [ 10.4, 0.59, 0.91 ],
							"rotationOrigin": [ 9.0, 0.17, 0.91 ],
							"rotationY": -41.5,
							"faces": {
								"north": { "texture": "#oak", "uv": [ 11.5, 4.0, 12.5, 4.5 ] },
								"east": { "texture": "#oak", "uv": [ 9.5, 4.0, 10.0, 4.5 ] },
								"south": { "texture": "#oak", "uv": [ 9.5, 7.0, 10.5, 7.5 ] },
								"up": { "texture": "#oak", "uv": [ 11.0, 6.0, 12.0, 6.5 ] },
								"down": { "texture": "#oak", "uv": [ 1.0, 1.0, 2.0, 1.5 ] }
							}
						}
					]
				},
				{
					"name": "stick1-2",
					"from": [ 6.5, 0.24, 7.15 ],
					"to": [ 13.7, 1.215, 8.125 ],
					"rotationOrigin": [ 6.5, 0.7, 7.6 ],
					"rotationX": -1.0,
					"rotationY": 5.0,
					"rotationZ": 92.0,
					"faces": {
						"north": { "texture": "#oak", "uv": [ 0.0, 0.5, 7.0, 1.0 ] },
						"east": { "texture": "#oak", "uv": [ 7.5, 6.0, 8.0, 6.5 ] },
						"south": { "texture": "#oak", "uv": [ 0.0, 12.5, 7.0, 13.0 ] },
						"west": { "texture": "#oak", "uv": [ 10.0, 10.5, 10.5, 11.0 ] },
						"up": { "texture": "#oak", "uv": [ 3.0, 1.0, 10.0, 1.5 ] },
						"down": { "texture": "#oak", "uv": [ 0.0, 10.0, 7.0, 10.5 ] }
					},
					"children": [
						{
							"name": "Cube2",
							"from": [ 7.2, 0.0, 0.0 ],
							"to": [ 11.75, 0.975, 0.975 ],
							"rotationOrigin": [ 7.2, 0.0, 0.0 ],
							"rotationY": -4.0,
							"faces": {
								"north": { "texture": "#oak", "uv": [ 0.0, 10.0, 4.5, 10.5 ], "windMode": [-1,-1,-1,-1] },
								"east": { "texture": "#oak", "uv": [ 5.0, 13.5, 5.5, 14.0 ] },
								"south": { "texture": "#oak", "uv": [ 0.0, 0.0, 4.5, 0.5 ] },
								"west": { "texture": "#oak", "uv": [ 12.5, 14.0, 13.0, 14.5 ] },
								"up": { "texture": "#oak", "uv": [ 1.0, 13.0, 5.5, 13.5 ] },
								"down": { "texture": "#oak", "uv": [ 0.5, 4.0, 5.0, 4.5 ] }
							}
						},
						{
							"name": "Cube7",
							"from": [ 1.235, 0.065, 0.0 ],
							"to": [ 3.185, 0.715, 0.65 ],
							"rotationOrigin": [ 1.235, 0.065, 0.0 ],
							"rotationY": 28.5,
							"faces": {
								"north": { "texture": "#oak", "uv": [ 4.5, 1.5, 6.45, 2.15 ] },
								"east": { "texture": "#oak", "uv": [ 6.5, 1.5, 7.15, 2.15 ] },
								"south": { "texture": "#oak", "uv": [ 2.0, 7.5, 3.95, 8.15 ], "windMode": [-1,-1,-1,-1] },
								"up": { "texture": "#oak", "uv": [ 11.5, 6.0, 13.45, 6.65 ] },
								"down": { "texture": "#oak", "uv": [ 4.0, 0.5, 5.95, 1.15 ] }
							}
						},
						{
							"name": "Cube11",
							"from": [ 8.5, 0.065, 0.455 ],
							"to": [ 9.8, 0.455, 0.845 ],
							"rotationOrigin": [ 8.5, 0.065, 0.845 ],
							"rotationY": -41.5,
							"faces": {
								"north": { "texture": "#oak", "uv": [ 11.5, 4.0, 12.5, 4.5 ] },
								"east": { "texture": "#oak", "uv": [ 9.5, 4.0, 10.0, 4.5 ] },
								"south": { "texture": "#oak", "uv": [ 9.5, 7.0, 10.5, 7.5 ] },
								"up": { "texture": "#oak", "uv": [ 11.0, 6.0, 12.0, 6.5 ] },
								"down": { "texture": "#oak", "uv": [ 1.0, 1.0, 2.0, 1.5 ] }
							}
						}
					]
				},
				{
					"name": "stick1-1",
					"from": [ 6.6, 0.0, 6.1 ],
					"to": [ 17.9, 0.9, 6.7 ],
					"rotationOrigin": [ 6.6, 0.5, 6.6 ],
					"rotationX": 2.0,
					"rotationY": 112.5,
					"rotationZ": 87.0,
					"faces": {
						"north": { "texture": "#oak", "uv": [ 0.0, 8.5, 11.0, 9.0 ] },
						"east": { "texture": "#oak", "uv": [ 7.0, 5.0, 7.5, 5.5 ] },
						"south": { "texture": "#oak", "uv": [ 0.0, 3.5, 11.0, 4.0 ] },
						"west": { "texture": "#oak", "uv": [ 8.5, 2.5, 9.0, 3.0 ] },
						"up": { "texture": "#oak", "uv": [ 0.0, 14.0, 11.0, 14.5 ] },
						"down": { "texture": "#oak", "uv": [ 0.0, 14.0, 11.0, 14.5 ] }
					},
					"children": [
						{
							"name": "Cube1",
							"from": [ 0.3, 0.0, 0.6 ],
							"to": [ 9.7, 0.9, 0.9 ],
							"rotationOrigin": [ 0.3, 0.0, 0.6 ],
							"faces": {
								"east": { "texture": "#oak", "uv": [ 10.0, 13.0, 10.5, 13.5 ] },
								"south": { "texture": "#oak", "uv": [ 1.0, 6.0, 10.0, 6.5 ] },
								"west": { "texture": "#oak", "uv": [ 12.0, 2.5, 12.5, 3.0 ] },
								"up": { "texture": "#oak", "uv": [ 0.0, 12.5, 9.0, 13.0 ] },
								"down": { "texture": "#oak", "uv": [ 0.0, 11.0, 9.0, 11.5 ] }
							}
						},
						{
							"name": "Cube6",
							"from": [ 3.54, -0.06, 0.0 ],
							"to": [ 5.34, 0.54, 0.3 ],
							"rotationOrigin": [ 3.54, -0.06, -0.3 ],
							"rotationY": 22.5,
							"faces": {
								"north": { "texture": "#oak", "uv": [ 0.0, 4.0, 1.8, 4.6 ] },
								"east": { "texture": "#oak", "uv": [ 5.5, 12.0, 5.8, 12.6 ] },
								"up": { "texture": "#oak", "uv": [ 11.0, 4.5, 12.8, 4.8 ] },
								"down": { "texture": "#oak", "uv": [ 1.5, 7.5, 3.3, 7.8 ] }
							}
						},
						{
							"name": "Cube10",
							"from": [ 3.6, 0.06, 0.3 ],
							"to": [ 6.0, 0.66, 0.6 ],
							"rotationOrigin": [ 3.6, 0.06, 0.0 ],
							"rotationY": 22.5,
							"faces": {
								"north": { "texture": "#oak", "uv": [ 9.5, 0.5, 11.9, 1.1 ] },
								"east": { "texture": "#oak", "uv": [ 1.5, 2.5, 1.8, 3.1 ] },
								"south": { "texture": "#oak", "uv": [ 7.5, 1.5, 9.9, 2.1 ] },
								"up": { "texture": "#oak", "uv": [ 9.5, 12.5, 11.9, 12.8 ] },
								"down": { "texture": "#oak", "uv": [ 11.0, 9.0, 13.4, 9.3 ] }
							}
						}
					]
				},
				{
					"name": "stick1-4",
					"from": [ 7.4, 0.05, 8.65 ],
					"to": [ 19.7, 0.95, 9.25 ],
					"rotationOrigin": [ 7.4, 0.5, 8.9 ],
					"rotationX": 3.0,
					"rotationY": 25.0,
					"rotationZ": 90.0,
					"faces": {
						"north": { "texture": "#oak", "uv": [ 0.0, 10.0, 12.0, 10.5 ] },
						"east": { "texture": "#oak", "uv": [ 4.0, 13.5, 4.5, 14.0 ] },
						"south": { "texture": "#oak", "uv": [ 0.0, 9.5, 12.0, 10.0 ] },
						"west": { "texture": "#oak", "uv": [ 3.5, 6.0, 4.0, 6.5 ] },
						"up": { "texture": "#oak", "uv": [ 0.0, 4.0, 12.0, 4.5 ] },
						"down": { "texture": "#oak", "uv": [ 0.0, 11.0, 12.0, 11.5 ] }
					},
					"children": [
						{
							"name": "Cube4",
							"from": [ 0.3, 0.0, 0.6 ],
							"to": [ 11.7, 0.9, 0.9 ],
							"rotationOrigin": [ 0.3, 0.0, 0.6 ],
							"faces": {
								"east": { "texture": "#oak", "uv": [ 13.5, 1.0, 14.0, 1.5 ] },
								"south": { "texture": "#oak", "uv": [ 0.0, 1.0, 11.0, 1.5 ] },
								"west": { "texture": "#oak", "uv": [ 2.5, 2.5, 3.0, 3.0 ] },
								"up": { "texture": "#oak", "uv": [ 0.5, 0.5, 11.5, 1.0 ] },
								"down": { "texture": "#oak", "uv": [ 0.0, 9.0, 11.0, 9.5 ] }
							}
						},
						{
							"name": "Cube9",
							"from": [ 7.74, 0.06, 0.0 ],
							"to": [ 9.54, 0.66, 0.6 ],
							"rotationOrigin": [ 7.74, 0.06, 0.6 ],
							"rotationY": -30.0,
							"faces": {
								"north": { "texture": "#oak", "uv": [ 7.0, 11.0, 8.5, 11.5 ] },
								"east": { "texture": "#oak", "uv": [ 0.0, 12.5, 0.5, 13.0 ] },
								"south": { "texture": "#oak", "uv": [ 6.0, 9.5, 7.5, 10.0 ], "windMode": [-1,-1,-1,-1] },
								"up": { "texture": "#oak", "uv": [ 11.0, 1.0, 12.5, 1.5 ] },
								"down": { "texture": "#oak", "uv": [ 11.5, 0.5, 13.0, 1.0 ] }
							}
						},
						{
							"name": "Cube13",
							"from": [ 9.6, 0.14, 0.3 ],
							"to": [ 11.4, 0.44, 0.6 ],
							"rotationOrigin": [ 9.6, 0.14, 0.0 ],
							"rotationY": 22.5,
							"faces": {
								"north": { "texture": "#oak", "uv": [ 0.5, 4.5, 2.0, 5.0 ] },
								"east": { "texture": "#oak", "uv": [ 0.5, 15.0, 1.0, 15.5 ] },
								"south": { "texture": "#oak", "uv": [ 8.0, 9.0, 9.5, 9.5 ] },
								"up": { "texture": "#oak", "uv": [ 6.5, 6.5, 8.0, 7.0 ] },
								"down": { "texture": "#oak", "uv": [ 1.5, 14.0, 3.0, 14.5 ] }
							}
						}
					]
				},
				{
					"name": "stick2-2",
					"from": [ 7.2, 0.25, 5.15 ],
					"to": [ 14.4, 1.225, 6.125 ],
					"rotationOrigin": [ 7.2, 0.7, 5.6 ],
					"rotationX": -3.0,
					"rotationY": -173.0,
					"rotationZ": 90.0,
					"faces": {
						"north": { "texture": "#oak", "uv": [ 0.0, 0.5, 7.0, 1.0 ] },
						"east": { "texture": "#oak", "uv": [ 7.5, 6.0, 8.0, 6.5 ] },
						"south": { "texture": "#oak", "uv": [ 0.0, 12.5, 7.0, 13.0 ] },
						"west": { "texture": "#oak", "uv": [ 10.0, 10.5, 10.5, 11.0 ] },
						"up": { "texture": "#oak", "uv": [ 3.0, 1.0, 10.0, 1.5 ] },
						"down": { "texture": "#oak", "uv": [ 0.0, 10.0, 7.0, 10.5 ] }
					},
					"children": [
						{
							"name": "Cube2",
							"from": [ 7.2, 0.0, 0.0 ],
							"to": [ 11.75, 0.975, 0.975 ],
							"rotationOrigin": [ 7.2, 0.0, 0.0 ],
							"rotationY": -4.0,
							"faces": {
								"north": { "texture": "#oak", "uv": [ 0.0, 10.0, 4.5, 10.5 ], "windMode": [-1,-1,-1,-1] },
								"east": { "texture": "#oak", "uv": [ 5.0, 13.5, 5.5, 14.0 ] },
								"south": { "texture": "#oak", "uv": [ 0.0, 0.0, 4.5, 0.5 ] },
								"west": { "texture": "#oak", "uv": [ 12.5, 14.0, 13.0, 14.5 ] },
								"up": { "texture": "#oak", "uv": [ 1.0, 13.0, 5.5, 13.5 ] },
								"down": { "texture": "#oak", "uv": [ 0.5, 4.0, 5.0, 4.5 ] }
							}
						},
						{
							"name": "Cube7",
							"from": [ 1.235, 0.065, 0.0 ],
							"to": [ 3.185, 0.715, 0.65 ],
							"rotationOrigin": [ 1.235, 0.065, 0.0 ],
							"rotationY": 28.5,
							"faces": {
								"north": { "texture": "#oak", "uv": [ 4.5, 1.5, 6.45, 2.15 ] },
								"east": { "texture": "#oak", "uv": [ 6.5, 1.5, 7.15, 2.15 ] },
								"south": { "texture": "#oak", "uv": [ 2.0, 7.5, 3.95, 8.15 ], "windMode": [-1,-1,-1,-1] },
								"up": { "texture": "#oak", "uv": [ 11.5, 6.0, 13.45, 6.65 ] },
								"down": { "texture": "#oak", "uv": [ 4.0, 0.5, 5.95, 1.15 ] }
							}
						},
						{
							"name": "Cube11",
							"from": [ 8.5, 0.065, 0.455 ],
							"to": [ 9.8, 0.455, 0.845 ],
							"rotationOrigin": [ 8.5, 0.065, 0.845 ],
							"rotationY": -41.5,
							"faces": {
								"north": { "texture": "#oak", "uv": [ 11.5, 4.0, 12.5, 4.5 ] },
								"east": { "texture": "#oak", "uv": [ 9.5, 4.0, 10.0, 4.5 ] },
								"south": { "texture": "#oak", "uv": [ 9.5, 7.0, 10.5, 7.5 ] },
								"up": { "texture": "#oak", "uv": [ 11.0, 6.0, 12.0, 6.5 ] },
								"down": { "texture": "#oak", "uv": [ 1.0, 1.0, 2.0, 1.5 ] }
							}
						}
					]
				},
				{
					"name": "stick1-6",
					"from": [ 8.4, 0.37, 9.45 ],
					"to": [ 16.0, 1.42, 10.5 ],
					"rotationOrigin": [ 8.4, 0.9, 10.2 ],
					"rotationX": 6.0,
					"rotationY": 22.5,
					"rotationZ": 88.0,
					"faces": {
						"north": { "texture": "#oak", "uv": [ 0.0, 0.5, 7.5, 1.5 ] },
						"east": { "texture": "#oak", "uv": [ 7.5, 6.0, 8.5, 7.0 ] },
						"south": { "texture": "#oak", "uv": [ 0.0, 12.5, 7.5, 13.5 ] },
						"west": { "texture": "#oak", "uv": [ 10.0, 10.5, 11.0, 11.5 ] },
						"up": { "texture": "#oak", "uv": [ 3.0, 1.0, 10.5, 2.0 ] },
						"down": { "texture": "#oak", "uv": [ 0.0, 10.0, 7.5, 11.0 ] }
					},
					"children": [
						{
							"name": "Cube19",
							"from": [ 7.6, 0.0, 0.0 ],
							"to": [ 12.5, 1.05, 1.05 ],
							"rotationOrigin": [ 7.6, 0.0, 0.0 ],
							"rotationY": -4.0,
							"faces": {
								"north": { "texture": "#oak", "uv": [ 0.0, 10.0, 4.5, 11.0 ], "windMode": [-1,-1,-1,-1] },
								"east": { "texture": "#oak", "uv": [ 5.0, 13.5, 6.0, 14.5 ] },
								"south": { "texture": "#oak", "uv": [ 0.0, 0.0, 4.5, 1.0 ] },
								"west": { "texture": "#oak", "uv": [ 12.5, 14.0, 13.5, 15.0 ] },
								"up": { "texture": "#oak", "uv": [ 1.0, 13.0, 5.5, 14.0 ] },
								"down": { "texture": "#oak", "uv": [ 0.5, 4.0, 5.0, 5.0 ] }
							}
						},
						{
							"name": "Cube20",
							"from": [ 1.33, 0.07, 0.0 ],
							"to": [ 2.73, 0.77, 0.7 ],
							"rotationOrigin": [ 1.33, 0.07, 0.0 ],
							"rotationY": 30.5,
							"faces": {
								"north": { "texture": "#oak", "uv": [ 4.5, 1.5, 5.5, 2.0 ] },
								"east": { "texture": "#oak", "uv": [ 6.5, 1.5, 7.0, 2.0 ] },
								"south": { "texture": "#oak", "uv": [ 2.0, 7.5, 3.0, 8.0 ], "windMode": [-1,-1,-1,-1] },
								"up": { "texture": "#oak", "uv": [ 11.5, 6.0, 12.5, 6.5 ] },
								"down": { "texture": "#oak", "uv": [ 4.0, 0.5, 5.0, 1.0 ] }
							}
						},
						{
							"name": "Cube21",
							"from": [ 9.0, 0.17, 0.49 ],
							"to": [ 10.4, 0.59, 0.91 ],
							"rotationOrigin": [ 9.0, 0.17, 0.91 ],
							"rotationY": -41.5,
							"faces": {
								"north": { "texture": "#oak", "uv": [ 11.5, 4.0, 12.5, 4.5 ] },
								"east": { "texture": "#oak", "uv": [ 9.5, 4.0, 10.0, 4.5 ] },
								"south": { "texture": "#oak", "uv": [ 9.5, 7.0, 10.5, 7.5 ] },
								"up": { "texture": "#oak", "uv": [ 11.0, 6.0, 12.0, 6.5 ] },
								"down": { "texture": "#oak", "uv": [ 1.0, 1.0, 2.0, 1.5 ] }
							}
						}
					]
				},
				{
					"name": "stick1-3",
					"from": [ 7.0, -0.325, 6.3 ],
					"to": [ 18.4, 0.725, 7.35 ],
					"rotationOrigin": [ 7.0, 0.2, 6.8 ],
					"rotationX": -3.0,
					"rotationY": -112.5,
					"rotationZ": 87.0,
					"faces": {
						"north": { "texture": "#oak", "uv": [ 0.0, 2.5, 11.0, 3.5 ] },
						"south": { "texture": "#oak", "uv": [ 3.0, 8.0, 14.0, 9.0 ] },
						"west": { "texture": "#oak", "uv": [ 10.5, 6.5, 11.5, 7.5 ] },
						"up": { "texture": "#oak", "uv": [ 0.5, 7.0, 11.5, 8.0 ] },
						"down": { "texture": "#oak", "uv": [ 0.0, 4.0, 11.0, 5.0 ] }
					},
					"children": [
						{
							"name": "Cube22",
							"from": [ 11.4, 0.0, 0.0 ],
							"to": [ 13.85, 1.05, 0.7 ],
							"rotationOrigin": [ 11.4, 0.0, 0.0 ],
							"rotationY": -7.0,
							"rotationZ": 0.1,
							"faces": {
								"north": { "texture": "#oak", "uv": [ 0.5, 9.5, 2.5, 10.5 ], "windMode": [-1,-1,-1,-1] },
								"east": { "texture": "#oak", "uv": [ 10.5, 3.0, 11.0, 4.0 ] },
								"south": { "texture": "#oak", "uv": [ 7.5, 1.0, 9.5, 2.0 ], "windMode": [-1,-1,-1,-1] },
								"up": { "texture": "#oak", "uv": [ 6.5, 0.0, 8.5, 0.5 ] },
								"down": { "texture": "#oak", "uv": [ 7.5, 12.5, 9.5, 13.0 ] }
							},
							"children": [
								{
									"name": "Cube23",
									"from": [ 0.0, 0.0, 0.7 ],
									"to": [ 1.4, 1.05, 1.05 ],
									"rotationOrigin": [ 0.0, 0.0, 0.7 ],
									"faces": {
										"east": { "texture": "#oak", "uv": [ 12.5, 4.0, 13.0, 5.0 ] },
										"south": { "texture": "#oak", "uv": [ 3.5, 12.0, 4.5, 13.0 ] },
										"west": { "texture": "#oak", "uv": [ 10.0, 14.0, 10.5, 15.0 ] },
										"up": { "texture": "#oak", "uv": [ 1.5, 5.5, 2.5, 6.0 ] },
										"down": { "texture": "#oak", "uv": [ 2.5, 11.0, 3.5, 11.5 ] }
									}
								}
							]
						},
						{
							"name": "Cube24",
							"from": [ 10.33, 0.07, 0.0 ],
							"to": [ 12.43, 0.77, 0.7 ],
							"rotationOrigin": [ 10.33, 0.07, 0.0 ],
							"rotationY": 22.5,
							"faces": {
								"north": { "texture": "#oak", "uv": [ 6.5, 9.5, 8.5, 10.0 ] },
								"east": { "texture": "#oak", "uv": [ 13.5, 3.0, 14.0, 3.5 ] },
								"up": { "texture": "#oak", "uv": [ 11.5, 11.5, 13.5, 12.0 ] },
								"down": { "texture": "#oak", "uv": [ 8.0, 7.5, 10.0, 8.0 ] }
							}
						}
					]
				},
				{
					"name": "stick1-5",
					"from": [ 9.8, 0.65, 6.75 ],
					"to": [ 16.4, 1.55, 7.65 ],
					"rotationOrigin": [ 7.5, 1.1, 7.5 ],
					"rotationX": 6.0,
					"rotationY": -67.5,
					"rotationZ": 90.0,
					"faces": {
						"north": { "texture": "#oak", "uv": [ 0.0, 3.5, 6.5, 4.0 ] },
						"east": { "texture": "#oak", "uv": [ 1.5, 3.0, 2.0, 3.5 ] },
						"south": { "texture": "#oak", "uv": [ 0.0, 13.0, 6.5, 13.5 ] },
						"west": { "texture": "#oak", "uv": [ 1.0, 3.5, 1.5, 4.0 ] },
						"up": { "texture": "#oak", "uv": [ 0.0, 12.5, 6.5, 13.0 ] },
						"down": { "texture": "#oak", "uv": [ 0.0, 2.5, 6.5, 3.0 ] }
					},
					"children": [
						{
							"name": "Cube25",
							"from": [ 6.6, 0.0, 0.0 ],
							"to": [ 9.6, 0.9, 0.9 ],
							"rotationOrigin": [ 6.6, 0.0, 0.0 ],
							"rotationZ": 7.0,
							"faces": {
								"north": { "texture": "#oak", "uv": [ 0.0, 0.0, 3.0, 0.5 ], "windMode": [-1,-1,-1,-1] },
								"east": { "texture": "#oak", "uv": [ 0.0, 0.0, 0.5, 0.5 ] },
								"south": { "texture": "#oak", "uv": [ 0.0, 0.0, 3.0, 0.5 ] },
								"up": { "texture": "#oak", "uv": [ 0.0, 0.0, 3.0, 0.5 ] },
								"down": { "texture": "#oak", "uv": [ 0.0, 0.0, 3.0, 0.5 ] }
							},
							"children": [
								{
									"name": "Cube26",
									"from": [ 0.63, 0.2382, 0.0 ],
									"to": [ 2.43, 0.8382, 0.6 ],
									"rotationOrigin": [ 0.6292, 0.2382, 0.0 ],
									"rotationX": 2.8898,
									"rotationY": 29.0,
									"rotationZ": 0.1,
									"faces": {
										"north": { "texture": "#oak", "uv": [ 0.0, 0.0, 1.5, 0.5 ] },
										"east": { "texture": "#oak", "uv": [ 0.0, 0.0, 0.5, 0.5 ] },
										"south": { "texture": "#oak", "uv": [ 0.0, 0.0, 1.5, 0.5 ] },
										"up": { "texture": "#oak", "uv": [ 1.0, 11.0, 2.5, 11.5 ] },
										"down": { "texture": "#oak", "uv": [ 0.0, 0.0, 1.5, 0.5 ] }
									}
								}
							]
						},
						{
							"name": "Cube27",
							"from": [ -2.4, 0.0, 0.0 ],
							"to": [ 0.1, 0.9, 0.9 ],
							"rotationOrigin": [ 0.0, 0.0, 0.3 ],
							"rotationY": 9.0,
							"rotationZ": -1.0,
							"faces": {
								"north": { "texture": "#oak", "uv": [ 0.0, 0.0, 2.5, 0.5 ] },
								"south": { "texture": "#oak", "uv": [ 0.0, 0.0, 2.5, 0.5 ], "windMode": [-1,-1,-1,-1] },
								"west": { "texture": "#oak", "uv": [ 0.0, 0.0, 0.5, 0.5 ], "windMode": [-1,-1,-1,-1] },
								"up": { "texture": "#oak", "uv": [ 8.5, 11.0, 11.0, 11.5 ] },
								"down": { "texture": "#oak", "uv": [ 0.0, 0.0, 2.5, 0.5 ] }
							}
						}
					]
				}
			]
		}
	]}