{
	"editor": {},
	"textureWidth": 16,
	"textureHeight": 16,
	"textureSizes": {
		"metal": [32, 32],
		"metal3": [32, 32],
		"leadsolder": [16, 16]
	},
	"textures": {
		"leadsolder": "game:block/metal/ingot/silversolder"
	},
	"elements": [
		{
			"name": "metal",
			"from": [4.025, 0, 1],
			"to": [4.025, 0, 1],
			"rotationOrigin": [4.025, 0, 1],
			"children": [
				{
					"name": "metal",
					"from": [0, 0, 0],
					"to": [0, 0, 0],
					"rotationOrigin": [0, 0, 0],
					"faces": {}
				},
				{
					"name": "reedg",
					"from": [0, -0.125, 0],
					"to": [0, -0.125, 0],
					"rotationOrigin": [0, -0.125, 0],
					"children": [
						{
							"name": "reedg",
							"from": [0, 0, 0],
							"to": [0, 0, 0],
							"rotationOrigin": [0, 0, 0],
							"faces": {
								"north": {
									"texture": "#metal",
									"uv": [0, 0, 0.5, 0.5],
									"autoUv": false,
									"snapUv": false
								},
								"east": {
									"texture": "#metal",
									"uv": [0, 0, 0.5, 0.5],
									"autoUv": false,
									"snapUv": false
								},
								"south": {
									"texture": "#metal",
									"uv": [0, 0, 0.5, 0.5],
									"autoUv": false,
									"snapUv": false
								},
								"west": {
									"texture": "#metal",
									"uv": [0, 0, 0.5, 0.5],
									"autoUv": false,
									"snapUv": false
								},
								"up": {
									"texture": "#metal",
									"uv": [0, 0, 0.5, 0.5],
									"autoUv": false,
									"snapUv": false
								},
								"down": {
									"texture": "#metal",
									"uv": [0, 0, 0.5, 0.5],
									"autoUv": false,
									"snapUv": false
								}
							}
						},
						{
							"name": "reed",
							"from": [-3, 0.425, -0.125],
							"to": [0.75, 0.5, 0.625],
							"rotationOrigin": [0, 0, 0.875],
							"faces": {
								"north": {
									"texture": "#metal",
									"uv": [0, 0, 3.5, 0.5],
									"autoUv": false,
									"snapUv": false
								},
								"east": {
									"texture": "#metal",
									"uv": [0, 0, 0.5, 0.5],
									"autoUv": false,
									"snapUv": false
								},
								"south": {
									"texture": "#metal",
									"uv": [0, 0, 3.5, 0.5],
									"autoUv": false,
									"snapUv": false
								},
								"west": {
									"texture": "#metal",
									"uv": [0, 0, 0.5, 0.5],
									"autoUv": false,
									"snapUv": false
								},
								"up": {
									"texture": "#metal",
									"uv": [0, 0, 10, 2],
									"autoUv": false,
									"snapUv": false
								},
								"down": {
									"texture": "#metal",
									"uv": [0, 0, 10, 2],
									"autoUv": false,
									"snapUv": false
								}
							}
						},
						{
							"name": "reedend",
							"from": [-3.9, 0.375, -0.375],
							"to": [-2.925, 0.725, 0.875],
							"rotationOrigin": [-3.65, 0.025, 0.875],
							"faces": {
								"north": {
									"texture": "#metal",
									"uv": [0, 0, 0.5, 0.5],
									"autoUv": false,
									"snapUv": false
								},
								"east": {
									"texture": "#metal",
									"uv": [0, 0, 1, 0.5],
									"autoUv": false,
									"snapUv": false
								},
								"south": {
									"texture": "#metal",
									"uv": [0, 0, 0.5, 0.5],
									"autoUv": false,
									"snapUv": false
								},
								"west": {
									"texture": "#metal",
									"uv": [0, 0, 1, 0.5],
									"autoUv": false,
									"snapUv": false
								},
								"up": {
									"texture": "#metal",
									"uv": [0, 0, 0.5, 1],
									"autoUv": false,
									"snapUv": false
								},
								"down": {
									"texture": "#metal",
									"uv": [0, 0, 0.5, 1],
									"autoUv": false,
									"snapUv": false
								}
							}
						},
						{
							"name": "pin1",
							"from": [-3.6, 0.1, 0.075],
							"to": [-3.25, 0.75, 0.425],
							"rotationOrigin": [-3.4475, 0.725, 0.2275],
							"faces": {
								"north": {
									"texture": "#leadsolder",
									"uv": [1, 1, 1.5, 1.5],
									"autoUv": false,
									"snapUv": false
								},
								"east": {
									"texture": "#leadsolder",
									"uv": [1, 1, 1.5, 1.5],
									"autoUv": false,
									"snapUv": false
								},
								"south": {
									"texture": "#leadsolder",
									"uv": [1, 1, 1.5, 1.5],
									"autoUv": false,
									"snapUv": false
								},
								"west": {
									"texture": "#leadsolder",
									"uv": [1, 1, 1.5, 1.5],
									"autoUv": false,
									"snapUv": false
								},
								"up": {
									"texture": "#leadsolder",
									"uv": [1, 1, 1.5, 1.5],
									"autoUv": false,
									"snapUv": false
								},
								"down": {
									"texture": "#leadsolder",
									"uv": [1, 1, 1.5, 1.5],
									"autoUv": false,
									"snapUv": false
								}
							}
						},
						{
							"name": "cube",
							"from": [0.75, 0.425, -0.05],
							"to": [0.9, 0.5, 0.55],
							"rotationOrigin": [0.2, 0, 0.875],
							"faces": {
								"north": {
									"texture": "#metal",
									"uv": [0, 0, 0.5, 0.5],
									"autoUv": false,
									"snapUv": false
								},
								"east": {
									"texture": "#metal",
									"uv": [0, 0, 0.5, 0.5],
									"autoUv": false,
									"snapUv": false
								},
								"south": {
									"texture": "#metal",
									"uv": [0, 0, 0.5, 0.5],
									"autoUv": false,
									"snapUv": false
								},
								"west": {
									"texture": "#metal",
									"uv": [0, 0, 0.5, 0.5],
									"autoUv": false,
									"snapUv": false
								},
								"up": {
									"texture": "#metal",
									"uv": [10, 1.2, 10.4, 2.2],
									"autoUv": false,
									"snapUv": false
								},
								"down": {
									"texture": "#metal",
									"uv": [10, 1.2, 10.4, 2.2],
									"autoUv": false,
									"snapUv": false
								}
							}
						}
					]
				},
				{
					"name": "housing",
					"from": [0, 0, 0],
					"to": [0, 0, 0],
					"rotationOrigin": [0, 0, 0],
					"children": [
						{
							"name": "railS",
							"from": [-3, 0, 0.75],
							"to": [1.25, 0.5, 1.5],
							"rotationOrigin": [0, 0, 2],
							"faces": {
								"north": {
									"texture": "#metal3",
									"uv": [0, 0, 11, 2],
									"autoUv": false,
									"snapUv": false
								},
								"east": {
									"texture": "#metal3",
									"uv": [0, 0, 0.5, 0.5],
									"autoUv": false,
									"snapUv": false
								},
								"south": {
									"texture": "#metal3",
									"uv": [0, 0, 11, 2],
									"autoUv": false,
									"snapUv": false
								},
								"west": {
									"texture": "#metal3",
									"uv": [0, 0, 0.5, 0.5],
									"autoUv": false,
									"snapUv": false
								},
								"up": {
									"texture": "#metal3",
									"uv": [-0.35294, 0, -1, 0],
									"autoUv": false,
									"snapUv": false
								},
								"down": {
									"texture": "#metal3",
									"uv": [0, 3, 11, 5],
									"autoUv": false,
									"snapUv": false
								}
							}
						},
						{
							"name": "railN",
							"from": [-3, 0, -1],
							"to": [1.25, 0.5, -0.25],
							"rotationOrigin": [0, 0, 0.25],
							"faces": {
								"north": {
									"texture": "#metal3",
									"uv": [0, 0, 4, 0.5],
									"autoUv": false,
									"snapUv": false
								},
								"east": {
									"texture": "#metal3",
									"uv": [0, 0, 0.5, 0.5],
									"autoUv": false,
									"snapUv": false
								},
								"south": {
									"texture": "#metal3",
									"uv": [0, 0, 4, 0.5],
									"autoUv": false,
									"snapUv": false
								},
								"west": {
									"texture": "#metal3",
									"uv": [0, 0, 0.5, 0.5],
									"autoUv": false,
									"snapUv": false
								},
								"up": {
									"texture": "#metal3",
									"uv": [0, 0, -0.47059, 0],
									"autoUv": false,
									"snapUv": false
								},
								"down": {
									"texture": "#metal3",
									"uv": [0, 0, 4, 0.5],
									"autoUv": false,
									"snapUv": false
								}
							}
						},
						{
							"name": "endcapE",
							"from": [1, 0.005, -0.75],
							"to": [1.45, 0.495, 1.25],
							"rotationOrigin": [4, 0, 1.75],
							"faces": {
								"north": {
									"texture": "#metal3",
									"uv": [0, 0, 0.5, 0.5],
									"autoUv": false,
									"snapUv": false
								},
								"east": {
									"texture": "#metal3",
									"uv": [0, 0, 2, 0.5],
									"autoUv": false,
									"snapUv": false
								},
								"south": {
									"texture": "#metal3",
									"uv": [0, 0, 0.5, 0.5],
									"autoUv": false,
									"snapUv": false
								},
								"west": {
									"texture": "#metal3",
									"uv": [0, 0, 2, 0.5],
									"autoUv": false,
									"snapUv": false
								},
								"up": {
									"texture": "#metal3",
									"uv": [0, 0, -0.05882, 0],
									"autoUv": false,
									"snapUv": false
								},
								"down": {
									"texture": "#metal3",
									"uv": [0, 0, 0.5, 2],
									"autoUv": false,
									"snapUv": false
								}
							}
						},
						{
							"name": "endcapW",
							"from": [-4.025, 0, -1],
							"to": [-3, 0.5, 1.5],
							"rotationOrigin": [-0.5, 0, 2],
							"faces": {
								"north": {
									"texture": "#metal3",
									"uv": [0, 0, 1, 0.5],
									"autoUv": false,
									"snapUv": false
								},
								"east": {
									"texture": "#metal3",
									"uv": [0, 0, 2.5, 0.5],
									"autoUv": false,
									"snapUv": false
								},
								"south": {
									"texture": "#metal3",
									"uv": [0, 0, 1, 0.5],
									"autoUv": false,
									"snapUv": false
								},
								"west": {
									"texture": "#metal3",
									"uv": [0, 0, 2.5, 0.5],
									"autoUv": false,
									"snapUv": false
								},
								"up": {
									"texture": "#metal3",
									"uv": [0, 0, 2, 5],
									"autoUv": false,
									"snapUv": false
								},
								"down": {
									"texture": "#metal3",
									"uv": [0, 0, 1, 2.5],
									"autoUv": false,
									"snapUv": false
								}
							}
						}
					]
				}
			]
		}
	],
	"animations": []
}