[
  {
    "side": "Server",
    "dependsOn": [{ "modid": "combatoverhaul" }],
    "file": "capreolinae:entities/land/alceini",
    "op": "add",
    "path": "/client/behaviors/-",
    "value": {
      "code": "CombatOverhaul:EntityColliders",
      "elementsByType": {
        "*-baby-*": {
        "Torso": ["neck", "Body", "Midsection", "rear"],
        "Head": ["head", "mouth up", "jaw"],
        "Arm": ["L front Upper Arm", "L front lower arm", "L front pastern", "R front Upper Arm", "R front lower arm", "R front pastern"],
        "Leg": ["L back Thigh","L back Upper Arm", "L back lower arm", "L back pastern", "R back Thigh","R back Upper Arm", "R back lower arm", "R back pastern"],
        "Critical": ["neck2"],
          "Resistant": []
        },
        "*": {
        "Torso": ["neck", "Body", "Midsection", "abdomen"],
        "Head": ["head", "mouth up", "jaw"],
        "Arm": ["L front Upper Arm", "L front lower arm", "L front pastern", "R front Upper Arm", "R front lower arm", "R front pastern"],
        "Leg": ["L back Thigh","L back Upper Arm", "L back lower arm", "L back pastern", "R back Thigh","R back Upper Arm", "R back lower arm", "R back pastern"],
        "Critical": ["neck2"],
        "Resistant": []
        }
      }
    }
  },
  {
    "side": "Server",
    "dependsOn": [{ "modid": "combatoverhaul" }],
    "file": "capreolinae:entities/land/alceini",
    "op": "add",
    "path": "/server/behaviors/-",
    "value": {
      "code": "CombatOverhaul:EntityColliders",
      "elementsByType": {
        "*-baby-*": {
        "Torso": ["neck", "Body", "Midsection", "rear"],
        "Head": ["head", "mouth up", "jaw"],
        "Arm": ["L front Upper Arm", "L front lower arm", "L front pastern", "R front Upper Arm", "R front lower arm", "R front pastern"],
        "Leg": ["L back Thigh","L back Upper Arm", "L back lower arm", "L back pastern", "R back Thigh","R back Upper Arm", "R back lower arm", "R back pastern"],
        "Critical": ["neck2"],
          "Resistant": []
        },
        "*": {
        "Torso": ["neck", "Body", "Midsection", "abdomen"],
        "Head": ["head", "mouth up", "jaw"],
        "Arm": ["L front Upper Arm", "L front lower arm", "L front pastern", "R front Upper Arm", "R front lower arm", "R front pastern"],
        "Leg": ["L back Thigh","L back Upper Arm", "L back lower arm", "L back pastern", "R back Thigh","R back Upper Arm", "R back lower arm", "R back pastern"],
        "Critical": ["neck2"],
        "Resistant": []
      }}
    }
  },
  {
    "side": "Server",
    "dependsOn": [{ "modid": "combatoverhaul" }],
    "file": "capreolinae:entities/land/alceini",
    "op": "add",
    "path": "/server/behaviors/-",
    "value": {
      "code": "CombatOverhaul:EntityDamageModel",
      "damageModel": {
        "TorsoDamageMultiplier": 1,
        "LimbsDamageMultiplier": 0.75,
        "HeadDamageMultiplier": 1.5,
        "CriticalDamageMultiplier": 2,
        "DefaultResists": {"BluntAttack": 0, "SlashingAttack": 0, "PiercingAttack": 0}
      }
    }
  },
  {
    "side": "Server",
    "dependsOn": [{ "modid": "combatoverhaul" }],
    "file": "capreolinae:entities/land/alceini",
    "op": "add",
    "path": "/client/behaviors/-",
    "value": {
      "code": "CombatOverhaul:EntityDamageModel",
      "damageModel": {
        "TorsoDamageMultiplier": 1,
        "LimbsDamageMultiplier": 0.75,
        "HeadDamageMultiplier": 1.5,
        "CriticalDamageMultiplier": 2,
        "DefaultResists": {"BluntAttack": 0, "SlashingAttack": 0, "PiercingAttack": 0}
      }
    }
  }
]