{
	"editor": {
		"allAngles": false,
		"singleTexture": false
	},
	"textureWidth": 16,
	"textureHeight": 16,
	"textures": {
		"material": "block/metal/ingot/blackbronze",
		"candle": "block/candle",
		"flame": "colorfulcandles:block/wax/flames/flame"
	},
	"elements": [
		{
			"name": "candle holder",
			"from": [ 6.5, 0.0, 6.5 ],
			"to": [ 9.5, 1.0, 9.5 ],
			"rotationOrigin": [ 8.0, 0.0, 7.5 ],
			"faces": {
				"north": { "texture": "#material", "uv": [ 2.0, 0.0, 5.0, 1.0 ] },
				"east": { "texture": "#material", "uv": [ 7.0, 0.0, 10.0, 1.0 ] },
				"south": { "texture": "#material", "uv": [ 4.0, 0.0, 7.0, 1.0 ] },
				"west": { "texture": "#material", "uv": [ 11.0, 0.0, 14.0, 1.0 ] },
				"up": { "texture": "#material", "uv": [ 13.0, 13.0, 16.0, 16.0 ] },
				"down": { "texture": "#material", "uv": [ 9.0, 4.0, 12.0, 7.0 ] }
			},
			"children": [
				{
					"name": "cup W",
					"from": [ 0.5, 1.0, 0.5 ],
					"to": [ 0.7, 1.5, 2.5 ],
					"rotationOrigin": [ 0.0, 1.0, 1.0 ],
					"faces": {
						"north": { "texture": "#material", "uv": [ 0.0, 0.0, 0.5, 0.5 ] },
						"east": { "texture": "#material", "uv": [ 0.0, 0.0, 2.0, 0.5 ] },
						"south": { "texture": "#material", "uv": [ 0.0, 0.0, 0.5, 0.5 ] },
						"west": { "texture": "#material", "uv": [ 0.0, 0.0, 2.0, 0.5 ] },
						"up": { "texture": "#material", "uv": [ 0.0, 0.0, 0.5, 2.0 ] },
						"down": { "texture": "#material", "uv": [ 0.0, 0.0, 0.5, 2.0 ] }
					}
				},
				{
					"name": "cup E",
					"from": [ 2.3, 1.0, 0.5 ],
					"to": [ 2.5, 1.5, 2.5 ],
					"rotationOrigin": [ 0.8, 1.0, 1.0 ],
					"faces": {
						"north": { "texture": "#material", "uv": [ 0.0, 0.0, 0.5, 0.5 ] },
						"east": { "texture": "#material", "uv": [ 0.0, 0.0, 2.0, 0.5 ] },
						"south": { "texture": "#material", "uv": [ 0.0, 0.0, 0.5, 0.5 ] },
						"west": { "texture": "#material", "uv": [ 0.0, 0.0, 2.0, 0.5 ] },
						"up": { "texture": "#material", "uv": [ 0.0, 0.0, 0.5, 2.0 ] },
						"down": { "texture": "#material", "uv": [ 0.0, 0.0, 0.5, 2.0 ] }
					}
				},
				{
					"name": "cup N",
					"from": [ 0.5, 1.0, -0.1 ],
					"to": [ 0.7, 1.5, 1.5 ],
					"rotationOrigin": [ 1.0, 1.0, 0.2 ],
					"rotationY": 90.0,
					"faces": {
						"north": { "texture": "#material", "uv": [ 0.0, 0.0, 0.5, 0.5 ] },
						"east": { "texture": "#material", "uv": [ 0.0, 0.0, 1.5, 0.5 ] },
						"south": { "texture": "#material", "uv": [ 0.0, 0.0, 0.5, 0.5 ] },
						"west": { "texture": "#material", "uv": [ 0.0, 0.0, 1.5, 0.5 ] },
						"up": { "texture": "#material", "uv": [ 0.0, 0.0, 0.5, 1.5 ] },
						"down": { "texture": "#material", "uv": [ 0.0, 0.0, 0.5, 1.5 ] }
					}
				},
				{
					"name": "cup S",
					"from": [ 0.7, 1.0, 1.9 ],
					"to": [ 0.9, 1.5, 3.5 ],
					"rotationOrigin": [ 1.0, 1.0, 2.2 ],
					"rotationY": 90.0,
					"faces": {
						"north": { "texture": "#material", "uv": [ 0.0, 0.0, 0.5, 0.5 ] },
						"east": { "texture": "#material", "uv": [ 0.0, 0.0, 1.5, 0.5 ] },
						"south": { "texture": "#material", "uv": [ 0.0, 0.0, 0.5, 0.5 ] },
						"west": { "texture": "#material", "uv": [ 0.0, 0.0, 1.5, 0.5 ] },
						"up": { "texture": "#material", "uv": [ 0.0, 0.0, 0.5, 1.5 ] },
						"down": { "texture": "#material", "uv": [ 0.0, 0.0, 0.5, 1.5 ] }
					}
				}
			]
		},
		{
			"name": "candle",
			"from": [ 7.0, 1.0, 7.0 ],
			"to": [ 9.0, 5.0, 9.0 ],
			"rotationOrigin": [ 8.0, 1.0, 8.0 ],
			"faces": {
				"north": { "texture": "#candle", "uv": [ 0.0, 12.0, 2.0, 16.0 ] },
				"east": { "texture": "#candle", "uv": [ 4.0, 12.0, 6.0, 16.0 ] },
				"south": { "texture": "#candle", "uv": [ 9.0, 12.0, 11.0, 16.0 ] },
				"west": { "texture": "#candle", "uv": [ 11.0, 12.0, 13.0, 16.0 ] },
				"up": { "texture": "#candle", "uv": [ 12.0, 2.0, 14.0, 4.0 ] },
				"down": { "texture": "#candle", "uv": [ 12.0, 14.0, 14.0, 16.0 ] }
			},
			"children": [
				{
					"name": "tip",
					"from": [ 0.8, 4.0, 0.8 ],
					"to": [ 1.2, 4.5, 1.2 ],
					"faces": {
						"north": { "texture": "#flame", "uv": [ 0.0, 0.0, 0.0, 0.5 ], "glow": 255 },
						"east": { "texture": "#flame", "uv": [ 0.0, 0.0, 0.0, 0.5 ], "glow": 255 },
						"south": { "texture": "#flame", "uv": [ 0.0, 0.0, 0.0, 0.5 ], "glow": 255 },
						"west": { "texture": "#flame", "uv": [ 0.0, 0.0, 0.0, 0.5 ], "glow": 255 },
						"up": { "texture": "#flame", "uv": [ 0.0, 0.0, 0.0, 0.0 ], "glow": 255 },
						"down": { "texture": "#flame", "uv": [ 0.0, 0.0, 0.0, 0.0 ], "glow": 255, "enabled": false }
					}
				}
			]
		}
	]
}
