[
    //agriculturebag Floral Zone Mediterranean
    {
        "file": "floralzonesmediterraneanregion:itemtypes/food/artichoke",
        "op": "add",
        "path": "/storageFlags",
        "value": 33,
        "dependsOn": [ { "modid": "floralzonesmediterraneanregion" } ]
    },
    {
        "file": "floralzonesmediterraneanregion:itemtypes/food/caperfruit",
        "op": "add",
        "path": "/storageFlags",
        "value": 33,
        "dependsOn": [ { "modid": "floralzonesmediterraneanregion" } ]
    },
    {
        "file": "floralzonesmediterraneanregion:itemtypes/food/fruit",
        "op": "add",
        "path": "/storageFlags",
        "value": 33,
        "dependsOn": [ { "modid": "floralzonesmediterraneanregion" } ]
    },
    {
        "file": "floralzonesmediterraneanregion:itemtypes/food/vegetable",
        "op": "add",
        "path": "/storageFlags",
        "value": 33,
        "dependsOn": [ { "modid": "floralzonesmediterraneanregion" } ]
    },
    {
        "file": "floralzonesmediterraneanregion:itemtypes/resource/seeds",
        "op": "add",
        "path": "/storageFlags",
        "value": 33,
        "dependsOn": [ { "modid": "floralzonesmediterraneanregion" } ]
    },

    //agriculturebag Floral Zone Cape Region
    {
        "file": "floralzonescaperegion:itemtypes/food/fruit",
        "op": "add",
        "path": "/storageFlags",
        "value": 33,
        "dependsOn": [ { "modid": "floralzonescaperegion" } ]
    },
    {
        "file": "floralzonescaperegion:itemtypes/food/vegetable",
        "op": "add",
        "path": "/storageFlags",
        "value": 33,
        "dependsOn": [ { "modid": "floralzonescaperegion" } ]
    },

    //agriculturebag Floral Zone Caribbean Region
    {
        "file": "floralzonescaribbeanregion:itemtypes/food/fruit",
        "op": "add",
        "path": "/storageFlags",
        "value": 33,
        "dependsOn": [ { "modid": "floralzonescaribbeanregion" } ]
    },
    {
        "file": "floralzonescaribbeanregion:itemtypes/food/rawvegetable",
        "op": "add",
        "path": "/storageFlags",
        "value": 33,
        "dependsOn": [ { "modid": "floralzonescaribbeanregion" } ]
    },
    {
        "file": "floralzonescaribbeanregion:itemtypes/resource/seeds",
        "op": "add",
        "path": "/storageFlags",
        "value": 33,
        "dependsOn": [ { "modid": "floralzonescaribbeanregion" } ]
    },

    //agriculturebag Floral Zone Central Australian Region 
    {
        "file": "floralzonescentralaustralianregion:itemtypes/food/fruit",
        "op": "add",
        "path": "/storageFlags",
        "value": 33,
        "dependsOn": [ { "modid": "floralzonescentralaustralianregion" } ]
    },
    {
        "file": "floralzonescentralaustralianregion:itemtypes/food/legume",
        "op": "add",
        "path": "/storageFlags",
        "value": 33,
        "dependsOn": [ { "modid": "floralzonescentralaustralianregion" } ]
    },
    {
        "file": "floralzonescentralaustralianregion:itemtypes/food/vegetable",
        "op": "add",
        "path": "/storageFlags",
        "value": 33,
        "dependsOn": [ { "modid": "floralzonescentralaustralianregion" } ]
    },

    //agriculturebag Floral Zone East Asia Region
    {
        "file": "floralzoneseastasiaticregion:itemtypes/food/fruit",
        "op": "add",
        "path": "/storageFlags",
        "value": 33,
        "dependsOn": [ { "modid": "floralzoneseastasiaticregion" } ]
    },
    {
        "file": "floralzoneseastasiaticregion:itemtypes/food/vegetable",
        "op": "add",
        "path": "/storageFlags",
        "value": 33,
        "dependsOn": [ { "modid": "floralzoneseastasiaticregion" } ]
    },
    {
        "file": "floralzoneseastasiaticregion:itemtypes/resource/seeds",
        "op": "add",
        "path": "/storageFlags",
        "value": 33,
        "dependsOn": [ { "modid": "floralzoneseastasiaticregion" } ]
    },

    //agriculturebag Floral Zone Neozeylandic Region
    {
        "file": "floralzonesneozeylandicregion:itemtypes/food/fruit",
        "op": "add",
        "path": "/storageFlags",
        "value": 33,
        "dependsOn": [ { "modid": "floralzonesneozeylandicregion" } ]
    },
    {
        "file": "floralzonesneozeylandicregion:itemtypes/food/vegetable",
        "op": "add",
        "path": "/storageFlags",
        "value": 33,
        "dependsOn": [ { "modid": "floralzonesneozeylandicregion" } ]
    },
    {
        "file": "floralzonesneozeylandicregion:itemtypes/resource/seeds",
        "op": "add",
        "path": "/storageFlags",
        "value": 33,
        "dependsOn": [ { "modid": "floralzonesneozeylandicregion" } ]
    },

    //builderbag Floral Zone Mediterranean
    {
        "file": "floralzonesmediterraneanregion:itemtypes/resource/plank",
        "op": "add",
        "path": "/storageFlags",
        "value": 32769,
        "dependsOn": [ { "modid": "floralzonesmediterraneanregion" } ]
    },
    {
        "file": "floralzonesmediterraneanregion:blocktypestypes/wood/woodtyped/plank",
        "op": "add",
        "path": "/storageFlags",
        "value": 32769,
        "dependsOn": [ { "modid": "floralzonesmediterraneanregion" } ]
    },

    //builderbag Floral Zone Cape Region
    {
        "file": "floralzonesmediterraneanregion:itemtypes/resource/plank",
        "op": "add",
        "path": "/storageFlags",
        "value": 32769,
        "dependsOn": [ { "modid": "floralzonesmediterraneanregion" } ]
    },
    {
        "file": "floralzonesmediterraneanregion:blocktypes/wood/woodtyped/plank",
        "op": "add",
        "path": "/storageFlags",
        "value": 32769,
        "dependsOn": [ { "modid": "floralzonesmediterraneanregion" } ]
    },

    //builderbag Floral Zone Carribeean Region
    {
        "file": "floralzonescaribbeanregion:itemtypes/resource/plank",
        "op": "add",
        "path": "/storageFlags",
        "value": 32769,
        "dependsOn": [ { "modid": "floralzonescaribbeanregion" } ]
    },
    {
        "file": "floralzonescaribbeanregion:blocktypes/wood/woodtyped/plank",
        "op": "add",
        "path": "/storageFlags",
        "value": 32769,
        "dependsOn": [ { "modid": "floralzonescaribbeanregion" } ]
    },
    {
        "file": "floralzonescaribbeanregion:itemtypes/food/vegetable",
        "op": "add",
        "path": "/storageFlags",
        "value": 33,
        "dependsOn": [ { "modid": "floralzonescaribbeanregion" } ]
    },
    {
        "file": "floralzonescaribbeanregion:itemtypes/food/vegetable-nonpalm",
        "op": "add",
        "path": "/storageFlags",
        "value": 33,
        "dependsOn": [ { "modid": "floralzonescaribbeanregion" } ]
    },

    //builderbag Floral Zone Central Australian Region
    {
        "file": "floralzonescentralaustralianregion:itemtypes/resource/plank",
        "op": "add",
        "path": "/storageFlags",
        "value": 32769,
        "dependsOn": [ { "modid": "floralzonescentralaustralianregion" } ]
    },
    {
        "file": "floralzonescentralaustralianregion:blocktypes/wood/woodtyped/plank",
        "op": "add",
        "path": "/storageFlags",
        "value": 32769,
        "dependsOn": [ { "modid": "floralzonescentralaustralianregion" } ]
    },

    //builderbag Floral Zone Central East Asia Region
    {
        "file": "floralzoneseastasiaticregion:itemtypes/resource/plank",
        "op": "add",
        "path": "/storageFlags",
        "value": 32769,
        "dependsOn": [ { "modid": "floralzoneseastasiaticregion" } ]
    },
    {
        "file": "floralzoneseastasiaticregion:blocktypes/wood/woodtyped/plank",
        "op": "add",
        "path": "/storageFlags",
        "value": 32769,
        "dependsOn": [ { "modid": "floralzoneseastasiaticregion" } ]
    },

    //builderbag Floral Zone Central Neozeylandic Region
    {
        "file": "floralzonesneozeylandicregion:itemtypes/resource/plank",
        "op": "add",
        "path": "/storageFlags",
        "value": 32769,
        "dependsOn": [ { "modid": "floralzonesneozeylandicregion" } ]
    },
    {
        "file": "floralzonesneozeylandicregion:blocktypes/wood/woodtyped/plank",
        "op": "add",
        "path": "/storageFlags",
        "value": 32769,
        "dependsOn": [ { "modid": "floralzonesneozeylandicregion" } ]
    },

    //forestrybag Floral Zone Mediterranean
    {
        "file": "floralzonesmediterraneanregion:itemtypes/resource/treeseed",
        "op": "replace",
        "path": "/storageFlags",
        "value": 65537,
        "dependsOn": [ { "modid": "floralzonesmediterraneanregion" } ]
    },
    {
        "file": "floralzonesmediterraneanregion:blocktypes/resource/plant/flower",
        "op": "add",
        "path": "/storageFlags",
        "value": 65537,
        "dependsOn": [ { "modid": "floralzonesmediterraneanregion" } ]
    },
    {
        "file": "floralzonesmediterraneanregion:blocktypes/resource/plant/plaintreesapling",
        "op": "add",
        "path": "/storageFlags",
        "value": 65537,
        "dependsOn": [ { "modid": "floralzonesmediterraneanregion" } ]
    },
    {
        "file": "floralzonesmediterraneanregion:blocktypes/resource/plant/snapdragon",
        "op": "add",
        "path": "/storageFlags",
        "value": 65537,
        "dependsOn": [ { "modid": "floralzonesmediterraneanregion" } ]
    },
    {
        "file": "floralzonesmediterraneanregion:blocktypes/wood/woodtyped/log",
        "op": "add",
        "path": "/storageFlags",
        "value": 65537,
        "dependsOn": [ { "modid": "floralzonesmediterraneanregion" } ]
    },
    {
        "file": "floralzonesmediterraneanregion:blocktypes/wood/woodtyped/log-quad",
        "op": "add",
        "path": "/storageFlags",
        "value": 65537,
        "dependsOn": [ { "modid": "floralzonesmediterraneanregion" } ]
    },

    //forestrybag Floral Zone Cape Region
    {
        "file": "floralzonescaperegion:itemtypes/resource/treeseed",
        "op": "replace",
        "path": "/storageFlags",
        "value": 65537,
        "dependsOn": [ { "modid": "floralzonescaperegion" } ]
    },
    {
        "file": "floralzonescaperegion:blocktypes/wood/woodtyped/log",
        "op": "add",
        "path": "/storageFlags",
        "value": 65537,
        "dependsOn": [ { "modid": "floralzonescaperegion" } ]
    },
    {
        "file": "floralzonescaperegion:blocktypes/wood/woodtyped/log-quad",
        "op": "add",
        "path": "/storageFlags",
        "value": 65537,
        "dependsOn": [ { "modid": "floralzonescaperegion" } ]
    },

    //forestrybag Floral Zone Caribbean Region
    {
        "file": "floralzonescaribbeanregion:itemtypes/resource/treeseed",
        "op": "replace",
        "path": "/storageFlags",
        "value": 65537,
        "dependsOn": [ { "modid": "floralzonescaribbeanregion" } ]
    },
    {
        "file": "floralzonescaribbeanregion:blocktypes/resource/plant/fern",
        "op": "add",
        "path": "/storageFlags",
        "value": 65537,
        "dependsOn": [ { "modid": "floralzonescaribbeanregion" } ]
    },
    {
        "file": "floralzonescaribbeanregion:blocktypes/resource/plant/flower",
        "op": "add",
        "path": "/storageFlags",
        "value": 65537,
        "dependsOn": [ { "modid": "floralzonescaribbeanregion" } ]
    },
    {
        "file": "floralzonescaribbeanregion:blocktypes/wood/woodtyped/log",
        "op": "add",
        "path": "/storageFlags",
        "value": 65537,
        "dependsOn": [ { "modid": "floralzonescaribbeanregion" } ]
    },
    {
        "file": "floralzonescaribbeanregion:blocktypes/wood/woodtyped/log-quad",
        "op": "add",
        "path": "/storageFlags",
        "value": 65537,
        "dependsOn": [ { "modid": "floralzonescaribbeanregion" } ]
    },
    {
        "file": "floralzonescaribbeanregion:blocktypes/wood/woodtyped/log-quad",
        "op": "add",
        "path": "/storageFlags",
        "value": 65537,
        "dependsOn": [ { "modid": "floralzonescaribbeanregion" } ]
    },

    //forestrybag Central Australian Region
    {
        "file": "floralzonescentralaustralianregion:itemtypes/resource/treeseed",
        "op": "replace",
        "path": "/storageFlags",
        "value": 65537,
        "dependsOn": [ { "modid": "floralzonescentralaustralianregion" } ]
    },
    {
        "file": "floralzonescentralaustralianregion:blocktypes/wood/woodtyped/log",
        "op": "add",
        "path": "/storageFlags",
        "value": 65537,
        "dependsOn": [ { "modid": "floralzonescentralaustralianregion" } ]
    },
    {
        "file": "floralzonescentralaustralianregion:blocktypes/wood/woodtyped/log-quad",
        "op": "add",
        "path": "/storageFlags",
        "value": 65537,
        "dependsOn": [ { "modid": "floralzonescentralaustralianregion" } ]
    },

    //forestrybag Floral Zone East Asia Region
    {
        "file": "floralzoneseastasiaticregion:itemtypes/resource/treeseed",
        "op": "replace",
        "path": "/storageFlags",
        "value": 65537,
        "dependsOn": [ { "modid": "floralzoneseastasiaticregion" } ]
    },
    {
        "file": "floralzoneseastasiaticregion:blocktypes/resource/plant/fern",
        "op": "add",
        "path": "/storageFlags",
        "value": 65537,
        "dependsOn": [ { "modid": "floralzoneseastasiaticregion" } ]
    },
    {
        "file": "floralzoneseastasiaticregion:blocktypes/resource/plant/flower",
        "op": "add",
        "path": "/storageFlags",
        "value": 65537,
        "dependsOn": [ { "modid": "floralzoneseastasiaticregion" } ]
    },
    {
        "file": "floralzoneseastasiaticregion:blocktypes/wood/bamboo",
        "op": "add",
        "path": "/storageFlags",
        "value": 65537,
        "dependsOn": [ { "modid": "floralzoneseastasiaticregion" } ]
    },
    {
        "file": "floralzoneseastasiaticregion:blocktypes/wood/woodtyped/log",
        "op": "add",
        "path": "/storageFlags",
        "value": 65537,
        "dependsOn": [ { "modid": "floralzoneseastasiaticregion" } ]
    },
    {
        "file": "floralzoneseastasiaticregion:blocktypes/wood/woodtyped/thinktrunk",
        "op": "add",
        "path": "/storageFlags",
        "value": 65537,
        "dependsOn": [ { "modid": "floralzoneseastasiaticregion" } ]
    },

    //forestrybag Floral Zone Neozeylandic Region
    {
        "file": "floralzonesneozeylandicregion:itemtypes/resource/treeseed",
        "op": "replace",
        "path": "/storageFlags",
        "value": 65537,
        "dependsOn": [ { "modid": "floralzonesneozeylandicregion" } ]
    },
    {
        "file": "floralzonesneozeylandicregion:blocktypes/resource/plant/plaintreesapling",
        "op": "add",
        "path": "/storageFlags",
        "value": 65537,
        "dependsOn": [ { "modid": "floralzonesneozeylandicregion" } ]
    },
    {
        "file": "floralzonesneozeylandicregion:itemtypes/resource/nzflax",
        "op": "add",
        "path": "/storageFlags",
        "value": 65537,
        "dependsOn": [ { "modid": "floralzonesneozeylandicregion" } ]
    },
    {
        "file": "floralzonesneozeylandicregion:blocktypes/wood/woodtyped/log",
        "op": "add",
        "path": "/storageFlags",
        "value": 65537,
        "dependsOn": [ { "modid": "floralzonesneozeylandicregion" } ]
    },
    {
        "file": "floralzonesneozeylandicregion:blocktypes/wood/woodtyped/log-quad",
        "op": "add",
        "path": "/storageFlags",
        "value": 65537,
        "dependsOn": [ { "modid": "floralzonesneozeylandicregion" } ]
    },

    //agriculture bag and forestry bag Floral Zone Mediterranean
    {
        "file": "floralzonesmediterraneanregion:blocktypes/plant/grape",
        "op": "add",
        "path": "/storageFlags",
        "value": 65571,
        "dependsOn": [ { "modid": "floralzonesmediterraneanregion" } ]
    }
]
