[
    //agriculturebag
    { "file": "potatoes:itemtypes/food/beet", "op": "add", "path": "/storageFlags", "value": 33, "dependsOn": [ { "modid": "potatoes" } ]},
    { "file": "potatoes:itemtypes/food/cauliflower", "op": "add", "path": "/storageFlags", "value": 33, "dependsOn": [ { "modid": "potatoes" } ]},
    { "file": "potatoes:itemtypes/food/choppedvegetable", "op": "add", "path": "/storageFlags", "value": 33, "dependsOn": [ { "modid": "potatoes" } ]},
    { "file": "potatoes:itemtypes/food/corn", "op": "add", "path": "/storageFlags", "value": 33, "dependsOn": [ { "modid": "potatoes" } ]},
    { "file": "potatoes:itemtypes/food/eggplant", "op": "add", "path": "/storageFlags", "value": 33, "dependsOn": [ { "modid": "potatoes" } ]},
    { "file": "potatoes:itemtypes/food/jalapeno", "op": "add", "path": "/storageFlags", "value": 33, "dependsOn": [ { "modid": "potatoes" } ]},
    { "file": "potatoes:itemtypes/food/potato", "op": "add", "path": "/storageFlags", "value": 33, "dependsOn": [ { "modid": "potatoes" } ]},
    { "file": "potatoes:itemtypes/food/yam", "op": "add", "path": "/storageFlags", "value": 289,"dependsOn": [ { "modid": "potatoes" } ]},
    { "file": "potatoes:itemtypes/resource/beetseeds", "op": "add", "path": "/storageFlags", "value": 33, "dependsOn": [ { "modid": "potatoes" } ]},
    { "file": "potatoes:itemtypes/resource/cauliflowerseeds", "op": "add", "path": "/storageFlags", "value": 33, "dependsOn": [ { "modid": "potatoes" } ]},
    { "file": "potatoes:itemtypes/resource/cornseeds", "op": "add", "path": "/storageFlags", "value": 33, "dependsOn": [ { "modid": "potatoes" } ]},
    { "file": "potatoes:itemtypes/resource/eggplantseeds", "op": "add", "path": "/storageFlags", "value": 33, "dependsOn": [ { "modid": "potatoes" } ]},
    { "file": "potatoes:itemtypes/resource/jalapenoseeds", "op": "add", "path": "/storageFlags", "value": 33, "dependsOn": [ { "modid": "potatoes" } ]},
    { "file": "potatoes:itemtypes/resource/potatoseeds", "op": "add", "path": "/storageFlags", "value": 33, "dependsOn": [ { "modid": "potatoes" } ]},
    { "file": "potatoes:itemtypes/resource/pressedmash", "op": "add", "path": "/storageFlags", "value": 33, "dependsOn": [ { "modid": "potatoes" } ]},
    { "file": "potatoes:itemtypes/resource/yamseeds", "op": "add", "path": "/storageFlags", "value": 33, "dependsOn": [ { "modid": "potatoes" } ]}
]
