[
    //hunterbag
    { "file": "vanillaarmory:itemtypes/tool/compoundbow/compoundbow", "op": "add", "path": "/storageFlags", "value": 131073, "dependsOn": [ { "modid": "vanillaarmory" } ]},
    { "file": "vanillaarmory:itemtypes/tool/knife/knifebaselardtype", "op": "add", "path": "/storageFlags", "value": 131073, "dependsOn": [ { "modid": "vanillaarmory" } ]},
    { "file": "vanillaarmory:itemtypes/tool/knife/knifedaggertype", "op": "add", "path": "/storageFlags", "value": 131073, "dependsOn": [ { "modid": "vanillaarmory" } ]},
    { "file": "vanillaarmory:itemtypes/tool/knife/knifekhanjartype", "op": "add", "path": "/storageFlags", "value": 131073, "dependsOn": [ { "modid": "vanillaarmory" } ]},
    { "file": "vanillaarmory:itemtypes/tool/knife/knifestilettotype", "op": "add", "path": "/storageFlags", "value": 131073, "dependsOn": [ { "modid": "vanillaarmory" } ]},
    { "file": "vanillaarmory:itemtypes/tool/relic knives/relicbaselardtype", "op": "add", "path": "/storageFlags", "value": 131073, "dependsOn": [ { "modid": "vanillaarmory" } ]},
    { "file": "vanillaarmory:itemtypes/tool/relic knives/relicdaggertype", "op": "add", "path": "/storageFlags", "value": 131073, "dependsOn": [ { "modid": "vanillaarmory" } ]},
    { "file": "vanillaarmory:itemtypes/tool/relic knives/relicrelickhanjartype", "op": "add", "path": "/storageFlags", "value": 131073, "dependsOn": [ { "modid": "vanillaarmory" } ]},
    { "file": "vanillaarmory:itemtypes/tool/relic knives/relicstilettotype", "op": "add", "path": "/storageFlags", "value": 131073, "dependsOn": [ { "modid": "vanillaarmory" } ]},
    { "file": "vanillaarmory:itemtypes/tool/relic spears/relic boar", "op": "add", "path": "/storageFlags", "value": 131073, "dependsOn": [ { "modid": "vanillaarmory" } ]},
    { "file": "vanillaarmory:itemtypes/tool/relic spears/relic fork", "op": "add", "path": "/storageFlags", "value": 131073, "dependsOn": [ { "modid": "vanillaarmory" } ]},
    { "file": "vanillaarmory:itemtypes/tool/relic spears/relic ranseur", "op": "add", "path": "/storageFlags", "value": 131073, "dependsOn": [ { "modid": "vanillaarmory" } ]},
    { "file": "vanillaarmory:itemtypes/tool/relic spears/relic voulge", "op": "add", "path": "/storageFlags", "value": 131073, "dependsOn": [ { "modid": "vanillaarmory" } ]},
    { "file": "vanillaarmory:itemtypes/tool/spear/boarornate", "op": "add", "path": "/storageFlags", "value": 131073, "dependsOn": [ { "modid": "vanillaarmory" } ]},
    { "file": "vanillaarmory:itemtypes/tool/spear/forkornate", "op": "add", "path": "/storageFlags", "value": 131073, "dependsOn": [ { "modid": "vanillaarmory" } ]},
    { "file": "vanillaarmory:itemtypes/tool/spear/ranseur", "op": "add", "path": "/storageFlags", "value": 131073, "dependsOn": [ { "modid": "vanillaarmory" } ]},
    { "file": "vanillaarmory:itemtypes/tool/spear/ranseurornate", "op": "add", "path": "/storageFlags", "value": 131073, "dependsOn": [ { "modid": "vanillaarmory" } ]},
    { "file": "vanillaarmory:itemtypes/tool/spear/spearboartype", "op": "add", "path": "/storageFlags", "value": 131073, "dependsOn": [ { "modid": "vanillaarmory" } ]},
    { "file": "vanillaarmory:itemtypes/tool/spear/spearforktype", "op": "add", "path": "/storageFlags", "value": 131073, "dependsOn": [ { "modid": "vanillaarmory" } ]},
    { "file": "vanillaarmory:itemtypes/tool/spear/speargenerictype", "op": "add", "path": "/storageFlags", "value": 131073, "dependsOn": [ { "modid": "vanillaarmory" } ]},
    { "file": "vanillaarmory:itemtypes/tool/spear/voulge", "op": "add", "path": "/storageFlags", "value": 131073, "dependsOn": [ { "modid": "vanillaarmory" } ]},
    { "file": "vanillaarmory:itemtypes/tool/spear/voulgeornate", "op": "add", "path": "/storageFlags", "value": 131073, "dependsOn": [ { "modid": "vanillaarmory" } ]}
]
