{
	code: "candlecupdyedcandle",
	class: "BlockChandelierCompat",
	variantgroups:
	[
		{ code: "metal", loadFromProperties: "block/metal" },
		{ code: "candle", states: [
			"candle",
			"dyedcandle-blue","dyedcandle-red","dyedcandle-pink","dyedcandle-green","dyedcandle-purple",
			"dyedcandle-black","dyedcandle-white","dyedcandle-gray","dyedcandle-yellow","dyedcandle-orange",
			"dyedcandle-mint","dyedcandle-skyblue","dyedcandle-brown","dyedcandle-teal","dyedcandle-lavender",
			"dyedcandle-woad","dyedcandle-lime",
			"candle-chamomile","candle-hibiscus","candle-lavender","candle-calendula","candle-mint",
			"waxcandle-plain", "waxcandle-black", "waxcandle-blue", "waxcandle-gray", "waxcandle-green",
			"waxcandle-orange", "waxcandle-pink", "waxcandle-purple", "waxcandle-red", "waxcandle-white",
			"waxcandle-yellow"
		] },
		{ code: "type", states: ["candle1"] }
	],
	creativeinventory: { },
	textures: {
		"material": { base: "game:block/metal/ingot/{metal}" },
		"candle": { base:"game:block/candle" }
	},
	texturesByType: {
		"*-waxcandle-plain-*": { "candle": { "base": "morecandles:block/wax/waxcandle/plain" } },
		"*-waxcandle-black-*": { "candle": { "base": "morecandles:block/wax/waxcandle/black" } },
		"*-waxcandle-blue-*": { "candle": { "base": "morecandles:block/wax/waxcandle/blue" } },
		"*-waxcandle-gray-*": { "candle": { "base": "morecandles:block/wax/waxcandle/gray" } },
		"*-waxcandle-green-*": { "candle": { "base": "morecandles:block/wax/waxcandle/green" } },
		"*-waxcandle-orange-*": { "candle": { "base": "morecandles:block/wax/waxcandle/orange" } },
		"*-waxcandle-pink-*": { "candle": { "base": "morecandles:block/wax/waxcandle/pink" } },
		"*-waxcandle-purple-*": { "candle": { "base": "morecandles:block/wax/waxcandle/purple" } },
		"*-waxcandle-red-*": { "candle": { "base": "morecandles:block/wax/waxcandle/red" } },
		"*-waxcandle-white-*": { "candle": { "base": "morecandles:block/wax/waxcandle/white" } },
		"*-waxcandle-yellow-*": { "candle": { "base": "morecandles:block/wax/waxcandle/yellow" } },
		"*-candle-chamomile-*": { "candle": { "base": "soaplyeandbloom:block/wax/candle-chamomile" } },
		"*-candle-hibiscus-*":  { "candle": { "base": "soaplyeandbloom:block/wax/candle-hibiscus" } },
		"*-candle-lavender-*":  { "candle": { "base": "soaplyeandbloom:block/wax/candle-lavender" } },
		"*-candle-calendula-*": { "candle": { "base": "soaplyeandbloom:block/wax/candle-calendula" } },
		"*-candle-mint-*":      { "candle": { "base": "soaplyeandbloom:block/wax/candle-mint" } },
		"*-dyedcandle-blue-*":      { "candle": { "base": "colorfulcandles:block/wax/dyedcandles/blue" } },
		"*-dyedcandle-red-*":       { "candle": { "base": "colorfulcandles:block/wax/dyedcandles/red" } },
		"*-dyedcandle-pink-*":      { "candle": { "base": "colorfulcandles:block/wax/dyedcandles/pink" } },
		"*-dyedcandle-green-*":     { "candle": { "base": "colorfulcandles:block/wax/dyedcandles/green" } },
		"*-dyedcandle-purple-*":    { "candle": { "base": "colorfulcandles:block/wax/dyedcandles/purple" } },
		"*-dyedcandle-black-*":     { "candle": { "base": "colorfulcandles:block/wax/dyedcandles/black" } },
		"*-dyedcandle-white-*":     { "candle": { "base": "colorfulcandles:block/wax/dyedcandles/white" } },
		"*-dyedcandle-gray-*":      { "candle": { "base": "colorfulcandles:block/wax/dyedcandles/gray" } },
		"*-dyedcandle-yellow-*":    { "candle": { "base": "colorfulcandles:block/wax/dyedcandles/yellow" } },
		"*-dyedcandle-orange-*":    { "candle": { "base": "colorfulcandles:block/wax/dyedcandles/orange" } },
		"*-dyedcandle-mint-*":      { "candle": { "base": "colorfulcandles:block/wax/dyedcandles/mint" } },
		"*-dyedcandle-skyblue-*":   { "candle": { "base": "colorfulcandles:block/wax/dyedcandles/skyblue" } },
		"*-dyedcandle-brown-*":     { "candle": { "base": "colorfulcandles:block/wax/dyedcandles/brown" } },
		"*-dyedcandle-teal-*":      { "candle": { "base": "colorfulcandles:block/wax/dyedcandles/teal" } },
		"*-dyedcandle-lavender-*":  { "candle": { "base": "colorfulcandles:block/wax/dyedcandles/lavender" } },
		"*-dyedcandle-woad-*":      { "candle": { "base": "colorfulcandles:block/wax/dyedcandles/woad" } },
		"*-dyedcandle-lime-*":      { "candle": { "base": "colorfulcandles:block/wax/dyedcandles/lime" } }
	},
	shapeByType: {
		"*-candle1": { base: "game:block/metal/candlecup/candle1" }
	},
	drawtype: "json",
	blockmaterial: "Metal",
	sidesolid: { all: false },
	sideopaque: { all: false },
	resistance: 3,
	attributes: {
		"handbook": {
			"groupBy": [ "candlecupdyedcandle-*-{type}" ]
		},
                bookshelveable: true,
		shelvable: true,
		displaycaseable: true
	},
	lightHsv: [7, 7, 7],
	lightAbsorption: 0,
	vertexFlags: {
		reflective: true
	},
	collisionSelectionBox: { x1: 0.40, y1: 0, z1: 0.40, x2: 0.60, y2: 0.40, z2: 0.60 },
	sounds: {
		hit: "game:block/chandelier-hit",
		break: "game:block/chandelier-break"
	}
}
