{
	code: "candlecup",
	"__comment": "Cup that accepts candles; handled by BlockChandelierCompat",
	class: "BlockChandelierCompat",
	variantgroups:
	[
		{ code: "metal", loadFromProperties: "block/metal" },
		{ code: "type", states: ["candle0", "candle1"] }
	],
	creativeinventory: { "chandeliercraft": ["*-candle0"] },
	textures: {
		"material": { base: "game:block/metal/ingot/{metal}" },
		"candle": { base: "game:block/candle" }
	},
	shape: { base: "game:block/metal/candlecup/{type}" },
	drawtype: "json",
	blockmaterial: "Metal",
	sidesolid: { all: false },
	sideopaque: { all: false },
	resistance: 3,
	attributes: {
		"handbook": {
			"groupBy": [ "candlecup-*-{type}" ]
		},
		bookshelveable: true,
		shelvable: true,
		displaycaseable: true
	},
	lightHsvByType: {
		"*-candle1": [7, 7, 7]
	},
	lightAbsorption: 0,
	vertexFlags: {
		reflective: true
	},
	collisionSelectionBox: { x1: 0.40, y1: 0, z1: 0.40, x2: 0.60, y2: 0.40, z2: 0.60 },
	sounds: {
		hit: "game:block/chandelier-hit",
		break: "game:block/chandelier-break"
	}
}
