{
	code: "craftablerustychandelierdyedcandle",
	class: "BlockChandelierCompat",
	behaviors: [
	 { name: "UnstableFalling", properties: { 
		attachableFaces: ["up", "down"],
		impactDamageMul: 10,
		attachmentAreas: {
			"down": { x1: 7, y1: 15, z1: 7, x2: 8, y2: 15, z2: 8 },
			"up": { x1: 7, y1: 0, z1: 7, x2: 8, y2: 0, z2: 8 }
		}
	 }}
	],
	variantgroups: 
	[
		{ code: "candle", states: [
			"candle",
			"dyedcandle-blue","dyedcandle-red","dyedcandle-pink","dyedcandle-green","dyedcandle-purple",
			"dyedcandle-black","dyedcandle-white","dyedcandle-gray","dyedcandle-yellow","dyedcandle-orange",
			"dyedcandle-mint","dyedcandle-skyblue","dyedcandle-brown","dyedcandle-teal","dyedcandle-lavender",
			"dyedcandle-woad","dyedcandle-lime",
			"candle-chamomile","candle-hibiscus","candle-lavender","candle-calendula","candle-mint",
"waxcandle-plain", "waxcandle-black", "waxcandle-blue", "waxcandle-gray", "waxcandle-green", "waxcandle-orange", "waxcandle-pink", "waxcandle-purple", "waxcandle-red", "waxcandle-white", "waxcandle-yellow"
		] },
		{ code: "type", states: ["candle1", "candle2", "candle3", "candle4", "candle5", "candle6", "candle7", "candle8"] }		
	],
	creativeinventory: { },
	textures: {
		"blackbronze": { base: "block/metal/chandelier/blackbronze" },
		"candle": { base:"game:block/candle" }
	},
	texturesByType: {
                "*-waxcandle-plain-*": { "candle": { "base": "morecandles:block/wax/waxcandle/plain" } },
                "*-waxcandle-black-*": { "candle": { "base": "morecandles:block/wax/waxcandle/black" } },
                "*-waxcandle-blue-*": { "candle": { "base": "morecandles:block/wax/waxcandle/blue" } },
                "*-waxcandle-gray-*": { "candle": { "base": "morecandles:block/wax/waxcandle/gray" } },
                "*-waxcandle-green-*": { "candle": { "base": "morecandles:block/wax/waxcandle/green" } },
                "*-waxcandle-orange-*": { "candle": { "base": "morecandles:block/wax/waxcandle/orange" } },
                "*-waxcandle-pink-*": { "candle": { "base": "morecandles:block/wax/waxcandle/pink" } },
                "*-waxcandle-purple-*": { "candle": { "base": "morecandles:block/wax/waxcandle/purple" } },
                "*-waxcandle-red-*": { "candle": { "base": "morecandles:block/wax/waxcandle/red" } },
                "*-waxcandle-white-*": { "candle": { "base": "morecandles:block/wax/waxcandle/white" } },
                "*-waxcandle-yellow-*": { "candle": { "base": "morecandles:block/wax/waxcandle/yellow" } },

		"*-candle-chamomile-*": { "candle": { "base": "soaplyeandbloom:block/wax/candle-chamomile" } },
		"*-candle-hibiscus-*":  { "candle": { "base": "soaplyeandbloom:block/wax/candle-hibiscus" } },
		"*-candle-lavender-*":  { "candle": { "base": "soaplyeandbloom:block/wax/candle-lavender" } },
		"*-candle-calendula-*": { "candle": { "base": "soaplyeandbloom:block/wax/candle-calendula" } },
		"*-candle-mint-*":      { "candle": { "base": "soaplyeandbloom:block/wax/candle-mint" } },

		"*-dyedcandle-blue-*":      { "candle": { "base": "colorfulcandles:block/wax/dyedcandles/blue" } },
		"*-dyedcandle-red-*":       { "candle": { "base": "colorfulcandles:block/wax/dyedcandles/red" } },
		"*-dyedcandle-pink-*":      { "candle": { "base": "colorfulcandles:block/wax/dyedcandles/pink" } },
		"*-dyedcandle-green-*":     { "candle": { "base": "colorfulcandles:block/wax/dyedcandles/green" } },
		"*-dyedcandle-purple-*":    { "candle": { "base": "colorfulcandles:block/wax/dyedcandles/purple" } },
		"*-dyedcandle-black-*":     { "candle": { "base": "colorfulcandles:block/wax/dyedcandles/black" } },
		"*-dyedcandle-white-*":     { "candle": { "base": "colorfulcandles:block/wax/dyedcandles/white" } },
		"*-dyedcandle-gray-*":      { "candle": { "base": "colorfulcandles:block/wax/dyedcandles/gray" } },
		"*-dyedcandle-yellow-*":    { "candle": { "base": "colorfulcandles:block/wax/dyedcandles/yellow" } },
		"*-dyedcandle-orange-*":    { "candle": { "base": "colorfulcandles:block/wax/dyedcandles/orange" } },
		"*-dyedcandle-mint-*":      { "candle": { "base": "colorfulcandles:block/wax/dyedcandles/mint" } },
		"*-dyedcandle-skyblue-*":   { "candle": { "base": "colorfulcandles:block/wax/dyedcandles/skyblue" } },
		"*-dyedcandle-brown-*":     { "candle": { "base": "colorfulcandles:block/wax/dyedcandles/brown" } },
		"*-dyedcandle-teal-*":      { "candle": { "base": "colorfulcandles:block/wax/dyedcandles/teal" } },
		"*-dyedcandle-lavender-*":  { "candle": { "base": "colorfulcandles:block/wax/dyedcandles/lavender" } },
		"*-dyedcandle-woad-*":      { "candle": { "base": "colorfulcandles:block/wax/dyedcandles/woad" } },
		"*-dyedcandle-lime-*":      { "candle": { "base": "colorfulcandles:block/wax/dyedcandles/lime" } }
	},
	shapeByType: {
		"*-candle1": { base: "game:block/metal/craftablechandelier/candle1" },
		"*-candle2": { base: "game:block/metal/craftablechandelier/candle2" },
		"*-candle3": { base: "game:block/metal/craftablechandelier/candle3" },
		"*-candle4": { base: "game:block/metal/craftablechandelier/candle4" },
		"*-candle5": { base: "game:block/metal/craftablechandelier/candle5" },
		"*-candle6": { base: "game:block/metal/craftablechandelier/candle6" },
		"*-candle7": { base: "game:block/metal/craftablechandelier/candle7" },
		"*-candle8": { base: "game:block/metal/craftablechandelier/candle8" }
	},
	drawtype: "json",
	blockmaterial: "Metal",
	sidesolid: { all: false },
	sideopaque: { all: false },
	resistance: 3,
        attributes: {
                "handbook": {
                 "groupBy": [ "craftablerustychandelierdyedcandle-{type}" ]
                    }
        },
	lightHsv: [9, 3, 18],
	drops: [
		{
			type: "item", 
			code: "candle", 
			quantityByType:  {
				"*-candle1": { avg: 1 },
				"*-candle2": { avg: 2 },
				"*-candle3": { avg: 3 },
				"*-candle4": { avg: 4 },
				"*-candle5": { avg: 5 },
				"*-candle6": { avg: 6 },
				"*-candle7": { avg: 7 },
				"*-candle8": { avg: 8 }
			}
		},
		{
			type: "block",
			code: "game:craftablerustychandelier-candle0"
		}
	],
	lightAbsorption: 0,
	vertexFlags: {
		reflective: true
	},	
	collisionSelectionBox: { x1: 0.0625, y1: 0, z1: 0.0625, x2: 0.9375, y2: 1, z2: 0.9375 },
	sounds: {
		hit: "game:block/chandelier-hit",
		break: "game:block/chandelier-break"
	}
}
