{
  "editor": {
    "allAngles": false,
    "singleTexture": false
  },
  "textureWidth": 16,
  "textureHeight": 16,
  "textures": {
    "0": "game:block/wood/cage/door-cells",
    "1": "game:block/wood/oak",
    "2": "game:block/wood/barrel/inside",
    "3": "game:block/wood/barrel/top-empty",
    "4": "game:block/wood/cage/ceiling",
    "6": "game:block/wood/cage/floor",
    "particle": "game:block/wood/cage/door-cells"
  },
  "elements": [
    {
      "name": "Base",
      "from": [1, 0, 1],
      "to": [15, 1, 15],
      "rotation": { "angle": 0, "axis": "y", "origin": [1, 0, 1] },
      "faces": {
        "north": { "uv": [15, 1, 16, 15], "rotation": 90, "texture": "#0" },
        "east": { "uv": [15, 1, 16, 15], "rotation": 90, "texture": "#0" },
        "south": { "uv": [15, 1, 16, 15], "rotation": 90, "texture": "#0" },
        "west": { "uv": [15, 1, 16, 15], "rotation": 90, "texture": "#3" },
        "up": { "uv": [0, 0, 14, 14], "texture": "#0" },
        "down": { "uv": [1, 1, 15, 15], "texture": "#6" }
      }
    },
    {
      "name": "Bottom",
      "from": [0, 1, 0],
      "to": [16, 2, 16],
      "rotation": { "angle": 0, "axis": "y", "origin": [1, 1, 1] },
      "faces": {
        "north": { "uv": [0, 0, 1, 16], "rotation": 90, "texture": "#1" },
        "east": { "uv": [0, 0, 1, 16], "rotation": 90, "texture": "#1" },
        "south": { "uv": [0, 0, 1, 16], "rotation": 90, "texture": "#1" },
        "west": { "uv": [0, 0, 1, 16], "rotation": 90, "texture": "#1" },
        "up": { "uv": [0, 0, 16, 16], "texture": "#6" },
        "down": { "uv": [0, 0, 16, 16], "texture": "#3" }
      }
    },
    {
      "name": "Top",
      "from": [0, 15, 0],
      "to": [16, 16, 16],
      "rotation": { "angle": 0, "axis": "y", "origin": [1, 15, 1] },
      "faces": {
        "north": { "uv": [0, 0, 1, 16], "rotation": 90, "texture": "#1" },
        "east": { "uv": [0, 0, 1, 16], "rotation": 90, "texture": "#1" },
        "south": { "uv": [0, 0, 1, 16], "rotation": 90, "texture": "#1" },
        "west": { "uv": [0, 0, 1, 16], "rotation": 90, "texture": "#1" },
        "up": { "uv": [0, 0, 16, 16], "rotation": 270, "texture": "#4" },
        "down": { "uv": [0, 0, 16, 16], "rotation": 90, "texture": "#0" }
      }
    },
    {
      "name": "Left",
      "from": [15, 2, 0],
      "to": [16, 15, 16],
      "rotation": { "angle": 0, "axis": "y", "origin": [1, 15, 1] },
      "faces": {
        "north": { "uv": [0, 2, 1, 15], "texture": "#1" },
        "east": { "uv": [0, 0, 13, 16], "rotation": 90, "texture": "#0" },
        "south": { "uv": [15, 2, 16, 15], "texture": "#1" },
        "west": { "uv": [1.5, 0, 14.5, 16], "rotation": 90, "texture": "#6" },
        "up": { "uv": [15, 0, 16, 16], "texture": "#0" },
        "down": { "uv": [15, 0, 16, 16], "texture": "#0" }
      }
    },
    {
      "name": "Right",
      "from": [0, 2, 0],
      "to": [1, 15, 16],
      "rotation": { "angle": 0, "axis": "y", "origin": [-14, 15, 1] },
      "faces": {
        "north": { "uv": [0, 2, 1, 15], "texture": "#1" },
        "east": { "uv": [1.5, 0, 14.5, 16], "rotation": 90, "texture": "#6" },
        "south": { "uv": [15, 2, 16, 15], "texture": "#1" },
        "west": { "uv": [0, 0, 13, 16], "rotation": 270, "texture": "#0" },
        "up": { "uv": [15, 0, 16, 16], "texture": "#0" },
        "down": { "uv": [15, 0, 16, 16], "texture": "#0" }
      }
    },
    {
      "name": "Back",
      "from": [1, 2, 14],
      "to": [15, 14, 15],
      "rotation": { "angle": 0, "axis": "y", "origin": [-13, 15, 1] },
      "faces": {
        "north": { "uv": [1, 3, 15, 15], "texture": "#6" },
        "east": { "uv": [1, 3, 2, 15], "texture": "#0" },
        "south": { "uv": [0, 1, 12, 15], "rotation": 90, "texture": "#0" },
        "west": { "uv": [14, 3, 15, 15], "texture": "#0" },
        "up": { "uv": [2, 2, 3, 16], "rotation": 90, "texture": "#1" },
        "down": { "uv": [2, 1, 16, 2], "texture": "#0" }
      }
    },
    {
      "name": "Frame1F",
      "from": [11, 2, 1],
      "to": [13, 14, 2],
      "rotation": { "angle": 0, "axis": "y", "origin": [-15, 15, -12] },
      "faces": {
        "north": { "uv": [4.5, 0.5, 6.5, 12.5], "texture": "#2" },
        "east": { "uv": [0, 1.5, 1, 13.5], "texture": "#2" },
        "south": { "uv": [14, 3, 16, 15], "texture": "#1" },
        "west": { "uv": [15, 1.5, 16, 13.5], "texture": "#2" },
        "up": { "uv": [10, 0, 12, 1], "texture": "#2" },
        "down": { "uv": [14, 1, 16, 2], "texture": "#0" }
      }
    },
    {
      "name": "Frame1T",
      "from": [11, 13, 2],
      "to": [13, 14, 14],
      "rotation": { "angle": 0, "axis": "y", "origin": [-15, 15, -11] },
      "faces": {
        "north": { "uv": [0, 3, 2, 4], "texture": "#0" },
        "east": { "uv": [15, 1, 16, 13], "rotation": 90, "texture": "#2" },
        "south": { "uv": [14, 3, 16, 4], "texture": "#0" },
        "west": { "uv": [0, 1.5, 1, 13.5], "rotation": 90, "texture": "#2" },
        "up": { "uv": [10, 1, 12, 13], "texture": "#2" },
        "down": { "uv": [4, 1, 6, 13], "texture": "#2" }
      }
    },
    {
      "name": "Frame1B",
      "from": [11, 2, 2],
      "to": [13, 3, 14],
      "rotation": { "angle": 0, "axis": "y", "origin": [-15, 4, -11] },
      "faces": {
        "north": { "uv": [0, 3, 2, 4], "texture": "#0" },
        "east": { "uv": [0, 0.5, 1, 12.5], "rotation": 90, "texture": "#2" },
        "south": { "uv": [14, 3, 16, 4], "texture": "#0" },
        "west": { "uv": [15, 1, 16, 13], "rotation": 90, "texture": "#2" },
        "up": { "uv": [10, 0.5, 12, 12.5], "texture": "#2" },
        "down": { "uv": [4, 4, 6, 16], "texture": "#1" }
      }
    },
    {
      "name": "Frame2T",
      "from": [7, 13, 2],
      "to": [9, 14, 14],
      "rotation": { "angle": 0, "axis": "y", "origin": [-19, 15, -11] },
      "faces": {
        "north": { "uv": [0, 3, 2, 4], "texture": "#0" },
        "east": { "uv": [15, 1, 16, 13], "rotation": 90, "texture": "#2" },
        "south": { "uv": [14, 3, 16, 4], "texture": "#0" },
        "west": { "uv": [0, 1.5, 1, 13.5], "rotation": 90, "texture": "#2" },
        "up": { "uv": [10, 1, 12, 13], "texture": "#2" },
        "down": { "uv": [4, 1, 6, 13], "texture": "#2" }
      }
    },
    {
      "name": "Frame2F",
      "from": [7, 2, 1],
      "to": [9, 14, 2],
      "rotation": { "angle": 0, "axis": "y", "origin": [-19, 15, -12] },
      "faces": {
        "north": { "uv": [10, 0.5, 12, 12.5], "texture": "#2" },
        "east": { "uv": [0, 1.5, 1, 13.5], "texture": "#2" },
        "south": { "uv": [14, 3, 16, 15], "texture": "#1" },
        "west": { "uv": [15, 1.5, 16, 13.5], "texture": "#2" },
        "up": { "uv": [10, 0, 12, 1], "texture": "#2" },
        "down": { "uv": [14, 1, 16, 2], "texture": "#0" }
      }
    },
    {
      "name": "Frame2B",
      "from": [7, 2, 2],
      "to": [9, 3, 14],
      "rotation": { "angle": 0, "axis": "y", "origin": [-19, 4, -11] },
      "faces": {
        "north": { "uv": [0, 3, 2, 4], "texture": "#0" },
        "east": { "uv": [0, 0.5, 1, 12.5], "rotation": 90, "texture": "#2" },
        "south": { "uv": [14, 3, 16, 4], "texture": "#0" },
        "west": { "uv": [15, 1, 16, 13], "rotation": 90, "texture": "#2" },
        "up": { "uv": [4, 1, 6, 13], "texture": "#2" },
        "down": { "uv": [4, 4, 6, 16], "texture": "#1" }
      }
    },
    {
      "name": "Frame3T",
      "from": [3, 13, 2],
      "to": [5, 14, 14],
      "rotation": { "angle": 0, "axis": "y", "origin": [-23, 15, -11] },
      "faces": {
        "north": { "uv": [0, 3, 2, 4], "texture": "#0" },
        "east": { "uv": [15, 1, 16, 13], "rotation": 90, "texture": "#2" },
        "south": { "uv": [14, 3, 16, 4], "texture": "#0" },
        "west": { "uv": [0, 1.5, 1, 13.5], "rotation": 90, "texture": "#2" },
        "up": { "uv": [10, 1, 12, 13], "texture": "#2" },
        "down": { "uv": [4, 1, 6, 13], "texture": "#2" }
      }
    },
    {
      "name": "Frame3F",
      "from": [3, 2, 1],
      "to": [5, 14, 2],
      "rotation": { "angle": 0, "axis": "y", "origin": [-23, 15, -12] },
      "faces": {
        "north": { "uv": [4, 1.5, 6, 13.5], "rotation": 180, "texture": "#2" },
        "east": { "uv": [0, 1.5, 1, 13.5], "texture": "#2" },
        "south": { "uv": [14, 3, 16, 15], "texture": "#1" },
        "west": { "uv": [15, 1.5, 16, 13.5], "texture": "#2" },
        "up": { "uv": [10, 0, 12, 1], "texture": "#2" },
        "down": { "uv": [14, 1, 16, 2], "texture": "#0" }
      }
    },
    {
      "name": "Frame3B",
      "from": [3, 2, 2],
      "to": [5, 3, 14],
      "rotation": { "angle": 0, "axis": "y", "origin": [-23, 4, -11] },
      "faces": {
        "north": { "uv": [0, 3, 2, 4], "texture": "#0" },
        "east": { "uv": [0, 0.5, 1, 12.5], "rotation": 90, "texture": "#2" },
        "south": { "uv": [14, 3, 16, 4], "texture": "#0" },
        "west": { "uv": [15, 1, 16, 13], "rotation": 90, "texture": "#2" },
        "up": { "uv": [10, 0.5, 12, 12.5], "texture": "#2" },
        "down": { "uv": [4, 4, 6, 16], "texture": "#1" }
      }
    }
  ]
}
