{
	"editor": {
		"allAngles": false,
		"entityTextureMode": false
	},
	"textureWidth": 16,
	"textureHeight": 16,
	"textureSizes": {
	},
	"textures": {
		"walnut-whole": "item/food/nut/walnut-whole"
	},
	"elements": [
		{
			"name": "Cube14",
			"from": [ 7.0, 1.0, 6.6 ], 
			"to": [ 8.0, 3.5, 7.6 ], 
			"rotationOrigin": [ 8.0, 2.0, 7.0 ],
			"rotationX": -60.0,
			"rotationY": -50.0,
			"rotationZ": -1.0,
			"faces": {
				"north": { "texture": "#walnut-whole", "uv": [ 0.0, 11.0, 2.0, 16.0 ], "autoUv": false },
				"east": { "texture": "#walnut-whole", "uv": [ 0.0, 11.0, 2.0, 16.0 ], "rotation": 180, "autoUv": false },
				"south": { "texture": "#walnut-whole", "uv": [ 0.0, 11.0, 2.0, 16.0 ], "autoUv": false },
				"west": { "texture": "#walnut-whole", "uv": [ 0.0, 11.0, 2.0, 16.0 ], "rotation": 180, "autoUv": false },
				"up": { "texture": "#walnut-whole", "uv": [ 0.0, 13.0, 2.0, 15.0 ], "autoUv": false },
				"down": { "texture": "#walnut-whole", "uv": [ 0.0, 11.0, 2.0, 13.0 ], "autoUv": false, "windMode": [-1,-1,-1,-1] }
			}
		},
		{
			"name": "Cube1",
			"from": [ 2.8, 0.0, 6.5 ], 
			"to": [ 6.3, 3.0, 9.5 ], 
			"rotationOrigin": [ 5.0, 0.0, 7.0 ],
			"rotationX": 20.0,
			"rotationY": 48.0,
			"rotationZ": -8.0,
			"faces": {
				"north": { "texture": "#walnut-whole", "uv": [ 0.0, 6.0, 7.0, 12.0 ], "rotation": 180, "autoUv": false },
				"east": { "texture": "#walnut-whole", "uv": [ 7.0, 0.0, 13.0, 6.0 ], "autoUv": false },
				"south": { "texture": "#walnut-whole", "uv": [ 0.0, 6.0, 7.0, 12.0 ], "autoUv": false },
				"west": { "texture": "#walnut-whole", "uv": [ 7.0, 0.0, 13.0, 6.0 ], "rotation": 90, "autoUv": false },
				"up": { "texture": "#walnut-whole", "uv": [ 0.0, 0.0, 7.0, 6.0 ], "autoUv": false },
				"down": { "texture": "#walnut-whole", "uv": [ 0.0, 0.0, 7.0, 6.0 ], "rotation": 180, "autoUv": false }
			},
			"children": [
				{
					"name": "Cube2",
					"from": [ -1.0, 1.25, 1.25 ], 
					"to": [ 0.0, 1.75, 1.75 ], 
					"rotationOrigin": [ 0.0, 1.75, 1.25 ],
					"rotationX": 9.0,
					"rotationY": 5.0,
					"rotationZ": 5.0,
					"faces": {
						"north": { "texture": "#walnut-whole", "uv": [ 3.0, 13.0, 4.0, 15.0 ], "rotation": 90, "autoUv": false },
						"east": { "texture": "#walnut-whole", "uv": [ 0.0, 0.0, 1.0, 1.0 ], "enabled": false },
						"south": { "texture": "#walnut-whole", "uv": [ 3.0, 13.0, 4.0, 15.0 ], "rotation": 90, "autoUv": false },
						"west": { "texture": "#walnut-whole", "uv": [ 3.0, 14.0, 4.0, 15.0 ] },
						"up": { "texture": "#walnut-whole", "uv": [ 4.0, 13.0, 5.0, 15.0 ], "rotation": 90, "autoUv": false },
						"down": { "texture": "#walnut-whole", "uv": [ 3.0, 12.0, 4.0, 14.0 ], "rotation": 270, "autoUv": false }
					},
					"children": [
						{
							"name": "Cube10",
							"from": [ -0.4, 0.15, -0.5 ], 
							"to": [ 0.1, 0.15, 1.0 ], 
							"rotationOrigin": [ 0.3, 0.0, -0.1 ],
							"rotationX": -17.0,
							"rotationY": 15.0,
							"faces": {
								"north": { "texture": "#walnut-whole", "uv": [ 0.0, 0.0, 1.0, 1.0 ], "enabled": false },
								"east": { "texture": "#walnut-whole", "uv": [ 0.0, 0.0, 1.0, 1.0 ], "enabled": false },
								"south": { "texture": "#walnut-whole", "uv": [ 0.0, 0.0, 1.0, 1.0 ], "enabled": false },
								"west": { "texture": "#walnut-whole", "uv": [ 0.0, 0.0, 1.0, 1.0 ], "enabled": false },
								"up": { "texture": "#walnut-whole", "uv": [ 5.0, 13.0, 6.0, 16.0 ], "autoUv": false },
								"down": { "texture": "#walnut-whole", "uv": [ 0.0, 0.0, 1.0, 1.0 ], "enabled": false }
							}
						}
					]
				}
			]
		},
		{
			"name": "Cube4",
			"from": [ 10.0, 0.0, 7.0 ], 
			"to": [ 11.0, 3.0, 10.0 ], 
			"rotationOrigin": [ 10.0, 0.0, 7.0 ],
			"rotationX": -3.0,
			"rotationY": -59.0,
			"rotationZ": 14.0,
			"faces": {
				"north": { "texture": "#walnut-whole", "uv": [ 0.0, 6.0, 2.0, 12.0 ], "rotation": 180, "autoUv": false },
				"east": { "texture": "#walnut-whole", "uv": [ 0.0, 0.0, 3.0, 3.0 ], "enabled": false },
				"south": { "texture": "#walnut-whole", "uv": [ 0.0, 6.0, 2.0, 12.0 ], "autoUv": false },
				"west": { "texture": "#walnut-whole", "uv": [ 7.0, 0.0, 13.0, 6.0 ], "autoUv": false },
				"up": { "texture": "#walnut-whole", "uv": [ 0.0, 0.0, 2.0, 6.0 ], "autoUv": false },
				"down": { "texture": "#walnut-whole", "uv": [ 0.0, 0.0, 2.0, 6.0 ], "rotation": 180, "autoUv": false }
			},
			"children": [
				{
					"name": "Cube5",
					"from": [ 1.0, 0.25, 0.25 ], 
					"to": [ 3.5, 2.75, 2.75 ], 
					"rotationOrigin": [ 1.0, 1.5, 1.5 ],
					"rotationX": 7.0,
					"faces": {
						"north": { "texture": "#walnut-whole", "uv": [ 7.0, 6.0, 12.0, 11.0 ], "rotation": 90, "autoUv": false },
						"east": { "texture": "#walnut-whole", "uv": [ 7.0, 11.0, 12.0, 16.0 ], "rotation": 180, "autoUv": false },
						"south": { "texture": "#walnut-whole", "uv": [ 7.0, 6.0, 12.0, 11.0 ], "autoUv": false },
						"west": { "texture": "#walnut-whole", "uv": [ 7.0, 11.0, 12.0, 16.0 ], "enabled": false, "autoUv": false },
						"up": { "texture": "#walnut-whole", "uv": [ 7.0, 11.0, 12.0, 16.0 ], "rotation": 90, "autoUv": false },
						"down": { "texture": "#walnut-whole", "uv": [ 7.0, 11.0, 12.0, 16.0 ], "rotation": 90, "autoUv": false }
					}
				},
				{
					"name": "Cube6",
					"from": [ 1.0, 2.5, 0.0 ], 
					"to": [ 3.5, 3.0, 3.0 ], 
					"rotationOrigin": [ 1.0, 3.0, 0.0 ],
					"rotationZ": 29.0,
					"faces": {
						"north": { "texture": "#walnut-whole", "uv": [ 1.0, 0.0, 6.0, 1.0 ], "autoUv": false },
						"east": { "texture": "#walnut-whole", "uv": [ 7.0, 0.0, 8.0, 6.0 ], "rotation": 90, "autoUv": false },
						"south": { "texture": "#walnut-whole", "uv": [ 0.0, 6.0, 5.0, 7.0 ], "rotation": 180, "autoUv": false },
						"west": { "texture": "#walnut-whole", "uv": [ 0.0, 0.0, 3.0, 1.0 ], "enabled": false },
						"up": { "texture": "#walnut-whole", "uv": [ 2.0, 0.0, 7.0, 6.0 ], "autoUv": false },
						"down": { "texture": "#walnut-whole", "uv": [ 2.0, 0.0, 7.0, 6.0 ], "rotation": 180, "autoUv": false }
					}
				},
				{
					"name": "Cube7",
					"from": [ 1.0, 0.0, 0.0 ], 
					"to": [ 4.0, 0.5, 3.0 ], 
					"rotationOrigin": [ 1.0, 0.0, 0.0 ],
					"rotationZ": -16.0,
					"faces": {
						"north": { "texture": "#walnut-whole", "uv": [ 0.0, 5.0, 6.0, 6.0 ], "autoUv": false },
						"east": { "texture": "#walnut-whole", "uv": [ 6.0, 5.0, 7.0, 11.0 ], "rotation": 90, "autoUv": false },
						"south": { "texture": "#walnut-whole", "uv": [ 1.0, 6.0, 7.0, 7.0 ], "rotation": 180, "autoUv": false },
						"west": { "texture": "#walnut-whole", "uv": [ 0.0, 0.0, 3.0, 1.0 ], "enabled": false },
						"up": { "texture": "#walnut-whole", "uv": [ 2.0, 0.0, 8.0, 6.0 ], "autoUv": false },
						"down": { "texture": "#walnut-whole", "uv": [ 1.0, 6.0, 7.0, 12.0 ], "rotation": 180, "autoUv": false }
					},
					"children": [
						{
							"name": "Cube11",
							"from": [ 3.0, 0.0, 0.6 ], 
							"to": [ 4.0, 0.5, 2.6 ], 
							"rotationOrigin": [ 3.0, 0.0, 0.0 ],
							"rotationZ": 30.0,
							"faces": {
								"north": { "texture": "#walnut-whole", "uv": [ 6.0, 0.0, 8.0, 1.0 ], "autoUv": false },
								"east": { "texture": "#walnut-whole", "uv": [ 5.0, 0.0, 9.0, 1.0 ], "autoUv": false },
								"south": { "texture": "#walnut-whole", "uv": [ 0.0, 5.0, 2.0, 6.0 ], "autoUv": false },
								"west": { "texture": "#walnut-whole", "uv": [ 0.0, 0.0, 2.0, 1.0 ], "enabled": false },
								"up": { "texture": "#walnut-whole", "uv": [ 5.0, 2.0, 7.0, 6.0 ], "autoUv": false },
								"down": { "texture": "#walnut-whole", "uv": [ 0.0, 8.0, 2.0, 12.0 ], "autoUv": false }
							},
							"children": [
								{
									"name": "Cube12",
									"from": [ 1.0, 0.0, 0.75 ], 
									"to": [ 2.0, 0.4, 1.15 ], 
									"rotationOrigin": [ 1.0, 0.0, 0.75 ],
									"rotationX": -9.0,
									"rotationY": -31.0,
									"rotationZ": 7.0,
									"faces": {
										"north": { "texture": "#walnut-whole", "uv": [ 3.0, 13.0, 5.0, 14.0 ], "autoUv": false },
										"east": { "texture": "#walnut-whole", "uv": [ 4.0, 13.0, 5.0, 14.0 ] },
										"south": { "texture": "#walnut-whole", "uv": [ 3.0, 13.0, 5.0, 14.0 ], "autoUv": false },
										"west": { "texture": "#walnut-whole", "uv": [ 4.0, 14.0, 5.0, 15.0 ] },
										"up": { "texture": "#walnut-whole", "uv": [ 3.0, 14.0, 5.0, 15.0 ], "autoUv": false },
										"down": { "texture": "#walnut-whole", "uv": [ 3.0, 14.0, 5.0, 15.0 ], "autoUv": false }
									}
								}
							]
						}
					]
				},
				{
					"name": "Cube8",
					"from": [ 1.0, 0.0, 0.0 ], 
					"to": [ 4.0, 3.0, 0.5 ], 
					"rotationOrigin": [ 1.0, 0.0, 0.0 ],
					"rotationY": 21.0,
					"faces": {
						"north": { "texture": "#walnut-whole", "uv": [ 0.0, 0.0, 6.0, 6.0 ], "autoUv": false },
						"east": { "texture": "#walnut-whole", "uv": [ 0.0, 2.0, 1.0, 8.0 ], "autoUv": false },
						"south": { "texture": "#walnut-whole", "uv": [ 0.0, 6.0, 6.0, 12.0 ], "rotation": 180, "autoUv": false },
						"west": { "texture": "#walnut-whole", "uv": [ 0.0, 0.0, 1.0, 3.0 ], "enabled": false },
						"up": { "texture": "#walnut-whole", "uv": [ 1.0, 0.0, 7.0, 1.0 ], "autoUv": false },
						"down": { "texture": "#walnut-whole", "uv": [ 2.0, 5.0, 8.0, 6.0 ], "autoUv": false }
					}
				},
				{
					"name": "Cube9",
					"from": [ 1.0, 0.0, 2.5 ], 
					"to": [ 3.5, 3.0, 3.0 ], 
					"rotationOrigin": [ 1.0, 0.0, 3.0 ],
					"rotationY": -23.0,
					"faces": {
						"north": { "texture": "#walnut-whole", "uv": [ 0.0, 0.0, 5.0, 6.0 ], "autoUv": false },
						"east": { "texture": "#walnut-whole", "uv": [ 0.0, 2.0, 1.0, 8.0 ], "autoUv": false },
						"south": { "texture": "#walnut-whole", "uv": [ 2.0, 6.0, 7.0, 12.0 ], "autoUv": false },
						"west": { "texture": "#walnut-whole", "uv": [ 0.0, 0.0, 1.0, 3.0 ], "enabled": false },
						"up": { "texture": "#walnut-whole", "uv": [ 1.0, 0.0, 6.0, 1.0 ], "autoUv": false },
						"down": { "texture": "#walnut-whole", "uv": [ 2.0, 5.0, 7.0, 6.0 ], "autoUv": false }
					}
				}
			]
		}
	]}