{
	"editor": {
		"collapsedPaths": "Root/origin/body/smallpegs,Root/origin/body/strings,Root/origin/body/sidebridges,Root/origin/body/bridges,Root/origin/body/hole2,Root/origin/body/pegs,Root/origin/body/hole",
		"allAngles": false,
		"entityTextureMode": false
	},
	"textureWidth": 16,
	"textureHeight": 16,
	"textureSizes": {
		"hammerdulcimerstrings.png": [64,64],
		"texture": [64,64],
		"hammerdulcimerstrings": [256,256],
		"bituminous": [16,16],
		"baldcypress1": [16,16],
		"baldcypress": [16,16],
		"oak": [16,16],
		"stainlesssteel": [16,16]
	},
	"textures": {
		"hammerdulcimerstrings": "item/instrument/hammerdulcimerstrings",
		"bituminous": "game:block/coal/bituminous",
		"stainlesssteel": "game:block/metal/ingot/stainlesssteel",
		"baldcypress": "game:block/wood/debarked/baldcypress",
		"oak": "game:block/wood/debarked/oak"
	},
	"elements": [
		{
			"name": "origin",
			"from": [ 8.0, 8.0, 8.0 ],
			"to": [ 8.0, 8.0, 8.0 ],
			"rotationOrigin": [ 8.0, 8.0, 8.0 ],
			"faces": {
				"north": { "texture": "#null", "uv": [ 0.0, 0.0, 0.5, 0.5 ], "enabled": false },
				"east": { "texture": "#null", "uv": [ 0.0, 0.0, 0.5, 0.5 ], "enabled": false },
				"south": { "texture": "#null", "uv": [ 0.0, 0.0, 0.5, 0.5 ], "enabled": false },
				"west": { "texture": "#null", "uv": [ 0.0, 0.0, 0.5, 0.5 ], "enabled": false },
				"up": { "texture": "#null", "uv": [ 0.0, 0.0, 0.5, 0.5 ], "enabled": false },
				"down": { "texture": "#null", "uv": [ 0.0, 0.0, 0.5, 0.5 ], "enabled": false }
			},
			"children": [
				{
					"name": "body",
					"from": [ 0.0, 0.0, 0.0 ],
					"to": [ 0.0, 0.0, 0.0 ],
					"faces": {
						"north": { "texture": "#null", "uv": [ 0.0, 0.0, 0.5, 0.5 ], "enabled": false },
						"east": { "texture": "#null", "uv": [ 0.0, 0.0, 0.5, 0.5 ], "enabled": false },
						"south": { "texture": "#null", "uv": [ 0.0, 0.0, 0.5, 0.5 ], "enabled": false },
						"west": { "texture": "#null", "uv": [ 0.0, 0.0, 0.5, 0.5 ], "enabled": false },
						"up": { "texture": "#null", "uv": [ 0.0, 0.0, 0.5, 0.5 ], "enabled": false },
						"down": { "texture": "#null", "uv": [ 0.0, 0.0, 0.5, 0.5 ], "enabled": false }
					},
					"children": [
						{
							"name": "smallpegs",
							"from": [ -5.8535, -8.0, 0.4722 ],
							"to": [ -5.8535, -8.0, 0.4722 ],
							"rotationOrigin": [ -5.8535, -8.0, 0.4722 ],
							"rotationY": 45.0,
							"faces": {
								"north": { "texture": "#stainlesssteel", "uv": [ 0.0, 0.0, 0.5, 0.5 ], "enabled": false },
								"east": { "texture": "#stainlesssteel", "uv": [ 0.0, 0.0, 0.5, 0.5 ], "enabled": false },
								"south": { "texture": "#stainlesssteel", "uv": [ 0.0, 0.0, 0.5, 0.5 ], "enabled": false },
								"west": { "texture": "#stainlesssteel", "uv": [ 0.0, 0.0, 0.5, 0.5 ], "enabled": false },
								"up": { "texture": "#stainlesssteel", "uv": [ 0.0, 0.0, 0.5, 0.5 ], "enabled": false },
								"down": { "texture": "#stainlesssteel", "uv": [ 0.0, 0.0, 0.5, 0.5 ], "enabled": false }
							},
							"children": [
								{
									"name": "cube",
									"from": [ -0.9, 1.225, 3.5 ],
									"to": [ -0.775, 1.325, 3.625 ],
									"rotationOrigin": [ -2.0, 0.0, 0.0 ],
									"rotationY": -22.5,
									"faces": {
										"north": { "texture": "#stainlesssteel", "uv": [ 6.0, 0.0, 7.0, 1.0 ], "autoUv": false, "snapUv": false },
										"east": { "texture": "#stainlesssteel", "uv": [ 7.0, 3.0, 8.0, 4.0 ], "autoUv": false, "snapUv": false },
										"south": { "texture": "#stainlesssteel", "uv": [ 8.0, 3.0, 9.0, 4.0 ], "autoUv": false, "snapUv": false },
										"west": { "texture": "#stainlesssteel", "uv": [ 9.0, 3.0, 10.0, 4.0 ], "autoUv": false, "snapUv": false },
										"up": { "texture": "#stainlesssteel", "uv": [ 11.0, 4.0, 10.0, 3.0 ], "autoUv": false, "snapUv": false },
										"down": { "texture": "#stainlesssteel", "uv": [ 5.0, 3.0, 4.0, 4.0 ], "autoUv": false, "snapUv": false }
									}
								},
								{
									"name": "cube",
									"from": [ -0.9, 1.225, 4.3 ],
									"to": [ -0.775, 1.325, 4.425 ],
									"rotationOrigin": [ -2.0, 0.0, 0.0 ],
									"rotationY": -22.5,
									"faces": {
										"north": { "texture": "#stainlesssteel", "uv": [ 5.0, 2.0, 6.0, 3.0 ], "autoUv": false, "snapUv": false },
										"east": { "texture": "#stainlesssteel", "uv": [ 6.0, 2.0, 7.0, 3.0 ], "autoUv": false, "snapUv": false },
										"south": { "texture": "#stainlesssteel", "uv": [ 0.0, 2.0, 1.0, 3.0 ], "autoUv": false, "snapUv": false },
										"west": { "texture": "#stainlesssteel", "uv": [ 1.0, 2.0, 2.0, 3.0 ], "autoUv": false, "snapUv": false },
										"up": { "texture": "#stainlesssteel", "uv": [ 3.0, 3.0, 2.0, 2.0 ], "autoUv": false, "snapUv": false },
										"down": { "texture": "#stainlesssteel", "uv": [ 7.0, 0.0, 6.0, 1.0 ], "autoUv": false, "snapUv": false }
									}
								},
								{
									"name": "cube",
									"from": [ -0.9, 1.225, 3.9 ],
									"to": [ -0.775, 1.325, 4.025 ],
									"rotationOrigin": [ -2.0, 0.0, 0.0 ],
									"rotationY": -22.5,
									"faces": {
										"north": { "texture": "#stainlesssteel", "uv": [ 3.0, 3.0, 4.0, 4.0 ], "autoUv": false, "snapUv": false },
										"east": { "texture": "#stainlesssteel", "uv": [ 6.0, 1.0, 7.0, 2.0 ], "autoUv": false, "snapUv": false },
										"south": { "texture": "#stainlesssteel", "uv": [ 4.0, 3.0, 5.0, 4.0 ], "autoUv": false, "snapUv": false },
										"west": { "texture": "#stainlesssteel", "uv": [ 6.0, 3.0, 7.0, 4.0 ], "autoUv": false, "snapUv": false },
										"up": { "texture": "#stainlesssteel", "uv": [ 6.0, 4.0, 5.0, 3.0 ], "autoUv": false, "snapUv": false },
										"down": { "texture": "#stainlesssteel", "uv": [ 7.0, 0.0, 6.0, 1.0 ], "autoUv": false, "snapUv": false }
									}
								},
								{
									"name": "cube",
									"from": [ -0.9, 1.225, 3.1 ],
									"to": [ -0.775, 1.325, 3.225 ],
									"rotationOrigin": [ -2.0, 0.0, 0.0 ],
									"rotationY": -22.5,
									"faces": {
										"north": { "texture": "#stainlesssteel", "uv": [ 6.0, 3.0, 7.0, 4.0 ], "autoUv": false, "snapUv": false },
										"east": { "texture": "#stainlesssteel", "uv": [ 6.0, 3.0, 7.0, 4.0 ], "autoUv": false, "snapUv": false },
										"south": { "texture": "#stainlesssteel", "uv": [ 7.0, 3.0, 8.0, 4.0 ], "autoUv": false, "snapUv": false },
										"west": { "texture": "#stainlesssteel", "uv": [ 6.0, 0.0, 7.0, 1.0 ], "autoUv": false, "snapUv": false },
										"up": { "texture": "#stainlesssteel", "uv": [ 9.0, 4.0, 8.0, 3.0 ], "autoUv": false, "snapUv": false },
										"down": { "texture": "#stainlesssteel", "uv": [ 10.0, 1.0, 9.0, 2.0 ], "autoUv": false, "snapUv": false }
									}
								},
								{
									"name": "cube",
									"from": [ -0.9, 1.225, 2.7 ],
									"to": [ -0.775, 1.325, 2.825 ],
									"rotationOrigin": [ -2.0, 0.0, 0.0 ],
									"rotationY": -22.5,
									"faces": {
										"north": { "texture": "#stainlesssteel", "uv": [ 9.0, 3.0, 10.0, 4.0 ], "autoUv": false, "snapUv": false },
										"east": { "texture": "#stainlesssteel", "uv": [ 6.0, 1.0, 7.0, 2.0 ], "autoUv": false, "snapUv": false },
										"south": { "texture": "#stainlesssteel", "uv": [ 10.0, 3.0, 11.0, 4.0 ], "autoUv": false, "snapUv": false },
										"west": { "texture": "#stainlesssteel", "uv": [ 6.0, 2.0, 7.0, 3.0 ], "autoUv": false, "snapUv": false },
										"up": { "texture": "#stainlesssteel", "uv": [ 10.0, 4.0, 9.0, 3.0 ], "autoUv": false, "snapUv": false },
										"down": { "texture": "#stainlesssteel", "uv": [ 7.0, 3.0, 6.0, 4.0 ], "autoUv": false, "snapUv": false }
									}
								},
								{
									"name": "cube",
									"from": [ -0.9, 1.225, 2.3 ],
									"to": [ -0.775, 1.325, 2.425 ],
									"rotationOrigin": [ -2.0, 0.0, 0.0 ],
									"rotationY": -22.5,
									"faces": {
										"north": { "texture": "#stainlesssteel", "uv": [ 10.0, 3.0, 11.0, 4.0 ], "autoUv": false, "snapUv": false },
										"east": { "texture": "#stainlesssteel", "uv": [ 6.0, 0.0, 7.0, 1.0 ], "autoUv": false, "snapUv": false },
										"south": { "texture": "#stainlesssteel", "uv": [ 11.0, 3.0, 12.0, 4.0 ], "autoUv": false, "snapUv": false },
										"west": { "texture": "#stainlesssteel", "uv": [ 6.0, 1.0, 7.0, 2.0 ], "autoUv": false, "snapUv": false },
										"up": { "texture": "#stainlesssteel", "uv": [ 7.0, 4.0, 6.0, 3.0 ], "autoUv": false, "snapUv": false },
										"down": { "texture": "#stainlesssteel", "uv": [ 8.0, 0.0, 7.0, 1.0 ], "autoUv": false, "snapUv": false }
									}
								},
								{
									"name": "cube",
									"from": [ -0.9, 1.225, 0.7 ],
									"to": [ -0.775, 1.325, 0.825 ],
									"rotationOrigin": [ -2.0, 0.0, 0.0 ],
									"rotationY": -22.5,
									"faces": {
										"north": { "texture": "#stainlesssteel", "uv": [ 1.0, 0.0, 2.0, 1.0 ], "autoUv": false, "snapUv": false },
										"east": { "texture": "#stainlesssteel", "uv": [ 7.0, 1.0, 8.0, 2.0 ], "autoUv": false, "snapUv": false },
										"south": { "texture": "#stainlesssteel", "uv": [ 2.0, 0.0, 3.0, 1.0 ], "autoUv": false, "snapUv": false },
										"west": { "texture": "#stainlesssteel", "uv": [ 7.0, 2.0, 8.0, 3.0 ], "autoUv": false, "snapUv": false },
										"up": { "texture": "#stainlesssteel", "uv": [ 4.0, 1.0, 3.0, 0.0 ], "autoUv": false, "snapUv": false },
										"down": { "texture": "#stainlesssteel", "uv": [ 8.0, 3.0, 7.0, 4.0 ], "autoUv": false, "snapUv": false }
									}
								},
								{
									"name": "cube",
									"from": [ -0.9, 1.225, 0.3 ],
									"to": [ -0.775, 1.325, 0.425 ],
									"rotationOrigin": [ -2.0, 0.0, 0.0 ],
									"rotationY": -22.5,
									"faces": {
										"north": { "texture": "#stainlesssteel", "uv": [ 4.0, 0.0, 5.0, 1.0 ], "autoUv": false, "snapUv": false },
										"east": { "texture": "#stainlesssteel", "uv": [ 7.0, 0.0, 8.0, 1.0 ], "autoUv": false, "snapUv": false },
										"south": { "texture": "#stainlesssteel", "uv": [ 5.0, 3.0, 6.0, 4.0 ], "autoUv": false, "snapUv": false },
										"west": { "texture": "#stainlesssteel", "uv": [ 7.0, 1.0, 8.0, 2.0 ], "autoUv": false, "snapUv": false },
										"up": { "texture": "#stainlesssteel", "uv": [ 7.0, 4.0, 6.0, 3.0 ], "autoUv": false, "snapUv": false },
										"down": { "texture": "#stainlesssteel", "uv": [ 8.0, 2.0, 7.0, 3.0 ], "autoUv": false, "snapUv": false }
									}
								},
								{
									"name": "cube",
									"from": [ -0.9, 1.225, -0.1 ],
									"to": [ -0.775, 1.325, 0.025 ],
									"rotationOrigin": [ -2.0, 0.0, 0.0 ],
									"rotationY": -22.5,
									"faces": {
										"north": { "texture": "#stainlesssteel", "uv": [ 0.0, 3.0, 1.0, 4.0 ], "autoUv": false, "snapUv": false },
										"east": { "texture": "#stainlesssteel", "uv": [ 7.0, 0.0, 8.0, 1.0 ], "autoUv": false, "snapUv": false },
										"south": { "texture": "#stainlesssteel", "uv": [ 1.0, 3.0, 2.0, 4.0 ], "autoUv": false, "snapUv": false },
										"west": { "texture": "#stainlesssteel", "uv": [ 7.0, 1.0, 8.0, 2.0 ], "autoUv": false, "snapUv": false },
										"up": { "texture": "#stainlesssteel", "uv": [ 3.0, 4.0, 2.0, 3.0 ], "autoUv": false, "snapUv": false },
										"down": { "texture": "#stainlesssteel", "uv": [ 8.0, 2.0, 7.0, 3.0 ], "autoUv": false, "snapUv": false }
									}
								},
								{
									"name": "cube",
									"from": [ -0.9, 1.225, 1.1 ],
									"to": [ -0.775, 1.325, 1.225 ],
									"rotationOrigin": [ -2.0, 0.0, 0.0 ],
									"rotationY": -22.5,
									"faces": {
										"north": { "texture": "#stainlesssteel", "uv": [ 3.0, 0.0, 4.0, 1.0 ], "autoUv": false, "snapUv": false },
										"east": { "texture": "#stainlesssteel", "uv": [ 7.0, 3.0, 8.0, 4.0 ], "autoUv": false, "snapUv": false },
										"south": { "texture": "#stainlesssteel", "uv": [ 4.0, 0.0, 5.0, 1.0 ], "autoUv": false, "snapUv": false },
										"west": { "texture": "#stainlesssteel", "uv": [ 7.0, 0.0, 8.0, 1.0 ], "autoUv": false, "snapUv": false },
										"up": { "texture": "#stainlesssteel", "uv": [ 6.0, 1.0, 5.0, 0.0 ], "autoUv": false, "snapUv": false },
										"down": { "texture": "#stainlesssteel", "uv": [ 7.0, 0.0, 6.0, 1.0 ], "autoUv": false, "snapUv": false }
									}
								},
								{
									"name": "cube",
									"from": [ -0.9, 1.225, 1.5 ],
									"to": [ -0.775, 1.325, 1.625 ],
									"rotationOrigin": [ -2.0, 0.0, 0.0 ],
									"rotationY": -22.5,
									"faces": {
										"north": { "texture": "#stainlesssteel", "uv": [ 7.0, 0.0, 8.0, 1.0 ], "autoUv": false, "snapUv": false },
										"east": { "texture": "#stainlesssteel", "uv": [ 8.0, 0.0, 9.0, 1.0 ], "autoUv": false, "snapUv": false },
										"south": { "texture": "#stainlesssteel", "uv": [ 9.0, 0.0, 10.0, 1.0 ], "autoUv": false, "snapUv": false },
										"west": { "texture": "#stainlesssteel", "uv": [ 10.0, 0.0, 11.0, 1.0 ], "autoUv": false, "snapUv": false },
										"up": { "texture": "#stainlesssteel", "uv": [ 5.0, 1.0, 4.0, 0.0 ], "autoUv": false, "snapUv": false },
										"down": { "texture": "#stainlesssteel", "uv": [ 8.0, 1.0, 7.0, 2.0 ], "autoUv": false, "snapUv": false }
									}
								},
								{
									"name": "cube",
									"from": [ -0.9, 1.225, 1.9 ],
									"to": [ -0.775, 1.325, 2.025 ],
									"rotationOrigin": [ -2.0, 0.0, 0.0 ],
									"rotationY": -22.5,
									"faces": {
										"north": { "texture": "#stainlesssteel", "uv": [ 5.0, 3.0, 6.0, 4.0 ], "autoUv": false, "snapUv": false },
										"east": { "texture": "#stainlesssteel", "uv": [ 7.0, 2.0, 8.0, 3.0 ], "autoUv": false, "snapUv": false },
										"south": { "texture": "#stainlesssteel", "uv": [ 6.0, 3.0, 7.0, 4.0 ], "autoUv": false, "snapUv": false },
										"west": { "texture": "#stainlesssteel", "uv": [ 7.0, 3.0, 8.0, 4.0 ], "autoUv": false, "snapUv": false },
										"up": { "texture": "#stainlesssteel", "uv": [ 1.0, 4.0, 0.0, 3.0 ], "autoUv": false, "snapUv": false },
										"down": { "texture": "#stainlesssteel", "uv": [ 8.0, 0.0, 7.0, 1.0 ], "autoUv": false, "snapUv": false }
									}
								},
								{
									"name": "cube",
									"from": [ -0.9, 1.225, -4.1 ],
									"to": [ -0.775, 1.325, -3.975 ],
									"rotationOrigin": [ -2.0, 0.0, 0.0 ],
									"rotationY": -22.5,
									"faces": {
										"north": { "texture": "#stainlesssteel", "uv": [ 1.0, 3.0, 2.0, 4.0 ], "autoUv": false, "snapUv": false },
										"east": { "texture": "#stainlesssteel", "uv": [ 7.0, 1.0, 8.0, 2.0 ], "autoUv": false, "snapUv": false },
										"south": { "texture": "#stainlesssteel", "uv": [ 2.0, 3.0, 3.0, 4.0 ], "autoUv": false, "snapUv": false },
										"west": { "texture": "#stainlesssteel", "uv": [ 7.0, 0.0, 8.0, 1.0 ], "autoUv": false, "snapUv": false },
										"up": { "texture": "#stainlesssteel", "uv": [ 4.0, 1.0, 3.0, 0.0 ], "autoUv": false, "snapUv": false },
										"down": { "texture": "#stainlesssteel", "uv": [ 8.0, 1.0, 7.0, 2.0 ], "autoUv": false, "snapUv": false }
									}
								},
								{
									"name": "cube",
									"from": [ -0.9, 1.225, -4.5 ],
									"to": [ -0.775, 1.325, -4.375 ],
									"rotationOrigin": [ -2.0, 0.0, 0.0 ],
									"rotationY": -22.5,
									"faces": {
										"north": { "texture": "#stainlesssteel", "uv": [ 4.0, 0.0, 5.0, 1.0 ], "autoUv": false, "snapUv": false },
										"east": { "texture": "#stainlesssteel", "uv": [ 7.0, 3.0, 8.0, 4.0 ], "autoUv": false, "snapUv": false },
										"south": { "texture": "#stainlesssteel", "uv": [ 5.0, 0.0, 6.0, 1.0 ], "autoUv": false, "snapUv": false },
										"west": { "texture": "#stainlesssteel", "uv": [ 7.0, 0.0, 8.0, 1.0 ], "autoUv": false, "snapUv": false },
										"up": { "texture": "#stainlesssteel", "uv": [ 7.0, 1.0, 6.0, 0.0 ], "autoUv": false, "snapUv": false },
										"down": { "texture": "#stainlesssteel", "uv": [ 8.0, 3.0, 7.0, 4.0 ], "autoUv": false, "snapUv": false }
									}
								},
								{
									"name": "cube",
									"from": [ -0.9, 1.225, -4.9 ],
									"to": [ -0.775, 1.325, -4.775 ],
									"rotationOrigin": [ -2.0, 0.0, 0.0 ],
									"rotationY": -22.5,
									"faces": {
										"north": { "texture": "#stainlesssteel", "uv": [ 7.0, 0.0, 8.0, 1.0 ], "autoUv": false, "snapUv": false },
										"east": { "texture": "#stainlesssteel", "uv": [ 7.0, 0.0, 8.0, 1.0 ], "autoUv": false, "snapUv": false },
										"south": { "texture": "#stainlesssteel", "uv": [ 8.0, 0.0, 9.0, 1.0 ], "autoUv": false, "snapUv": false },
										"west": { "texture": "#stainlesssteel", "uv": [ 10.0, 1.0, 11.0, 2.0 ], "autoUv": false, "snapUv": false },
										"up": { "texture": "#stainlesssteel", "uv": [ 10.0, 1.0, 9.0, 0.0 ], "autoUv": false, "snapUv": false },
										"down": { "texture": "#stainlesssteel", "uv": [ 8.0, 1.0, 7.0, 2.0 ], "autoUv": false, "snapUv": false }
									}
								},
								{
									"name": "cube",
									"from": [ -0.9, 1.225, -3.7 ],
									"to": [ -0.775, 1.325, -3.575 ],
									"rotationOrigin": [ -2.0, 0.0, 0.0 ],
									"rotationY": -22.5,
									"faces": {
										"north": { "texture": "#stainlesssteel", "uv": [ 10.0, 0.0, 11.0, 1.0 ], "autoUv": false, "snapUv": false },
										"east": { "texture": "#stainlesssteel", "uv": [ 7.0, 2.0, 8.0, 3.0 ], "autoUv": false, "snapUv": false },
										"south": { "texture": "#stainlesssteel", "uv": [ 9.0, 0.0, 10.0, 1.0 ], "autoUv": false, "snapUv": false },
										"west": { "texture": "#stainlesssteel", "uv": [ 7.0, 3.0, 8.0, 4.0 ], "autoUv": false, "snapUv": false },
										"up": { "texture": "#stainlesssteel", "uv": [ 11.0, 1.0, 10.0, 0.0 ], "autoUv": false, "snapUv": false },
										"down": { "texture": "#stainlesssteel", "uv": [ 8.0, 0.0, 7.0, 1.0 ], "autoUv": false, "snapUv": false }
									}
								},
								{
									"name": "cube",
									"from": [ -0.9, 1.225, -3.3 ],
									"to": [ -0.775, 1.325, -3.175 ],
									"rotationOrigin": [ -2.0, 0.0, 0.0 ],
									"rotationY": -22.5,
									"faces": {
										"north": { "texture": "#stainlesssteel", "uv": [ 5.0, 1.0, 6.0, 2.0 ], "autoUv": false, "snapUv": false },
										"east": { "texture": "#stainlesssteel", "uv": [ 1.0, 2.0, 2.0, 3.0 ], "autoUv": false, "snapUv": false },
										"south": { "texture": "#stainlesssteel", "uv": [ 0.0, 1.0, 1.0, 2.0 ], "autoUv": false, "snapUv": false },
										"west": { "texture": "#stainlesssteel", "uv": [ 1.0, 0.0, 2.0, 1.0 ], "autoUv": false, "snapUv": false },
										"up": { "texture": "#stainlesssteel", "uv": [ 2.0, 2.0, 1.0, 1.0 ], "autoUv": false, "snapUv": false },
										"down": { "texture": "#stainlesssteel", "uv": [ 2.0, 1.0, 1.0, 2.0 ], "autoUv": false, "snapUv": false }
									}
								},
								{
									"name": "cube",
									"from": [ -0.9, 1.225, -2.9 ],
									"to": [ -0.775, 1.325, -2.775 ],
									"rotationOrigin": [ -2.0, 0.0, 0.0 ],
									"rotationY": -22.5,
									"faces": {
										"north": { "texture": "#stainlesssteel", "uv": [ 8.0, 0.0, 9.0, 1.0 ], "autoUv": false, "snapUv": false },
										"east": { "texture": "#stainlesssteel", "uv": [ 1.0, 3.0, 2.0, 4.0 ], "autoUv": false, "snapUv": false },
										"south": { "texture": "#stainlesssteel", "uv": [ 8.0, 1.0, 9.0, 2.0 ], "autoUv": false, "snapUv": false },
										"west": { "texture": "#stainlesssteel", "uv": [ 2.0, 3.0, 3.0, 4.0 ], "autoUv": false, "snapUv": false },
										"up": { "texture": "#stainlesssteel", "uv": [ 9.0, 3.0, 8.0, 2.0 ], "autoUv": false, "snapUv": false },
										"down": { "texture": "#stainlesssteel", "uv": [ 4.0, 3.0, 3.0, 4.0 ], "autoUv": false, "snapUv": false }
									}
								},
								{
									"name": "cube",
									"from": [ -0.9, 1.225, -2.5 ],
									"to": [ -0.775, 1.325, -2.375 ],
									"rotationOrigin": [ -2.0, 0.0, 0.0 ],
									"rotationY": -22.5,
									"faces": {
										"north": { "texture": "#stainlesssteel", "uv": [ 8.0, 3.0, 9.0, 4.0 ], "autoUv": false, "snapUv": false },
										"east": { "texture": "#stainlesssteel", "uv": [ 4.0, 3.0, 5.0, 4.0 ], "autoUv": false, "snapUv": false },
										"south": { "texture": "#stainlesssteel", "uv": [ 8.0, 0.0, 9.0, 1.0 ], "autoUv": false, "snapUv": false },
										"west": { "texture": "#stainlesssteel", "uv": [ 5.0, 2.0, 6.0, 3.0 ], "autoUv": false, "snapUv": false },
										"up": { "texture": "#stainlesssteel", "uv": [ 9.0, 2.0, 8.0, 1.0 ], "autoUv": false, "snapUv": false },
										"down": { "texture": "#stainlesssteel", "uv": [ 7.0, 2.0, 6.0, 3.0 ], "autoUv": false, "snapUv": false }
									}
								},
								{
									"name": "cube",
									"from": [ -0.9, 1.225, -2.1 ],
									"to": [ -0.775, 1.325, -1.975 ],
									"rotationOrigin": [ -2.0, 0.0, 0.0 ],
									"rotationY": -22.5,
									"faces": {
										"north": { "texture": "#stainlesssteel", "uv": [ 8.0, 2.0, 9.0, 3.0 ], "autoUv": false, "snapUv": false },
										"east": { "texture": "#stainlesssteel", "uv": [ 0.0, 2.0, 1.0, 3.0 ], "autoUv": false, "snapUv": false },
										"south": { "texture": "#stainlesssteel", "uv": [ 8.0, 0.0, 9.0, 1.0 ], "autoUv": false, "snapUv": false },
										"west": { "texture": "#stainlesssteel", "uv": [ 1.0, 2.0, 2.0, 3.0 ], "autoUv": false, "snapUv": false },
										"up": { "texture": "#stainlesssteel", "uv": [ 9.0, 2.0, 8.0, 1.0 ], "autoUv": false, "snapUv": false },
										"down": { "texture": "#stainlesssteel", "uv": [ 3.0, 2.0, 2.0, 3.0 ], "autoUv": false, "snapUv": false }
									}
								},
								{
									"name": "cube",
									"from": [ -0.9, 1.225, -1.7 ],
									"to": [ -0.775, 1.325, -1.575 ],
									"rotationOrigin": [ -2.0, 0.0, 0.0 ],
									"rotationY": -22.5,
									"faces": {
										"north": { "texture": "#stainlesssteel", "uv": [ 8.0, 2.0, 9.0, 3.0 ], "autoUv": false, "snapUv": false },
										"east": { "texture": "#stainlesssteel", "uv": [ 3.0, 3.0, 4.0, 4.0 ], "autoUv": false, "snapUv": false },
										"south": { "texture": "#stainlesssteel", "uv": [ 8.0, 3.0, 9.0, 4.0 ], "autoUv": false, "snapUv": false },
										"west": { "texture": "#stainlesssteel", "uv": [ 4.0, 3.0, 5.0, 4.0 ], "autoUv": false, "snapUv": false },
										"up": { "texture": "#stainlesssteel", "uv": [ 9.0, 1.0, 8.0, 0.0 ], "autoUv": false, "snapUv": false },
										"down": { "texture": "#stainlesssteel", "uv": [ 6.0, 3.0, 5.0, 4.0 ], "autoUv": false, "snapUv": false }
									}
								},
								{
									"name": "cube",
									"from": [ -0.9, 1.225, -1.3 ],
									"to": [ -0.775, 1.325, -1.175 ],
									"rotationOrigin": [ -2.0, 0.0, 0.0 ],
									"rotationY": -22.5,
									"faces": {
										"north": { "texture": "#stainlesssteel", "uv": [ 8.0, 1.0, 9.0, 2.0 ], "autoUv": false, "snapUv": false },
										"east": { "texture": "#stainlesssteel", "uv": [ 6.0, 3.0, 7.0, 4.0 ], "autoUv": false, "snapUv": false },
										"south": { "texture": "#stainlesssteel", "uv": [ 8.0, 3.0, 9.0, 4.0 ], "autoUv": false, "snapUv": false },
										"west": { "texture": "#stainlesssteel", "uv": [ 7.0, 3.0, 8.0, 4.0 ], "autoUv": false, "snapUv": false },
										"up": { "texture": "#stainlesssteel", "uv": [ 9.0, 1.0, 8.0, 0.0 ], "autoUv": false, "snapUv": false },
										"down": { "texture": "#stainlesssteel", "uv": [ 9.0, 3.0, 8.0, 4.0 ], "autoUv": false, "snapUv": false }
									}
								},
								{
									"name": "cube",
									"from": [ -0.9, 1.225, -0.9 ],
									"to": [ -0.775, 1.325, -0.775 ],
									"rotationOrigin": [ -2.0, 0.0, 0.0 ],
									"rotationY": -22.5,
									"faces": {
										"north": { "texture": "#stainlesssteel", "uv": [ 8.0, 3.0, 9.0, 4.0 ], "autoUv": false, "snapUv": false },
										"east": { "texture": "#stainlesssteel", "uv": [ 9.0, 3.0, 10.0, 4.0 ], "autoUv": false, "snapUv": false },
										"south": { "texture": "#stainlesssteel", "uv": [ 8.0, 0.0, 9.0, 1.0 ], "autoUv": false, "snapUv": false },
										"west": { "texture": "#stainlesssteel", "uv": [ 10.0, 3.0, 11.0, 4.0 ], "autoUv": false, "snapUv": false },
										"up": { "texture": "#stainlesssteel", "uv": [ 12.0, 2.0, 11.0, 1.0 ], "autoUv": false, "snapUv": false },
										"down": { "texture": "#stainlesssteel", "uv": [ 5.0, 3.0, 4.0, 4.0 ], "autoUv": false, "snapUv": false }
									}
								},
								{
									"name": "cube",
									"from": [ -0.9, 1.225, -0.5 ],
									"to": [ -0.775, 1.325, -0.375 ],
									"rotationOrigin": [ -2.0, 0.0, 0.0 ],
									"rotationY": -22.5,
									"faces": {
										"north": { "texture": "#stainlesssteel", "uv": [ 8.0, 1.0, 9.0, 2.0 ], "autoUv": false, "snapUv": false },
										"east": { "texture": "#stainlesssteel", "uv": [ 5.0, 2.0, 6.0, 3.0 ], "autoUv": false, "snapUv": false },
										"south": { "texture": "#stainlesssteel", "uv": [ 8.0, 2.0, 9.0, 3.0 ], "autoUv": false, "snapUv": false },
										"west": { "texture": "#stainlesssteel", "uv": [ 6.0, 2.0, 7.0, 3.0 ], "autoUv": false, "snapUv": false },
										"up": { "texture": "#stainlesssteel", "uv": [ 9.0, 4.0, 8.0, 3.0 ], "autoUv": false, "snapUv": false },
										"down": { "texture": "#stainlesssteel", "uv": [ 1.0, 2.0, 0.0, 3.0 ], "autoUv": false, "snapUv": false }
									}
								},
								{
									"name": "cube",
									"from": [ -0.9, 1.225, -8.1 ],
									"to": [ -0.775, 1.325, -7.975 ],
									"rotationOrigin": [ -2.0, 0.0, 0.0 ],
									"rotationY": -22.5,
									"faces": {
										"north": { "texture": "#stainlesssteel", "uv": [ 8.0, 0.0, 9.0, 1.0 ], "autoUv": false, "snapUv": false },
										"east": { "texture": "#stainlesssteel", "uv": [ 1.0, 2.0, 2.0, 3.0 ], "autoUv": false, "snapUv": false },
										"south": { "texture": "#stainlesssteel", "uv": [ 8.0, 1.0, 9.0, 2.0 ], "autoUv": false, "snapUv": false },
										"west": { "texture": "#stainlesssteel", "uv": [ 2.0, 2.0, 3.0, 3.0 ], "autoUv": false, "snapUv": false },
										"up": { "texture": "#stainlesssteel", "uv": [ 9.0, 1.0, 8.0, 0.0 ], "autoUv": false, "snapUv": false },
										"down": { "texture": "#stainlesssteel", "uv": [ 4.0, 3.0, 3.0, 4.0 ], "autoUv": false, "snapUv": false }
									}
								},
								{
									"name": "cube",
									"from": [ -0.9, 1.225, -7.7 ],
									"to": [ -0.775, 1.325, -7.575 ],
									"rotationOrigin": [ -2.0, 0.0, 0.0 ],
									"rotationY": -22.5,
									"faces": {
										"north": { "texture": "#stainlesssteel", "uv": [ 8.0, 1.0, 9.0, 2.0 ], "autoUv": false, "snapUv": false },
										"east": { "texture": "#stainlesssteel", "uv": [ 4.0, 3.0, 5.0, 4.0 ], "autoUv": false, "snapUv": false },
										"south": { "texture": "#stainlesssteel", "uv": [ 8.0, 3.0, 9.0, 4.0 ], "autoUv": false, "snapUv": false },
										"west": { "texture": "#stainlesssteel", "uv": [ 5.0, 3.0, 6.0, 4.0 ], "autoUv": false, "snapUv": false },
										"up": { "texture": "#stainlesssteel", "uv": [ 9.0, 1.0, 8.0, 0.0 ], "autoUv": false, "snapUv": false },
										"down": { "texture": "#stainlesssteel", "uv": [ 7.0, 3.0, 6.0, 4.0 ], "autoUv": false, "snapUv": false }
									}
								},
								{
									"name": "cube",
									"from": [ -0.9, 1.225, -7.3 ],
									"to": [ -0.775, 1.325, -7.175 ],
									"rotationOrigin": [ -2.0, 0.0, 0.0 ],
									"rotationY": -22.5,
									"faces": {
										"north": { "texture": "#stainlesssteel", "uv": [ 8.0, 3.0, 9.0, 4.0 ], "autoUv": false, "snapUv": false },
										"east": { "texture": "#stainlesssteel", "uv": [ 7.0, 3.0, 8.0, 4.0 ], "autoUv": false, "snapUv": false },
										"south": { "texture": "#stainlesssteel", "uv": [ 8.0, 0.0, 9.0, 1.0 ], "autoUv": false, "snapUv": false },
										"west": { "texture": "#stainlesssteel", "uv": [ 8.0, 3.0, 9.0, 4.0 ], "autoUv": false, "snapUv": false },
										"up": { "texture": "#stainlesssteel", "uv": [ 12.0, 2.0, 11.0, 1.0 ], "autoUv": false, "snapUv": false },
										"down": { "texture": "#stainlesssteel", "uv": [ 10.0, 3.0, 9.0, 4.0 ], "autoUv": false, "snapUv": false }
									}
								},
								{
									"name": "cube",
									"from": [ -0.9, 1.225, -6.9 ],
									"to": [ -0.775, 1.325, -6.775 ],
									"rotationOrigin": [ -2.0, 0.0, 0.0 ],
									"rotationY": -22.5,
									"faces": {
										"north": { "texture": "#stainlesssteel", "uv": [ 8.0, 1.0, 9.0, 2.0 ], "autoUv": false, "snapUv": false },
										"east": { "texture": "#stainlesssteel", "uv": [ 10.0, 3.0, 11.0, 4.0 ], "autoUv": false, "snapUv": false },
										"south": { "texture": "#stainlesssteel", "uv": [ 8.0, 2.0, 9.0, 3.0 ], "autoUv": false, "snapUv": false },
										"west": { "texture": "#stainlesssteel", "uv": [ 9.0, 3.0, 10.0, 4.0 ], "autoUv": false, "snapUv": false },
										"up": { "texture": "#stainlesssteel", "uv": [ 9.0, 4.0, 8.0, 3.0 ], "autoUv": false, "snapUv": false },
										"down": { "texture": "#stainlesssteel", "uv": [ 11.0, 3.0, 10.0, 4.0 ], "autoUv": false, "snapUv": false }
									}
								},
								{
									"name": "cube",
									"from": [ -0.9, 1.225, -6.5 ],
									"to": [ -0.775, 1.325, -6.375 ],
									"rotationOrigin": [ -2.0, 0.0, 0.0 ],
									"rotationY": -22.5,
									"faces": {
										"north": { "texture": "#stainlesssteel", "uv": [ 8.0, 0.0, 9.0, 1.0 ], "autoUv": false, "snapUv": false },
										"east": { "texture": "#stainlesssteel", "uv": [ 11.0, 3.0, 12.0, 4.0 ], "autoUv": false, "snapUv": false },
										"south": { "texture": "#stainlesssteel", "uv": [ 8.0, 1.0, 9.0, 2.0 ], "autoUv": false, "snapUv": false },
										"west": { "texture": "#stainlesssteel", "uv": [ 6.0, 3.0, 7.0, 4.0 ], "autoUv": false, "snapUv": false },
										"up": { "texture": "#stainlesssteel", "uv": [ 9.0, 4.0, 8.0, 3.0 ], "autoUv": false, "snapUv": false },
										"down": { "texture": "#stainlesssteel", "uv": [ 8.0, 3.0, 7.0, 4.0 ], "autoUv": false, "snapUv": false }
									}
								},
								{
									"name": "cube",
									"from": [ -0.9, 1.225, -6.1 ],
									"to": [ -0.775, 1.325, -5.975 ],
									"rotationOrigin": [ -2.0, 0.0, 0.0 ],
									"rotationY": -22.5,
									"faces": {
										"north": { "texture": "#stainlesssteel", "uv": [ 8.0, 0.0, 9.0, 1.0 ], "autoUv": false, "snapUv": false },
										"east": { "texture": "#stainlesssteel", "uv": [ 8.0, 3.0, 9.0, 4.0 ], "autoUv": false, "snapUv": false },
										"south": { "texture": "#stainlesssteel", "uv": [ 0.0, 0.0, 1.0, 1.0 ], "autoUv": false, "snapUv": false },
										"west": { "texture": "#stainlesssteel", "uv": [ 9.0, 0.0, 10.0, 1.0 ], "autoUv": false, "snapUv": false },
										"up": { "texture": "#stainlesssteel", "uv": [ 2.0, 1.0, 1.0, 0.0 ], "autoUv": false, "snapUv": false },
										"down": { "texture": "#stainlesssteel", "uv": [ 10.0, 1.0, 9.0, 2.0 ], "autoUv": false, "snapUv": false }
									}
								},
								{
									"name": "cube",
									"from": [ -0.9, 1.225, -5.7 ],
									"to": [ -0.775, 1.325, -5.575 ],
									"rotationOrigin": [ -2.0, 0.0, 0.0 ],
									"rotationY": -22.5,
									"faces": {
										"north": { "texture": "#stainlesssteel", "uv": [ 2.0, 0.0, 3.0, 1.0 ], "autoUv": false, "snapUv": false },
										"east": { "texture": "#stainlesssteel", "uv": [ 9.0, 2.0, 10.0, 3.0 ], "autoUv": false, "snapUv": false },
										"south": { "texture": "#stainlesssteel", "uv": [ 3.0, 0.0, 4.0, 1.0 ], "autoUv": false, "snapUv": false },
										"west": { "texture": "#stainlesssteel", "uv": [ 9.0, 3.0, 10.0, 4.0 ], "autoUv": false, "snapUv": false },
										"up": { "texture": "#stainlesssteel", "uv": [ 5.0, 1.0, 4.0, 0.0 ], "autoUv": false, "snapUv": false },
										"down": { "texture": "#stainlesssteel", "uv": [ 10.0, 0.0, 9.0, 1.0 ], "autoUv": false, "snapUv": false }
									}
								},
								{
									"name": "cube",
									"from": [ -0.9, 1.225, -5.3 ],
									"to": [ -0.775, 1.325, -5.175 ],
									"rotationOrigin": [ -2.0, 0.0, 0.0 ],
									"rotationY": -22.5,
									"faces": {
										"north": { "texture": "#stainlesssteel", "uv": [ 5.0, 3.0, 6.0, 4.0 ], "autoUv": false, "snapUv": false },
										"east": { "texture": "#stainlesssteel", "uv": [ 9.0, 1.0, 10.0, 2.0 ], "autoUv": false, "snapUv": false },
										"south": { "texture": "#stainlesssteel", "uv": [ 6.0, 3.0, 7.0, 4.0 ], "autoUv": false, "snapUv": false },
										"west": { "texture": "#stainlesssteel", "uv": [ 9.0, 2.0, 10.0, 3.0 ], "autoUv": false, "snapUv": false },
										"up": { "texture": "#stainlesssteel", "uv": [ 1.0, 4.0, 0.0, 3.0 ], "autoUv": false, "snapUv": false },
										"down": { "texture": "#stainlesssteel", "uv": [ 10.0, 0.0, 9.0, 1.0 ], "autoUv": false, "snapUv": false }
									}
								}
							]
						},
						{
							"name": "pegs",
							"from": [ 5.0, -8.0, 1.0 ],
							"to": [ 5.0, -8.0, 1.0 ],
							"rotationOrigin": [ 5.0, -8.0, 1.0 ],
							"faces": {
								"north": { "texture": "#stainlesssteel", "uv": [ 0.0, 0.0, 0.5, 0.5 ], "enabled": false },
								"east": { "texture": "#stainlesssteel", "uv": [ 0.0, 0.0, 0.5, 0.5 ], "enabled": false },
								"south": { "texture": "#stainlesssteel", "uv": [ 0.0, 0.0, 0.5, 0.5 ], "enabled": false },
								"west": { "texture": "#stainlesssteel", "uv": [ 0.0, 0.0, 0.5, 0.5 ], "enabled": false },
								"up": { "texture": "#stainlesssteel", "uv": [ 0.0, 0.0, 0.5, 0.5 ], "enabled": false },
								"down": { "texture": "#stainlesssteel", "uv": [ 0.0, 0.0, 0.5, 0.5 ], "enabled": false }
							},
							"children": [
								{
									"name": "cube",
									"from": [ 1.1, 1.225, 3.5 ],
									"to": [ 1.225, 1.525, 3.625 ],
									"rotationOrigin": [ 0.0, 0.0, 0.0 ],
									"rotationY": -22.5,
									"faces": {
										"north": { "texture": "#stainlesssteel", "uv": [ 8.0, 0.0, 9.0, 1.0 ], "autoUv": false, "snapUv": false },
										"east": { "texture": "#stainlesssteel", "uv": [ 5.0, 0.0, 6.0, 1.0 ], "autoUv": false, "snapUv": false },
										"south": { "texture": "#stainlesssteel", "uv": [ 6.0, 0.0, 7.0, 1.0 ], "autoUv": false, "snapUv": false },
										"west": { "texture": "#stainlesssteel", "uv": [ 7.0, 0.0, 8.0, 1.0 ], "autoUv": false, "snapUv": false },
										"up": { "texture": "#stainlesssteel", "uv": [ 3.0, 1.0, 2.0, 0.0 ], "autoUv": false, "snapUv": false },
										"down": { "texture": "#stainlesssteel", "uv": [ 4.0, 0.0, 3.0, 1.0 ], "autoUv": false, "snapUv": false }
									}
								},
								{
									"name": "cube",
									"from": [ 1.1, 1.225, 4.3 ],
									"to": [ 1.225, 1.525, 4.425 ],
									"rotationOrigin": [ 0.0, 0.0, 0.0 ],
									"rotationY": -22.5,
									"faces": {
										"north": { "texture": "#stainlesssteel", "uv": [ 4.0, 0.0, 5.0, 1.0 ], "autoUv": false, "snapUv": false },
										"east": { "texture": "#stainlesssteel", "uv": [ 7.0, 2.0, 8.0, 3.0 ], "autoUv": false, "snapUv": false },
										"south": { "texture": "#stainlesssteel", "uv": [ 7.0, 3.0, 8.0, 4.0 ], "autoUv": false, "snapUv": false },
										"west": { "texture": "#stainlesssteel", "uv": [ 6.0, 0.0, 7.0, 1.0 ], "autoUv": false, "snapUv": false },
										"up": { "texture": "#stainlesssteel", "uv": [ 8.0, 1.0, 7.0, 0.0 ], "autoUv": false, "snapUv": false },
										"down": { "texture": "#stainlesssteel", "uv": [ 1.0, 1.0, 0.0, 2.0 ], "autoUv": false, "snapUv": false }
									}
								},
								{
									"name": "cube",
									"from": [ 1.1, 1.225, 3.9 ],
									"to": [ 1.225, 1.525, 4.025 ],
									"rotationOrigin": [ 0.0, 0.0, 0.0 ],
									"rotationY": -22.5,
									"faces": {
										"north": { "texture": "#stainlesssteel", "uv": [ 1.0, 1.0, 2.0, 2.0 ], "autoUv": false, "snapUv": false },
										"east": { "texture": "#stainlesssteel", "uv": [ 2.0, 1.0, 3.0, 2.0 ], "autoUv": false, "snapUv": false },
										"south": { "texture": "#stainlesssteel", "uv": [ 3.0, 1.0, 4.0, 2.0 ], "autoUv": false, "snapUv": false },
										"west": { "texture": "#stainlesssteel", "uv": [ 7.0, 1.0, 8.0, 2.0 ], "autoUv": false, "snapUv": false },
										"up": { "texture": "#stainlesssteel", "uv": [ 1.0, 2.0, 0.0, 1.0 ], "autoUv": false, "snapUv": false },
										"down": { "texture": "#stainlesssteel", "uv": [ 2.0, 1.0, 1.0, 2.0 ], "autoUv": false, "snapUv": false }
									}
								},
								{
									"name": "cube",
									"from": [ 1.1, 1.225, 3.1 ],
									"to": [ 1.225, 1.525, 3.225 ],
									"rotationOrigin": [ 0.0, 0.0, 0.0 ],
									"rotationY": -22.5,
									"faces": {
										"north": { "texture": "#stainlesssteel", "uv": [ 8.0, 2.0, 9.0, 3.0 ], "autoUv": false, "snapUv": false },
										"east": { "texture": "#stainlesssteel", "uv": [ 2.0, 1.0, 3.0, 2.0 ], "autoUv": false, "snapUv": false },
										"south": { "texture": "#stainlesssteel", "uv": [ 8.0, 3.0, 9.0, 4.0 ], "autoUv": false, "snapUv": false },
										"west": { "texture": "#stainlesssteel", "uv": [ 5.0, 1.0, 6.0, 2.0 ], "autoUv": false, "snapUv": false },
										"up": { "texture": "#stainlesssteel", "uv": [ 7.0, 2.0, 6.0, 1.0 ], "autoUv": false, "snapUv": false },
										"down": { "texture": "#stainlesssteel", "uv": [ 9.0, 1.0, 8.0, 2.0 ], "autoUv": false, "snapUv": false }
									}
								},
								{
									"name": "cube",
									"from": [ 1.1, 1.225, 2.7 ],
									"to": [ 1.225, 1.525, 2.825 ],
									"rotationOrigin": [ 0.0, 0.0, 0.0 ],
									"rotationY": -22.5,
									"faces": {
										"north": { "texture": "#stainlesssteel", "uv": [ 3.0, 1.0, 4.0, 2.0 ], "autoUv": false, "snapUv": false },
										"east": { "texture": "#stainlesssteel", "uv": [ 4.0, 1.0, 5.0, 2.0 ], "autoUv": false, "snapUv": false },
										"south": { "texture": "#stainlesssteel", "uv": [ 5.0, 1.0, 6.0, 2.0 ], "autoUv": false, "snapUv": false },
										"west": { "texture": "#stainlesssteel", "uv": [ 6.0, 1.0, 7.0, 2.0 ], "autoUv": false, "snapUv": false },
										"up": { "texture": "#stainlesssteel", "uv": [ 8.0, 2.0, 7.0, 1.0 ], "autoUv": false, "snapUv": false },
										"down": { "texture": "#stainlesssteel", "uv": [ 1.0, 1.0, 0.0, 2.0 ], "autoUv": false, "snapUv": false }
									}
								},
								{
									"name": "cube",
									"from": [ 1.1, 1.225, 2.3 ],
									"to": [ 1.225, 1.525, 2.425 ],
									"rotationOrigin": [ 0.0, 0.0, 0.0 ],
									"rotationY": -22.5,
									"faces": {
										"north": { "texture": "#stainlesssteel", "uv": [ 2.0, 1.0, 3.0, 2.0 ], "autoUv": false, "snapUv": false },
										"east": { "texture": "#stainlesssteel", "uv": [ 3.0, 1.0, 4.0, 2.0 ], "autoUv": false, "snapUv": false },
										"south": { "texture": "#stainlesssteel", "uv": [ 4.0, 1.0, 5.0, 2.0 ], "autoUv": false, "snapUv": false },
										"west": { "texture": "#stainlesssteel", "uv": [ 8.0, 2.0, 9.0, 3.0 ], "autoUv": false, "snapUv": false },
										"up": { "texture": "#stainlesssteel", "uv": [ 6.0, 2.0, 5.0, 1.0 ], "autoUv": false, "snapUv": false },
										"down": { "texture": "#stainlesssteel", "uv": [ 9.0, 3.0, 8.0, 4.0 ], "autoUv": false, "snapUv": false }
									}
								},
								{
									"name": "cube",
									"from": [ 1.1, 1.225, 0.7 ],
									"to": [ 1.225, 1.525, 0.825 ],
									"rotationOrigin": [ 0.0, 0.0, 0.0 ],
									"rotationY": -22.5,
									"faces": {
										"north": { "texture": "#stainlesssteel", "uv": [ 6.0, 1.0, 7.0, 2.0 ], "autoUv": false, "snapUv": false },
										"east": { "texture": "#stainlesssteel", "uv": [ 6.0, 1.0, 7.0, 2.0 ], "autoUv": false, "snapUv": false },
										"south": { "texture": "#stainlesssteel", "uv": [ 7.0, 1.0, 8.0, 2.0 ], "autoUv": false, "snapUv": false },
										"west": { "texture": "#stainlesssteel", "uv": [ 8.0, 0.0, 9.0, 1.0 ], "autoUv": false, "snapUv": false },
										"up": { "texture": "#stainlesssteel", "uv": [ 9.0, 2.0, 8.0, 1.0 ], "autoUv": false, "snapUv": false },
										"down": { "texture": "#stainlesssteel", "uv": [ 1.0, 2.0, 0.0, 3.0 ], "autoUv": false, "snapUv": false }
									}
								},
								{
									"name": "cube",
									"from": [ 1.1, 1.225, 0.3 ],
									"to": [ 1.225, 1.525, 0.425 ],
									"rotationOrigin": [ 0.0, 0.0, 0.0 ],
									"rotationY": -22.5,
									"faces": {
										"north": { "texture": "#stainlesssteel", "uv": [ 1.0, 2.0, 2.0, 3.0 ], "autoUv": false, "snapUv": false },
										"east": { "texture": "#stainlesssteel", "uv": [ 2.0, 2.0, 3.0, 3.0 ], "autoUv": false, "snapUv": false },
										"south": { "texture": "#stainlesssteel", "uv": [ 3.0, 2.0, 4.0, 3.0 ], "autoUv": false, "snapUv": false },
										"west": { "texture": "#stainlesssteel", "uv": [ 4.0, 2.0, 5.0, 3.0 ], "autoUv": false, "snapUv": false },
										"up": { "texture": "#stainlesssteel", "uv": [ 6.0, 3.0, 5.0, 2.0 ], "autoUv": false, "snapUv": false },
										"down": { "texture": "#stainlesssteel", "uv": [ 7.0, 2.0, 6.0, 3.0 ], "autoUv": false, "snapUv": false }
									}
								},
								{
									"name": "cube",
									"from": [ 1.1, 1.225, -0.1 ],
									"to": [ 1.225, 1.525, 0.025 ],
									"rotationOrigin": [ 0.0, 0.0, 0.0 ],
									"rotationY": -22.5,
									"faces": {
										"north": { "texture": "#stainlesssteel", "uv": [ 7.0, 2.0, 8.0, 3.0 ], "autoUv": false, "snapUv": false },
										"east": { "texture": "#stainlesssteel", "uv": [ 0.0, 2.0, 1.0, 3.0 ], "autoUv": false, "snapUv": false },
										"south": { "texture": "#stainlesssteel", "uv": [ 1.0, 2.0, 2.0, 3.0 ], "autoUv": false, "snapUv": false },
										"west": { "texture": "#stainlesssteel", "uv": [ 7.0, 2.0, 8.0, 3.0 ], "autoUv": false, "snapUv": false },
										"up": { "texture": "#stainlesssteel", "uv": [ 3.0, 3.0, 2.0, 2.0 ], "autoUv": false, "snapUv": false },
										"down": { "texture": "#stainlesssteel", "uv": [ 8.0, 3.0, 7.0, 4.0 ], "autoUv": false, "snapUv": false }
									}
								},
								{
									"name": "cube",
									"from": [ 1.1, 1.225, 1.1 ],
									"to": [ 1.225, 1.525, 1.225 ],
									"rotationOrigin": [ 0.0, 0.0, 0.0 ],
									"rotationY": -22.5,
									"faces": {
										"north": { "texture": "#stainlesssteel", "uv": [ 5.0, 2.0, 6.0, 3.0 ], "autoUv": false, "snapUv": false },
										"east": { "texture": "#stainlesssteel", "uv": [ 6.0, 2.0, 7.0, 3.0 ], "autoUv": false, "snapUv": false },
										"south": { "texture": "#stainlesssteel", "uv": [ 7.0, 2.0, 8.0, 3.0 ], "autoUv": false, "snapUv": false },
										"west": { "texture": "#stainlesssteel", "uv": [ 8.0, 2.0, 9.0, 3.0 ], "autoUv": false, "snapUv": false },
										"up": { "texture": "#stainlesssteel", "uv": [ 4.0, 3.0, 3.0, 2.0 ], "autoUv": false, "snapUv": false },
										"down": { "texture": "#stainlesssteel", "uv": [ 5.0, 2.0, 4.0, 3.0 ], "autoUv": false, "snapUv": false }
									}
								},
								{
									"name": "cube",
									"from": [ 1.1, 1.225, 1.5 ],
									"to": [ 1.225, 1.525, 1.625 ],
									"rotationOrigin": [ 0.0, 0.0, 0.0 ],
									"rotationY": -22.5,
									"faces": {
										"north": { "texture": "#stainlesssteel", "uv": [ 5.0, 2.0, 6.0, 3.0 ], "autoUv": false, "snapUv": false },
										"east": { "texture": "#stainlesssteel", "uv": [ 6.0, 2.0, 7.0, 3.0 ], "autoUv": false, "snapUv": false },
										"south": { "texture": "#stainlesssteel", "uv": [ 7.0, 2.0, 8.0, 3.0 ], "autoUv": false, "snapUv": false },
										"west": { "texture": "#stainlesssteel", "uv": [ 0.0, 2.0, 1.0, 3.0 ], "autoUv": false, "snapUv": false },
										"up": { "texture": "#stainlesssteel", "uv": [ 3.0, 3.0, 2.0, 2.0 ], "autoUv": false, "snapUv": false },
										"down": { "texture": "#stainlesssteel", "uv": [ 4.0, 2.0, 3.0, 3.0 ], "autoUv": false, "snapUv": false }
									}
								},
								{
									"name": "cube",
									"from": [ 1.1, 1.225, 1.9 ],
									"to": [ 1.225, 1.525, 2.025 ],
									"rotationOrigin": [ 0.0, 0.0, 0.0 ],
									"rotationY": -22.5,
									"faces": {
										"north": { "texture": "#stainlesssteel", "uv": [ 4.0, 2.0, 5.0, 3.0 ], "autoUv": false, "snapUv": false },
										"east": { "texture": "#stainlesssteel", "uv": [ 7.0, 2.0, 8.0, 3.0 ], "autoUv": false, "snapUv": false },
										"south": { "texture": "#stainlesssteel", "uv": [ 5.0, 2.0, 6.0, 3.0 ], "autoUv": false, "snapUv": false },
										"west": { "texture": "#stainlesssteel", "uv": [ 7.0, 3.0, 8.0, 4.0 ], "autoUv": false, "snapUv": false },
										"up": { "texture": "#stainlesssteel", "uv": [ 7.0, 3.0, 6.0, 2.0 ], "autoUv": false, "snapUv": false },
										"down": { "texture": "#stainlesssteel", "uv": [ 8.0, 1.0, 7.0, 2.0 ], "autoUv": false, "snapUv": false }
									}
								},
								{
									"name": "cube",
									"from": [ 1.1, 1.225, -4.1 ],
									"to": [ 1.225, 1.525, -3.975 ],
									"rotationOrigin": [ 0.0, 0.0, 0.0 ],
									"rotationY": -22.5,
									"faces": {
										"north": { "texture": "#stainlesssteel", "uv": [ 7.0, 2.0, 8.0, 3.0 ], "autoUv": false, "snapUv": false },
										"east": { "texture": "#stainlesssteel", "uv": [ 7.0, 0.0, 8.0, 1.0 ], "autoUv": false, "snapUv": false },
										"south": { "texture": "#stainlesssteel", "uv": [ 8.0, 2.0, 9.0, 3.0 ], "autoUv": false, "snapUv": false },
										"west": { "texture": "#stainlesssteel", "uv": [ 7.0, 1.0, 8.0, 2.0 ], "autoUv": false, "snapUv": false },
										"up": { "texture": "#stainlesssteel", "uv": [ 8.0, 3.0, 7.0, 2.0 ], "autoUv": false, "snapUv": false },
										"down": { "texture": "#stainlesssteel", "uv": [ 1.0, 3.0, 0.0, 4.0 ], "autoUv": false, "snapUv": false }
									}
								},
								{
									"name": "cube",
									"from": [ 1.1, 1.225, -4.5 ],
									"to": [ 1.225, 1.525, -4.375 ],
									"rotationOrigin": [ 0.0, 0.0, 0.0 ],
									"rotationY": -22.5,
									"faces": {
										"north": { "texture": "#stainlesssteel", "uv": [ 1.0, 3.0, 2.0, 4.0 ], "autoUv": false, "snapUv": false },
										"east": { "texture": "#stainlesssteel", "uv": [ 2.0, 3.0, 3.0, 4.0 ], "autoUv": false, "snapUv": false },
										"south": { "texture": "#stainlesssteel", "uv": [ 3.0, 3.0, 4.0, 4.0 ], "autoUv": false, "snapUv": false },
										"west": { "texture": "#stainlesssteel", "uv": [ 4.0, 3.0, 5.0, 4.0 ], "autoUv": false, "snapUv": false },
										"up": { "texture": "#stainlesssteel", "uv": [ 6.0, 4.0, 5.0, 3.0 ], "autoUv": false, "snapUv": false },
										"down": { "texture": "#stainlesssteel", "uv": [ 7.0, 3.0, 6.0, 4.0 ], "autoUv": false, "snapUv": false }
									}
								},
								{
									"name": "cube",
									"from": [ 1.1, 1.225, -4.9 ],
									"to": [ 1.225, 1.525, -4.775 ],
									"rotationOrigin": [ 0.0, 0.0, 0.0 ],
									"rotationY": -22.5,
									"faces": {
										"north": { "texture": "#stainlesssteel", "uv": [ 7.0, 3.0, 8.0, 4.0 ], "autoUv": false, "snapUv": false },
										"east": { "texture": "#stainlesssteel", "uv": [ 0.0, 3.0, 1.0, 4.0 ], "autoUv": false, "snapUv": false },
										"south": { "texture": "#stainlesssteel", "uv": [ 1.0, 3.0, 2.0, 4.0 ], "autoUv": false, "snapUv": false },
										"west": { "texture": "#stainlesssteel", "uv": [ 8.0, 2.0, 9.0, 3.0 ], "autoUv": false, "snapUv": false },
										"up": { "texture": "#stainlesssteel", "uv": [ 3.0, 4.0, 2.0, 3.0 ], "autoUv": false, "snapUv": false },
										"down": { "texture": "#stainlesssteel", "uv": [ 9.0, 3.0, 8.0, 4.0 ], "autoUv": false, "snapUv": false }
									}
								},
								{
									"name": "cube",
									"from": [ 1.1, 1.225, -3.7 ],
									"to": [ 1.225, 1.525, -3.575 ],
									"rotationOrigin": [ 0.0, 0.0, 0.0 ],
									"rotationY": -22.5,
									"faces": {
										"north": { "texture": "#stainlesssteel", "uv": [ 5.0, 3.0, 6.0, 4.0 ], "autoUv": false, "snapUv": false },
										"east": { "texture": "#stainlesssteel", "uv": [ 6.0, 3.0, 7.0, 4.0 ], "autoUv": false, "snapUv": false },
										"south": { "texture": "#stainlesssteel", "uv": [ 7.0, 3.0, 8.0, 4.0 ], "autoUv": false, "snapUv": false },
										"west": { "texture": "#stainlesssteel", "uv": [ 8.0, 3.0, 9.0, 4.0 ], "autoUv": false, "snapUv": false },
										"up": { "texture": "#stainlesssteel", "uv": [ 4.0, 4.0, 3.0, 3.0 ], "autoUv": false, "snapUv": false },
										"down": { "texture": "#stainlesssteel", "uv": [ 5.0, 3.0, 4.0, 4.0 ], "autoUv": false, "snapUv": false }
									}
								},
								{
									"name": "cube",
									"from": [ 1.1, 1.225, -3.3 ],
									"to": [ 1.225, 1.525, -3.175 ],
									"rotationOrigin": [ 0.0, 0.0, 0.0 ],
									"rotationY": -22.5,
									"faces": {
										"north": { "texture": "#stainlesssteel", "uv": [ 5.0, 3.0, 6.0, 4.0 ], "autoUv": false, "snapUv": false },
										"east": { "texture": "#stainlesssteel", "uv": [ 6.0, 3.0, 7.0, 4.0 ], "autoUv": false, "snapUv": false },
										"south": { "texture": "#stainlesssteel", "uv": [ 7.0, 3.0, 8.0, 4.0 ], "autoUv": false, "snapUv": false },
										"west": { "texture": "#stainlesssteel", "uv": [ 0.0, 3.0, 1.0, 4.0 ], "autoUv": false, "snapUv": false },
										"up": { "texture": "#stainlesssteel", "uv": [ 9.0, 4.0, 8.0, 3.0 ], "autoUv": false, "snapUv": false },
										"down": { "texture": "#stainlesssteel", "uv": [ 9.0, 4.0, 8.0, 5.0 ], "autoUv": false, "snapUv": false }
									}
								},
								{
									"name": "cube",
									"from": [ 1.1, 1.225, -2.9 ],
									"to": [ 1.225, 1.525, -2.775 ],
									"rotationOrigin": [ 0.0, 0.0, 0.0 ],
									"rotationY": -22.5,
									"faces": {
										"north": { "texture": "#stainlesssteel", "uv": [ 2.0, 3.0, 3.0, 4.0 ], "autoUv": false, "snapUv": false },
										"east": { "texture": "#stainlesssteel", "uv": [ 8.0, 2.0, 9.0, 3.0 ], "autoUv": false, "snapUv": false },
										"south": { "texture": "#stainlesssteel", "uv": [ 3.0, 3.0, 4.0, 4.0 ], "autoUv": false, "snapUv": false },
										"west": { "texture": "#stainlesssteel", "uv": [ 8.0, 3.0, 9.0, 4.0 ], "autoUv": false, "snapUv": false },
										"up": { "texture": "#stainlesssteel", "uv": [ 5.0, 4.0, 4.0, 3.0 ], "autoUv": false, "snapUv": false },
										"down": { "texture": "#stainlesssteel", "uv": [ 9.0, 2.0, 8.0, 3.0 ], "autoUv": false, "snapUv": false }
									}
								},
								{
									"name": "cube",
									"from": [ 1.1, 1.225, -2.5 ],
									"to": [ 1.225, 1.525, -2.375 ],
									"rotationOrigin": [ 0.0, 0.0, 0.0 ],
									"rotationY": -22.5,
									"faces": {
										"north": { "texture": "#stainlesssteel", "uv": [ 5.0, 3.0, 6.0, 4.0 ], "autoUv": false, "snapUv": false },
										"east": { "texture": "#stainlesssteel", "uv": [ 8.0, 3.0, 9.0, 4.0 ], "autoUv": false, "snapUv": false },
										"south": { "texture": "#stainlesssteel", "uv": [ 6.0, 3.0, 7.0, 4.0 ], "autoUv": false, "snapUv": false },
										"west": { "texture": "#stainlesssteel", "uv": [ 8.0, 1.0, 9.0, 2.0 ], "autoUv": false, "snapUv": false },
										"up": { "texture": "#stainlesssteel", "uv": [ 8.0, 4.0, 7.0, 3.0 ], "autoUv": false, "snapUv": false },
										"down": { "texture": "#stainlesssteel", "uv": [ 9.0, 0.0, 8.0, 1.0 ], "autoUv": false, "snapUv": false }
									}
								},
								{
									"name": "cube",
									"from": [ 1.1, 1.225, -2.1 ],
									"to": [ 1.225, 1.525, -1.975 ],
									"rotationOrigin": [ 0.0, 0.0, 0.0 ],
									"rotationY": -22.5,
									"faces": {
										"north": { "texture": "#stainlesssteel", "uv": [ 8.0, 3.0, 9.0, 4.0 ], "autoUv": false, "snapUv": false },
										"east": { "texture": "#stainlesssteel", "uv": [ 8.0, 1.0, 9.0, 2.0 ], "autoUv": false, "snapUv": false },
										"south": { "texture": "#stainlesssteel", "uv": [ 7.0, 3.0, 8.0, 4.0 ], "autoUv": false, "snapUv": false },
										"west": { "texture": "#stainlesssteel", "uv": [ 8.0, 2.0, 9.0, 3.0 ], "autoUv": false, "snapUv": false },
										"up": { "texture": "#stainlesssteel", "uv": [ 9.0, 4.0, 8.0, 3.0 ], "autoUv": false, "snapUv": false },
										"down": { "texture": "#stainlesssteel", "uv": [ 11.0, 0.0, 10.0, 1.0 ], "autoUv": false, "snapUv": false }
									}
								},
								{
									"name": "cube",
									"from": [ 1.1, 1.225, -1.7 ],
									"to": [ 1.225, 1.525, -1.575 ],
									"rotationOrigin": [ 0.0, 0.0, 0.0 ],
									"rotationY": -22.5,
									"faces": {
										"north": { "texture": "#stainlesssteel", "uv": [ 0.0, 4.0, 1.0, 5.0 ], "autoUv": false, "snapUv": false },
										"east": { "texture": "#stainlesssteel", "uv": [ 10.0, 1.0, 11.0, 2.0 ], "autoUv": false, "snapUv": false },
										"south": { "texture": "#stainlesssteel", "uv": [ 1.0, 4.0, 2.0, 5.0 ], "autoUv": false, "snapUv": false },
										"west": { "texture": "#stainlesssteel", "uv": [ 10.0, 2.0, 11.0, 3.0 ], "autoUv": false, "snapUv": false },
										"up": { "texture": "#stainlesssteel", "uv": [ 3.0, 5.0, 2.0, 4.0 ], "autoUv": false, "snapUv": false },
										"down": { "texture": "#stainlesssteel", "uv": [ 11.0, 3.0, 10.0, 4.0 ], "autoUv": false, "snapUv": false }
									}
								},
								{
									"name": "cube",
									"from": [ 1.1, 1.225, -1.3 ],
									"to": [ 1.225, 1.525, -1.175 ],
									"rotationOrigin": [ 0.0, 0.0, 0.0 ],
									"rotationY": -22.5,
									"faces": {
										"north": { "texture": "#stainlesssteel", "uv": [ 3.0, 4.0, 4.0, 5.0 ], "autoUv": false, "snapUv": false },
										"east": { "texture": "#stainlesssteel", "uv": [ 4.0, 4.0, 5.0, 5.0 ], "autoUv": false, "snapUv": false },
										"south": { "texture": "#stainlesssteel", "uv": [ 5.0, 4.0, 6.0, 5.0 ], "autoUv": false, "snapUv": false },
										"west": { "texture": "#stainlesssteel", "uv": [ 6.0, 4.0, 7.0, 5.0 ], "autoUv": false, "snapUv": false },
										"up": { "texture": "#stainlesssteel", "uv": [ 8.0, 5.0, 7.0, 4.0 ], "autoUv": false, "snapUv": false },
										"down": { "texture": "#stainlesssteel", "uv": [ 10.0, 0.0, 9.0, 1.0 ], "autoUv": false, "snapUv": false }
									}
								},
								{
									"name": "cube",
									"from": [ 1.1, 1.225, -0.9 ],
									"to": [ 1.225, 1.525, -0.775 ],
									"rotationOrigin": [ 0.0, 0.0, 0.0 ],
									"rotationY": -22.5,
									"faces": {
										"north": { "texture": "#stainlesssteel", "uv": [ 0.0, 4.0, 1.0, 5.0 ], "autoUv": false, "snapUv": false },
										"east": { "texture": "#stainlesssteel", "uv": [ 9.0, 1.0, 10.0, 2.0 ], "autoUv": false, "snapUv": false },
										"south": { "texture": "#stainlesssteel", "uv": [ 1.0, 4.0, 2.0, 5.0 ], "autoUv": false, "snapUv": false },
										"west": { "texture": "#stainlesssteel", "uv": [ 9.0, 2.0, 10.0, 3.0 ], "autoUv": false, "snapUv": false },
										"up": { "texture": "#stainlesssteel", "uv": [ 3.0, 5.0, 2.0, 4.0 ], "autoUv": false, "snapUv": false },
										"down": { "texture": "#stainlesssteel", "uv": [ 10.0, 3.0, 9.0, 4.0 ], "autoUv": false, "snapUv": false }
									}
								},
								{
									"name": "cube",
									"from": [ 1.1, 1.225, -0.5 ],
									"to": [ 1.225, 1.525, -0.375 ],
									"rotationOrigin": [ 0.0, 0.0, 0.0 ],
									"rotationY": -22.5,
									"faces": {
										"north": { "texture": "#stainlesssteel", "uv": [ 5.0, 4.0, 6.0, 5.0 ], "autoUv": false, "snapUv": false },
										"east": { "texture": "#stainlesssteel", "uv": [ 6.0, 4.0, 7.0, 5.0 ], "autoUv": false, "snapUv": false },
										"south": { "texture": "#stainlesssteel", "uv": [ 7.0, 4.0, 8.0, 5.0 ], "autoUv": false, "snapUv": false },
										"west": { "texture": "#stainlesssteel", "uv": [ 8.0, 4.0, 9.0, 5.0 ], "autoUv": false, "snapUv": false },
										"up": { "texture": "#stainlesssteel", "uv": [ 4.0, 5.0, 3.0, 4.0 ], "autoUv": false, "snapUv": false },
										"down": { "texture": "#stainlesssteel", "uv": [ 5.0, 4.0, 4.0, 5.0 ], "autoUv": false, "snapUv": false }
									}
								},
								{
									"name": "cube",
									"from": [ 1.1, 1.225, -8.1 ],
									"to": [ 1.225, 1.525, -7.975 ],
									"rotationOrigin": [ 0.0, 0.0, 0.0 ],
									"rotationY": -22.5,
									"faces": {
										"north": { "texture": "#stainlesssteel", "uv": [ 5.0, 4.0, 6.0, 5.0 ], "autoUv": false, "snapUv": false },
										"east": { "texture": "#stainlesssteel", "uv": [ 6.0, 4.0, 7.0, 5.0 ], "autoUv": false, "snapUv": false },
										"south": { "texture": "#stainlesssteel", "uv": [ 7.0, 4.0, 8.0, 5.0 ], "autoUv": false, "snapUv": false },
										"west": { "texture": "#stainlesssteel", "uv": [ 0.0, 4.0, 1.0, 5.0 ], "autoUv": false, "snapUv": false },
										"up": { "texture": "#stainlesssteel", "uv": [ 10.0, 4.0, 9.0, 3.0 ], "autoUv": false, "snapUv": false },
										"down": { "texture": "#stainlesssteel", "uv": [ 2.0, 4.0, 1.0, 5.0 ], "autoUv": false, "snapUv": false }
									}
								},
								{
									"name": "cube",
									"from": [ 1.1, 1.225, -7.7 ],
									"to": [ 1.225, 1.525, -7.575 ],
									"rotationOrigin": [ 0.0, 0.0, 0.0 ],
									"rotationY": -22.5,
									"faces": {
										"north": { "texture": "#stainlesssteel", "uv": [ 9.0, 4.0, 10.0, 5.0 ], "autoUv": false, "snapUv": false },
										"east": { "texture": "#stainlesssteel", "uv": [ 2.0, 4.0, 3.0, 5.0 ], "autoUv": false, "snapUv": false },
										"south": { "texture": "#stainlesssteel", "uv": [ 9.0, 2.0, 10.0, 3.0 ], "autoUv": false, "snapUv": false },
										"west": { "texture": "#stainlesssteel", "uv": [ 3.0, 4.0, 4.0, 5.0 ], "autoUv": false, "snapUv": false },
										"up": { "texture": "#stainlesssteel", "uv": [ 10.0, 4.0, 9.0, 3.0 ], "autoUv": false, "snapUv": false },
										"down": { "texture": "#stainlesssteel", "uv": [ 5.0, 4.0, 4.0, 5.0 ], "autoUv": false, "snapUv": false }
									}
								},
								{
									"name": "cube",
									"from": [ 1.1, 1.225, -7.3 ],
									"to": [ 1.225, 1.525, -7.175 ],
									"rotationOrigin": [ 0.0, 0.0, 0.0 ],
									"rotationY": -22.5,
									"faces": {
										"north": { "texture": "#stainlesssteel", "uv": [ 9.0, 2.0, 10.0, 3.0 ], "autoUv": false, "snapUv": false },
										"east": { "texture": "#stainlesssteel", "uv": [ 5.0, 4.0, 6.0, 5.0 ], "autoUv": false, "snapUv": false },
										"south": { "texture": "#stainlesssteel", "uv": [ 9.0, 3.0, 10.0, 4.0 ], "autoUv": false, "snapUv": false },
										"west": { "texture": "#stainlesssteel", "uv": [ 6.0, 4.0, 7.0, 5.0 ], "autoUv": false, "snapUv": false },
										"up": { "texture": "#stainlesssteel", "uv": [ 10.0, 2.0, 9.0, 1.0 ], "autoUv": false, "snapUv": false },
										"down": { "texture": "#stainlesssteel", "uv": [ 8.0, 4.0, 7.0, 5.0 ], "autoUv": false, "snapUv": false }
									}
								},
								{
									"name": "cube",
									"from": [ 1.1, 1.225, -6.9 ],
									"to": [ 1.225, 1.525, -6.775 ],
									"rotationOrigin": [ 0.0, 0.0, 0.0 ],
									"rotationY": -22.5,
									"faces": {
										"north": { "texture": "#stainlesssteel", "uv": [ 9.0, 0.0, 10.0, 1.0 ], "autoUv": false, "snapUv": false },
										"east": { "texture": "#stainlesssteel", "uv": [ 8.0, 4.0, 9.0, 5.0 ], "autoUv": false, "snapUv": false },
										"south": { "texture": "#stainlesssteel", "uv": [ 9.0, 1.0, 10.0, 2.0 ], "autoUv": false, "snapUv": false },
										"west": { "texture": "#stainlesssteel", "uv": [ 7.0, 4.0, 8.0, 5.0 ], "autoUv": false, "snapUv": false },
										"up": { "texture": "#stainlesssteel", "uv": [ 10.0, 3.0, 9.0, 2.0 ], "autoUv": false, "snapUv": false },
										"down": { "texture": "#stainlesssteel", "uv": [ 9.0, 4.0, 8.0, 5.0 ], "autoUv": false, "snapUv": false }
									}
								},
								{
									"name": "cube",
									"from": [ 1.1, 1.225, -6.5 ],
									"to": [ 1.225, 1.525, -6.375 ],
									"rotationOrigin": [ 0.0, 0.0, 0.0 ],
									"rotationY": -22.5,
									"faces": {
										"north": { "texture": "#stainlesssteel", "uv": [ 9.0, 3.0, 10.0, 4.0 ], "autoUv": false, "snapUv": false },
										"east": { "texture": "#stainlesssteel", "uv": [ 9.0, 4.0, 10.0, 5.0 ], "autoUv": false, "snapUv": false },
										"south": { "texture": "#stainlesssteel", "uv": [ 5.0, 0.0, 6.0, 1.0 ], "autoUv": false, "snapUv": false },
										"west": { "texture": "#stainlesssteel", "uv": [ 0.0, 2.0, 1.0, 3.0 ], "autoUv": false, "snapUv": false },
										"up": { "texture": "#stainlesssteel", "uv": [ 6.0, 2.0, 5.0, 1.0 ], "autoUv": false, "snapUv": false },
										"down": { "texture": "#stainlesssteel", "uv": [ 2.0, 2.0, 1.0, 3.0 ], "autoUv": false, "snapUv": false }
									}
								},
								{
									"name": "cube",
									"from": [ 1.1, 1.225, -6.1 ],
									"to": [ 1.225, 1.525, -5.975 ],
									"rotationOrigin": [ 0.0, 0.0, 0.0 ],
									"rotationY": -22.5,
									"faces": {
										"north": { "texture": "#stainlesssteel", "uv": [ 5.0, 2.0, 6.0, 3.0 ], "autoUv": false, "snapUv": false },
										"east": { "texture": "#stainlesssteel", "uv": [ 2.0, 2.0, 3.0, 3.0 ], "autoUv": false, "snapUv": false },
										"south": { "texture": "#stainlesssteel", "uv": [ 5.0, 3.0, 6.0, 4.0 ], "autoUv": false, "snapUv": false },
										"west": { "texture": "#stainlesssteel", "uv": [ 3.0, 2.0, 4.0, 3.0 ], "autoUv": false, "snapUv": false },
										"up": { "texture": "#stainlesssteel", "uv": [ 6.0, 5.0, 5.0, 4.0 ], "autoUv": false, "snapUv": false },
										"down": { "texture": "#stainlesssteel", "uv": [ 5.0, 0.0, 4.0, 1.0 ], "autoUv": false, "snapUv": false }
									}
								},
								{
									"name": "cube",
									"from": [ 1.1, 1.225, -5.7 ],
									"to": [ 1.225, 1.525, -5.575 ],
									"rotationOrigin": [ 0.0, 0.0, 0.0 ],
									"rotationY": -22.5,
									"faces": {
										"north": { "texture": "#stainlesssteel", "uv": [ 5.0, 0.0, 6.0, 1.0 ], "autoUv": false, "snapUv": false },
										"east": { "texture": "#stainlesssteel", "uv": [ 5.0, 0.0, 6.0, 1.0 ], "autoUv": false, "snapUv": false },
										"south": { "texture": "#stainlesssteel", "uv": [ 5.0, 1.0, 6.0, 2.0 ], "autoUv": false, "snapUv": false },
										"west": { "texture": "#stainlesssteel", "uv": [ 6.0, 0.0, 7.0, 1.0 ], "autoUv": false, "snapUv": false },
										"up": { "texture": "#stainlesssteel", "uv": [ 6.0, 3.0, 5.0, 2.0 ], "autoUv": false, "snapUv": false },
										"down": { "texture": "#stainlesssteel", "uv": [ 8.0, 0.0, 7.0, 1.0 ], "autoUv": false, "snapUv": false }
									}
								},
								{
									"name": "cube",
									"from": [ 1.1, 1.225, -5.3 ],
									"to": [ 1.225, 1.525, -5.175 ],
									"rotationOrigin": [ 0.0, 0.0, 0.0 ],
									"rotationY": -22.5,
									"faces": {
										"north": { "texture": "#stainlesssteel", "uv": [ 4.0, 0.0, 5.0, 1.0 ], "autoUv": false, "snapUv": false },
										"east": { "texture": "#stainlesssteel", "uv": [ 0.0, 0.0, 1.0, 1.0 ], "autoUv": false, "snapUv": false },
										"south": { "texture": "#stainlesssteel", "uv": [ 4.0, 1.0, 5.0, 2.0 ], "autoUv": false, "snapUv": false },
										"west": { "texture": "#stainlesssteel", "uv": [ 1.0, 2.0, 2.0, 3.0 ], "autoUv": false, "snapUv": false },
										"up": { "texture": "#stainlesssteel", "uv": [ 5.0, 3.0, 4.0, 2.0 ], "autoUv": false, "snapUv": false },
										"down": { "texture": "#stainlesssteel", "uv": [ 3.0, 2.0, 2.0, 3.0 ], "autoUv": false, "snapUv": false }
									}
								}
							]
						},
						{
							"name": "strings",
							"from": [ 0.0, -8.0, 0.0 ],
							"to": [ 0.0, -8.0, 0.0 ],
							"rotationOrigin": [ 0.0, -8.0, 0.0 ],
							"faces": {
								"north": { "texture": "#null", "uv": [ 0.0, 0.0, 0.5, 0.5 ], "enabled": false },
								"east": { "texture": "#null", "uv": [ 0.0, 0.0, 0.5, 0.5 ], "enabled": false },
								"south": { "texture": "#null", "uv": [ 0.0, 0.0, 0.5, 0.5 ], "enabled": false },
								"west": { "texture": "#null", "uv": [ 0.0, 0.0, 0.5, 0.5 ], "enabled": false },
								"up": { "texture": "#null", "uv": [ 0.0, 0.0, 0.5, 0.5 ], "enabled": false },
								"down": { "texture": "#null", "uv": [ 0.0, 0.0, 0.5, 0.5 ], "enabled": false }
							},
							"children": [
								{
									"name": "cube",
									"from": [ -10.0, 1.25, -6.425 ],
									"to": [ 10.0, 1.3, 5.55 ],
									"rotationOrigin": [ 0.0, 0.025, -0.075 ],
									"faces": {
										"north": { "texture": "#hammerdulcimerstrings", "uv": [ 0.0, 0.0, 0.0, 0.0 ], "autoUv": false, "snapUv": false },
										"east": { "texture": "#hammerdulcimerstrings", "uv": [ 0.0, 0.0, 0.0, 0.0 ], "autoUv": false, "snapUv": false },
										"south": { "texture": "#hammerdulcimerstrings", "uv": [ 0.0, 0.0, 0.0, 0.0 ], "autoUv": false, "snapUv": false },
										"west": { "texture": "#hammerdulcimerstrings", "uv": [ 0.0, 0.0, 0.0, 0.0 ], "autoUv": false, "snapUv": false },
										"up": { "texture": "#hammerdulcimerstrings", "uv": [ 80.0, 48.5, 0.0, 0.0 ], "autoUv": false, "snapUv": false },
										"down": { "texture": "#hammerdulcimerstrings", "uv": [ 0.0, 0.0, 0.0, 0.0 ], "autoUv": false, "snapUv": false }
									}
								}
							]
						},
						{
							"name": "case",
							"from": [ 0.0, -8.0, 0.0 ],
							"to": [ 0.0, -8.0, 0.0 ],
							"rotationOrigin": [ 0.0, -8.0, 0.0 ],
							"faces": {
								"north": { "texture": "#oak", "uv": [ 0.0, 0.0, 0.5, 0.5 ], "enabled": false },
								"east": { "texture": "#oak", "uv": [ 0.0, 0.0, 0.5, 0.5 ], "enabled": false },
								"south": { "texture": "#oak", "uv": [ 0.0, 0.0, 0.5, 0.5 ], "enabled": false },
								"west": { "texture": "#oak", "uv": [ 0.0, 0.0, 0.5, 0.5 ], "enabled": false },
								"up": { "texture": "#oak", "uv": [ 0.0, 0.0, 0.5, 0.5 ], "enabled": false },
								"down": { "texture": "#oak", "uv": [ 0.0, 0.0, 0.5, 0.5 ], "enabled": false }
							},
							"children": [
								{
									"name": "cube",
									"from": [ -4.0, -0.1, -4.925 ],
									"to": [ 4.0, 1.1, 7.0 ],
									"faces": {
										"north": { "texture": "#oak", "uv": [ 7.5, 11.0, 15.5, 12.0 ], "autoUv": false, "snapUv": false },
										"east": { "texture": "#oak", "uv": [ 2.0, 8.0, 14.0, 9.0 ], "autoUv": false, "snapUv": false },
										"south": { "texture": "#oak", "uv": [ 7.5, 12.0, 15.5, 13.0 ], "autoUv": false, "snapUv": false },
										"west": { "texture": "#oak", "uv": [ 2.0, 9.0, 14.0, 10.0 ], "autoUv": false, "snapUv": false },
										"up": { "texture": "#oak", "uv": [ 8.0, 12.0, 0.0, 0.0 ], "autoUv": false, "snapUv": false },
										"down": { "texture": "#oak", "uv": [ 16.0, 0.0, 8.0, 12.0 ], "autoUv": false, "snapUv": false }
									}
								},
								{
									"name": "cube",
									"from": [ -4.0, 1.1, 6.575 ],
									"to": [ 4.0, 1.25, 7.0 ],
									"faces": {
										"north": { "texture": "#oak", "uv": [ 8.0, 10.0, 16.0, 11.0 ], "autoUv": false, "snapUv": false },
										"east": { "texture": "#oak", "uv": [ 8.0, 14.0, 9.0, 15.0 ], "autoUv": false, "snapUv": false },
										"south": { "texture": "#oak", "uv": [ 1.0, 11.0, 9.0, 12.0 ], "autoUv": false, "snapUv": false },
										"west": { "texture": "#oak", "uv": [ 13.0, 8.0, 14.0, 9.0 ], "autoUv": false, "snapUv": false },
										"up": { "texture": "#oak", "uv": [ 14.5, 12.5, 6.5, 11.5 ], "autoUv": false, "snapUv": false },
										"down": { "texture": "#oak", "uv": [ 9.0, 10.0, 1.0, 11.0 ], "autoUv": false, "snapUv": false }
									}
								},
								{
									"name": "cube",
									"from": [ -8.925, -0.1, -6.675 ],
									"to": [ 8.925, 1.1, -4.925 ],
									"faces": {
										"north": { "texture": "#oak", "uv": [ 0.0, 8.0, 16.0, 9.0 ], "autoUv": false, "snapUv": false },
										"east": { "texture": "#oak", "uv": [ 9.0, 11.0, 11.0, 12.0 ], "autoUv": false, "snapUv": false },
										"south": { "texture": "#oak", "uv": [ 0.0, 9.0, 16.0, 10.0 ], "autoUv": false, "snapUv": false },
										"west": { "texture": "#oak", "uv": [ 9.0, 10.0, 11.0, 11.0 ], "autoUv": false, "snapUv": false },
										"up": { "texture": "#oak", "uv": [ 16.0, 2.0, 0.0, 0.0 ], "autoUv": false, "snapUv": false },
										"down": { "texture": "#oak", "uv": [ 16.0, 2.0, 0.0, 4.0 ], "autoUv": false, "snapUv": false }
									}
								},
								{
									"name": "cube",
									"from": [ -9.675, -0.1, -7.0 ],
									"to": [ 9.675, 1.23, -6.675 ],
									"faces": {
										"north": { "texture": "#oak", "uv": [ 0.0, 4.0, 16.0, 5.0 ], "autoUv": false, "snapUv": false },
										"east": { "texture": "#oak", "uv": [ 9.0, 14.0, 10.0, 15.0 ], "autoUv": false, "snapUv": false },
										"south": { "texture": "#oak", "uv": [ 0.0, 5.0, 16.0, 6.0 ], "autoUv": false, "snapUv": false },
										"west": { "texture": "#oak", "uv": [ 11.0, 9.0, 12.0, 10.0 ], "autoUv": false, "snapUv": false },
										"up": { "texture": "#oak", "uv": [ 16.0, 7.0, 0.0, 6.0 ], "autoUv": false, "snapUv": false },
										"down": { "texture": "#oak", "uv": [ 16.0, 7.0, 0.0, 8.0 ], "autoUv": false, "snapUv": false }
									}
								},
								{
									"name": "cube",
									"from": [ -6.375, -0.075, -6.0 ],
									"to": [ -1.0, 1.075, 6.925 ],
									"rotationOrigin": [ -5.0, 0.0, 1.0 ],
									"rotationY": 22.5,
									"faces": {
										"north": { "texture": "#oak", "uv": [ 0.0, 10.0, 5.0, 11.0 ], "autoUv": false, "snapUv": false },
										"east": { "texture": "#oak", "uv": [ 2.0, 11.0, 15.0, 12.0 ], "autoUv": false, "snapUv": false },
										"south": { "texture": "#oak", "uv": [ 0.0, 11.0, 5.0, 12.0 ], "autoUv": false, "snapUv": false },
										"west": { "texture": "#oak", "uv": [ 2.0, 10.0, 15.0, 11.0 ], "autoUv": false, "snapUv": false },
										"up": { "texture": "#oak", "uv": [ 5.0, 13.0, 0.0, 0.0 ], "autoUv": false, "snapUv": false },
										"down": { "texture": "#oak", "uv": [ 10.0, 0.0, 5.0, 13.0 ], "autoUv": false, "snapUv": false }
									}
								},
								{
									"name": "cube",
									"from": [ -6.375, -0.075, -7.9 ],
									"to": [ -5.575, 1.075, -6.0 ],
									"rotationOrigin": [ -5.0, 0.0, 1.0 ],
									"rotationY": 22.5,
									"faces": {
										"north": { "texture": "#oak", "uv": [ 10.0, 11.0, 11.0, 12.0 ], "autoUv": false, "snapUv": false },
										"east": { "texture": "#oak", "uv": [ 5.0, 13.0, 7.0, 14.0 ], "autoUv": false, "snapUv": false },
										"south": { "texture": "#oak", "uv": [ 15.0, 10.5, 16.0, 11.5 ], "autoUv": false, "snapUv": false },
										"west": { "texture": "#oak", "uv": [ 1.0, 11.0, 3.0, 12.0 ], "autoUv": false, "snapUv": false },
										"up": { "texture": "#oak", "uv": [ 6.0, 15.0, 5.0, 13.0 ], "autoUv": false, "snapUv": false },
										"down": { "texture": "#oak", "uv": [ 12.0, 9.0, 11.0, 11.0 ], "autoUv": false, "snapUv": false }
									}
								},
								{
									"name": "cube",
									"from": [ -6.385, -0.075, -8.175 ],
									"to": [ -6.26, 1.245, -7.895 ],
									"rotationOrigin": [ -5.0, 0.0, 1.0 ],
									"rotationY": 22.5,
									"faces": {
										"north": { "texture": "#oak", "uv": [ 11.0, 11.0, 12.0, 12.0 ], "autoUv": false, "snapUv": false },
										"east": { "texture": "#oak", "uv": [ 14.0, 11.0, 15.0, 12.0 ], "autoUv": false, "snapUv": false },
										"south": { "texture": "#oak", "uv": [ 12.0, 11.0, 13.0, 12.0 ], "autoUv": false, "snapUv": false },
										"west": { "texture": "#oak", "uv": [ 14.0, 12.0, 15.0, 13.0 ], "autoUv": false, "snapUv": false },
										"up": { "texture": "#oak", "uv": [ 14.0, 12.0, 13.0, 11.0 ], "autoUv": false, "snapUv": false },
										"down": { "texture": "#oak", "uv": [ 15.5, 10.5, 14.5, 11.5 ], "autoUv": false, "snapUv": false }
									}
								},
								{
									"name": "cube",
									"from": [ 1.0, -0.075, -6.0 ],
									"to": [ 6.375, 1.075, 6.925 ],
									"rotationOrigin": [ 5.0, 0.0, 1.0 ],
									"rotationY": -22.5,
									"faces": {
										"north": { "texture": "#oak", "uv": [ 0.5, 10.0, 5.5, 11.0 ], "autoUv": false, "snapUv": false },
										"east": { "texture": "#oak", "uv": [ 2.0, 11.0, 15.0, 12.0 ], "autoUv": false, "snapUv": false },
										"south": { "texture": "#oak", "uv": [ 11.0, 10.0, 16.0, 11.0 ], "autoUv": false, "snapUv": false },
										"west": { "texture": "#oak", "uv": [ 1.5, 1.0, 14.5, 2.0 ], "autoUv": false, "snapUv": false },
										"up": { "texture": "#oak", "uv": [ 15.0, 13.0, 10.0, 0.0 ], "autoUv": false, "snapUv": false },
										"down": { "texture": "#oak", "uv": [ 6.0, 0.0, 1.0, 13.0 ], "autoUv": false, "snapUv": false }
									}
								},
								{
									"name": "cube",
									"from": [ 5.575, -0.075, -7.9 ],
									"to": [ 6.375, 1.075, -6.0 ],
									"rotationOrigin": [ 5.0, 0.0, 1.0 ],
									"rotationY": -22.5,
									"faces": {
										"north": { "texture": "#oak", "uv": [ 14.0, 11.0, 15.0, 12.0 ], "autoUv": false, "snapUv": false },
										"east": { "texture": "#oak", "uv": [ 3.0, 11.0, 5.0, 12.0 ], "autoUv": false, "snapUv": false },
										"south": { "texture": "#oak", "uv": [ 14.5, 11.5, 15.5, 12.5 ], "autoUv": false, "snapUv": false },
										"west": { "texture": "#oak", "uv": [ 5.0, 14.0, 7.0, 15.0 ], "autoUv": false, "snapUv": false },
										"up": { "texture": "#oak", "uv": [ 8.0, 15.0, 7.0, 13.0 ], "autoUv": false, "snapUv": false },
										"down": { "texture": "#oak", "uv": [ 5.0, 0.0, 4.0, 2.0 ], "autoUv": false, "snapUv": false }
									}
								},
								{
									"name": "cube",
									"from": [ 6.26, -0.075, -8.175 ],
									"to": [ 6.385, 1.245, -7.9 ],
									"rotationOrigin": [ 5.0, 0.0, 1.0 ],
									"rotationY": -22.5,
									"faces": {
										"north": { "texture": "#oak", "uv": [ 15.0, 11.0, 16.0, 12.0 ], "autoUv": false, "snapUv": false },
										"east": { "texture": "#oak", "uv": [ 14.5, 10.0, 15.5, 11.0 ], "autoUv": false, "snapUv": false },
										"south": { "texture": "#oak", "uv": [ 14.5, 11.0, 15.5, 12.0 ], "autoUv": false, "snapUv": false },
										"west": { "texture": "#oak", "uv": [ 14.5, 11.0, 15.5, 12.0 ], "autoUv": false, "snapUv": false },
										"up": { "texture": "#oak", "uv": [ 15.5, 12.0, 14.5, 11.0 ], "autoUv": false, "snapUv": false },
										"down": { "texture": "#oak", "uv": [ 14.0, 1.0, 13.0, 2.0 ], "autoUv": false, "snapUv": false }
									}
								}
							]
						},
						{
							"name": "sidebridges",
							"from": [ -5.0, -8.0, 1.0 ],
							"to": [ -5.0, -8.0, 1.0 ],
							"rotationOrigin": [ -5.0, -8.0, 1.0 ],
							"faces": {
								"north": { "texture": "#baldcypress", "uv": [ 0.0, 0.0, 0.5, 0.5 ], "enabled": false },
								"east": { "texture": "#baldcypress", "uv": [ 0.0, 0.0, 0.5, 0.5 ], "enabled": false },
								"south": { "texture": "#baldcypress", "uv": [ 0.0, 0.0, 0.5, 0.5 ], "enabled": false },
								"west": { "texture": "#baldcypress", "uv": [ 0.0, 0.0, 0.5, 0.5 ], "enabled": false },
								"up": { "texture": "#baldcypress", "uv": [ 0.0, 0.0, 0.5, 0.5 ], "enabled": false },
								"down": { "texture": "#baldcypress", "uv": [ 0.0, 0.0, 0.5, 0.5 ], "enabled": false }
							},
							"children": [
								{
									"name": "cube",
									"from": [ -1.375, 1.075, -9.0 ],
									"to": [ -1.0, 1.225, 5.925 ],
									"rotationOrigin": [ 0.0, 0.0, 0.0 ],
									"rotationY": 22.5,
									"faces": {
										"north": { "texture": "#baldcypress", "uv": [ 4.0, 11.0, 5.0, 12.0 ], "autoUv": false, "snapUv": false },
										"east": { "texture": "#baldcypress", "uv": [ 1.0, 11.0, 16.0, 11.0 ], "autoUv": false, "snapUv": false },
										"south": { "texture": "#baldcypress", "uv": [ 15.0, 8.0, 16.0, 9.0 ], "autoUv": false, "snapUv": false },
										"west": { "texture": "#baldcypress", "uv": [ 1.0, 12.0, 16.0, 12.0 ], "autoUv": false, "snapUv": false },
										"up": { "texture": "#baldcypress", "uv": [ 7.0, 15.0, 6.0, 0.0 ], "autoUv": false, "snapUv": false },
										"down": { "texture": "#baldcypress", "uv": [ 8.0, 0.0, 7.0, 15.0 ], "autoUv": false, "snapUv": false }
									}
								},
								{
									"name": "cube",
									"from": [ 11.0, 1.075, -9.0 ],
									"to": [ 11.375, 1.225, 5.925 ],
									"rotationOrigin": [ 10.0, 0.0, 0.0 ],
									"rotationY": -22.5,
									"faces": {
										"north": { "texture": "#baldcypress", "uv": [ 5.0, 14.0, 6.0, 15.0 ], "autoUv": false, "snapUv": false },
										"east": { "texture": "#baldcypress", "uv": [ 0.0, 13.0, 15.0, 13.0 ], "autoUv": false, "snapUv": false },
										"south": { "texture": "#baldcypress", "uv": [ 14.5, 9.0, 15.5, 10.0 ], "autoUv": false, "snapUv": false },
										"west": { "texture": "#baldcypress", "uv": [ 0.0, 11.0, 15.0, 11.0 ], "autoUv": false, "snapUv": false },
										"up": { "texture": "#baldcypress", "uv": [ 9.0, 15.0, 8.0, 0.0 ], "autoUv": false, "snapUv": false },
										"down": { "texture": "#baldcypress", "uv": [ 10.0, 0.0, 9.0, 15.0 ], "autoUv": false, "snapUv": false }
									}
								}
							]
						},
						{
							"name": "bridges",
							"from": [ 0.0, 0.0, 0.0 ],
							"to": [ 0.0, 0.0, 0.0 ],
							"faces": {
								"north": { "texture": "#baldcypress", "uv": [ 0.0, 0.0, 0.5, 0.5 ], "enabled": false },
								"east": { "texture": "#baldcypress", "uv": [ 0.0, 0.0, 0.5, 0.5 ], "enabled": false },
								"south": { "texture": "#baldcypress", "uv": [ 0.0, 0.0, 0.5, 0.5 ], "enabled": false },
								"west": { "texture": "#baldcypress", "uv": [ 0.0, 0.0, 0.5, 0.5 ], "enabled": false },
								"up": { "texture": "#baldcypress", "uv": [ 0.0, 0.0, 0.5, 0.5 ], "enabled": false },
								"down": { "texture": "#baldcypress", "uv": [ 0.0, 0.0, 0.5, 0.5 ], "enabled": false }
							},
							"children": [
								{
									"name": "cube",
									"from": [ -3.375, -6.925, -6.0 ],
									"to": [ -3.0, -6.775, 4.925 ],
									"rotationOrigin": [ -2.0, -8.0, 1.0 ],
									"rotationY": 22.5,
									"faces": {
										"north": { "texture": "#baldcypress", "uv": [ 6.0, 14.0, 7.0, 15.0 ], "autoUv": false, "snapUv": false },
										"east": { "texture": "#baldcypress", "uv": [ 1.0, 11.0, 12.0, 11.0 ], "autoUv": false, "snapUv": false },
										"south": { "texture": "#baldcypress", "uv": [ 15.0, 10.0, 16.0, 11.0 ], "autoUv": false, "snapUv": false },
										"west": { "texture": "#baldcypress", "uv": [ 3.0, 13.0, 14.0, 13.0 ], "autoUv": false, "snapUv": false },
										"up": { "texture": "#baldcypress", "uv": [ 13.0, 11.0, 12.0, 0.0 ], "autoUv": false, "snapUv": false },
										"down": { "texture": "#baldcypress", "uv": [ 14.0, 0.0, 13.0, 11.0 ], "autoUv": false, "snapUv": false }
									}
								},
								{
									"name": "cube",
									"from": [ 1.375, -6.925, -6.25 ],
									"to": [ 1.75, -6.775, 5.675 ],
									"rotationOrigin": [ 2.75, -8.0, 1.0 ],
									"faces": {
										"north": { "texture": "#baldcypress", "uv": [ 7.0, 14.0, 8.0, 15.0 ], "autoUv": false, "snapUv": false },
										"east": { "texture": "#baldcypress", "uv": [ 2.0, 11.0, 14.0, 11.0 ], "autoUv": false, "snapUv": false },
										"south": { "texture": "#baldcypress", "uv": [ 15.0, 11.0, 16.0, 12.0 ], "autoUv": false, "snapUv": false },
										"west": { "texture": "#baldcypress", "uv": [ 2.0, 12.0, 14.0, 12.0 ], "autoUv": false, "snapUv": false },
										"up": { "texture": "#baldcypress", "uv": [ 11.0, 12.0, 10.0, 0.0 ], "autoUv": false, "snapUv": false },
										"down": { "texture": "#baldcypress", "uv": [ 1.0, 0.0, 0.0, 12.0 ], "autoUv": false, "snapUv": false }
									}
								}
							]
						},
						{
							"name": "hole",
							"from": [ -0.25, 0.0, -0.25 ],
							"to": [ -0.25, 0.0, -0.25 ],
							"rotationOrigin": [ -0.25, 0.0, -0.25 ],
							"faces": {
								"north": { "texture": "#bituminous", "uv": [ 0.0, 0.0, 0.5, 0.5 ], "enabled": false },
								"east": { "texture": "#bituminous", "uv": [ 0.0, 0.0, 0.5, 0.5 ], "enabled": false },
								"south": { "texture": "#bituminous", "uv": [ 0.0, 0.0, 0.5, 0.5 ], "enabled": false },
								"west": { "texture": "#bituminous", "uv": [ 0.0, 0.0, 0.5, 0.5 ], "enabled": false },
								"up": { "texture": "#bituminous", "uv": [ 0.0, 0.0, 0.5, 0.5 ], "enabled": false },
								"down": { "texture": "#bituminous", "uv": [ 0.0, 0.0, 0.5, 0.5 ], "enabled": false }
							},
							"children": [
								{
									"name": "cube",
									"from": [ -1.0, -6.95, -0.9 ],
									"to": [ 0.0, -6.875, 0.9 ],
									"rotationOrigin": [ -0.5, -7.0, 0.0 ],
									"faces": {
										"north": { "texture": "#bituminous", "uv": [ 8.0, 14.0, 9.0, 15.0 ], "autoUv": false, "snapUv": false },
										"east": { "texture": "#bituminous", "uv": [ 8.0, 14.0, 10.0, 15.0 ], "autoUv": false, "snapUv": false },
										"south": { "texture": "#bituminous", "uv": [ 16.0, 12.0, 17.0, 13.0 ], "autoUv": false, "snapUv": false },
										"west": { "texture": "#bituminous", "uv": [ 10.0, 11.0, 12.0, 12.0 ], "autoUv": false, "snapUv": false },
										"up": { "texture": "#bituminous", "uv": [ 12.0, 2.0, 11.0, 0.0 ], "autoUv": false, "snapUv": false },
										"down": { "texture": "#bituminous", "uv": [ 13.0, 0.0, 12.0, 2.0 ], "autoUv": false, "snapUv": false }
									}
								},
								{
									"name": "cube",
									"from": [ -0.785, -6.95, -0.99 ],
									"to": [ -0.21, -6.88, 0.99 ],
									"rotationOrigin": [ -0.5, -7.0, 0.0 ],
									"rotationX": 180.0,
									"rotationY": -45.0,
									"rotationZ": 180.0,
									"faces": {
										"north": { "texture": "#bituminous", "uv": [ 9.0, 14.0, 10.0, 15.0 ], "autoUv": false, "snapUv": false },
										"east": { "texture": "#bituminous", "uv": [ 16.0, 11.0, 18.0, 12.0 ], "autoUv": false, "snapUv": false },
										"south": { "texture": "#bituminous", "uv": [ 16.0, 11.0, 17.0, 12.0 ], "autoUv": false, "snapUv": false },
										"west": { "texture": "#bituminous", "uv": [ 4.0, 11.0, 6.0, 12.0 ], "autoUv": false, "snapUv": false },
										"up": { "texture": "#bituminous", "uv": [ 4.0, 2.0, 3.0, 0.0 ], "autoUv": false, "snapUv": false },
										"down": { "texture": "#bituminous", "uv": [ 9.0, 0.0, 8.0, 2.0 ], "autoUv": false, "snapUv": false }
									}
								},
								{
									"name": "cube",
									"from": [ -1.0, -6.95, -0.9 ],
									"to": [ 0.0, -6.878, 0.9 ],
									"rotationOrigin": [ -0.5, -7.0, 0.0 ],
									"rotationY": -90.0,
									"faces": {
										"north": { "texture": "#bituminous", "uv": [ 10.0, 11.0, 11.0, 12.0 ], "autoUv": false, "snapUv": false },
										"east": { "texture": "#bituminous", "uv": [ 12.0, 11.0, 14.0, 12.0 ], "autoUv": false, "snapUv": false },
										"south": { "texture": "#bituminous", "uv": [ 16.0, 12.0, 17.0, 13.0 ], "autoUv": false, "snapUv": false },
										"west": { "texture": "#bituminous", "uv": [ 14.0, 11.0, 16.0, 12.0 ], "autoUv": false, "snapUv": false },
										"up": { "texture": "#bituminous", "uv": [ 2.0, 9.0, 1.0, 7.0 ], "autoUv": false, "snapUv": false },
										"down": { "texture": "#bituminous", "uv": [ 3.0, 7.0, 2.0, 9.0 ], "autoUv": false, "snapUv": false }
									}
								},
								{
									"name": "cube",
									"from": [ -0.785, -6.95, -0.99 ],
									"to": [ -0.21, -6.88, 0.99 ],
									"rotationOrigin": [ -0.5, -7.0, 0.0 ],
									"rotationY": -45.0,
									"faces": {
										"north": { "texture": "#bituminous", "uv": [ 11.0, 11.0, 12.0, 12.0 ], "autoUv": false, "snapUv": false },
										"east": { "texture": "#bituminous", "uv": [ 0.0, 1.0, 2.0, 2.0 ], "autoUv": false, "snapUv": false },
										"south": { "texture": "#bituminous", "uv": [ 16.0, 10.0, 17.0, 11.0 ], "autoUv": false, "snapUv": false },
										"west": { "texture": "#bituminous", "uv": [ 2.0, 1.0, 4.0, 2.0 ], "autoUv": false, "snapUv": false },
										"up": { "texture": "#bituminous", "uv": [ 9.0, 9.0, 8.0, 7.0 ], "autoUv": false, "snapUv": false },
										"down": { "texture": "#bituminous", "uv": [ 10.0, 7.0, 9.0, 9.0 ], "autoUv": false, "snapUv": false }
									}
								}
							]
						},
						{
							"name": "hole2",
							"from": [ 4.5, 0.0, -0.25 ],
							"to": [ 4.5, 0.0, -0.25 ],
							"rotationOrigin": [ 4.5, 0.0, -0.25 ],
							"faces": {
								"north": { "texture": "#bituminous", "uv": [ 0.0, 0.0, 0.5, 0.5 ], "enabled": false },
								"east": { "texture": "#bituminous", "uv": [ 0.0, 0.0, 0.5, 0.5 ], "enabled": false },
								"south": { "texture": "#bituminous", "uv": [ 0.0, 0.0, 0.5, 0.5 ], "enabled": false },
								"west": { "texture": "#bituminous", "uv": [ 0.0, 0.0, 0.5, 0.5 ], "enabled": false },
								"up": { "texture": "#bituminous", "uv": [ 0.0, 0.0, 0.5, 0.5 ], "enabled": false },
								"down": { "texture": "#bituminous", "uv": [ 0.0, 0.0, 0.5, 0.5 ], "enabled": false }
							},
							"children": [
								{
									"name": "cube",
									"from": [ -1.0, -6.95, -0.9 ],
									"to": [ 0.0, -6.875, 0.9 ],
									"rotationOrigin": [ -0.5, -7.0, 0.0 ],
									"faces": {
										"north": { "texture": "#bituminous", "uv": [ 12.0, 11.0, 13.0, 12.0 ], "autoUv": false, "snapUv": false },
										"east": { "texture": "#bituminous", "uv": [ 7.0, 1.0, 9.0, 2.0 ], "autoUv": false, "snapUv": false },
										"south": { "texture": "#bituminous", "uv": [ 16.0, 11.0, 17.0, 12.0 ], "autoUv": false, "snapUv": false },
										"west": { "texture": "#bituminous", "uv": [ 13.0, 1.0, 15.0, 2.0 ], "autoUv": false, "snapUv": false },
										"up": { "texture": "#bituminous", "uv": [ 5.0, 9.0, 4.0, 7.0 ], "autoUv": false, "snapUv": false },
										"down": { "texture": "#bituminous", "uv": [ 6.0, 7.0, 5.0, 9.0 ], "autoUv": false, "snapUv": false }
									}
								},
								{
									"name": "cube",
									"from": [ -0.785, -6.95, -0.99 ],
									"to": [ -0.21, -6.88, 0.99 ],
									"rotationOrigin": [ -0.5, -7.0, 0.0 ],
									"rotationX": 180.0,
									"rotationY": -45.0,
									"rotationZ": 180.0,
									"faces": {
										"north": { "texture": "#bituminous", "uv": [ 13.0, 11.0, 14.0, 12.0 ], "autoUv": false, "snapUv": false },
										"east": { "texture": "#bituminous", "uv": [ 4.0, 1.0, 6.0, 2.0 ], "autoUv": false, "snapUv": false },
										"south": { "texture": "#bituminous", "uv": [ 16.0, 10.0, 17.0, 11.0 ], "autoUv": false, "snapUv": false },
										"west": { "texture": "#bituminous", "uv": [ 9.0, 1.0, 11.0, 2.0 ], "autoUv": false, "snapUv": false },
										"up": { "texture": "#bituminous", "uv": [ 10.0, 9.0, 9.0, 7.0 ], "autoUv": false, "snapUv": false },
										"down": { "texture": "#bituminous", "uv": [ 15.0, 7.0, 14.0, 9.0 ], "autoUv": false, "snapUv": false }
									}
								},
								{
									"name": "cube",
									"from": [ -1.0, -6.95, -0.9 ],
									"to": [ 0.0, -6.878, 0.9 ],
									"rotationOrigin": [ -0.5, -7.0, 0.0 ],
									"rotationY": -90.0,
									"faces": {
										"north": { "texture": "#bituminous", "uv": [ 14.0, 11.0, 15.0, 12.0 ], "autoUv": false, "snapUv": false },
										"east": { "texture": "#bituminous", "uv": [ 12.0, 1.0, 14.0, 2.0 ], "autoUv": false, "snapUv": false },
										"south": { "texture": "#bituminous", "uv": [ 16.0, 11.0, 17.0, 12.0 ], "autoUv": false, "snapUv": false },
										"west": { "texture": "#bituminous", "uv": [ 3.0, 8.0, 5.0, 9.0 ], "autoUv": false, "snapUv": false },
										"up": { "texture": "#bituminous", "uv": [ 6.0, 10.0, 5.0, 8.0 ], "autoUv": false, "snapUv": false },
										"down": { "texture": "#bituminous", "uv": [ 7.0, 8.0, 6.0, 10.0 ], "autoUv": false, "snapUv": false }
									}
								},
								{
									"name": "cube",
									"from": [ -0.785, -6.95, -0.99 ],
									"to": [ -0.21, -6.88, 0.99 ],
									"rotationOrigin": [ -0.5, -7.0, 0.0 ],
									"rotationY": -45.0,
									"faces": {
										"north": { "texture": "#bituminous", "uv": [ 15.0, 11.0, 16.0, 12.0 ], "autoUv": false, "snapUv": false },
										"east": { "texture": "#bituminous", "uv": [ 10.0, 8.0, 12.0, 9.0 ], "autoUv": false, "snapUv": false },
										"south": { "texture": "#bituminous", "uv": [ 13.0, 1.0, 14.0, 2.0 ], "autoUv": false, "snapUv": false },
										"west": { "texture": "#bituminous", "uv": [ 14.0, 8.0, 16.0, 9.0 ], "autoUv": false, "snapUv": false },
										"up": { "texture": "#bituminous", "uv": [ 8.0, 10.0, 7.0, 8.0 ], "autoUv": false, "snapUv": false },
										"down": { "texture": "#bituminous", "uv": [ 17.0, 8.0, 16.0, 10.0 ], "autoUv": false, "snapUv": false }
									}
								}
							]
						}
					]
				}
			]
		}
	]}