{
	"editor": {
		"allAngles": false,
		"entityTextureMode": false
	},
	"textureWidth": 16,
	"textureHeight": 16,
	"textureSizes": {
		"color": [16,16],
		"coke": [16,16]
	},
	"textures": {
		"coke": "game:block/coal/coke"
	},
	"elements": [
		{
			"name": "origin",
			"from": [ 9.25, 1.5, 8.0 ],
			"to": [ 9.25, 1.5, 8.0 ],
			"rotationOrigin": [ 9.25, 1.5, 8.0 ],
			"rotationZ": -180.0,
			"faces": {
				"north": { "texture": "#color", "uv": [ 0.0, 0.0, 0.5, 0.5 ], "enabled": false },
				"east": { "texture": "#color", "uv": [ 0.0, 0.0, 0.5, 0.5 ], "enabled": false },
				"south": { "texture": "#color", "uv": [ 0.0, 0.0, 0.5, 0.5 ], "enabled": false },
				"west": { "texture": "#color", "uv": [ 0.0, 0.0, 0.5, 0.5 ], "enabled": false },
				"up": { "texture": "#color", "uv": [ 0.0, 0.0, 0.5, 0.5 ], "enabled": false },
				"down": { "texture": "#color", "uv": [ 0.0, 0.0, 0.5, 0.5 ], "enabled": false }
			},
			"children": [
				{
					"name": "centerpiece",
					"from": [ -1.25, 6.5, 0.0 ],
					"to": [ -1.25, 6.5, 0.0 ],
					"rotationOrigin": [ -1.25, 6.5, 0.0 ],
					"faces": {
						"north": { "texture": "#coke", "uv": [ 0.0, 0.0, 0.5, 0.5 ], "enabled": false },
						"east": { "texture": "#coke", "uv": [ 0.0, 0.0, 0.5, 0.5 ], "enabled": false },
						"south": { "texture": "#coke", "uv": [ 0.0, 0.0, 0.5, 0.5 ], "enabled": false },
						"west": { "texture": "#coke", "uv": [ 0.0, 0.0, 0.5, 0.5 ], "enabled": false },
						"up": { "texture": "#coke", "uv": [ 0.0, 0.0, 0.5, 0.5 ], "enabled": false },
						"down": { "texture": "#coke", "uv": [ 0.0, 0.0, 0.5, 0.5 ], "enabled": false }
					},
					"children": [
						{
							"name": "cube",
							"from": [ -0.75, -7.275, 0.0 ],
							"to": [ 3.5, -5.225, 1.0 ],
							"rotationOrigin": [ 5.0, -8.75, 2.25 ],
							"faces": {
								"north": { "texture": "#coke", "uv": [ 6.0, 3.0, 10.0, 5.0 ], "autoUv": false, "snapUv": false },
								"east": { "texture": "#coke", "uv": [ 14.0, 13.0, 15.0, 15.0 ], "autoUv": false, "snapUv": false },
								"south": { "texture": "#coke", "uv": [ 6.0, 5.0, 10.0, 7.0 ], "autoUv": false, "snapUv": false },
								"west": { "texture": "#coke", "uv": [ 1.0, 2.0, 2.0, 4.0 ], "autoUv": false, "snapUv": false },
								"up": { "texture": "#coke", "uv": [ 14.0, 11.0, 10.0, 10.0 ], "autoUv": false, "snapUv": false },
								"down": { "texture": "#coke", "uv": [ 8.0, 11.0, 4.0, 12.0 ], "autoUv": false, "snapUv": false }
							}
						},
						{
							"name": "cube",
							"from": [ -0.25, -6.5, 2.0 ],
							"to": [ 0.5, -6.0, 4.0 ],
							"rotationOrigin": [ 1.0, -7.0, 2.25 ],
							"rotationY": -17.5,
							"faces": {
								"north": { "texture": "#coke", "uv": [ 7.0, 11.0, 8.0, 12.0 ], "autoUv": false, "snapUv": false },
								"east": { "texture": "#coke", "uv": [ 4.0, 9.0, 6.0, 10.0 ], "autoUv": false, "snapUv": false },
								"south": { "texture": "#coke", "uv": [ 8.0, 1.0, 9.0, 2.0 ], "autoUv": false, "snapUv": false },
								"west": { "texture": "#coke", "uv": [ 6.0, 1.0, 8.0, 2.0 ], "autoUv": false, "snapUv": false },
								"up": { "texture": "#coke", "uv": [ 3.0, 4.0, 2.0, 2.0 ], "autoUv": false, "snapUv": false },
								"down": { "texture": "#coke", "uv": [ 4.0, 2.0, 3.0, 4.0 ], "autoUv": false, "snapUv": false }
							}
						}
					]
				},
				{
					"name": "mouthpiece",
					"from": [ 0.0, 0.0, 0.0 ],
					"to": [ 0.0, 0.0, 0.0 ],
					"faces": {
						"north": { "texture": "#color", "uv": [ 0.0, 0.0, 0.5, 0.5 ], "enabled": false },
						"east": { "texture": "#color", "uv": [ 0.0, 0.0, 0.5, 0.5 ], "enabled": false },
						"south": { "texture": "#color", "uv": [ 0.0, 0.0, 0.5, 0.5 ], "enabled": false },
						"west": { "texture": "#color", "uv": [ 0.0, 0.0, 0.5, 0.5 ], "enabled": false },
						"up": { "texture": "#color", "uv": [ 0.0, 0.0, 0.5, 0.5 ], "enabled": false },
						"down": { "texture": "#color", "uv": [ 0.0, 0.0, 0.5, 0.5 ], "enabled": false }
					},
					"children": [
						{
							"name": "cube",
							"from": [ -2.0, 0.5, 1.5 ],
							"to": [ -0.25, 1.0, 4.75 ],
							"rotationOrigin": [ -0.25, -1.0, 2.25 ],
							"rotationY": -17.5,
							"faces": {
								"north": { "texture": "#color", "uv": [ 6.0, 10.0, 8.0, 11.0 ], "autoUv": false, "snapUv": false },
								"east": { "texture": "#color", "uv": [ 12.0, 2.0, 15.0, 3.0 ], "autoUv": false, "snapUv": false },
								"south": { "texture": "#color", "uv": [ 7.0, 2.0, 9.0, 3.0 ], "autoUv": false, "snapUv": false },
								"west": { "texture": "#color", "uv": [ 12.0, 8.0, 15.0, 9.0 ], "autoUv": false, "snapUv": false },
								"up": { "texture": "#color", "uv": [ 8.0, 10.0, 6.0, 7.0 ], "autoUv": false, "snapUv": false },
								"down": { "texture": "#color", "uv": [ 10.0, 7.0, 8.0, 10.0 ], "autoUv": false, "snapUv": false }
							}
						},
						{
							"name": "cube",
							"from": [ -0.75, 0.0, 1.5 ],
							"to": [ -0.25, 0.5, 4.75 ],
							"rotationOrigin": [ -0.25, -1.5, 2.25 ],
							"rotationY": -17.5,
							"faces": {
								"north": { "texture": "#color", "uv": [ 8.0, 5.0, 9.0, 6.0 ], "autoUv": false, "snapUv": false },
								"east": { "texture": "#color", "uv": [ 12.0, 9.0, 15.0, 10.0 ], "autoUv": false, "snapUv": false },
								"south": { "texture": "#color", "uv": [ 9.0, 3.0, 10.0, 4.0 ], "autoUv": false, "snapUv": false },
								"west": { "texture": "#color", "uv": [ 12.0, 11.0, 15.0, 12.0 ], "autoUv": false, "snapUv": false },
								"up": { "texture": "#color", "uv": [ 13.0, 15.0, 12.0, 12.0 ], "autoUv": false, "snapUv": false },
								"down": { "texture": "#color", "uv": [ 9.0, 0.0, 8.0, 3.0 ], "autoUv": false, "snapUv": false }
							}
						},
						{
							"name": "cube",
							"from": [ -2.0, 0.0, 1.5 ],
							"to": [ -1.5, 0.5, 4.75 ],
							"rotationOrigin": [ -0.25, -1.5, 2.25 ],
							"rotationY": -17.5,
							"faces": {
								"north": { "texture": "#color", "uv": [ 10.0, 3.0, 11.0, 4.0 ], "autoUv": false, "snapUv": false },
								"east": { "texture": "#color", "uv": [ 9.0, 13.0, 12.0, 14.0 ], "autoUv": false, "snapUv": false },
								"south": { "texture": "#color", "uv": [ 8.0, 10.0, 9.0, 11.0 ], "autoUv": false, "snapUv": false },
								"west": { "texture": "#color", "uv": [ 5.0, 12.0, 8.0, 13.0 ], "autoUv": false, "snapUv": false },
								"up": { "texture": "#color", "uv": [ 14.0, 3.0, 13.0, 0.0 ], "autoUv": false, "snapUv": false },
								"down": { "texture": "#color", "uv": [ 1.0, 1.0, 0.0, 4.0 ], "autoUv": false, "snapUv": false }
							}
						},
						{
							"name": "cube",
							"from": [ -2.0, -0.5, 1.5 ],
							"to": [ -0.25, 0.0, 4.75 ],
							"rotationOrigin": [ -0.25, -1.0, 2.25 ],
							"rotationY": -17.5,
							"faces": {
								"north": { "texture": "#color", "uv": [ 7.0, 6.0, 9.0, 7.0 ], "autoUv": false, "snapUv": false },
								"east": { "texture": "#color", "uv": [ 6.0, 0.0, 9.0, 1.0 ], "autoUv": false, "snapUv": false },
								"south": { "texture": "#color", "uv": [ 7.0, 7.0, 9.0, 8.0 ], "autoUv": false, "snapUv": false },
								"west": { "texture": "#color", "uv": [ 1.0, 14.0, 4.0, 15.0 ], "autoUv": false, "snapUv": false },
								"up": { "texture": "#color", "uv": [ 2.0, 12.0, 0.0, 9.0 ], "autoUv": false, "snapUv": false },
								"down": { "texture": "#color", "uv": [ 4.0, 9.0, 2.0, 12.0 ], "autoUv": false, "snapUv": false }
							}
						},
						{
							"name": "cube",
							"from": [ -0.85, -0.35, 1.9 ],
							"to": [ 0.4, 0.9, 3.9 ],
							"rotationOrigin": [ 0.9, -1.1, 2.4 ],
							"rotationY": -45.0,
							"faces": {
								"north": { "texture": "#color", "uv": [ 11.0, 3.0, 12.0, 4.0 ], "autoUv": false, "snapUv": false },
								"east": { "texture": "#color", "uv": [ 7.0, 8.0, 9.0, 9.0 ], "autoUv": false, "snapUv": false },
								"south": { "texture": "#color", "uv": [ 8.0, 11.0, 9.0, 12.0 ], "autoUv": false, "snapUv": false },
								"west": { "texture": "#color", "uv": [ 7.0, 9.0, 9.0, 10.0 ], "autoUv": false, "snapUv": false },
								"up": { "texture": "#color", "uv": [ 13.0, 4.0, 12.0, 2.0 ], "autoUv": false, "snapUv": false },
								"down": { "texture": "#color", "uv": [ 8.0, 13.0, 7.0, 15.0 ], "autoUv": false, "snapUv": false }
							}
						}
					]
				},
				{
					"name": "body",
					"from": [ 0.0, 0.0, 0.0 ],
					"to": [ 0.0, 0.0, 0.0 ],
					"faces": {
						"north": { "texture": "#color", "uv": [ 0.0, 0.0, 0.5, 0.5 ], "enabled": false },
						"east": { "texture": "#color", "uv": [ 0.0, 0.0, 0.5, 0.5 ], "enabled": false },
						"south": { "texture": "#color", "uv": [ 0.0, 0.0, 0.5, 0.5 ], "enabled": false },
						"west": { "texture": "#color", "uv": [ 0.0, 0.0, 0.5, 0.5 ], "enabled": false },
						"up": { "texture": "#color", "uv": [ 0.0, 0.0, 0.5, 0.5 ], "enabled": false },
						"down": { "texture": "#color", "uv": [ 0.0, 0.0, 0.5, 0.5 ], "enabled": false }
					},
					"children": [
						{
							"name": "cube",
							"from": [ -2.75, -1.0, -0.75 ],
							"to": [ 3.0, 1.5, 0.0 ],
							"rotationOrigin": [ 0.0, -0.5, 0.25 ],
							"faces": {
								"north": { "texture": "#color", "uv": [ 0.0, 0.0, 6.0, 3.0 ], "autoUv": false, "snapUv": false },
								"east": { "texture": "#color", "uv": [ 4.0, 1.0, 5.0, 4.0 ], "autoUv": false, "snapUv": false },
								"south": { "texture": "#color", "uv": [ 0.0, 3.0, 6.0, 6.0 ], "autoUv": false, "snapUv": false },
								"west": { "texture": "#color", "uv": [ 5.0, 1.0, 6.0, 4.0 ], "autoUv": false, "snapUv": false },
								"up": { "texture": "#color", "uv": [ 8.0, 4.0, 2.0, 3.0 ], "autoUv": false, "snapUv": false },
								"down": { "texture": "#color", "uv": [ 10.0, 10.0, 4.0, 11.0 ], "autoUv": false, "snapUv": false }
							}
						},
						{
							"name": "cube",
							"from": [ -2.75, -1.0, 1.0 ],
							"to": [ 3.0, 1.5, 1.75 ],
							"rotationOrigin": [ 0.0, -0.5, 2.25 ],
							"faces": {
								"north": { "texture": "#color", "uv": [ 0.0, 6.0, 6.0, 9.0 ], "autoUv": false, "snapUv": false },
								"east": { "texture": "#color", "uv": [ 6.0, 1.0, 7.0, 4.0 ], "autoUv": false, "snapUv": false },
								"south": { "texture": "#color", "uv": [ 6.0, 0.0, 12.0, 3.0 ], "autoUv": false, "snapUv": false },
								"west": { "texture": "#color", "uv": [ 7.0, 1.0, 8.0, 4.0 ], "autoUv": false, "snapUv": false },
								"up": { "texture": "#color", "uv": [ 8.0, 5.0, 2.0, 4.0 ], "autoUv": false, "snapUv": false },
								"down": { "texture": "#color", "uv": [ 8.0, 5.0, 2.0, 6.0 ], "autoUv": false, "snapUv": false }
							}
						},
						{
							"name": "cube",
							"from": [ -3.5, -0.75, -0.5 ],
							"to": [ -2.75, 1.25, 1.5 ],
							"rotationOrigin": [ -0.75, -2.25, 2.25 ],
							"faces": {
								"north": { "texture": "#color", "uv": [ 14.0, 2.0, 15.0, 4.0 ], "autoUv": false, "snapUv": false },
								"east": { "texture": "#color", "uv": [ 8.0, 11.0, 10.0, 13.0 ], "autoUv": false, "snapUv": false },
								"south": { "texture": "#color", "uv": [ 7.0, 2.0, 8.0, 4.0 ], "autoUv": false, "snapUv": false },
								"west": { "texture": "#color", "uv": [ 10.0, 11.0, 12.0, 13.0 ], "autoUv": false, "snapUv": false },
								"up": { "texture": "#color", "uv": [ 9.0, 5.0, 8.0, 3.0 ], "autoUv": false, "snapUv": false },
								"down": { "texture": "#color", "uv": [ 9.0, 3.0, 8.0, 5.0 ], "autoUv": false, "snapUv": false }
							}
						},
						{
							"name": "cube",
							"from": [ 3.0, -0.75, -0.5 ],
							"to": [ 4.75, 1.25, 1.5 ],
							"rotationOrigin": [ 5.75, -2.25, 2.25 ],
							"faces": {
								"north": { "texture": "#color", "uv": [ 0.0, 12.0, 2.0, 14.0 ], "autoUv": false, "snapUv": false },
								"east": { "texture": "#color", "uv": [ 12.0, 0.0, 14.0, 2.0 ], "autoUv": false, "snapUv": false },
								"south": { "texture": "#color", "uv": [ 2.0, 12.0, 4.0, 14.0 ], "autoUv": false, "snapUv": false },
								"west": { "texture": "#color", "uv": [ 4.0, 12.0, 6.0, 14.0 ], "autoUv": false, "snapUv": false },
								"up": { "texture": "#color", "uv": [ 8.0, 14.0, 6.0, 12.0 ], "autoUv": false, "snapUv": false },
								"down": { "texture": "#color", "uv": [ 14.0, 6.0, 12.0, 8.0 ], "autoUv": false, "snapUv": false }
							}
						},
						{
							"name": "cube",
							"from": [ 4.75, -0.5, -0.25 ],
							"to": [ 5.75, 1.0, 1.25 ],
							"rotationOrigin": [ 5.75, -2.5, 2.5 ],
							"faces": {
								"north": { "texture": "#color", "uv": [ 14.0, 6.0, 15.0, 8.0 ], "autoUv": false, "snapUv": false },
								"east": { "texture": "#color", "uv": [ 10.0, 6.0, 12.0, 8.0 ], "autoUv": false, "snapUv": false },
								"south": { "texture": "#color", "uv": [ 9.0, 1.0, 10.0, 3.0 ], "autoUv": false, "snapUv": false },
								"west": { "texture": "#color", "uv": [ 10.0, 8.0, 12.0, 10.0 ], "autoUv": false, "snapUv": false },
								"up": { "texture": "#color", "uv": [ 11.0, 3.0, 10.0, 1.0 ], "autoUv": false, "snapUv": false },
								"down": { "texture": "#color", "uv": [ 12.0, 1.0, 11.0, 3.0 ], "autoUv": false, "snapUv": false }
							}
						}
					]
				},
				{
					"name": "holes",
					"from": [ 0.0, 0.0, 0.0 ],
					"to": [ 0.0, 0.0, 0.0 ],
					"faces": {
						"north": { "texture": "#color", "uv": [ 0.0, 0.0, 0.5, 0.5 ], "enabled": false },
						"east": { "texture": "#color", "uv": [ 0.0, 0.0, 0.5, 0.5 ], "enabled": false },
						"south": { "texture": "#color", "uv": [ 0.0, 0.0, 0.5, 0.5 ], "enabled": false },
						"west": { "texture": "#color", "uv": [ 0.0, 0.0, 0.5, 0.5 ], "enabled": false },
						"up": { "texture": "#color", "uv": [ 0.0, 0.0, 0.5, 0.5 ], "enabled": false },
						"down": { "texture": "#color", "uv": [ 0.0, 0.0, 0.5, 0.5 ], "enabled": false }
					},
					"children": [
						{
							"name": "top",
							"from": [ 0.0, 0.0, 0.0 ],
							"to": [ 0.0, 0.0, 0.0 ],
							"faces": {
								"north": { "texture": "#color", "uv": [ 0.0, 0.0, 0.5, 0.5 ], "enabled": false },
								"east": { "texture": "#color", "uv": [ 0.0, 0.0, 0.5, 0.5 ], "enabled": false },
								"south": { "texture": "#color", "uv": [ 0.0, 0.0, 0.5, 0.5 ], "enabled": false },
								"west": { "texture": "#color", "uv": [ 0.0, 0.0, 0.5, 0.5 ], "enabled": false },
								"up": { "texture": "#color", "uv": [ 0.0, 0.0, 0.5, 0.5 ], "enabled": false },
								"down": { "texture": "#color", "uv": [ 0.0, 0.0, 0.5, 0.5 ], "enabled": false }
							},
							"children": [
								{
									"name": "cube",
									"from": [ -2.0, -1.0, 0.0 ],
									"to": [ -1.5, -0.5, 0.5 ],
									"rotationOrigin": [ 1.5, -2.5, 1.75 ],
									"faces": {
										"north": { "texture": "#color", "uv": [ 8.0, 12.0, 9.0, 13.0 ], "autoUv": false, "snapUv": false },
										"east": { "texture": "#color", "uv": [ 13.0, 3.0, 14.0, 4.0 ], "autoUv": false, "snapUv": false },
										"south": { "texture": "#color", "uv": [ 8.0, 13.0, 9.0, 14.0 ], "autoUv": false, "snapUv": false },
										"west": { "texture": "#color", "uv": [ 8.0, 14.0, 9.0, 15.0 ], "autoUv": false, "snapUv": false },
										"up": { "texture": "#color", "uv": [ 9.0, 3.0, 8.0, 2.0 ], "autoUv": false, "snapUv": false },
										"down": { "texture": "#color", "uv": [ 9.0, 3.0, 8.0, 4.0 ], "autoUv": false, "snapUv": false }
									}
								},
								{
									"name": "cube",
									"from": [ -2.75, -1.0, 0.0 ],
									"to": [ -2.0, -0.5, 1.0 ],
									"rotationOrigin": [ 0.0, -2.5, 2.25 ],
									"faces": {
										"north": { "texture": "#color", "uv": [ 0.0, 4.0, 1.0, 5.0 ], "autoUv": false, "snapUv": false },
										"east": { "texture": "#color", "uv": [ 9.0, 0.0, 10.0, 1.0 ], "autoUv": false, "snapUv": false },
										"south": { "texture": "#color", "uv": [ 1.0, 4.0, 2.0, 5.0 ], "autoUv": false, "snapUv": false },
										"west": { "texture": "#color", "uv": [ 9.0, 1.0, 10.0, 2.0 ], "autoUv": false, "snapUv": false },
										"up": { "texture": "#color", "uv": [ 3.0, 5.0, 2.0, 4.0 ], "autoUv": false, "snapUv": false },
										"down": { "texture": "#color", "uv": [ 10.0, 2.0, 9.0, 3.0 ], "autoUv": false, "snapUv": false }
									}
								},
								{
									"name": "cube",
									"from": [ -1.5, -1.0, 0.0 ],
									"to": [ -0.75, -0.5, 1.0 ],
									"rotationOrigin": [ 1.0, -2.5, 2.25 ],
									"faces": {
										"north": { "texture": "#color", "uv": [ 3.0, 4.0, 4.0, 5.0 ], "autoUv": false, "snapUv": false },
										"east": { "texture": "#color", "uv": [ 9.0, 3.0, 10.0, 4.0 ], "autoUv": false, "snapUv": false },
										"south": { "texture": "#color", "uv": [ 4.0, 4.0, 5.0, 5.0 ], "autoUv": false, "snapUv": false },
										"west": { "texture": "#color", "uv": [ 9.0, 4.0, 10.0, 5.0 ], "autoUv": false, "snapUv": false },
										"up": { "texture": "#color", "uv": [ 6.0, 5.0, 5.0, 4.0 ], "autoUv": false, "snapUv": false },
										"down": { "texture": "#color", "uv": [ 10.0, 5.0, 9.0, 6.0 ], "autoUv": false, "snapUv": false }
									}
								},
								{
									"name": "cube",
									"from": [ -0.75, -1.0, 0.5 ],
									"to": [ -0.25, -0.5, 1.0 ],
									"rotationOrigin": [ 2.75, -2.5, 2.25 ],
									"faces": {
										"north": { "texture": "#color", "uv": [ 6.0, 4.0, 7.0, 5.0 ], "autoUv": false, "snapUv": false },
										"east": { "texture": "#color", "uv": [ 9.0, 6.0, 10.0, 7.0 ], "autoUv": false, "snapUv": false },
										"south": { "texture": "#color", "uv": [ 7.0, 4.0, 8.0, 5.0 ], "autoUv": false, "snapUv": false },
										"west": { "texture": "#color", "uv": [ 9.0, 7.0, 10.0, 8.0 ], "autoUv": false, "snapUv": false },
										"up": { "texture": "#color", "uv": [ 10.0, 9.0, 9.0, 8.0 ], "autoUv": false, "snapUv": false },
										"down": { "texture": "#color", "uv": [ 10.0, 4.0, 9.0, 5.0 ], "autoUv": false, "snapUv": false }
									}
								},
								{
									"name": "cube",
									"from": [ -0.25, -1.0, 0.0 ],
									"to": [ 0.5, -0.5, 1.0 ],
									"rotationOrigin": [ 2.75, -2.5, 2.25 ],
									"faces": {
										"north": { "texture": "#color", "uv": [ 9.0, 9.0, 10.0, 10.0 ], "autoUv": false, "snapUv": false },
										"east": { "texture": "#color", "uv": [ 10.0, 4.0, 11.0, 5.0 ], "autoUv": false, "snapUv": false },
										"south": { "texture": "#color", "uv": [ 9.0, 10.0, 10.0, 11.0 ], "autoUv": false, "snapUv": false },
										"west": { "texture": "#color", "uv": [ 11.0, 4.0, 12.0, 5.0 ], "autoUv": false, "snapUv": false },
										"up": { "texture": "#color", "uv": [ 10.0, 12.0, 9.0, 11.0 ], "autoUv": false, "snapUv": false },
										"down": { "texture": "#color", "uv": [ 13.0, 4.0, 12.0, 5.0 ], "autoUv": false, "snapUv": false }
									}
								},
								{
									"name": "cube",
									"from": [ 0.5, -1.0, 0.0 ],
									"to": [ 1.0, -0.5, 0.5 ],
									"rotationOrigin": [ 4.0, -2.5, 1.75 ],
									"faces": {
										"north": { "texture": "#color", "uv": [ 9.0, 12.0, 10.0, 13.0 ], "autoUv": false, "snapUv": false },
										"east": { "texture": "#color", "uv": [ 13.0, 4.0, 14.0, 5.0 ], "autoUv": false, "snapUv": false },
										"south": { "texture": "#color", "uv": [ 9.0, 13.0, 10.0, 14.0 ], "autoUv": false, "snapUv": false },
										"west": { "texture": "#color", "uv": [ 14.0, 4.0, 15.0, 5.0 ], "autoUv": false, "snapUv": false },
										"up": { "texture": "#color", "uv": [ 10.0, 15.0, 9.0, 14.0 ], "autoUv": false, "snapUv": false },
										"down": { "texture": "#color", "uv": [ 8.0, 4.0, 7.0, 5.0 ], "autoUv": false, "snapUv": false }
									}
								},
								{
									"name": "cube",
									"from": [ 1.75, -1.0, 0.5 ],
									"to": [ 2.25, -0.5, 1.0 ],
									"rotationOrigin": [ 5.25, -2.5, 2.25 ],
									"faces": {
										"north": { "texture": "#color", "uv": [ 9.0, 2.0, 10.0, 3.0 ], "autoUv": false, "snapUv": false },
										"east": { "texture": "#color", "uv": [ 8.0, 4.0, 9.0, 5.0 ], "autoUv": false, "snapUv": false },
										"south": { "texture": "#color", "uv": [ 9.0, 3.0, 10.0, 4.0 ], "autoUv": false, "snapUv": false },
										"west": { "texture": "#color", "uv": [ 9.0, 4.0, 10.0, 5.0 ], "autoUv": false, "snapUv": false },
										"up": { "texture": "#color", "uv": [ 1.0, 6.0, 0.0, 5.0 ], "autoUv": false, "snapUv": false },
										"down": { "texture": "#color", "uv": [ 11.0, 0.0, 10.0, 1.0 ], "autoUv": false, "snapUv": false }
									}
								},
								{
									"name": "cube",
									"from": [ 1.0, -1.0, 0.0 ],
									"to": [ 1.75, -0.5, 1.0 ],
									"rotationOrigin": [ 3.5, -2.5, 2.25 ],
									"faces": {
										"north": { "texture": "#color", "uv": [ 1.0, 5.0, 2.0, 6.0 ], "autoUv": false, "snapUv": false },
										"east": { "texture": "#color", "uv": [ 10.0, 1.0, 11.0, 2.0 ], "autoUv": false, "snapUv": false },
										"south": { "texture": "#color", "uv": [ 2.0, 5.0, 3.0, 6.0 ], "autoUv": false, "snapUv": false },
										"west": { "texture": "#color", "uv": [ 10.0, 2.0, 11.0, 3.0 ], "autoUv": false, "snapUv": false },
										"up": { "texture": "#color", "uv": [ 4.0, 6.0, 3.0, 5.0 ], "autoUv": false, "snapUv": false },
										"down": { "texture": "#color", "uv": [ 11.0, 3.0, 10.0, 4.0 ], "autoUv": false, "snapUv": false }
									}
								},
								{
									"name": "cube",
									"from": [ 2.25, -1.0, 0.0 ],
									"to": [ 3.0, -0.5, 1.0 ],
									"rotationOrigin": [ 5.25, -2.5, 2.25 ],
									"faces": {
										"north": { "texture": "#color", "uv": [ 4.0, 5.0, 5.0, 6.0 ], "autoUv": false, "snapUv": false },
										"east": { "texture": "#color", "uv": [ 10.0, 4.0, 11.0, 5.0 ], "autoUv": false, "snapUv": false },
										"south": { "texture": "#color", "uv": [ 5.0, 5.0, 6.0, 6.0 ], "autoUv": false, "snapUv": false },
										"west": { "texture": "#color", "uv": [ 10.0, 5.0, 11.0, 6.0 ], "autoUv": false, "snapUv": false },
										"up": { "texture": "#color", "uv": [ 7.0, 6.0, 6.0, 5.0 ], "autoUv": false, "snapUv": false },
										"down": { "texture": "#color", "uv": [ 11.0, 6.0, 10.0, 7.0 ], "autoUv": false, "snapUv": false }
									}
								}
							]
						},
						{
							"name": "bottom",
							"from": [ 0.0, 0.0, 0.0 ],
							"to": [ 0.0, 0.0, 0.0 ],
							"faces": {
								"north": { "texture": "#color", "uv": [ 0.0, 0.0, 0.5, 0.5 ], "enabled": false },
								"east": { "texture": "#color", "uv": [ 0.0, 0.0, 0.5, 0.5 ], "enabled": false },
								"south": { "texture": "#color", "uv": [ 0.0, 0.0, 0.5, 0.5 ], "enabled": false },
								"west": { "texture": "#color", "uv": [ 0.0, 0.0, 0.5, 0.5 ], "enabled": false },
								"up": { "texture": "#color", "uv": [ 0.0, 0.0, 0.5, 0.5 ], "enabled": false },
								"down": { "texture": "#color", "uv": [ 0.0, 0.0, 0.5, 0.5 ], "enabled": false }
							},
							"children": [
								{
									"name": "cube",
									"from": [ -2.75, 1.0, 0.0 ],
									"to": [ -2.0, 1.5, 1.0 ],
									"rotationOrigin": [ 0.0, -0.5, 2.25 ],
									"faces": {
										"north": { "texture": "#color", "uv": [ 7.0, 5.0, 8.0, 6.0 ], "autoUv": false, "snapUv": false },
										"east": { "texture": "#color", "uv": [ 10.0, 7.0, 11.0, 8.0 ], "autoUv": false, "snapUv": false },
										"south": { "texture": "#color", "uv": [ 8.0, 5.0, 9.0, 6.0 ], "autoUv": false, "snapUv": false },
										"west": { "texture": "#color", "uv": [ 10.0, 8.0, 11.0, 9.0 ], "autoUv": false, "snapUv": false },
										"up": { "texture": "#color", "uv": [ 10.0, 6.0, 9.0, 5.0 ], "autoUv": false, "snapUv": false },
										"down": { "texture": "#color", "uv": [ 11.0, 9.0, 10.0, 10.0 ], "autoUv": false, "snapUv": false }
									}
								},
								{
									"name": "cube",
									"from": [ 2.25, 1.0, 0.0 ],
									"to": [ 3.0, 1.5, 1.0 ],
									"rotationOrigin": [ 5.25, -0.5, 2.25 ],
									"faces": {
										"north": { "texture": "#color", "uv": [ 10.0, 5.0, 11.0, 6.0 ], "autoUv": false, "snapUv": false },
										"east": { "texture": "#color", "uv": [ 10.0, 10.0, 11.0, 11.0 ], "autoUv": false, "snapUv": false },
										"south": { "texture": "#color", "uv": [ 11.0, 5.0, 12.0, 6.0 ], "autoUv": false, "snapUv": false },
										"west": { "texture": "#color", "uv": [ 10.0, 11.0, 11.0, 12.0 ], "autoUv": false, "snapUv": false },
										"up": { "texture": "#color", "uv": [ 13.0, 6.0, 12.0, 5.0 ], "autoUv": false, "snapUv": false },
										"down": { "texture": "#color", "uv": [ 11.0, 12.0, 10.0, 13.0 ], "autoUv": false, "snapUv": false }
									}
								},
								{
									"name": "cube",
									"from": [ 0.5, 1.0, 0.0 ],
									"to": [ 1.0, 1.5, 0.5 ],
									"rotationOrigin": [ 4.0, -0.5, 1.75 ],
									"faces": {
										"north": { "texture": "#color", "uv": [ 13.0, 5.0, 14.0, 6.0 ], "autoUv": false, "snapUv": false },
										"east": { "texture": "#color", "uv": [ 10.0, 13.0, 11.0, 14.0 ], "autoUv": false, "snapUv": false },
										"south": { "texture": "#color", "uv": [ 14.0, 5.0, 15.0, 6.0 ], "autoUv": false, "snapUv": false },
										"west": { "texture": "#color", "uv": [ 10.0, 14.0, 11.0, 15.0 ], "autoUv": false, "snapUv": false },
										"up": { "texture": "#color", "uv": [ 8.0, 6.0, 7.0, 5.0 ], "autoUv": false, "snapUv": false },
										"down": { "texture": "#color", "uv": [ 11.0, 2.0, 10.0, 3.0 ], "autoUv": false, "snapUv": false }
									}
								},
								{
									"name": "cube",
									"from": [ -2.0, 1.0, 0.0 ],
									"to": [ -1.5, 1.5, 0.5 ],
									"rotationOrigin": [ 1.5, -0.5, 1.75 ],
									"faces": {
										"north": { "texture": "#color", "uv": [ 8.0, 2.0, 9.0, 3.0 ], "autoUv": false, "snapUv": false },
										"east": { "texture": "#color", "uv": [ 10.0, 0.0, 11.0, 1.0 ], "autoUv": false, "snapUv": false },
										"south": { "texture": "#color", "uv": [ 9.0, 2.0, 10.0, 3.0 ], "autoUv": false, "snapUv": false },
										"west": { "texture": "#color", "uv": [ 10.0, 1.0, 11.0, 2.0 ], "autoUv": false, "snapUv": false },
										"up": { "texture": "#color", "uv": [ 11.0, 3.0, 10.0, 2.0 ], "autoUv": false, "snapUv": false },
										"down": { "texture": "#color", "uv": [ 1.0, 3.0, 0.0, 4.0 ], "autoUv": false, "snapUv": false }
									}
								},
								{
									"name": "cube",
									"from": [ 1.75, 1.0, 0.5 ],
									"to": [ 2.25, 1.5, 1.0 ],
									"rotationOrigin": [ 5.25, -0.5, 2.25 ],
									"faces": {
										"north": { "texture": "#color", "uv": [ 11.0, 0.0, 12.0, 1.0 ], "autoUv": false, "snapUv": false },
										"east": { "texture": "#color", "uv": [ 1.0, 6.0, 2.0, 7.0 ], "autoUv": false, "snapUv": false },
										"south": { "texture": "#color", "uv": [ 11.0, 1.0, 12.0, 2.0 ], "autoUv": false, "snapUv": false },
										"west": { "texture": "#color", "uv": [ 2.0, 6.0, 3.0, 7.0 ], "autoUv": false, "snapUv": false },
										"up": { "texture": "#color", "uv": [ 12.0, 3.0, 11.0, 2.0 ], "autoUv": false, "snapUv": false },
										"down": { "texture": "#color", "uv": [ 4.0, 6.0, 3.0, 7.0 ], "autoUv": false, "snapUv": false }
									}
								},
								{
									"name": "cube",
									"from": [ 1.0, 1.0, 0.0 ],
									"to": [ 1.75, 1.5, 1.0 ],
									"rotationOrigin": [ 3.5, -0.5, 2.25 ],
									"faces": {
										"north": { "texture": "#color", "uv": [ 11.0, 3.0, 12.0, 4.0 ], "autoUv": false, "snapUv": false },
										"east": { "texture": "#color", "uv": [ 4.0, 6.0, 5.0, 7.0 ], "autoUv": false, "snapUv": false },
										"south": { "texture": "#color", "uv": [ 11.0, 4.0, 12.0, 5.0 ], "autoUv": false, "snapUv": false },
										"west": { "texture": "#color", "uv": [ 5.0, 6.0, 6.0, 7.0 ], "autoUv": false, "snapUv": false },
										"up": { "texture": "#color", "uv": [ 12.0, 6.0, 11.0, 5.0 ], "autoUv": false, "snapUv": false },
										"down": { "texture": "#color", "uv": [ 7.0, 6.0, 6.0, 7.0 ], "autoUv": false, "snapUv": false }
									}
								},
								{
									"name": "cube",
									"from": [ -1.5, 1.0, 0.0 ],
									"to": [ -0.75, 1.5, 1.0 ],
									"rotationOrigin": [ 1.0, -0.5, 2.25 ],
									"faces": {
										"north": { "texture": "#color", "uv": [ 11.0, 6.0, 12.0, 7.0 ], "autoUv": false, "snapUv": false },
										"east": { "texture": "#color", "uv": [ 7.0, 6.0, 8.0, 7.0 ], "autoUv": false, "snapUv": false },
										"south": { "texture": "#color", "uv": [ 11.0, 7.0, 12.0, 8.0 ], "autoUv": false, "snapUv": false },
										"west": { "texture": "#color", "uv": [ 8.0, 6.0, 9.0, 7.0 ], "autoUv": false, "snapUv": false },
										"up": { "texture": "#color", "uv": [ 12.0, 9.0, 11.0, 8.0 ], "autoUv": false, "snapUv": false },
										"down": { "texture": "#color", "uv": [ 10.0, 6.0, 9.0, 7.0 ], "autoUv": false, "snapUv": false }
									}
								},
								{
									"name": "cube",
									"from": [ -0.75, 1.0, 0.5 ],
									"to": [ -0.25, 1.5, 1.0 ],
									"rotationOrigin": [ 2.75, -0.5, 2.25 ],
									"faces": {
										"north": { "texture": "#color", "uv": [ 11.0, 9.0, 12.0, 10.0 ], "autoUv": false, "snapUv": false },
										"east": { "texture": "#color", "uv": [ 10.0, 6.0, 11.0, 7.0 ], "autoUv": false, "snapUv": false },
										"south": { "texture": "#color", "uv": [ 11.0, 10.0, 12.0, 11.0 ], "autoUv": false, "snapUv": false },
										"west": { "texture": "#color", "uv": [ 11.0, 6.0, 12.0, 7.0 ], "autoUv": false, "snapUv": false },
										"up": { "texture": "#color", "uv": [ 12.0, 12.0, 11.0, 11.0 ], "autoUv": false, "snapUv": false },
										"down": { "texture": "#color", "uv": [ 13.0, 6.0, 12.0, 7.0 ], "autoUv": false, "snapUv": false }
									}
								},
								{
									"name": "cube",
									"from": [ -0.25, 1.0, 0.0 ],
									"to": [ 0.5, 1.5, 1.0 ],
									"rotationOrigin": [ 2.75, -0.5, 2.25 ],
									"faces": {
										"north": { "texture": "#color", "uv": [ 11.0, 12.0, 12.0, 13.0 ], "autoUv": false, "snapUv": false },
										"east": { "texture": "#color", "uv": [ 13.0, 6.0, 14.0, 7.0 ], "autoUv": false, "snapUv": false },
										"south": { "texture": "#color", "uv": [ 11.0, 13.0, 12.0, 14.0 ], "autoUv": false, "snapUv": false },
										"west": { "texture": "#color", "uv": [ 14.0, 6.0, 15.0, 7.0 ], "autoUv": false, "snapUv": false },
										"up": { "texture": "#color", "uv": [ 12.0, 15.0, 11.0, 14.0 ], "autoUv": false, "snapUv": false },
										"down": { "texture": "#color", "uv": [ 8.0, 6.0, 7.0, 7.0 ], "autoUv": false, "snapUv": false }
									}
								}
							]
						}
					]
				}
			]
		}
	]}