{
	"editor": {
		"backDropShape": "entity/humanoid/seraph",
		"allAngles": true,
		"entityTextureMode": true
	},
	"textureWidth": 64,
	"textureHeight": 64,
	"textureSizes": {
		"armadura": [64,64]
	},
	"textures": {
		"armadura": "entity/humanoid/seraphclothes/upperbody/armor1"
	},
	"elements": [
		{
			"name": "ArmorUpperArmR",
			"stepParentName": "UpperArmR",
			"from": [ -0.2, 3.8, -0.3 ], 
			"to": [ 3.1, 7.2, 2.1 ], 
			"autoUnwrap": false,
			"uv": [ 31.5, 0.0 ],
			"renderInEditor": false,
			"rotationOrigin": [ -0.2, 3.8, -0.3 ],
			"faces": {
				"north": { "texture": "#armadura", "uv": [ 33.0, 41.5, 36.0, 44.5 ], "autoUv": false },
				"east": { "texture": "#armadura", "uv": [ 31.0, 41.5, 33.0, 44.5 ] },
				"south": { "texture": "#armadura", "uv": [ 38.0, 41.5, 41.0, 44.5 ] },
				"west": { "texture": "#armadura", "uv": [ 36.0, 41.5, 38.0, 44.5 ] },
				"up": { "texture": "#armadura", "uv": [ 36.0, 38.5, 38.0, 41.5 ], "rotation": 90 },
				"down": { "texture": "#armadura", "uv": [ 36.0, 41.5, 38.0, 44.5 ], "rotation": 90 }
			}
		},
		{
			"name": "ArmorUpperArmL",
			"stepParentName": "UpperArmL",
			"from": [ -0.2, 3.8, -0.1 ], 
			"to": [ 3.1, 7.2, 2.3 ], 
			"autoUnwrap": false,
			"uv": [ 34.0, -0.5 ],
			"renderInEditor": false,
			"rotationOrigin": [ -0.2, 3.8, -0.1 ],
			"faces": {
				"north": { "texture": "#armadura", "uv": [ 42.0, 41.5, 45.0, 44.5 ] },
				"east": { "texture": "#armadura", "uv": [ 50.0, 41.5, 52.0, 44.5 ] },
				"south": { "texture": "#armadura", "uv": [ 47.0, 41.5, 50.0, 44.5 ] },
				"west": { "texture": "#armadura", "uv": [ 45.0, 41.5, 47.0, 44.5 ] },
				"up": { "texture": "#armadura", "uv": [ 45.0, 38.5, 47.0, 41.5 ], "rotation": 90 },
				"down": { "texture": "#armadura", "uv": [ 45.0, 41.5, 47.0, 44.5 ], "rotation": 90 }
			}
		},
		{
			"name": "ArmorLowerArmR",
			"stepParentName": "LowerArmR",
			"from": [ -0.2, -0.2, -0.35 ], 
			"to": [ 2.7, 3.2, 2.25 ], 
			"autoUnwrap": false,
			"uv": [ 52.0, 35.5 ],
			"renderInEditor": false,
			"rotationOrigin": [ -0.2, -0.2, -0.5 ],
			"faces": {
				"north": { "texture": "#armadura", "uv": [ 54.0, 44.5, 56.5, 47.5 ] },
				"east": { "texture": "#armadura", "uv": [ 52.0, 44.5, 54.0, 47.5 ], "autoUv": false },
				"south": { "texture": "#armadura", "uv": [ 58.5, 44.5, 61.0, 47.5 ] },
				"west": { "texture": "#armadura", "uv": [ 56.5, 44.5, 58.5, 47.5 ], "autoUv": false },
				"up": { "texture": "#armadura", "uv": [ 58.5, 44.5, 60.5, 47.0 ], "rotation": 90, "autoUv": false },
				"down": { "texture": "#armadura", "uv": [ 56.5, 42.0, 58.5, 44.5 ], "rotation": 90, "autoUv": false }
			}
		},
		{
			"name": "ArmorLowerArmL",
			"stepParentName": "LowerArmL",
			"from": [ -0.2, -0.2, -0.25 ], 
			"to": [ 2.7, 3.2, 2.35 ], 
			"autoUnwrap": false,
			"uv": [ 52.0, 35.0 ],
			"rotationOrigin": [ -0.2, -0.2, -0.3 ],
			"faces": {
				"north": { "texture": "#armadura", "uv": [ 52.0, 50.5, 54.5, 53.5 ] },
				"east": { "texture": "#armadura", "uv": [ 59.0, 50.5, 61.0, 53.5 ], "autoUv": false },
				"south": { "texture": "#armadura", "uv": [ 56.5, 50.5, 59.0, 53.5 ] },
				"west": { "texture": "#armadura", "uv": [ 54.5, 50.5, 56.5, 53.5 ], "autoUv": false },
				"up": { "texture": "#armadura", "uv": [ 52.0, 50.5, 54.5, 53.0 ] },
				"down": { "texture": "#armadura", "uv": [ 54.5, 48.0, 56.5, 50.5 ], "rotation": 90, "autoUv": false, "windMode": [-1,-1,-1,-1] }
			}
		}
	]}