{
	"editor": {
		"allAngles": true,
		"entityTextureMode": true
	},
	"textureWidth": 64,
	"textureHeight": 64,
	"textureSizes": {
		"white-fur-coat2-fur-coat": [64,64]
	},
	"textures": {
		"white-fur-coat2": "entity/humanoid/seraphclothes/emblem/white-fur-coat2"
	},
	"elements": [
		{
			"name": "pecho",
			"stepParentName": "UpperTorso",
			"from": [ 0.5, 0.0, 0.1 ], 
			"to": [ 0.5, 0.0, 0.1 ], 
			"autoUnwrap": false,
			"uv": [ 0.0, 0.0 ],
			"faces": {
				"north": { "texture": "#white-fur-coat2", "uv": [ 19.75, 0.0, 22.25, 2.5 ], "autoUv": false },
				"east": { "texture": "#white-fur-coat2", "uv": [ 21.0, 3.0, 21.5, 3.5 ] },
				"south": { "texture": "#white-fur-coat2", "uv": [ 20.0, 2.5, 20.5, 3.0 ] },
				"west": { "texture": "#white-fur-coat2", "uv": [ 21.5, 2.5, 22.0, 3.0 ] },
				"up": { "texture": "#white-fur-coat2", "uv": [ 0.5, 1.5, 1.0, 2.0 ] },
				"down": { "texture": "#white-fur-coat2", "uv": [ 0.5, 1.0, 1.0, 1.5 ] }
			},
			"children": [
				{
					"name": "cube0",
					"from": [ -1.1, 0.0, -0.7 ], 
					"to": [ 5.1, 5.2, 6.7 ], 
					"autoUnwrap": false,
					"uv": [ 0.0, 0.0 ],
					"rotationOrigin": [ 30.9, 0.0, 22.5 ],
					"faces": {
						"north": { "texture": "#white-fur-coat2", "uv": [ 41.0, 5.0, 46.0, 10.0 ], "autoUv": false },
						"east": { "texture": "#white-fur-coat2", "uv": [ 57.0, 5.0, 63.0, 10.0 ], "autoUv": false, "windMode": [-1,-1,-1,-1] },
						"south": { "texture": "#white-fur-coat2", "uv": [ 52.0, 5.0, 57.0, 10.0 ], "autoUv": false, "windMode": [-1,-1,-1,-1] },
						"west": { "texture": "#white-fur-coat2", "uv": [ 46.0, 5.0, 52.0, 10.0 ], "autoUv": false, "windMode": [-1,-1,-1,-1] },
						"up": { "texture": "#white-fur-coat2", "uv": [ 46.0, 0.0, 52.0, 5.0 ], "rotation": 90, "autoUv": false, "windMode": [-1,-1,-1,-1] },
						"down": { "texture": "#white-fur-coat2", "uv": [ 34.0, 5.0, 40.0, 10.0 ], "rotation": 90, "autoUv": false, "windMode": [-1,-1,-1,-1] }
					}
				}
			]
		},
		{
			"name": "brazoleft",
			"stepParentName": "UpperArmL",
			"from": [ -6.5, 2.0, -7.0 ], 
			"to": [ -6.5, 2.0, -7.0 ], 
			"uv": [ 0.0, 0.0 ],
			"rotationOrigin": [ 0.0, 2.0, 0.0 ],
			"faces": {
				"north": { "texture": "#white-fur-coat2", "uv": [ 0.0, 0.0, 0.0, 0.0 ], "enabled": false },
				"east": { "texture": "#white-fur-coat2", "uv": [ 0.0, 0.0, 0.0, 0.0 ], "enabled": false },
				"south": { "texture": "#white-fur-coat2", "uv": [ 0.0, 0.0, 0.0, 0.0 ], "enabled": false },
				"west": { "texture": "#white-fur-coat2", "uv": [ 0.0, 0.0, 0.0, 0.0 ], "enabled": false },
				"up": { "texture": "#white-fur-coat2", "uv": [ 0.0, 0.0, 0.0, 0.0 ], "enabled": false },
				"down": { "texture": "#white-fur-coat2", "uv": [ 0.0, 0.0, 0.0, 0.0 ], "enabled": false }
			},
			"children": [
				{
					"name": "cube81",
					"from": [ 6.0, -2.1, 6.8 ], 
					"to": [ 10.0, 5.1, 9.5 ], 
					"autoUnwrap": false,
					"uv": [ 2.75, 0.0 ],
					"rotationOrigin": [ 6.2, -2.1, 7.0 ],
					"faces": {
						"north": { "texture": "#white-fur-coat2", "uv": [ 47.0, 41.5, 50.0, 48.5 ], "autoUv": false },
						"east": { "texture": "#white-fur-coat2", "uv": [ 50.0, 41.5, 52.0, 48.5 ], "autoUv": false, "windMode": [-1,-1,-1,-1] },
						"south": { "texture": "#white-fur-coat2", "uv": [ 42.0, 41.5, 45.0, 48.5 ], "autoUv": false, "windMode": [-1,-1,-1,-1] },
						"west": { "texture": "#white-fur-coat2", "uv": [ 45.0, 41.5, 47.0, 48.5 ], "autoUv": false, "windMode": [-1,-1,-1,-1] },
						"up": { "texture": "#white-fur-coat2", "uv": [ 45.0, 38.5, 47.0, 41.5 ], "rotation": 90, "autoUv": false, "windMode": [-1,-1,-1,-1] },
						"down": { "texture": "#white-fur-coat2", "uv": [ 45.0, 48.5, 47.0, 51.5 ], "rotation": 90, "autoUv": false, "windMode": [-1,-1,-1,-1] }
					}
				}
			]
		},
		{
			"name": "brazoright",
			"stepParentName": "UpperArmR",
			"from": [ -6.5, 2.0, -7.0 ], 
			"to": [ -6.5, 2.0, -7.0 ], 
			"uv": [ 0.0, 0.0 ],
			"rotationOrigin": [ 0.0, 2.0, 0.0 ],
			"faces": {
				"north": { "texture": "#white-fur-coat2", "uv": [ 0.0, 0.0, 0.0, 0.0 ], "enabled": false },
				"east": { "texture": "#white-fur-coat2", "uv": [ 0.0, 0.0, 0.0, 0.0 ], "enabled": false },
				"south": { "texture": "#white-fur-coat2", "uv": [ 0.0, 0.0, 0.0, 0.0 ], "enabled": false },
				"west": { "texture": "#white-fur-coat2", "uv": [ 0.0, 0.0, 0.0, 0.0 ], "enabled": false },
				"up": { "texture": "#white-fur-coat2", "uv": [ 0.0, 0.0, 0.0, 0.0 ], "enabled": false },
				"down": { "texture": "#white-fur-coat2", "uv": [ 0.0, 0.0, 0.0, 0.0 ], "enabled": false }
			},
			"children": [
				{
					"name": "cube8",
					"from": [ 6.0, -2.1, 6.5 ], 
					"to": [ 10.0, 5.1, 9.2 ], 
					"autoUnwrap": false,
					"uv": [ 2.75, 0.0 ],
					"rotationOrigin": [ 6.2, -2.1, 6.7 ],
					"faces": {
						"north": { "texture": "#white-fur-coat2", "uv": [ 33.0, 41.5, 36.0, 48.5 ], "autoUv": false },
						"east": { "texture": "#white-fur-coat2", "uv": [ 31.0, 41.5, 33.0, 48.5 ], "autoUv": false, "windMode": [-1,-1,-1,-1] },
						"south": { "texture": "#white-fur-coat2", "uv": [ 38.0, 41.5, 41.0, 48.5 ], "autoUv": false, "windMode": [-1,-1,-1,-1] },
						"west": { "texture": "#white-fur-coat2", "uv": [ 36.0, 41.5, 38.0, 48.5 ], "autoUv": false, "windMode": [-1,-1,-1,-1] },
						"up": { "texture": "#white-fur-coat2", "uv": [ 36.0, 38.5, 38.0, 41.5 ], "rotation": 90, "autoUv": false, "windMode": [-1,-1,-1,-1] },
						"down": { "texture": "#white-fur-coat2", "uv": [ 36.0, 48.5, 38.0, 51.5 ], "rotation": 90, "autoUv": false, "windMode": [-1,-1,-1,-1] }
					}
				}
			]
		},
		{
			"name": "brazoabajoleft40",
			"stepParentName": "LowerArmL",
			"from": [ -6.5, 2.0, -7.0 ], 
			"to": [ -6.5, 2.0, -7.0 ], 
			"uv": [ 0.0, 0.0 ],
			"rotationOrigin": [ 0.0, 2.0, 0.0 ],
			"faces": {
				"north": { "texture": "#white-fur-coat2", "uv": [ 0.0, 0.0, 0.0, 0.0 ], "enabled": false },
				"east": { "texture": "#white-fur-coat2", "uv": [ 0.0, 0.0, 0.0, 0.0 ], "enabled": false },
				"south": { "texture": "#white-fur-coat2", "uv": [ 0.0, 0.0, 0.0, 0.0 ], "enabled": false },
				"west": { "texture": "#white-fur-coat2", "uv": [ 0.0, 0.0, 0.0, 0.0 ], "enabled": false },
				"up": { "texture": "#white-fur-coat2", "uv": [ 0.0, 0.0, 0.0, 0.0 ], "enabled": false },
				"down": { "texture": "#white-fur-coat2", "uv": [ 0.0, 0.0, 0.0, 0.0 ], "enabled": false }
			},
			"children": [
				{
					"name": "cube41",
					"from": [ 6.0, -2.1, 6.8 ], 
					"to": [ 9.5, 6.1, 9.5 ], 
					"autoUnwrap": false,
					"uv": [ 2.75, 0.0 ],
					"rotationOrigin": [ 6.2, -2.1, 7.0 ],
					"faces": {
						"north": { "texture": "#white-fur-coat2", "uv": [ 47.0, 51.5, 49.5, 59.5 ], "autoUv": false },
						"east": { "texture": "#white-fur-coat2", "uv": [ 49.5, 51.5, 51.5, 59.5 ], "autoUv": false },
						"south": { "texture": "#white-fur-coat2", "uv": [ 42.5, 51.5, 45.0, 59.5 ], "autoUv": false },
						"west": { "texture": "#white-fur-coat2", "uv": [ 45.0, 51.5, 47.0, 59.5 ], "autoUv": false },
						"up": { "texture": "#white-fur-coat2", "uv": [ 45.0, 48.5, 47.0, 51.0 ], "rotation": 90, "autoUv": false },
						"down": { "texture": "#white-fur-coat2", "uv": [ 45.0, 48.5, 47.0, 51.0 ], "rotation": 90, "enabled": false, "autoUv": false, "windMode": [-1,-1,-1,-1] }
					},
					"children": [
						{
							"name": "cube70",
							"from": [ -0.2, 1.5, -0.2 ], 
							"to": [ 3.7, 3.0, 2.9 ], 
							"autoUnwrap": false,
							"uv": [ 2.75, 0.0 ],
							"rotationOrigin": [ 0.0, 1.5, 0.0 ],
							"faces": {
								"north": { "texture": "#white-fur-coat2", "uv": [ 47.0, 56.0, 50.0, 57.5 ], "autoUv": false, "windMode": [-1,-1,-1,-1] },
								"east": { "texture": "#white-fur-coat2", "uv": [ 49.0, 56.0, 51.5, 57.5 ], "autoUv": false, "windMode": [-1,-1,-1,-1] },
								"south": { "texture": "#white-fur-coat2", "uv": [ 42.5, 56.0, 45.5, 57.5 ], "autoUv": false, "windMode": [-1,-1,-1,-1] },
								"west": { "texture": "#white-fur-coat2", "uv": [ 44.5, 56.0, 47.0, 57.5 ], "autoUv": false, "windMode": [-1,-1,-1,-1] },
								"up": { "texture": "#white-fur-coat2", "uv": [ 48.5, 2.0, 50.5, 4.5 ], "rotation": 90, "autoUv": false, "windMode": [-1,-1,-1,-1] },
								"down": { "texture": "#white-fur-coat2", "uv": [ 48.5, 2.0, 50.5, 4.5 ], "rotation": 90, "autoUv": false, "windMode": [-1,-1,-1,-1] }
							}
						}
					]
				}
			]
		},
		{
			"name": "brazoabajoright42",
			"stepParentName": "LowerArmR",
			"from": [ -6.5, 2.0, -7.0 ], 
			"to": [ -6.5, 2.0, -7.0 ], 
			"uv": [ 0.0, 0.0 ],
			"rotationOrigin": [ 0.0, 2.0, 0.0 ],
			"faces": {
				"north": { "texture": "#white-fur-coat2", "uv": [ 0.0, 0.0, 0.0, 0.0 ], "enabled": false },
				"east": { "texture": "#white-fur-coat2", "uv": [ 0.0, 0.0, 0.0, 0.0 ], "enabled": false },
				"south": { "texture": "#white-fur-coat2", "uv": [ 0.0, 0.0, 0.0, 0.0 ], "enabled": false },
				"west": { "texture": "#white-fur-coat2", "uv": [ 0.0, 0.0, 0.0, 0.0 ], "enabled": false },
				"up": { "texture": "#white-fur-coat2", "uv": [ 0.0, 0.0, 0.0, 0.0 ], "enabled": false },
				"down": { "texture": "#white-fur-coat2", "uv": [ 0.0, 0.0, 0.0, 0.0 ], "enabled": false }
			},
			"children": [
				{
					"name": "cube45",
					"from": [ 6.0, -2.1, 6.5 ], 
					"to": [ 9.5, 6.1, 9.2 ], 
					"autoUnwrap": false,
					"uv": [ 2.75, 0.0 ],
					"rotationOrigin": [ 6.2, -2.1, 6.7 ],
					"faces": {
						"north": { "texture": "#white-fur-coat2", "uv": [ 33.5, 51.5, 36.0, 59.5 ], "autoUv": false },
						"east": { "texture": "#white-fur-coat2", "uv": [ 31.5, 51.5, 33.5, 59.5 ], "autoUv": false },
						"south": { "texture": "#white-fur-coat2", "uv": [ 38.0, 51.5, 40.5, 59.5 ], "autoUv": false },
						"west": { "texture": "#white-fur-coat2", "uv": [ 36.0, 51.5, 38.0, 59.5 ], "autoUv": false },
						"up": { "texture": "#white-fur-coat2", "uv": [ 36.0, 48.5, 38.0, 51.0 ], "rotation": 90, "autoUv": false },
						"down": { "texture": "#white-fur-coat2", "uv": [ 45.0, 48.5, 47.0, 51.0 ], "rotation": 90, "enabled": false, "autoUv": false }
					},
					"children": [
						{
							"name": "cube71",
							"from": [ -0.2, 1.5, -0.2 ], 
							"to": [ 3.7, 3.0, 2.9 ], 
							"autoUnwrap": false,
							"uv": [ 2.75, 0.0 ],
							"rotationOrigin": [ 0.0, 1.5, 0.0 ],
							"faces": {
								"north": { "texture": "#white-fur-coat2", "uv": [ 33.0, 56.0, 36.0, 57.5 ], "autoUv": false, "windMode": [-1,-1,-1,-1] },
								"east": { "texture": "#white-fur-coat2", "uv": [ 31.5, 56.0, 34.0, 57.5 ], "autoUv": false, "windMode": [-1,-1,-1,-1] },
								"south": { "texture": "#white-fur-coat2", "uv": [ 37.5, 56.0, 40.5, 57.5 ], "autoUv": false, "windMode": [-1,-1,-1,-1] },
								"west": { "texture": "#white-fur-coat2", "uv": [ 35.5, 56.0, 38.0, 57.5 ], "autoUv": false, "windMode": [-1,-1,-1,-1] },
								"up": { "texture": "#white-fur-coat2", "uv": [ 48.5, 2.0, 50.5, 4.5 ], "rotation": 90, "autoUv": false, "windMode": [-1,-1,-1,-1] },
								"down": { "texture": "#white-fur-coat2", "uv": [ 48.5, 2.0, 50.5, 4.5 ], "rotation": 90, "autoUv": false, "windMode": [-1,-1,-1,-1] }
							}
						}
					]
				}
			]
		},
		{
			"name": "cuerpoabajo",
			"stepParentName": "LowerTorso",
			"from": [ -0.28, -5.0, -0.28 ], 
			"to": [ 5.28, 5.2, 6.48 ], 
			"autoUnwrap": false,
			"uv": [ 0.0, 0.0 ],
			"rotationOrigin": [ 31.7, -5.0, 22.9 ],
			"faces": {
				"north": { "texture": "#white-fur-coat2", "uv": [ 41.0, 10.0, 46.0, 20.0 ], "autoUv": false },
				"east": { "texture": "#white-fur-coat2", "uv": [ 57.0, 10.0, 63.0, 20.0 ], "autoUv": false },
				"south": { "texture": "#white-fur-coat2", "uv": [ 52.0, 10.0, 57.0, 20.0 ], "autoUv": false },
				"west": { "texture": "#white-fur-coat2", "uv": [ 46.0, 10.0, 52.0, 20.0 ], "autoUv": false },
				"up": { "texture": "#white-fur-coat2", "uv": [ 34.0, 7.5, 40.0, 12.5 ], "rotation": 90, "autoUv": false },
				"down": { "texture": "#white-fur-coat2", "uv": [ 34.0, 7.5, 40.0, 12.5 ], "rotation": 90, "enabled": false, "autoUv": false, "windMode": [-1,-1,-1,-1] }
			}
		},
		{
			"name": "ArmorHelmet",
			"stepParentName": "Head",
			"from": [ -0.2, -0.5, -0.6 ], 
			"to": [ -0.2, -0.5, -0.6 ], 
			"unwrapMode": 4,
			"uv": [ 26.5, 14.0 ],
			"rotationOrigin": [ -0.2, -0.5, -0.6 ],
			"faces": {
				"north": { "texture": "#white-fur-coat2", "uv": [ 26.5, 14.5, 27.0, 15.0 ], "enabled": false },
				"east": { "texture": "#white-fur-coat2", "uv": [ 28.0, 14.5, 28.5, 15.0 ], "enabled": false },
				"south": { "texture": "#white-fur-coat2", "uv": [ 27.5, 14.5, 28.0, 15.0 ], "enabled": false },
				"west": { "texture": "#white-fur-coat2", "uv": [ 27.0, 14.5, 27.5, 15.0 ], "enabled": false },
				"up": { "texture": "#white-fur-coat2", "uv": [ 27.0, 14.0, 27.5, 14.5 ], "rotation": 90, "enabled": false },
				"down": { "texture": "#white-fur-coat2", "uv": [ 27.0, 15.0, 27.5, 15.5 ], "rotation": 90, "enabled": false }
			},
			"children": [
				{
					"name": "group",
					"stepParentName": "Head",
					"from": [ 0.0, -0.6, -0.4 ], 
					"to": [ 0.0, -0.6, -0.4 ], 
					"autoUnwrap": false,
					"uv": [ 999.0, 999.0 ],
					"rotationOrigin": [ 0.0, -0.6, -0.4 ],
					"faces": {
						"north": { "texture": "#white-fur-coat2", "uv": [ 0.0, 0.0, 0.5, 0.5 ], "enabled": false },
						"east": { "texture": "#white-fur-coat2", "uv": [ 0.0, 0.0, 0.5, 0.5 ], "enabled": false },
						"south": { "texture": "#white-fur-coat2", "uv": [ 0.0, 0.0, 0.5, 0.5 ], "enabled": false },
						"west": { "texture": "#white-fur-coat2", "uv": [ 0.0, 0.0, 0.5, 0.5 ], "enabled": false },
						"up": { "texture": "#white-fur-coat2", "uv": [ 0.0, 0.0, 0.5, 0.5 ], "enabled": false },
						"down": { "texture": "#white-fur-coat2", "uv": [ 0.0, 0.0, 0.5, 0.5 ], "enabled": false }
					},
					"children": [
						{
							"name": "cube451",
							"from": [ -0.5, -1.8, -0.4 ], 
							"to": [ 6.7, 6.2, 6.1 ], 
							"autoUnwrap": false,
							"uv": [ 32.0, 20.0 ],
							"rotationOrigin": [ -0.3, -1.0, -0.2 ],
							"faces": {
								"north": { "texture": "#white-fur-coat2", "uv": [ 32.0, 27.0, 39.0, 35.0 ], "autoUv": false },
								"east": { "texture": "#white-fur-coat2", "uv": [ 52.0, 27.0, 58.0, 35.0 ], "autoUv": false },
								"south": { "texture": "#white-fur-coat2", "uv": [ 45.0, 27.0, 52.0, 35.0 ], "autoUv": false },
								"west": { "texture": "#white-fur-coat2", "uv": [ 39.0, 27.0, 45.0, 35.0 ], "autoUv": false },
								"up": { "texture": "#white-fur-coat2", "uv": [ 39.0, 20.0, 45.0, 27.0 ], "rotation": 90, "autoUv": false, "windMode": [-1,-1,-1,-1] },
								"down": { "texture": "#white-fur-coat2", "uv": [ 38.0, 26.0, 39.0, 27.0 ], "rotation": 270, "autoUv": false, "windMode": [-1,-1,-1,-1] }
							}
						},
						{
							"name": "cube107",
							"from": [ -0.8, -1.8, -1.9 ], 
							"to": [ -0.8, 7.2, 7.6 ], 
							"autoUnwrap": false,
							"uv": [ 32.0, 20.0 ],
							"rotationOrigin": [ -0.6, -1.0, -1.7 ],
							"faces": {
								"north": { "texture": "#white-fur-coat2", "uv": [ 32.0, 27.0, 39.0, 35.0 ], "enabled": false, "autoUv": false },
								"east": { "texture": "#white-fur-coat2", "uv": [ 52.0, 27.0, 58.0, 35.0 ], "enabled": false, "autoUv": false },
								"south": { "texture": "#white-fur-coat2", "uv": [ 45.0, 27.0, 52.0, 35.0 ], "enabled": false, "autoUv": false },
								"west": { "texture": "#white-fur-coat2", "uv": [ 54.0, 56.0, 64.0, 64.0 ], "autoUv": false, "windMode": [-1,-1,-1,-1] },
								"up": { "texture": "#white-fur-coat2", "uv": [ 39.0, 20.0, 45.0, 27.0 ], "rotation": 90, "enabled": false, "autoUv": false },
								"down": { "texture": "#white-fur-coat2", "uv": [ 38.0, 26.0, 39.0, 27.0 ], "rotation": 270, "enabled": false, "autoUv": false }
							}
						}
					]
				}
			]
		},
		{
			"name": "Neck",
			"stepParentName": "Neck",
			"from": [ -0.2, -0.1, -0.2 ], 
			"to": [ 3.2, 4.1, 3.2 ], 
			"autoUnwrap": false,
			"uv": [ 28.5, -1.0 ],
			"rotationOrigin": [ -0.2, -0.1, -0.2 ],
			"faces": {
				"north": { "texture": "#white-fur-coat2", "uv": [ 0.0, 0.0, 3.0, 4.0 ], "autoUv": false },
				"east": { "texture": "#white-fur-coat2", "uv": [ 9.0, 0.0, 12.0, 4.0 ], "autoUv": false },
				"south": { "texture": "#white-fur-coat2", "uv": [ 6.0, 0.0, 9.0, 4.0 ], "autoUv": false },
				"west": { "texture": "#white-fur-coat2", "uv": [ 3.0, 0.0, 6.0, 4.0 ], "autoUv": false },
				"up": { "texture": "#white-fur-coat2", "uv": [ 3.0, 0.0, 6.0, 3.0 ], "rotation": 90, "autoUv": false },
				"down": { "texture": "#white-fur-coat2", "uv": [ 3.0, 1.0, 6.0, 4.0 ], "rotation": 90, "autoUv": false }
			}
		},
		{
			"name": "piernaright74",
			"stepParentName": "UpperFootR",
			"from": [ -0.5005, 0.0, -0.4995 ], 
			"to": [ 4.6995, 9.3, 3.3005 ], 
			"autoUnwrap": false,
			"uv": [ 0.0, 0.0 ],
			"rotationOrigin": [ -0.3005, 0.0, -0.4995 ],
			"rotationY": 0.1,
			"faces": {
				"north": { "texture": "#white-fur-coat2", "uv": [ 4.0, 17.0, 8.0, 26.0 ], "autoUv": false, "windMode": [-1,-1,-1,-1] },
				"east": { "texture": "#white-fur-coat2", "uv": [ 1.0, 17.0, 4.0, 26.0 ], "autoUv": false, "windMode": [-1,-1,-1,-1] },
				"south": { "texture": "#white-fur-coat2", "uv": [ 4.0, 47.5, 8.0, 56.5 ], "enabled": false, "autoUv": false, "windMode": [-1,-1,-1,-1] },
				"west": { "texture": "#white-fur-coat2", "uv": [ 8.0, 17.0, 11.0, 26.0 ], "autoUv": false, "windMode": [-1,-1,-1,-1] },
				"up": { "texture": "#white-fur-coat2", "uv": [ 8.0, 33.0, 11.0, 37.0 ], "rotation": 90, "autoUv": false },
				"down": { "texture": "#white-fur-coat2", "uv": [ 4.0, 0.0, 8.0, 3.0 ], "enabled": false, "autoUv": false }
			}
		},
		{
			"name": "piernaleft72",
			"stepParentName": "UpperFootL",
			"from": [ -0.5, 0.0, -0.1995 ], 
			"to": [ 4.7, 9.3, 3.6005 ], 
			"autoUnwrap": false,
			"uv": [ 0.0, 0.0 ],
			"rotationOrigin": [ -0.3, 0.0, -0.1995 ],
			"rotationY": 0.1,
			"faces": {
				"north": { "texture": "#white-fur-coat2", "uv": [ 4.0, 17.0, 8.0, 26.0 ], "enabled": false, "autoUv": false },
				"east": { "texture": "#white-fur-coat2", "uv": [ 27.0, 17.0, 30.0, 26.0 ], "autoUv": false, "windMode": [-1,-1,-1,-1] },
				"south": { "texture": "#white-fur-coat2", "uv": [ 23.0, 17.0, 27.0, 26.0 ], "autoUv": false, "windMode": [-1,-1,-1,-1] },
				"west": { "texture": "#white-fur-coat2", "uv": [ 20.0, 17.0, 23.0, 26.0 ], "autoUv": false, "windMode": [-1,-1,-1,-1] },
				"up": { "texture": "#white-fur-coat2", "uv": [ 20.0, 33.0, 23.0, 37.0 ], "rotation": 90, "autoUv": false },
				"down": { "texture": "#white-fur-coat2", "uv": [ 4.0, 0.0, 8.0, 3.0 ], "enabled": false, "autoUv": false }
			}
		}
	]}