{
	"editor": {
		"backDropShape": "C:/Hry/Vintage Story/assets/game/shapes/entity/humanoid/seraph-hairless",
		"collapsedPaths": "Root/ArmorLowerArmL,Root/ArmorLowerLegR/Boot10,Root/ArmorUpperArmR,Root/ArmorLowerArmR,Root/ArmorUpperArmL",
		"allAngles": true,
		"entityTextureMode": true
	},
	"textureWidth": 64,
	"textureHeight": 64,
	"textureSizes": {
	},
	"textures": {
		"vikinglegs": "armor/entity/viking_lightsteel",
		"line": "block/lines/linered"
	},
	"elements": [
		{
			"name": "ArmorUpperLegR",
			"stepParentName": "UpperFootR",
			"from": [ -0.79, -0.7, -0.5 ],
			"to": [ 4.91, 9.3, 3.8 ],
			"autoUnwrap": false,
			"uv": [ 23.0, 21.5 ],
			"rotationOrigin": [ -0.8, -0.7, -0.5 ],
			"rotationZ": 2.0,
			"faces": {
				"north": { "texture": "#vikinglegs", "uv": [ 28.5, 25.5, 34.0, 35.5 ] },
				"east": { "texture": "#vikinglegs", "uv": [ 28.5, 25.5, 32.5, 35.5 ] },
				"south": { "texture": "#vikinglegs", "uv": [ 25.0, 28.5, 30.5, 38.5 ], "windMode": [-1,-1,-1,-1], "windData": [0,0,1,1], "enabled": false },
				"west": { "texture": "#vikinglegs", "uv": [ 34.5, 25.5, 38.5, 35.5 ] },
				"up": { "texture": "#vikinglegs", "uv": [ 28.0, 25.5, 33.5, 29.5 ] },
				"down": { "texture": "#vikinglegs", "uv": [ 31.0, 25.5, 36.5, 29.5 ] }
			},
			"children": [
				{
					"name": "TrousersR",
					"from": [ 0.5, 0.0, 0.5 ],
					"to": [ 5.2, 10.0, 3.8 ],
					"uv": [ 2.0, 38.0 ],
					"faces": {
						"north": { "texture": "#vikinglegs", "uv": [ 2.0, 41.0, 6.5, 51.0 ] },
						"east": { "texture": "#vikinglegs", "uv": [ 6.5, 41.0, 9.5, 51.0 ] },
						"south": { "texture": "#vikinglegs", "uv": [ 9.5, 41.0, 14.0, 51.0 ] },
						"west": { "texture": "#vikinglegs", "uv": [ 14.0, 41.0, 17.0, 51.0 ] },
						"up": { "texture": "#vikinglegs", "uv": [ 2.0, 38.0, 6.5, 41.0 ] },
						"down": { "texture": "#vikinglegs", "uv": [ 6.5, 38.0, 11.0, 41.0 ] }
					}
				}
			]
		},
		{
			"name": "ArmorUpperLegL",
			"stepParentName": "UpperFootL",
			"from": [ -0.79, -0.7, -0.5 ],
			"to": [ 4.91, 9.3, 3.8 ],
			"autoUnwrap": false,
			"uv": [ 13.5, 13.0 ],
			"rotationOrigin": [ -0.8, -0.7, -0.5 ],
			"rotationZ": 2.0,
			"faces": {
				"north": { "texture": "#vikinglegs", "uv": [ 16.0, 28.5, 21.5, 38.5 ], "windMode": [-1,-1,-1,-1], "windData": [0,1,1,0], "enabled": false },
				"east": { "texture": "#vikinglegs", "uv": [ 32.5, 25.5, 36.5, 35.5 ] },
				"south": { "texture": "#vikinglegs", "uv": [ 28.0, 25.5, 33.5, 35.5 ] },
				"west": { "texture": "#vikinglegs", "uv": [ 26.0, 25.5, 30.0, 35.5 ] },
				"up": { "texture": "#vikinglegs", "uv": [ 28.0, 25.5, 33.5, 29.5 ] },
				"down": { "texture": "#vikinglegs", "uv": [ 31.0, 25.5, 36.5, 29.5 ] }
			},
			"children": [
				{
					"name": "TrousersL",
					"from": [ 0.5, 0.0, 0.4 ],
					"to": [ 5.2, 10.0, 3.7 ],
					"autoUnwrap": false,
					"uv": [ 2.5, 37.5 ],
					"rotationOrigin": [ 0.0, 0.0, -0.1 ],
					"faces": {
						"north": { "texture": "#vikinglegs", "uv": [ 9.5, 40.5, 14.0, 50.5 ], "windMode": [-1,-1,-1,-1], "windData": [0,1,1,0] },
						"east": { "texture": "#vikinglegs", "uv": [ 7.0, 40.5, 10.0, 50.5 ] },
						"south": { "texture": "#vikinglegs", "uv": [ 10.0, 40.5, 14.5, 50.5 ] },
						"west": { "texture": "#vikinglegs", "uv": [ 14.5, 40.5, 17.5, 50.5 ] },
						"up": { "texture": "#vikinglegs", "uv": [ 2.5, 37.5, 7.0, 40.5 ] },
						"down": { "texture": "#vikinglegs", "uv": [ 7.0, 37.5, 11.5, 40.5 ] }
					}
				}
			]
		},
		{
			"name": "ArmorLowerLegR",
			"stepParentName": "LowerFootR",
			"from": [ -0.3, -0.2, -0.35 ],
			"to": [ 4.2, 9.3, 3.15 ],
			"uv": [ 0.0, 25.5 ],
			"rotationOrigin": [ -0.3, -0.2, -0.5 ],
			"faces": {
				"north": { "texture": "#vikinglegs", "uv": [ 0.0, 29.0, 4.5, 38.5 ] },
				"east": { "texture": "#vikinglegs", "uv": [ 4.5, 29.0, 8.0, 38.5 ] },
				"south": { "texture": "#vikinglegs", "uv": [ 8.0, 29.0, 12.5, 38.5 ] },
				"west": { "texture": "#vikinglegs", "uv": [ 12.5, 29.0, 16.0, 38.5 ] },
				"up": { "texture": "#vikinglegs", "uv": [ 0.0, 25.5, 4.5, 29.0 ] },
				"down": { "texture": "#vikinglegs", "uv": [ 4.5, 25.5, 9.0, 29.0 ] }
			},
			"children": [
				{
					"name": "ScalesR",
					"from": [ -0.8, 4.9, -1.0 ],
					"to": [ 5.3, 8.9, 4.0 ],
					"autoUnwrap": false,
					"uv": [ 12.5, 14.0 ],
					"rotationOrigin": [ -0.8, 4.9, 4.0 ],
					"rotationX": 6.0,
					"faces": {
						"north": { "texture": "#vikinglegs", "uv": [ 28.5, 34.5, 34.0, 38.5 ], "autoUv": false },
						"east": { "texture": "#vikinglegs", "uv": [ 30.0, 34.5, 35.0, 38.5 ] },
						"south": { "texture": "#vikinglegs", "uv": [ 17.5, 33.5, 23.5, 37.5 ], "windMode": [-1,-1,-1,-1], "enabled": false },
						"west": { "texture": "#vikinglegs", "uv": [ 34.0, 34.5, 39.0, 38.5 ], "autoUv": false },
						"up": { "texture": "#vikinglegs", "uv": [ 37.0, 9.0, 43.0, 14.0 ] },
						"down": { "texture": "#vikinglegs", "uv": [ 46.0, 50.0, 52.0, 55.0 ], "enabled": false }
					}
				},
				{
					"name": "ArmorBootR",
					"from": [ -0.1, 0.15, 0.05 ],
					"to": [ 4.5, 9.65, 3.55 ],
					"autoUnwrap": false,
					"uv": [ 21.5, 15.5 ],
					"rotationOrigin": [ -0.1, 0.15, 0.05 ],
					"rotationX": 0.9971,
					"rotationY": 0.2268,
					"rotationZ": 0.0026,
					"faces": {
						"north": { "texture": "#vikinglegs", "uv": [ 9.5, 42.5, 14.0, 52.0 ] },
						"east": { "texture": "#vikinglegs", "uv": [ 17.5, 39.0, 21.0, 48.5 ] },
						"south": { "texture": "#vikinglegs", "uv": [ 9.5, 42.5, 14.0, 52.0 ] },
						"west": { "texture": "#vikinglegs", "uv": [ 17.5, 42.5, 21.0, 52.0 ] },
						"up": { "texture": "#vikinglegs", "uv": [ 15.5, 39.0, 20.0, 42.5 ] },
						"down": { "texture": "#vikinglegs", "uv": [ 15.5, 39.0, 20.0, 42.5 ] }
					},
					"children": [
						{
							"name": "FootR",
							"from": [ -0.3, -0.1, -0.3 ],
							"to": [ 4.8, 1.9, 3.8 ],
							"uv": [ 0.0, 45.5 ],
							"rotationOrigin": [ -0.3, -0.1, -0.3 ],
							"faces": {
								"north": { "texture": "#vikinglegs", "uv": [ 0.0, 49.5, 5.0, 51.5 ] },
								"east": { "texture": "#vikinglegs", "uv": [ 5.0, 49.5, 9.0, 51.5 ] },
								"south": { "texture": "#vikinglegs", "uv": [ 9.0, 49.5, 14.0, 51.5 ] },
								"west": { "texture": "#vikinglegs", "uv": [ 14.0, 49.5, 18.0, 51.5 ] },
								"up": { "texture": "#vikinglegs", "uv": [ 0.0, 45.5, 5.0, 49.5 ] },
								"down": { "texture": "#vikinglegs", "uv": [ 5.0, 45.5, 10.0, 49.5 ] }
							},
							"children": [
								{
									"name": "FootR1",
									"from": [ -1.0, 0.0, 0.5 ],
									"to": [ 0.0, 1.5, 3.6 ],
									"uv": [ 12.5, 47.5 ],
									"rotationOrigin": [ -1.0, 0.0, 0.5 ],
									"faces": {
										"north": { "texture": "#vikinglegs", "uv": [ 12.5, 50.5, 13.5, 52.0 ] },
										"east": { "texture": "#vikinglegs", "uv": [ 13.5, 50.5, 16.5, 52.0 ] },
										"south": { "texture": "#vikinglegs", "uv": [ 16.5, 50.5, 17.5, 52.0 ] },
										"west": { "texture": "#vikinglegs", "uv": [ 17.5, 50.5, 20.5, 52.0 ] },
										"up": { "texture": "#vikinglegs", "uv": [ 12.5, 47.5, 13.5, 50.5 ] },
										"down": { "texture": "#vikinglegs", "uv": [ 13.5, 47.5, 14.5, 50.5 ] }
									}
								},
								{
									"name": "FootR2",
									"from": [ -2.4, 0.0, 0.4 ],
									"to": [ -0.7, 1.7, 3.7 ],
									"uv": [ 12.5, 43.9 ],
									"rotationOrigin": [ -2.4, 0.0, 0.4 ],
									"faces": {
										"north": { "texture": "#vikinglegs", "uv": [ 12.5, 47.0, 14.0, 48.5 ] },
										"east": { "texture": "#vikinglegs", "uv": [ 14.0, 47.0, 17.0, 48.5 ] },
										"south": { "texture": "#vikinglegs", "uv": [ 17.0, 47.0, 18.5, 48.5 ] },
										"west": { "texture": "#vikinglegs", "uv": [ 18.5, 47.0, 21.5, 48.5 ] },
										"up": { "texture": "#vikinglegs", "uv": [ 12.5, 44.0, 14.0, 47.0 ] },
										"down": { "texture": "#vikinglegs", "uv": [ 14.0, 44.0, 15.5, 47.0 ] }
									}
								}
							]
						},
						{
							"name": "FootR3",
							"from": [ -0.2, 1.9, -0.2 ],
							"to": [ 4.7, 7.7, 3.7 ],
							"autoUnwrap": false,
							"uv": [ 21.5, 40.0 ],
							"rotationOrigin": [ -0.2, 1.9, -0.2 ],
							"faces": {
								"north": { "texture": "#vikinglegs", "uv": [ 21.5, 48.5, 26.0, 54.0 ] },
								"east": { "texture": "#vikinglegs", "uv": [ 25.5, 48.5, 28.5, 54.1 ], "autoUv": false },
								"south": { "texture": "#vikinglegs", "uv": [ 21.5, 48.0, 26.0, 53.5 ] },
								"west": { "texture": "#vikinglegs", "uv": [ 25.5, 48.5, 28.5, 54.0 ], "autoUv": false },
								"up": { "texture": "#vikinglegs", "uv": [ 21.5, 47.5, 26.0, 51.0 ] },
								"down": { "texture": "#vikinglegs", "uv": [ 21.5, 47.5, 26.0, 51.0 ] }
							}
						},
						{
							"name": "ArmorLowerLegWrap6",
							"from": [ -0.4255, 1.4813, -0.362 ],
							"to": [ 4.8745, 2.4813, 4.038 ],
							"uv": [ 1.5, 47.5 ],
							"rotationOrigin": [ -0.4355, 1.4807, -0.3597 ],
							"faces": {
								"north": { "texture": "#vikinglegs", "uv": [ 1.5, 51.5, 6.5, 52.5 ] },
								"east": { "texture": "#vikinglegs", "uv": [ 6.5, 51.5, 10.5, 52.5 ] },
								"south": { "texture": "#vikinglegs", "uv": [ 10.5, 51.5, 15.5, 52.5 ] },
								"west": { "texture": "#vikinglegs", "uv": [ 15.5, 51.5, 19.5, 52.5 ] },
								"up": { "texture": "#vikinglegs", "uv": [ 1.5, 47.5, 6.5, 51.5 ] },
								"down": { "texture": "#vikinglegs", "uv": [ 6.5, 47.5, 11.5, 51.5 ] }
							},
							"children": [
								{
									"name": "ArmorLowerLegWrap7",
									"from": [ -0.1, 1.0, 0.0 ],
									"to": [ 5.4, 2.0, 4.4 ],
									"uv": [ 1.0, 48.0 ],
									"rotationOrigin": [ -0.01, 1.0, 0.0 ],
									"rotationX": -6.0,
									"rotationZ": -10.0,
									"faces": {
										"north": { "texture": "#vikinglegs", "uv": [ 1.0, 52.0, 6.5, 53.0 ] },
										"east": { "texture": "#vikinglegs", "uv": [ 6.5, 52.0, 10.5, 53.0 ] },
										"south": { "texture": "#vikinglegs", "uv": [ 10.5, 52.0, 16.0, 53.0 ] },
										"west": { "texture": "#vikinglegs", "uv": [ 16.0, 52.0, 20.0, 53.0 ] },
										"up": { "texture": "#vikinglegs", "uv": [ 1.0, 48.0, 6.5, 52.0 ] },
										"down": { "texture": "#vikinglegs", "uv": [ 6.5, 48.0, 12.0, 52.0 ] }
									}
								},
								{
									"name": "ArmorLowerLegWrap8",
									"from": [ -0.1, 2.8, 0.0 ],
									"to": [ 5.2, 3.8, 4.4 ],
									"uv": [ 1.0, 47.5 ],
									"rotationOrigin": [ -0.11, 2.8, 0.0 ],
									"rotationX": 8.0,
									"faces": {
										"north": { "texture": "#vikinglegs", "uv": [ 1.0, 51.5, 6.0, 52.5 ] },
										"east": { "texture": "#vikinglegs", "uv": [ 6.0, 51.5, 10.0, 52.5 ] },
										"south": { "texture": "#vikinglegs", "uv": [ 10.0, 51.5, 15.0, 52.5 ] },
										"west": { "texture": "#vikinglegs", "uv": [ 15.0, 51.5, 19.0, 52.5 ] },
										"up": { "texture": "#vikinglegs", "uv": [ 1.0, 47.5, 6.0, 51.5 ] },
										"down": { "texture": "#vikinglegs", "uv": [ 6.0, 47.5, 11.0, 51.5 ] }
									}
								},
								{
									"name": "ArmorLowerLegWrap9",
									"from": [ -0.1, 3.8, 0.0 ],
									"to": [ 5.2, 4.8, 4.4 ],
									"uv": [ 2.0, 48.0 ],
									"rotationOrigin": [ -0.11, 3.8, 0.0 ],
									"rotationX": -7.0,
									"rotationZ": -15.0,
									"faces": {
										"north": { "texture": "#vikinglegs", "uv": [ 2.0, 52.0, 7.0, 53.0 ] },
										"east": { "texture": "#vikinglegs", "uv": [ 7.0, 52.0, 11.0, 53.0 ] },
										"south": { "texture": "#vikinglegs", "uv": [ 11.0, 52.0, 16.0, 53.0 ] },
										"west": { "texture": "#vikinglegs", "uv": [ 16.0, 52.0, 20.0, 53.0 ] },
										"up": { "texture": "#vikinglegs", "uv": [ 2.0, 48.0, 7.0, 52.0 ] },
										"down": { "texture": "#vikinglegs", "uv": [ 7.0, 48.0, 12.0, 52.0 ] }
									}
								},
								{
									"name": "ArmorLowerLegWrap10",
									"from": [ -0.1, 5.0, 0.0 ],
									"to": [ 5.2, 6.0, 4.4 ],
									"uv": [ 2.5, 48.0 ],
									"rotationOrigin": [ -0.11, 5.0, 0.0 ],
									"rotationX": -3.0,
									"faces": {
										"north": { "texture": "#vikinglegs", "uv": [ 2.5, 52.0, 7.5, 53.0 ] },
										"east": { "texture": "#vikinglegs", "uv": [ 7.5, 52.0, 11.5, 53.0 ] },
										"south": { "texture": "#vikinglegs", "uv": [ 11.5, 52.0, 16.5, 53.0 ] },
										"west": { "texture": "#vikinglegs", "uv": [ 16.5, 52.0, 20.5, 53.0 ] },
										"up": { "texture": "#vikinglegs", "uv": [ 2.5, 48.0, 7.5, 52.0 ] },
										"down": { "texture": "#vikinglegs", "uv": [ 7.5, 48.0, 12.5, 52.0 ] }
									}
								},
								{
									"name": "ArmorLowerLegWrapLine6",
									"from": [ -0.11, 4.99, -0.01 ],
									"to": [ 5.21, 6.01, 4.41 ],
									"unwrapMode": 5,
									"uv": [ 2.0, 55.0 ],
									"rotationOrigin": [ -0.11, 5.0, 0.0 ],
									"rotationX": -3.0,
									"faces": {
										"north": { "texture": "#line", "uv": [ 3.0, 55.0, 8.0, 56.0 ], "rotation": 180 },
										"east": { "texture": "#line", "uv": [ 8.0, 56.0, 9.0, 60.0 ], "rotation": 90 },
										"south": { "texture": "#line", "uv": [ 3.0, 60.0, 8.0, 61.0 ] },
										"west": { "texture": "#line", "uv": [ 2.0, 56.0, 3.0, 60.0 ], "rotation": 270 },
										"up": { "texture": "#line", "uv": [ 3.0, 56.0, 8.0, 60.0 ] },
										"down": { "texture": "#line", "uv": [ 9.0, 56.0, 14.0, 60.0 ] }
									}
								},
								{
									"name": "ArmorLowerLegWrapLine7",
									"from": [ -0.11, 3.79, -0.01 ],
									"to": [ 5.21, 4.81, 4.41 ],
									"unwrapMode": 5,
									"uv": [ 2.5, 53.5 ],
									"rotationOrigin": [ -0.11, 3.8, 0.0 ],
									"rotationX": -7.0,
									"rotationZ": -15.0,
									"faces": {
										"north": { "texture": "#line", "uv": [ 3.5, 53.5, 8.5, 54.5 ], "rotation": 180 },
										"east": { "texture": "#line", "uv": [ 8.5, 54.5, 9.5, 58.5 ], "rotation": 90 },
										"south": { "texture": "#line", "uv": [ 3.5, 58.5, 8.5, 59.5 ] },
										"west": { "texture": "#line", "uv": [ 2.5, 54.5, 3.5, 58.5 ], "rotation": 270 },
										"up": { "texture": "#line", "uv": [ 3.5, 54.5, 8.5, 58.5 ] },
										"down": { "texture": "#line", "uv": [ 9.5, 54.5, 14.5, 58.5 ] }
									}
								},
								{
									"name": "ArmorLowerLegWrapLine8",
									"from": [ -0.11, 2.79, -0.01 ],
									"to": [ 5.21, 3.81, 4.41 ],
									"unwrapMode": 5,
									"uv": [ 2.5, 56.0 ],
									"rotationOrigin": [ -0.11, 2.8, 0.0 ],
									"rotationX": 8.0,
									"faces": {
										"north": { "texture": "#line", "uv": [ 3.5, 56.0, 8.5, 57.0 ], "rotation": 180 },
										"east": { "texture": "#line", "uv": [ 8.5, 57.0, 9.5, 61.0 ], "rotation": 90 },
										"south": { "texture": "#line", "uv": [ 3.5, 61.0, 8.5, 62.0 ] },
										"west": { "texture": "#line", "uv": [ 2.5, 57.0, 3.5, 61.0 ], "rotation": 270 },
										"up": { "texture": "#line", "uv": [ 3.5, 57.0, 8.5, 61.0 ] },
										"down": { "texture": "#line", "uv": [ 9.5, 57.0, 14.5, 61.0 ] }
									}
								},
								{
									"name": "ArmorLowerLegWrapLine9",
									"from": [ -0.11, 0.99, -0.01 ],
									"to": [ 5.41, 2.01, 4.41 ],
									"unwrapMode": 5,
									"uv": [ 2.0, 54.0 ],
									"rotationOrigin": [ -0.01, 1.0, 0.0 ],
									"rotationX": -6.0,
									"rotationZ": -10.0,
									"faces": {
										"north": { "texture": "#line", "uv": [ 3.0, 54.0, 8.5, 55.0 ], "rotation": 180 },
										"east": { "texture": "#line", "uv": [ 8.5, 55.0, 9.5, 59.0 ], "rotation": 90 },
										"south": { "texture": "#line", "uv": [ 3.0, 59.0, 8.5, 60.0 ] },
										"west": { "texture": "#line", "uv": [ 2.0, 55.0, 3.0, 59.0 ], "rotation": 270 },
										"up": { "texture": "#line", "uv": [ 3.0, 55.0, 8.5, 59.0 ] },
										"down": { "texture": "#line", "uv": [ 9.5, 55.0, 15.0, 59.0 ] }
									}
								},
								{
									"name": "ArmorLowerLegWrapLine10",
									"from": [ -0.01, -0.01, -0.01 ],
									"to": [ 5.31, 1.01, 4.41 ],
									"unwrapMode": 5,
									"uv": [ 2.5, 51.5 ],
									"faces": {
										"north": { "texture": "#line", "uv": [ 3.5, 51.5, 8.5, 52.5 ], "rotation": 180 },
										"east": { "texture": "#line", "uv": [ 8.5, 52.5, 9.5, 56.5 ], "rotation": 90 },
										"south": { "texture": "#line", "uv": [ 3.5, 56.5, 8.5, 57.5 ] },
										"west": { "texture": "#line", "uv": [ 2.5, 52.5, 3.5, 56.5 ], "rotation": 270 },
										"up": { "texture": "#line", "uv": [ 3.5, 52.5, 8.5, 56.5 ] },
										"down": { "texture": "#line", "uv": [ 9.5, 52.5, 14.5, 56.5 ] }
									}
								}
							]
						}
					]
				}
			]
		},
		{
			"name": "ArmorLowerLegL",
			"stepParentName": "LowerFootL",
			"from": [ -0.3, -0.2, -0.15 ],
			"to": [ 4.2, 9.3, 3.35 ],
			"uv": [ 0.0, 25.5 ],
			"rotationOrigin": [ -0.3, -0.2, -0.3 ],
			"faces": {
				"north": { "texture": "#vikinglegs", "uv": [ 0.0, 29.0, 4.5, 38.5 ] },
				"east": { "texture": "#vikinglegs", "uv": [ 4.5, 29.0, 8.0, 38.5 ] },
				"south": { "texture": "#vikinglegs", "uv": [ 8.0, 29.0, 12.5, 38.5 ] },
				"west": { "texture": "#vikinglegs", "uv": [ 12.5, 29.0, 16.0, 38.5 ] },
				"up": { "texture": "#vikinglegs", "uv": [ 0.0, 25.5, 4.5, 29.0 ] },
				"down": { "texture": "#vikinglegs", "uv": [ 4.5, 25.5, 9.0, 29.0 ] }
			},
			"children": [
				{
					"name": "ScalesL",
					"from": [ -0.8, 4.9, -0.5 ],
					"to": [ 5.3, 8.9, 4.5 ],
					"autoUnwrap": false,
					"uv": [ 37.0, 9.0 ],
					"rotationOrigin": [ -0.8, 4.9, -0.5 ],
					"rotationX": -6.0,
					"faces": {
						"north": { "texture": "#vikinglegs", "uv": [ 28.0, 33.5, 34.0, 37.5 ], "windMode": [-1,-1,-1,-1], "enabled": false },
						"east": { "texture": "#vikinglegs", "uv": [ 29.5, 34.5, 34.5, 38.5 ] },
						"south": { "texture": "#vikinglegs", "uv": [ 28.5, 34.5, 34.0, 38.5 ], "autoUv": false },
						"west": { "texture": "#vikinglegs", "uv": [ 25.5, 34.5, 30.5, 38.5 ] },
						"up": { "texture": "#vikinglegs", "uv": [ 37.0, 9.0, 43.0, 14.0 ], "rotation": 180 },
						"down": { "texture": "#vikinglegs", "uv": [ 46.0, 47.5, 52.0, 52.5 ], "enabled": false }
					}
				},
				{
					"name": "ArmorBootL",
					"from": [ -0.1, 0.15, 0.05 ],
					"to": [ 4.4, 9.65, 3.65 ],
					"autoUnwrap": false,
					"uv": [ 14.5, 13.0 ],
					"rotationOrigin": [ -0.1, -0.01, 0.05 ],
					"rotationX": -0.9971,
					"rotationY": -0.2268,
					"rotationZ": 0.0026,
					"faces": {
						"north": { "texture": "#vikinglegs", "uv": [ 0.5, 42.5, 5.0, 52.0 ] },
						"east": { "texture": "#vikinglegs", "uv": [ 17.5, 39.0, 21.0, 48.5 ] },
						"south": { "texture": "#vikinglegs", "uv": [ 0.5, 42.5, 5.0, 52.0 ] },
						"west": { "texture": "#vikinglegs", "uv": [ 17.5, 42.5, 21.0, 52.0 ] },
						"up": { "texture": "#vikinglegs", "uv": [ 15.5, 39.0, 20.0, 42.5 ] },
						"down": { "texture": "#vikinglegs", "uv": [ 15.5, 39.0, 20.0, 42.5 ] }
					},
					"children": [
						{
							"name": "FootL",
							"from": [ -0.3, -0.1, -0.3 ],
							"to": [ 4.8, 1.9, 3.8 ],
							"uv": [ 0.5, 45.5 ],
							"rotationOrigin": [ -0.3, -0.1, -0.3 ],
							"faces": {
								"north": { "texture": "#vikinglegs", "uv": [ 0.5, 49.5, 5.5, 51.5 ] },
								"east": { "texture": "#vikinglegs", "uv": [ 5.5, 49.5, 9.5, 51.5 ] },
								"south": { "texture": "#vikinglegs", "uv": [ 9.5, 49.5, 14.5, 51.5 ] },
								"west": { "texture": "#vikinglegs", "uv": [ 14.5, 49.5, 18.5, 51.5 ] },
								"up": { "texture": "#vikinglegs", "uv": [ 0.5, 45.5, 5.5, 49.5 ] },
								"down": { "texture": "#vikinglegs", "uv": [ 5.5, 45.5, 10.5, 49.5 ] }
							},
							"children": [
								{
									"name": "FootL1",
									"from": [ -1.0, 0.0, 0.5 ],
									"to": [ 0.0, 1.5, 3.6 ],
									"uv": [ 13.0, 47.5 ],
									"rotationOrigin": [ 0.4, 0.0, -0.2 ],
									"faces": {
										"north": { "texture": "#vikinglegs", "uv": [ 13.0, 50.5, 14.0, 52.0 ] },
										"east": { "texture": "#vikinglegs", "uv": [ 14.0, 50.5, 17.0, 52.0 ] },
										"south": { "texture": "#vikinglegs", "uv": [ 17.0, 50.5, 18.0, 52.0 ] },
										"west": { "texture": "#vikinglegs", "uv": [ 18.0, 50.5, 21.0, 52.0 ] },
										"up": { "texture": "#vikinglegs", "uv": [ 13.0, 47.5, 14.0, 50.5 ] },
										"down": { "texture": "#vikinglegs", "uv": [ 14.0, 47.5, 15.0, 50.5 ] }
									}
								},
								{
									"name": "FootL2",
									"from": [ -2.4, 0.0, 0.4 ],
									"to": [ -0.7, 1.7, 3.7 ],
									"uv": [ 12.2, 44.0 ],
									"rotationOrigin": [ -1.0, 0.0, -0.3 ],
									"faces": {
										"north": { "texture": "#vikinglegs", "uv": [ 12.0, 47.0, 13.5, 48.5 ] },
										"east": { "texture": "#vikinglegs", "uv": [ 14.0, 47.0, 17.0, 48.5 ] },
										"south": { "texture": "#vikinglegs", "uv": [ 17.0, 47.0, 18.5, 48.5 ] },
										"west": { "texture": "#vikinglegs", "uv": [ 18.5, 47.0, 21.5, 48.5 ] },
										"up": { "texture": "#vikinglegs", "uv": [ 12.0, 44.0, 13.5, 47.0 ] },
										"down": { "texture": "#vikinglegs", "uv": [ 14.0, 44.0, 15.5, 47.0 ] }
									}
								}
							]
						},
						{
							"name": "FootL3",
							"from": [ -0.2, 1.9, -0.2 ],
							"to": [ 4.7, 7.7, 3.7 ],
							"autoUnwrap": false,
							"uv": [ 25.0, 38.0 ],
							"rotationOrigin": [ -0.2, 1.9, -0.2 ],
							"faces": {
								"north": { "texture": "#vikinglegs", "uv": [ 21.5, 48.5, 26.0, 54.0 ] },
								"east": { "texture": "#vikinglegs", "uv": [ 25.5, 48.5, 28.6, 54.0 ], "autoUv": false },
								"south": { "texture": "#vikinglegs", "uv": [ 21.5, 48.5, 26.0, 54.0 ] },
								"west": { "texture": "#vikinglegs", "uv": [ 25.5, 48.5, 28.5, 54.0 ], "autoUv": false },
								"up": { "texture": "#vikinglegs", "uv": [ 21.5, 48.0, 26.0, 51.5 ] },
								"down": { "texture": "#vikinglegs", "uv": [ 21.5, 47.5, 26.0, 51.0 ] }
							}
						},
						{
							"name": "ArmorLowerLegWrap1",
							"from": [ -0.4859, 1.7251, -0.5823 ],
							"to": [ 4.8141, 2.7251, 3.8177 ],
							"uv": [ 3.0, 47.0 ],
							"rotationOrigin": [ -0.4688, 1.7146, -0.5477 ],
							"rotationX": 2.9915,
							"rotationY": 0.6797,
							"rotationZ": -0.0223,
							"faces": {
								"north": { "texture": "#vikinglegs", "uv": [ 3.0, 51.0, 8.0, 52.0 ] },
								"east": { "texture": "#vikinglegs", "uv": [ 8.0, 51.0, 12.0, 52.0 ] },
								"south": { "texture": "#vikinglegs", "uv": [ 12.0, 51.0, 17.0, 52.0 ] },
								"west": { "texture": "#vikinglegs", "uv": [ 17.0, 51.0, 21.0, 52.0 ] },
								"up": { "texture": "#vikinglegs", "uv": [ 3.0, 47.0, 8.0, 51.0 ] },
								"down": { "texture": "#vikinglegs", "uv": [ 8.0, 47.0, 13.0, 51.0 ] }
							},
							"children": [
								{
									"name": "ArmorLowerLegWrap2",
									"from": [ -0.1, 1.7, 0.0 ],
									"to": [ 5.4, 2.7, 4.4 ],
									"uv": [ 2.5, 47.5 ],
									"rotationOrigin": [ -0.01, 1.7, 0.0 ],
									"rotationX": 6.0,
									"rotationZ": -10.0,
									"faces": {
										"north": { "texture": "#vikinglegs", "uv": [ 2.5, 51.5, 8.0, 52.5 ] },
										"east": { "texture": "#vikinglegs", "uv": [ 8.0, 51.5, 12.0, 52.5 ] },
										"south": { "texture": "#vikinglegs", "uv": [ 12.0, 51.5, 17.5, 52.5 ] },
										"west": { "texture": "#vikinglegs", "uv": [ 17.5, 51.5, 21.5, 52.5 ] },
										"up": { "texture": "#vikinglegs", "uv": [ 2.5, 47.5, 8.0, 51.5 ] },
										"down": { "texture": "#vikinglegs", "uv": [ 8.0, 47.5, 13.5, 51.5 ] }
									}
								},
								{
									"name": "ArmorLowerLegWrap3",
									"from": [ -0.1, 2.5, 0.0 ],
									"to": [ 5.2, 3.5, 4.4 ],
									"uv": [ 3.0, 47.5 ],
									"rotationOrigin": [ -0.11, 2.5, 0.0 ],
									"rotationX": -8.0,
									"faces": {
										"north": { "texture": "#vikinglegs", "uv": [ 3.0, 51.5, 8.0, 52.5 ] },
										"east": { "texture": "#vikinglegs", "uv": [ 8.0, 51.5, 12.0, 52.5 ] },
										"south": { "texture": "#vikinglegs", "uv": [ 12.0, 51.5, 17.0, 52.5 ] },
										"west": { "texture": "#vikinglegs", "uv": [ 17.0, 51.5, 21.0, 52.5 ] },
										"up": { "texture": "#vikinglegs", "uv": [ 3.0, 47.5, 8.0, 51.5 ] },
										"down": { "texture": "#vikinglegs", "uv": [ 8.0, 47.5, 13.0, 51.5 ] }
									}
								},
								{
									"name": "ArmorLowerLegWrap4",
									"from": [ -0.1, 4.8, 0.0 ],
									"to": [ 5.2, 5.8, 4.4 ],
									"uv": [ 2.5, 47.5 ],
									"rotationOrigin": [ -0.11, 4.8, 0.0 ],
									"rotationX": 5.0,
									"rotationZ": -15.0,
									"faces": {
										"north": { "texture": "#vikinglegs", "uv": [ 2.5, 51.5, 7.5, 52.5 ] },
										"east": { "texture": "#vikinglegs", "uv": [ 7.5, 51.5, 11.5, 52.5 ] },
										"south": { "texture": "#vikinglegs", "uv": [ 11.5, 51.5, 16.5, 52.5 ] },
										"west": { "texture": "#vikinglegs", "uv": [ 16.5, 51.5, 20.5, 52.5 ] },
										"up": { "texture": "#vikinglegs", "uv": [ 2.5, 47.5, 7.5, 51.5 ] },
										"down": { "texture": "#vikinglegs", "uv": [ 7.5, 47.5, 12.5, 51.5 ] }
									}
								},
								{
									"name": "ArmorLowerLegWrap5",
									"from": [ -0.1, 5.0, 0.0 ],
									"to": [ 5.2, 6.0, 4.4 ],
									"uv": [ 2.0, 47.5 ],
									"rotationOrigin": [ -0.11, 5.0, 0.0 ],
									"faces": {
										"north": { "texture": "#vikinglegs", "uv": [ 2.0, 51.5, 7.0, 52.5 ] },
										"east": { "texture": "#vikinglegs", "uv": [ 7.0, 51.5, 11.0, 52.5 ] },
										"south": { "texture": "#vikinglegs", "uv": [ 11.0, 51.5, 16.0, 52.5 ] },
										"west": { "texture": "#vikinglegs", "uv": [ 16.0, 51.5, 20.0, 52.5 ] },
										"up": { "texture": "#vikinglegs", "uv": [ 2.0, 47.5, 7.0, 51.5 ] },
										"down": { "texture": "#vikinglegs", "uv": [ 7.0, 47.5, 12.0, 51.5 ] }
									}
								},
								{
									"name": "ArmorLowerLegWrapLine1",
									"from": [ -0.11, 4.99, -0.01 ],
									"to": [ 5.21, 6.01, 4.41 ],
									"unwrapMode": 5,
									"uv": [ 1.5, 55.5 ],
									"rotationOrigin": [ -0.11, 5.0, 0.0 ],
									"faces": {
										"north": { "texture": "#line", "uv": [ 2.5, 55.5, 7.5, 56.5 ], "rotation": 180 },
										"east": { "texture": "#line", "uv": [ 7.5, 56.5, 8.5, 60.5 ], "rotation": 90 },
										"south": { "texture": "#line", "uv": [ 2.5, 60.5, 7.5, 61.5 ] },
										"west": { "texture": "#line", "uv": [ 1.5, 56.5, 2.5, 60.5 ], "rotation": 270 },
										"up": { "texture": "#line", "uv": [ 2.5, 56.5, 7.5, 60.5 ] },
										"down": { "texture": "#line", "uv": [ 8.5, 56.5, 13.5, 60.5 ] }
									}
								},
								{
									"name": "ArmorLowerLegWrapLine2",
									"from": [ -0.11, 4.79, -0.01 ],
									"to": [ 5.21, 5.81, 4.41 ],
									"unwrapMode": 5,
									"uv": [ 2.0, 53.5 ],
									"rotationOrigin": [ -0.11, 4.8, 0.0 ],
									"rotationX": 5.0,
									"rotationZ": -15.0,
									"faces": {
										"north": { "texture": "#line", "uv": [ 3.0, 53.5, 8.0, 54.5 ], "rotation": 180 },
										"east": { "texture": "#line", "uv": [ 8.0, 54.5, 9.0, 58.5 ], "rotation": 90 },
										"south": { "texture": "#line", "uv": [ 3.0, 58.5, 8.0, 59.5 ] },
										"west": { "texture": "#line", "uv": [ 2.0, 54.5, 3.0, 58.5 ], "rotation": 270 },
										"up": { "texture": "#line", "uv": [ 3.0, 54.5, 8.0, 58.5 ] },
										"down": { "texture": "#line", "uv": [ 9.0, 54.5, 14.0, 58.5 ] }
									}
								},
								{
									"name": "ArmorLowerLegWrapLine3",
									"from": [ -0.11, 2.49, -0.01 ],
									"to": [ 5.21, 3.51, 4.41 ],
									"unwrapMode": 5,
									"uv": [ 1.0, 55.0 ],
									"rotationOrigin": [ -0.11, 2.5, 0.0 ],
									"rotationX": -8.0,
									"faces": {
										"north": { "texture": "#line", "uv": [ 2.0, 55.0, 7.0, 56.0 ], "rotation": 180 },
										"east": { "texture": "#line", "uv": [ 7.0, 56.0, 8.0, 60.0 ], "rotation": 90 },
										"south": { "texture": "#line", "uv": [ 2.0, 60.0, 7.0, 61.0 ] },
										"west": { "texture": "#line", "uv": [ 1.0, 56.0, 2.0, 60.0 ], "rotation": 270 },
										"up": { "texture": "#line", "uv": [ 2.0, 56.0, 7.0, 60.0 ] },
										"down": { "texture": "#line", "uv": [ 8.0, 56.0, 13.0, 60.0 ] }
									}
								},
								{
									"name": "ArmorLowerLegWrapLine4",
									"from": [ -0.11, 1.69, -0.01 ],
									"to": [ 5.41, 2.71, 4.41 ],
									"unwrapMode": 5,
									"uv": [ 2.0, 54.5 ],
									"rotationOrigin": [ -0.01, 1.7, 0.0 ],
									"rotationX": 6.0,
									"rotationZ": -10.0,
									"faces": {
										"north": { "texture": "#line", "uv": [ 3.0, 54.5, 8.5, 55.5 ], "rotation": 180 },
										"east": { "texture": "#line", "uv": [ 8.5, 55.5, 9.5, 59.5 ], "rotation": 90 },
										"south": { "texture": "#line", "uv": [ 3.0, 59.5, 8.5, 60.5 ] },
										"west": { "texture": "#line", "uv": [ 2.0, 55.5, 3.0, 59.5 ], "rotation": 270 },
										"up": { "texture": "#line", "uv": [ 3.0, 55.5, 8.5, 59.5 ] },
										"down": { "texture": "#line", "uv": [ 9.5, 55.5, 15.0, 59.5 ] }
									}
								},
								{
									"name": "ArmorLowerLegWrapLine5",
									"from": [ -0.01, -0.01, -0.01 ],
									"to": [ 5.31, 1.03, 4.41 ],
									"unwrapMode": 5,
									"uv": [ 2.5, 52.5 ],
									"faces": {
										"north": { "texture": "#line", "uv": [ 3.5, 52.5, 8.5, 53.5 ], "rotation": 180 },
										"east": { "texture": "#line", "uv": [ 8.5, 53.5, 9.5, 57.5 ], "rotation": 90 },
										"south": { "texture": "#line", "uv": [ 3.5, 57.5, 8.5, 58.5 ] },
										"west": { "texture": "#line", "uv": [ 2.5, 53.5, 3.5, 57.5 ], "rotation": 270 },
										"up": { "texture": "#line", "uv": [ 3.5, 53.5, 8.5, 57.5 ] },
										"down": { "texture": "#line", "uv": [ 9.5, 53.5, 14.5, 57.5 ] }
									}
								}
							]
						}
					]
				}
			]
		},
		{
			"name": "BeltOrigin",
			"stepParentName": "LowerTorso",
			"from": [ -0.3, -0.5, -0.3 ],
			"to": [ -0.3, -0.5, -0.3 ],
			"autoUnwrap": false,
			"uv": [ 38.5, 33.5 ],
			"rotationOrigin": [ -0.3, -0.5, -0.3 ],
			"faces": {
				"north": { "texture": "#vikinglegs", "uv": [ 57.0, 45.5, 57.5, 46.0 ] },
				"east": { "texture": "#vikinglegs", "uv": [ 53.5, 45.5, 54.0, 46.0 ] },
				"south": { "texture": "#vikinglegs", "uv": [ 56.0, 45.5, 56.5, 46.0 ] },
				"west": { "texture": "#vikinglegs", "uv": [ 56.0, 45.5, 56.5, 46.0 ] },
				"up": { "texture": "#vikinglegs", "uv": [ 53.5, 39.5, 54.0, 40.0 ] },
				"down": { "texture": "#vikinglegs", "uv": [ 57.5, 40.6, 63.0, 47.0 ], "autoUv": false, "enabled": false }
			},
			"children": [
				{
					"name": "Belt",
					"from": [ -0.6, 1.5, -0.7 ],
					"to": [ 5.7, 4.1, 7.2 ],
					"autoUnwrap": false,
					"uv": [ 2.0, 8.0 ],
					"rotationOrigin": [ -0.6, 1.5, -0.7 ],
					"faces": {
						"north": { "texture": "#vikinglegs", "uv": [ 58.0, 57.0, 64.0, 59.5 ] },
						"east": { "texture": "#vikinglegs", "uv": [ 32.0, 54.5, 39.5, 57.0 ] },
						"south": { "texture": "#vikinglegs", "uv": [ 48.0, 57.0, 54.0, 59.5 ] },
						"west": { "texture": "#vikinglegs", "uv": [ 29.0, 51.0, 36.4, 54.0 ], "autoUv": false },
						"up": { "texture": "#vikinglegs", "uv": [ 15.5, 47.0, 21.5, 54.5 ] },
						"down": { "texture": "#vikinglegs", "uv": [ 15.5, 47.0, 21.5, 54.5 ] }
					}
				}
			]
		}
	],
	"animations": [
		{
			"name": "Walk",
			"code": "walk",
			"quantityframes": 25,
			"onActivityStopped": "Rewind",
			"onAnimationEnd": "Repeat",
			"keyframes": [
				{
					"frame": 4,
					"elements": {
						"ScalesR": { "offsetX": -0.4, "offsetY": 1.3, "offsetZ": 0.0, "rotationX": 0.0, "rotationY": 0.0, "rotationZ": 0.0 },
						"ArmorUpperLegR": { "rotationX": 0.0, "rotationY": 0.0, "rotationZ": 0.0 },
						"ScalesL": { "offsetX": -0.4, "offsetY": 1.1, "offsetZ": 0.0 }
					}
				}
			]
		}
	]
}