{
	"code": "pelt",
		"behaviors": [
		{ "name": "GroundStorable", "properties": { "layout": "SingleCenter"}}
	],
  "variantgroups": [
    {"code": "type","states": [ "baby","female","male" ]},
    {"code": "species","states": [ "bosprimigeniusprimigenius","boselaphustragocamelus","bubalusarnee","bubalusbrevicornis","bubalusbubalis","bubaluscebuensis","bubalusdepressicornis","bubalusgrovesi","bubalusmephistopheles","bubalusmindorensis","bubalusmurrensis","bubalusquarlesi","pseudoryxnghetinhensis","syncerusantiquus","synceruscaffer","syncerusnanus","taurotragusderbianus","taurotragusoryx","tetracerusquadricornis","tragelaphusangasii","tragelaphusbuxtoni","tragelaphuseurycerus","tragelaphusimberbis","tragelaphusscriptus","tragelaphusspekii","tragelaphusstrepsiceros","tragelaphussylvaticus" ]}
],
  "shapebytype": {
    "*baby-boselaphustragocamelus": {"base": "item/bovinae/tragelaphusstrepsiceros/floorpelt-baby"},"*-male-boselaphustragocamelus": {"base": "item/bovinae/boselaphustragocamelus/floorpelt-male"},
    "*baby-bubalusarnee": {"base": "item/bovinae/bubalusbubalis/floorpelt-baby"},
    "*baby-bubalusbrevicornis": {"base": "item/bovinae/bubalusbubalis/floorpelt-baby"},"*female-bubalusbrevicornis": {"base": "item/bovinae/bubalusbrevicornis/floorpelt-male"},
		"*female-bubalusbubalis": {"base": "item/bovinae/bubalusbubalis/floorpelt-male"},
    "*baby-bubaluscebuensis": {"base": "item/bovinae/bubalusquarlesi/floorpelt-baby"},"*-bubaluscebuensis": {"base": "item/bovinae/bubalusquarlesi/floorpelt-male"},
    "*baby-bubalusdepressicornis": {"base": "item/bovinae/syncerusnanus/floorpelt-baby"},"*female-bubalusdepressicornis": {"base": "item/bovinae/bubalusdepressicornis/floorpelt-male"},
    "*baby-bubalusgrovesi": {"base": "item/bovinae/syncerusnanus/floorpelt-baby"},"*female-bubalusgrovesi": {"base": "item/bovinae/bubalusmindorensis/floorpelt-male"},"*male-bubalusgrovesi": {"base": "item/bovinae/bubalusmindorensis/floorpelt-male"},
    "*baby-bubalusmephistopheles": {"base": "item/bovinae/bubalusbubalis/floorpelt-baby"},"*female-bubalusmephistopheles": {"base": "item/bovinae/bubalusbubalis/floorpelt-male"},"*male-bubalusmephistopheles": {"base": "item/bovinae/bubalusbubalis/floorpelt-male"},
    "*female-bubalusmindorensis": {"base": "item/bovinae/bubalusmindorensis/floorpelt-male"},
    "*baby-bubalusmurrensis": {"base": "item/bovinae/bubalusbubalis/floorpelt-baby"},"*female-bubalusmurrensis": {"base": "item/bovinae/bubalusbubalis/floorpelt-male"},"*male-bubalusmurrensis": {"base": "item/bovinae/bubalusbubalis/floorpelt-male"},
    "*female-bubalusquarlesi": {"base": "item/bovinae/bubalusquarlesi/floorpelt-male"},
    "*female-pseudoryxnghetinhensis": {"base": "item/bovinae/pseudoryxnghetinhensis/floorpelt-male"},
    "*baby-syncerusantiquus": {"base": "item/bovinae/synceruscaffer/floorpelt-baby"},"*female-syncerusantiquus": {"base": "item/bovinae/synceruscaffer/floorpelt-female"},
    "*baby-taurotragusderbianus": {"base": "item/bovinae/taurotragusoryx/floorpelt-baby"},"*female-taurotragusderbianus": {"base": "item/bovinae/taurotragusoryx/floorpelt-female"},
    "*female-tetracerusquadricornis": {"base": "item/bovinae/tetracerusquadricornis/floorpelt-male"},
    "*baby-tragelaphusangasii": {"base": "item/bovinae/tragelaphusspekii/floorpelt-baby"},"*female-tragelaphusangasii": {"base": "item/bovinae/tragelaphusbuxtoni/floorpelt-female"},"*male-tragelaphusangasii": {"base": "item/bovinae/tragelaphusspekii/floorpelt-male"},
    "*baby-tragelaphusbuxtoni": {"base": "item/bovinae/tragelaphusspekii/floorpelt-baby"},
    "*baby-tragelaphuseurycerus": {"base": "item/bovinae/tragelaphusstrepsiceros/floorpelt-baby"},"*female-tragelaphuseurycerus": {"base": "item/bovinae/tragelaphusspekii/floorpelt-male"},
    "*baby-tragelaphusimberbis": {"base": "item/bovinae/tragelaphusstrepsiceros/floorpelt-baby"},"*female-tragelaphusimberbis": {"base": "item/bovinae/tragelaphusimberbis/floorpelt-male"},
    "*female-tragelaphusscriptus": {"base": "item/bovinae/tragelaphussylvaticus/floorpelt-male"},"*-tragelaphusscriptus": {"base": "item/bovinae/tragelaphussylvaticus/floorpelt-{type}"},
    "*-baby-*": {
      "base": "item/bovinae/{species}/floorpelt-baby"
    },
    "@.*-(female-tragelaphussylvaticus)": {
      "base": "item/bovinae/{species}/floorpelt-male"
    },
    "*": {
      "base": "item/bovinae/{species}/floorpelt-{type}"
    }
  },
  "texturesByType": {
    "*-baby-*": {"skin": {"base": "entity/bovinae/{species}-baby"}},
    "*-tetracerusquadricornis": {"skin": {"base": "entity/bovinae/{species}-adult"}},
    "*": {"skin": {"base": "entity/bovinae/{species}-{type}"},"bottom": {"base": "game:block/leather/plain"}}
  },
	"creativeinventory": { "general": ["*"], "items": ["*"] },
	"maxstacksize": 64,
	"attributes": {
		"handbook": {"groupBy": ["floorpelt-*"]},
		"displaycaseable": false, 
		"shelvable": false,
		"antlerMountableByType": {
			"*": true
		},
		"onAntlerMountTransformByType": {
			"*-male-boselaphustragocamelus": {"translation": { "x": 0.0, "y": 0.45, "z": 0 },"rotation": { "x": 0, "y": 0, "z": -90 },"origin": { "x": 0.1, "y": 0.0, "z": 0.5 },"scale": 1.03},	
			"*-baby-bubalusarnee": {"translation": { "x": 0.0, "y": 0.45, "z": 0 },"rotation": { "x": 0, "y": 0, "z": -90 },"origin": { "x": 0.1, "y": 0.0, "z": 0.5 },"scale": 1.05},"*-female-bubalusarnee": {"translation": { "x": 0.0, "y": 0.45, "z": 0 },"rotation": { "x": 0, "y": 0, "z": -90 },"origin": { "x": 0.1, "y": 0.0, "z": 0.5 },"scale": 1.05},"*-male-bubalusarnee": {"translation": { "x": 0.0, "y": 0.45, "z": 0 },"rotation": { "x": 0, "y": 0, "z": -90 },"origin": { "x": 0.1, "y": 0.0, "z": 0.5 },"scale": 1.05},
			"*-baby-bubalusbrevicornis": {"translation": { "x": 0.0, "y": 0.45, "z": 0 },"rotation": { "x": 0, "y": 0, "z": -90 },"origin": { "x": 0.1, "y": 0.0, "z": 0.5 },"scale": 0.95},"*-female-bubalusbrevicornis": {"translation": { "x": 0.0, "y": 0.45, "z": 0 },"rotation": { "x": 0, "y": 0, "z": -90 },"origin": { "x": 0.1, "y": 0.0, "z": 0.5 },"scale": 0.95},
			"*-female-bubalusbubalis": {"translation": { "x": 0.0, "y": 0.45, "z": 0 },"rotation": { "x": 0, "y": 0, "z": -90 },"origin": { "x": 0.1, "y": 0.0, "z": 0.5 },"scale": 0.95},	
			"*-baby-bubaluscebuensis": {"translation": { "x": 0.0, "y": 0.45, "z": 0 },"rotation": { "x": 0, "y": 0, "z": -90 },"origin": { "x": 0.1, "y": 0.0, "z": 0.5 },"scale": 1.05},"*-male-bubaluscebuensis": {"translation": { "x": 0.0, "y": 0.45, "z": 0 },"rotation": { "x": 0, "y": 0, "z": -90 },"origin": { "x": 0.1, "y": 0.0, "z": 0.5 },"scale": 1.05},	
			"*-baby-bubalusdepressicornis": {"translation": { "x": 0.0, "y": 0.45, "z": 0 },"rotation": { "x": 0, "y": 0, "z": -90 },"origin": { "x": 0.1, "y": 0.0, "z": 0.5 },"scale": 0.95},"*-female-bubalusdepressicornis": {"translation": { "x": 0.0, "y": 0.45, "z": 0 },"rotation": { "x": 0, "y": 0, "z": -90 },"origin": { "x": 0.1, "y": 0.0, "z": 0.5 },"scale": 0.95},
			"*-female-bubalusgrovesi": {"translation": { "x": 0.0, "y": 0.45, "z": 0 },"rotation": { "x": 0, "y": 0, "z": -90 },"origin": { "x": 0.1, "y": 0.0, "z": 0.5 },"scale": 0.95},	
			"*-female-bubalusmephistopheles": {"translation": { "x": 0.0, "y": 0.45, "z": 0 },"rotation": { "x": 0, "y": 0, "z": -90 },"origin": { "x": 0.1, "y": 0.0, "z": 0.5 },"scale": 0.95},	
			"*-male-bubalusmindorensis": {"translation": { "x": 0.0, "y": 0.45, "z": 0 },"rotation": { "x": 0, "y": 0, "z": -90 },"origin": { "x": 0.1, "y": 0.0, "z": 0.5 },"scale": 1.05},	
			"*-female-bubalusmurrensis": {"translation": { "x": 0.0, "y": 0.45, "z": 0 },"rotation": { "x": 0, "y": 0, "z": -90 },"origin": { "x": 0.1, "y": 0.0, "z": 0.5 },"scale": 0.97},"*-male-bubalusmurrensis": {"translation": { "x": 0.0, "y": 0.45, "z": 0 },"rotation": { "x": 0, "y": 0, "z": -90 },"origin": { "x": 0.1, "y": 0.0, "z": 0.5 },"scale": 1.03},	
			"*-female-bubalusquarlesi": {"translation": { "x": 0.0, "y": 0.45, "z": 0 },"rotation": { "x": 0, "y": 0, "z": -90 },"origin": { "x": 0.1, "y": 0.0, "z": 0.5 },"scale": 0.95},	
			"*-female-pseudoryxnghetinhensis": {"translation": { "x": 0.0, "y": 0.45, "z": 0 },"rotation": { "x": 0, "y": 0, "z": -90 },"origin": { "x": 0.1, "y": 0.0, "z": 0.5 },"scale": 0.95},	
			"*-baby-syncerusantiquus": {"translation": { "x": 0.0, "y": 0.45, "z": 0 },"rotation": { "x": 0, "y": 0, "z": -90 },"origin": { "x": 0.1, "y": 0.0, "z": 0.5 },"scale": 1.05},"*-female-syncerusantiquus": {"translation": { "x": 0.0, "y": 0.45, "z": 0 },"rotation": { "x": 0, "y": 0, "z": -90 },"origin": { "x": 0.1, "y": 0.0, "z": 0.5 },"scale": 1.05},		
			"*-male-taurotragusderbianus": {"translation": { "x": 0.0, "y": 0.45, "z": 0 },"rotation": { "x": 0, "y": 0, "z": -90 },"origin": { "x": 0.1, "y": 0.0, "z": 0.5 },"scale": 0.95},
			"*-male-taurotragusoryx": {"translation": { "x": 0.0, "y": 0.45, "z": 0 },"rotation": { "x": 0, "y": 0, "z": -90 },"origin": { "x": 0.1, "y": 0.0, "z": 0.5 },"scale": 1.05},	
			"*-female-tetracerusquadricornis": {"translation": { "x": 0.0, "y": 0.45, "z": 0 },"rotation": { "x": 0, "y": 0, "z": -90 },"origin": { "x": 0.1, "y": 0.0, "z": 0.5 },"scale": 0.95},	
			"*-baby-tragelaphusangasii": {"translation": { "x": 0.0, "y": 0.45, "z": 0 },"rotation": { "x": 0, "y": 0, "z": -90 },"origin": { "x": 0.1, "y": 0.0, "z": 0.5 },"scale": 0.95},"*-male-tragelaphusangasii": {"translation": { "x": 0.0, "y": 0.45, "z": 0 },"rotation": { "x": 0, "y": 0, "z": -90 },"origin": { "x": 0.1, "y": 0.0, "z": 0.5 },"scale": 0.95},		
			"*-female-tragelaphusbuxtoni": {"translation": { "x": 0.0, "y": 0.45, "z": 0 },"rotation": { "x": 0, "y": 0, "z": -90 },"origin": { "x": 0.1, "y": 0.0, "z": 0.5 },"scale": 1.05},	
			"*-baby-tragelaphusimberbis": {"translation": { "x": 0.0, "y": 0.45, "z": 0 },"rotation": { "x": 0, "y": 0, "z": -90 },"origin": { "x": 0.1, "y": 0.0, "z": 0.5 },"scale": 0.95},"*-female-tragelaphusimberbis": {"translation": { "x": 0.0, "y": 0.45, "z": 0 },"rotation": { "x": 0, "y": 0, "z": -90 },"origin": { "x": 0.1, "y": 0.0, "z": 0.5 },"scale": 0.95},
			"*-baby-tragelaphusscriptus": {"translation": { "x": 0.0, "y": 0.45, "z": 0 },"rotation": { "x": 0, "y": 0, "z": -90 },"origin": { "x": 0.1, "y": 0.0, "z": 0.5 },"scale": 0.9},"*-female-tragelaphusscriptus": {"translation": { "x": 0.0, "y": 0.45, "z": 0 },"rotation": { "x": 0, "y": 0, "z": -90 },"origin": { "x": 0.1, "y": 0.0, "z": 0.5 },"scale": 0.95},"*-male-tragelaphusscriptus": {"translation": { "x": 0.0, "y": 0.45, "z": 0 },"rotation": { "x": 0, "y": 0, "z": -90 },"origin": { "x": 0.1, "y": 0.0, "z": 0.5 },"scale": 1.05},	
			"*-baby-tragelaphussylvaticus": {"translation": { "x": 0.0, "y": 0.45, "z": 0 },"rotation": { "x": 0, "y": 0, "z": -90 },"origin": { "x": 0.1, "y": 0.0, "z": 0.5 },"scale": 0.9},"*-female-tragelaphussylvaticus": {"translation": { "x": 0.0, "y": 0.45, "z": 0 },"rotation": { "x": 0, "y": 0, "z": -90 },"origin": { "x": 0.1, "y": 0.0, "z": 0.5 },"scale": 0.95},"*-male-tragelaphussylvaticus": {"translation": { "x": 0.0, "y": 0.45, "z": 0 },"rotation": { "x": 0, "y": 0, "z": -90 },"origin": { "x": 0.1, "y": 0.0, "z": 0.5 },"scale": 1.05},	
			"*": {"translation": { "x": 0.0, "y": 0.45, "z": 0 },"rotation": { "x": 0, "y": 0, "z": -90 },"origin": { "x": 0.1, "y": 0.0, "z": 0.5 },"scale": 1.0}			
		},
		"rackable": true,
		"toolrackTransform": {
			"translation": { "x": 0, "y": 0.45, "z": 0 },
			"rotation": { "x": -179.9, "y": 180, "z": 0.1 },
			"origin": { "x": 0.1, "y": 0.0, "z": 0.5 },
			"scale": 1.0
		},
		"onDisplayTransform": {
			"translation": { "x": 0, "y": -0.05, "z": 0.0 },
			"rotation": { "x": 0, "y": -45, "z": 0 },
			"origin": { "x": 0.5, "y": 0.5, "z": 0.5 },
			"scale": 1.0
		},
		"groundStorageTransformByType": {
			"*-female-boselaphustragocamelus": {"origin": { "x": 0.5, "y": 0.05, "z": 0.5 },"rotation": { "x": 0, "y": 90, "z": 0 },"scale": 1.03},
			"*-baby-bubalusarnee": {"origin": { "x": 0.5, "y": 0.05, "z": 0.5 },"rotation": { "x": 0, "y": 90, "z": 0 },"scale": 1.05},"*-female-bubalusarnee": {"origin": { "x": 0.5, "y": 0.05, "z": 0.5 },"rotation": { "x": 0, "y": 90, "z": 0 },"scale": 1.05},"*-female-bubalusarnee": {"origin": { "x": 0.5, "y": 0.05, "z": 0.5 },"rotation": { "x": 0, "y": 90, "z": 0 },"scale": 1.05},
			"*-baby-bubalusbrevicornis": {"origin": { "x": 0.5, "y": 0.05, "z": 0.5 },"rotation": { "x": 0, "y": 90, "z": 0 },"scale": 0.95},"*-female-bubalusbrevicornis": {"origin": { "x": 0.5, "y": 0.05, "z": 0.5 },"rotation": { "x": 0, "y": 90, "z": 0 },"scale": 0.95},
			"*-female-bubalusbubalis": {"origin": { "x": 0.5, "y": 0.05, "z": 0.5 },"rotation": { "x": 0, "y": 90, "z": 0 },"scale": 0.95},
			"*-baby-bubaluscebuensis": {"origin": { "x": 0.5, "y": 0.05, "z": 0.5 },"rotation": { "x": 0, "y": 90, "z": 0 },"scale": 1.05},"*-male-bubaluscebuensis": {"origin": { "x": 0.5, "y": 0.05, "z": 0.5 },"rotation": { "x": 0, "y": 90, "z": 0 },"scale": 1.05},
			"*-baby-bubalusdepressicornis": {"origin": { "x": 0.5, "y": 0.05, "z": 0.5 },"rotation": { "x": 0, "y": 90, "z": 0 },"scale": 0.95},"*-female-bubalusdepressicornis": {"origin": { "x": 0.5, "y": 0.05, "z": 0.5 },"rotation": { "x": 0, "y": 90, "z": 0 },"scale": 0.95},
			"*-female-bubalusgrovesi": {"origin": { "x": 0.5, "y": 0.05, "z": 0.5 },"rotation": { "x": 0, "y": 90, "z": 0 },"scale": 0.95},
			"*-female-bubalusmephistopheles": {"origin": { "x": 0.5, "y": 0.05, "z": 0.5 },"rotation": { "x": 0, "y": 90, "z": 0 },"scale": 0.95},
			"*-male-bubalusmindorensis": {"origin": { "x": 0.5, "y": 0.05, "z": 0.5 },"rotation": { "x": 0, "y": 90, "z": 0 },"scale": 1.05},
			"*-female-bubalusmurrensis": {"origin": { "x": 0.5, "y": 0.05, "z": 0.5 },"rotation": { "x": 0, "y": 90, "z": 0 },"scale": 0.97},"*-male-bubalusmurrensis": {"origin": { "x": 0.5, "y": 0.05, "z": 0.5 },"rotation": { "x": 0, "y": 90, "z": 0 },"scale": 1.03},
			"*-female-bubalusquarlesi": {"origin": { "x": 0.5, "y": 0.05, "z": 0.5 },"rotation": { "x": 0, "y": 90, "z": 0 },"scale": 0.95},
			"*-female-pseudoryxnghetinhensis": {"origin": { "x": 0.5, "y": 0.05, "z": 0.5 },"rotation": { "x": 0, "y": 90, "z": 0 },"scale": 0.95},
			"*-baby-syncerusantiquus": {"origin": { "x": 0.5, "y": 0.05, "z": 0.5 },"rotation": { "x": 0, "y": 90, "z": 0 },"scale": 1.05},"*-female-syncerusantiquus": {"origin": { "x": 0.5, "y": 0.05, "z": 0.5 },"rotation": { "x": 0, "y": 90, "z": 0 },"scale": 1.05},
			"*-male-taurotragusderbianus": {"origin": { "x": 0.5, "y": 0.05, "z": 0.5 },"rotation": { "x": 0, "y": 90, "z": 0 },"scale": 0.95},
			"*-male-taurotragusoryx": {"origin": { "x": 0.5, "y": 0.05, "z": 0.5 },"rotation": { "x": 0, "y": 90, "z": 0 },"scale": 1.05},
			"*-female-tetracerusquadricornis": {"origin": { "x": 0.5, "y": 0.05, "z": 0.5 },"rotation": { "x": 0, "y": 90, "z": 0 },"scale": 0.95},
			"*-baby-tragelaphusangasii": {"origin": { "x": 0.5, "y": 0.05, "z": 0.5 },"rotation": { "x": 0, "y": 90, "z": 0 },"scale": 0.95},"*-male-tragelaphusangasii": {"origin": { "x": 0.5, "y": 0.05, "z": 0.5 },"rotation": { "x": 0, "y": 90, "z": 0 },"scale": 0.95},
			"*-female-tragelaphusbuxtoni": {"origin": { "x": 0.5, "y": 0.05, "z": 0.5 },"rotation": { "x": 0, "y": 90, "z": 0 },"scale": 1.05},
			"*-baby-tragelaphusimberbis": {"origin": { "x": 0.5, "y": 0.05, "z": 0.5 },"rotation": { "x": 0, "y": 90, "z": 0 },"scale": 0.95},"*-female-tragelaphusimberbis": {"origin": { "x": 0.5, "y": 0.05, "z": 0.5 },"rotation": { "x": 0, "y": 90, "z": 0 },"scale": 0.95},
			"*-baby-tragelaphusscriptus": {"origin": { "x": 0.5, "y": 0.05, "z": 0.5 },"rotation": { "x": 0, "y": 90, "z": 0 },"scale": 0.9},"*-female-tragelaphusscriptus": {"origin": { "x": 0.5, "y": 0.05, "z": 0.5 },"rotation": { "x": 0, "y": 90, "z": 0 },"scale": 0.95},	"*-male-tragelaphusscriptus": {"origin": { "x": 0.5, "y": 0.05, "z": 0.5 },"rotation": { "x": 0, "y": 90, "z": 0 },"scale": 1.05},
			"*-baby-tragelaphussylvaticus": {"origin": { "x": 0.5, "y": 0.05, "z": 0.5 },"rotation": { "x": 0, "y": 90, "z": 0 },"scale": 0.9},"*-female-tragelaphussylvaticus": {"origin": { "x": 0.5, "y": 0.05, "z": 0.5 },"rotation": { "x": 0, "y": 90, "z": 0 },"scale": 0.95},	"*-male-tragelaphussylvaticus": {"origin": { "x": 0.5, "y": 0.05, "z": 0.5 },"rotation": { "x": 0, "y": 90, "z": 0 },"scale": 1.05},
			"*":{"origin": { "x": 0.5, "y": 0.05, "z": 0.5 },"rotation": { "x": 0, "y": 90, "z": 0 },"scale": 1.0}
		}
	},
  "sounds": {
    "walk": "game:walk/cloth"
  },
	"materialDensity": 500,
	"heldTpHitAnimation": "breaktool",
	"fpHandTransform": {
		"translation": { "x": 0, "y": -0.5, "z": -1.5 },
		"rotation": { "x": 180, "y": 0, "z": 90 },
		"scale": 1
	},
	"guiTransformByType": {
    "*-male-*": {"translation": {"x": 0,"y": 1,"z": 0},"rotation": {"x": 0,"y": 145,"z": 90},"origin": {"x": 0.5,"y": 0.1,"z": 0.5},"scale": 0.8},
    "*-female-*": {"translation": {"x": 0,"y": 1,"z": 0},"rotation": {"x": 0,"y": 145,"z": 90},"origin": {"x": 0.5,"y": 0.1,"z": 0.5},"scale": 0.9},
    "*": {"translation": {"x": 0,"y": 1,"z": 0},"rotation": {"x": 0,"y": 145,"z": 90},"origin": {"x": 0.5,"y": 0.1,"z": 0.5},"scale": 2.7}
	},
	"tpHandTransform": {
		"translation": { "x": -0.55, "y": -0.10, "z": -0.45},
		"rotation": { "x": -90, "y": 90, "z": 0 },
		"origin": { "x": 0.5, "y": 0.0, "z": 0.5 },
		"scale": 1.0
	},

		"groundTransform": {
		"translation": { "x": 0, "y": 0, "z": 0 },
		"rotation": { "x": 0, "y": 0, "z": 0 },
		"origin": { "x": 0.5, "y": 0.0, "z": 0.5299 },
		"scale": 1
	}
	

}