{
	"editor": {
		"collapsedPaths": "Root/glove 1",
		"allAngles": true,
		"entityTextureMode": false
	},
	"textureWidth": 16,
	"textureHeight": 16,
	"textureSizes": {
		"blacksmith-gloves": [16,16]
	},
	"textures": {
		"blacksmith-gloves": "entity/humanoid/seraphclothes/hand/blacksmith-gloves"
	},
	"elements": [
		{
			"name": "glove 1",
			"stepParentName": "LowerArmL",
			"from": [ 0.0, 0.0, 0.0 ],
			"to": [ 0.0, 0.0, 0.0 ],
			"faces": {
			},
			"children": [
				{
					"name": "Cube1",
					"from": [ -0.1, -0.1, -0.1 ],
					"to": [ 2.6, 3.9, 2.1 ],
					"rotationOrigin": [ -0.1, -0.1, -0.1 ],
					"faces": {
						"north": { "texture": "#blacksmith-gloves", "uv": [ 8.0, 1.0, 10.5, 5.0 ] },
						"east": { "texture": "#blacksmith-gloves", "uv": [ 7.5, 1.0, 9.5, 5.0 ] },
						"south": { "texture": "#blacksmith-gloves", "uv": [ 6.5, 1.0, 9.0, 5.0 ] },
						"west": { "texture": "#blacksmith-gloves", "uv": [ 5.5, 1.0, 7.5, 5.0 ] },
						"down": { "texture": "#blacksmith-gloves", "uv": [ 10.0, 13.5, 12.0, 16.0 ], "rotation": 90 }
					}
				},
				{
					"name": "Cube2",
					"from": [ -0.05, -0.1, 2.1 ],
					"to": [ 2.64, 0.9, 2.4 ],
					"rotationOrigin": [ -0.1, -0.1, 1.9 ],
					"faces": {
						"north": { "texture": "#blacksmith-gloves", "uv": [ 6.0, 2.0, 8.5, 3.0 ] },
						"east": { "texture": "#blacksmith-gloves", "uv": [ 3.5, 2.0, 4.0, 3.0 ] },
						"south": { "texture": "#blacksmith-gloves", "uv": [ 5.0, 2.0, 7.5, 3.0 ] },
						"west": { "texture": "#blacksmith-gloves", "uv": [ 2.5, 2.0, 3.0, 3.0 ] },
						"up": { "texture": "#blacksmith-gloves", "uv": [ 3.5, 1.5, 6.0, 2.0 ] },
						"down": { "texture": "#blacksmith-gloves", "uv": [ 3.5, 2.0, 6.0, 2.5 ] }
					},
					"children": [
						{
							"name": "Cube6",
							"from": [ 0.01, -1.0, 0.0 ],
							"to": [ 2.69, 0.0, 0.3 ],
							"rotationOrigin": [ -0.05, 0.0, 0.2 ],
							"rotationX": 80.0,
							"faces": {
								"north": { "texture": "#blacksmith-gloves", "uv": [ 6.0, 2.0, 8.5, 3.0 ] },
								"east": { "texture": "#blacksmith-gloves", "uv": [ 3.5, 2.0, 4.0, 3.0 ] },
								"south": { "texture": "#blacksmith-gloves", "uv": [ 5.0, 2.0, 7.5, 3.0 ] },
								"west": { "texture": "#blacksmith-gloves", "uv": [ 2.5, 2.0, 3.0, 3.0 ] },
								"up": { "texture": "#blacksmith-gloves", "uv": [ 3.5, 1.5, 6.0, 2.0 ] },
								"down": { "texture": "#blacksmith-gloves", "uv": [ 3.5, 2.0, 6.0, 2.5 ] }
							}
						}
					]
				},
				{
					"name": "Cube12",
					"from": [ -0.05, -0.35, 0.4 ],
					"to": [ 2.55, -0.05, 1.6 ],
					"rotationOrigin": [ -0.1, -0.1, -0.1 ],
					"faces": {
						"north": { "texture": "#blacksmith-gloves", "uv": [ 3.0, 10.0, 5.5, 10.5 ] },
						"east": { "texture": "#blacksmith-gloves", "uv": [ 4.0, 10.5, 5.0, 11.0 ] },
						"south": { "texture": "#blacksmith-gloves", "uv": [ 5.0, 9.5, 7.5, 10.0 ] },
						"west": { "texture": "#blacksmith-gloves", "uv": [ 4.0, 9.5, 5.0, 10.0 ] },
						"up": { "texture": "#blacksmith-gloves", "uv": [ 5.0, 9.0, 6.0, 11.5 ], "rotation": 90 },
						"down": { "texture": "#blacksmith-gloves", "uv": [ 10.0, 9.5, 11.0, 12.0 ], "rotation": 90 }
					}
				},
				{
					"name": "Cube8",
					"from": [ -0.25, 3.9, -0.3 ],
					"to": [ 2.75, 4.9, 2.3 ],
					"rotationOrigin": [ -0.1, 3.9, -0.1 ],
					"faces": {
						"north": { "texture": "#blacksmith-gloves", "uv": [ 2.0, 8.0, 5.0, 9.0 ] },
						"east": { "texture": "#blacksmith-gloves", "uv": [ 0.0, 8.0, 2.5, 9.0 ] },
						"south": { "texture": "#blacksmith-gloves", "uv": [ 4.5, 8.0, 7.5, 9.0 ] },
						"west": { "texture": "#blacksmith-gloves", "uv": [ 4.5, 8.0, 7.0, 9.0 ] },
						"up": { "texture": "#blacksmith-gloves", "uv": [ 12.0, 9.5, 14.0, 12.0 ], "rotation": 90, "autoUv": false },
						"down": { "texture": "#blacksmith-gloves", "uv": [ 4.5, 9.0, 7.0, 12.0 ], "rotation": 90 }
					}
				}
			]
		},
		{
			"name": "glove 3",
			"stepParentName": "LowerArmR",
			"from": [ 0.0, 0.0, 0.0 ],
			"to": [ 0.0, 0.0, 0.0 ],
			"faces": {
			},
			"children": [
				{
					"name": "Cube4",
					"from": [ -0.1, -0.1, -0.1 ],
					"to": [ 2.6, 3.9, 2.1 ],
					"rotationOrigin": [ -0.1, -0.1, -0.1 ],
					"faces": {
						"north": { "texture": "#blacksmith-gloves", "uv": [ 6.5, 1.0, 9.0, 5.0 ] },
						"east": { "texture": "#blacksmith-gloves", "uv": [ 6.5, 1.0, 8.5, 5.0 ] },
						"south": { "texture": "#blacksmith-gloves", "uv": [ 6.5, 1.0, 9.0, 5.0 ] },
						"west": { "texture": "#blacksmith-gloves", "uv": [ 5.5, 1.0, 7.5, 5.0 ] },
						"down": { "texture": "#blacksmith-gloves", "uv": [ 10.0, 9.5, 12.0, 12.0 ], "rotation": 90 }
					}
				},
				{
					"name": "Cube3",
					"from": [ -0.05, -0.1, -0.4 ],
					"to": [ 2.64, 0.9, -0.1 ],
					"rotationOrigin": [ -0.1, -0.1, -1.1 ],
					"faces": {
						"north": { "texture": "#blacksmith-gloves", "uv": [ 6.0, 2.0, 8.5, 3.0 ] },
						"east": { "texture": "#blacksmith-gloves", "uv": [ 3.5, 2.0, 4.0, 3.0 ] },
						"south": { "texture": "#blacksmith-gloves", "uv": [ 5.0, 2.0, 7.5, 3.0 ] },
						"west": { "texture": "#blacksmith-gloves", "uv": [ 2.5, 2.0, 3.0, 3.0 ] },
						"up": { "texture": "#blacksmith-gloves", "uv": [ 3.5, 1.5, 6.0, 2.0 ] },
						"down": { "texture": "#blacksmith-gloves", "uv": [ 3.5, 2.0, 6.0, 2.5 ] }
					},
					"children": [
						{
							"name": "Cube5",
							"from": [ 0.01, -1.0, 0.0 ],
							"to": [ 2.69, 0.0, 0.3 ],
							"rotationOrigin": [ 1.55, 0.0, 0.1 ],
							"rotationX": -80.0,
							"faces": {
								"north": { "texture": "#blacksmith-gloves", "uv": [ 6.0, 2.0, 8.5, 3.0 ] },
								"east": { "texture": "#blacksmith-gloves", "uv": [ 3.5, 2.0, 4.0, 3.0 ] },
								"south": { "texture": "#blacksmith-gloves", "uv": [ 5.0, 2.0, 7.5, 3.0 ] },
								"west": { "texture": "#blacksmith-gloves", "uv": [ 2.5, 2.0, 3.0, 3.0 ] },
								"up": { "texture": "#blacksmith-gloves", "uv": [ 3.5, 1.5, 6.0, 2.0 ] },
								"down": { "texture": "#blacksmith-gloves", "uv": [ 3.5, 2.0, 6.0, 2.5 ] }
							}
						}
					]
				},
				{
					"name": "Cube11",
					"from": [ -0.05, -0.35, 0.4 ],
					"to": [ 2.55, -0.05, 1.6 ],
					"rotationOrigin": [ -0.1, -0.1, -0.1 ],
					"faces": {
						"north": { "texture": "#blacksmith-gloves", "uv": [ 3.0, 10.0, 5.5, 10.5 ] },
						"east": { "texture": "#blacksmith-gloves", "uv": [ 4.0, 10.5, 5.0, 11.0 ] },
						"south": { "texture": "#blacksmith-gloves", "uv": [ 5.0, 9.5, 7.5, 10.0 ] },
						"west": { "texture": "#blacksmith-gloves", "uv": [ 4.0, 9.5, 5.0, 10.0 ] },
						"up": { "texture": "#blacksmith-gloves", "uv": [ 5.0, 9.0, 6.0, 11.5 ], "rotation": 90 },
						"down": { "texture": "#blacksmith-gloves", "uv": [ 10.0, 9.5, 11.0, 12.0 ], "rotation": 90 }
					}
				},
				{
					"name": "Cube7",
					"from": [ -0.25, 3.9, -0.3 ],
					"to": [ 2.75, 4.9, 2.3 ],
					"rotationOrigin": [ -0.1, 3.9, -0.1 ],
					"faces": {
						"north": { "texture": "#blacksmith-gloves", "uv": [ 2.0, 8.0, 5.0, 9.0 ] },
						"east": { "texture": "#blacksmith-gloves", "uv": [ 0.0, 8.0, 2.5, 9.0 ] },
						"south": { "texture": "#blacksmith-gloves", "uv": [ 4.5, 8.0, 7.5, 9.0 ] },
						"west": { "texture": "#blacksmith-gloves", "uv": [ 4.5, 8.0, 7.0, 9.0 ] },
						"up": { "texture": "#blacksmith-gloves", "uv": [ 12.0, 9.5, 14.0, 12.0 ], "rotation": 90, "autoUv": false },
						"down": { "texture": "#blacksmith-gloves", "uv": [ 4.5, 9.0, 7.0, 12.0 ], "rotation": 90 }
					}
				}
			]
		}
	]}