{
	"editor": {
		"allAngles": true,
		"entityTextureMode": true
	},
	"textureWidth": 40,
	"textureHeight": 48,
	"textureSizes": {
		"bottom": [16,16],
		"skin": [40,48]
	},
	"textures": {
	},
	"elements": [
		{
			"name": "Rotation Point",
			"from": [ 0.0, 0.0, 0.0 ],
			"to": [ 0.0, 0.0, 0.0 ],
			"uv": [ 0.0, 0.0 ],
			"faces": {
			},
			"children": [
				{
					"name": "Base",
					"from": [ 0.0, 0.0, 8.0 ],
					"to": [ 0.0, 0.0, 8.0 ],
					"autoUnwrap": false,
					"uv": [ 0.0, 0.0 ],
					"rotationOrigin": [ 0.0, 0.0, 8.0 ],
					"faces": {
					},
					"children": [
						{
							"name": "PeltBody",
							"from": [ 0.0, 0.0, -2.05 ],
							"to": [ 4.0, 0.42, 2.05 ],
							"unwrapMode": 7,
							"unwrapRotation": 1,
							"autoUnwrap": false,
							"uv": [ 10.0, 17.5 ],
							"rotationOrigin": [ 0.0, 0.0, -2.05 ],
							"faces": {
								"north": { "texture": "#skin", "uv": [ 9.0, 22.5, 9.5, 26.5 ], "rotation": 90, "windMode": [-1,-1,-1,-1] },
								"east": { "texture": "#skin", "uv": [ 5.5, 26.0, 9.5, 26.5 ], "windMode": [-1,-1,-1,-1] },
								"south": { "texture": "#skin", "uv": [ 5.5, 22.5, 6.0, 26.5 ], "rotation": 270, "windMode": [-1,-1,-1,-1] },
								"west": { "texture": "#skin", "uv": [ 5.5, 22.0, 9.5, 22.5 ], "rotation": 180, "windMode": [-1,-1,-1,-1] },
								"up": { "texture": "#skin", "uv": [ 5.5, 22.5, 9.5, 26.5 ], "rotation": 270, "windMode": [-1,-1,-1,-1] },
								"down": { "texture": "#bottom", "uv": [ 0.0, 0.0, 4.0, 4.0 ], "rotation": 90, "windMode": [-1,-1,-1,-1] }
							},
							"children": [
								{
									"name": "LBody",
									"from": [ 0.0, 0.01, 3.6 ],
									"to": [ 4.0, 0.41, 8.6 ],
									"unwrapMode": 7,
									"unwrapRotation": 1,
									"autoUnwrap": false,
									"uv": [ 0.0, 17.5 ],
									"rotationOrigin": [ 0.0, -0.01, 3.6 ],
									"rotationY": -3.0,
									"faces": {
										"east": { "texture": "#skin", "uv": [ 0.5, 26.0, 5.5, 26.5 ], "windMode": [-1,-1,-1,-1] },
										"south": { "texture": "#skin", "uv": [ 0.5, 22.5, 1.0, 26.5 ], "rotation": 270, "windMode": [-1,-1,-1,-1] },
										"west": { "texture": "#skin", "uv": [ 0.5, 22.5, 5.5, 23.0 ], "rotation": 180, "windMode": [-1,-1,-1,-1] },
										"up": { "texture": "#skin", "uv": [ 0.5, 22.5, 5.5, 26.5 ], "rotation": 270, "windMode": [-1,-1,-1,-1] },
										"down": { "texture": "#bottom", "uv": [ 0.0, 0.0, 5.0, 4.0 ], "rotation": 90 }
									},
									"children": [
										{
											"name": "LArm",
											"from": [ 0.0, 0.01, 4.0 ],
											"to": [ 1.0, 0.39, 8.5 ],
											"unwrapMode": 5,
											"autoUnwrap": false,
											"uv": [ 24.0, 8.5 ],
											"rotationOrigin": [ 0.0, 0.01, 4.0 ],
											"rotationY": -30.0,
											"faces": {
												"east": { "texture": "#skin", "uv": [ 27.0, 8.5, 27.5, 13.0 ], "rotation": 90 },
												"south": { "texture": "#skin", "uv": [ 26.5, 13.0, 27.5, 13.5 ], "windMode": [-1,-1,-1,-1] },
												"west": { "texture": "#skin", "uv": [ 26.0, 8.5, 26.5, 13.0 ], "rotation": 270, "windMode": [-1,-1,-1,-1] },
												"up": { "texture": "#skin", "uv": [ 26.5, 8.5, 27.5, 13.0 ], "windMode": [-1,-1,-1,-1] },
												"down": { "texture": "#bottom", "uv": [ 0.0, 0.0, 1.0, 4.5 ], "windMode": [-1,-1,-1,-1] }
											},
											"children": [
												{
													"name": "LArmLower",
													"from": [ 1.0, 0.01, -0.3 ],
													"to": [ 2.0, 0.37, 4.2 ],
													"unwrapMode": 5,
													"autoUnwrap": false,
													"uv": [ 26.0, 12.5 ],
													"rotationOrigin": [ 2.0, 0.01, -0.3 ],
													"rotationY": -10.0,
													"faces": {
														"east": { "texture": "#skin", "uv": [ 28.5, 8.5, 29.0, 13.0 ], "rotation": 90 },
														"south": { "texture": "#skin", "uv": [ 27.0, 13.0, 28.0, 13.5 ], "windMode": [-1,-1,-1,-1] },
														"up": { "texture": "#skin", "uv": [ 27.5, 8.5, 28.5, 13.0 ], "windMode": [-1,-1,-1,-1] },
														"down": { "texture": "#bottom", "uv": [ 0.0, 0.0, 1.0, 4.5 ], "windMode": [-1,-1,-1,-1] }
													}
												}
											]
										}
									]
								},
								{
									"name": "RBody",
									"from": [ 0.0, -0.41, 0.5 ],
									"to": [ 4.0, -0.01, 5.5 ],
									"unwrapMode": 6,
									"unwrapRotation": 1,
									"autoUnwrap": false,
									"uv": [ 18.0, 17.5 ],
									"rotationOrigin": [ 0.0, 0.0, 0.5 ],
									"rotationX": 180.0,
									"rotationY": -3.0,
									"faces": {
										"east": { "texture": "#skin", "uv": [ 9.5, 26.0, 14.5, 26.5 ], "rotation": 180 },
										"south": { "texture": "#skin", "uv": [ 14.0, 22.5, 14.5, 26.5 ], "rotation": 270, "windMode": [-1,-1,-1,-1] },
										"west": { "texture": "#skin", "uv": [ 9.5, 22.5, 14.5, 23.0 ], "windMode": [-1,-1,-1,-1] },
										"up": { "texture": "#bottom", "uv": [ 0.0, 0.0, 5.0, 4.0 ], "rotation": 270, "windMode": [-1,-1,-1,-1] },
										"down": { "texture": "#skin", "uv": [ 9.5, 22.5, 14.5, 26.5 ], "rotation": 90, "windMode": [-1,-1,-1,-1] }
									},
									"children": [
										{
											"name": "RArm",
											"from": [ 0.0, 0.01, 4.0 ],
											"to": [ 1.0, 0.39, 8.5 ],
											"unwrapMode": 6,
											"autoUnwrap": false,
											"uv": [ 48.0, 12.0 ],
											"rotationOrigin": [ 0.0, 0.39, 4.0 ],
											"rotationY": -30.0,
											"faces": {
												"east": { "texture": "#skin", "uv": [ 36.0, 8.5, 36.5, 13.0 ], "rotation": 90 },
												"south": { "texture": "#skin", "uv": [ 34.0, 13.0, 35.0, 13.5 ], "rotation": 180, "windMode": [-1,-1,-1,-1] },
												"west": { "texture": "#skin", "uv": [ 33.5, 8.5, 34.0, 13.0 ], "rotation": 270, "windMode": [-1,-1,-1,-1] },
												"up": { "texture": "#bottom", "uv": [ 0.0, 0.0, 1.0, 4.5 ], "windMode": [-1,-1,-1,-1] },
												"down": { "texture": "#skin", "uv": [ 35.0, 8.5, 36.0, 13.0 ], "windMode": [-1,-1,-1,-1] }
											},
											"children": [
												{
													"name": "RArmLower",
													"from": [ 1.0, 0.01, -0.3 ],
													"to": [ 2.0, 0.37, 4.2 ],
													"unwrapMode": 5,
													"autoUnwrap": false,
													"uv": [ 28.0, 12.5 ],
													"rotationOrigin": [ 2.0, 0.37, -0.3 ],
													"rotationY": -10.0,
													"faces": {
														"east": { "texture": "#skin", "uv": [ 34.5, 8.5, 35.0, 13.0 ], "rotation": 90, "windMode": [-1,-1,-1,-1] },
														"south": { "texture": "#skin", "uv": [ 34.5, 13.0, 35.5, 13.5 ], "windMode": [-1,-1,-1,-1] },
														"up": { "texture": "#bottom", "uv": [ 0.0, 0.0, 1.0, 4.5 ], "windMode": [-1,-1,-1,-1] },
														"down": { "texture": "#skin", "uv": [ 34.0, 8.5, 35.0, 13.0 ], "windMode": [-1,-1,-1,-1] }
													}
												}
											]
										}
									]
								},
								{
									"name": "PeltAbdomen",
									"from": [ 4.0, 0.01, 0.05 ],
									"to": [ 7.5, 0.41, 4.05 ],
									"unwrapMode": 7,
									"unwrapRotation": 1,
									"autoUnwrap": false,
									"uv": [ 10.0, 25.0 ],
									"rotationOrigin": [ 4.0, 0.01, 0.05 ],
									"faces": {
										"north": { "texture": "#skin", "uv": [ 9.0, 27.5, 9.5, 31.0 ], "rotation": 90, "windMode": [-1,-1,-1,-1] },
										"east": { "texture": "#skin", "uv": [ 5.5, 30.5, 9.5, 31.0 ], "windMode": [-1,-1,-1,-1] },
										"south": { "texture": "#skin", "uv": [ 5.5, 27.5, 6.0, 31.0 ], "rotation": 270, "windMode": [-1,-1,-1,-1] },
										"up": { "texture": "#skin", "uv": [ 5.5, 27.5, 9.5, 31.0 ], "rotation": 270, "windMode": [-1,-1,-1,-1] },
										"down": { "texture": "#bottom", "uv": [ 0.0, 0.0, 4.0, 3.5 ], "rotation": 90, "windMode": [-1,-1,-1,-1] }
									},
									"children": [
										{
											"name": "LAbdomen",
											"from": [ 0.0, 0.01, 3.5 ],
											"to": [ 3.5, 0.39, 8.6 ],
											"unwrapMode": 7,
											"unwrapRotation": 1,
											"autoUnwrap": false,
											"uv": [ 0.5, 24.5 ],
											"rotationOrigin": [ 0.0, 0.01, 3.5 ],
											"rotationY": -3.0,
											"faces": {
												"east": { "texture": "#skin", "uv": [ 0.5, 30.5, 5.5, 31.0 ] },
												"south": { "texture": "#skin", "uv": [ 0.5, 27.5, 1.0, 31.0 ], "rotation": 270, "windMode": [-1,-1,-1,-1] },
												"west": { "texture": "#skin", "uv": [ 0.5, 27.5, 5.5, 28.0 ], "rotation": 180, "windMode": [-1,-1,-1,-1] },
												"up": { "texture": "#skin", "uv": [ 0.5, 27.5, 5.5, 31.0 ], "rotation": 270, "windMode": [-1,-1,-1,-1] },
												"down": { "texture": "#bottom", "uv": [ 0.0, 0.0, 5.0, 3.5 ], "rotation": 90, "windMode": [-1,-1,-1,-1] }
											}
										},
										{
											"name": "RAbdomen",
											"from": [ 0.0, -0.37, 0.5 ],
											"to": [ 3.5, 0.01, 5.6 ],
											"unwrapMode": 6,
											"unwrapRotation": 1,
											"autoUnwrap": false,
											"uv": [ 18.0, 24.5 ],
											"rotationOrigin": [ 0.0, 0.01, 0.5 ],
											"rotationX": 180.0,
											"rotationY": -3.0,
											"faces": {
												"east": { "texture": "#skin", "uv": [ 9.5, 30.5, 14.5, 31.0 ], "rotation": 180 },
												"south": { "texture": "#skin", "uv": [ 14.0, 27.5, 14.5, 31.0 ], "rotation": 270, "windMode": [-1,-1,-1,-1] },
												"west": { "texture": "#skin", "uv": [ 9.5, 27.5, 14.5, 28.0 ], "windMode": [-1,-1,-1,-1] },
												"up": { "texture": "#bottom", "uv": [ 0.0, 0.0, 5.0, 3.5 ], "rotation": 270, "windMode": [-1,-1,-1,-1] },
												"down": { "texture": "#skin", "uv": [ 9.5, 27.5, 14.5, 31.0 ], "rotation": 90, "windMode": [-1,-1,-1,-1] }
											}
										},
										{
											"name": "PeltRear",
											"from": [ 3.5, 0.0, -0.05 ],
											"to": [ 7.5, 0.4, 4.05 ],
											"unwrapMode": 7,
											"unwrapRotation": 1,
											"autoUnwrap": false,
											"uv": [ 10.0, 33.0 ],
											"rotationOrigin": [ 3.5, 0.0, -0.05 ],
											"faces": {
												"north": { "texture": "#skin", "uv": [ 9.0, 32.0, 9.5, 36.0 ], "rotation": 90, "windMode": [-1,-1,-1,-1] },
												"east": { "texture": "#skin", "uv": [ 5.5, 35.5, 9.5, 36.0 ], "windMode": [-1,-1,-1,-1] },
												"south": { "texture": "#skin", "uv": [ 5.5, 32.0, 6.0, 36.0 ], "rotation": 270, "windMode": [-1,-1,-1,-1] },
												"up": { "texture": "#skin", "uv": [ 5.5, 32.0, 9.5, 36.0 ], "rotation": 270, "windMode": [-1,-1,-1,-1] },
												"down": { "texture": "#bottom", "uv": [ 0.0, 0.0, 4.0, 4.0 ], "rotation": 90, "windMode": [-1,-1,-1,-1] }
											},
											"children": [
												{
													"name": "LRear",
													"from": [ 0.0, 0.01, 3.6 ],
													"to": [ 4.0, 0.39, 8.6 ],
													"unwrapMode": 7,
													"unwrapRotation": 1,
													"autoUnwrap": false,
													"uv": [ 20.0, 32.5 ],
													"rotationOrigin": [ 0.0, 0.01, 3.6 ],
													"rotationY": -3.0,
													"faces": {
														"east": { "texture": "#skin", "uv": [ 0.5, 35.5, 5.5, 36.0 ] },
														"south": { "texture": "#skin", "uv": [ 0.5, 32.0, 1.0, 36.0 ], "rotation": 270, "windMode": [-1,-1,-1,-1] },
														"west": { "texture": "#skin", "uv": [ 0.5, 32.0, 5.5, 32.5 ], "rotation": 180, "windMode": [-1,-1,-1,-1] },
														"up": { "texture": "#skin", "uv": [ 0.5, 32.0, 5.5, 36.0 ], "rotation": 270, "windMode": [-1,-1,-1,-1] },
														"down": { "texture": "#bottom", "uv": [ 0.0, 0.0, 5.0, 4.0 ], "rotation": 90, "windMode": [-1,-1,-1,-1] }
													},
													"children": [
														{
															"name": "LLeg",
															"from": [ 2.4, 0.01, 4.8 ],
															"to": [ 5.4, 0.37, 9.3 ],
															"unwrapMode": 5,
															"autoUnwrap": false,
															"uv": [ 0.0, 5.5 ],
															"rotationOrigin": [ 2.4, 0.01, 4.8 ],
															"rotationY": 72.0,
															"faces": {
																"east": { "texture": "#skin", "uv": [ 20.0, 25.0, 20.5, 29.5 ], "rotation": 90, "windMode": [-1,-1,-1,-1] },
																"south": { "texture": "#skin", "uv": [ 20.5, 29.5, 23.5, 30.0 ], "windMode": [-1,-1,-1,-1] },
																"west": { "texture": "#skin", "uv": [ 23.5, 25.0, 24.0, 29.5 ], "rotation": 270, "windMode": [-1,-1,-1,-1] },
																"up": { "texture": "#skin", "uv": [ 20.5, 25.0, 23.5, 29.5 ], "windMode": [-1,-1,-1,-1] },
																"down": { "texture": "#bottom", "uv": [ 0.0, 0.0, 3.0, 4.5 ], "windMode": [-1,-1,-1,-1] }
															}
														}
													]
												},
												{
													"name": "RRear",
													"from": [ 0.0, -0.37, 0.5 ],
													"to": [ 4.0, 0.01, 5.5 ],
													"unwrapMode": 6,
													"unwrapRotation": 1,
													"autoUnwrap": false,
													"uv": [ 18.0, 32.5 ],
													"rotationOrigin": [ 0.0, 0.01, 0.5 ],
													"rotationX": 180.0,
													"rotationY": -3.0,
													"faces": {
														"east": { "texture": "#skin", "uv": [ 9.5, 35.5, 14.5, 36.0 ], "rotation": 180 },
														"south": { "texture": "#skin", "uv": [ 14.0, 32.0, 14.5, 36.0 ], "rotation": 270, "windMode": [-1,-1,-1,-1] },
														"west": { "texture": "#skin", "uv": [ 9.5, 32.0, 14.5, 32.5 ], "windMode": [-1,-1,-1,-1] },
														"up": { "texture": "#bottom", "uv": [ 0.0, 0.0, 5.0, 4.0 ], "rotation": 270, "windMode": [-1,-1,-1,-1] },
														"down": { "texture": "#skin", "uv": [ 9.5, 32.0, 14.5, 36.0 ], "rotation": 90, "windMode": [-1,-1,-1,-1] }
													},
													"children": [
														{
															"name": "RLeg",
															"from": [ 2.4, 0.01, 4.9 ],
															"to": [ 5.4, 0.37, 9.4 ],
															"unwrapMode": 5,
															"autoUnwrap": false,
															"uv": [ 27.5, 28.0 ],
															"rotationOrigin": [ 2.4, 0.37, 4.9 ],
															"rotationY": 72.0,
															"faces": {
																"east": { "texture": "#skin", "uv": [ 34.0, 25.0, 34.5, 29.5 ], "rotation": 90 },
																"south": { "texture": "#skin", "uv": [ 31.0, 29.5, 34.0, 30.0 ], "windMode": [-1,-1,-1,-1] },
																"west": { "texture": "#skin", "uv": [ 30.5, 25.0, 31.0, 29.5 ], "rotation": 270, "windMode": [-1,-1,-1,-1] },
																"up": { "texture": "#bottom", "uv": [ 0.0, 0.0, 3.0, 4.5 ], "windMode": [-1,-1,-1,-1] },
																"down": { "texture": "#skin", "uv": [ 31.0, 25.0, 34.0, 29.5 ], "windMode": [-1,-1,-1,-1] }
															}
														}
													]
												},
												{
													"name": "PeltTail",
													"from": [ 3.7, 0.01, 1.6 ],
													"to": [ 5.2, 0.39, 2.5 ],
													"unwrapMode": 3,
													"uv": [ 11.5, 38.0 ],
													"rotationOrigin": [ 3.7, 0.01, 2.0 ],
													"faces": {
														"north": { "texture": "#skin", "uv": [ 13.5, 38.5, 15.0, 39.0 ] },
														"east": { "texture": "#skin", "uv": [ 13.0, 38.5, 13.5, 39.0 ], "windMode": [-1,-1,-1,-1] },
														"south": { "texture": "#skin", "uv": [ 11.5, 38.5, 13.0, 39.0 ], "windMode": [-1,-1,-1,-1] },
														"up": { "texture": "#skin", "uv": [ 11.5, 38.0, 13.0, 38.5 ], "windMode": [-1,-1,-1,-1] },
														"down": { "texture": "#skin", "uv": [ 11.5, 39.0, 13.0, 39.5 ], "rotation": 180, "windMode": [-1,-1,-1,-1] }
													},
													"children": [
														{
															"name": "PeltTailEnd",
															"from": [ 1.5, -0.01, 0.05 ],
															"to": [ 2.3, 0.38, 0.85 ],
															"unwrapMode": 5,
															"uv": [ 15.0, 38.0 ],
															"rotationOrigin": [ 1.5, -0.01, 0.1 ],
															"faces": {
																"north": { "texture": "#skin", "uv": [ 15.0, 38.0, 15.5, 38.5 ], "rotation": 180, "windMode": [-1,-1,-1,-1] },
																"east": { "texture": "#skin", "uv": [ 15.5, 38.5, 16.0, 39.0 ], "rotation": 90, "windMode": [-1,-1,-1,-1] },
																"south": { "texture": "#skin", "uv": [ 15.0, 39.0, 15.5, 39.5 ], "windMode": [-1,-1,-1,-1] },
																"up": { "texture": "#skin", "uv": [ 15.0, 38.5, 15.5, 39.0 ], "windMode": [-1,-1,-1,-1] },
																"down": { "texture": "#skin", "uv": [ 16.0, 38.5, 16.5, 39.0 ], "windMode": [-1,-1,-1,-1] }
															}
														}
													]
												}
											]
										}
									]
								},
								{
									"name": "LNeck",
									"from": [ -3.0, 0.02, 2.05 ],
									"to": [ 0.0, 0.4, 5.55 ],
									"unwrapMode": 7,
									"unwrapRotation": 1,
									"autoUnwrap": false,
									"uv": [ 6.0, 11.0 ],
									"rotationOrigin": [ 0.0, 0.02, 2.05 ],
									"rotationY": 22.0,
									"faces": {
										"north": { "texture": "#skin", "uv": [ 6.0, 12.0, 6.5, 15.0 ], "rotation": 90 },
										"south": { "texture": "#skin", "uv": [ 3.0, 12.0, 3.5, 15.0 ], "rotation": 270, "windMode": [-1,-1,-1,-1] },
										"west": { "texture": "#skin", "uv": [ 3.0, 12.0, 6.5, 12.5 ], "rotation": 180, "windMode": [-1,-1,-1,-1] },
										"up": { "texture": "#skin", "uv": [ 3.0, 12.0, 6.5, 15.0 ], "rotation": 270, "windMode": [-1,-1,-1,-1] },
										"down": { "texture": "#bottom", "uv": [ 0.0, 0.0, 3.5, 3.0 ], "rotation": 90, "windMode": [-1,-1,-1,-1] }
									}
								},
								{
									"name": "RNeck",
									"from": [ -3.0, -0.36, 2.05 ],
									"to": [ 0.0, 0.02, 5.55 ],
									"unwrapMode": 6,
									"unwrapRotation": 1,
									"autoUnwrap": false,
									"uv": [ 15.5, 11.0 ],
									"rotationOrigin": [ 0.0, 0.02, 2.05 ],
									"rotationX": 180.0,
									"rotationY": 22.0,
									"faces": {
										"north": { "texture": "#skin", "uv": [ 8.5, 12.0, 9.0, 15.0 ], "rotation": 90 },
										"south": { "texture": "#skin", "uv": [ 11.5, 12.0, 12.0, 15.0 ], "rotation": 270, "windMode": [-1,-1,-1,-1] },
										"west": { "texture": "#skin", "uv": [ 8.5, 12.0, 12.0, 12.5 ], "windMode": [-1,-1,-1,-1] },
										"up": { "texture": "#bottom", "uv": [ 0.0, 0.0, 3.5, 3.0 ], "rotation": 270, "windMode": [-1,-1,-1,-1] },
										"down": { "texture": "#skin", "uv": [ 8.5, 12.0, 12.0, 15.0 ], "rotation": 90, "windMode": [-1,-1,-1,-1] }
									}
								}
							]
						}
					]
				}
			]
		}
	]}