{
  "enabled": false,
  "code": "bagpipes",
  "class": "instrumentssbc:bagPipesClass",
  "behaviors": [
    {
      "name": "GroundStorable",
      "properties": {
        "layout": "SingleCenter",
        "collisionBox": {
          "x1": 0,
          "y1": 0,
          "z1": 0,
          "x2": 1,
          "y2": 0.1,
          "z2": 1
        }
      }
    }
  ],
  "shape": { "base": "item/instrument/woodwind/bagpipe" },
  "attributes": {
    "rackable": true,
    "toolrackTransform": {
      "rotation": { "z": 180 },
      "translation": { "y": -0.4 },
      "scale": 1.25
    }
  },
  "creativeinventory": {
    "general": [ "*" ],
    "items": [ "*" ],
    "instruments-sbc": [ "*" ]
  },
  "storageFlags": 2049,
  "heldTpUseAnimation": "holdbothhandslarge"
}