{
  "enabled": false,
  "code": "jewharp",
  "class": "instrumentssbc:jewHarpClass",
  "behaviors": [],
  "shape": { "base": "item/instrument/woodwind/jewharp" },
  "textures": {
    "metal": { "base": "game:item/resource/plate/{metal}" }
  },
  "attributes": {
    "rackable": true,
    "toolrackTransform": {
      "translation": {
        "x": 0.62,
        "y": -0.2,
        "z": -0.2
      },
      "rotation": {
        "x": -90,
        "y": 0,
        "z": -90
      },
      "origin": {
        "x": 0,
        "y": 0,
        "z": 0
      },
      "scale": 1.36
    }
  },
  "variantgroups": [
    {
      "code": "metal",
      "states": [ "brass", "steel", "silver" ]
    }
  ],
  "creativeinventory": {
    "general": [ "*" ],
    "items": [ "*" ],
    "instruments-sbc": [ "*" ]
  },
  "storageFlags": 2049,
  "heldTpUseAnimation": "holdbothhands",
  "guiTransform": {
    "translation": {
      "x": 0,
      "y": 0,
      "z": 0
    },
    "rotation": {
      "x": 1,
      "y": -145,
      "z": 31
    },
    "origin": {
      "x": 0.48,
      "y": 0,
      "z": 0.5
    },
    "scale": 3.85
  },
  "tpHandTransform": {
    "translation": {
      "x": -0.7,
      "y": -0.3,
      "z": -0.45
    },
    "rotation": {
      "x": -24,
      "y": -83,
      "z": 23
    },
    "scale": 0.7
  }
}