[
  {
    "op": "addmerge",
    "path": "/server/behaviors/8/aitasks/1/entityCodes/-",
    "value": "cervidae-alceini-*",
    "file": "game:entities/animal/fish/salmon.json",
    "side": "Server"
  },
  {
    "op": "addmerge",
    "path": "/server/behaviors/8/aitasks/1/entityCodes/-",
    "value": "cervidae-capreolini-*",
    "file": "game:entities/animal/fish/salmon.json",
    "side": "Server"
  },
  {
    "op": "addmerge",
    "path": "/server/behaviors/8/aitasks/1/entityCodes/-",
    "value": "cervidae-odocoileini-*",
    "file": "game:entities/animal/fish/salmon.json",
    "side": "Server"
  }
]