[
  {
    "op": "addmerge",
    "path": "/server/behaviors/10/aitasks/0/entityCodes/-",
    "value": "cervidae-alceini-*",
    "file": "game:entities/animal/mammal/raccoon-baby.json",
    "side": "Server"
  },
  {
    "op": "addmerge",
    "path": "/server/behaviors/10/aitasks/0/entityCodes/-",
    "value": "cervidae-capreolini-*",
    "file": "game:entities/animal/mammal/raccoon-baby.json",
    "side": "Server"
  },
  {
    "op": "addmerge",
    "path": "/server/behaviors/10/aitasks/0/entityCodes/-",
    "value": "cervidae-odocoileini-*",
    "file": "game:entities/animal/mammal/raccoon-baby.json",
    "side": "Server"
  }
]