{
  "editor": {
    "backDropShape": "entity/humanoid/seraph-faceless",
    "allAngles": true
  },
  "textureWidth": 32,
  "textureHeight": 76,
  "textureSizes": {
    "iris": [
      8,
      8
    ]
  },
  "textures": {
    "parttexture": "seraph-for-eyes-black",
    "iris": "red"
  },
  "elements": [
    {
      "name": "eyesroot",
      "stepParentName": "Head",
      "from": [
        0.0,
        0.0,
        0.0
      ],
      "to": [
        5.5,
        5.0,
        5.0
      ],
      "unwrapMode": 4,
      "uv": [
        0.0,
        0.0
      ],
      "faces": {
      },
      "children": [
        {
          "name": "R eye",
          "from": [
            -0.01,
            1.75,
            0.9
          ],
          "to": [
            0.09,
            2.55,
            2.1
          ],
          "unwrapMode": 4,
          "uv": [
            28.0,
            0.0
          ],
          "rotationOrigin": [
            0.0,
            1.75,
            2.1
          ],
          "rotationX": 2.0,
          "faces": {
            "north": {
              "texture": "#iris",
              "uv": [
                2,
                0,
                5,
                3
              ]
            },
            "south": {
              "texture": "#iris",
              "uv": [
                2,
                0,
                5,
                3
              ]
            },
            "west": {
              "texture": "#iris",
              "uv": [
                2,
                0,
                5,
                3
              ]
            },
            "up": {
              "texture": "#iris",
              "uv": [
                2,
                0,
                5,
                3
              ],
              "rotation": 90
            },
            "down": {
              "texture": "#iris",
              "uv": [
                2,
                0,
                5,
                3
              ],
              "rotation": 90
            }
          },
          "children": [
            {
              "name": "R iris",
              "from": [
                -0.03,
                0.15,
                0.3
              ],
              "to": [
                0.07,
                0.75,
                0.95
              ],
              "unwrapMode": 4,
              "uv": [
                0.0,
                0.0
              ],
              "rotationOrigin": [
                0.0,
                0.15,
                1.05
              ],
              "faces": {
                "north": {
                  "texture": "#parttexture",
                  "uv": [
                    0.0,
                    0.5,
                    0.5,
                    1.0
                  ]
                },
                "south": {
                  "texture": "#parttexture",
                  "uv": [
                    1.0,
                    0.5,
                    1.5,
                    1.0
                  ]
                },
                "west": {
                  "texture": "#parttexture",
                  "uv": [
                    0.5,
                    0.5,
                    1.0,
                    1.0
                  ]
                },
                "up": {
                  "texture": "#parttexture",
                  "uv": [
                    0.5,
                    0.0,
                    1.0,
                    0.5
                  ],
                  "rotation": 90
                },
                "down": {
                  "texture": "#parttexture",
                  "uv": [
                    0.5,
                    1.0,
                    1.0,
                    1.5
                  ],
                  "rotation": 90
                }
              },
              "children": [
                {
                  "name": "shine large 1",
                  "from": [
                    -0.01,
                    0.37,
                    0.1
                  ],
                  "to": [
                    0.09,
                    0.54,
                    0.27
                  ],
                  "unwrapMode": 4,
                  "uv": [
                    28.0,
                    4.0
                  ],
                  "rotationOrigin": [
                    0.03,
                    0.5,
                    0.1
                  ],
                  "faces": {
                    "north": {
                      "texture": "#parttexture",
                      "uv": [
                        28.0,
                        4.5,
                        28.5,
                        5.0
                      ]
                    },
                    "south": {
                      "texture": "#parttexture",
                      "uv": [
                        29.0,
                        4.5,
                        29.5,
                        5.0
                      ]
                    },
                    "west": {
                      "texture": "#parttexture",
                      "uv": [
                        28.5,
                        4.5,
                        29.0,
                        5.0
                      ]
                    },
                    "up": {
                      "texture": "#parttexture",
                      "uv": [
                        28.5,
                        4.0,
                        29.0,
                        4.5
                      ],
                      "rotation": 90
                    },
                    "down": {
                      "texture": "#parttexture",
                      "uv": [
                        28.5,
                        5.0,
                        29.0,
                        5.5
                      ],
                      "rotation": 90
                    }
                  }
                },
                {
                  "name": "shine small 1",
                  "from": [
                    -0.01,
                    0.33,
                    0.05
                  ],
                  "to": [
                    0.09,
                    0.43,
                    0.15
                  ],
                  "unwrapMode": 4,
                  "uv": [
                    28.5,
                    4.5
                  ],
                  "rotationOrigin": [
                    0.03,
                    0.4,
                    0.1
                  ],
                  "faces": {
                    "north": {
                      "texture": "#parttexture",
                      "uv": [
                        28.5,
                        5.0,
                        29.0,
                        5.5
                      ]
                    },
                    "south": {
                      "texture": "#parttexture",
                      "uv": [
                        29.5,
                        5.0,
                        30.0,
                        5.5
                      ]
                    },
                    "west": {
                      "texture": "#parttexture",
                      "uv": [
                        29.0,
                        5.0,
                        29.5,
                        5.5
                      ]
                    },
                    "up": {
                      "texture": "#parttexture",
                      "uv": [
                        29.0,
                        4.5,
                        29.5,
                        5.0
                      ],
                      "rotation": 90
                    },
                    "down": {
                      "texture": "#parttexture",
                      "uv": [
                        29.0,
                        5.5,
                        29.5,
                        6.0
                      ],
                      "rotation": 90
                    }
                  }
                }
              ]
            },
            {
              "name": "R iris2",
              "from": [
                -0.02,
                0.2,
                0.2
              ],
              "to": [
                0.08,
                0.8,
                1.0
              ],
              "unwrapMode": 4,
              "uv": [
                28.5,
                14.5
              ],
              "rotationOrigin": [
                0.0,
                0.15,
                0.95
              ],
              "faces": {
                "north": {
                  "texture": "#parttexture",
                  "uv": [
                    1.5,
                    0.5,
                    2.0,
                    1.0
                  ]
                },
                "south": {
                  "texture": "#parttexture",
                  "uv": [
                    2.0,
                    1.5,
                    2.5,
                    2.0
                  ]
                },
                "west": {
                  "texture": "#parttexture",
                  "uv": [
                    0.0,
                    0.0,
                    1.0,
                    1.0
                  ]
                },
                "up": {
                  "texture": "#parttexture",
                  "uv": [
                    0.0,
                    0.0,
                    0.5,
                    0.5
                  ]
                },
                "down": {
                  "texture": "#parttexture",
                  "uv": [
                    0.0,
                    0.0,
                    0.5,
                    0.5
                  ]
                }
              }
            }
          ]
        },
        {
          "name": "L eye2",
          "from": [
            -0.01,
            1.75,
            2.9
          ],
          "to": [
            0.09,
            2.55,
            4.1
          ],
          "unwrapMode": 4,
          "uv": [
            30.0,
            0.0
          ],
          "rotationOrigin": [
            0.0,
            1.75,
            2.9
          ],
          "rotationX": -2.0,
          "faces": {
            "north": {
              "texture": "#iris",
              "uv": [
                2,
                5,
                5,
                8
              ]
            },
            "south": {
              "texture": "#iris",
              "uv": [
                2,
                5,
                5,
                8
              ]
            },
            "west": {
              "texture": "#iris",
              "uv": [
                2,
                5,
                5,
                8
              ]
            },
            "up": {
              "texture": "#iris",
              "uv": [
                2,
                5,
                5,
                8
              ],
              "rotation": 90
            },
            "down": {
              "texture": "#iris",
              "uv": [
                2,
                5,
                5,
                8
              ],
              "rotation": 90
            }
          },
          "children": [
            {
              "name": "L iris",
              "from": [
                -0.03,
                0.15,
                0.25
              ],
              "to": [
                0.07,
                0.75,
                0.9
              ],
              "unwrapMode": 4,
              "uv": [
                2.0,
                0.0
              ],
              "rotationOrigin": [
                0.0,
                0.15,
                0.35
              ],
              "faces": {
                "north": {
                  "texture": "#parttexture",
                  "uv": [
                    2.0,
                    0.5,
                    2.5,
                    1.0
                  ]
                },
                "south": {
                  "texture": "#parttexture",
                  "uv": [
                    3.0,
                    0.5,
                    3.5,
                    1.0
                  ]
                },
                "west": {
                  "texture": "#parttexture",
                  "uv": [
                    2.5,
                    0.5,
                    3.0,
                    1.0
                  ]
                },
                "up": {
                  "texture": "#parttexture",
                  "uv": [
                    2.5,
                    0.0,
                    3.0,
                    0.5
                  ],
                  "rotation": 90
                },
                "down": {
                  "texture": "#parttexture",
                  "uv": [
                    2.5,
                    1.0,
                    3.0,
                    1.5
                  ],
                  "rotation": 90
                }
              },
              "children": [
                {
                  "name": "shine small 2",
                  "from": [
                    -0.01,
                    0.33,
                    0.07
                  ],
                  "to": [
                    0.09,
                    0.43,
                    0.17
                  ],
                  "unwrapMode": 4,
                  "uv": [
                    30.0,
                    4.5
                  ],
                  "rotationOrigin": [
                    0.03,
                    0.4,
                    0.3
                  ],
                  "faces": {
                    "north": {
                      "texture": "#parttexture",
                      "uv": [
                        30.0,
                        5.0,
                        30.5,
                        5.5
                      ]
                    },
                    "south": {
                      "texture": "#parttexture",
                      "uv": [
                        31.0,
                        5.0,
                        31.5,
                        5.5
                      ]
                    },
                    "west": {
                      "texture": "#parttexture",
                      "uv": [
                        30.5,
                        5.0,
                        31.0,
                        5.5
                      ]
                    },
                    "up": {
                      "texture": "#parttexture",
                      "uv": [
                        30.5,
                        4.5,
                        31.0,
                        5.0
                      ],
                      "rotation": 90
                    },
                    "down": {
                      "texture": "#parttexture",
                      "uv": [
                        30.5,
                        5.5,
                        31.0,
                        6.0
                      ],
                      "rotation": 90
                    }
                  }
                },
                {
                  "name": "shine large 2",
                  "from": [
                    -0.01,
                    0.37,
                    0.12
                  ],
                  "to": [
                    0.09,
                    0.54,
                    0.29
                  ],
                  "unwrapMode": 4,
                  "uv": [
                    30.5,
                    4.0
                  ],
                  "rotationOrigin": [
                    -0.07,
                    0.5,
                    0.1
                  ],
                  "faces": {
                    "north": {
                      "texture": "#parttexture",
                      "uv": [
                        30.5,
                        4.5,
                        31.0,
                        5.0
                      ]
                    },
                    "south": {
                      "texture": "#parttexture",
                      "uv": [
                        31.5,
                        4.5,
                        32.0,
                        5.0
                      ]
                    },
                    "west": {
                      "texture": "#parttexture",
                      "uv": [
                        31.0,
                        4.5,
                        31.5,
                        5.0
                      ]
                    },
                    "up": {
                      "texture": "#parttexture",
                      "uv": [
                        31.0,
                        4.0,
                        31.5,
                        4.5
                      ],
                      "rotation": 90
                    },
                    "down": {
                      "texture": "#parttexture",
                      "uv": [
                        31.0,
                        5.0,
                        31.5,
                        5.5
                      ],
                      "rotation": 90
                    }
                  }
                }
              ]
            },
            {
              "name": "L iris2",
              "from": [
                -0.02,
                0.2,
                0.2
              ],
              "to": [
                0.08,
                0.8,
                1.0
              ],
              "unwrapMode": 4,
              "uv": [
                30.5,
                14.5
              ],
              "rotationOrigin": [
                0.0,
                0.15,
                0.15
              ],
              "faces": {
                "north": {
                  "texture": "#parttexture",
                  "uv": [
                    1.5,
                    1.5,
                    2.0,
                    2.0
                  ]
                },
                "south": {
                  "texture": "#parttexture",
                  "uv": [
                    1.5,
                    1.5,
                    2.0,
                    2.0
                  ]
                },
                "west": {
                  "texture": "#parttexture",
                  "uv": [
                    0.0,
                    0.0,
                    1.0,
                    1.0
                  ]
                },
                "up": {
                  "texture": "#parttexture",
                  "uv": [
                    0.0,
                    0.0,
                    0.5,
                    0.5
                  ]
                },
                "down": {
                  "texture": "#parttexture",
                  "uv": [
                    0.0,
                    0.0,
                    0.5,
                    0.5
                  ]
                }
              }
            }
          ]
        },
        {
          "name": "eyelid r",
          "from": [
            -0.1,
            2.48,
            0.8
          ],
          "to": [
            0.0,
            2.63,
            2.2
          ],
          "unwrapMode": 4,
          "uv": [
            28.0,
            6.0
          ],
          "rotationOrigin": [
            -0.1,
            2.4,
            2.15
          ],
          "rotationX": 3.0,
          "faces": {
            "north": {
              "texture": "#parttexture",
              "uv": [
                28.0,
                6.5,
                28.5,
                7.0
              ]
            },
            "south": {
              "texture": "#parttexture",
              "uv": [
                29.5,
                6.5,
                30.0,
                7.0
              ]
            },
            "west": {
              "texture": "#parttexture",
              "uv": [
                28.5,
                6.5,
                29.5,
                7.0
              ]
            },
            "up": {
              "texture": "#parttexture",
              "uv": [
                28.5,
                6.0,
                29.5,
                6.5
              ],
              "rotation": 90
            },
            "down": {
              "texture": "#parttexture",
              "uv": [
                28.5,
                7.0,
                29.5,
                7.5
              ],
              "rotation": 90
            }
          }
        },
        {
          "name": "eyelid l",
          "from": [
            -0.1,
            2.48,
            2.75
          ],
          "to": [
            0.0,
            2.63,
            4.15
          ],
          "unwrapMode": 4,
          "uv": [
            30.0,
            6.0
          ],
          "rotationOrigin": [
            -0.1,
            2.5,
            2.8
          ],
          "rotationX": -3.0,
          "faces": {
            "north": {
              "texture": "#parttexture",
              "uv": [
                30.0,
                6.5,
                30.5,
                7.0
              ]
            },
            "south": {
              "texture": "#parttexture",
              "uv": [
                31.5,
                6.5,
                32.0,
                7.0
              ]
            },
            "west": {
              "texture": "#parttexture",
              "uv": [
                30.5,
                6.5,
                31.5,
                7.0
              ]
            },
            "up": {
              "texture": "#parttexture",
              "uv": [
                30.5,
                6.0,
                31.5,
                6.5
              ],
              "rotation": 90
            },
            "down": {
              "texture": "#parttexture",
              "uv": [
                30.5,
                7.0,
                31.5,
                7.5
              ],
              "rotation": 90
            }
          }
        },
        {
          "name": "eyelid r2",
          "from": [
            -0.1,
            1.78,
            0.8
          ],
          "to": [
            0.0,
            1.85,
            2.15
          ],
          "unwrapMode": 4,
          "uv": [
            28.0,
            6.0
          ],
          "rotationOrigin": [
            -0.1,
            1.8,
            2.15
          ],
          "rotationX": -2.0,
          "faces": {
            "north": {
              "texture": "#parttexture",
              "uv": [
                28.0,
                6.5,
                28.5,
                7.0
              ]
            },
            "south": {
              "texture": "#parttexture",
              "uv": [
                29.5,
                6.5,
                30.0,
                7.0
              ]
            },
            "west": {
              "texture": "#parttexture",
              "uv": [
                28.5,
                6.5,
                29.5,
                7.0
              ]
            },
            "up": {
              "texture": "#parttexture",
              "uv": [
                28.5,
                6.0,
                29.5,
                6.5
              ],
              "rotation": 90
            },
            "down": {
              "texture": "#parttexture",
              "uv": [
                28.5,
                7.0,
                29.5,
                7.5
              ],
              "rotation": 90
            }
          }
        },
        {
          "name": "eyelid l2",
          "from": [
            -0.1,
            1.78,
            2.8
          ],
          "to": [
            0.0,
            1.85,
            4.15
          ],
          "unwrapMode": 4,
          "uv": [
            30.0,
            6.0
          ],
          "rotationOrigin": [
            -0.1,
            1.8,
            2.8
          ],
          "rotationX": 2.0,
          "faces": {
            "north": {
              "texture": "#parttexture",
              "uv": [
                30.0,
                6.5,
                30.5,
                7.0
              ]
            },
            "south": {
              "texture": "#parttexture",
              "uv": [
                31.5,
                6.5,
                32.0,
                7.0
              ]
            },
            "west": {
              "texture": "#parttexture",
              "uv": [
                30.5,
                6.5,
                31.5,
                7.0
              ]
            },
            "up": {
              "texture": "#parttexture",
              "uv": [
                30.5,
                6.0,
                31.5,
                6.5
              ],
              "rotation": 90
            },
            "down": {
              "texture": "#parttexture",
              "uv": [
                30.5,
                7.0,
                31.5,
                7.5
              ],
              "rotation": 90
            }
          }
        }
      ],
      "attachmentpoints": [
        {
          "code": "Eyes",
          "posX": "1.3",
          "posY": "3.5",
          "posZ": "2.5",
          "rotationX": "0.0",
          "rotationY": "-90.0",
          "rotationZ": "0.0"
        }
      ]
    }
  ]
}