{
  "editor": {
    "allAngles": false,
    "entityTextureMode": false
  },
  "textureWidth": 16,
  "textureHeight": 16,
  "textureSizes": {},
  "textures": {},
  "elements": [
    {
      "name": "Face",
      "from": [0.0, 0.0, 0.0],
      "to": [22.6, 22.6, 1.0],
      "shade": false,
      "rotationOrigin": [0.0, 0.0, 0.0],
      "rotationY": -45.0,
      "faces": {
        "north": {
          "texture": "#north",
          "uv": [0.0, 0.0, 16.0, 16.0],
          "windMode": [0, 2, 2, 0],
          "windData": [0, 1, 1, 0]
        },
        "east": {
          "texture": "#null",
          "uv": [0.0, 0.0, 1.0, 22.5],
          "enabled": false
        },
        "south": {
          "texture": "#null",
          "uv": [0.0, 0.0, 22.5, 22.5],
          "enabled": false
        },
        "west": {
          "texture": "#null",
          "uv": [0.0, 0.0, 1.0, 22.5],
          "enabled": false
        },
        "up": {
          "texture": "#null",
          "uv": [0.0, 0.0, 22.5, 1.0],
          "enabled": false
        },
        "down": {
          "texture": "#null",
          "uv": [0.0, 0.0, 22.5, 1.0],
          "enabled": false
        }
      }
    },
    {
      "name": "Face2",
      "from": [0.0, 0.0, 15.0],
      "to": [22.6, 22.6, 16.0],
      "shade": false,
      "rotationOrigin": [0.0, 0.0, 16.0],
      "rotationY": 45.0,
      "faces": {
        "north": {
          "texture": "#null",
          "uv": [0.0, 0.0, 22.5, 22.5],
          "enabled": false
        },
        "east": {
          "texture": "#null",
          "uv": [0.0, 0.0, 1.0, 22.5],
          "enabled": false
        },
        "south": {
          "texture": "#south",
          "uv": [0.0, 0.0, 16.0, 16.0],
          "windMode": [0, 0, 2, 2],
          "windData": [0, 0, 1, 1]
        },
        "west": {
          "texture": "#null",
          "uv": [0.0, 0.0, 1.0, 22.5],
          "enabled": false
        },
        "up": {
          "texture": "#null",
          "uv": [0.0, 0.0, 22.5, 1.0],
          "enabled": false
        },
        "down": {
          "texture": "#null",
          "uv": [0.0, 0.0, 22.5, 1.0],
          "enabled": false
        }
      }
    }
  ]
}
