{
	"editor": {
		"backDropShape": "entity/bovinae/tetracerusquadricornis/adult",
		"collapsedPaths": "",
		"allAngles": true,
		"entityTextureMode": true
	},
	"textureWidth": 36,
	"textureHeight": 40,
	"textureSizes": {
		"skin": [36,40]
	},
	"textures": {
		"skin": "entity/bovinae/tetracerusquadricornis-adult"
	},
	"elements": [
		{
			"name": "RB Antler1",
			"stepParentName": "Antlerbase",
			"from": [ 0.7, -0.4, -0.6 ],
			"to": [ 1.2, 0.0, -0.2 ],
			"unwrapMode": 5,
			"unwrapRotation": 1,
			"uv": [ 29.5, 21.0 ],
			"rotationOrigin": [ 0.7, -0.2, -0.4 ],
			"rotationZ": 40.0,
			"faces": {
				"north": { "texture": "#skin", "uv": [ 29.5, 21.5, 30.0, 22.0 ], "rotation": 270 },
				"east": { "texture": "#skin", "uv": [ 30.0, 21.0, 30.5, 21.5 ], "rotation": 180 },
				"south": { "texture": "#skin", "uv": [ 30.5, 21.5, 31.0, 22.0 ], "rotation": 90 },
				"up": { "texture": "#skin", "uv": [ 30.0, 21.5, 30.5, 22.0 ], "rotation": 90 },
				"down": { "texture": "#skin", "uv": [ 31.0, 21.5, 31.5, 22.0 ], "rotation": 270 }
			},
			"children": [
				{
					"name": "RB Antler2",
					"from": [ 0.4, 0.05, 0.05 ],
					"to": [ 1.0, 0.35, 0.35 ],
					"unwrapMode": 5,
					"unwrapRotation": 1,
					"uv": [ 29.5, 20.0 ],
					"rotationOrigin": [ 0.4, 0.2, 0.2 ],
					"rotationY": 5.0,
					"faces": {
						"north": { "texture": "#skin", "uv": [ 29.5, 20.5, 30.0, 21.0 ], "rotation": 270 },
						"east": { "texture": "#skin", "uv": [ 30.0, 20.0, 30.5, 20.5 ], "rotation": 180 },
						"south": { "texture": "#skin", "uv": [ 30.5, 20.5, 31.0, 21.0 ], "rotation": 90 },
						"up": { "texture": "#skin", "uv": [ 30.0, 20.5, 30.5, 21.0 ], "rotation": 90 },
						"down": { "texture": "#skin", "uv": [ 31.0, 20.5, 31.5, 21.0 ], "rotation": 270 }
					},
					"children": [
						{
							"name": "RB Antler3",
							"from": [ 0.5, 0.05, 0.05 ],
							"to": [ 1.0, 0.25, 0.25 ],
							"unwrapMode": 5,
							"unwrapRotation": 1,
							"uv": [ 29.5, 19.5 ],
							"rotationOrigin": [ 0.5, 0.15, 0.15 ],
							"rotationZ": 5.0,
							"faces": {
								"north": { "texture": "#skin", "uv": [ 29.5, 20.0, 30.0, 20.5 ], "rotation": 270 },
								"east": { "texture": "#skin", "uv": [ 30.0, 19.5, 30.5, 20.0 ], "rotation": 180 },
								"south": { "texture": "#skin", "uv": [ 30.5, 20.0, 31.0, 20.5 ], "rotation": 90 },
								"up": { "texture": "#skin", "uv": [ 30.0, 20.0, 30.5, 20.5 ], "rotation": 90 },
								"down": { "texture": "#skin", "uv": [ 31.0, 20.0, 31.5, 20.5 ], "rotation": 270 }
							}
						}
					]
				}
			]
		},
		{
			"name": "RF Antler1",
			"stepParentName": "Antlerbase",
			"from": [ 0.1, 0.0, -0.7 ],
			"to": [ 0.4, 0.4, -0.3 ],
			"unwrapMode": 5,
			"unwrapRotation": 1,
			"uv": [ 29.5, 18.0 ],
			"rotationOrigin": [ 0.1, 0.2, -0.5 ],
			"rotationZ": 50.0,
			"faces": {
				"north": { "texture": "#skin", "uv": [ 29.5, 18.5, 30.0, 19.0 ], "rotation": 270 },
				"east": { "texture": "#skin", "uv": [ 30.0, 18.0, 30.5, 18.5 ], "rotation": 180 },
				"south": { "texture": "#skin", "uv": [ 30.5, 18.5, 31.0, 19.0 ], "rotation": 90 },
				"up": { "texture": "#skin", "uv": [ 30.0, 18.5, 30.5, 19.0 ], "rotation": 90 },
				"down": { "texture": "#skin", "uv": [ 31.0, 18.5, 31.5, 19.0 ], "rotation": 270 }
			},
			"children": [
				{
					"name": "RF Antler2",
					"from": [ 0.2, 0.05, 0.05 ],
					"to": [ 0.5, 0.35, 0.35 ],
					"unwrapMode": 5,
					"unwrapRotation": 1,
					"uv": [ 29.5, 17.5 ],
					"rotationOrigin": [ 0.2, 0.2, 0.2 ],
					"rotationY": 5.0,
					"faces": {
						"north": { "texture": "#skin", "uv": [ 29.5, 18.0, 30.0, 18.5 ], "rotation": 270 },
						"east": { "texture": "#skin", "uv": [ 30.0, 17.5, 30.5, 18.0 ], "rotation": 180 },
						"south": { "texture": "#skin", "uv": [ 30.5, 18.0, 31.0, 18.5 ], "rotation": 90 },
						"up": { "texture": "#skin", "uv": [ 30.0, 18.0, 30.5, 18.5 ], "rotation": 90 },
						"down": { "texture": "#skin", "uv": [ 31.0, 18.0, 31.5, 18.5 ], "rotation": 270 }
					}
				}
			]
		},
		{
			"name": "LB Antler1",
			"stepParentName": "Antlerbase",
			"from": [ 0.7, -0.4, 0.2 ],
			"to": [ 1.2, 0.0, 0.6 ],
			"unwrapMode": 5,
			"unwrapRotation": 1,
			"uv": [ 31.5, 21.0 ],
			"rotationOrigin": [ 0.7, -0.2, 0.4 ],
			"rotationZ": 40.0,
			"faces": {
				"north": { "texture": "#skin", "uv": [ 31.5, 21.5, 32.0, 22.0 ], "rotation": 270 },
				"east": { "texture": "#skin", "uv": [ 32.0, 21.0, 32.5, 21.5 ], "rotation": 180 },
				"south": { "texture": "#skin", "uv": [ 32.5, 21.5, 33.0, 22.0 ], "rotation": 90 },
				"up": { "texture": "#skin", "uv": [ 32.0, 21.5, 32.5, 22.0 ], "rotation": 90 },
				"down": { "texture": "#skin", "uv": [ 33.0, 21.5, 33.5, 22.0 ], "rotation": 270 }
			},
			"children": [
				{
					"name": "LB Antler2",
					"from": [ 0.4, 0.05, 0.05 ],
					"to": [ 1.0, 0.35, 0.35 ],
					"unwrapMode": 5,
					"unwrapRotation": 1,
					"uv": [ 31.5, 20.0 ],
					"rotationOrigin": [ 0.4, 0.2, 0.2 ],
					"rotationY": -5.0,
					"faces": {
						"north": { "texture": "#skin", "uv": [ 31.5, 20.5, 32.0, 21.0 ], "rotation": 270 },
						"east": { "texture": "#skin", "uv": [ 32.0, 20.0, 32.5, 20.5 ], "rotation": 180 },
						"south": { "texture": "#skin", "uv": [ 32.5, 20.5, 33.0, 21.0 ], "rotation": 90 },
						"up": { "texture": "#skin", "uv": [ 32.0, 20.5, 32.5, 21.0 ], "rotation": 90 },
						"down": { "texture": "#skin", "uv": [ 33.0, 20.5, 33.5, 21.0 ], "rotation": 270 }
					},
					"children": [
						{
							"name": "LB Antler3",
							"from": [ 0.5, 0.05, 0.05 ],
							"to": [ 1.0, 0.25, 0.25 ],
							"unwrapMode": 5,
							"unwrapRotation": 1,
							"uv": [ 31.5, 19.5 ],
							"rotationOrigin": [ 0.5, 0.15, 0.15 ],
							"rotationZ": 5.0,
							"faces": {
								"north": { "texture": "#skin", "uv": [ 31.5, 20.0, 32.0, 20.5 ], "rotation": 270 },
								"east": { "texture": "#skin", "uv": [ 32.0, 19.5, 32.5, 20.0 ], "rotation": 180 },
								"south": { "texture": "#skin", "uv": [ 32.5, 20.0, 33.0, 20.5 ], "rotation": 90 },
								"up": { "texture": "#skin", "uv": [ 32.0, 20.0, 32.5, 20.5 ], "rotation": 90 },
								"down": { "texture": "#skin", "uv": [ 33.0, 20.0, 33.5, 20.5 ], "rotation": 270 }
							}
						}
					]
				}
			]
		},
		{
			"name": "LF Antler1",
			"stepParentName": "Antlerbase",
			"from": [ 0.1, 0.0, 0.3 ],
			"to": [ 0.4, 0.4, 0.7 ],
			"unwrapMode": 5,
			"unwrapRotation": 1,
			"uv": [ 31.5, 18.0 ],
			"rotationOrigin": [ 0.1, 0.2, 0.5 ],
			"rotationZ": 50.0,
			"faces": {
				"north": { "texture": "#skin", "uv": [ 31.5, 18.5, 32.0, 19.0 ], "rotation": 270 },
				"east": { "texture": "#skin", "uv": [ 32.0, 18.0, 32.5, 18.5 ], "rotation": 180 },
				"south": { "texture": "#skin", "uv": [ 32.5, 18.5, 33.0, 19.0 ], "rotation": 90 },
				"up": { "texture": "#skin", "uv": [ 32.0, 18.5, 32.5, 19.0 ], "rotation": 90 },
				"down": { "texture": "#skin", "uv": [ 33.0, 18.5, 33.5, 19.0 ], "rotation": 270 }
			},
			"children": [
				{
					"name": "LF Antler2",
					"from": [ 0.2, 0.05, 0.05 ],
					"to": [ 0.5, 0.35, 0.35 ],
					"unwrapMode": 5,
					"unwrapRotation": 1,
					"uv": [ 31.5, 17.5 ],
					"rotationOrigin": [ 0.2, 0.2, 0.2 ],
					"rotationY": -5.0,
					"faces": {
						"north": { "texture": "#skin", "uv": [ 31.5, 18.0, 32.0, 18.5 ], "rotation": 270 },
						"east": { "texture": "#skin", "uv": [ 32.0, 17.5, 32.5, 18.0 ], "rotation": 180 },
						"south": { "texture": "#skin", "uv": [ 32.5, 18.0, 33.0, 18.5 ], "rotation": 90 },
						"up": { "texture": "#skin", "uv": [ 32.0, 18.0, 32.5, 18.5 ], "rotation": 90 },
						"down": { "texture": "#skin", "uv": [ 33.0, 18.0, 33.5, 18.5 ], "rotation": 270 }
					}
				}
			]
		}
	]}