[
    {
        "op": "addmerge",
        "file": "expandedfoods:itemtypes/liquid/walnutsap.json",
        "path": "/enabled",
        "value": false,
        "dependsOn": [{"modid": "expandedfoods", "invert": true}],
        "side": "Server"
    },
    {
        "op": "addmerge",
        "file": "recipes/grid/walnutcracking.json",
        "path": "/2/enabled",
        "value": false,
        "dependsOn": [{"modid": "expandedfoods", "invert": true}],
        "side": "Server"
    }
]