[
    {
        "op": "addmerge",
        "file": "expandedfoods:itemtypes/food/mixing/trailmix.json",
        "path": "/attributes/renderIngredients/mightywalnut:walnut-*",
        "value": "expandedfoods:shapes/item/food/trailmix.json",
        "dependsOn": [{ "modid": "expandedfoods" }],
        "side": "Server"
    },
    {
        "op": "addmerge",
        "file": "expandedfoods:itemtypes/food/mixing/trailmixvegetarian.json",
        "path": "/attributes/renderIngredients/mightywalnut:walnut-*",
        "value": "expandedfoods:shapes/item/food/trailmix.json",
        "dependsOn": [{ "modid": "expandedfoods" }],
        "side": "Server"
    },
    {
        "op": "addeach",
        "file": "expandedfoods:recipes/kneading/trailmix.json",
        "path": "/0/ingredients/0/inputs/-",
        "value": [
            {"type": "item", "code": "mightywalnut:walnut-shelled", "quantity": 1},
            {"type": "item", "code": "mightywalnut:walnut-roasted", "quantity": 1}
        ],
        "dependsOn": [{ "modid": "expandedfoods" }],
        "side": "Server"        
    },
    {
        "op": "addeach",
        "file": "expandedfoods:recipes/kneading/trailmix.json",
        "path": "/1/ingredients/0/inputs/-",
        "value": [
            {"type": "item", "code": "mightywalnut:walnut-shelled", "quantity": 1},
            {"type": "item", "code": "mightywalnut:walnut-roasted", "quantity": 1}
        ],
        "dependsOn": [{ "modid": "expandedfoods" }],
        "side": "Server"        
    },
    {
        "op": "addeach",
        "file": "expandedfoods:recipes/kneading/trailmix.json",
        "path": "/2/ingredients/0/inputs/-",
        "value": [
            {"type": "item", "code": "mightywalnut:walnut-shelled", "quantity": 1},
            {"type": "item", "code": "mightywalnut:walnut-roasted", "quantity": 1}
        ],
        "dependsOn": [{ "modid": "expandedfoods" }],
        "side": "Server"        
    },
    {
        "op": "addeach",
        "file": "expandedfoods:recipes/kneading/trailmix.json",
        "path": "/2/ingredients/4/inputs/-",
        "value": [
            {"type": "item", "code": "mightywalnut:walnut-shelled", "quantity": 1},
            {"type": "item", "code": "mightywalnut:walnut-roasted", "quantity": 1}
        ],
        "dependsOn": [{ "modid": "expandedfoods" }],
        "side": "Server"        
    },
    {
        "op": "addeach",
        "file": "expandedfoods:recipes/kneading/trailmix.json",
        "path": "/2/ingredients/5/inputs/-",
        "value": [
            {"type": "item", "code": "mightywalnut:walnut-shelled", "quantity": 1},
            {"type": "item", "code": "mightywalnut:walnut-roasted", "quantity": 1}
        ],
        "dependsOn": [{ "modid": "expandedfoods" }],
        "side": "Server"        
    },
    {
        "op": "addeach",
        "file": "expandedfoods:recipes/kneading/trailmix.json",
        "path": "/3/ingredients/0/inputs/-",
        "value": [
            {"type": "item", "code": "mightywalnut:walnut-shelled", "quantity": 1},
            {"type": "item", "code": "mightywalnut:walnut-roasted", "quantity": 1}
        ],
        "dependsOn": [{ "modid": "expandedfoods" }],
        "side": "Server"        
    },
    {
        "op": "addeach",
        "file": "expandedfoods:recipes/kneading/trailmix.json",
        "path": "/3/ingredients/4/inputs/-",
        "value": [
            {"type": "item", "code": "mightywalnut:walnut-shelled", "quantity": 1},
            {"type": "item", "code": "mightywalnut:walnut-roasted", "quantity": 1}
        ],
        "dependsOn": [{ "modid": "expandedfoods" }],
        "side": "Server"        
    },
    {
        "op": "addeach",
        "file": "expandedfoods:recipes/kneading/trailmix.json",
        "path": "/4/ingredients/0/inputs/-",
        "value": [
            {"type": "item", "code": "mightywalnut:walnut-shelled", "quantity": 1},
            {"type": "item", "code": "mightywalnut:walnut-roasted", "quantity": 1}
        ],
        "dependsOn": [{ "modid": "expandedfoods" }],
        "side": "Server"        
    },
    {
        "op": "addeach",
        "file": "expandedfoods:recipes/kneading/trailmix.json",
        "path": "/5/ingredients/0/inputs/-",
        "value": [
            {"type": "item", "code": "mightywalnut:walnut-shelled", "quantity": 1},
            {"type": "item", "code": "mightywalnut:walnut-roasted", "quantity": 1}
        ],
        "dependsOn": [{ "modid": "expandedfoods" }],
        "side": "Server"        
    },
    {
        "op": "addeach",
        "file": "expandedfoods:recipes/kneading/trailmix.json",
        "path": "/6/ingredients/0/inputs/-",
        "value": [
            {"type": "item", "code": "mightywalnut:walnut-shelled", "quantity": 1},
            {"type": "item", "code": "mightywalnut:walnut-roasted", "quantity": 1}
        ],
        "dependsOn": [{ "modid": "expandedfoods" }],
        "side": "Server"        
    },
    {
        "op": "addeach",
        "file": "expandedfoods:recipes/kneading/trailmix.json",
        "path": "/7/ingredients/0/inputs/-",
        "value": [
            {"type": "item", "code": "mightywalnut:walnut-shelled", "quantity": 1},
            {"type": "item", "code": "mightywalnut:walnut-roasted", "quantity": 1}
        ],
        "dependsOn": [{ "modid": "expandedfoods" }],
        "side": "Server"        
    },
    {
        "op": "addeach",
        "file": "expandedfoods:recipes/kneading/trailmixvegetarian.json",
        "path": "/0/ingredients/0/inputs/-",
        "value": [
            {"type": "item", "code": "mightywalnut:walnut-shelled", "quantity": 1},
            {"type": "item", "code": "mightywalnut:walnut-roasted", "quantity": 1}
        ],
        "dependsOn": [{ "modid": "expandedfoods" }],
        "side": "Server"        
    },
    {
        "op": "addeach",
        "file": "expandedfoods:recipes/kneading/trailmixvegetarian.json",
        "path": "/1/ingredients/0/inputs/-",
        "value": [
            {"type": "item", "code": "mightywalnut:walnut-shelled", "quantity": 1},
            {"type": "item", "code": "mightywalnut:walnut-roasted", "quantity": 1}
        ],
        "dependsOn": [{ "modid": "expandedfoods" }],
        "side": "Server"        
    },
    {
        "op": "addeach",
        "file": "expandedfoods:recipes/kneading/trailmixvegetarian.json",
        "path": "/2/ingredients/0/inputs/-",
        "value": [
            {"type": "item", "code": "mightywalnut:walnut-shelled", "quantity": 1},
            {"type": "item", "code": "mightywalnut:walnut-roasted", "quantity": 1}
        ],
        "dependsOn": [{ "modid": "expandedfoods" }],
        "side": "Server"        
    },
    {
        "op": "addeach",
        "file": "expandedfoods:recipes/kneading/trailmixvegetarian.json",
        "path": "/2/ingredients/4/inputs/-",
        "value": [
            {"type": "item", "code": "mightywalnut:walnut-shelled", "quantity": 1},
            {"type": "item", "code": "mightywalnut:walnut-roasted", "quantity": 1}
        ],
        "dependsOn": [{ "modid": "expandedfoods" }],
        "side": "Server"        
    },
    {
        "op": "addeach",
        "file": "expandedfoods:recipes/kneading/trailmixvegetarian.json",
        "path": "/2/ingredients/5/inputs/-",
        "value": [
            {"type": "item", "code": "mightywalnut:walnut-shelled", "quantity": 1},
            {"type": "item", "code": "mightywalnut:walnut-roasted", "quantity": 1}
        ],
        "dependsOn": [{ "modid": "expandedfoods" }],
        "side": "Server"        
    },
    {
        "op": "addeach",
        "file": "expandedfoods:recipes/kneading/trailmixvegetarian.json",
        "path": "/3/ingredients/0/inputs/-",
        "value": [
            {"type": "item", "code": "mightywalnut:walnut-shelled", "quantity": 1},
            {"type": "item", "code": "mightywalnut:walnut-roasted", "quantity": 1}
        ],
        "dependsOn": [{ "modid": "expandedfoods" }],
        "side": "Server"        
    },
    {
        "op": "addeach",
        "file": "expandedfoods:recipes/kneading/trailmixvegetarian.json",
        "path": "/3/ingredients/4/inputs/-",
        "value": [
            {"type": "item", "code": "mightywalnut:walnut-shelled", "quantity": 1},
            {"type": "item", "code": "mightywalnut:walnut-roasted", "quantity": 1}
        ],
        "dependsOn": [{ "modid": "expandedfoods" }],
        "side": "Server"        
    },
    {
        "op": "addeach",
        "file": "expandedfoods:recipes/kneading/trailmixvegetarian.json",
        "path": "/4/ingredients/0/inputs/-",
        "value": [
            {"type": "item", "code": "mightywalnut:walnut-shelled", "quantity": 1},
            {"type": "item", "code": "mightywalnut:walnut-roasted", "quantity": 1}
        ],
        "dependsOn": [{ "modid": "expandedfoods" }],
        "side": "Server"        
    },
    {
        "op": "addeach",
        "file": "expandedfoods:recipes/kneading/trailmixvegetarian.json",
        "path": "/5/ingredients/0/inputs/-",
        "value": [
            {"type": "item", "code": "mightywalnut:walnut-shelled", "quantity": 1},
            {"type": "item", "code": "mightywalnut:walnut-roasted", "quantity": 1}
        ],
        "dependsOn": [{ "modid": "expandedfoods" }],
        "side": "Server"        
    },
    {
        "op": "addeach",
        "file": "expandedfoods:recipes/kneading/trailmixvegetarian.json",
        "path": "/6/ingredients/0/inputs/-",
        "value": [
            {"type": "item", "code": "mightywalnut:walnut-shelled", "quantity": 1},
            {"type": "item", "code": "mightywalnut:walnut-roasted", "quantity": 1}
        ],
        "dependsOn": [{ "modid": "expandedfoods" }],
        "side": "Server"        
    },
    {
        "op": "addeach",
        "file": "expandedfoods:recipes/kneading/trailmixvegetarian.json",
        "path": "/7/ingredients/0/inputs/-",
        "value": [
            {"type": "item", "code": "mightywalnut:walnut-shelled", "quantity": 1},
            {"type": "item", "code": "mightywalnut:walnut-roasted", "quantity": 1}
        ],
        "dependsOn": [{ "modid": "expandedfoods" }],
        "side": "Server"        
    }
]