[
	  {
    "file": "fseraph:config/model-replacements-byshape.json",
    "op": "addmerge",
    "path": "/fseraph:fseraph",
    "dependsOn": [{ "modid": "fseraph" }],
    "value": {
    "charlottesclothes:entity/humanoid/seraph/clothing/upperbodyover/starrycoat": "charlottesclothes:shapes/entity/humanoid/seraph/clothing/upperbodyover/starrycoatfem"
            }
    },
    	{
    "file": "fseraph:config/model-replacements-byshape.json",
    "op": "addmerge",
    "path": "/fseraph:fseraph_s",
    "dependsOn": [{ "modid": "fseraph" }],
    "value": {
    "charlottesclothes:entity/humanoid/seraph/clothing/upperbodyover/starrycoat": "charlottesclothes:shapes/entity/humanoid/seraph/clothing/upperbodyover/starrycoatfem-s"
            }
    },
       {
    "file": "fseraph:config/model-replacements-byshape.json",
    "op": "addmerge",
    "path": "/fseraph:fseraph_l",
    "dependsOn": [{ "modid": "fseraph" }],
    "value": {
    "charlottesclothes:entity/humanoid/seraph/clothing/upperbodyover/starrycoat": "charlottesclothes:shapes/entity/humanoid/seraph/clothing/upperbodyover/starrycoatfem-l"
            }
    },
]