{
	"editor": {
		"backDropShape": "entity/animal/mammal/hooved/odocoileini/blastocerusdichotomus/adult",
		"collapsedPaths": "",
		"allAngles": true,
		"entityTextureMode": true
	},
	"textureWidth": 64,
	"textureHeight": 76,
	"textureSizes": {
		"skin": [64,76]
	},
	"textures": {
		"skin": "entity/animal/mammal/hooved/odocoileini/antiferultra-adult"
	},
	"elements": [
		{
			"name": "Horn attachment",
			"stepParentName": "Head",
			"from": [ 0.0, 4.5, 1.8 ],
			"to": [ 1.0, 5.5, 2.8 ],
			"uv": [ 0.0, 0.0 ],
			"rotationOrigin": [ 0.0, 4.5, 1.8 ],
			"rotationZ": -39.0,
			"faces": {
			},
			"children": [
				{
					"name": "R antler base",
					"from": [ 0.0, 0.0, -1.75 ],
					"to": [ 0.65, 1.6, -1.1 ],
					"unwrapMode": 4,
					"uv": [ 35.5, 30.5 ],
					"rotationOrigin": [ -0.15, 0.8, -1.1 ],
					"rotationX": -20.0,
					"rotationY": -25.0,
					"rotationZ": 25.0,
					"faces": {
						"north": { "texture": "#skin", "uv": [ 35.5, 31.0, 36.0, 32.5 ] },
						"east": { "texture": "#skin", "uv": [ 37.0, 31.0, 37.5, 32.5 ] },
						"south": { "texture": "#skin", "uv": [ 36.5, 31.0, 37.0, 32.5 ] },
						"west": { "texture": "#skin", "uv": [ 36.0, 31.0, 36.5, 32.5 ] },
						"up": { "texture": "#skin", "uv": [ 36.0, 30.5, 36.5, 31.0 ], "rotation": 90 },
						"down": { "texture": "#skin", "uv": [ 36.0, 32.5, 36.5, 33.0 ], "rotation": 90, "windMode": [-1,-1,-1,-1] }
					},
					"children": [
						{
							"name": "R antler branch 1",
							"from": [ 0.0, 1.6, 0.0 ],
							"to": [ 0.65, 3.1, 0.65 ],
							"unwrapMode": 4,
							"uv": [ 40.0, 24.0 ],
							"rotationOrigin": [ 0.0, 1.6, 0.65 ],
							"rotationY": -1.0,
							"rotationZ": -25.0,
							"faces": {
								"north": { "texture": "#skin", "uv": [ 40.0, 24.5, 40.5, 26.0 ] },
								"east": { "texture": "#skin", "uv": [ 41.5, 24.5, 42.0, 26.0 ] },
								"south": { "texture": "#skin", "uv": [ 41.0, 24.5, 41.5, 26.0 ] },
								"west": { "texture": "#skin", "uv": [ 40.5, 24.5, 41.0, 26.0 ] },
								"up": { "texture": "#skin", "uv": [ 40.5, 24.0, 41.0, 24.5 ], "rotation": 90 }
							},
							"children": [
								{
									"name": "R antler branch 1b",
									"from": [ 0.05, 1.5, 0.05 ],
									"to": [ 0.65, 3.0, 0.65 ],
									"unwrapMode": 4,
									"uv": [ 35.5, 21.0 ],
									"rotationOrigin": [ 0.6, 1.5, 0.1 ],
									"rotationX": 15.0,
									"rotationZ": 25.0,
									"faces": {
										"north": { "texture": "#skin", "uv": [ 35.5, 21.5, 36.0, 23.0 ] },
										"east": { "texture": "#skin", "uv": [ 37.0, 21.5, 37.5, 23.0 ] },
										"south": { "texture": "#skin", "uv": [ 36.5, 21.5, 37.0, 23.0 ] },
										"west": { "texture": "#skin", "uv": [ 36.0, 21.5, 36.5, 23.0 ] },
										"up": { "texture": "#skin", "uv": [ 36.0, 21.0, 36.5, 21.5 ], "rotation": 90 },
										"down": { "texture": "#skin", "uv": [ 36.0, 23.0, 36.5, 23.5 ], "rotation": 90 }
									},
									"children": [
										{
											"name": "R antler point 3",
											"from": [ 0.1, 1.4, 0.05 ],
											"to": [ 0.6, 2.9, 0.55 ],
											"unwrapMode": 4,
											"uv": [ 35.5, 15.0 ],
											"rotationOrigin": [ 0.1, 1.4, 0.05 ],
											"rotationX": 5.0,
											"rotationY": 5.0,
											"rotationZ": 15.0,
											"faces": {
												"north": { "texture": "#skin", "uv": [ 35.5, 15.5, 36.0, 17.0 ] },
												"east": { "texture": "#skin", "uv": [ 37.0, 15.5, 37.5, 17.0 ] },
												"south": { "texture": "#skin", "uv": [ 36.5, 15.5, 37.0, 17.0 ] },
												"west": { "texture": "#skin", "uv": [ 36.0, 15.5, 36.5, 17.0 ] },
												"up": { "texture": "#skin", "uv": [ 36.0, 15.0, 36.5, 15.5 ], "rotation": 90 },
												"down": { "texture": "#skin", "uv": [ 36.0, 17.0, 36.5, 17.5 ], "rotation": 90 }
											},
											"children": [
												{
													"name": "R antler point 3B",
													"from": [ 0.1, 1.5, 0.1 ],
													"to": [ 0.4, 2.5, 0.4 ],
													"unwrapMode": 4,
													"uv": [ 35.5, 11.5 ],
													"rotationOrigin": [ 0.4, 1.5, 0.1 ],
													"rotationX": 10.0,
													"rotationZ": 4.0,
													"faces": {
														"north": { "texture": "#skin", "uv": [ 35.5, 12.0, 36.0, 13.0 ] },
														"east": { "texture": "#skin", "uv": [ 37.0, 12.0, 37.5, 13.0 ] },
														"south": { "texture": "#skin", "uv": [ 36.5, 12.0, 37.0, 13.0 ] },
														"west": { "texture": "#skin", "uv": [ 36.0, 12.0, 36.5, 13.0 ] },
														"up": { "texture": "#skin", "uv": [ 36.0, 11.5, 36.5, 12.0 ], "rotation": 90 },
														"down": { "texture": "#skin", "uv": [ 36.0, 13.0, 36.5, 13.5 ], "rotation": 90 }
													}
												}
											]
										},
										{
											"name": "R antler point 4",
											"from": [ 0.0, 0.1, 0.05 ],
											"to": [ 0.5, 2.1, 0.55 ],
											"unwrapMode": 4,
											"uv": [ 35.5, 15.0 ],
											"rotationOrigin": [ 0.0, 0.1, 0.05 ],
											"rotationX": 5.0,
											"rotationY": 5.0,
											"rotationZ": 30.0,
											"faces": {
												"north": { "texture": "#skin", "uv": [ 35.5, 15.5, 36.0, 17.5 ] },
												"east": { "texture": "#skin", "uv": [ 37.0, 15.5, 37.5, 17.5 ] },
												"south": { "texture": "#skin", "uv": [ 36.5, 15.5, 37.0, 17.5 ] },
												"west": { "texture": "#skin", "uv": [ 36.0, 15.5, 36.5, 17.5 ] },
												"up": { "texture": "#skin", "uv": [ 36.0, 15.0, 36.5, 15.5 ], "rotation": 90 },
												"down": { "texture": "#skin", "uv": [ 36.0, 17.5, 36.5, 18.0 ], "rotation": 90 }
											},
											"children": [
												{
													"name": "R antler point 4B",
													"from": [ 0.1, 2.0, 0.1 ],
													"to": [ 0.4, 3.0, 0.4 ],
													"unwrapMode": 4,
													"uv": [ 35.5, 11.5 ],
													"rotationOrigin": [ 0.4, 2.0, 0.1 ],
													"rotationX": 10.0,
													"rotationZ": 4.0,
													"faces": {
														"north": { "texture": "#skin", "uv": [ 35.5, 12.0, 36.0, 13.0 ] },
														"east": { "texture": "#skin", "uv": [ 37.0, 12.0, 37.5, 13.0 ] },
														"south": { "texture": "#skin", "uv": [ 36.5, 12.0, 37.0, 13.0 ] },
														"west": { "texture": "#skin", "uv": [ 36.0, 12.0, 36.5, 13.0 ] },
														"up": { "texture": "#skin", "uv": [ 36.0, 11.5, 36.5, 12.0 ], "rotation": 90 },
														"down": { "texture": "#skin", "uv": [ 36.0, 13.0, 36.5, 13.5 ], "rotation": 90 }
													}
												}
											]
										}
									]
								},
								{
									"name": "R antler point 2",
									"from": [ 0.0, 0.35, 0.1 ],
									"to": [ 0.5, 1.35, 0.6 ],
									"unwrapMode": 4,
									"uv": [ 35.5, 21.0 ],
									"rotationOrigin": [ 0.0, 0.35, 0.1 ],
									"rotationX": 25.0,
									"rotationZ": 65.0,
									"faces": {
										"north": { "texture": "#skin", "uv": [ 35.5, 21.5, 36.0, 22.5 ] },
										"east": { "texture": "#skin", "uv": [ 37.0, 21.5, 37.5, 22.5 ] },
										"south": { "texture": "#skin", "uv": [ 36.5, 21.5, 37.0, 22.5 ] },
										"west": { "texture": "#skin", "uv": [ 36.0, 21.5, 36.5, 22.5 ] },
										"up": { "texture": "#skin", "uv": [ 36.0, 21.0, 36.5, 21.5 ], "rotation": 90 },
										"down": { "texture": "#skin", "uv": [ 36.0, 22.5, 36.5, 23.0 ], "rotation": 90 }
									},
									"children": [
										{
											"name": "R antler point 2b",
											"from": [ 0.1, 1.0, 0.1 ],
											"to": [ 0.4, 1.5, 0.4 ],
											"unwrapMode": 4,
											"uv": [ 35.5, 15.0 ],
											"rotationOrigin": [ 0.4, 1.0, 0.1 ],
											"rotationZ": 15.0,
											"faces": {
												"north": { "texture": "#skin", "uv": [ 35.5, 15.5, 36.0, 16.0 ] },
												"east": { "texture": "#skin", "uv": [ 37.0, 15.5, 37.5, 16.0 ] },
												"south": { "texture": "#skin", "uv": [ 36.5, 15.5, 37.0, 16.0 ] },
												"west": { "texture": "#skin", "uv": [ 36.0, 15.5, 36.5, 16.0 ] },
												"up": { "texture": "#skin", "uv": [ 36.0, 15.0, 36.5, 15.5 ], "rotation": 90 },
												"down": { "texture": "#skin", "uv": [ 36.0, 16.0, 36.5, 16.5 ], "rotation": 90 }
											}
										}
									]
								}
							]
						},
						{
							"name": "R antler branch 2",
							"from": [ 0.0, 0.6, 0.0 ],
							"to": [ 0.65, 1.1, 0.65 ],
							"unwrapMode": 4,
							"uv": [ 35.5, 29.0 ],
							"rotationOrigin": [ 0.0, 0.6, 0.0 ],
							"rotationY": -1.0,
							"rotationZ": 83.0,
							"faces": {
								"north": { "texture": "#skin", "uv": [ 35.5, 29.5, 36.0, 30.0 ] },
								"east": { "texture": "#skin", "uv": [ 37.0, 29.5, 37.5, 30.0 ] },
								"south": { "texture": "#skin", "uv": [ 36.5, 29.5, 37.0, 30.0 ] },
								"west": { "texture": "#skin", "uv": [ 36.0, 29.5, 36.5, 30.0 ] },
								"up": { "texture": "#skin", "uv": [ 36.0, 29.0, 36.5, 29.5 ], "rotation": 90 },
								"down": { "texture": "#skin", "uv": [ 36.0, 30.0, 36.5, 30.5 ], "rotation": 90, "windMode": [-1,-1,-1,-1] }
							},
							"children": [
								{
									"name": "R antler branch 2B",
									"from": [ 0.1, 0.5, 0.1 ],
									"to": [ 0.6, 1.0, 0.6 ],
									"unwrapMode": 4,
									"uv": [ 35.5, 24.0 ],
									"rotationOrigin": [ 0.1, 0.5, 0.1 ],
									"rotationX": 15.0,
									"rotationZ": -25.0,
									"faces": {
										"north": { "texture": "#skin", "uv": [ 35.5, 24.5, 36.0, 25.0 ] },
										"east": { "texture": "#skin", "uv": [ 37.0, 24.5, 37.5, 25.0 ] },
										"south": { "texture": "#skin", "uv": [ 36.5, 24.5, 37.0, 25.0 ] },
										"west": { "texture": "#skin", "uv": [ 36.0, 24.5, 36.5, 25.0 ] },
										"up": { "texture": "#skin", "uv": [ 36.0, 24.0, 36.5, 24.5 ], "rotation": 90 },
										"down": { "texture": "#skin", "uv": [ 36.0, 25.0, 36.5, 25.5 ], "rotation": 90 }
									},
									"children": [
										{
											"name": "R antler branch 2C",
											"from": [ 0.1, 0.4, 0.1 ],
											"to": [ 0.4, 1.4, 0.4 ],
											"unwrapMode": 4,
											"uv": [ 35.5, 21.0 ],
											"rotationOrigin": [ 0.1, 0.4, 0.1 ],
											"rotationZ": -20.0,
											"faces": {
												"north": { "texture": "#skin", "uv": [ 35.5, 21.5, 36.0, 22.5 ] },
												"east": { "texture": "#skin", "uv": [ 37.0, 21.5, 37.5, 22.5 ] },
												"south": { "texture": "#skin", "uv": [ 36.5, 21.5, 37.0, 22.5 ] },
												"west": { "texture": "#skin", "uv": [ 36.0, 21.5, 36.5, 22.5 ] },
												"up": { "texture": "#skin", "uv": [ 36.0, 21.0, 36.5, 21.5 ], "rotation": 90 },
												"down": { "texture": "#skin", "uv": [ 36.0, 22.5, 36.5, 23.0 ], "rotation": 90 }
											}
										}
									]
								},
								{
									"name": "R antler branch 2B2",
									"from": [ 0.1, 0.5, 0.1 ],
									"to": [ 0.6, 1.5, 0.6 ],
									"unwrapMode": 4,
									"uv": [ 35.5, 24.0 ],
									"rotationOrigin": [ 0.6, 0.5, 0.1 ],
									"rotationX": 15.0,
									"rotationY": 1.0,
									"rotationZ": 45.0,
									"faces": {
										"north": { "texture": "#skin", "uv": [ 35.5, 24.5, 36.0, 25.5 ] },
										"east": { "texture": "#skin", "uv": [ 37.0, 24.5, 37.5, 25.5 ] },
										"south": { "texture": "#skin", "uv": [ 36.5, 24.5, 37.0, 25.5 ] },
										"west": { "texture": "#skin", "uv": [ 36.0, 24.5, 36.5, 25.5 ] },
										"up": { "texture": "#skin", "uv": [ 36.0, 24.0, 36.5, 24.5 ], "rotation": 90 },
										"down": { "texture": "#skin", "uv": [ 36.0, 25.5, 36.5, 26.0 ], "rotation": 90 }
									}
								}
							]
						}
					]
				},
				{
					"name": "L antler base",
					"from": [ 0.0, 0.0, 1.1 ],
					"to": [ 0.65, 1.6, 1.75 ],
					"unwrapMode": 4,
					"uv": [ 40.0, 30.5 ],
					"rotationOrigin": [ -0.15, 0.8, 1.1 ],
					"rotationX": 20.0,
					"rotationY": 25.0,
					"rotationZ": 25.0,
					"faces": {
						"north": { "texture": "#skin", "uv": [ 40.0, 31.0, 40.5, 32.5 ] },
						"east": { "texture": "#skin", "uv": [ 41.5, 31.0, 42.0, 32.5 ] },
						"south": { "texture": "#skin", "uv": [ 41.0, 31.0, 41.5, 32.5 ] },
						"west": { "texture": "#skin", "uv": [ 40.5, 31.0, 41.0, 32.5 ] },
						"up": { "texture": "#skin", "uv": [ 40.5, 30.5, 41.0, 31.0 ], "rotation": 90, "windMode": [-1,-1,-1,-1], "windData": [1,1,1,1] },
						"down": { "texture": "#skin", "uv": [ 40.5, 32.5, 41.0, 33.0 ], "rotation": 90, "windMode": [-1,-1,-1,-1], "windData": [0,0,0,0] }
					},
					"children": [
						{
							"name": "L antlerbranch 2",
							"from": [ 0.0, 0.6, 0.0 ],
							"to": [ 0.65, 1.1, 0.65 ],
							"unwrapMode": 4,
							"uv": [ 40.0, 29.0 ],
							"rotationOrigin": [ 0.0, 0.8, 0.95 ],
							"rotationY": 1.0,
							"rotationZ": 82.0,
							"faces": {
								"north": { "texture": "#skin", "uv": [ 40.0, 29.5, 40.5, 30.0 ] },
								"east": { "texture": "#skin", "uv": [ 41.5, 29.5, 42.0, 30.0 ] },
								"south": { "texture": "#skin", "uv": [ 41.0, 29.5, 41.5, 30.0 ] },
								"west": { "texture": "#skin", "uv": [ 40.5, 29.5, 41.0, 30.0 ] },
								"up": { "texture": "#skin", "uv": [ 40.5, 29.0, 41.0, 29.5 ], "rotation": 90 },
								"down": { "texture": "#skin", "uv": [ 40.5, 30.0, 41.0, 30.5 ], "rotation": 90 }
							},
							"children": [
								{
									"name": "L antler branch 2B",
									"from": [ 0.1, 0.5, 0.1 ],
									"to": [ 0.6, 1.5, 0.6 ],
									"unwrapMode": 4,
									"uv": [ 40.0, 24.0 ],
									"rotationOrigin": [ 0.1, 0.5, 0.55 ],
									"rotationX": -15.0,
									"rotationZ": -25.0,
									"faces": {
										"north": { "texture": "#skin", "uv": [ 40.0, 24.5, 40.5, 25.5 ] },
										"east": { "texture": "#skin", "uv": [ 41.5, 24.5, 42.0, 25.5 ] },
										"south": { "texture": "#skin", "uv": [ 41.0, 24.5, 41.5, 25.5 ] },
										"west": { "texture": "#skin", "uv": [ 40.5, 24.5, 41.0, 25.5 ] },
										"up": { "texture": "#skin", "uv": [ 40.5, 24.0, 41.0, 24.5 ], "rotation": 90 },
										"down": { "texture": "#skin", "uv": [ 40.5, 25.5, 41.0, 26.0 ], "rotation": 90 }
									},
									"children": [
										{
											"name": "L antler branch 2C",
											"from": [ 0.1, 1.0, 0.1 ],
											"to": [ 0.4, 1.5, 0.4 ],
											"unwrapMode": 4,
											"uv": [ 40.0, 21.0 ],
											"rotationOrigin": [ 0.1, 1.0, 0.4 ],
											"rotationZ": -20.0,
											"faces": {
												"north": { "texture": "#skin", "uv": [ 40.0, 21.5, 40.5, 22.0 ] },
												"east": { "texture": "#skin", "uv": [ 41.5, 21.5, 42.0, 22.0 ] },
												"south": { "texture": "#skin", "uv": [ 41.0, 21.5, 41.5, 22.0 ] },
												"west": { "texture": "#skin", "uv": [ 40.5, 21.5, 41.0, 22.0 ] },
												"up": { "texture": "#skin", "uv": [ 40.5, 21.0, 41.0, 21.5 ], "rotation": 90 },
												"down": { "texture": "#skin", "uv": [ 40.5, 22.0, 41.0, 22.5 ], "rotation": 90 }
											}
										}
									]
								},
								{
									"name": "L antler branch 2B2",
									"from": [ 0.1, 0.5, 0.1 ],
									"to": [ 0.6, 1.1, 0.6 ],
									"unwrapMode": 4,
									"uv": [ 40.0, 24.5 ],
									"rotationOrigin": [ 0.6, 0.5, 0.55 ],
									"rotationX": -15.0,
									"rotationY": 5.0,
									"rotationZ": 45.0,
									"faces": {
										"north": { "texture": "#skin", "uv": [ 40.0, 25.0, 40.5, 25.5 ] },
										"east": { "texture": "#skin", "uv": [ 41.5, 25.0, 42.0, 25.5 ] },
										"south": { "texture": "#skin", "uv": [ 41.0, 25.0, 41.5, 25.5 ] },
										"west": { "texture": "#skin", "uv": [ 40.5, 25.0, 41.0, 25.5 ] },
										"up": { "texture": "#skin", "uv": [ 40.5, 24.5, 41.0, 25.0 ], "rotation": 90 },
										"down": { "texture": "#skin", "uv": [ 40.5, 25.5, 41.0, 26.0 ], "rotation": 90 }
									},
									"children": [
										{
											"name": "L antler branch 2C2",
											"from": [ 0.1, 0.6, 0.1 ],
											"to": [ 0.4, 1.1, 0.4 ],
											"unwrapMode": 4,
											"uv": [ 40.0, 21.0 ],
											"rotationOrigin": [ 0.4, 0.6, 0.4 ],
											"rotationZ": 35.0,
											"faces": {
												"north": { "texture": "#skin", "uv": [ 40.0, 21.5, 40.5, 22.0 ] },
												"east": { "texture": "#skin", "uv": [ 41.5, 21.5, 42.0, 22.0 ] },
												"south": { "texture": "#skin", "uv": [ 41.0, 21.5, 41.5, 22.0 ] },
												"west": { "texture": "#skin", "uv": [ 40.5, 21.5, 41.0, 22.0 ] },
												"up": { "texture": "#skin", "uv": [ 40.5, 21.0, 41.0, 21.5 ], "rotation": 90 },
												"down": { "texture": "#skin", "uv": [ 40.5, 22.0, 41.0, 22.5 ], "rotation": 90 }
											}
										}
									]
								}
							]
						},
						{
							"name": "L antler branch 1",
							"from": [ 0.0, 1.6, 0.0 ],
							"to": [ 0.65, 3.6, 0.65 ],
							"unwrapMode": 4,
							"uv": [ 35.5, 24.0 ],
							"rotationOrigin": [ 0.0, 1.6, 0.0 ],
							"rotationY": 1.0,
							"rotationZ": -25.0,
							"faces": {
								"north": { "texture": "#skin", "uv": [ 35.5, 24.5, 36.0, 26.5 ] },
								"east": { "texture": "#skin", "uv": [ 37.0, 24.5, 37.5, 26.5 ] },
								"south": { "texture": "#skin", "uv": [ 36.5, 24.5, 37.0, 26.5 ] },
								"west": { "texture": "#skin", "uv": [ 36.0, 24.5, 36.5, 26.5 ] },
								"up": { "texture": "#skin", "uv": [ 36.0, 24.0, 36.5, 24.5 ], "rotation": 90 }
							},
							"children": [
								{
									"name": "L antler branch 1b",
									"from": [ 0.05, 2.0, 0.05 ],
									"to": [ 0.65, 3.5, 0.65 ],
									"unwrapMode": 4,
									"uv": [ 40.0, 21.0 ],
									"rotationOrigin": [ 0.6, 2.0, 0.65 ],
									"rotationX": -15.0,
									"rotationZ": 25.0,
									"faces": {
										"north": { "texture": "#skin", "uv": [ 40.0, 21.5, 40.5, 23.0 ] },
										"east": { "texture": "#skin", "uv": [ 41.5, 21.5, 42.0, 23.0 ] },
										"south": { "texture": "#skin", "uv": [ 41.0, 21.5, 41.5, 23.0 ] },
										"west": { "texture": "#skin", "uv": [ 40.5, 21.5, 41.0, 23.0 ] },
										"up": { "texture": "#skin", "uv": [ 40.5, 21.0, 41.0, 21.5 ], "rotation": 90 },
										"down": { "texture": "#skin", "uv": [ 40.5, 23.0, 41.0, 23.5 ], "rotation": 90 }
									},
									"children": [
										{
											"name": "L antler point 3",
											"from": [ 0.1, 1.4, 0.05 ],
											"to": [ 0.6, 2.4, 0.55 ],
											"unwrapMode": 4,
											"uv": [ 40.0, 15.0 ],
											"rotationOrigin": [ 0.1, 1.4, 0.55 ],
											"rotationX": -5.0,
											"rotationY": -5.0,
											"rotationZ": 15.0,
											"faces": {
												"north": { "texture": "#skin", "uv": [ 40.0, 15.5, 40.5, 16.5 ] },
												"east": { "texture": "#skin", "uv": [ 41.5, 15.5, 42.0, 16.5 ] },
												"south": { "texture": "#skin", "uv": [ 41.0, 15.5, 41.5, 16.5 ] },
												"west": { "texture": "#skin", "uv": [ 40.5, 15.5, 41.0, 16.5 ] },
												"up": { "texture": "#skin", "uv": [ 40.5, 15.0, 41.0, 15.5 ], "rotation": 90 },
												"down": { "texture": "#skin", "uv": [ 40.5, 16.5, 41.0, 17.0 ], "rotation": 90 }
											},
											"children": [
												{
													"name": "L antler point 3B",
													"from": [ 0.1, 1.0, 0.1 ],
													"to": [ 0.4, 2.0, 0.4 ],
													"unwrapMode": 4,
													"uv": [ 40.0, 11.5 ],
													"rotationOrigin": [ 0.4, 1.0, 0.4 ],
													"rotationX": -10.0,
													"rotationZ": 4.0,
													"faces": {
														"north": { "texture": "#skin", "uv": [ 40.0, 12.0, 40.5, 13.0 ] },
														"east": { "texture": "#skin", "uv": [ 41.5, 12.0, 42.0, 13.0 ] },
														"south": { "texture": "#skin", "uv": [ 41.0, 12.0, 41.5, 13.0 ] },
														"west": { "texture": "#skin", "uv": [ 40.5, 12.0, 41.0, 13.0 ] },
														"up": { "texture": "#skin", "uv": [ 40.5, 11.5, 41.0, 12.0 ], "rotation": 90 },
														"down": { "texture": "#skin", "uv": [ 40.5, 13.0, 41.0, 13.5 ], "rotation": 90 }
													}
												}
											]
										},
										{
											"name": "L antler point 4",
											"from": [ 0.0, 0.1, 0.05 ],
											"to": [ 0.5, 2.1, 0.55 ],
											"unwrapMode": 4,
											"uv": [ 40.0, 15.0 ],
											"rotationOrigin": [ 0.0, 0.1, 0.55 ],
											"rotationX": -5.0,
											"rotationY": -5.0,
											"rotationZ": 30.0,
											"faces": {
												"north": { "texture": "#skin", "uv": [ 40.0, 15.5, 40.5, 17.5 ] },
												"east": { "texture": "#skin", "uv": [ 41.5, 15.5, 42.0, 17.5 ] },
												"south": { "texture": "#skin", "uv": [ 41.0, 15.5, 41.5, 17.5 ] },
												"west": { "texture": "#skin", "uv": [ 40.5, 15.5, 41.0, 17.5 ] },
												"up": { "texture": "#skin", "uv": [ 40.5, 15.0, 41.0, 15.5 ], "rotation": 90 },
												"down": { "texture": "#skin", "uv": [ 40.5, 17.5, 41.0, 18.0 ], "rotation": 90 }
											},
											"children": [
												{
													"name": "L antler point 4B",
													"from": [ 0.1, 2.0, 0.1 ],
													"to": [ 0.4, 3.0, 0.4 ],
													"unwrapMode": 4,
													"uv": [ 40.0, 11.5 ],
													"rotationOrigin": [ 0.4, 2.0, 0.4 ],
													"rotationX": -10.0,
													"rotationZ": 4.0,
													"faces": {
														"north": { "texture": "#skin", "uv": [ 40.0, 12.0, 40.5, 13.0 ] },
														"east": { "texture": "#skin", "uv": [ 41.5, 12.0, 42.0, 13.0 ] },
														"south": { "texture": "#skin", "uv": [ 41.0, 12.0, 41.5, 13.0 ] },
														"west": { "texture": "#skin", "uv": [ 40.5, 12.0, 41.0, 13.0 ] },
														"up": { "texture": "#skin", "uv": [ 40.5, 11.5, 41.0, 12.0 ], "rotation": 90 },
														"down": { "texture": "#skin", "uv": [ 40.5, 13.0, 41.0, 13.5 ], "rotation": 90 }
													}
												}
											]
										}
									]
								},
								{
									"name": "L antler point 2",
									"from": [ 0.0, 0.35, 0.1 ],
									"to": [ 0.5, 1.35, 0.6 ],
									"unwrapMode": 4,
									"uv": [ 40.0, 21.0 ],
									"rotationOrigin": [ 0.0, 0.35, 0.6 ],
									"rotationX": -25.0,
									"rotationZ": 65.0,
									"faces": {
										"north": { "texture": "#skin", "uv": [ 40.0, 21.5, 40.5, 22.5 ] },
										"east": { "texture": "#skin", "uv": [ 41.5, 21.5, 42.0, 22.5 ] },
										"south": { "texture": "#skin", "uv": [ 41.0, 21.5, 41.5, 22.5 ] },
										"west": { "texture": "#skin", "uv": [ 40.5, 21.5, 41.0, 22.5 ] },
										"up": { "texture": "#skin", "uv": [ 40.5, 21.0, 41.0, 21.5 ], "rotation": 90 },
										"down": { "texture": "#skin", "uv": [ 40.5, 22.5, 41.0, 23.0 ], "rotation": 90 }
									},
									"children": [
										{
											"name": "L antler point 2b",
											"from": [ 0.1, 1.0, 0.1 ],
											"to": [ 0.4, 1.5, 0.4 ],
											"unwrapMode": 4,
											"uv": [ 40.0, 15.0 ],
											"rotationOrigin": [ 0.4, 1.0, 0.1 ],
											"rotationZ": 15.0,
											"faces": {
												"north": { "texture": "#skin", "uv": [ 40.0, 15.5, 40.5, 16.0 ] },
												"east": { "texture": "#skin", "uv": [ 41.5, 15.5, 42.0, 16.0 ] },
												"south": { "texture": "#skin", "uv": [ 41.0, 15.5, 41.5, 16.0 ] },
												"west": { "texture": "#skin", "uv": [ 40.5, 15.5, 41.0, 16.0 ] },
												"up": { "texture": "#skin", "uv": [ 40.5, 15.0, 41.0, 15.5 ], "rotation": 90 },
												"down": { "texture": "#skin", "uv": [ 40.5, 16.0, 41.0, 16.5 ], "rotation": 90 }
											}
										}
									]
								}
							]
						}
					]
				}
			]
		}
	],
	"animations": [
	]
}