[
    //agriculturebag
    { "file": "wildcraftfruit:itemtypes/food/fruit", "op": "add", "path": "/storageFlags", "value": 33},
    { "file": "wildcraftfruit:itemtypes/food/nut", "op": "add", "path": "/storageFlags", "value": 33},
    { "file": "wildcraftfruit:itemtypes/food/pickledvegetable", "op": "add", "path": "/storageFlags", "value": 33},
    { "file": "wildcraftfruit:itemtypes/food/vegetable", "op": "add", "path": "/storageFlags", "value": 33},
    { "file": "wildcraftfruit:itemtypes/resources/melonseeds", "op": "add", "path": "/storageFlags", "value": 33},
    { "file": "wildcraftfruit:itemtypes/resources/seeds", "op": "add", "path": "/storageFlags", "value": 33},
    { "file": "wildcraftfruit:blocktypes/plant/cropvine/mirzamelon/fruit", "op": "add", "path": "/storageFlags", "value": 33},
    { "file": "wildcraftfruit:blocktypes/plant/cropvine/muskmelon/fruit", "op": "add", "path": "/storageFlags", "value": 33},
    { "file": "wildcraftfruit:blocktypes/plant/cropvine/watermelon/fruit", "op": "add", "path": "/storageFlags", "value": 33},

    //builderbag
    { "file": "wildcraftfruit:blocktypes/trellis/sticktrellis", "op": "add", "path": "/storageFlags", "value": 32769},
    { "file": "wildcraftfruit:blocktypes/trellis/woodentrellis", "op": "add", "path": "/storageFlags", "value": 32769},

    //forestrybag 
    { "file": "wildcraftfruit:itemtypes/resources/clipping", "op": "replace", "path": "/storageFlags", "value": 65537},
    { "file": "wildcraftfruit:itemtypes/resources/vineclipping", "op": "replace", "path": "/storageFlags", "value": 65537},
    { "file": "wildcraftfruit:blocktypes/fruittrees/fruittreebranch", "op": "add", "path": "/storageFlags", "value": 65537},
    { "file": "wildcraftfruit:blocktypes/fruittrees/fruittreefoliage", "op": "add", "path": "/storageFlags", "value": 65537},
    { "file": "wildcraftfruit:blocktypes/plant/berry/berrybush", "op": "add", "path": "/storageFlags", "value": 65537},
    { "file": "wildcraftfruit:blocktypes/plant/berry/bottomberrybush", "op": "add", "path": "/storageFlags", "value": 65537},
    { "file": "wildcraftfruit:blocktypes/plant/berry/bottomtreebush", "op": "add", "path": "/storageFlags", "value": 65537},
    { "file": "wildcraftfruit:blocktypes/plant/berry/clipping", "op": "add", "path": "/storageFlags", "value": 65537},
    { "file": "wildcraftfruit:blocktypes/plant/berry/groundberryplant", "op": "add", "path": "/storageFlags", "value": 65537},
    { "file": "wildcraftfruit:blocktypes/plant/berry/groundberryseedling", "op": "add", "path": "/storageFlags", "value": 65537},
    { "file": "wildcraftfruit:blocktypes/plant/berry/growth", "op": "add", "path": "/storageFlags", "value": 65537},
    { "file": "wildcraftfruit:blocktypes/plant/berry/pricklyberrybush", "op": "add", "path": "/storageFlags", "value": 65537},
    { "file": "wildcraftfruit:blocktypes/plant/berry/pricklyshortbush", "op": "add", "path": "/storageFlags", "value": 65537},
    { "file": "wildcraftfruit:blocktypes/plant/berry/rootsucker", "op": "add", "path": "/storageFlags", "value": 65537},
    { "file": "wildcraftfruit:blocktypes/plant/berry/scion", "op": "add", "path": "/storageFlags", "value": 65537},
    { "file": "wildcraftfruit:blocktypes/plant/berry/shortberrybush", "op": "add", "path": "/storageFlags", "value": 65537},
    { "file": "wildcraftfruit:blocktypes/plant/berry/shrubberybush", "op": "add", "path": "/storageFlags", "value": 65537},
    { "file": "wildcraftfruit:blocktypes/plant/berry/topberrybush", "op": "add", "path": "/storageFlags", "value": 65537},
    { "file": "wildcraftfruit:blocktypes/plant/berry/toppricklybush", "op": "add", "path": "/storageFlags", "value": 65537},
    { "file": "wildcraftfruit:blocktypes/plant/cropvine/mirzamelon/motherplant", "op": "add", "path": "/storageFlags", "value": 65537},
    { "file": "wildcraftfruit:blocktypes/plant/cropvine/mirzamelon/vine", "op": "add", "path": "/storageFlags", "value": 65537},
    { "file": "wildcraftfruit:blocktypes/plant/cropvine/muskmelon/motherplant", "op": "add", "path": "/storageFlags", "value": 65537},
    { "file": "wildcraftfruit:blocktypes/plant/cropvine/muskamelon/vine", "op": "add", "path": "/storageFlags", "value": 65537},
    { "file": "wildcraftfruit:blocktypes/plant/cropvine/watermelon/motherplant", "op": "add", "path": "/storageFlags", "value": 65537},
    { "file": "wildcraftfruit:blocktypes/plant/cropvine/watermelon/vine", "op": "add", "path": "/storageFlags", "value": 65537},
    { "file": "wildcraftfruit:blocktypes/plant/fruitvine/bottomfruitvine", "op": "add", "path": "/storageFlags", "value": 65537},
    { "file": "wildcraftfruit:blocktypes/plant/fruitvine/bottomtreevine", "op": "add", "path": "/storageFlags", "value": 65537},
    { "file": "wildcraftfruit:blocktypes/plant/fruitvine/fruitvine", "op": "add", "path": "/storageFlags", "value": 65537},
    { "file": "wildcraftfruit:blocktypes/plant/fruitvine/vineclipping", "op": "add", "path": "/storageFlags", "value": 65537},
    { "file": "wildcraftfruit:blocktypes/plant/fruitvine/vinegrowth", "op": "add", "path": "/storageFlags", "value": 65537},
    { "file": "wildcraftfruit:blocktypes/plant/fruitvine/vinescion", "op": "add", "path": "/storageFlags", "value": 65537},

    //agriculture bag and forestry bag
    { "file": "wildcraftfruit:itemtypes/food/flower", "op": "replace", "path": "/storageFlags", "value": 65571}

]
