[
  {
    "op": "add",
    "path": "/client/animations/78",
    "value": {
      "code": "idlebellow",
      "animation": "idlebellow",
      "easeInSpeed": 2,
      "easeOutSpeed": 2,
      "animationSpeed": 1,
      "blendMode": "Add",
      "elementWeight": {
   		"UpperTorso": 15,
        "UpperArmR": 15,
        "LowerArmR": 15,
        "UpperArmL": 15,
        "LowerArmL": 15,
		    "Neck": 15,
        "Head": 15
      },
      "elementBlendMode": {
		    "UpperTorso": "AddAverage",
        "LowerArmR": "AddAverage",
        "UpperArmL": "AddAverage",
        "LowerArmL": "AddAverage",
		    "UpperArmR": "AddAverage",
        "Neck": "AddAverage",
        "Head": "AddAverage"
      }
    },
    "file": "game:entities/humanoid/player.json"
  },
  {
    "op": "add",
    "path": "/client/animations/79",
    "value": {
      "code": "usebellow",
      "animation": "usebellow",
      "animationSpeed": 1.3,
      "blendMode": "Add",
      "elementWeight": {
 		"UpperTorso": 40,
        "UpperArmR": 40,
        "LowerArmR": 40,
        "UpperArmL": 40,
        "LowerArmL": 40,
		"Neck": 40,
        "Head": 40
      },
      "elementBlendMode": {
		"UpperTorso": "AddAverage",
        "LowerArmR": "AddAverage",
        "UpperArmL": "AddAverage",
        "LowerArmL": "AddAverage",
		"UpperArmR": "AddAverage",
        "Neck": "AddAverage",
        "Head": "AddAverage"
      }
    },
    "file": "game:entities/humanoid/player.json"
  },
  {
    "op": "add",
    "path": "/client/animations/80",
    "value": {
      "code": "finishbellow",
      "animation": "finishbellow",
      "animationSpeed": 2.2,
      "blendMode": "Add",
      "elementWeight": {
		"UpperTorso": 80,
        "UpperArmR": 80,
        "LowerArmR": 80,
        "UpperArmL": 80,
        "LowerArmL": 80,
		"Neck": 80,
        "Head": 80
      },
      "elementBlendMode": {
        "UpperTorso": "AddAverage",
        "LowerArmR": "AddAverage",
        "UpperArmL": "AddAverage",
        "LowerArmL": "AddAverage",
		"UpperArmR": "AddAverage",
        "Neck": "AddAverage",
        "Head": "AddAverage"
      }
    },
    "file": "game:entities/humanoid/player.json"
  }
]