[
  {
    "op": "add",
    "path": "/animations/200",
    "value": {
      "name": "UseBellow",
      "code": "usebellow",
      "quantityframes": 16,
      "onActivityStopped": "EaseOut",
      "onAnimationEnd": "Hold",
      "keyframes": [
        {
          "frame": 0,
          "elements": {
            "UpperTorso": {
              "rotationX": 0.0,
              "rotationY": 0.0,
              "rotationZ": 10.0
            },
            "UpperArmL": {
              "offsetX": 1.0,
              "offsetY": 0.0,
              "offsetZ": 0.0,
              "rotationX": 2.0,
              "rotationY": -15.0,
              "rotationZ": -20.0
            },
            "LowerArmL": {
              "offsetX": 0.0,
              "offsetY": 0.0,
              "offsetZ": 0.0,
              "rotationX": 0.0,
              "rotationY": -5.0,
              "rotationZ": -60.0
            },
            "UpperArmR": {
              "offsetX": 1.0,
              "offsetY": 0.0,
              "offsetZ": 0.0,
              "rotationX": -2.0,
              "rotationY": 15.0,
              "rotationZ": -20.0
            },
            "LowerArmR": {
              "offsetX": 0.0,
              "offsetY": 0.0,
              "offsetZ": 0.0,
              "rotationX": 0.0,
              "rotationY": 5.0,
              "rotationZ": -60.0
            },
            "ItemAnchor": {
              "offsetX": 1.0,
              "offsetY": 0.0,
              "offsetZ": 1.7,
              "rotationX": 12.0,
              "rotationY": -4.0,
              "rotationZ": -15.0
            },
            "Neck": {
              "offsetX": 0.0,
              "offsetY": 0.0,
              "offsetZ": 0.0,
              "rotationX": 0.0,
              "rotationY": 0.0,
              "rotationZ": 10.0
            },
            "Head": {
              "offsetX": 0.0,
              "offsetY": 0.0,
              "offsetZ": 0.0,
              "rotationX": 0.0,
              "rotationY": 0.0,
              "rotationZ": 8.0
            }
          }
        },
        {
          "frame": 15,
          "elements": {
            "UpperTorso": {
              "rotationX": 0.0,
              "rotationY": 0.0,
              "rotationZ": 10.0
            },
            "UpperArmL": {
              "offsetX": 1.0,
              "offsetY": 0.0,
              "offsetZ": 0.0,
              "rotationX": 0.0,
              "rotationY": -3.0,
              "rotationZ": -20.0
            },
            "LowerArmL": {
              "offsetX": 0.0,
              "offsetY": 0.0,
              "offsetZ": 0.0,
              "rotationX": 0.0,
              "rotationY": 0.0,
              "rotationZ": -60.0
            },
            "UpperArmR": {
              "offsetX": 1.0,
              "offsetY": 0.0,
              "offsetZ": 0.0,
              "rotationX": 0.0,
              "rotationY": 3.0,
              "rotationZ": -20.0
            },
            "LowerArmR": {
              "offsetX": 0.0,
              "offsetY": 0.0,
              "offsetZ": 0.0,
              "rotationX": 0.0,
              "rotationY": 0.0,
              "rotationZ": -60.0
            },
            "ItemAnchor": {
              "offsetX": 1.0,
              "offsetY": -0.0,
              "offsetZ": 3.3,
              "rotationX": 4.0,
              "rotationY": -4.0,
              "rotationZ": -10.0
            },
            "Neck": {
              "offsetX": 0.0,
              "offsetY": 0.0,
              "offsetZ": 0.0,
              "rotationX": 0.0,
              "rotationY": 0.0,
              "rotationZ": 10.0
            },
            "Head": {
              "offsetX": 0.0,
              "offsetY": 0.0,
              "offsetZ": 0.0,
              "rotationX": 0.0,
              "rotationY": 0.0,
              "rotationZ": 8.0
            }
          }
        }
      ]
    },
    "file": "game:shapes/entity/humanoid/seraph-faceless.json"
  },
  {
    "op": "add",
    "path": "/animations/201",
    "value": {
      "name": "FinishBellow",
      "code": "finishbellow",
      "quantityframes": 7,
      "onActivityStopped": "EaseOut",
      "onAnimationEnd": "EaseOut",
      "keyframes": [
        {
          "frame": 0,
          "elements": {
            "UpperTorso": {
              "offsetX": 0.0,
              "offsetY": 0.0,
              "offsetZ": 0.0,
              "rotationX": 0.0,
              "rotationY": 0.0,
              "rotationZ": 10.0
            },
            "UpperArmL": {
              "offsetX": 1.0,
              "offsetY": 0.0,
              "offsetZ": 0.0,
              "rotationX": 0.0,
              "rotationY": -3.0,
              "rotationZ": -20.0
            },
            "LowerArmL": {
              "offsetX": 0.0,
              "offsetY": 0.0,
              "offsetZ": 0.0,
              "rotationX": -3.0,
              "rotationY": 0.0,
              "rotationZ": -60.0
            },
            "UpperArmR": {
              "offsetX": 1.0,
              "offsetY": 0.0,
              "offsetZ": 0.0,
              "rotationX": 0.0,
              "rotationY": 3.0,
              "rotationZ": -20.0
            },
            "LowerArmR": {
              "offsetX": 0.0,
              "offsetY": 0.0,
              "offsetZ": 0.0,
              "rotationX": 5.0,
              "rotationY": 0.0,
              "rotationZ": -60.0
            },
            "ItemAnchor": {
              "offsetX": 1.0,
              "offsetY": -0.0,
              "offsetZ": 3.0,
              "rotationX": -1.0,
              "rotationY": -8.0,
              "rotationZ": -10.0
            },
            "Neck": {
              "offsetX": 0.0,
              "offsetY": 0.0,
              "offsetZ": 0.0,
              "rotationX": 0.0,
              "rotationY": 0.0,
              "rotationZ": 10.0
            },
            "Head": {
              "offsetX": 0.0,
              "offsetY": 0.0,
              "offsetZ": 0.0,
              "rotationX": 0.0,
              "rotationY": 0.0,
              "rotationZ": 8.0
            }
          }
        },
        {
          "frame": 4,
          "elements": {
            "UpperTorso": {
              "offsetX": 0.0,
              "offsetY": 0.0,
              "offsetZ": 0.0,
              "rotationX": 0.0,
              "rotationY": 0.0,
              "rotationZ": 10.0
            },
            "UpperArmL": {
              "offsetX": 1.0,
              "offsetY": 0.0,
              "offsetZ": 0.0,
              "rotationX": 2.0,
              "rotationY": -10.0,
              "rotationZ": -20.0
            },
            "LowerArmL": {
              "offsetX": 0.0,
              "offsetY": 0.0,
              "offsetZ": 0.0,
              "rotationX": 2.0,
              "rotationY": -12.0,
              "rotationZ": -60.0
            },
            "UpperArmR": {
              "offsetX": 1.0,
              "offsetY": 0.0,
              "offsetZ": 0.0,
              "rotationX": -2.0,
              "rotationY": 10.0,
              "rotationZ": -20.0
            },
            "LowerArmR": {
              "offsetX": 0.0,
              "offsetY": 0.0,
              "offsetZ": 0.0,
              "rotationX": -2.0,
              "rotationY": 12.0,
              "rotationZ": -60.0
            },
            "ItemAnchor": {
              "offsetX": 1.0,
              "offsetY": 0.0,
              "offsetZ": 1.25,
              "rotationX": 20.0,
              "rotationY": -10.0,
              "rotationZ": -10.0
            },
            "Neck": {
              "offsetX": 0.0,
              "offsetY": 0.0,
              "offsetZ": 0.0,
              "rotationX": 0.0,
              "rotationY": 0.0,
              "rotationZ": 10.0
            },
            "Head": {
              "offsetX": 0.0,
              "offsetY": 0.0,
              "offsetZ": 0.0,
              "rotationX": 0.0,
              "rotationY": 0.0,
              "rotationZ": 8.0
            }
          }
        },
        {
          "frame": 6,
          "elements": {
            "UpperTorso": {
              "offsetX": 0.0,
              "offsetY": 0.0,
              "offsetZ": 0.0,
              "rotationX": 0.0,
              "rotationY": 0.0,
              "rotationZ": 10.0
            },
            "UpperArmL": {
              "offsetX": 1.0,
              "offsetY": 0.0,
              "offsetZ": 0.0,
              "rotationX": 2.0,
              "rotationY": -10.0,
              "rotationZ": -20.0
            },
            "LowerArmL": {
              "offsetX": 0.0,
              "offsetY": 0.0,
              "offsetZ": 0.0,
              "rotationX": 2.0,
              "rotationY": -12.0,
              "rotationZ": -60.0
            },
            "UpperArmR": {
              "offsetX": 1.0,
              "offsetY": 0.0,
              "offsetZ": 0.0,
              "rotationX": -2.0,
              "rotationY": 10.0,
              "rotationZ": -20.0
            },
            "LowerArmR": {
              "offsetX": 0.0,
              "offsetY": 0.0,
              "offsetZ": 0.0,
              "rotationX": -2.0,
              "rotationY": 12.0,
              "rotationZ": -60.0
            },
            "ItemAnchor": {
              "offsetX": 1.0,
              "offsetY": 0.0,
              "offsetZ": 1.25,
              "rotationX": 20.0,
              "rotationY": -10.0,
              "rotationZ": -10.0
            },
            "Neck": {
              "offsetX": 0.0,
              "offsetY": 0.0,
              "offsetZ": 0.0,
              "rotationX": 0.0,
              "rotationY": 0.0,
              "rotationZ": 10.0
            },
            "Head": {
              "offsetX": 0.0,
              "offsetY": 0.0,
              "offsetZ": 0.0,
              "rotationX": 0.0,
              "rotationY": 0.0,
              "rotationZ": 8.0
            }
          }
        }
      ]
    },
    "file": "game:shapes/entity/humanoid/seraph-faceless.json"
  },
  {
    "op": "add",
    "path": "/animations/202",
    "value": {
      "name": "IdleBellow",
      "code": "idlebellow",
      "quantityframes": 30,
      "onActivityStopped": "EaseOut",
      "onAnimationEnd": "Hold",
      "keyframes": [
        {
          "frame": 6,
          "elements": {
            "UpperTorso": {
              "rotationX": 0.0,
              "rotationY": 0.0,
              "rotationZ": 10.0
            },
            "UpperArmL": {
              "offsetX": 1.0,
              "offsetY": 0.0,
              "offsetZ": 0.0,
              "rotationX": 2.0,
              "rotationY": -10.0,
              "rotationZ": -20.0
            },
            "LowerArmL": {
              "offsetX": 0.0,
              "offsetY": 0.0,
              "offsetZ": 0.0,
              "rotationX": 2.0,
              "rotationY": -12.0,
              "rotationZ": -60.0
            },
            "UpperArmR": {
              "offsetX": 1.0,
              "offsetY": 0.0,
              "offsetZ": 0.0,
              "rotationX": -2.0,
              "rotationY": 10.0,
              "rotationZ": -20.0
            },
            "LowerArmR": {
              "offsetX": 0.0,
              "offsetY": 0.0,
              "offsetZ": 0.0,
              "rotationX": -2.0,
              "rotationY": 12.0,
              "rotationZ": -60.0
            },
            "ItemAnchor": {
              "offsetX": 1.0,
              "offsetY": 0.0,
              "offsetZ": 1.25,
              "rotationX": 21.0,
              "rotationY": -12.0,
              "rotationZ": -10.0
            },
            "Neck": {
              "rotationX": 0.0,
              "rotationY": 0.0,
              "rotationZ": 10.0
            },
            "Head": {
              "offsetX": 0.0,
              "offsetY": 0.0,
              "offsetZ": 0.0,
              "rotationX": 0.0,
              "rotationY": 0.0,
              "rotationZ": 8.0
            }
          }
        }
      ]
    },
    "file": "game:shapes/entity/humanoid/seraph-faceless.json"
  }
]