[
  {
    "file": "game:blocktypes/plant/crop/amaranth.json",
    "side": "Server",
    "op": "replace",
    "path": "/class",
    "value": "BlockCropV2"
  },
  {
    "file": "game:blocktypes/plant/crop/amaranth.json",
    "side": "Server",
    "op": "add",
    "path": "/entityClass",
    "value": "BECropV2"
  },
  {
    "file": "game:blocktypes/plant/crop/amaranth.json",
    "side": "Server",
    "op": "add",
    "path": "/entityBehaviors",
    "value": [{ "name": "CropWeeds" }, { "name": "CropBlight" }]
  },
  {
    "file": "game:blocktypes/plant/crop/amaranth.json",
    "side": "Server",
    "op": "add",
    "path": "/cropProps/behaviors",
    "value": [{ "name": "CropWeeds" }, { "name": "CropBlight" }]
  }
]
