{
	"editor": {
		"collapsedPaths": "Root/Body/abdomen/L back Thigh,Root/Body/abdomen/R back Thigh",
		"allAngles": true,
		"entityTextureMode": true
	},
	"textureWidth": 84,
	"textureHeight": 104,
	"textureSizes": {
		"skin": [84,104],
		"moose-antlers": [16,16]
	},
	"textures": {
		"moose-antlers": "game:entity/animal/mammal/hooved/deer/moose-antlers"
	},
	"elements": [
		{
			"name": "Neck",
			"from": [ 9.8, 2.5, 5.5 ],
			"to": [ 17.3, 13.0, 10.5 ],
			"unwrapMode": 7,
			"unwrapRotation": 1,
			"autoUnwrap": false,
			"uv": [ 6.0, 5.5 ],
			"rotationOrigin": [ 16.3, 10.0, 8.0 ],
			"rotationZ": 8.0,
			"faces": {
				"north": { "texture": "#skin", "uv": [ 21.5, 16.0, 32.0, 23.5 ], "rotation": 90 },
				"south": { "texture": "#skin", "uv": [ 6.0, 16.0, 16.5, 23.5 ], "rotation": 270 },
				"west": { "texture": "#skin", "uv": [ 3.0, 4.5, 8.0, 15.0 ] },
				"up": { "texture": "#skin", "uv": [ 16.5, 16.0, 21.5, 23.5 ], "rotation": 270 },
				"down": { "texture": "#skin", "uv": [ 32.0, 16.0, 37.0, 23.5 ], "rotation": 90 }
			},
			"children": [
				{
					"name": "Neck2",
					"from": [ -4.6, 1.8, 0.5 ],
					"to": [ 1.9, 10.2, 4.5 ],
					"unwrapMode": 7,
					"unwrapRotation": 1,
					"autoUnwrap": false,
					"uv": [ 9.0, 1.0 ],
					"rotationOrigin": [ 1.6, 8.4, 2.6 ],
					"rotationZ": 7.0,
					"faces": {
						"north": { "texture": "#skin", "uv": [ 21.0, 9.0, 29.0, 15.5 ], "rotation": 90 },
						"east": { "texture": "#skin", "uv": [ 3.5, 4.5, 7.5, 12.5 ], "windMode": [-1,-1,-1,-1], "windData": [1,1,1,1] },
						"south": { "texture": "#skin", "uv": [ 9.0, 9.0, 17.0, 15.5 ], "rotation": 270 },
						"west": { "texture": "#skin", "uv": [ 17.0, 1.0, 21.0, 9.0 ], "rotation": 180 },
						"up": { "texture": "#skin", "uv": [ 17.0, 9.0, 21.0, 15.5 ], "rotation": 270 },
						"down": { "texture": "#skin", "uv": [ 29.0, 9.0, 33.0, 15.5 ], "rotation": 90 }
					},
					"children": [
						{
							"name": "Head",
							"from": [ -3.1, 2.3, -0.8 ],
							"to": [ 1.0, 8.3, 4.8 ],
							"unwrapMode": 4,
							"uv": [ 13.0, 79.5 ],
							"rotationOrigin": [ -0.1, 6.7, 2.1 ],
							"rotationZ": 18.0,
							"faces": {
								"north": { "texture": "#skin", "uv": [ 13.0, 83.5, 17.0, 89.5 ] },
								"east": { "texture": "#skin", "uv": [ 26.5, 83.5, 32.0, 89.5 ] },
								"south": { "texture": "#skin", "uv": [ 22.5, 83.5, 26.5, 89.5 ] },
								"west": { "texture": "#skin", "uv": [ 17.0, 83.5, 22.5, 89.5 ] },
								"up": { "texture": "#skin", "uv": [ 17.0, 79.5, 22.5, 83.5 ], "rotation": 90 },
								"down": { "texture": "#skin", "uv": [ 17.0, 89.5, 22.5, 93.5 ], "rotation": 90 }
							},
							"children": [
								{
									"name": "MouthUp",
									"from": [ -5.5, 1.9, 1.2 ],
									"to": [ 0.5, 4.4, 4.4 ],
									"unwrapMode": 5,
									"unwrapRotation": 1,
									"uv": [ 5.0, 90.5 ],
									"rotationOrigin": [ -0.7, 4.1, 2.8 ],
									"rotationZ": 10.0,
									"faces": {
										"north": { "texture": "#skin", "uv": [ 5.0, 90.5, 7.5, 96.5 ], "rotation": 270 },
										"south": { "texture": "#skin", "uv": [ 10.5, 90.5, 13.0, 96.5 ], "rotation": 90 },
										"west": { "texture": "#skin", "uv": [ 7.5, 96.5, 10.5, 99.0 ] },
										"up": { "texture": "#skin", "uv": [ 7.5, 90.5, 10.5, 96.5 ], "rotation": 90 },
										"down": { "texture": "#skin", "uv": [ 13.0, 90.5, 16.0, 96.5 ], "rotation": 270 }
									},
									"children": [
										{
											"name": "Nose",
											"from": [ 0.0, 2.1, 0.3 ],
											"to": [ 6.1, 3.6, 2.9 ],
											"unwrapMode": 5,
											"unwrapRotation": 1,
											"uv": [ 11.5, 97.5 ],
											"rotationOrigin": [ 4.9, 2.1, 1.1 ],
											"rotationZ": 8.0,
											"faces": {
												"north": { "texture": "#skin", "uv": [ 11.5, 97.5, 13.0, 103.5 ], "rotation": 270 },
												"south": { "texture": "#skin", "uv": [ 15.5, 97.5, 17.0, 103.5 ], "rotation": 90 },
												"up": { "texture": "#skin", "uv": [ 13.0, 97.5, 15.5, 103.5 ], "rotation": 90 }
											},
											"children": [
												{
													"name": "Snout",
													"from": [ -2.7, -1.0, -0.4 ],
													"to": [ 0.5, 1.8, 3.0 ],
													"unwrapMode": 4,
													"uv": [ 33.5, 83.0 ],
													"rotationOrigin": [ 0.5, 1.5, 1.4 ],
													"rotationZ": 20.0,
													"faces": {
														"north": { "texture": "#skin", "uv": [ 33.5, 86.0, 36.5, 88.5 ] },
														"east": { "texture": "#skin", "uv": [ 42.5, 86.0, 45.5, 88.5 ] },
														"south": { "texture": "#skin", "uv": [ 39.5, 86.0, 42.5, 88.5 ] },
														"west": { "texture": "#skin", "uv": [ 36.5, 86.0, 39.5, 88.5 ] },
														"up": { "texture": "#skin", "uv": [ 36.5, 83.0, 39.5, 86.0 ], "rotation": 90 },
														"down": { "texture": "#skin", "uv": [ 36.5, 88.5, 39.5, 91.5 ], "rotation": 90 }
													},
													"children": [
														{
															"name": "Snout2",
															"from": [ -2.2, 0.8, -0.01 ],
															"to": [ 0.0, 2.8, 3.41 ],
															"unwrapMode": 4,
															"uv": [ 40.0, 89.5 ],
															"rotationOrigin": [ 0.0, 2.8, 1.6 ],
															"rotationZ": 45.0,
															"faces": {
																"north": { "texture": "#skin", "uv": [ 40.0, 91.5, 42.0, 93.5 ] },
																"south": { "texture": "#skin", "uv": [ 45.0, 91.5, 47.0, 93.5 ] },
																"west": { "texture": "#skin", "uv": [ 42.0, 91.5, 45.0, 93.5 ] },
																"up": { "texture": "#skin", "uv": [ 42.0, 89.5, 45.0, 91.5 ], "rotation": 90 },
																"down": { "texture": "#skin", "uv": [ 42.0, 93.5, 45.0, 95.5 ], "rotation": 90 }
															}
														},
														{
															"name": "Nose2",
															"from": [ 3.2, 2.3, 0.45 ],
															"to": [ 6.7, 2.8, 2.95 ],
															"unwrapMode": 5,
															"unwrapRotation": 1,
															"uv": [ 12.5, 100.0 ],
															"rotationOrigin": [ 3.2, 2.8, 1.7 ],
															"rotationZ": -24.0,
															"faces": {
																"north": { "texture": "#skin", "uv": [ 12.5, 100.0, 13.0, 103.5 ], "rotation": 270 },
																"south": { "texture": "#skin", "uv": [ 15.5, 100.0, 16.0, 103.5 ], "rotation": 90 },
																"up": { "texture": "#skin", "uv": [ 13.0, 100.0, 15.5, 103.5 ], "rotation": 90 }
															}
														}
													]
												}
											]
										}
									]
								},
								{
									"name": "R Ear",
									"from": [ 2.9, 4.2, -2.2 ],
									"to": [ 3.5, 5.6, 0.8 ],
									"unwrapMode": 4,
									"unwrapRotation": 1,
									"uv": [ 57.0, 77.0 ],
									"rotationOrigin": [ 3.2, 5.4, 0.8 ],
									"rotationX": 45.0,
									"rotationY": -36.0,
									"rotationZ": 22.0,
									"faces": {
										"north": { "texture": "#skin", "uv": [ 57.5, 80.0, 58.5, 80.5 ], "rotation": 90 },
										"east": { "texture": "#skin", "uv": [ 59.0, 77.0, 60.0, 80.0 ], "rotation": 270 },
										"west": { "texture": "#skin", "uv": [ 57.5, 77.0, 58.5, 80.0 ], "rotation": 90 },
										"up": { "texture": "#skin", "uv": [ 57.0, 77.0, 57.5, 80.0 ], "rotation": 180 },
										"down": { "texture": "#skin", "uv": [ 58.5, 77.0, 59.0, 80.0 ], "rotation": 180 }
									},
									"children": [
										{
											"name": "R Ear2",
											"from": [ 0.0, 0.4, -3.0 ],
											"to": [ 0.6, 1.4, 0.0 ],
											"unwrapMode": 4,
											"unwrapRotation": 1,
											"uv": [ 60.5, 80.5 ],
											"rotationOrigin": [ 0.3, 1.4, 0.0 ],
											"rotationX": -10.0,
											"rotationZ": 2.0,
											"faces": {
												"north": { "texture": "#skin", "uv": [ 61.0, 83.5, 62.0, 84.0 ], "rotation": 90 },
												"east": { "texture": "#skin", "uv": [ 62.5, 80.5, 63.5, 83.5 ], "rotation": 270 },
												"west": { "texture": "#skin", "uv": [ 61.0, 80.5, 62.0, 83.5 ], "rotation": 90 },
												"up": { "texture": "#skin", "uv": [ 60.5, 80.5, 61.0, 83.5 ], "rotation": 180 },
												"down": { "texture": "#skin", "uv": [ 62.0, 80.5, 62.5, 83.5 ], "rotation": 180 }
											}
										},
										{
											"name": "R Ear3",
											"from": [ 0.0, 0.0, -0.5 ],
											"to": [ 0.6, 1.5, 2.0 ],
											"unwrapMode": 4,
											"unwrapRotation": 1,
											"uv": [ 60.5, 77.0 ],
											"rotationOrigin": [ 0.3, 0.0, 2.0 ],
											"rotationX": -25.0,
											"rotationZ": -2.0,
											"faces": {
												"north": { "texture": "#skin", "uv": [ 61.0, 79.5, 62.5, 80.0 ], "rotation": 90 },
												"east": { "texture": "#skin", "uv": [ 63.0, 77.0, 64.5, 79.5 ], "rotation": 270 },
												"west": { "texture": "#skin", "uv": [ 61.0, 77.0, 62.5, 79.5 ], "rotation": 90 },
												"up": { "texture": "#skin", "uv": [ 60.5, 77.0, 61.0, 79.5 ], "rotation": 180 },
												"down": { "texture": "#skin", "uv": [ 62.5, 77.0, 63.0, 79.5 ], "rotation": 180 }
											},
											"children": [
												{
													"name": "R Ear4",
													"from": [ 0.0, 0.0, -2.7 ],
													"to": [ 0.6, 1.0, 0.0 ],
													"unwrapMode": 4,
													"unwrapRotation": 1,
													"uv": [ 57.0, 81.0 ],
													"rotationOrigin": [ 0.3, 0.0, 0.0 ],
													"rotationX": 45.0,
													"rotationZ": -2.0,
													"faces": {
														"north": { "texture": "#skin", "uv": [ 57.5, 83.5, 58.5, 84.0 ], "rotation": 90 },
														"east": { "texture": "#skin", "uv": [ 59.0, 81.0, 60.0, 83.5 ], "rotation": 270 },
														"west": { "texture": "#skin", "uv": [ 57.5, 81.0, 58.5, 83.5 ], "rotation": 90 },
														"up": { "texture": "#skin", "uv": [ 57.0, 81.0, 57.5, 83.5 ], "rotation": 180 },
														"down": { "texture": "#skin", "uv": [ 58.5, 81.0, 59.0, 83.5 ], "rotation": 180 }
													}
												}
											]
										}
									]
								},
								{
									"name": "L Ear",
									"from": [ 2.9, 4.2, 4.8 ],
									"to": [ 3.5, 5.6, 7.8 ],
									"unwrapMode": 4,
									"unwrapRotation": 1,
									"uv": [ 57.0, 89.5 ],
									"rotationOrigin": [ 3.2, 5.4, 4.8 ],
									"rotationX": -45.0,
									"rotationY": 42.0,
									"rotationZ": 22.0,
									"faces": {
										"east": { "texture": "#skin", "uv": [ 59.0, 90.0, 60.0, 93.0 ], "rotation": 270 },
										"south": { "texture": "#skin", "uv": [ 57.5, 89.5, 58.5, 90.0 ], "rotation": 90 },
										"west": { "texture": "#skin", "uv": [ 57.5, 90.0, 58.5, 93.0 ], "rotation": 90 },
										"up": { "texture": "#skin", "uv": [ 57.0, 90.0, 57.5, 93.0 ], "rotation": 180 },
										"down": { "texture": "#skin", "uv": [ 58.5, 90.0, 59.0, 93.0 ], "rotation": 180 }
									},
									"children": [
										{
											"name": "L Ear2",
											"from": [ 0.0, 0.4, 3.0 ],
											"to": [ 0.6, 1.4, 6.0 ],
											"unwrapMode": 4,
											"unwrapRotation": 1,
											"uv": [ 60.5, 85.0 ],
											"rotationOrigin": [ 0.3, 1.4, 3.0 ],
											"rotationX": 10.0,
											"rotationZ": 2.0,
											"faces": {
												"east": { "texture": "#skin", "uv": [ 62.5, 85.5, 63.5, 88.5 ], "rotation": 270 },
												"south": { "texture": "#skin", "uv": [ 61.0, 85.0, 62.0, 85.5 ], "rotation": 90 },
												"west": { "texture": "#skin", "uv": [ 61.0, 85.5, 62.0, 88.5 ], "rotation": 90 },
												"up": { "texture": "#skin", "uv": [ 60.5, 85.5, 61.0, 88.5 ], "rotation": 180 },
												"down": { "texture": "#skin", "uv": [ 62.0, 85.5, 62.5, 88.5 ], "rotation": 180 }
											}
										},
										{
											"name": "L Ear3",
											"from": [ 0.0, 0.0, 1.0 ],
											"to": [ 0.6, 1.5, 3.5 ],
											"unwrapMode": 4,
											"unwrapRotation": 1,
											"uv": [ 60.5, 89.0 ],
											"rotationOrigin": [ 0.3, 0.0, 1.0 ],
											"rotationX": 25.0,
											"rotationZ": -2.0,
											"faces": {
												"east": { "texture": "#skin", "uv": [ 63.0, 89.5, 64.5, 92.0 ], "rotation": 270 },
												"south": { "texture": "#skin", "uv": [ 61.0, 89.0, 62.5, 89.5 ], "rotation": 90 },
												"west": { "texture": "#skin", "uv": [ 61.0, 89.5, 62.5, 92.0 ], "rotation": 90 },
												"up": { "texture": "#skin", "uv": [ 60.5, 89.5, 61.0, 92.0 ], "rotation": 180 },
												"down": { "texture": "#skin", "uv": [ 62.5, 89.5, 63.0, 92.0 ], "rotation": 180 }
											},
											"children": [
												{
													"name": "L Ear4",
													"from": [ 0.0, 0.0, 2.5 ],
													"to": [ 0.6, 1.0, 5.2 ],
													"unwrapMode": 4,
													"unwrapRotation": 1,
													"uv": [ 57.0, 85.0 ],
													"rotationOrigin": [ 0.3, 0.0, 2.5 ],
													"rotationX": -45.0,
													"rotationZ": -2.0,
													"faces": {
														"east": { "texture": "#skin", "uv": [ 59.0, 85.5, 60.0, 88.0 ], "rotation": 270 },
														"south": { "texture": "#skin", "uv": [ 57.5, 85.0, 58.5, 85.5 ], "rotation": 90 },
														"west": { "texture": "#skin", "uv": [ 57.5, 85.5, 58.5, 88.0 ], "rotation": 90 },
														"up": { "texture": "#skin", "uv": [ 57.0, 85.5, 57.5, 88.0 ], "rotation": 180 },
														"down": { "texture": "#skin", "uv": [ 58.5, 85.5, 59.0, 88.0 ], "rotation": 180 }
													}
												}
											]
										}
									]
								},
								{
									"name": "Jaw",
									"from": [ -2.6, -1.1, 1.6 ],
									"to": [ 3.3, 2.3, 4.2 ],
									"unwrapMode": 7,
									"unwrapRotation": 1,
									"uv": [ 1.5, 75.0 ],
									"rotationOrigin": [ 1.4, 0.3, 2.9 ],
									"rotationZ": -18.0,
									"faces": {
										"north": { "texture": "#skin", "uv": [ 7.0, 78.0, 10.0, 83.5 ], "rotation": 90 },
										"south": { "texture": "#skin", "uv": [ 1.5, 78.0, 4.5, 83.5 ], "rotation": 270 },
										"west": { "texture": "#skin", "uv": [ 4.5, 75.0, 7.0, 78.0 ], "rotation": 180 },
										"up": { "texture": "#skin", "uv": [ 4.5, 78.0, 7.0, 83.5 ], "rotation": 270 },
										"down": { "texture": "#skin", "uv": [ 10.0, 78.0, 12.5, 83.5 ], "rotation": 90 }
									},
									"children": [
										{
											"name": "Jaw2",
											"from": [ -2.0, 0.1, 0.1 ],
											"to": [ 0.5, 1.8, 2.5 ],
											"unwrapMode": 7,
											"unwrapRotation": 1,
											"uv": [ 4.0, 70.5 ],
											"rotationOrigin": [ 0.4, 1.5, 1.3 ],
											"rotationZ": 16.0,
											"faces": {
												"north": { "texture": "#skin", "uv": [ 7.5, 72.0, 9.0, 74.5 ], "rotation": 90 },
												"south": { "texture": "#skin", "uv": [ 4.0, 72.0, 5.5, 74.5 ], "rotation": 270 },
												"west": { "texture": "#skin", "uv": [ 5.5, 70.5, 7.5, 72.0 ], "rotation": 180, "windMode": [-1,-1,-1,-1], "windData": [1,1,1,1] },
												"up": { "texture": "#skin", "uv": [ 5.5, 72.0, 7.5, 74.5 ], "rotation": 270, "windMode": [-1,-1,-1,-1], "windData": [1,1,1,1] },
												"down": { "texture": "#skin", "uv": [ 9.0, 72.0, 11.0, 74.5 ], "rotation": 90, "windMode": [-1,-1,-1,-1], "windData": [1,1,1,1] }
											},
											"children": [
												{
													"name": "LowerLip",
													"from": [ -2.3, 0.0, -0.1 ],
													"to": [ 0.2, 1.7, 2.5 ],
													"unwrapMode": 7,
													"unwrapRotation": 1,
													"uv": [ 4.0, 66.0 ],
													"rotationOrigin": [ 0.1, 1.4, 1.1 ],
													"rotationZ": 25.0,
													"faces": {
														"north": { "texture": "#skin", "uv": [ 8.0, 67.5, 9.5, 70.0 ], "rotation": 90 },
														"south": { "texture": "#skin", "uv": [ 4.0, 67.5, 5.5, 70.0 ], "rotation": 270 },
														"west": { "texture": "#skin", "uv": [ 5.5, 66.0, 8.0, 67.5 ], "rotation": 180, "windMode": [-1,-1,-1,-1], "windData": [1,1,1,1] },
														"up": { "texture": "#skin", "uv": [ 5.5, 67.5, 8.0, 70.0 ], "rotation": 270, "windMode": [-1,-1,-1,-1], "windData": [1,1,1,1] },
														"down": { "texture": "#skin", "uv": [ 9.5, 67.5, 12.0, 70.0 ], "rotation": 90, "windMode": [-1,-1,-1,-1], "windData": [1,1,1,1] }
													}
												}
											]
										},
										{
											"name": "Wattle",
											"from": [ 1.6, -3.1, 1.0 ],
											"to": [ 3.8, 0.4, 1.6 ],
											"unwrapMode": 3,
											"autoUnwrap": false,
											"uv": [ 63.5, 104.0 ],
											"rotationOrigin": [ 2.9, 0.4, 1.3 ],
											"rotationX": 5.0,
											"faces": {
												"north": { "texture": "#skin", "uv": [ 76.5, 94.5, 78.5, 98.0 ] },
												"east": { "texture": "#skin", "uv": [ 72.0, 94.5, 72.5, 98.0 ], "windMode": [-1,-1,-1,-1], "windData": [1,1,1,1] },
												"south": { "texture": "#skin", "uv": [ 70.0, 94.5, 72.0, 98.0 ], "windMode": [-1,-1,-1,-1], "windData": [1,1,1,1] },
												"west": { "texture": "#skin", "uv": [ 69.5, 94.5, 70.0, 98.0 ], "windMode": [-1,-1,-1,-1], "windData": [1,1,1,1] },
												"down": { "texture": "#skin", "uv": [ 70.0, 98.0, 72.0, 98.5 ], "rotation": 180, "windMode": [-1,-1,-1,-1], "windData": [1,1,1,1] }
											},
											"children": [
												{
													"name": "Wattle1B",
													"from": [ -2.0, -0.3, 0.05 ],
													"to": [ 0.0, 3.4, 0.55 ],
													"unwrapMode": 3,
													"autoUnwrap": false,
													"uv": [ 57.0, 105.0 ],
													"rotationOrigin": [ -1.9, 3.5, 0.3 ],
													"rotationZ": 10.0,
													"faces": {
														"north": { "texture": "#skin", "uv": [ 78.5, 94.5, 80.5, 98.0 ] },
														"east": { "texture": "#skin", "uv": [ 70.0, 94.5, 70.5, 98.0 ], "windMode": [-1,-1,-1,-1], "windData": [1,1,1,1] },
														"south": { "texture": "#skin", "uv": [ 68.0, 94.5, 70.0, 98.0 ], "windMode": [-1,-1,-1,-1], "windData": [1,1,1,1] },
														"west": { "texture": "#skin", "uv": [ 67.5, 94.5, 68.0, 98.0 ], "windMode": [-1,-1,-1,-1], "windData": [1,1,1,1] },
														"down": { "texture": "#skin", "uv": [ 68.0, 98.0, 70.0, 98.5 ], "rotation": 180, "windMode": [-1,-1,-1,-1], "windData": [1,1,1,1] }
													}
												},
												{
													"name": "Wattle1C",
													"from": [ 2.2, -0.3, 0.05 ],
													"to": [ 4.2, 3.4, 0.55 ],
													"unwrapMode": 3,
													"autoUnwrap": false,
													"uv": [ 73.0, 105.5 ],
													"rotationOrigin": [ 4.2, 3.4, 0.3 ],
													"rotationZ": -10.0,
													"faces": {
														"north": { "texture": "#skin", "uv": [ 74.5, 94.5, 76.5, 98.0 ] },
														"east": { "texture": "#skin", "uv": [ 74.0, 94.5, 74.5, 98.0 ], "windMode": [-1,-1,-1,-1], "windData": [1,1,1,1] },
														"south": { "texture": "#skin", "uv": [ 72.0, 94.5, 74.0, 98.0 ], "windMode": [-1,-1,-1,-1], "windData": [1,1,1,1] },
														"west": { "texture": "#skin", "uv": [ 71.5, 94.5, 72.0, 98.0 ], "windMode": [-1,-1,-1,-1], "windData": [1,1,1,1] },
														"down": { "texture": "#skin", "uv": [ 72.0, 98.0, 74.0, 98.5 ], "rotation": 180, "windMode": [-1,-1,-1,-1], "windData": [1,1,1,1] }
													}
												},
												{
													"name": "Wattle2",
													"from": [ 2.3, -3.4, 0.0 ],
													"to": [ 3.5, 0.1, 0.6 ],
													"unwrapMode": 3,
													"autoUnwrap": false,
													"uv": [ 74.5, 107.5 ],
													"rotationOrigin": [ 2.6, 0.1, 0.3 ],
													"faces": {
														"north": { "texture": "#skin", "uv": [ 75.5, 98.0, 76.5, 101.5 ] },
														"east": { "texture": "#skin", "uv": [ 73.0, 98.0, 73.5, 101.5 ], "windMode": [-1,-1,-1,-1], "windData": [1,1,1,1] },
														"south": { "texture": "#skin", "uv": [ 72.0, 98.0, 73.0, 101.5 ], "windMode": [-1,-1,-1,-1], "windData": [1,1,1,1] },
														"west": { "texture": "#skin", "uv": [ 71.5, 98.0, 72.0, 101.5 ], "windMode": [-1,-1,-1,-1], "windData": [1,1,1,1] },
														"up": { "texture": "#skin", "uv": [ 72.0, 97.5, 73.0, 98.0 ], "windMode": [-1,-1,-1,-1], "windData": [1,1,1,1] },
														"down": { "texture": "#skin", "uv": [ 72.0, 101.5, 73.0, 102.0 ], "rotation": 180, "windMode": [-1,-1,-1,-1], "windData": [1,1,1,1] }
													},
													"children": [
														{
															"name": "Wattle2B",
															"from": [ -2.0, -0.3, 0.05 ],
															"to": [ 0.0, 3.4, 0.55 ],
															"unwrapMode": 3,
															"autoUnwrap": false,
															"uv": [ 70.5, 102.5 ],
															"rotationOrigin": [ -1.9, 3.5, 0.3 ],
															"rotationZ": 10.0,
															"faces": {
																"north": { "texture": "#skin", "uv": [ 76.5, 98.0, 78.5, 101.5 ] },
																"east": { "texture": "#skin", "uv": [ 72.0, 98.0, 72.5, 101.5 ], "windMode": [-1,-1,-1,-1], "windData": [1,1,1,1] },
																"south": { "texture": "#skin", "uv": [ 70.0, 98.0, 72.0, 101.5 ], "windMode": [-1,-1,-1,-1], "windData": [1,1,1,1] },
																"west": { "texture": "#skin", "uv": [ 69.5, 98.0, 70.0, 101.5 ], "windMode": [-1,-1,-1,-1], "windData": [1,1,1,1] },
																"up": { "texture": "#skin", "uv": [ 70.0, 97.5, 72.0, 98.0 ], "windMode": [-1,-1,-1,-1], "windData": [1,1,1,1] },
																"down": { "texture": "#skin", "uv": [ 70.0, 101.5, 72.0, 102.0 ], "rotation": 180, "windMode": [-1,-1,-1,-1], "windData": [1,1,1,1] }
															}
														}
													]
												}
											]
										}
									]
								},
								{
									"name": "L Eye",
									"from": [ 0.2, 4.5, 4.99 ],
									"to": [ 1.0, 4.9, 5.61 ],
									"unwrapMode": 3,
									"uv": [ 15.0, 79.5 ],
									"rotationOrigin": [ 0.2, 4.5, 5.0 ],
									"faces": {
										"east": { "texture": "#skin", "uv": [ 16.0, 79.5, 16.5, 80.0 ], "windMode": [-1,-1,-1,-1], "windData": [1,1,1,1] },
										"south": { "texture": "#skin", "uv": [ 15.5, 79.5, 16.0, 80.0 ], "windMode": [-1,-1,-1,-1], "windData": [1,1,1,1] },
										"west": { "texture": "#skin", "uv": [ 15.0, 79.5, 15.5, 80.0 ], "windMode": [-1,-1,-1,-1], "windData": [1,1,1,1] },
										"down": { "texture": "#skin", "uv": [ 15.5, 80.0, 16.0, 80.5 ], "rotation": 180, "windMode": [-1,-1,-1,-1], "windData": [1,1,1,1] }
									},
									"children": [
										{
											"name": "L Eye2",
											"from": [ 0.0, 0.4, 0.0 ],
											"to": [ 0.8, 0.8, 0.62 ],
											"unwrapMode": 3,
											"uv": [ 15.0, 78.5 ],
											"rotationOrigin": [ 0.0, 0.4, 0.01 ],
											"faces": {
												"east": { "texture": "#skin", "uv": [ 16.0, 79.0, 16.5, 79.5 ], "windMode": [-1,-1,-1,-1], "windData": [1,1,1,1] },
												"south": { "texture": "#skin", "uv": [ 15.5, 79.0, 16.0, 79.5 ] },
												"west": { "texture": "#skin", "uv": [ 15.0, 79.0, 15.5, 79.5 ], "windMode": [-1,-1,-1,-1], "windData": [1,1,1,1] },
												"up": { "texture": "#skin", "uv": [ 15.5, 78.5, 16.0, 79.0 ], "windMode": [-1,-1,-1,-1], "windData": [1,1,1,1] }
											}
										},
										{
											"name": "L Pupil",
											"from": [ 0.1, 0.2, 0.01 ],
											"to": [ 0.7, 0.6, 0.63 ],
											"unwrapMode": 3,
											"uv": [ 15.0, 81.0 ],
											"rotationOrigin": [ 0.1, 0.2, 0.01 ],
											"faces": {
												"east": { "texture": "#skin", "uv": [ 16.0, 81.5, 16.5, 82.0 ], "windMode": [-1,-1,-1,-1], "windData": [1,1,1,1] },
												"south": { "texture": "#skin", "uv": [ 15.5, 81.5, 16.0, 82.0 ] },
												"west": { "texture": "#skin", "uv": [ 15.0, 81.5, 15.5, 82.0 ], "windMode": [-1,-1,-1,-1], "windData": [1,1,1,1] },
												"up": { "texture": "#skin", "uv": [ 15.5, 81.0, 16.0, 81.5 ], "windMode": [-1,-1,-1,-1], "windData": [1,1,1,1] },
												"down": { "texture": "#skin", "uv": [ 15.5, 82.0, 16.0, 82.5 ], "rotation": 180, "windMode": [-1,-1,-1,-1], "windData": [1,1,1,1] }
											}
										}
									]
								},
								{
									"name": "R Eye",
									"from": [ 0.2, 4.5, -0.01 ],
									"to": [ 1.0, 4.9, 0.61 ],
									"unwrapMode": 1,
									"uv": [ 15.0, 79.5 ],
									"rotationOrigin": [ 0.2, 4.1, 0.0 ],
									"faces": {
										"north": { "texture": "#skin", "uv": [ 15.5, 79.5, 16.0, 80.0 ] },
										"east": { "texture": "#skin", "uv": [ 15.0, 79.5, 15.5, 80.0 ], "windMode": [-1,-1,-1,-1], "windData": [1,1,1,1] },
										"west": { "texture": "#skin", "uv": [ 16.0, 79.5, 16.5, 80.0 ], "windMode": [-1,-1,-1,-1], "windData": [1,1,1,1] },
										"down": { "texture": "#skin", "uv": [ 15.5, 80.0, 16.0, 80.5 ], "windMode": [-1,-1,-1,-1], "windData": [1,1,1,1] }
									},
									"children": [
										{
											"name": "R Eye2",
											"from": [ 0.0, 0.4, 0.0 ],
											"to": [ 0.8, 0.8, 0.62 ],
											"unwrapMode": 1,
											"uv": [ 15.0, 78.5 ],
											"rotationOrigin": [ 0.0, 0.4, 0.01 ],
											"faces": {
												"north": { "texture": "#skin", "uv": [ 15.5, 79.0, 16.0, 79.5 ] },
												"east": { "texture": "#skin", "uv": [ 15.0, 79.0, 15.5, 79.5 ], "windMode": [-1,-1,-1,-1], "windData": [1,1,1,1] },
												"west": { "texture": "#skin", "uv": [ 16.0, 79.0, 16.5, 79.5 ], "windMode": [-1,-1,-1,-1], "windData": [1,1,1,1] },
												"up": { "texture": "#skin", "uv": [ 15.5, 78.5, 16.0, 79.0 ], "rotation": 180, "windMode": [-1,-1,-1,-1], "windData": [1,1,1,1] }
											}
										},
										{
											"name": "R Pupil",
											"from": [ 0.1, 0.2, -0.01 ],
											"to": [ 0.7, 0.6, 0.61 ],
											"unwrapMode": 3,
											"uv": [ 15.0, 81.0 ],
											"rotationOrigin": [ 0.1, 0.2, -0.01 ],
											"faces": {
												"north": { "texture": "#skin", "uv": [ 16.0, 81.5, 16.5, 82.0 ] },
												"east": { "texture": "#skin", "uv": [ 15.5, 81.5, 16.0, 82.0 ], "windMode": [-1,-1,-1,-1], "windData": [1,1,1,1] },
												"west": { "texture": "#skin", "uv": [ 15.0, 81.5, 15.5, 82.0 ], "windMode": [-1,-1,-1,-1], "windData": [1,1,1,1] },
												"up": { "texture": "#skin", "uv": [ 15.5, 81.0, 16.0, 81.5 ], "windMode": [-1,-1,-1,-1], "windData": [1,1,1,1] },
												"down": { "texture": "#skin", "uv": [ 15.5, 82.0, 16.0, 82.5 ], "rotation": 180, "windMode": [-1,-1,-1,-1], "windData": [1,1,1,1] }
											}
										}
									]
								},
								{
									"name": "Horn attachment",
									"from": [ 1.0, 5.3, 2.8 ],
									"to": [ 2.0, 6.3, 3.8 ],
									"uv": [ 999.0, 999.0 ],
									"rotationOrigin": [ 1.0, 5.3, 2.8 ],
									"rotationZ": 8.0,
									"faces": {
									},
									"children": [
										{
											"name": "R antler base",
											"from": [ 0.5, 0.4, -3.2 ],
											"to": [ 1.5, 1.4, -2.2 ],
											"uv": [ 14.5, 14.5 ],
											"rotationOrigin": [ 0.5, 0.4, -2.4 ],
											"rotationX": -65.0,
											"rotationY": -15.0,
											"rotationZ": -5.0,
											"faces": {
												"north": { "texture": "#moose-antlers", "uv": [ 14.5, 14.5, 15.5, 15.5 ], "windMode": [-1,-1,-1,-1] },
												"east": { "texture": "#moose-antlers", "uv": [ 15.0, 15.0, 16.0, 16.0 ], "windMode": [-1,-1,-1,-1] },
												"south": { "texture": "#moose-antlers", "uv": [ 14.5, 14.5, 15.5, 15.5 ], "windMode": [-1,-1,-1,-1] },
												"west": { "texture": "#moose-antlers", "uv": [ 14.5, 15.0, 15.5, 16.0 ], "windMode": [-1,-1,-1,-1], "windData": [0,1,1,1] },
												"up": { "texture": "#moose-antlers", "uv": [ 15.0, 15.0, 16.0, 16.0 ], "rotation": 90 }
											},
											"children": [
												{
													"name": "R antler base 2",
													"from": [ 0.1, 0.9, 0.1 ],
													"to": [ 0.9, 2.9, 0.9 ],
													"uv": [ 0.5, 0.0 ],
													"rotationOrigin": [ 0.1, 0.9, 1.1 ],
													"rotationX": -7.0,
													"faces": {
														"north": { "texture": "#moose-antlers", "uv": [ 1.5, 4.0, 2.0, 6.0 ] },
														"east": { "texture": "#moose-antlers", "uv": [ 10.5, 13.0, 11.0, 15.0 ] },
														"south": { "texture": "#moose-antlers", "uv": [ 0.5, 3.0, 1.0, 5.0 ] },
														"west": { "texture": "#moose-antlers", "uv": [ 13.5, 2.5, 14.0, 4.5 ] },
														"up": { "texture": "#moose-antlers", "uv": [ 8.0, 1.0, 8.5, 1.5 ], "rotation": 90 },
														"down": { "texture": "#moose-antlers", "uv": [ 5.0, 0.0, 5.5, 0.5 ], "rotation": 90, "windMode": [-1,-1,-1,-1] }
													},
													"children": [
														{
															"name": "R antler Hand1",
															"from": [ -1.4, 1.4, 0.0 ],
															"to": [ 0.6, 6.4, 0.7 ],
															"uv": [ 0.0, 0.5 ],
															"rotationOrigin": [ -0.1, 1.4, 0.0 ],
															"rotationX": 25.0,
															"rotationZ": -50.0,
															"faces": {
																"north": { "texture": "#moose-antlers", "uv": [ 0.5, 10.5, 2.5, 15.5 ] },
																"east": { "texture": "#moose-antlers", "uv": [ 9.0, 2.5, 9.5, 7.5 ] },
																"south": { "texture": "#moose-antlers", "uv": [ 9.5, 4.0, 11.5, 9.0 ] },
																"west": { "texture": "#moose-antlers", "uv": [ 2.5, 5.0, 3.0, 10.0 ] },
																"up": { "texture": "#moose-antlers", "uv": [ 5.5, 12.0, 6.0, 14.0 ], "rotation": 270 },
																"down": { "texture": "#moose-antlers", "uv": [ 0.0, 0.5, 0.5, 2.5 ], "rotation": 270 }
															},
															"children": [
																{
																	"name": "R antler point 2",
																	"from": [ 0.1, 0.0, 0.05 ],
																	"to": [ 0.7, 1.5, 0.65 ],
																	"uv": [ 1.0, 4.5 ],
																	"rotationOrigin": [ 0.1, 0.0, 0.65 ],
																	"rotationZ": 90.0,
																	"faces": {
																		"north": { "texture": "#moose-antlers", "uv": [ 11.5, 12.0, 12.0, 13.5 ] },
																		"east": { "texture": "#moose-antlers", "uv": [ 9.0, 6.0, 9.5, 7.5 ] },
																		"south": { "texture": "#moose-antlers", "uv": [ 9.5, 6.0, 10.0, 7.5 ] },
																		"west": { "texture": "#moose-antlers", "uv": [ 1.5, 4.5, 2.0, 6.0 ] },
																		"up": { "texture": "#moose-antlers", "uv": [ 1.0, 15.0, 1.5, 15.5 ], "rotation": 270 },
																		"down": { "texture": "#moose-antlers", "uv": [ 3.0, 9.5, 3.5, 10.0 ], "rotation": 270 }
																	},
																	"children": [
																		{
																			"name": "R antler point 3",
																			"from": [ 0.0, 1.5, 0.0 ],
																			"to": [ 0.5, 3.0, 0.5 ],
																			"uv": [ 8.0, 0.0 ],
																			"rotationOrigin": [ 0.0, 1.5, 0.0 ],
																			"rotationX": 20.0,
																			"rotationY": 1.0,
																			"rotationZ": -20.0,
																			"faces": {
																				"north": { "texture": "#moose-antlers", "uv": [ 12.0, 6.5, 12.5, 8.0 ] },
																				"east": { "texture": "#moose-antlers", "uv": [ 10.0, 8.5, 10.5, 10.0 ] },
																				"south": { "texture": "#moose-antlers", "uv": [ 8.0, 3.5, 8.5, 5.0 ] },
																				"west": { "texture": "#moose-antlers", "uv": [ 15.0, 9.5, 15.5, 11.0 ] },
																				"up": { "texture": "#moose-antlers", "uv": [ 9.0, 12.5, 9.5, 13.0 ], "rotation": 270 },
																				"down": { "texture": "#moose-antlers", "uv": [ 9.5, 0.0, 10.0, 0.5 ], "rotation": 270 }
																			}
																		}
																	]
																},
																{
																	"name": "RHorn1",
																	"from": [ 1.5, 5.0, 0.0 ],
																	"to": [ 2.0, 7.0, 0.5 ],
																	"uv": [ 0.0, 0.5 ],
																	"rotationOrigin": [ 1.5, 5.0, 0.3 ],
																	"rotationZ": -20.0,
																	"faces": {
																		"north": { "texture": "#moose-antlers", "uv": [ 3.5, 9.5, 4.0, 11.5 ] },
																		"east": { "texture": "#moose-antlers", "uv": [ 0.0, 0.5, 0.5, 2.5 ] },
																		"south": { "texture": "#moose-antlers", "uv": [ 1.5, 8.0, 2.0, 10.0 ] },
																		"west": { "texture": "#moose-antlers", "uv": [ 10.0, 4.5, 10.5, 6.5 ] },
																		"up": { "texture": "#moose-antlers", "uv": [ 13.0, 8.5, 13.5, 9.0 ] },
																		"down": { "texture": "#moose-antlers", "uv": [ 7.5, 10.0, 8.0, 10.5 ] }
																	}
																},
																{
																	"name": "RHorn2",
																	"from": [ 0.0, 5.0, 0.0 ],
																	"to": [ 0.5, 6.5, 0.5 ],
																	"uv": [ 2.0, 1.0 ],
																	"rotationOrigin": [ 0.6, 5.0, 0.3 ],
																	"rotationZ": 25.0,
																	"faces": {
																		"north": { "texture": "#moose-antlers", "uv": [ 15.0, 10.5, 15.5, 12.0 ] },
																		"east": { "texture": "#moose-antlers", "uv": [ 6.5, 1.0, 7.0, 2.5 ] },
																		"south": { "texture": "#moose-antlers", "uv": [ 2.0, 6.5, 2.5, 8.0 ] },
																		"west": { "texture": "#moose-antlers", "uv": [ 12.0, 2.5, 12.5, 4.0 ] },
																		"up": { "texture": "#moose-antlers", "uv": [ 8.5, 12.0, 9.0, 12.5 ] },
																		"down": { "texture": "#moose-antlers", "uv": [ 14.5, 1.0, 15.0, 1.5 ] }
																	}
																},
																{
																	"name": "RHorn4",
																	"from": [ 0.0, 2.0, 0.0 ],
																	"to": [ 0.5, 4.0, 0.5 ],
																	"uv": [ 2.0, 1.0 ],
																	"rotationOrigin": [ 0.0, 2.0, 0.3 ],
																	"rotationZ": 70.0,
																	"faces": {
																		"north": { "texture": "#moose-antlers", "uv": [ 15.0, 10.5, 15.5, 12.5 ] },
																		"east": { "texture": "#moose-antlers", "uv": [ 6.5, 1.0, 7.0, 3.0 ] },
																		"south": { "texture": "#moose-antlers", "uv": [ 2.0, 6.5, 2.5, 8.5 ] },
																		"west": { "texture": "#moose-antlers", "uv": [ 12.0, 2.5, 12.5, 4.5 ] },
																		"up": { "texture": "#moose-antlers", "uv": [ 8.5, 12.0, 9.0, 12.5 ] },
																		"down": { "texture": "#moose-antlers", "uv": [ 14.5, 1.0, 15.0, 1.5 ] }
																	}
																}
															]
														}
													]
												}
											]
										},
										{
											"name": "L antler base",
											"from": [ 0.5, 0.6, 2.3 ],
											"to": [ 1.5, 1.6, 3.3 ],
											"uv": [ 14.5, 14.5 ],
											"rotationOrigin": [ 0.5, 0.6, 2.3 ],
											"rotationX": 65.0,
											"rotationY": 15.0,
											"rotationZ": -5.0,
											"faces": {
												"north": { "texture": "#moose-antlers", "uv": [ 15.0, 14.5, 16.0, 15.5 ], "windMode": [-1,-1,-1,-1] },
												"east": { "texture": "#moose-antlers", "uv": [ 14.5, 15.0, 15.5, 16.0 ], "windMode": [-1,-1,-1,-1] },
												"south": { "texture": "#moose-antlers", "uv": [ 15.0, 15.0, 16.0, 16.0 ], "windMode": [-1,-1,-1,-1] },
												"west": { "texture": "#moose-antlers", "uv": [ 14.5, 14.5, 15.5, 15.5 ], "rotation": 90, "windMode": [-1,-1,-1,-1], "windData": [0,0,0,0] },
												"up": { "texture": "#moose-antlers", "uv": [ 15.0, 14.5, 16.0, 15.5 ], "rotation": 90, "windMode": [-1,-1,-1,-1] }
											},
											"children": [
												{
													"name": "L antler base 2",
													"from": [ 0.1, 0.9, 0.1 ],
													"to": [ 0.9, 2.9, 0.9 ],
													"uv": [ 1.0, 3.0 ],
													"rotationOrigin": [ 0.1, 0.9, 0.1 ],
													"rotationX": 7.0,
													"faces": {
														"north": { "texture": "#moose-antlers", "uv": [ 5.5, 3.0, 6.0, 5.0 ] },
														"east": { "texture": "#moose-antlers", "uv": [ 1.5, 13.0, 2.0, 15.0 ] },
														"south": { "texture": "#moose-antlers", "uv": [ 11.0, 7.0, 11.5, 9.0 ] },
														"west": { "texture": "#moose-antlers", "uv": [ 9.5, 3.0, 10.0, 5.0 ] },
														"up": { "texture": "#moose-antlers", "uv": [ 1.0, 5.0, 1.5, 5.5 ], "rotation": 90 },
														"down": { "texture": "#moose-antlers", "uv": [ 3.0, 5.0, 3.5, 5.5 ], "rotation": 90 }
													},
													"children": [
														{
															"name": "L antler base 3",
															"from": [ -1.1, 1.6, -0.1 ],
															"to": [ 0.9, 5.6, 0.6 ],
															"uv": [ 2.0, 0.0 ],
															"rotationOrigin": [ -0.6, 1.7, 0.3 ],
															"rotationX": -25.0,
															"rotationY": -1.0,
															"rotationZ": -50.0,
															"faces": {
																"north": { "texture": "#moose-antlers", "uv": [ 2.0, 1.0, 4.0, 5.0 ] },
																"east": { "texture": "#moose-antlers", "uv": [ 7.0, 8.0, 7.5, 12.0 ] },
																"south": { "texture": "#moose-antlers", "uv": [ 2.5, 8.5, 4.5, 12.5 ] },
																"west": { "texture": "#moose-antlers", "uv": [ 9.5, 9.0, 10.0, 13.0 ] },
																"up": { "texture": "#moose-antlers", "uv": [ 8.0, 3.5, 10.0, 4.0 ], "rotation": 180 },
																"down": { "texture": "#moose-antlers", "uv": [ 9.5, 0.0, 11.5, 0.5 ] }
															},
															"children": [
																{
																	"name": "L antler point 2",
																	"from": [ 0.0, 0.0, 0.05 ],
																	"to": [ 0.6, 1.5, 0.65 ],
																	"uv": [ 1.0, 0.5 ],
																	"rotationOrigin": [ 0.0, 0.0, 0.05 ],
																	"rotationY": -1.0,
																	"rotationZ": 90.0,
																	"faces": {
																		"north": { "texture": "#moose-antlers", "uv": [ 4.5, 1.5, 5.0, 3.0 ] },
																		"east": { "texture": "#moose-antlers", "uv": [ 15.0, 6.5, 15.5, 8.0 ] },
																		"south": { "texture": "#moose-antlers", "uv": [ 5.0, 0.5, 5.5, 2.0 ] },
																		"west": { "texture": "#moose-antlers", "uv": [ 14.5, 9.0, 15.0, 10.5 ] },
																		"up": { "texture": "#moose-antlers", "uv": [ 12.0, 11.5, 12.5, 12.0 ], "rotation": 270 },
																		"down": { "texture": "#moose-antlers", "uv": [ 1.0, 4.0, 1.5, 4.5 ], "rotation": 270 }
																	},
																	"children": [
																		{
																			"name": "L antler point 3",
																			"from": [ 0.0, 1.5, 0.0 ],
																			"to": [ 0.5, 3.0, 0.5 ],
																			"uv": [ 0.5, 5.0 ],
																			"rotationOrigin": [ 0.0, 1.5, 0.4 ],
																			"rotationX": -20.0,
																			"rotationY": 1.0,
																			"rotationZ": -20.0,
																			"faces": {
																				"north": { "texture": "#moose-antlers", "uv": [ 10.0, 13.0, 10.5, 14.5 ] },
																				"east": { "texture": "#moose-antlers", "uv": [ 7.5, 11.0, 8.0, 12.5 ] },
																				"south": { "texture": "#moose-antlers", "uv": [ 12.5, 5.0, 13.0, 6.5 ] },
																				"west": { "texture": "#moose-antlers", "uv": [ 3.0, 12.0, 3.5, 13.5 ] },
																				"up": { "texture": "#moose-antlers", "uv": [ 8.0, 12.5, 8.5, 13.0 ], "rotation": 270 },
																				"down": { "texture": "#moose-antlers", "uv": [ 0.5, 7.0, 1.0, 7.5 ], "rotation": 270 }
																			}
																		}
																	]
																},
																{
																	"name": "LHorn3",
																	"from": [ 1.6, 4.0, 0.0 ],
																	"to": [ 2.1, 6.0, 0.5 ],
																	"uv": [ 1.5, 1.0 ],
																	"rotationOrigin": [ 1.6, 4.0, 0.0 ],
																	"rotationZ": -20.0,
																	"faces": {
																		"north": { "texture": "#moose-antlers", "uv": [ 13.5, 12.0, 14.0, 14.0 ] },
																		"east": { "texture": "#moose-antlers", "uv": [ 4.0, 11.5, 4.5, 13.5 ] },
																		"south": { "texture": "#moose-antlers", "uv": [ 10.5, 3.5, 11.0, 5.5 ] },
																		"west": { "texture": "#moose-antlers", "uv": [ 1.5, 7.0, 2.0, 9.0 ] },
																		"up": { "texture": "#moose-antlers", "uv": [ 1.5, 9.5, 2.0, 10.0 ] },
																		"down": { "texture": "#moose-antlers", "uv": [ 3.5, 1.0, 4.0, 1.5 ] }
																	}
																},
																{
																	"name": "LHorn4",
																	"from": [ -0.1, 2.0, 0.0 ],
																	"to": [ 0.4, 4.0, 0.5 ],
																	"uv": [ 1.0, 1.0 ],
																	"rotationOrigin": [ 0.5, 2.0, 0.0 ],
																	"rotationZ": 70.0,
																	"faces": {
																		"north": { "texture": "#moose-antlers", "uv": [ 10.5, 1.5, 11.0, 3.5 ] },
																		"east": { "texture": "#moose-antlers", "uv": [ 14.0, 2.5, 14.5, 4.5 ] },
																		"south": { "texture": "#moose-antlers", "uv": [ 6.0, 5.5, 6.5, 7.5 ] },
																		"west": { "texture": "#moose-antlers", "uv": [ 2.0, 1.0, 2.5, 3.0 ] },
																		"up": { "texture": "#moose-antlers", "uv": [ 9.0, 14.0, 9.5, 14.5 ] },
																		"down": { "texture": "#moose-antlers", "uv": [ 1.0, 13.0, 1.5, 13.5 ] }
																	}
																},
																{
																	"name": "LHorn5",
																	"from": [ -0.1, 4.0, 0.0 ],
																	"to": [ 0.4, 5.5, 0.5 ],
																	"uv": [ 1.0, 1.0 ],
																	"rotationOrigin": [ 0.5, 4.0, 0.0 ],
																	"rotationZ": 25.0,
																	"faces": {
																		"north": { "texture": "#moose-antlers", "uv": [ 10.5, 1.5, 11.0, 3.0 ] },
																		"east": { "texture": "#moose-antlers", "uv": [ 14.0, 2.5, 14.5, 4.0 ] },
																		"south": { "texture": "#moose-antlers", "uv": [ 6.0, 5.5, 6.5, 7.0 ] },
																		"west": { "texture": "#moose-antlers", "uv": [ 2.0, 1.0, 2.5, 2.5 ] },
																		"up": { "texture": "#moose-antlers", "uv": [ 9.0, 14.0, 9.5, 14.5 ] },
																		"down": { "texture": "#moose-antlers", "uv": [ 1.0, 13.0, 1.5, 13.5 ] }
																	}
																}
															]
														}
													]
												}
											]
										}
									]
								}
							]
						}
					]
				}
			]
		}
	]}