{
	"editor": {
		"collapsedPaths": "Root/origin/sheet/scroll-bigger/seal-main",
		"allAngles": false,
		"entityTextureMode": false
	},
	"textureWidth": 16,
	"textureHeight": 16,
	"textureSizes": {
		"scroll": [16,16]
	},
	"textures": {
	},
	"elements": [
		{
			"name": "origin",
			"from": [ 8.0, 0.0, 8.0 ],
			"to": [ 8.0, 0.0, 8.0 ],
			"rotationOrigin": [ 8.0, 0.0, 8.0 ],
			"faces": {
			},
			"children": [
				{
					"name": "mid",
					"from": [ -5.5, 0.5, -0.5 ],
					"to": [ 5.5, 1.5, 0.5 ],
					"rotationOrigin": [ 0.0, 1.0, 0.0 ],
					"faces": {
						"east": { "texture": "#scroll", "uv": [ 5.0, 7.0, 6.0, 8.0 ], "windMode": [-1,-1,-1,-1] },
						"west": { "texture": "#scroll", "uv": [ 5.5, 10.0, 6.5, 11.0 ] }
					},
					"children": [
						{
							"name": "d",
							"from": [ -0.5, -0.5, 0.0 ],
							"to": [ 11.5, 0.0, 1.5 ],
							"rotationOrigin": [ 5.5, -0.5, 0.5 ],
							"faces": {
								"east": { "texture": "#scroll", "uv": [ 9.5, 14.5, 11.0, 15.0 ] },
								"south": { "texture": "#scroll", "uv": [ 0.0, 8.0, 12.0, 8.5 ] },
								"west": { "texture": "#scroll", "uv": [ 0.0, 7.0, 0.5, 8.5 ], "rotation": 90 },
								"up": { "texture": "#scroll", "uv": [ 0.0, 11.0, 12.0, 12.5 ] },
								"down": { "texture": "#scroll", "uv": [ 0.0, 13.0, 12.0, 14.5 ] }
							}
						},
						{
							"name": "n",
							"from": [ -0.5, -0.5, -0.5 ],
							"to": [ 11.5, 1.0, 0.0 ],
							"rotationOrigin": [ 5.5, 0.5, 0.6 ],
							"faces": {
								"north": { "texture": "#scroll", "uv": [ 0.0, 13.0, 12.0, 14.5 ] },
								"east": { "texture": "#scroll", "uv": [ 0.0, 0.0, 0.5, 1.5 ] },
								"south": { "texture": "#scroll", "uv": [ 0.0, 14.0, 12.0, 15.5 ] },
								"west": { "texture": "#scroll", "uv": [ 1.5, 9.0, 2.0, 10.5 ] },
								"down": { "texture": "#scroll", "uv": [ 0.0, 11.0, 12.0, 11.5 ] }
							}
						},
						{
							"name": "u",
							"from": [ -0.5, 1.0, -0.5 ],
							"to": [ 11.5, 1.5, 1.0 ],
							"rotationOrigin": [ 5.5, 1.0, 0.5 ],
							"faces": {
								"north": { "texture": "#scroll", "uv": [ 0.0, 7.0, 12.0, 7.5 ] },
								"east": { "texture": "#scroll", "uv": [ 10.0, 3.5, 11.5, 4.0 ] },
								"west": { "texture": "#scroll", "uv": [ 0.0, 14.0, 1.5, 14.5 ] },
								"up": { "texture": "#scroll", "uv": [ 0.0, 7.0, 12.0, 8.5 ] },
								"down": { "texture": "#scroll", "uv": [ 0.0, 10.0, 12.0, 11.5 ] }
							}
						},
						{
							"name": "s",
							"from": [ -0.5, 0.0, 1.0 ],
							"to": [ 11.5, 1.5, 1.5 ],
							"rotationOrigin": [ 5.5, 0.0, 0.5 ],
							"faces": {
								"north": { "texture": "#scroll", "uv": [ 0.0, 11.0, 12.0, 12.5 ] },
								"east": { "texture": "#scroll", "uv": [ 11.0, 9.0, 11.5, 10.5 ] },
								"south": { "texture": "#scroll", "uv": [ 0.0, 5.0, 12.0, 6.5 ] },
								"west": { "texture": "#scroll", "uv": [ 0.0, 0.0, 0.5, 1.5 ] },
								"up": { "texture": "#scroll", "uv": [ 0.0, 5.0, 12.0, 5.5 ] }
							}
						},
						{
							"name": "tie",
							"from": [ 1.2, -0.7, -0.7 ],
							"to": [ 2.2, 1.7, 1.7 ],
							"rotationOrigin": [ 1.7, 0.4, 0.4 ],
							"faces": {
								"north": { "texture": "#scroll", "uv": [ 13.0, 1.0, 14.0, 3.0 ], "glow": 64 },
								"east": { "texture": "#scroll", "uv": [ 13.5, 0.5, 15.5, 2.5 ], "glow": 64 },
								"south": { "texture": "#scroll", "uv": [ 13.5, 0.0, 14.5, 2.0 ], "glow": 64 },
								"west": { "texture": "#scroll", "uv": [ 13.0, 1.5, 15.0, 3.5 ], "glow": 64 },
								"up": { "texture": "#scroll", "uv": [ 12.5, 1.5, 13.5, 3.5 ], "glow": 64 },
								"down": { "texture": "#scroll", "uv": [ 12.0, 2.0, 13.0, 4.0 ], "glow": 64 }
							},
							"children": [
								{
									"name": "seal-main",
									"from": [ -0.8, 2.3, -0.3 ],
									"to": [ 1.2, 2.8, 1.7 ],
									"rotationOrigin": [ 0.2, 2.3, 0.9 ],
									"rotationX": -7.0,
									"rotationY": -87.0,
									"rotationZ": -7.0,
									"faces": {
										"north": { "texture": "#scroll", "uv": [ 15.0, 7.5, 13.0, 8.0 ], "glow": 5, "autoUv": false, "windMode": [-1,-1,-1,-1] },
										"east": { "texture": "#scroll", "uv": [ 15.5, 10.5, 13.5, 11.0 ], "glow": 5, "autoUv": false, "windMode": [-1,-1,-1,-1] },
										"south": { "texture": "#scroll", "uv": [ 13.5, 11.5, 15.5, 12.0 ], "glow": 5, "autoUv": false, "windMode": [-1,-1,-1,-1] },
										"up": { "texture": "#scroll", "uv": [ 13.0, 8.5, 15.0, 10.5 ], "glow": 5 }
									},
									"children": [
										{
											"name": "seal2",
											"from": [ 0.0, -0.1, 0.0 ],
											"to": [ 2.0, 0.4, 2.0 ],
											"rotationOrigin": [ 1.0, -0.1, 1.0 ],
											"rotationY": -45.0,
											"faces": {
												"east": { "texture": "#scroll", "uv": [ 13.5, 12.0, 15.5, 12.5 ], "glow": 5 },
												"south": { "texture": "#scroll", "uv": [ 13.5, 11.0, 15.5, 11.5 ], "glow": 5 },
												"west": { "texture": "#scroll", "uv": [ 13.5, 11.5, 15.5, 12.0 ], "glow": 5 },
												"up": { "texture": "#scroll", "uv": [ 13.0, 8.5, 15.0, 10.5 ], "glow": 5 }
											}
										},
										{
											"name": "seal-string1",
											"from": [ 0.4, -0.2, 2.0 ],
											"to": [ 0.8, 0.2, 3.2 ],
											"rotationOrigin": [ 0.6, 0.0, 2.0 ],
											"rotationX": 8.0,
											"rotationY": -5.0,
											"rotationZ": -45.0,
											"faces": {
												"west": { "texture": "#scroll", "uv": [ 11.0, 2.5, 10.5, 3.5 ], "rotation": 90, "autoUv": false, "windMode": [-1,-1,-1,-1] },
												"up": { "texture": "#scroll", "uv": [ 10.5, 2.5, 11.0, 3.5 ] }
											}
										},
										{
											"name": "seal-string2",
											"from": [ 1.4, -0.2, 2.0 ],
											"to": [ 1.8, 0.2, 3.4 ],
											"rotationOrigin": [ 1.6, 0.0, 2.0 ],
											"rotationX": 2.0,
											"rotationY": 5.0,
											"rotationZ": -45.0,
											"faces": {
												"west": { "texture": "#scroll", "uv": [ 10.5, 0.5, 11.0, 1.5 ], "rotation": 90 },
												"up": { "texture": "#scroll", "uv": [ 10.5, 0.5, 11.0, 1.5 ] }
											}
										},
										{
											"name": "seal-detail1",
											"from": [ 0.5, 0.5, 0.5 ],
											"to": [ 1.5, 0.6, 0.7 ],
											"rotationOrigin": [ 1.0, 0.5, 0.5 ],
											"faces": {
												"north": { "texture": "#scroll", "uv": [ 13.0, 13.0, 14.0, 13.5 ] },
												"east": { "texture": "#scroll", "uv": [ 13.5, 13.0, 14.0, 13.5 ] },
												"south": { "texture": "#scroll", "uv": [ 13.0, 13.5, 14.0, 14.0 ] },
												"west": { "texture": "#scroll", "uv": [ 13.5, 11.0, 14.0, 11.5 ] },
												"up": { "texture": "#scroll", "uv": [ 13.0, 12.0, 14.0, 12.5 ] }
											}
										},
										{
											"name": "seal-detail2",
											"from": [ 0.5, 0.5, 1.3 ],
											"to": [ 1.5, 0.6, 1.5 ],
											"rotationOrigin": [ 1.0, 0.5, 1.5 ],
											"faces": {
												"north": { "texture": "#scroll", "uv": [ 14.0, 12.5, 15.0, 13.0 ] },
												"east": { "texture": "#scroll", "uv": [ 13.5, 11.5, 14.0, 12.0 ] },
												"south": { "texture": "#scroll", "uv": [ 13.5, 13.0, 14.5, 13.5 ] },
												"west": { "texture": "#scroll", "uv": [ 13.0, 12.0, 13.5, 12.5 ] },
												"up": { "texture": "#scroll", "uv": [ 13.0, 12.0, 14.0, 12.5 ] }
											}
										},
										{
											"name": "seal-detail3",
											"from": [ 0.5, 0.5, 0.7 ],
											"to": [ 0.7, 0.6, 1.3 ],
											"rotationOrigin": [ 1.0, 0.5, 0.9 ],
											"faces": {
												"east": { "texture": "#scroll", "uv": [ 13.5, 12.0, 14.0, 12.5 ] },
												"west": { "texture": "#scroll", "uv": [ 13.5, 11.0, 14.0, 11.5 ] },
												"up": { "texture": "#scroll", "uv": [ 14.0, 11.5, 14.5, 12.0 ] }
											}
										},
										{
											"name": "seal-detail4",
											"from": [ 1.3, 0.5, 0.7 ],
											"to": [ 1.5, 0.6, 1.3 ],
											"rotationOrigin": [ 1.0, 0.5, 0.9 ],
											"faces": {
												"east": { "texture": "#scroll", "uv": [ 14.0, 11.5, 14.5, 12.0 ] },
												"west": { "texture": "#scroll", "uv": [ 13.0, 12.0, 13.5, 12.5 ] },
												"up": { "texture": "#scroll", "uv": [ 15.5, 11.0, 16.0, 11.5 ] }
											}
										},
										{
											"name": "seal-detail5",
											"from": [ 0.9, 0.5, 0.9 ],
											"to": [ 1.1, 0.6, 1.1 ],
											"rotationOrigin": [ 1.0, 0.5, 1.0 ],
											"rotationY": -45.0,
											"faces": {
												"north": { "texture": "#scroll", "uv": [ 14.0, 11.5, 14.5, 12.0 ] },
												"east": { "texture": "#scroll", "uv": [ 13.5, 11.5, 14.0, 12.0 ] },
												"south": { "texture": "#scroll", "uv": [ 13.5, 11.0, 14.0, 11.5 ] },
												"west": { "texture": "#scroll", "uv": [ 13.5, 11.0, 14.0, 11.5 ] },
												"up": { "texture": "#scroll", "uv": [ 13.5, 10.5, 14.0, 11.0 ] }
											}
										},
										{
											"name": "seal-string3",
											"from": [ 0.3, -0.3, 3.1 ],
											"to": [ 0.7, 0.1, 6.1 ],
											"rotationOrigin": [ 0.5, -0.1, 3.1 ],
											"rotationX": 86.0,
											"rotationY": 45.0,
											"rotationZ": -45.0,
											"faces": {
												"west": { "texture": "#scroll", "uv": [ 10.5, 0.5, 11.0, 3.5 ], "rotation": 90 },
												"up": { "texture": "#scroll", "uv": [ 11.0, 2.0, 11.5, 5.0 ] }
											},
											"children": [
												{
													"name": "seal-stringtie3",
													"from": [ -0.1, -0.1, 3.0 ],
													"to": [ 0.5, 0.5, 4.0 ],
													"rotationOrigin": [ 0.2, 0.1, 3.0 ],
													"faces": {
														"north": { "texture": "#scroll", "uv": [ 15.0, 11.0, 15.5, 11.5 ] },
														"south": { "texture": "#scroll", "uv": [ 15.0, 8.5, 15.5, 9.0 ] },
														"west": { "texture": "#scroll", "uv": [ 15.0, 11.0, 16.0, 11.5 ] },
														"up": { "texture": "#scroll", "uv": [ 15.0, 9.5, 15.5, 10.5 ] },
														"down": { "texture": "#scroll", "uv": [ 15.0, 4.0, 15.5, 5.0 ] }
													}
												}
											]
										},
										{
											"name": "seal-string4",
											"from": [ 1.4, -0.2, 3.2 ],
											"to": [ 1.8, 0.2, 10.2 ],
											"rotationOrigin": [ 1.6, 0.0, 3.2 ],
											"rotationX": 87.0,
											"rotationY": 45.0,
											"rotationZ": -45.0,
											"faces": {
												"west": { "texture": "#scroll", "uv": [ 11.0, 0.0, 11.5, 7.0 ], "rotation": 90 },
												"up": { "texture": "#scroll", "uv": [ 10.5, 0.0, 11.0, 7.0 ] }
											},
											"children": [
												{
													"name": "seal-stringtie4",
													"from": [ -0.1, -0.1, 7.0 ],
													"to": [ 0.5, 0.5, 8.0 ],
													"rotationOrigin": [ 0.2, 0.2, 7.0 ],
													"faces": {
														"north": { "texture": "#scroll", "uv": [ 15.5, 10.0, 16.0, 10.5 ] },
														"south": { "texture": "#scroll", "uv": [ 15.5, 8.0, 16.0, 8.5 ] },
														"west": { "texture": "#scroll", "uv": [ 15.0, 9.0, 16.0, 9.5 ] },
														"up": { "texture": "#scroll", "uv": [ 15.0, 10.5, 15.5, 11.5 ] }
													}
												}
											]
										}
									]
								}
							]
						},
						{
							"name": "tie2",
							"from": [ 8.6, -0.7, -0.7 ],
							"to": [ 9.6, 1.7, 1.7 ],
							"rotationOrigin": [ 9.1, 0.4, 0.4 ],
							"faces": {
								"north": { "texture": "#scroll", "uv": [ 13.0, 1.0, 14.0, 3.0 ], "glow": 64 },
								"east": { "texture": "#scroll", "uv": [ 13.5, 0.5, 15.5, 2.5 ], "glow": 64 },
								"south": { "texture": "#scroll", "uv": [ 13.5, 0.0, 14.5, 2.0 ], "glow": 64 },
								"west": { "texture": "#scroll", "uv": [ 13.0, 1.5, 15.0, 3.5 ], "glow": 64 },
								"up": { "texture": "#scroll", "uv": [ 12.5, 1.5, 13.5, 3.5 ], "glow": 64 },
								"down": { "texture": "#scroll", "uv": [ 12.0, 2.0, 13.0, 4.0 ], "glow": 64 }
							}
						}
					]
				}
			]
		}
	]}