[
	{
		ingredientPattern: "TLT,K__",
		recipeGroup: 1,
		ingredients: {
			"K": { type: "item", code: "game:knife-generic-flint", quantity: 1 },
			"L": { type: "item", code: "game:leather-normal-plain", quantity: 2 },
			"T": { type: "item", code: "medieval:stripsofleather", quantity: 2 }
		},
		width: 3,
		height: 2,
		output: { type: "item", code: "clothes-foot-medieval-high-boots-knife"  }
	},
	{
		ingredientPattern: "TLT,K__",
		recipeGroup: 1,
		ingredients: {
			"K": { type: "item", code: "game:knife-generic-flint", quantity: 1 },
			"L": { type: "item", code: "game:leather-normal-black", quantity: 2 },
			"T": { type: "item", code: "medieval:stripsofleather", quantity: 2 }
		},
		width: 3,
		height: 2,
		output: { type: "item", code: "clothes-foot-medieval-high-boots-knife-black"  }
	},
	{
		ingredientPattern: "TLT,K__",
		recipeGroup: 1,
		ingredients: {
			"K": { type: "item", code: "game:knife-generic-flint", quantity: 1 },
			"L": { type: "item", code: "game:leather-normal-blue", quantity: 2 },
			"T": { type: "item", code: "medieval:stripsofleather", quantity: 2 }
		},
		width: 3,
		height: 2,
		output: { type: "item", code: "clothes-foot-medieval-high-boots-knife-blue"  }
	},
	{
		ingredientPattern: "TLT,K__",
		recipeGroup: 1,
		ingredients: {
			"K": { type: "item", code: "game:knife-generic-flint", quantity: 1 },
			"L": { type: "item", code: "game:leather-normal-gray", quantity: 2 },
			"T": { type: "item", code: "medieval:stripsofleather", quantity: 2 }
		},
		width: 3,
		height: 2,
		output: { type: "item", code: "clothes-foot-medieval-high-boots-knife-gray"  }
	},
	{
		ingredientPattern: "TLT,K__",
		recipeGroup: 1,
		ingredients: {
			"K": { type: "item", code: "game:knife-generic-flint", quantity: 1 },
			"L": { type: "item", code: "game:leather-normal-green", quantity: 2 },
			"T": { type: "item", code: "medieval:stripsofleather", quantity: 2 }
		},
		width: 3,
		height: 2,
		output: { type: "item", code: "clothes-foot-medieval-high-boots-knife-green"  }
	},
	{
		ingredientPattern: "TLT,K__",
		recipeGroup: 1,
		ingredients: {
			"K": { type: "item", code: "game:knife-generic-flint", quantity: 1 },
			"L": { type: "item", code: "game:leather-normal-red", quantity: 2 },
			"T": { type: "item", code: "medieval:stripsofleather", quantity: 2 }
		},
		width: 3,
		height: 2,
		output: { type: "item", code: "clothes-foot-medieval-high-boots-knife-red"  }
	},
	{
		ingredientPattern: "TLT,K__",
		recipeGroup: 1,
		ingredients: {
			"K": { type: "item", code: "game:knife-generic-flint", quantity: 1 },
			"L": { type: "item", code: "game:leather-normal-white", quantity: 2 },
			"T": { type: "item", code: "medieval:stripsofleather", quantity: 2 }
		},
		width: 3,
		height: 2,
		output: { type: "item", code: "clothes-foot-medieval-high-boots-knife-white"  }
	},
	{
		ingredientPattern: "TLT,KH_",
		recipeGroup: 1,
		ingredients: {
			"K": { type: "item", code: "game:hide-pelt-small", quantity: 1 },
			"H": { type: "item", code: "game:knife-generic-flint", quantity: 1 },
			"L": { type: "item", code: "game:leather-normal-white", quantity: 2 },
			"T": { type: "item", code: "medieval:stripsofleather", quantity: 2 }
		},
		width: 3,
		height: 2,
		output: { type: "item", code: "clothes-foot-medieval-high-boots-knife-whitebrown"  }
	},
	{
		ingredientPattern: "TLT",
		recipeGroup: 1,
		ingredients: {
			"L": { type: "item", code: "game:leather-normal-plain", quantity: 2 },
			"T": { type: "item", code: "medieval:stripsofleather", quantity: 2 }
		},
		width: 3,
		height: 1,
		output: { type: "item", code: "clothes-foot-medieval-high-boots"  }
	},
	{
		ingredientPattern: "TLT",
		recipeGroup: 1,
		ingredients: {
			"L": { type: "item", code: "game:leather-normal-black", quantity: 2 },
			"T": { type: "item", code: "medieval:stripsofleather", quantity: 2 }
		},
		width: 3,
		height: 1,
		output: { type: "item", code: "clothes-foot-medieval-high-boots-black"  }
	},
	{
		ingredientPattern: "TLT",
		recipeGroup: 1,
		ingredients: {
			"L": { type: "item", code: "game:leather-normal-blue", quantity: 2 },
			"T": { type: "item", code: "medieval:stripsofleather", quantity: 2 }
		},
		width: 3,
		height: 1,
		output: { type: "item", code: "clothes-foot-medieval-high-boots-blue"  }
	},
	{
		ingredientPattern: "TLT",
		recipeGroup: 1,
		ingredients: {
			"L": { type: "item", code: "game:leather-normal-gray", quantity: 2 },
			"T": { type: "item", code: "medieval:stripsofleather", quantity: 2 }
		},
		width: 3,
		height: 1,
		output: { type: "item", code: "clothes-foot-medieval-high-boots-gray"  }
	},
	{
		ingredientPattern: "TLT",
		recipeGroup: 1,
		ingredients: {
			"L": { type: "item", code: "game:leather-normal-green", quantity: 2 },
			"T": { type: "item", code: "medieval:stripsofleather", quantity: 2 }
		},
		width: 3,
		height: 1,
		output: { type: "item", code: "clothes-foot-medieval-high-boots-green"  }
	},
	{
		ingredientPattern: "TLT",
		recipeGroup: 1,
		ingredients: {
			"L": { type: "item", code: "game:leather-normal-red", quantity: 2 },
			"T": { type: "item", code: "medieval:stripsofleather", quantity: 2 }
		},
		width: 3,
		height: 1,
		output: { type: "item", code: "clothes-foot-medieval-high-boots-red"  }
	},
	{
		ingredientPattern: "TLT",
		recipeGroup: 1,
		ingredients: {
			"L": { type: "item", code: "game:leather-normal-white", quantity: 2 },
			"T": { type: "item", code: "medieval:stripsofleather", quantity: 2 }
		},
		width: 3,
		height: 1,
		output: { type: "item", code: "clothes-foot-medieval-high-boots-white"  }
	},
	{
		ingredientPattern: "TLT",
		recipeGroup: 1,
		ingredients: {
			"L": { type: "item", code: "game:leather-normal-plain", quantity: 1 },
			"T": { type: "item", code: "medieval:stripsofleather", quantity: 2 }
		},
		width: 3,
		height: 1,
		output: { type: "item", code: "clothes-foot-medieval-boots"  }
	},
	{
		ingredientPattern: "_L_,TLT",
		recipeGroup: 1,
		ingredients: {
			"L": { type: "item", code: "game:leather-normal-plain", quantity: 1 },
			"T": { type: "item", code: "medieval:stripsofleather", quantity: 2 }
		},
		width: 3,
		height: 2,
		output: { type: "item", code: "clothes-foot-medieval-boots-short"  }
	},
	{
		ingredientPattern: "TLT",
		recipeGroup: 1,
		ingredients: {
			"L": { type: "item", code: "game:leather-normal-black", quantity: 1 },
			"T": { type: "item", code: "medieval:stripsofleather", quantity: 2 }
		},
		width: 3,
		height: 1,
		output: { type: "item", code: "clothes-foot-medieval-boots-black"  }
	},
	{
		ingredientPattern: "TLT",
		recipeGroup: 1,
		ingredients: {
			"L": { type: "item", code: "game:leather-normal-blue", quantity: 1 },
			"T": { type: "item", code: "medieval:stripsofleather", quantity: 2 }
		},
		width: 3,
		height: 1,
		output: { type: "item", code: "clothes-foot-medieval-boots-blue"  }
	},
	{
		ingredientPattern: "TLT",
		recipeGroup: 1,
		ingredients: {
			"L": { type: "item", code: "game:leather-normal-gray", quantity: 1 },
			"T": { type: "item", code: "medieval:stripsofleather", quantity: 2 }
		},
		width: 3,
		height: 1,
		output: { type: "item", code: "clothes-foot-medieval-boots-gray"  }
	},
	{
		ingredientPattern: "TLT",
		recipeGroup: 1,
		ingredients: {
			"L": { type: "item", code: "game:leather-normal-green", quantity: 1 },
			"T": { type: "item", code: "medieval:stripsofleather", quantity: 2 }
		},
		width: 3,
		height: 1,
		output: { type: "item", code: "clothes-foot-medieval-boots-green"  }
	},
	{
		ingredientPattern: "TLT",
		recipeGroup: 1,
		ingredients: {
			"L": { type: "item", code: "game:leather-normal-red", quantity: 1 },
			"T": { type: "item", code: "medieval:stripsofleather", quantity: 2 }
		},
		width: 3,
		height: 1,
		output: { type: "item", code: "clothes-foot-medieval-boots-red"  }
	},
	{
		ingredientPattern: "TLT",
		recipeGroup: 1,
		ingredients: {
			"L": { type: "item", code: "game:leather-normal-white", quantity: 1 },
			"T": { type: "item", code: "medieval:stripsofleather", quantity: 2 }
		},
		width: 3,
		height: 1,
		output: { type: "item", code: "clothes-foot-medieval-boots-white"  }
	},
	{
		ingredientPattern: "M_M	T_T	L_L",
		recipeGroup: 1,
		ingredients: {
			"L": { type: "item", code: "game:leather-normal-plain", quantity: 3 },
			"T": { type: "item", code: "medieval:stripsofleather", quantity: 1 },
			"M": { type: "block", code: "game:linen-*", quantity: 1 }
		},
		width: 3,
		height: 3,
		output: { type: "item", code: "clothes-foot-medieval-great-steppe-boots" }
	},
	{
		ingredientPattern: "M_M	T_T	L_L",
		recipeGroup: 1,
		ingredients: {
			"L": { type: "item", code: "game:leather-normal-plain", quantity: 2 },
			"T": { type: "item", code: "medieval:stripsofleather", quantity: 1 },
			"M": { type: "block", code: "game:linen-*", quantity: 1 }
		},
		width: 3,
		height: 3,
		output: { type: "item", code: "clothes-foot-medieval-great-steppe-woman-boots" }
	},
	{
		ingredientPattern: "M_M	T_T	L_L",
		recipeGroup: 1,
		ingredients: {
			"L": { type: "item", code: "game:leather-normal-plain", quantity: 1 },
			"T": { type: "item", code: "medieval:stripsofleather", quantity: 1 },
			"M": { type: "block", code: "game:linen-*", quantity: 1 }
		},
		width: 3,
		height: 3,
		output: { type: "item", code: "clothes-foot-medieval-great-steppe-womans-boots" }
	},
	{
		ingredientPattern: "CKC,HCH",
		recipeGroup: 2,
		ingredients: {
			"H": { type: "item", code: "game:hide-pelt-medium", quantity: 1 },
			"C": { type: "item", code: "game:cloth-plain", quantity: 2 },
			"K": { type: "item", code: "game:knife-*", isTool: true  }
		},
		width: 3,
		height: 2,
		output: { type: "item", code: "clothes-foot-medieval-warm-high-boots"  }
	},
	{
		ingredientPattern: "CKC,HCH",
		recipeGroup: 2,
		ingredients: {
			"H": { type: "item", code: "game:hide-pelt-medium", quantity: 1 },
			"C": { type: "item", code: "game:cloth-plain", quantity: 2 },
			"K": { type: "item", code: "game:knife-*", isTool: true  }
		},
		width: 3,
		height: 2,
		output: { type: "item", code: "clothes-foot-medieval-warm-high-boots"  }
	},
	{
		ingredientPattern: "CKC,HCH",
		recipeGroup: 2,
		ingredients: {
			"H": { type: "item", code: "game:hide-pelt-small", quantity: 2 },
			"C": { type: "item", code: "game:cloth-plain", quantity: 2 },
			"K": { type: "item", code: "game:knife-*", isTool: true  }
		},
		width: 3,
		height: 2,
		output: { type: "item", code: "clothes-foot-medieval-warm-high-boots"  }
	},
	{
		ingredientPattern: "CKC,HCH",
		recipeGroup: 2,
		ingredients: {
			"H": { type: "item", code: "game:hide-pelt-small", quantity: 2 },
			"C": { type: "item", code: "game:cloth-plain", quantity: 2 },
			"K": { type: "item", code: "game:knife-*", isTool: true  }
		},
		width: 3,
		height: 2,
		output: { type: "item", code: "clothes-foot-medieval-warm-high-boots"  }
	},
	{
		ingredientPattern: "CKC,HCH",
		recipeGroup: 2,
		ingredients: {
			"H": { type: "item", code: "game:leather-normal-red", quantity: 2 },
			"C": { type: "item", code: "game:cloth-plain", quantity: 2 },
			"K": { type: "item", code: "game:knife-*", isTool: true  }
		},
		width: 3,
		height: 2,
		output: { type: "item", code: "clothes-foot-medieval-warm-high-bootsred"  }
	},
	{
		ingredientPattern: "CKC,HCH",
		recipeGroup: 2,
		ingredients: {
			"H": { type: "item", code: "game:leather-normal-red", quantity: 2 },
			"C": { type: "item", code: "game:cloth-plain", quantity: 2 },
			"K": { type: "item", code: "game:knife-*", isTool: true  }
		},
		width: 3,
		height: 2,
		output: { type: "item", code: "clothes-foot-medieval-warm-high-bootsred"  }
	},



	
	{
		ingredientPattern: "LTK",
		recipeGroup: 1,
		ingredients: {
			"L": { type: "item", code: "game:leather-normal-plain", quantity: 1 },
			"T": { type: "item", code: "medieval:stripsofleather", quantity: 1 },
			"K": { type: "item", code: "game:shears-*", isTool: true  }
		},
		width: 3,
		height: 1,
		output: { type: "item", code: "clothes-foot-medieval-woman-shoes"  }
	},
	{
		ingredientPattern: "LTK",
		recipeGroup: 1,
		ingredients: {
			"L": { type: "item", code: "game:leather-normal-black", quantity: 1 },
			"T": { type: "item", code: "medieval:stripsofleather", quantity: 1 },
			"K": { type: "item", code: "game:shears-*", isTool: true  }
		},
		width: 3,
		height: 1,
		output: { type: "item", code: "clothes-foot-medieval-woman-shoes-black"  }
	},
	{
		ingredientPattern: "LTK",
		recipeGroup: 1,
		ingredients: {
			"L": { type: "item", code: "game:leather-normal-blue", quantity: 1 },
			"T": { type: "item", code: "medieval:stripsofleather", quantity: 1 },
			"K": { type: "item", code: "game:shears-*", isTool: true  }
		},
		width: 3,
		height: 1,
		output: { type: "item", code: "clothes-foot-medieval-woman-shoes-blue"  }
	},
	{
		ingredientPattern: "LTK",
		recipeGroup: 1,
		ingredients: {
			"L": { type: "item", code: "game:leather-normal-gray", quantity: 1 },
			"T": { type: "item", code: "medieval:stripsofleather", quantity: 1 },
			"K": { type: "item", code: "game:shears-*", isTool: true  }
		},
		width: 3,
		height: 1,
		output: { type: "item", code: "clothes-foot-medieval-woman-shoes-gray"  }
	},
	{
		ingredientPattern: "LTK",
		recipeGroup: 1,
		ingredients: {
			"L": { type: "item", code: "game:leather-normal-green", quantity: 1 },
			"T": { type: "item", code: "medieval:stripsofleather", quantity: 1 },
			"K": { type: "item", code: "game:shears-*", isTool: true  }
		},
		width: 3,
		height: 1,
		output: { type: "item", code: "clothes-foot-medieval-woman-shoes-green"  }
	},
	{
		ingredientPattern: "LTK",
		recipeGroup: 1,
		ingredients: {
			"L": { type: "item", code: "game:leather-normal-red", quantity: 1 },
			"T": { type: "item", code: "medieval:stripsofleather", quantity: 1 },
			"K": { type: "item", code: "game:shears-*", isTool: true  }
		},
		width: 3,
		height: 1,
		output: { type: "item", code: "clothes-foot-medieval-woman-shoes-red"  }
	},
	{
		ingredientPattern: "LTK",
		recipeGroup: 1,
		ingredients: {
			"L": { type: "item", code: "game:leather-normal-white", quantity: 1 },
			"T": { type: "item", code: "medieval:stripsofleather", quantity: 1 },
			"K": { type: "item", code: "game:shears-*", isTool: true  }
		},
		width: 3,
		height: 1,
		output: { type: "item", code: "clothes-foot-medieval-woman-shoes-white"  }
	},





	{
		ingredientPattern: "LTK",
		recipeGroup: 1,
		ingredients: {
			"L": { type: "item", code: "game:leather-normal-plain", quantity: 1 },
			"T": { type: "item", code: "medieval:stripsofleather", quantity: 1 },
			"K": { type: "item", code: "game:shears-*", isTool: true  }
		},
		width: 3,
		height: 1,
		output: { type: "item", code: "clothes-foot-medieval-woman-shoes"  }
	},
	{
		ingredientPattern: "LTK",
		recipeGroup: 1,
		ingredients: {
			"L": { type: "item", code: "game:leather-normal-black", quantity: 1 },
			"T": { type: "item", code: "medieval:stripsofleather", quantity: 1 },
			"K": { type: "item", code: "game:shears-*", isTool: true  }
		},
		width: 3,
		height: 1,
		output: { type: "item", code: "clothes-foot-medieval-woman-shoes-black"  }
	},
	{
		ingredientPattern: "LTK",
		recipeGroup: 1,
		ingredients: {
			"L": { type: "item", code: "game:leather-normal-blue", quantity: 1 },
			"T": { type: "item", code: "medieval:stripsofleather", quantity: 1 },
			"K": { type: "item", code: "game:shears-*", isTool: true  }
		},
		width: 3,
		height: 1,
		output: { type: "item", code: "clothes-foot-medieval-woman-shoes-blue"  }
	},
	{
		ingredientPattern: "LTK",
		recipeGroup: 1,
		ingredients: {
			"L": { type: "item", code: "game:leather-normal-gray", quantity: 1 },
			"T": { type: "item", code: "medieval:stripsofleather", quantity: 1 },
			"K": { type: "item", code: "game:shears-*", isTool: true  }
		},
		width: 3,
		height: 1,
		output: { type: "item", code: "clothes-foot-medieval-woman-shoes-gray"  }
	},
	{
		ingredientPattern: "LTK",
		recipeGroup: 1,
		ingredients: {
			"L": { type: "item", code: "game:leather-normal-green", quantity: 1 },
			"T": { type: "item", code: "medieval:stripsofleather", quantity: 1 },
			"K": { type: "item", code: "game:shears-*", isTool: true  }
		},
		width: 3,
		height: 1,
		output: { type: "item", code: "clothes-foot-medieval-woman-shoes-green"  }
	},
	{
		ingredientPattern: "LTK",
		recipeGroup: 1,
		ingredients: {
			"L": { type: "item", code: "game:leather-normal-red", quantity: 1 },
			"T": { type: "item", code: "medieval:stripsofleather", quantity: 1 },
			"K": { type: "item", code: "game:shears-*", isTool: true  }
		},
		width: 3,
		height: 1,
		output: { type: "item", code: "clothes-foot-medieval-woman-shoes-red"  }
	},
	{
		ingredientPattern: "LTK",
		recipeGroup: 1,
		ingredients: {
			"L": { type: "item", code: "game:leather-normal-white", quantity: 1 },
			"T": { type: "item", code: "medieval:stripsofleather", quantity: 1 },
			"K": { type: "item", code: "game:shears-*", isTool: true  }
		},
		width: 3,
		height: 1,
		output: { type: "item", code: "clothes-foot-medieval-woman-shoes-white"  }
	},
	{
		ingredientPattern: "LTK",
		ingredients: {
			"L": { type: "item", code: "clothes-foot-medieval-boots", quantity: 1 },
			"T": { type: "item", code: "game:metalchain-iron", quantity: 1 },
			"K": { type: "item", code: "game:hammer-*", isTool: true  }
		},
		width: 3,
		height: 1,
		output: { type: "item", code: "clothes-foot-chainmail-boots"  }
	},
	{
		ingredientPattern: "LTL,KQK",
		ingredients: {
			"L": { type: "item", code: "game:hide-pelt-medium", quantity: 1 },
			"T": { type: "item", code: "game:leather-normal-gray", quantity: 2 },
			"K": { type: "item", code: "medieval:stripsofleather", quantity: 1 },
			"Q": { type: "item", code: "game:knife-generic-flint", quantity: 1 },
		},
		width: 3,
		height: 2,
		output: { type: "item", code: "clothes-foot-hunter"  }
	},
	{
		ingredientPattern: "K_K,K_K,_T_",
		ingredients: {
			"T": { type: "item", code: "game:leather-normal-plain", quantity: 2 },
			"K": { type: "item", code: "medieval:stripsofleather", quantity: 2 }
		},
		width: 3,
		height: 3,
		output: { type: "item", code: "clothes-foot-sandalias"  }
	},
	{
		ingredientPattern: "Y__,_L_,__S",
		ingredients: {
			"Y": { type: "item", code: "game:leather-normal-yellow", quantity: 2 },
			"L": { type: "item", code: "game:leather-normal-plain", quantity: 2 },
			"S": { type: "item", code: "medieval:stripsofleather", quantity: 2 }
		},
		width: 3,
		height: 3,
		output: { type: "item", code: "clothes-foot-vikingboots"  }
	},




	{
		ingredientPattern: "LK,T_",
		recipeGroup: 1,
		ingredients: {
			"L": { type: "item", code: "game:leather-normal-plain", quantity: 1 },
			"K": { type: "item", code: "game:knife-generic-flint", quantity: 1 },
			"T": { type: "item", code: "clothes-foot-medieval-boots", quantity: 1 }
		},
		width: 2,
		height: 2,
		output: { type: "item", code: "clothes-foot-medieval-boots-large"  }
	},




	{
		ingredientPattern: "L,T",
		recipeGroup: 1,
		ingredients: {
			"L": { type: "item", code: "game:leather-normal-plain", quantity: 1 },
			"T": { type: "item", code: "clothes-foot-medieval-boots", quantity: 1 }
		},
		width: 1,
		height: 2,
		output: { type: "item", code: "clothes-foot-medieval-boots-large2"  }
	},




	{
		ingredientPattern: "L_T",
		recipeGroup: 1,
		ingredients: {
			"L": { type: "item", code: "game:leather-normal-plain", quantity: 1 },
			"T": { type: "item", code: "clothes-foot-medieval-boots", quantity: 1 }
		},
		width: 3,
		height: 1,
		output: { type: "item", code: "clothes-foot-medieval-boots-large3"  }
	}








]