{
	"editor": {
		"backDropShape": "entity/animal/mammal/hooved/capreolini/capreoluspygargus/adult",
		"collapsedPaths": "Root/Body/Left Shoulder,Root/Body/Right Shoulder",
		"allAngles": true,
		"entityTextureMode": true
	},
	"textureWidth": 52,
	"textureHeight": 64,
	"textureSizes": {
		"skin": [52,64]
	},
	"textures": {
		"skin": "entity/animal/mammal/hooved/capreolini/capreoluspygargus-adult"
	},
	"elements": [
		{
			"name": "Horn attachment",
			"stepParentName": "Head",
			"from": [ -0.2, 3.5, 1.25 ],
			"to": [ 0.7, 4.4, 2.15 ],
			"uv": [ 0.0, 0.0 ],
			"rotationOrigin": [ -0.2, 3.5, 1.25 ],
			"rotationZ": -22.0,
			"faces": {
			},
			"children": [
				{
					"name": "R antler base",
					"from": [ 0.1, -0.1, -1.2 ],
					"to": [ 0.7, 0.7, -0.6 ],
					"unwrapMode": 4,
					"uv": [ 38.5, 62.0 ],
					"rotationOrigin": [ 0.1, 0.7, -0.6 ],
					"rotationY": -25.0,
					"rotationZ": 25.0,
					"faces": {
						"north": { "texture": "#skin", "uv": [ 38.5, 62.5, 39.0, 63.0 ] },
						"east": { "texture": "#skin", "uv": [ 40.0, 62.5, 40.5, 63.0 ] },
						"south": { "texture": "#skin", "uv": [ 39.5, 62.5, 40.0, 63.0 ] },
						"west": { "texture": "#skin", "uv": [ 39.0, 62.5, 39.5, 63.0 ] },
						"up": { "texture": "#skin", "uv": [ 39.0, 62.0, 39.5, 62.5 ], "rotation": 90 }
					},
					"children": [
						{
							"name": "R antler branch 1",
							"from": [ 0.1, 0.7, 0.0 ],
							"to": [ 0.6, 2.2, 0.5 ],
							"unwrapMode": 4,
							"uv": [ 38.5, 59.5 ],
							"rotationOrigin": [ 0.1, 0.7, 0.6 ],
							"rotationZ": -15.0,
							"faces": {
								"north": { "texture": "#skin", "uv": [ 38.5, 60.0, 39.0, 61.5 ] },
								"east": { "texture": "#skin", "uv": [ 40.0, 60.0, 40.5, 61.5 ] },
								"south": { "texture": "#skin", "uv": [ 39.5, 60.0, 40.0, 61.5 ] },
								"west": { "texture": "#skin", "uv": [ 39.0, 60.0, 39.5, 61.5 ] },
								"up": { "texture": "#skin", "uv": [ 39.0, 59.5, 39.5, 60.0 ], "rotation": 90 }
							},
							"children": [
								{
									"name": "R antler branch 1b",
									"from": [ 0.05, 1.5, 0.05 ],
									"to": [ 0.45, 2.1, 0.45 ],
									"unwrapMode": 4,
									"uv": [ 38.5, 54.5 ],
									"rotationOrigin": [ 0.45, 1.5, 0.45 ],
									"rotationZ": 5.0,
									"faces": {
										"north": { "texture": "#skin", "uv": [ 38.5, 55.0, 39.0, 55.5 ] },
										"east": { "texture": "#skin", "uv": [ 40.0, 55.0, 40.5, 55.5 ] },
										"south": { "texture": "#skin", "uv": [ 39.5, 55.0, 40.0, 55.5 ] },
										"west": { "texture": "#skin", "uv": [ 39.0, 55.0, 39.5, 55.5 ] },
										"up": { "texture": "#skin", "uv": [ 39.0, 54.5, 39.5, 55.0 ], "rotation": 90 }
									},
									"children": [
										{
											"name": "R antler point 1",
											"from": [ 0.0, 0.5, 0.0 ],
											"to": [ 0.3, 1.5, 0.3 ],
											"unwrapMode": 4,
											"uv": [ 36.5, 45.0 ],
											"rotationOrigin": [ 0.0, 0.5, 0.0 ],
											"rotationX": 2.0,
											"rotationY": -2.0,
											"rotationZ": 25.0,
											"faces": {
												"north": { "texture": "#skin", "uv": [ 36.5, 45.5, 37.0, 46.5 ] },
												"east": { "texture": "#skin", "uv": [ 38.0, 45.5, 38.5, 46.5 ] },
												"south": { "texture": "#skin", "uv": [ 37.5, 45.5, 38.0, 46.5 ] },
												"west": { "texture": "#skin", "uv": [ 37.0, 45.5, 37.5, 46.5 ] },
												"up": { "texture": "#skin", "uv": [ 37.0, 45.0, 37.5, 45.5 ], "rotation": 90 }
											}
										}
									]
								},
								{
									"name": "R antler branch 2",
									"from": [ 0.05, 0.0, 0.0 ],
									"to": [ 0.55, 0.5, 0.5 ],
									"unwrapMode": 4,
									"uv": [ 38.5, 51.0 ],
									"rotationOrigin": [ 0.05, 0.0, 0.0 ],
									"rotationX": 0.2588,
									"rotationY": -0.9659,
									"rotationZ": 60.0022,
									"faces": {
										"north": { "texture": "#skin", "uv": [ 38.5, 51.5, 39.0, 52.0 ] },
										"east": { "texture": "#skin", "uv": [ 40.0, 51.5, 40.5, 52.0 ] },
										"south": { "texture": "#skin", "uv": [ 39.5, 51.5, 40.0, 52.0 ] },
										"west": { "texture": "#skin", "uv": [ 39.0, 51.5, 39.5, 52.0 ] },
										"up": { "texture": "#skin", "uv": [ 39.0, 51.0, 39.5, 51.5 ], "rotation": 90 }
									},
									"children": [
										{
											"name": "R antler point 2",
											"from": [ 0.1, 0.5, 0.1 ],
											"to": [ 0.4, 1.5, 0.4 ],
											"unwrapMode": 4,
											"uv": [ 36.5, 48.0 ],
											"rotationOrigin": [ 0.1, 0.5, 0.1 ],
											"rotationZ": -25.0,
											"faces": {
												"north": { "texture": "#skin", "uv": [ 36.5, 48.5, 37.0, 49.5 ] },
												"east": { "texture": "#skin", "uv": [ 38.0, 48.5, 38.5, 49.5 ] },
												"south": { "texture": "#skin", "uv": [ 37.5, 48.5, 38.0, 49.5 ] },
												"west": { "texture": "#skin", "uv": [ 37.0, 48.5, 37.5, 49.5 ] },
												"up": { "texture": "#skin", "uv": [ 37.0, 48.0, 37.5, 48.5 ], "rotation": 90 }
											}
										}
									]
								}
							]
						}
					]
				},
				{
					"name": "L antler base",
					"from": [ 0.1, -0.1, 0.6 ],
					"to": [ 0.7, 0.7, 1.2 ],
					"unwrapMode": 4,
					"uv": [ 36.5, 62.0 ],
					"rotationOrigin": [ 0.1, 0.7, 0.6 ],
					"rotationY": 25.0,
					"rotationZ": 25.0,
					"faces": {
						"north": { "texture": "#skin", "uv": [ 36.5, 62.5, 37.0, 63.0 ] },
						"east": { "texture": "#skin", "uv": [ 38.0, 62.5, 38.5, 63.0 ] },
						"south": { "texture": "#skin", "uv": [ 37.5, 62.5, 38.0, 63.0 ] },
						"west": { "texture": "#skin", "uv": [ 37.0, 62.5, 37.5, 63.0 ] },
						"up": { "texture": "#skin", "uv": [ 37.0, 62.0, 37.5, 62.5 ], "rotation": 90, "windMode": [-1,-1,-1,-1], "windData": [1,1,1,1] }
					},
					"children": [
						{
							"name": "L antler branch 1",
							"from": [ 0.1, 0.7, 0.0 ],
							"to": [ 0.6, 2.2, 0.5 ],
							"unwrapMode": 4,
							"uv": [ 36.5, 59.5 ],
							"rotationOrigin": [ 0.1, 0.7, 0.1 ],
							"rotationZ": -15.0,
							"faces": {
								"north": { "texture": "#skin", "uv": [ 36.5, 60.0, 37.0, 61.5 ] },
								"east": { "texture": "#skin", "uv": [ 38.0, 60.0, 38.5, 61.5 ] },
								"south": { "texture": "#skin", "uv": [ 37.5, 60.0, 38.0, 61.5 ] },
								"west": { "texture": "#skin", "uv": [ 37.0, 60.0, 37.5, 61.5 ] },
								"up": { "texture": "#skin", "uv": [ 37.0, 59.5, 37.5, 60.0 ], "rotation": 90 }
							},
							"children": [
								{
									"name": "L antler branch 1b",
									"from": [ 0.05, 1.4, 0.05 ],
									"to": [ 0.45, 2.0, 0.45 ],
									"unwrapMode": 4,
									"uv": [ 36.5, 54.5 ],
									"rotationOrigin": [ 0.05, 1.4, 0.05 ],
									"rotationZ": 5.0,
									"faces": {
										"north": { "texture": "#skin", "uv": [ 36.5, 55.0, 37.0, 55.5 ] },
										"east": { "texture": "#skin", "uv": [ 38.0, 55.0, 38.5, 55.5 ] },
										"south": { "texture": "#skin", "uv": [ 37.5, 55.0, 38.0, 55.5 ] },
										"west": { "texture": "#skin", "uv": [ 37.0, 55.0, 37.5, 55.5 ] },
										"up": { "texture": "#skin", "uv": [ 37.0, 54.5, 37.5, 55.0 ], "rotation": 90 }
									},
									"children": [
										{
											"name": "L antler point 1",
											"from": [ 0.0, 0.5, 0.0 ],
											"to": [ 0.3, 1.5, 0.3 ],
											"unwrapMode": 4,
											"uv": [ 38.5, 47.5 ],
											"rotationOrigin": [ 0.0, 0.5, 0.4 ],
											"rotationX": -2.0,
											"rotationY": 2.0,
											"rotationZ": 25.0,
											"faces": {
												"north": { "texture": "#skin", "uv": [ 38.5, 48.0, 39.0, 49.0 ] },
												"east": { "texture": "#skin", "uv": [ 40.0, 48.0, 40.5, 49.0 ] },
												"south": { "texture": "#skin", "uv": [ 39.5, 48.0, 40.0, 49.0 ] },
												"west": { "texture": "#skin", "uv": [ 39.0, 48.0, 39.5, 49.0 ] },
												"up": { "texture": "#skin", "uv": [ 39.0, 47.5, 39.5, 48.0 ], "rotation": 90 }
											}
										}
									]
								},
								{
									"name": "L antlerbranch 2",
									"from": [ 0.05, 0.0, 0.0 ],
									"to": [ 0.55, 0.5, 0.5 ],
									"unwrapMode": 4,
									"uv": [ 36.5, 51.5 ],
									"rotationOrigin": [ 0.05, 0.0, 0.8 ],
									"rotationX": -0.2588,
									"rotationY": 0.9659,
									"rotationZ": 60.0022,
									"faces": {
										"north": { "texture": "#skin", "uv": [ 36.5, 52.0, 37.0, 52.5 ] },
										"east": { "texture": "#skin", "uv": [ 38.0, 52.0, 38.5, 52.5 ] },
										"south": { "texture": "#skin", "uv": [ 37.5, 52.0, 38.0, 52.5 ] },
										"west": { "texture": "#skin", "uv": [ 37.0, 52.0, 37.5, 52.5 ] },
										"up": { "texture": "#skin", "uv": [ 37.0, 51.5, 37.5, 52.0 ], "rotation": 90 }
									},
									"children": [
										{
											"name": "L antler point 2",
											"from": [ 0.1, 0.5, 0.1 ],
											"to": [ 0.4, 1.5, 0.4 ],
											"unwrapMode": 4,
											"uv": [ 38.5, 45.0 ],
											"rotationOrigin": [ 0.1, 0.5, 0.5 ],
											"rotationZ": -25.0,
											"faces": {
												"north": { "texture": "#skin", "uv": [ 38.5, 45.5, 39.0, 46.5 ] },
												"east": { "texture": "#skin", "uv": [ 40.0, 45.5, 40.5, 46.5 ] },
												"south": { "texture": "#skin", "uv": [ 39.5, 45.5, 40.0, 46.5 ] },
												"west": { "texture": "#skin", "uv": [ 39.0, 45.5, 39.5, 46.5 ] },
												"up": { "texture": "#skin", "uv": [ 39.0, 45.0, 39.5, 45.5 ], "rotation": 90 }
											}
										}
									]
								}
							]
						}
					]
				}
			]
		}
	],
	"animations": [
	]
}