{
  "code": "mic-high",
  "class": "instrumentssbc:micHighClass",
  "behaviors": [],
  "shape": { "base": "item/instrument/electric/mic-high" },
  "attributes": {
    "rackable": true,
    "toolrackTransform": {
      "translation": {
        "x": 0.4,
        "y": 0.46,
        "z": 0
      },
      "rotation": {
        "x": 0,
        "y": 90,
        "z": 0
      },
      "origin": {
        "x": 0.5,
        "y": 0,
        "z": 0.5
      },
      "scale": 1.25
    }
  },
  "creativeinventory": {
    "general": [ "*" ],
    "items": [ "*" ],
    "instruments-sbc": [ "*" ]
  },
  "storageFlags": 2049,
  "heldTpUseAnimation": "holdbothhands",
  "guiTransform": {
    "translation": {
      "x": 0,
      "y": 0,
      "z": 0
    },
    "rotation": {
      "x": 90,
      "y": 45,
      "z": 24
    },
    "origin": {
      "x": 0.49,
      "y": 0.05,
      "z": 0.5
    },
    "scale": 3
  },
  "tpHandTransform": {
    "translation": {
      "x": 0,
      "y": 0,
      "z": 0
    },
    "rotation": {
      "x": 0,
      "y": 90,
      "z": 0
    },
    "origin": {
      "x": 0.22,
      "y": 0.1,
      "z": -0.2
    },
    "scale": 0.87
  }
}