{
	"editor": {
		"allAngles": true,
		"entityTextureMode": false
	},
	"textureWidth": 16,
	"textureHeight": 16,
	"textureSizes": {
		"medieval-boots-r": [16,16],
		"medieval-boots-l": [16,16]
	},
	"textures": {
		"medieval-boots-r": "entity/humanoid/seraphclothes/foot/medieval-boots-black-r",
		"medieval-boots-l": "entity/humanoid/seraphclothes/foot/medieval-boots-black-l"
	},
	"elements": [
		{
			"name": "shoe R",
			"stepParentName": "LowerFootR",
			"from": [ -0.1, -0.1, -0.1 ],
			"to": [ 4.1, 4.9, 3.1 ],
			"renderInEditor": false,
			"rotationOrigin": [ -0.1, -0.1, -0.1 ],
			"faces": {
				"north": { "texture": "#medieval-boots-r", "uv": [ 3.0, 11.0, 7.0, 16.0 ], "windMode": [-1,-1,-1,-1] },
				"east": { "texture": "#medieval-boots-r", "uv": [ 0.0, 11.0, 3.0, 16.0 ], "windMode": [-1,-1,-1,-1] },
				"south": { "texture": "#medieval-boots-r", "uv": [ 10.0, 11.0, 14.0, 16.0 ], "windMode": [-1,-1,-1,-1] },
				"west": { "texture": "#medieval-boots-r", "uv": [ 7.0, 11.0, 10.0, 16.0 ], "windMode": [-1,-1,-1,-1] },
				"up": { "texture": "#medieval-boots-r", "uv": [ 4.0, 0.0, 7.0, 4.0 ], "rotation": 90 },
				"down": { "texture": "#medieval-boots-r", "uv": [ 0.0, 0.0, 3.0, 4.0 ], "rotation": 90 }
			},
			"children": [
				{
					"name": "N fold 1",
					"from": [ 1.6, 5.0, 0.0 ],
					"to": [ 4.2, 6.0, 0.2 ],
					"rotationOrigin": [ 2.0, 5.0, 0.2 ],
					"rotationX": -18.0,
					"faces": {
						"north": { "texture": "#medieval-boots-r", "uv": [ 3.0, 10.0, 5.5, 11.0 ] },
						"east": { "texture": "#medieval-boots-r", "uv": [ 3.0, 10.0, 3.5, 11.0 ], "windMode": [-1,-1,-1,-1] },
						"south": { "texture": "#medieval-boots-r", "uv": [ 3.0, 10.0, 5.5, 11.0 ], "autoUv": false, "windMode": [-1,-1,-1,-1] },
						"west": { "texture": "#medieval-boots-r", "uv": [ 4.5, 10.0, 5.0, 11.0 ], "windMode": [-1,-1,-1,-1] },
						"up": { "texture": "#medieval-boots-r", "uv": [ 3.0, 10.0, 5.5, 10.5 ], "rotation": 180, "windMode": [-1,-1,-1,-1] },
						"down": { "texture": "#medieval-boots-r", "uv": [ 4.5, 10.5, 7.0, 11.0 ], "windMode": [-1,-1,-1,-1] }
					}
				},
				{
					"name": "S fold 1",
					"from": [ 1.6, 5.0, 3.0 ],
					"to": [ 4.2, 6.0, 3.2 ],
					"rotationOrigin": [ 2.0, 5.0, 3.0 ],
					"rotationX": 18.0,
					"faces": {
						"north": { "texture": "#medieval-boots-r", "uv": [ 11.5, 10.0, 14.0, 11.0 ], "windMode": [-1,-1,-1,-1] },
						"east": { "texture": "#medieval-boots-r", "uv": [ 13.5, 10.0, 14.0, 11.0 ], "windMode": [-1,-1,-1,-1] },
						"south": { "texture": "#medieval-boots-r", "uv": [ 11.5, 10.0, 14.0, 11.0 ], "windMode": [-1,-1,-1,-1] },
						"west": { "texture": "#medieval-boots-r", "uv": [ 12.0, 10.0, 12.5, 11.0 ], "windMode": [-1,-1,-1,-1] },
						"up": { "texture": "#medieval-boots-r", "uv": [ 11.5, 10.0, 14.0, 10.5 ], "windMode": [-1,-1,-1,-1] },
						"down": { "texture": "#medieval-boots-r", "uv": [ 0.0, 10.5, 2.5, 11.0 ], "windMode": [-1,-1,-1,-1] }
					}
				},
				{
					"name": "back fold 1",
					"from": [ 4.0, 5.0, 0.0 ],
					"to": [ 4.2, 6.0, 3.2 ],
					"rotationOrigin": [ 4.0, 5.0, 0.0 ],
					"rotationZ": -18.0,
					"faces": {
						"north": { "texture": "#medieval-boots-r", "uv": [ 2.5, 10.0, 3.0, 11.0 ] },
						"east": { "texture": "#medieval-boots-r", "uv": [ 0.0, 10.0, 3.0, 11.0 ], "windMode": [-1,-1,-1,-1] },
						"south": { "texture": "#medieval-boots-r", "uv": [ 0.0, 10.0, 0.5, 11.0 ], "windMode": [-1,-1,-1,-1] },
						"west": { "texture": "#medieval-boots-r", "uv": [ 2.5, 10.0, 5.5, 11.0 ], "windMode": [-1,-1,-1,-1] },
						"up": { "texture": "#medieval-boots-r", "uv": [ 0.0, 10.0, 3.0, 10.5 ], "rotation": 270, "windMode": [-1,-1,-1,-1] },
						"down": { "texture": "#medieval-boots-r", "uv": [ 0.0, 0.0, 0.5, 3.0 ], "autoUv": false, "windMode": [-1,-1,-1,-1] }
					}
				},
				{
					"name": "front fold 1",
					"from": [ 0.0, 5.0, 0.5 ],
					"to": [ 0.2, 6.0, 2.7 ],
					"rotationOrigin": [ 0.2, 5.0, 0.0 ],
					"rotationZ": 18.0,
					"faces": {
						"north": { "texture": "#medieval-boots-r", "uv": [ 8.0, 10.0, 8.5, 11.0 ] },
						"east": { "texture": "#medieval-boots-r", "uv": [ 7.5, 10.0, 9.5, 11.0 ], "windMode": [-1,-1,-1,-1] },
						"south": { "texture": "#medieval-boots-r", "uv": [ 12.0, 10.0, 12.5, 11.0 ], "windMode": [-1,-1,-1,-1] },
						"west": { "texture": "#medieval-boots-r", "uv": [ 7.5, 10.0, 9.5, 11.0 ], "windMode": [-1,-1,-1,-1] },
						"up": { "texture": "#medieval-boots-r", "uv": [ 7.5, 10.0, 9.5, 10.5 ], "rotation": 90, "windMode": [-1,-1,-1,-1] },
						"down": { "texture": "#medieval-boots-r", "uv": [ 0.0, 0.0, 0.5, 2.0 ] }
					}
				},
				{
					"name": "Cube2",
					"from": [ -0.5, 0.0, 0.0 ],
					"to": [ 0.0, 1.5, 3.2 ],
					"rotationOrigin": [ -0.5, 0.0, 0.0 ],
					"faces": {
						"north": { "texture": "#medieval-boots-l", "uv": [ 3.5, 14.5, 4.0, 16.0 ] },
						"east": { "texture": "#medieval-boots-l", "uv": [ 4.0, 14.5, 7.0, 16.0 ] },
						"south": { "texture": "#medieval-boots-l", "uv": [ 7.5, 14.5, 8.0, 16.0 ] },
						"west": { "texture": "#medieval-boots-l", "uv": [ 4.0, 14.5, 7.0, 16.0 ] },
						"up": { "texture": "#medieval-boots-l", "uv": [ 4.0, 14.0, 7.0, 14.5 ], "rotation": 90 },
						"down": { "texture": "#medieval-boots-l", "uv": [ 0.0, 0.0, 0.5, 3.0 ] }
					}
				},
				{
					"name": "Cube3",
					"from": [ -0.5, 1.5, 0.5 ],
					"to": [ 0.0, 2.0, 2.7 ],
					"rotationOrigin": [ -0.5, 1.5, 0.5 ],
					"faces": {
						"north": { "texture": "#medieval-boots-l", "uv": [ 3.5, 14.5, 4.0, 15.0 ] },
						"east": { "texture": "#medieval-boots-l", "uv": [ 4.5, 14.0, 6.5, 14.5 ] },
						"south": { "texture": "#medieval-boots-l", "uv": [ 7.5, 14.5, 8.0, 15.0 ] },
						"west": { "texture": "#medieval-boots-l", "uv": [ 6.5, 14.0, 4.5, 14.5 ], "autoUv": false },
						"up": { "texture": "#medieval-boots-l", "uv": [ 6.5, 14.0, 4.5, 14.5 ], "rotation": 90, "autoUv": false },
						"down": { "texture": "#medieval-boots-l", "uv": [ 0.0, 0.0, 0.5, 2.0 ] }
					}
				}
			]
		},
		{
			"name": "shoe L",
			"stepParentName": "LowerFootL",
			"from": [ -0.1, -0.1, -0.1 ],
			"to": [ 4.1, 4.9, 3.1 ],
			"rotationOrigin": [ -0.1, -0.1, -0.1 ],
			"faces": {
				"north": { "texture": "#medieval-boots-l", "uv": [ 0.0, 11.0, 4.0, 16.0 ] },
				"east": { "texture": "#medieval-boots-l", "uv": [ 11.0, 11.0, 14.0, 16.0 ], "windMode": [-1,-1,-1,-1] },
				"south": { "texture": "#medieval-boots-l", "uv": [ 7.0, 11.0, 11.0, 16.0 ], "windMode": [-1,-1,-1,-1] },
				"west": { "texture": "#medieval-boots-l", "uv": [ 4.0, 11.0, 7.0, 16.0 ], "windMode": [-1,-1,-1,-1] },
				"up": { "texture": "#medieval-boots-l", "uv": [ 4.0, 0.0, 7.0, 4.0 ], "rotation": 90, "windMode": [-1,-1,-1,-1] },
				"down": { "texture": "#medieval-boots-l", "uv": [ 0.0, 0.0, 3.0, 4.0 ], "rotation": 90 }
			},
			"children": [
				{
					"name": "N fold 2",
					"from": [ 1.6, 5.0, 0.0 ],
					"to": [ 4.2, 6.0, 0.2 ],
					"rotationOrigin": [ 1.0, 5.0, 0.2 ],
					"rotationX": -18.0,
					"faces": {
						"north": { "texture": "#medieval-boots-l", "uv": [ 0.0, 10.0, 2.5, 11.0 ] },
						"east": { "texture": "#medieval-boots-l", "uv": [ 0.0, 10.0, 0.5, 11.0 ], "windMode": [-1,-1,-1,-1] },
						"south": { "texture": "#medieval-boots-l", "uv": [ 10.0, 10.0, 12.5, 11.0 ], "windMode": [-1,-1,-1,-1] },
						"west": { "texture": "#medieval-boots-l", "uv": [ 1.5, 10.0, 2.0, 11.0 ], "windMode": [-1,-1,-1,-1] },
						"up": { "texture": "#medieval-boots-l", "uv": [ 0.0, 10.0, 2.5, 10.5 ], "rotation": 180, "windMode": [-1,-1,-1,-1] },
						"down": { "texture": "#medieval-boots-l", "uv": [ 0.0, 10.0, 2.5, 10.5 ], "windMode": [-1,-1,-1,-1] }
					}
				},
				{
					"name": "S fold 2",
					"from": [ 1.6, 5.0, 3.0 ],
					"to": [ 4.2, 6.0, 3.2 ],
					"rotationOrigin": [ 1.6, 5.0, 3.0 ],
					"rotationX": 18.0,
					"faces": {
						"north": { "texture": "#medieval-boots-l", "uv": [ 9.5, 10.0, 12.0, 11.0 ] },
						"east": { "texture": "#medieval-boots-l", "uv": [ 10.5, 10.0, 11.0, 11.0 ], "windMode": [-1,-1,-1,-1] },
						"south": { "texture": "#medieval-boots-l", "uv": [ 9.0, 10.0, 11.5, 11.0 ], "windMode": [-1,-1,-1,-1] },
						"west": { "texture": "#medieval-boots-l", "uv": [ 9.0, 10.0, 9.5, 11.0 ], "windMode": [-1,-1,-1,-1] },
						"up": { "texture": "#medieval-boots-l", "uv": [ 9.0, 10.0, 11.5, 10.5 ], "windMode": [-1,-1,-1,-1] },
						"down": { "texture": "#medieval-boots-l", "uv": [ 0.0, 10.0, 2.5, 10.5 ], "windMode": [-1,-1,-1,-1] }
					}
				},
				{
					"name": "back fold 2",
					"from": [ 4.0, 5.0, 0.0 ],
					"to": [ 4.2, 6.0, 3.2 ],
					"rotationOrigin": [ 4.0, 5.0, 0.0 ],
					"rotationZ": -18.0,
					"faces": {
						"north": { "texture": "#medieval-boots-l", "uv": [ 13.5, 10.0, 14.0, 11.0 ] },
						"east": { "texture": "#medieval-boots-l", "uv": [ 11.0, 10.0, 14.0, 11.0 ], "windMode": [-1,-1,-1,-1] },
						"south": { "texture": "#medieval-boots-l", "uv": [ 11.0, 10.0, 11.5, 11.0 ], "windMode": [-1,-1,-1,-1] },
						"west": { "texture": "#medieval-boots-l", "uv": [ 8.5, 10.0, 11.5, 11.0 ], "windMode": [-1,-1,-1,-1] },
						"up": { "texture": "#medieval-boots-l", "uv": [ 11.0, 10.0, 14.0, 10.5 ], "rotation": 270, "windMode": [-1,-1,-1,-1] },
						"down": { "texture": "#medieval-boots-l", "uv": [ 0.0, 0.0, 0.5, 3.0 ] }
					}
				},
				{
					"name": "front fold 2",
					"from": [ 0.0, 5.0, 0.5 ],
					"to": [ 0.2, 6.0, 2.6 ],
					"rotationOrigin": [ 0.2, 5.0, 0.0 ],
					"rotationZ": 18.0,
					"faces": {
						"north": { "texture": "#medieval-boots-l", "uv": [ 5.0, 10.0, 5.5, 11.0 ], "windMode": [-1,-1,-1,-1] },
						"east": { "texture": "#medieval-boots-l", "uv": [ 4.5, 10.0, 6.5, 11.0 ], "windMode": [-1,-1,-1,-1] },
						"south": { "texture": "#medieval-boots-l", "uv": [ 5.5, 10.0, 6.0, 11.0 ], "windMode": [-1,-1,-1,-1] },
						"west": { "texture": "#medieval-boots-l", "uv": [ 4.5, 10.0, 6.5, 11.0 ], "windMode": [-1,-1,-1,-1] },
						"up": { "texture": "#medieval-boots-l", "uv": [ 4.5, 10.0, 6.5, 10.5 ], "rotation": 90, "windMode": [-1,-1,-1,-1] },
						"down": { "texture": "#medieval-boots-l", "uv": [ 0.0, 0.0, 0.5, 2.0 ] }
					}
				},
				{
					"name": "Cube4",
					"from": [ -0.5, 0.0, 0.0 ],
					"to": [ 0.0, 1.5, 3.2 ],
					"rotationOrigin": [ -0.5, 0.0, 0.0 ],
					"faces": {
						"north": { "texture": "#medieval-boots-l", "uv": [ 3.5, 14.5, 4.0, 16.0 ] },
						"east": { "texture": "#medieval-boots-l", "uv": [ 4.0, 14.5, 7.0, 16.0 ] },
						"south": { "texture": "#medieval-boots-l", "uv": [ 7.5, 14.5, 8.0, 16.0 ] },
						"west": { "texture": "#medieval-boots-l", "uv": [ 4.0, 14.5, 7.0, 16.0 ] },
						"up": { "texture": "#medieval-boots-l", "uv": [ 4.0, 14.0, 7.0, 14.5 ], "rotation": 90 },
						"down": { "texture": "#medieval-boots-l", "uv": [ 0.0, 0.0, 0.5, 3.0 ] }
					}
				},
				{
					"name": "Cube5",
					"from": [ -0.5, 1.5, 0.5 ],
					"to": [ 0.0, 2.0, 2.7 ],
					"rotationOrigin": [ -0.5, 1.5, 0.5 ],
					"faces": {
						"north": { "texture": "#medieval-boots-l", "uv": [ 3.5, 14.5, 4.0, 15.0 ] },
						"east": { "texture": "#medieval-boots-l", "uv": [ 4.5, 14.0, 6.5, 14.5 ] },
						"south": { "texture": "#medieval-boots-l", "uv": [ 7.5, 14.5, 8.0, 15.0 ] },
						"west": { "texture": "#medieval-boots-l", "uv": [ 4.5, 14.0, 6.5, 14.5 ], "autoUv": false },
						"up": { "texture": "#medieval-boots-l", "uv": [ 4.5, 13.5, 6.5, 14.0 ], "rotation": 90, "autoUv": false },
						"down": { "texture": "#medieval-boots-l", "uv": [ 0.0, 0.0, 0.5, 2.0 ] }
					}
				}
			]
		}
	]}