{
	"editor": {
		"allAngles": true,
		"entityTextureMode": false
	},
	"textureWidth": 16,
	"textureHeight": 16,
	"textureSizes": {
		"medieval-high-boots-l": [16,16],
		"medieval-high-boots-r": [16,16]
	},
	"textures": {
		"medieval-high-boots-l": "entity/humanoid/seraphclothes/foot/medieval-high-boots-white-l",
		"medieval-high-boots-r": "entity/humanoid/seraphclothes/foot/medieval-high-boots-white-r"
	},
	"elements": [
		{
			"name": "shoe R",
			"stepParentName": "LowerFootR",
			"from": [ -0.1, -0.1, -0.1 ],
			"to": [ 4.1, 4.9, 3.1 ],
			"rotationOrigin": [ -0.1, -0.1, -0.1 ],
			"faces": {
				"north": { "texture": "#medieval-high-boots-r", "uv": [ 3.0, 11.0, 7.0, 16.0 ], "windMode": [-1,-1,-1,-1] },
				"east": { "texture": "#medieval-high-boots-r", "uv": [ 0.0, 11.0, 3.0, 16.0 ], "windMode": [-1,-1,-1,-1] },
				"south": { "texture": "#medieval-high-boots-r", "uv": [ 10.0, 11.0, 14.0, 16.0 ], "windMode": [-1,-1,-1,-1] },
				"west": { "texture": "#medieval-high-boots-r", "uv": [ 7.0, 11.0, 10.0, 16.0 ], "windMode": [-1,-1,-1,-1] },
				"up": { "texture": "#medieval-high-boots-r", "uv": [ 4.0, 0.0, 7.0, 4.0 ], "rotation": 90 },
				"down": { "texture": "#medieval-high-boots-r", "uv": [ 0.0, 0.0, 3.0, 4.0 ], "rotation": 90 }
			},
			"children": [
				{
					"name": "N fold 1",
					"from": [ 0.0, 5.0, 0.0 ],
					"to": [ 4.2, 6.0, 0.2 ],
					"rotationOrigin": [ 0.0, 5.0, 0.2 ],
					"rotationX": -18.0,
					"faces": {
						"north": { "texture": "#medieval-high-boots-r", "uv": [ 3.0, 10.0, 7.0, 11.0 ] },
						"east": { "texture": "#medieval-high-boots-r", "uv": [ 3.0, 10.0, 3.5, 11.0 ], "windMode": [-1,-1,-1,-1] },
						"south": { "texture": "#medieval-high-boots-r", "uv": [ 9.5, 11.0, 13.5, 12.0 ], "autoUv": false, "windMode": [-1,-1,-1,-1] },
						"west": { "texture": "#medieval-high-boots-r", "uv": [ 6.5, 10.0, 7.0, 11.0 ], "windMode": [-1,-1,-1,-1] },
						"up": { "texture": "#medieval-high-boots-r", "uv": [ 3.0, 9.5, 7.0, 10.0 ], "rotation": 180, "windMode": [-1,-1,-1,-1] },
						"down": { "texture": "#medieval-high-boots-r", "uv": [ 4.5, 10.5, 8.5, 11.0 ], "windMode": [-1,-1,-1,-1] }
					}
				},
				{
					"name": "S fold 1",
					"from": [ 0.0, 5.0, 3.0 ],
					"to": [ 4.2, 6.0, 3.2 ],
					"rotationOrigin": [ 0.0, 5.0, 3.0 ],
					"rotationX": 18.0,
					"faces": {
						"north": { "texture": "#medieval-high-boots-r", "uv": [ 9.5, 11.0, 13.5, 12.0 ] },
						"east": { "texture": "#medieval-high-boots-r", "uv": [ 13.5, 10.0, 14.0, 11.0 ], "windMode": [-1,-1,-1,-1] },
						"south": { "texture": "#medieval-high-boots-r", "uv": [ 10.0, 10.0, 14.0, 11.0 ], "windMode": [-1,-1,-1,-1] },
						"west": { "texture": "#medieval-high-boots-r", "uv": [ 10.0, 10.0, 10.5, 11.0 ], "windMode": [-1,-1,-1,-1] },
						"up": { "texture": "#medieval-high-boots-r", "uv": [ 10.0, 10.0, 14.0, 10.5 ], "windMode": [-1,-1,-1,-1] },
						"down": { "texture": "#medieval-high-boots-r", "uv": [ 0.0, 10.5, 4.0, 11.0 ], "windMode": [-1,-1,-1,-1] }
					}
				},
				{
					"name": "back fold 1",
					"from": [ 4.0, 5.0, 0.0 ],
					"to": [ 4.2, 6.0, 3.2 ],
					"rotationOrigin": [ 4.0, 5.0, 0.0 ],
					"rotationZ": -18.0,
					"faces": {
						"north": { "texture": "#medieval-high-boots-r", "uv": [ 2.5, 10.0, 3.0, 11.0 ] },
						"east": { "texture": "#medieval-high-boots-r", "uv": [ 0.0, 10.0, 3.0, 11.0 ], "windMode": [-1,-1,-1,-1] },
						"south": { "texture": "#medieval-high-boots-r", "uv": [ 0.0, 10.0, 0.5, 11.0 ], "windMode": [-1,-1,-1,-1] },
						"west": { "texture": "#medieval-high-boots-r", "uv": [ 7.5, 10.0, 10.5, 11.0 ], "windMode": [-1,-1,-1,-1] },
						"up": { "texture": "#medieval-high-boots-r", "uv": [ 0.0, 10.0, 3.0, 10.5 ], "rotation": 270, "windMode": [-1,-1,-1,-1] },
						"down": { "texture": "#medieval-high-boots-r", "uv": [ 0.0, 0.0, 0.5, 3.0 ], "autoUv": false, "windMode": [-1,-1,-1,-1] }
					}
				},
				{
					"name": "front fold 1",
					"from": [ 0.0, 5.0, 0.0 ],
					"to": [ 0.2, 6.0, 3.2 ],
					"rotationOrigin": [ 0.2, 5.0, 0.0 ],
					"rotationZ": 18.0,
					"faces": {
						"north": { "texture": "#medieval-high-boots-r", "uv": [ 7.0, 10.0, 7.5, 11.0 ] },
						"east": { "texture": "#medieval-high-boots-r", "uv": [ 7.5, 10.0, 10.5, 11.0 ], "windMode": [-1,-1,-1,-1] },
						"south": { "texture": "#medieval-high-boots-r", "uv": [ 10.0, 10.0, 10.5, 11.0 ], "windMode": [-1,-1,-1,-1] },
						"west": { "texture": "#medieval-high-boots-r", "uv": [ 7.0, 10.0, 10.0, 11.0 ], "windMode": [-1,-1,-1,-1] },
						"up": { "texture": "#medieval-high-boots-r", "uv": [ 7.0, 10.0, 10.0, 10.5 ], "rotation": 90, "windMode": [-1,-1,-1,-1] },
						"down": { "texture": "#medieval-high-boots-r", "uv": [ 0.0, 0.0, 0.5, 3.0 ] }
					}
				},
				{
					"name": "N fold 11",
					"from": [ 0.0, 5.0, 0.1 ],
					"to": [ 4.2, 7.5, 0.1 ],
					"rotationOrigin": [ 0.0, 5.0, 0.1 ],
					"rotationX": -8.0,
					"faces": {
						"north": { "texture": "#medieval-high-boots-r", "uv": [ 3.0, 8.5, 7.0, 11.0 ] }
					}
				},
				{
					"name": "S fold 12",
					"from": [ 0.0, 5.0, 3.1 ],
					"to": [ 4.2, 7.5, 3.1 ],
					"rotationOrigin": [ 0.0, 5.0, 3.1 ],
					"rotationX": 8.0,
					"faces": {
						"south": { "texture": "#medieval-high-boots-r", "uv": [ 10.0, 8.5, 14.0, 11.0 ] }
					}
				},
				{
					"name": "front fold 13",
					"from": [ 0.0, 5.0, 0.0 ],
					"to": [ 0.0, 7.5, 3.2 ],
					"rotationOrigin": [ 0.2, 5.0, 0.0 ],
					"rotationZ": 8.0,
					"faces": {
						"west": { "texture": "#medieval-high-boots-r", "uv": [ 7.0, 8.5, 10.0, 11.0 ] }
					}
				},
				{
					"name": "back fold 14",
					"from": [ 4.1, 5.0, 0.0 ],
					"to": [ 4.1, 7.5, 3.2 ],
					"rotationOrigin": [ 4.1, 5.0, 0.0 ],
					"rotationZ": -8.0,
					"faces": {
						"east": { "texture": "#medieval-high-boots-r", "uv": [ 0.0, 8.5, 3.0, 11.0 ] }
					}
				},
				{
					"name": "Cube1",
					"from": [ -0.1, 4.6, 0.4 ],
					"to": [ 0.4, 4.9, 2.4 ],
					"rotationOrigin": [ -0.1, 4.8, 1.4 ],
					"rotationX": 16.0,
					"faces": {
						"north": { "texture": "#medieval-high-boots-r", "uv": [ 0.0, 4.0, 0.5, 4.5 ] },
						"east": { "texture": "#medieval-high-boots-r", "uv": [ 0.0, 4.5, 2.0, 5.0 ] },
						"south": { "texture": "#medieval-high-boots-r", "uv": [ 0.0, 4.0, 0.5, 4.5 ] },
						"west": { "texture": "#medieval-high-boots-r", "uv": [ 0.0, 4.0, 2.0, 4.5 ] },
						"up": { "texture": "#medieval-high-boots-r", "uv": [ 0.0, 4.0, 2.0, 4.5 ], "rotation": 90, "windMode": [-1,-1,-1,-1] },
						"down": { "texture": "#medieval-high-boots-r", "uv": [ 0.0, 4.0, 2.0, 4.5 ], "rotation": 90, "windMode": [-1,-1,-1,-1] }
					}
				},
				{
					"name": "Cube20",
					"from": [ -0.2, 4.6, 0.4 ],
					"to": [ 0.3, 4.9, 2.4 ],
					"rotationOrigin": [ -0.2, 4.8, 1.4 ],
					"rotationX": -16.0,
					"faces": {
						"north": { "texture": "#medieval-high-boots-r", "uv": [ 0.0, 4.0, 0.5, 4.5 ] },
						"east": { "texture": "#medieval-high-boots-r", "uv": [ 0.0, 4.5, 2.0, 5.0 ] },
						"south": { "texture": "#medieval-high-boots-r", "uv": [ 0.0, 4.0, 0.5, 4.5 ] },
						"west": { "texture": "#medieval-high-boots-r", "uv": [ 0.0, 4.0, 2.0, 4.5 ] },
						"up": { "texture": "#medieval-high-boots-r", "uv": [ 0.0, 4.0, 2.0, 4.5 ], "rotation": 90 },
						"down": { "texture": "#medieval-high-boots-r", "uv": [ 0.0, 4.0, 2.0, 4.5 ], "rotation": 90 }
					}
				},
				{
					"name": "Cube21",
					"from": [ -0.1, 3.7, 0.4 ],
					"to": [ 0.4, 4.0, 2.4 ],
					"rotationOrigin": [ -0.1, 3.9, 1.4 ],
					"rotationX": 16.0,
					"faces": {
						"north": { "texture": "#medieval-high-boots-r", "uv": [ 0.0, 4.0, 0.5, 4.5 ] },
						"east": { "texture": "#medieval-high-boots-r", "uv": [ 0.0, 4.5, 2.0, 5.0 ] },
						"south": { "texture": "#medieval-high-boots-r", "uv": [ 0.0, 4.0, 0.5, 4.5 ] },
						"west": { "texture": "#medieval-high-boots-r", "uv": [ 0.0, 4.0, 2.0, 4.5 ] },
						"up": { "texture": "#medieval-high-boots-r", "uv": [ 0.0, 4.0, 2.0, 4.5 ], "rotation": 90 },
						"down": { "texture": "#medieval-high-boots-r", "uv": [ 0.0, 4.0, 2.0, 4.5 ], "rotation": 90 }
					}
				},
				{
					"name": "Cube22",
					"from": [ -0.2, 3.7, 0.4 ],
					"to": [ 0.3, 4.0, 2.4 ],
					"rotationOrigin": [ -0.2, 3.9, 1.4 ],
					"rotationX": -16.0,
					"faces": {
						"north": { "texture": "#medieval-high-boots-r", "uv": [ 0.0, 4.0, 0.5, 4.5 ] },
						"east": { "texture": "#medieval-high-boots-r", "uv": [ 0.0, 4.5, 2.0, 5.0 ] },
						"south": { "texture": "#medieval-high-boots-r", "uv": [ 0.0, 4.0, 0.5, 4.5 ] },
						"west": { "texture": "#medieval-high-boots-r", "uv": [ 0.0, 4.0, 2.0, 4.5 ] },
						"up": { "texture": "#medieval-high-boots-r", "uv": [ 0.0, 4.0, 2.0, 4.5 ], "rotation": 90 },
						"down": { "texture": "#medieval-high-boots-r", "uv": [ 0.0, 4.0, 2.0, 4.5 ], "rotation": 90 }
					}
				},
				{
					"name": "Cube4",
					"from": [ -0.5, 0.0, 0.0 ],
					"to": [ 0.0, 1.5, 3.2 ],
					"rotationOrigin": [ -0.5, 0.0, 0.0 ],
					"faces": {
						"north": { "texture": "#medieval-high-boots-r", "uv": [ 9.5, 14.5, 10.0, 16.0 ] },
						"east": { "texture": "#medieval-high-boots-r", "uv": [ 7.0, 14.5, 10.0, 16.0 ] },
						"south": { "texture": "#medieval-high-boots-r", "uv": [ 7.0, 14.5, 7.5, 16.0 ] },
						"west": { "texture": "#medieval-high-boots-r", "uv": [ 7.0, 14.5, 10.0, 16.0 ] },
						"up": { "texture": "#medieval-high-boots-r", "uv": [ 7.0, 14.5, 10.0, 15.0 ], "rotation": 90 },
						"down": { "texture": "#medieval-high-boots-r", "uv": [ 0.0, 0.0, 0.5, 3.0 ] }
					}
				},
				{
					"name": "Cube5",
					"from": [ -0.5, 1.5, 0.5 ],
					"to": [ 0.0, 2.0, 2.7 ],
					"rotationOrigin": [ -0.5, 1.5, 0.5 ],
					"faces": {
						"north": { "texture": "#medieval-high-boots-r", "uv": [ 9.5, 14.0, 10.0, 14.5 ] },
						"east": { "texture": "#medieval-high-boots-r", "uv": [ 7.5, 14.0, 9.5, 14.5 ] },
						"south": { "texture": "#medieval-high-boots-r", "uv": [ 7.0, 14.0, 7.5, 14.5 ] },
						"west": { "texture": "#medieval-high-boots-r", "uv": [ 7.5, 14.0, 9.5, 14.5 ] },
						"up": { "texture": "#medieval-high-boots-r", "uv": [ 7.5, 14.0, 9.5, 14.5 ], "rotation": 90 },
						"down": { "texture": "#medieval-high-boots-r", "uv": [ 0.0, 0.0, 0.5, 2.0 ] }
					}
				}
			]
		},
		{
			"name": "shoe L",
			"stepParentName": "LowerFootL",
			"from": [ -0.1, -0.1, -0.1 ],
			"to": [ 4.1, 4.9, 3.1 ],
			"rotationOrigin": [ -0.1, -0.1, -0.1 ],
			"faces": {
				"north": { "texture": "#medieval-high-boots-l", "uv": [ 0.0, 11.0, 4.0, 16.0 ] },
				"east": { "texture": "#medieval-high-boots-l", "uv": [ 11.0, 11.0, 14.0, 16.0 ], "windMode": [-1,-1,-1,-1] },
				"south": { "texture": "#medieval-high-boots-l", "uv": [ 7.0, 11.0, 11.0, 16.0 ], "windMode": [-1,-1,-1,-1] },
				"west": { "texture": "#medieval-high-boots-l", "uv": [ 4.0, 11.0, 7.0, 16.0 ], "windMode": [-1,-1,-1,-1] },
				"up": { "texture": "#medieval-high-boots-l", "uv": [ 4.0, 0.0, 7.0, 4.0 ], "rotation": 90, "windMode": [-1,-1,-1,-1] },
				"down": { "texture": "#medieval-high-boots-l", "uv": [ 0.0, 0.0, 3.0, 4.0 ], "rotation": 90 }
			},
			"children": [
				{
					"name": "N fold 2",
					"from": [ 0.0, 5.0, 0.0 ],
					"to": [ 4.2, 6.0, 0.2 ],
					"rotationOrigin": [ 0.0, 5.0, 0.2 ],
					"rotationX": -18.0,
					"faces": {
						"north": { "texture": "#medieval-high-boots-l", "uv": [ 0.0, 10.0, 4.0, 11.0 ] },
						"east": { "texture": "#medieval-high-boots-l", "uv": [ 0.0, 10.0, 0.5, 11.0 ], "windMode": [-1,-1,-1,-1] },
						"south": { "texture": "#medieval-high-boots-l", "uv": [ 10.0, 10.0, 14.0, 11.0 ], "windMode": [-1,-1,-1,-1] },
						"west": { "texture": "#medieval-high-boots-l", "uv": [ 3.5, 10.0, 4.0, 11.0 ], "windMode": [-1,-1,-1,-1] },
						"up": { "texture": "#medieval-high-boots-l", "uv": [ 0.0, 10.0, 4.0, 10.5 ], "rotation": 180, "windMode": [-1,-1,-1,-1] },
						"down": { "texture": "#medieval-high-boots-l", "uv": [ 0.0, 10.0, 4.0, 10.5 ], "windMode": [-1,-1,-1,-1] }
					}
				},
				{
					"name": "S fold 2",
					"from": [ 0.0, 5.0, 3.0 ],
					"to": [ 4.2, 6.0, 3.2 ],
					"rotationOrigin": [ 0.0, 5.0, 3.0 ],
					"rotationX": 18.0,
					"faces": {
						"north": { "texture": "#medieval-high-boots-l", "uv": [ 9.5, 10.0, 13.5, 11.0 ] },
						"east": { "texture": "#medieval-high-boots-l", "uv": [ 10.5, 10.0, 11.0, 11.0 ], "windMode": [-1,-1,-1,-1] },
						"south": { "texture": "#medieval-high-boots-l", "uv": [ 7.0, 10.0, 11.0, 11.0 ], "windMode": [-1,-1,-1,-1] },
						"west": { "texture": "#medieval-high-boots-l", "uv": [ 7.0, 10.0, 7.5, 11.0 ], "windMode": [-1,-1,-1,-1] },
						"up": { "texture": "#medieval-high-boots-l", "uv": [ 7.0, 10.0, 11.0, 10.5 ], "windMode": [-1,-1,-1,-1] },
						"down": { "texture": "#medieval-high-boots-l", "uv": [ 0.0, 10.0, 4.0, 10.5 ], "windMode": [-1,-1,-1,-1] }
					}
				},
				{
					"name": "back fold 2",
					"from": [ 4.0, 5.0, 0.0 ],
					"to": [ 4.2, 6.0, 3.2 ],
					"rotationOrigin": [ 4.0, 5.0, 0.0 ],
					"rotationZ": -18.0,
					"faces": {
						"north": { "texture": "#medieval-high-boots-l", "uv": [ 13.5, 10.0, 14.0, 11.0 ] },
						"east": { "texture": "#medieval-high-boots-l", "uv": [ 11.0, 10.0, 14.0, 11.0 ], "windMode": [-1,-1,-1,-1] },
						"south": { "texture": "#medieval-high-boots-l", "uv": [ 11.0, 10.0, 11.5, 11.0 ], "windMode": [-1,-1,-1,-1] },
						"west": { "texture": "#medieval-high-boots-l", "uv": [ 8.5, 10.0, 11.5, 11.0 ], "windMode": [-1,-1,-1,-1] },
						"up": { "texture": "#medieval-high-boots-l", "uv": [ 11.0, 10.0, 14.0, 10.5 ], "rotation": 270, "windMode": [-1,-1,-1,-1] },
						"down": { "texture": "#medieval-high-boots-l", "uv": [ 0.0, 0.0, 0.5, 3.0 ] }
					}
				},
				{
					"name": "front fold 2",
					"from": [ 0.0, 5.0, 0.0 ],
					"to": [ 0.2, 6.0, 3.2 ],
					"rotationOrigin": [ 0.2, 5.0, 0.0 ],
					"rotationZ": 18.0,
					"faces": {
						"north": { "texture": "#medieval-high-boots-l", "uv": [ 4.0, 10.0, 4.5, 11.0 ] },
						"east": { "texture": "#medieval-high-boots-l", "uv": [ 7.5, 10.0, 10.5, 11.0 ], "windMode": [-1,-1,-1,-1] },
						"south": { "texture": "#medieval-high-boots-l", "uv": [ 6.5, 10.0, 7.0, 11.0 ], "windMode": [-1,-1,-1,-1] },
						"west": { "texture": "#medieval-high-boots-l", "uv": [ 4.0, 10.0, 7.0, 11.0 ], "windMode": [-1,-1,-1,-1] },
						"up": { "texture": "#medieval-high-boots-l", "uv": [ 4.0, 10.0, 7.0, 10.5 ], "rotation": 90, "windMode": [-1,-1,-1,-1] },
						"down": { "texture": "#medieval-high-boots-l", "uv": [ 0.0, 0.0, 0.5, 3.0 ] }
					}
				},
				{
					"name": "front fold 15",
					"from": [ 0.0, 5.0, 0.0 ],
					"to": [ 0.0, 7.5, 3.2 ],
					"rotationOrigin": [ 0.2, 5.0, 0.1 ],
					"rotationZ": 8.0,
					"faces": {
						"west": { "texture": "#medieval-high-boots-l", "uv": [ 4.0, 8.5, 7.0, 11.0 ] }
					}
				},
				{
					"name": "S fold 16",
					"from": [ 0.0, 5.0, 3.1 ],
					"to": [ 4.2, 7.5, 3.1 ],
					"rotationOrigin": [ 0.0, 5.0, 3.0 ],
					"rotationX": 8.0,
					"faces": {
						"south": { "texture": "#medieval-high-boots-l", "uv": [ 7.0, 8.5, 11.0, 11.0 ] }
					}
				},
				{
					"name": "back fold 17",
					"from": [ 4.1, 5.0, 0.0 ],
					"to": [ 4.1, 7.5, 3.2 ],
					"rotationOrigin": [ 4.1, 5.0, 0.0 ],
					"rotationZ": -8.0,
					"faces": {
						"east": { "texture": "#medieval-high-boots-l", "uv": [ 11.0, 8.5, 14.0, 11.0 ] }
					}
				},
				{
					"name": "N fold 18",
					"from": [ 0.0, 5.0, 0.1 ],
					"to": [ 4.2, 7.5, 0.1 ],
					"rotationOrigin": [ 0.0, 5.0, 0.1 ],
					"rotationX": -8.0,
					"faces": {
						"north": { "texture": "#medieval-high-boots-l", "uv": [ 0.0, 8.5, 4.0, 11.0 ] }
					}
				},
				{
					"name": "Cube23",
					"from": [ -0.2, 4.6, 0.8 ],
					"to": [ 0.3, 4.9, 2.8 ],
					"rotationOrigin": [ -0.2, 4.7, 1.8 ],
					"rotationX": -16.0,
					"faces": {
						"north": { "texture": "#medieval-high-boots-l", "uv": [ 0.0, 4.0, 0.5, 4.5 ] },
						"east": { "texture": "#medieval-high-boots-l", "uv": [ 0.0, 4.0, 2.0, 4.5 ] },
						"south": { "texture": "#medieval-high-boots-l", "uv": [ 0.0, 4.0, 0.5, 4.5 ] },
						"west": { "texture": "#medieval-high-boots-l", "uv": [ 0.0, 4.0, 2.0, 4.5 ] },
						"up": { "texture": "#medieval-high-boots-l", "uv": [ 0.0, 4.5, 2.0, 5.0 ], "rotation": 90, "windMode": [-1,-1,-1,-1] },
						"down": { "texture": "#medieval-high-boots-l", "uv": [ 0.0, 4.5, 2.0, 5.0 ], "rotation": 90, "windMode": [-1,-1,-1,-1] }
					}
				},
				{
					"name": "Cube24",
					"from": [ -0.3, 4.6, 0.8 ],
					"to": [ 0.2, 4.9, 2.8 ],
					"rotationOrigin": [ -0.3, 4.7, 1.8 ],
					"rotationX": 16.0,
					"faces": {
						"north": { "texture": "#medieval-high-boots-l", "uv": [ 0.0, 4.0, 0.5, 4.5 ] },
						"east": { "texture": "#medieval-high-boots-l", "uv": [ 0.0, 4.0, 2.0, 4.5 ] },
						"south": { "texture": "#medieval-high-boots-l", "uv": [ 0.0, 4.0, 0.5, 4.5 ] },
						"west": { "texture": "#medieval-high-boots-l", "uv": [ 0.0, 4.0, 2.0, 4.5 ] },
						"up": { "texture": "#medieval-high-boots-l", "uv": [ 0.0, 4.5, 2.0, 5.0 ], "rotation": 90 },
						"down": { "texture": "#medieval-high-boots-l", "uv": [ 0.0, 4.5, 2.0, 5.0 ], "rotation": 90 }
					}
				},
				{
					"name": "Cube25",
					"from": [ -0.2, 3.7, 0.8 ],
					"to": [ 0.3, 4.0, 2.8 ],
					"rotationOrigin": [ -0.2, 3.8, 1.8 ],
					"rotationX": -16.0,
					"faces": {
						"north": { "texture": "#medieval-high-boots-l", "uv": [ 0.0, 4.0, 0.5, 4.5 ] },
						"east": { "texture": "#medieval-high-boots-l", "uv": [ 0.0, 4.0, 2.0, 4.5 ] },
						"south": { "texture": "#medieval-high-boots-l", "uv": [ 0.0, 4.0, 0.5, 4.5 ] },
						"west": { "texture": "#medieval-high-boots-l", "uv": [ 0.0, 4.0, 2.0, 4.5 ] },
						"up": { "texture": "#medieval-high-boots-l", "uv": [ 0.0, 4.5, 2.0, 5.0 ], "rotation": 90 },
						"down": { "texture": "#medieval-high-boots-l", "uv": [ 0.0, 4.5, 2.0, 5.0 ], "rotation": 90 }
					}
				},
				{
					"name": "Cube26",
					"from": [ -0.3, 3.7, 0.8 ],
					"to": [ 0.2, 4.0, 2.8 ],
					"rotationOrigin": [ -0.3, 3.8, 1.8 ],
					"rotationX": 16.0,
					"faces": {
						"north": { "texture": "#medieval-high-boots-l", "uv": [ 0.0, 4.0, 0.5, 4.5 ] },
						"east": { "texture": "#medieval-high-boots-l", "uv": [ 0.0, 4.0, 2.0, 4.5 ] },
						"south": { "texture": "#medieval-high-boots-l", "uv": [ 0.0, 4.0, 0.5, 4.5 ] },
						"west": { "texture": "#medieval-high-boots-l", "uv": [ 0.0, 4.0, 2.0, 4.5 ] },
						"up": { "texture": "#medieval-high-boots-l", "uv": [ 0.0, 4.5, 2.0, 5.0 ], "rotation": 90 },
						"down": { "texture": "#medieval-high-boots-l", "uv": [ 0.0, 4.5, 2.0, 5.0 ], "rotation": 90 }
					}
				},
				{
					"name": "Cube2",
					"from": [ -0.5, 0.0, 0.0 ],
					"to": [ 0.0, 1.5, 3.2 ],
					"rotationOrigin": [ -0.5, 0.0, 0.0 ],
					"faces": {
						"north": { "texture": "#medieval-high-boots-l", "uv": [ 7.0, 14.5, 7.5, 16.0 ] },
						"east": { "texture": "#medieval-high-boots-l", "uv": [ 4.0, 14.5, 7.0, 16.0 ] },
						"south": { "texture": "#medieval-high-boots-l", "uv": [ 3.5, 14.5, 4.0, 16.0 ] },
						"west": { "texture": "#medieval-high-boots-l", "uv": [ 4.0, 14.5, 7.0, 16.0 ] },
						"up": { "texture": "#medieval-high-boots-l", "uv": [ 4.0, 14.5, 7.0, 15.0 ], "rotation": 90 },
						"down": { "texture": "#medieval-high-boots-l", "uv": [ 0.0, 0.0, 0.5, 3.0 ] }
					}
				},
				{
					"name": "Cube3",
					"from": [ -0.5, 1.5, 0.5 ],
					"to": [ 0.0, 2.0, 2.7 ],
					"rotationOrigin": [ -0.5, 1.5, 0.5 ],
					"faces": {
						"north": { "texture": "#medieval-high-boots-l", "uv": [ 6.5, 14.0, 7.0, 14.5 ] },
						"east": { "texture": "#medieval-high-boots-l", "uv": [ 4.5, 14.0, 6.5, 14.5 ] },
						"south": { "texture": "#medieval-high-boots-l", "uv": [ 4.0, 14.0, 4.5, 14.5 ] },
						"west": { "texture": "#medieval-high-boots-l", "uv": [ 4.5, 14.0, 6.5, 14.5 ] },
						"up": { "texture": "#medieval-high-boots-l", "uv": [ 4.5, 14.0, 6.5, 14.5 ], "rotation": 90 },
						"down": { "texture": "#medieval-high-boots-l", "uv": [ 0.0, 0.0, 0.5, 2.0 ] }
					}
				}
			]
		}
	]}