{
	"editor": {
		"allAngles": true,
		"entityTextureMode": false
	},
	"textureWidth": 16,
	"textureHeight": 16,
	"textureSizes": {
		"medieval-high-boots-l": [16,16],
		"medieval-high-boots-r": [16,16]
	},
	"textures": {
		"medieval-high-boots-l": "entity/humanoid/seraphclothes/foot/medieval-high-boots-l",
		"medieval-high-boots-r": "entity/humanoid/seraphclothes/foot/medieval-high-boots-r"
	},
	"elements": [
		{
			"name": "shoe R",
			"stepParentName": "LowerFootR",
			"from": [ -0.1, -0.1, -0.1 ],
			"to": [ 4.1, 3.4, 3.1 ],
			"rotationOrigin": [ -0.1, -0.1, -0.1 ],
			"faces": {
				"north": { "texture": "#medieval-high-boots-r", "uv": [ 3.0, 12.5, 7.0, 16.0 ], "windMode": [-1,-1,-1,-1] },
				"east": { "texture": "#medieval-high-boots-r", "uv": [ 0.0, 12.5, 3.0, 16.0 ], "windMode": [-1,-1,-1,-1] },
				"south": { "texture": "#medieval-high-boots-r", "uv": [ 10.0, 12.5, 14.0, 16.0 ], "windMode": [-1,-1,-1,-1] },
				"west": { "texture": "#medieval-high-boots-r", "uv": [ 7.0, 12.5, 10.0, 16.0 ], "windMode": [-1,-1,-1,-1] },
				"up": { "texture": "#medieval-high-boots-r", "uv": [ 4.0, 0.0, 7.0, 4.0 ], "rotation": 90 },
				"down": { "texture": "#medieval-high-boots-r", "uv": [ 0.0, 0.0, 3.0, 4.0 ], "rotation": 90 }
			},
			"children": [
				{
					"name": "Cube4",
					"from": [ 0.0, 0.0, 0.0 ],
					"to": [ 1.0, 2.0, 2.0 ],
					"rotationOrigin": [ 0.0, 0.0, 0.0 ],
					"rotationY": -20.0,
					"faces": {
						"north": { "texture": "#medieval-high-boots-r", "uv": [ 10.0, 14.0, 11.0, 16.0 ] },
						"east": { "texture": "#medieval-high-boots-r", "uv": [ 7.0, 14.0, 9.0, 16.0 ] },
						"south": { "texture": "#medieval-high-boots-r", "uv": [ 6.5, 14.0, 7.5, 16.0 ] },
						"west": { "texture": "#medieval-high-boots-r", "uv": [ 7.0, 14.0, 9.0, 16.0 ] },
						"up": { "texture": "#medieval-high-boots-r", "uv": [ 6.5, 13.5, 8.5, 14.5 ], "rotation": 90 },
						"down": { "texture": "#medieval-high-boots-r", "uv": [ 0.0, 0.0, 1.0, 2.0 ] }
					}
				},
				{
					"name": "shoe R2",
					"from": [ 0.01, 3.5, 0.0 ],
					"to": [ 4.21, 5.5, 1.6 ],
					"rotationOrigin": [ 0.0, 3.5, 1.6 ],
					"rotationX": -15.0,
					"faces": {
						"north": { "texture": "#medieval-high-boots-r", "uv": [ 3.0, 10.5, 7.0, 12.5 ] },
						"east": { "texture": "#medieval-high-boots-r", "uv": [ 1.5, 10.5, 3.0, 12.5 ] },
						"south": { "texture": "#medieval-high-boots-r", "uv": [ 5.0, 0.0, 7.0, 4.0 ], "rotation": 90 },
						"west": { "texture": "#medieval-high-boots-r", "uv": [ 7.0, 10.5, 8.5, 12.5 ] },
						"up": { "texture": "#medieval-high-boots-r", "uv": [ 4.0, 0.0, 5.5, 4.0 ], "rotation": 90 },
						"down": { "texture": "#medieval-high-boots-r", "uv": [ 0.0, 0.0, 1.5, 4.0 ], "rotation": 90 }
					}
				},
				{
					"name": "shoe R3",
					"from": [ 0.01, 3.5, 1.6 ],
					"to": [ 4.21, 5.5, 3.2 ],
					"rotationOrigin": [ 0.0, 3.5, 1.6 ],
					"rotationX": 15.0,
					"faces": {
						"north": { "texture": "#medieval-high-boots-r", "uv": [ 5.0, 0.0, 7.0, 4.0 ], "rotation": 90 },
						"east": { "texture": "#medieval-high-boots-r", "uv": [ 0.0, 10.5, 1.5, 12.5 ] },
						"south": { "texture": "#medieval-high-boots-r", "uv": [ 10.0, 10.5, 14.0, 12.5 ] },
						"west": { "texture": "#medieval-high-boots-r", "uv": [ 8.5, 10.5, 10.0, 12.5 ] },
						"up": { "texture": "#medieval-high-boots-r", "uv": [ 5.5, 0.0, 7.0, 4.0 ], "rotation": 90 },
						"down": { "texture": "#medieval-high-boots-r", "uv": [ 0.0, 0.0, 1.5, 4.0 ], "rotation": 90 }
					}
				},
				{
					"name": "Cube5",
					"from": [ 0.0, 0.0, 1.72 ],
					"to": [ 0.5, 1.99, 3.2 ],
					"rotationOrigin": [ 0.0, 0.0, 3.2 ],
					"rotationY": 27.3,
					"faces": {
						"north": { "texture": "#medieval-high-boots-r", "uv": [ 10.0, 14.0, 10.5, 15.5 ] },
						"east": { "texture": "#medieval-high-boots-r", "uv": [ 7.0, 14.0, 8.0, 15.5 ] },
						"south": { "texture": "#medieval-high-boots-r", "uv": [ 6.5, 14.0, 7.0, 15.5 ] },
						"west": { "texture": "#medieval-high-boots-r", "uv": [ 8.5, 14.0, 10.0, 16.0 ], "autoUv": false },
						"up": { "texture": "#medieval-high-boots-r", "uv": [ 8.0, 14.0, 9.5, 14.5 ], "rotation": 90, "autoUv": false },
						"down": { "texture": "#medieval-high-boots-r", "uv": [ 0.0, 0.0, 0.5, 1.0 ] }
					}
				},
				{
					"name": "FootArmorR",
					"from": [ 0.0, 0.0, 0.0 ],
					"to": [ 1.0, 1.0, 1.0 ],
					"faces": {
					},
					"children": [
						{
							"name": "Cube1",
							"from": [ -0.1, 4.6, 0.6 ],
							"to": [ 0.4, 4.9, 2.6 ],
							"rotationOrigin": [ -0.1, 4.8, 1.6 ],
							"rotationX": 16.0,
							"faces": {
								"north": { "texture": "#medieval-high-boots-r", "uv": [ 13.0, 0.5, 13.5, 1.0 ] },
								"east": { "texture": "#medieval-high-boots-r", "uv": [ 13.0, 0.0, 13.5, 2.0 ], "rotation": 90 },
								"south": { "texture": "#medieval-high-boots-r", "uv": [ 13.0, 1.5, 13.5, 2.0 ] },
								"west": { "texture": "#medieval-high-boots-r", "uv": [ 13.0, 0.0, 13.5, 2.0 ], "rotation": 90 },
								"up": { "texture": "#medieval-high-boots-r", "uv": [ 13.0, 0.0, 13.5, 2.0 ], "windMode": [-1,-1,-1,-1] },
								"down": { "texture": "#medieval-high-boots-r", "uv": [ 13.0, 0.0, 13.5, 2.0 ], "windMode": [-1,-1,-1,-1] }
							}
						},
						{
							"name": "Cube20",
							"from": [ -0.2, 4.6, 0.6 ],
							"to": [ 0.3, 4.9, 2.6 ],
							"rotationOrigin": [ -0.2, 4.8, 1.6 ],
							"rotationX": -16.0,
							"faces": {
								"north": { "texture": "#medieval-high-boots-r", "uv": [ 13.0, 0.0, 13.5, 0.5 ] },
								"east": { "texture": "#medieval-high-boots-r", "uv": [ 13.0, 0.0, 13.5, 2.0 ], "rotation": 90 },
								"south": { "texture": "#medieval-high-boots-r", "uv": [ 13.0, 0.5, 13.5, 1.0 ] },
								"west": { "texture": "#medieval-high-boots-r", "uv": [ 13.0, 0.0, 13.5, 2.0 ], "rotation": 90 },
								"up": { "texture": "#medieval-high-boots-r", "uv": [ 13.0, 0.0, 13.5, 2.0 ] },
								"down": { "texture": "#medieval-high-boots-r", "uv": [ 13.0, 0.0, 13.5, 2.0 ] }
							}
						},
						{
							"name": "Cube21",
							"from": [ -0.1, 3.7, 0.6 ],
							"to": [ 0.4, 4.0, 2.6 ],
							"rotationOrigin": [ -0.1, 3.9, 1.6 ],
							"rotationX": 16.0,
							"faces": {
								"north": { "texture": "#medieval-high-boots-r", "uv": [ 13.0, 0.5, 13.5, 1.0 ] },
								"east": { "texture": "#medieval-high-boots-r", "uv": [ 13.0, 0.0, 13.5, 2.0 ], "rotation": 90 },
								"south": { "texture": "#medieval-high-boots-r", "uv": [ 13.0, 0.0, 13.5, 0.5 ] },
								"west": { "texture": "#medieval-high-boots-r", "uv": [ 13.0, 0.0, 13.5, 2.0 ], "rotation": 90 },
								"up": { "texture": "#medieval-high-boots-r", "uv": [ 13.0, 0.0, 13.5, 2.0 ] },
								"down": { "texture": "#medieval-high-boots-r", "uv": [ 13.0, 0.0, 13.5, 2.0 ] }
							}
						},
						{
							"name": "Cube22",
							"from": [ -0.2, 3.7, 0.6 ],
							"to": [ 0.3, 4.0, 2.6 ],
							"rotationOrigin": [ -0.2, 3.9, 1.6 ],
							"rotationX": -16.0,
							"faces": {
								"north": { "texture": "#medieval-high-boots-r", "uv": [ 13.0, 1.0, 13.5, 1.5 ] },
								"east": { "texture": "#medieval-high-boots-r", "uv": [ 13.0, 0.0, 13.5, 2.0 ], "rotation": 90 },
								"south": { "texture": "#medieval-high-boots-r", "uv": [ 13.0, 1.0, 13.5, 1.5 ] },
								"west": { "texture": "#medieval-high-boots-r", "uv": [ 13.0, 0.0, 13.5, 2.0 ], "rotation": 90 },
								"up": { "texture": "#medieval-high-boots-r", "uv": [ 13.0, 0.0, 13.5, 2.0 ] },
								"down": { "texture": "#medieval-high-boots-r", "uv": [ 13.0, 0.0, 13.5, 2.0 ] }
							}
						}
					]
				}
			]
		},
		{
			"name": "shoe L",
			"stepParentName": "LowerFootL",
			"from": [ -0.1, -0.1, -0.1 ],
			"to": [ 4.1, 3.4, 3.1 ],
			"rotationOrigin": [ -0.1, -0.1, -0.1 ],
			"faces": {
				"north": { "texture": "#medieval-high-boots-l", "uv": [ 0.0, 12.5, 4.0, 16.0 ] },
				"east": { "texture": "#medieval-high-boots-l", "uv": [ 11.0, 12.5, 14.0, 16.0 ], "windMode": [-1,-1,-1,-1] },
				"south": { "texture": "#medieval-high-boots-l", "uv": [ 7.0, 12.5, 11.0, 16.0 ], "windMode": [-1,-1,-1,-1] },
				"west": { "texture": "#medieval-high-boots-l", "uv": [ 4.0, 12.5, 7.0, 16.0 ], "windMode": [-1,-1,-1,-1] },
				"up": { "texture": "#medieval-high-boots-l", "uv": [ 4.0, 0.0, 7.0, 4.0 ], "rotation": 90, "windMode": [-1,-1,-1,-1] },
				"down": { "texture": "#medieval-high-boots-l", "uv": [ 0.0, 0.0, 3.0, 4.0 ], "rotation": 90 }
			},
			"children": [
				{
					"name": "Cube2",
					"from": [ 0.0, 0.0, 1.2 ],
					"to": [ 1.0, 2.0, 3.2 ],
					"rotationOrigin": [ 0.0, 0.0, 3.2 ],
					"rotationY": 20.0,
					"faces": {
						"north": { "texture": "#medieval-high-boots-l", "uv": [ 7.5, 14.0, 8.5, 16.0 ] },
						"east": { "texture": "#medieval-high-boots-l", "uv": [ 4.0, 14.0, 6.0, 16.0 ] },
						"south": { "texture": "#medieval-high-boots-l", "uv": [ 3.5, 14.0, 4.5, 16.0 ] },
						"west": { "texture": "#medieval-high-boots-l", "uv": [ 5.0, 14.0, 7.0, 16.0 ] },
						"up": { "texture": "#medieval-high-boots-l", "uv": [ 5.5, 13.5, 7.5, 14.5 ], "rotation": 90 },
						"down": { "texture": "#medieval-high-boots-l", "uv": [ 0.0, 0.0, 1.0, 2.0 ] }
					}
				},
				{
					"name": "shoe L2",
					"from": [ 0.01, 3.5, 0.0 ],
					"to": [ 4.21, 5.5, 1.6 ],
					"rotationOrigin": [ 0.0, 3.5, 1.6 ],
					"rotationX": -15.0,
					"faces": {
						"north": { "texture": "#medieval-high-boots-l", "uv": [ 0.0, 10.5, 4.0, 12.5 ] },
						"east": { "texture": "#medieval-high-boots-l", "uv": [ 12.5, 10.5, 14.0, 12.5 ] },
						"south": { "texture": "#medieval-high-boots-l", "uv": [ 5.0, 0.0, 7.0, 4.0 ], "rotation": 90 },
						"west": { "texture": "#medieval-high-boots-l", "uv": [ 4.0, 10.5, 5.5, 12.5 ] },
						"up": { "texture": "#medieval-high-boots-l", "uv": [ 4.0, 0.0, 5.5, 4.0 ], "rotation": 90 },
						"down": { "texture": "#medieval-high-boots-l", "uv": [ 0.0, 0.0, 1.5, 4.0 ], "rotation": 90 }
					}
				},
				{
					"name": "shoe L3",
					"from": [ 0.01, 3.5, 1.6 ],
					"to": [ 4.21, 5.5, 3.2 ],
					"rotationOrigin": [ 0.0, 3.5, 1.6 ],
					"rotationX": 15.0,
					"faces": {
						"north": { "texture": "#medieval-high-boots-l", "uv": [ 4.0, 0.0, 6.0, 4.0 ], "rotation": 90 },
						"east": { "texture": "#medieval-high-boots-l", "uv": [ 11.0, 10.5, 12.5, 12.5 ] },
						"south": { "texture": "#medieval-high-boots-l", "uv": [ 7.0, 10.5, 11.0, 12.5 ] },
						"west": { "texture": "#medieval-high-boots-l", "uv": [ 5.5, 10.5, 7.0, 12.5 ] },
						"up": { "texture": "#medieval-high-boots-l", "uv": [ 5.5, 0.0, 7.0, 4.0 ], "rotation": 90 },
						"down": { "texture": "#medieval-high-boots-l", "uv": [ 0.0, 0.0, 1.5, 4.0 ], "rotation": 90 }
					}
				},
				{
					"name": "Cube6",
					"from": [ 0.0, 0.0, 0.0 ],
					"to": [ 0.5, 1.99, 1.48 ],
					"rotationOrigin": [ 0.0, 0.0, 0.0 ],
					"rotationY": -27.3,
					"faces": {
						"north": { "texture": "#medieval-high-boots-l", "uv": [ 7.5, 14.0, 8.0, 15.5 ] },
						"east": { "texture": "#medieval-high-boots-l", "uv": [ 4.0, 14.0, 5.0, 15.5 ] },
						"south": { "texture": "#medieval-high-boots-l", "uv": [ 3.5, 14.0, 4.0, 15.5 ] },
						"west": { "texture": "#medieval-high-boots-l", "uv": [ 4.0, 14.0, 5.5, 16.0 ], "autoUv": false },
						"up": { "texture": "#medieval-high-boots-l", "uv": [ 4.5, 14.0, 6.0, 14.5 ], "rotation": 90, "autoUv": false },
						"down": { "texture": "#medieval-high-boots-l", "uv": [ 0.0, 0.0, 0.5, 1.0 ] }
					}
				},
				{
					"name": "FootArmorL",
					"from": [ 0.0, 0.0, 0.0 ],
					"to": [ 1.0, 1.0, 1.0 ],
					"faces": {
					},
					"children": [
						{
							"name": "Cube23",
							"from": [ -0.1, 4.6, 0.6 ],
							"to": [ 0.4, 4.9, 2.6 ],
							"rotationOrigin": [ -0.1, 4.7, 1.6 ],
							"rotationX": -16.0,
							"faces": {
								"north": { "texture": "#medieval-high-boots-r", "uv": [ 13.0, 0.5, 13.5, 1.0 ] },
								"east": { "texture": "#medieval-high-boots-r", "uv": [ 13.0, 0.0, 13.5, 2.0 ], "rotation": 90 },
								"south": { "texture": "#medieval-high-boots-r", "uv": [ 13.0, 0.5, 13.5, 1.0 ] },
								"west": { "texture": "#medieval-high-boots-r", "uv": [ 13.0, 0.0, 13.5, 2.0 ], "rotation": 90 },
								"up": { "texture": "#medieval-high-boots-r", "uv": [ 13.0, 0.0, 13.5, 2.0 ], "windMode": [-1,-1,-1,-1] },
								"down": { "texture": "#medieval-high-boots-r", "uv": [ 13.0, 0.0, 13.5, 2.0 ], "windMode": [-1,-1,-1,-1] }
							}
						},
						{
							"name": "Cube24",
							"from": [ -0.2, 4.6, 0.6 ],
							"to": [ 0.3, 4.9, 2.6 ],
							"rotationOrigin": [ -0.2, 4.7, 1.6 ],
							"rotationX": 16.0,
							"faces": {
								"north": { "texture": "#medieval-high-boots-r", "uv": [ 13.0, 0.0, 13.5, 0.5 ] },
								"east": { "texture": "#medieval-high-boots-r", "uv": [ 13.0, 0.0, 13.5, 2.0 ], "rotation": 90 },
								"south": { "texture": "#medieval-high-boots-r", "uv": [ 13.0, 0.0, 13.5, 0.5 ] },
								"west": { "texture": "#medieval-high-boots-r", "uv": [ 13.0, 0.0, 13.5, 2.0 ], "rotation": 90 },
								"up": { "texture": "#medieval-high-boots-r", "uv": [ 13.0, 0.0, 13.5, 2.0 ] },
								"down": { "texture": "#medieval-high-boots-r", "uv": [ 13.0, 0.0, 13.5, 2.0 ] }
							}
						},
						{
							"name": "Cube25",
							"from": [ -0.1, 3.7, 0.6 ],
							"to": [ 0.4, 4.0, 2.6 ],
							"rotationOrigin": [ -0.1, 3.8, 1.6 ],
							"rotationX": -16.0,
							"faces": {
								"north": { "texture": "#medieval-high-boots-r", "uv": [ 13.0, 0.5, 13.5, 1.0 ] },
								"east": { "texture": "#medieval-high-boots-r", "uv": [ 13.0, 0.0, 13.5, 2.0 ], "rotation": 90 },
								"south": { "texture": "#medieval-high-boots-r", "uv": [ 13.0, 1.0, 13.5, 1.5 ] },
								"west": { "texture": "#medieval-high-boots-r", "uv": [ 13.0, 0.0, 13.5, 2.0 ], "rotation": 90 },
								"up": { "texture": "#medieval-high-boots-r", "uv": [ 13.0, 0.0, 13.5, 2.0 ] },
								"down": { "texture": "#medieval-high-boots-r", "uv": [ 13.0, 0.0, 13.5, 2.0 ] }
							}
						},
						{
							"name": "Cube26",
							"from": [ -0.2, 3.7, 0.6 ],
							"to": [ 0.3, 4.0, 2.6 ],
							"rotationOrigin": [ -0.2, 3.8, 1.6 ],
							"rotationX": 16.0,
							"faces": {
								"north": { "texture": "#medieval-high-boots-r", "uv": [ 13.0, 0.0, 13.5, 0.5 ] },
								"east": { "texture": "#medieval-high-boots-r", "uv": [ 13.0, 0.0, 13.5, 2.0 ], "rotation": 90 },
								"south": { "texture": "#medieval-high-boots-r", "uv": [ 13.0, 0.0, 13.5, 0.5 ] },
								"west": { "texture": "#medieval-high-boots-r", "uv": [ 13.0, 0.0, 13.5, 2.0 ], "rotation": 90 },
								"up": { "texture": "#medieval-high-boots-r", "uv": [ 13.0, 0.0, 13.5, 2.0 ] },
								"down": { "texture": "#medieval-high-boots-r", "uv": [ 13.0, 0.0, 13.5, 2.0 ] }
							}
						}
					]
				}
			]
		}
	]}