{
  "editor": {
    "allAngles": true,
    "entityTextureMode": false
  },
  "textureWidth": 16,
  "textureHeight": 16,
  "textureSizes": {},
  "textures": {
    "largeleavesjalapenos": "cropsv2:block/plant/crop/jalapeno/largeleavesjalapenos",
    "stemandlsmallleaves": "cropsv2:block/plant/crop/jalapeno/stemandlsmallleaves"
  },
  "elements": [
    {
      "name": "stem",
      "from": [7.6, -0.1, 7.6],
      "to": [8.4, 14.9, 8.4],
      "rotationOrigin": [7.9, -0.1, 7.9],
      "faces": {
        "north": {
          "texture": "#stemandlsmallleaves",
          "uv": [0.5, 0.0, 1.5, 15.0],
          "autoUv": false,
          "windMode": [0, 4, 4, 0]
        },
        "east": {
          "texture": "#stemandlsmallleaves",
          "uv": [0.5, 0.5, 1.5, 15.5],
          "autoUv": false,
          "windMode": [0, 4, 4, 0]
        },
        "south": {
          "texture": "#stemandlsmallleaves",
          "uv": [0.5, 0.5, 1.5, 15.5],
          "autoUv": false,
          "windMode": [0, 0, 4, 4]
        },
        "west": {
          "texture": "#stemandlsmallleaves",
          "uv": [0.5, 0.0, 1.5, 15.0],
          "autoUv": false,
          "windMode": [0, 0, 4, 4]
        },
        "up": {
          "texture": "#stemandlsmallleaves",
          "uv": [0.5, 2.0, 1.5, 3.0],
          "autoUv": false,
          "windMode": [4, 4, 4, 4]
        },
        "down": {
          "texture": "#stemandlsmallleaves",
          "uv": [0.0, 0.0, 0.5, 0.5],
          "enabled": false,
          "windMode": [0, 0, 0, 0]
        }
      },
      "children": [
        {
          "name": "leaf 1",
          "from": [0.1, 4.0, -0.8],
          "to": [0.1, 7.0, 1.6],
          "rotationOrigin": [0.1, 4.0, -0.1],
          "rotationZ": 67.5,
          "faces": {
            "north": {
              "texture": "#stemandlsmallleaves",
              "uv": [0.0, 0.0, 0.5, 3.0],
              "enabled": false,
              "windMode": [-1, -1, -1, -1]
            },
            "east": {
              "texture": "#stemandlsmallleaves",
              "uv": [11.0, 11.5, 13.5, 15.0],
              "autoUv": false,
              "windMode": [4, 7, 7, 4]
            },
            "south": {
              "texture": "#stemandlsmallleaves",
              "uv": [0.0, 0.0, 0.5, 3.0],
              "enabled": false,
              "windMode": [-1, -1, -1, -1]
            },
            "west": {
              "texture": "#stemandlsmallleaves",
              "uv": [0.0, 0.0, 2.0, 3.0],
              "enabled": false,
              "windMode": [-1, -1, -1, -1]
            },
            "up": {
              "texture": "#stemandlsmallleaves",
              "uv": [0.0, 0.0, 0.5, 2.0],
              "enabled": false,
              "windMode": [-1, -1, -1, -1]
            },
            "down": {
              "texture": "#stemandlsmallleaves",
              "uv": [0.0, 0.0, 0.5, 2.0],
              "enabled": false,
              "windMode": [-1, -1, -1, -1]
            }
          }
        },
        {
          "name": "leaf 2",
          "from": [0.7, 4.0, -0.8],
          "to": [0.7, 7.0, 1.6],
          "rotationOrigin": [0.7, 4.0, -0.1],
          "rotationZ": -67.5,
          "faces": {
            "north": {
              "texture": "#stemandlsmallleaves",
              "uv": [0.0, 0.0, 0.5, 3.0],
              "enabled": false,
              "windMode": [-1, -1, -1, -1]
            },
            "east": {
              "texture": "#stemandlsmallleaves",
              "uv": [0.0, 0.0, 2.0, 3.0],
              "enabled": false,
              "windMode": [-1, -1, -1, -1]
            },
            "south": {
              "texture": "#stemandlsmallleaves",
              "uv": [0.0, 0.0, 0.5, 3.0],
              "enabled": false,
              "windMode": [-1, -1, -1, -1]
            },
            "west": {
              "texture": "#stemandlsmallleaves",
              "uv": [11.0, 11.5, 13.5, 15.0],
              "autoUv": false,
              "windMode": [4, 4, 7, 7]
            },
            "up": {
              "texture": "#stemandlsmallleaves",
              "uv": [0.0, 0.0, 0.5, 2.0],
              "enabled": false,
              "windMode": [-1, -1, -1, -1]
            },
            "down": {
              "texture": "#stemandlsmallleaves",
              "uv": [0.0, 0.0, 0.5, 2.0],
              "enabled": false,
              "windMode": [-1, -1, -1, -1]
            }
          }
        },
        {
          "name": "leaf 3",
          "from": [-1.0, 8.4, 0.1],
          "to": [1.8, 13.9, 0.1],
          "rotationOrigin": [-0.4, 8.4, 0.1],
          "rotationX": -67.5,
          "faces": {
            "north": {
              "texture": "#stemandlsmallleaves",
              "uv": [0.0, 0.0, 2.5, 5.5],
              "enabled": false,
              "windMode": [-1, -1, -1, -1]
            },
            "east": {
              "texture": "#stemandlsmallleaves",
              "uv": [0.0, 0.0, 0.5, 5.5],
              "enabled": false,
              "windMode": [-1, -1, -1, -1]
            },
            "south": {
              "texture": "#stemandlsmallleaves",
              "uv": [7.0, 10.0, 10.5, 16.0],
              "autoUv": false,
              "windMode": [4, 4, 1, 1]
            },
            "west": {
              "texture": "#stemandlsmallleaves",
              "uv": [0.0, 0.0, 0.5, 5.5],
              "enabled": false,
              "windMode": [-1, -1, -1, -1]
            },
            "up": {
              "texture": "#stemandlsmallleaves",
              "uv": [0.0, 0.0, 2.5, 0.5],
              "enabled": false,
              "windMode": [-1, -1, -1, -1]
            },
            "down": {
              "texture": "#stemandlsmallleaves",
              "uv": [0.0, 0.0, 2.5, 0.5],
              "enabled": false,
              "windMode": [-1, -1, -1, -1]
            }
          }
        },
        {
          "name": "leaf 4",
          "from": [-1.0, 8.4, 0.7],
          "to": [1.8, 13.9, 0.7],
          "rotationOrigin": [-0.4, 8.4, 0.7],
          "rotationX": 67.5,
          "faces": {
            "north": {
              "texture": "#stemandlsmallleaves",
              "uv": [7.0, 10.1, 10.5, 16.0],
              "autoUv": false,
              "windMode": [4, 1, 1, 4]
            },
            "east": {
              "texture": "#stemandlsmallleaves",
              "uv": [0.0, 0.0, 0.5, 5.5],
              "enabled": false,
              "windMode": [-1, -1, -1, -1]
            },
            "south": {
              "texture": "#stemandlsmallleaves",
              "uv": [0.0, 0.0, 2.5, 5.5],
              "enabled": false,
              "windMode": [-1, -1, -1, -1]
            },
            "west": {
              "texture": "#stemandlsmallleaves",
              "uv": [0.0, 0.0, 0.5, 5.5],
              "enabled": false,
              "windMode": [-1, -1, -1, -1]
            },
            "up": {
              "texture": "#stemandlsmallleaves",
              "uv": [0.0, 0.0, 2.5, 0.5],
              "enabled": false,
              "windMode": [-1, -1, -1, -1]
            },
            "down": {
              "texture": "#stemandlsmallleaves",
              "uv": [0.0, 0.0, 2.5, 0.5],
              "enabled": false,
              "windMode": [-1, -1, -1, -1]
            }
          }
        },
        {
          "name": "leaf 5",
          "from": [0.1, 6.4, -0.9],
          "to": [0.1, 10.4, 1.7],
          "rotationOrigin": [0.1, 6.4, -0.2],
          "rotationZ": 67.5,
          "faces": {
            "north": {
              "texture": "#stemandlsmallleaves",
              "uv": [0.0, 0.0, 0.5, 4.0],
              "enabled": false
            },
            "east": {
              "texture": "#stemandlsmallleaves",
              "uv": [11.0, 11.5, 13.5, 16.0],
              "autoUv": false,
              "windMode": [4, 1, 1, 4]
            },
            "south": {
              "texture": "#stemandlsmallleaves",
              "uv": [0.0, 0.0, 0.5, 4.0],
              "enabled": false
            },
            "west": {
              "texture": "#stemandlsmallleaves",
              "uv": [0.0, 0.0, 2.5, 4.0],
              "enabled": false,
              "windMode": [-1, -1, -1, -1]
            },
            "up": {
              "texture": "#stemandlsmallleaves",
              "uv": [0.0, 0.0, 0.5, 2.5],
              "enabled": false
            },
            "down": {
              "texture": "#stemandlsmallleaves",
              "uv": [0.0, 0.0, 0.5, 2.5],
              "enabled": false
            }
          }
        },
        {
          "name": "leaf 6",
          "from": [0.7, 6.4, -0.9],
          "to": [0.7, 10.4, 1.7],
          "rotationOrigin": [0.7, 6.4, -0.2],
          "rotationZ": -67.5,
          "faces": {
            "north": {
              "texture": "#stemandlsmallleaves",
              "uv": [0.0, 0.0, 0.5, 4.0],
              "enabled": false,
              "windMode": [-1, -1, -1, -1]
            },
            "east": {
              "texture": "#stemandlsmallleaves",
              "uv": [0.0, 0.0, 2.5, 4.0],
              "enabled": false,
              "windMode": [-1, -1, -1, -1]
            },
            "south": {
              "texture": "#stemandlsmallleaves",
              "uv": [0.0, 0.0, 0.5, 4.0],
              "enabled": false
            },
            "west": {
              "texture": "#stemandlsmallleaves",
              "uv": [11.0, 11.5, 13.5, 16.0],
              "autoUv": false,
              "windMode": [4, 4, 1, 1]
            },
            "up": {
              "texture": "#stemandlsmallleaves",
              "uv": [0.0, 0.0, 0.5, 2.5],
              "enabled": false
            },
            "down": {
              "texture": "#stemandlsmallleaves",
              "uv": [0.0, 0.0, 0.5, 2.5],
              "enabled": false
            }
          }
        },
        {
          "name": "leaf 7",
          "from": [0.1, 14.6, -0.7],
          "to": [0.1, 17.6, 1.5],
          "rotationOrigin": [0.1, 14.6, 0.0],
          "rotationZ": 67.5,
          "faces": {
            "north": {
              "texture": "#null",
              "uv": [0.0, 0.0, 0.5, 3.0],
              "enabled": false
            },
            "east": {
              "texture": "#stemandlsmallleaves",
              "uv": [11.0, 11.5, 13.5, 15.0],
              "autoUv": false,
              "windMode": [4, 1, 1, 4]
            },
            "south": {
              "texture": "#null",
              "uv": [0.0, 0.0, 0.5, 3.0],
              "enabled": false
            },
            "west": {
              "texture": "#null",
              "uv": [0.0, 0.0, 2.0, 3.0],
              "enabled": false,
              "windMode": [-1, -1, -1, -1]
            },
            "up": {
              "texture": "#null",
              "uv": [0.0, 0.0, 0.5, 2.0],
              "enabled": false
            },
            "down": {
              "texture": "#null",
              "uv": [0.0, 0.0, 0.5, 2.0],
              "enabled": false
            }
          }
        },
        {
          "name": "leaf 8",
          "from": [0.7, 14.6, -0.7],
          "to": [0.7, 17.6, 1.5],
          "rotationOrigin": [0.7, 14.6, 0.0],
          "rotationZ": -67.5,
          "faces": {
            "north": {
              "texture": "#stemandlsmallleaves",
              "uv": [0.0, 0.0, 0.5, 3.0],
              "enabled": false
            },
            "east": {
              "texture": "#stemandlsmallleaves",
              "uv": [0.0, 0.0, 2.0, 3.0],
              "enabled": false
            },
            "south": {
              "texture": "#stemandlsmallleaves",
              "uv": [0.0, 0.0, 0.5, 3.0],
              "enabled": false
            },
            "west": {
              "texture": "#stemandlsmallleaves",
              "uv": [11.0, 11.5, 13.5, 15.0],
              "autoUv": false,
              "windMode": [4, 4, 1, 1]
            },
            "up": {
              "texture": "#stemandlsmallleaves",
              "uv": [0.0, 0.0, 0.5, 2.0],
              "enabled": false
            },
            "down": {
              "texture": "#stemandlsmallleaves",
              "uv": [0.0, 0.0, 0.5, 2.0],
              "enabled": false
            }
          }
        },
        {
          "name": "branch 1",
          "from": [0.1, 10.5, 0.1],
          "to": [0.7, 15.5, 0.7],
          "rotationOrigin": [0.4, 10.5, 0.4],
          "rotationY": -22.5,
          "rotationZ": 67.5,
          "faces": {
            "north": {
              "texture": "#stemandlsmallleaves",
              "uv": [0.5, 2.0, 1.5, 7.0],
              "autoUv": false,
              "windMode": [4, 4, 4, 4]
            },
            "east": {
              "texture": "#stemandlsmallleaves",
              "uv": [0.5, 3.5, 1.5, 8.5],
              "autoUv": false,
              "windMode": [4, 4, 4, 4]
            },
            "south": {
              "texture": "#stemandlsmallleaves",
              "uv": [0.5, 6.5, 1.5, 11.5],
              "autoUv": false,
              "windMode": [4, 4, 4, 4]
            },
            "west": {
              "texture": "#stemandlsmallleaves",
              "uv": [0.5, 7.5, 1.5, 12.5],
              "autoUv": false,
              "windMode": [4, 4, 4, 4]
            },
            "up": {
              "texture": "#stemandlsmallleaves",
              "uv": [0.5, 4.0, 1.5, 5.0],
              "autoUv": false,
              "windMode": [4, 4, 4, 4]
            },
            "down": {
              "texture": "#stemandlsmallleaves",
              "uv": [0.5, 3.0, 1.5, 4.0],
              "autoUv": false,
              "windMode": [4, 4, 4, 4]
            }
          },
          "children": [
            {
              "name": "leaf 9",
              "from": [0.3424, 4.26, -0.45],
              "to": [0.3424, 6.76, 1.05],
              "rotationOrigin": [0.3424, 4.256, 0.247],
              "rotationZ": -45.0,
              "faces": {
                "north": {
                  "texture": "#stemandlsmallleaves",
                  "uv": [0.0, 0.0, 0.5, 2.5],
                  "enabled": false
                },
                "east": {
                  "texture": "#stemandlsmallleaves",
                  "uv": [14.0, 12.5, 15.5, 16.0],
                  "autoUv": false,
                  "windMode": [4, 1, 1, 4]
                },
                "south": {
                  "texture": "#stemandlsmallleaves",
                  "uv": [0.0, 0.0, 0.5, 2.5],
                  "enabled": false
                },
                "west": {
                  "texture": "#stemandlsmallleaves",
                  "uv": [0.0, 0.0, 1.5, 2.5],
                  "enabled": false,
                  "windMode": [4, 4, 1, 1]
                },
                "up": {
                  "texture": "#stemandlsmallleaves",
                  "uv": [0.0, 0.0, 0.5, 1.5],
                  "enabled": false
                },
                "down": {
                  "texture": "#stemandlsmallleaves",
                  "uv": [0.0, 0.0, 0.5, 1.5],
                  "enabled": false
                }
              }
            },
            {
              "name": "leaf 10",
              "from": [0.3424, 4.26, -0.45],
              "to": [0.3424, 6.76, 1.05],
              "rotationOrigin": [0.3424, 4.256, 0.247],
              "rotationX": -67.5,
              "faces": {
                "north": {
                  "texture": "#stemandlsmallleaves",
                  "uv": [0.0, 0.0, 0.5, 2.5],
                  "enabled": false
                },
                "east": {
                  "texture": "#stemandlsmallleaves",
                  "uv": [14.0, 12.5, 15.5, 16.0],
                  "autoUv": false,
                  "windMode": [4, 1, 1, 4]
                },
                "south": {
                  "texture": "#stemandlsmallleaves",
                  "uv": [0.0, 0.0, 0.5, 2.5],
                  "enabled": false
                },
                "west": {
                  "texture": "#stemandlsmallleaves",
                  "uv": [0.0, 0.0, 1.5, 2.5],
                  "enabled": false,
                  "windMode": [-1, -1, -1, -1]
                },
                "up": {
                  "texture": "#stemandlsmallleaves",
                  "uv": [0.0, 0.0, 0.5, 1.5],
                  "enabled": false
                },
                "down": {
                  "texture": "#stemandlsmallleaves",
                  "uv": [0.0, 0.0, 0.5, 1.5],
                  "enabled": false
                }
              }
            },
            {
              "name": "leaf 11",
              "from": [0.3424, 4.26, -0.45],
              "to": [0.3424, 6.76, 1.05],
              "rotationOrigin": [0.3424, 4.256, 0.247],
              "rotationX": 90.0,
              "rotationY": 22.5,
              "faces": {
                "north": {
                  "texture": "#stemandlsmallleaves",
                  "uv": [0.0, 0.0, 0.5, 2.5],
                  "enabled": false
                },
                "east": {
                  "texture": "#stemandlsmallleaves",
                  "uv": [14.0, 12.5, 15.5, 16.0],
                  "autoUv": false,
                  "windMode": [4, 1, 1, 4]
                },
                "south": {
                  "texture": "#stemandlsmallleaves",
                  "uv": [0.0, 0.0, 0.5, 2.5],
                  "enabled": false
                },
                "west": {
                  "texture": "#stemandlsmallleaves",
                  "uv": [0.0, 0.0, 1.5, 2.5],
                  "enabled": false,
                  "windMode": [-1, -1, -1, -1]
                },
                "up": {
                  "texture": "#stemandlsmallleaves",
                  "uv": [0.0, 0.0, 0.5, 1.5],
                  "enabled": false
                },
                "down": {
                  "texture": "#stemandlsmallleaves",
                  "uv": [0.0, 0.0, 0.5, 1.5],
                  "enabled": false
                }
              }
            },
            {
              "name": "pepper stem 1",
              "from": [-0.6, 3.8, 0.1],
              "to": [0.0, 4.1, 0.4],
              "rotationOrigin": [-0.1, 3.9, 0.2],
              "faces": {
                "north": {
                  "texture": "#stemandlsmallleaves",
                  "uv": [0.0, 0.0, 0.5, 0.5],
                  "windMode": [4, 4, 4, 4]
                },
                "east": {
                  "texture": "#stemandlsmallleaves",
                  "uv": [0.0, 0.0, 0.5, 0.5],
                  "windMode": [4, 4, 4, 4]
                },
                "south": {
                  "texture": "#stemandlsmallleaves",
                  "uv": [0.0, 0.0, 0.5, 0.5],
                  "windMode": [4, 4, 4, 4]
                },
                "west": {
                  "texture": "#stemandlsmallleaves",
                  "uv": [0.0, 0.0, 0.5, 0.5],
                  "windMode": [4, 4, 4, 4]
                },
                "up": {
                  "texture": "#stemandlsmallleaves",
                  "uv": [0.0, 0.0, 0.5, 0.5],
                  "windMode": [4, 4, 4, 4]
                },
                "down": {
                  "texture": "#stemandlsmallleaves",
                  "uv": [0.0, 0.0, 0.5, 0.5],
                  "windMode": [4, 4, 4, 4]
                }
              },
              "children": [
                {
                  "name": "pepper top 1",
                  "from": [-1.4, 0.0, -0.2],
                  "to": [0.3, 0.7, 0.5],
                  "rotationOrigin": [0.6, 0.3, 0.1],
                  "rotationZ": 22.5,
                  "faces": {
                    "north": {
                      "texture": "#largeleavesjalapenos",
                      "uv": [4.5, 2.0, 7.0, 3.0],
                      "autoUv": false,
                      "windMode": [4, 4, 4, 4]
                    },
                    "east": {
                      "texture": "#largeleavesjalapenos",
                      "uv": [7.0, 1.5, 8.0, 2.5],
                      "autoUv": false,
                      "windMode": [4, 4, 4, 4]
                    },
                    "south": {
                      "texture": "#largeleavesjalapenos",
                      "uv": [8.5, 1.0, 11.0, 2.0],
                      "autoUv": false,
                      "windMode": [4, 4, 4, 4]
                    },
                    "west": {
                      "texture": "#largeleavesjalapenos",
                      "uv": [7.0, 2.0, 8.0, 3.0],
                      "autoUv": false,
                      "windMode": [4, 4, 4, 4]
                    },
                    "up": {
                      "texture": "#largeleavesjalapenos",
                      "uv": [9.0, 2.5, 11.5, 3.5],
                      "autoUv": false,
                      "windMode": [4, 4, 4, 4]
                    },
                    "down": {
                      "texture": "#largeleavesjalapenos",
                      "uv": [4.0, 1.0, 6.5, 2.0],
                      "autoUv": false,
                      "windMode": [4, 4, 4, 4]
                    }
                  },
                  "children": [
                    {
                      "name": "pepper bottom",
                      "from": [-0.63, 0.15, 0.15],
                      "to": [0.27, 0.55, 0.55],
                      "rotationOrigin": [0.07, 0.34, 0.3],
                      "faces": {
                        "north": {
                          "texture": "#largeleavesjalapenos",
                          "uv": [5.0, 2.0, 6.5, 2.5],
                          "autoUv": false,
                          "windMode": [4, 4, 4, 4]
                        },
                        "east": {
                          "texture": "#largeleavesjalapenos",
                          "uv": [5.0, 1.0, 5.5, 1.5],
                          "windMode": [4, 4, 4, 4]
                        },
                        "south": {
                          "texture": "#largeleavesjalapenos",
                          "uv": [8.0, 1.5, 9.5, 2.0],
                          "autoUv": false,
                          "windMode": [4, 4, 4, 4]
                        },
                        "west": {
                          "texture": "#largeleavesjalapenos",
                          "uv": [10.0, 1.5, 10.5, 2.0],
                          "windMode": [4, 4, 4, 4]
                        },
                        "up": {
                          "texture": "#largeleavesjalapenos",
                          "uv": [5.0, 1.0, 6.5, 1.5],
                          "autoUv": false,
                          "windMode": [4, 4, 4, 4]
                        },
                        "down": {
                          "texture": "#largeleavesjalapenos",
                          "uv": [8.5, 1.5, 10.0, 2.0],
                          "autoUv": false,
                          "windMode": [4, 4, 4, 4]
                        }
                      }
                    }
                  ]
                }
              ]
            },
            {
              "name": "pepper stem 2",
              "from": [-0.5, 1.4, 0.1],
              "to": [0.1, 1.7, 0.4],
              "rotationOrigin": [0.0, 1.5, 0.2],
              "rotationX": -59.0,
              "rotationY": -13.0,
              "rotationZ": -23.0,
              "faces": {
                "north": {
                  "texture": "#stemandlsmallleaves",
                  "uv": [0.0, 0.0, 0.5, 0.5],
                  "windMode": [4, 4, 4, 4]
                },
                "east": {
                  "texture": "#stemandlsmallleaves",
                  "uv": [0.0, 0.0, 0.5, 0.5],
                  "windMode": [4, 4, 4, 4]
                },
                "south": {
                  "texture": "#stemandlsmallleaves",
                  "uv": [0.0, 0.0, 0.5, 0.5],
                  "windMode": [4, 4, 4, 4]
                },
                "west": {
                  "texture": "#stemandlsmallleaves",
                  "uv": [0.0, 0.0, 0.5, 0.5],
                  "windMode": [4, 4, 4, 4]
                },
                "up": {
                  "texture": "#stemandlsmallleaves",
                  "uv": [0.0, 0.0, 0.5, 0.5],
                  "windMode": [4, 4, 4, 4]
                },
                "down": {
                  "texture": "#stemandlsmallleaves",
                  "uv": [0.0, 0.0, 0.5, 0.5],
                  "windMode": [4, 4, 4, 4]
                }
              },
              "children": [
                {
                  "name": "pepper top 2",
                  "from": [-1.5, 0.1, -0.2],
                  "to": [0.2, 0.8, 0.5],
                  "rotationOrigin": [0.5, 0.4, 0.1],
                  "rotationZ": 33.0,
                  "faces": {
                    "north": {
                      "texture": "#largeleavesjalapenos",
                      "uv": [6.0, 1.0, 8.5, 2.0],
                      "autoUv": false,
                      "windMode": [4, 4, 4, 4]
                    },
                    "east": {
                      "texture": "#largeleavesjalapenos",
                      "uv": [9.0, 2.0, 10.0, 3.0],
                      "autoUv": false,
                      "windMode": [4, 4, 4, 4]
                    },
                    "south": {
                      "texture": "#largeleavesjalapenos",
                      "uv": [8.5, 2.5, 11.0, 3.5],
                      "autoUv": false,
                      "windMode": [4, 4, 4, 4]
                    },
                    "west": {
                      "texture": "#largeleavesjalapenos",
                      "uv": [4.5, 1.5, 5.5, 2.5],
                      "autoUv": false,
                      "windMode": [4, 4, 4, 4]
                    },
                    "up": {
                      "texture": "#largeleavesjalapenos",
                      "uv": [8.5, 1.0, 11.0, 2.0],
                      "autoUv": false,
                      "windMode": [4, 4, 4, 4]
                    },
                    "down": {
                      "texture": "#largeleavesjalapenos",
                      "uv": [3.5, 2.5, 6.0, 3.5],
                      "autoUv": false,
                      "windMode": [4, 4, 4, 4]
                    }
                  },
                  "children": [
                    {
                      "name": "pepper bottom2",
                      "from": [-0.73, 0.15, 0.15],
                      "to": [0.17, 0.55, 0.55],
                      "rotationOrigin": [0.37, 0.44, 0.3],
                      "faces": {
                        "north": {
                          "texture": "#largeleavesjalapenos",
                          "uv": [6.0, 2.5, 7.5, 3.0],
                          "autoUv": false,
                          "windMode": [4, 4, 4, 4]
                        },
                        "east": {
                          "texture": "#largeleavesjalapenos",
                          "uv": [6.5, 1.0, 7.0, 1.5],
                          "autoUv": false,
                          "windMode": [4, 4, 4, 4]
                        },
                        "south": {
                          "texture": "#largeleavesjalapenos",
                          "uv": [5.0, 3.0, 6.5, 3.5],
                          "autoUv": false,
                          "windMode": [4, 4, 4, 4]
                        },
                        "west": {
                          "texture": "#largeleavesjalapenos",
                          "uv": [6.0, 1.5, 6.5, 2.0],
                          "autoUv": false,
                          "windMode": [4, 4, 4, 4]
                        },
                        "up": {
                          "texture": "#largeleavesjalapenos",
                          "uv": [5.5, 1.5, 7.0, 2.0],
                          "autoUv": false,
                          "windMode": [4, 4, 4, 4]
                        },
                        "down": {
                          "texture": "#largeleavesjalapenos",
                          "uv": [4.0, 1.0, 5.5, 1.5],
                          "autoUv": false,
                          "windMode": [4, 4, 4, 4]
                        }
                      }
                    }
                  ]
                }
              ]
            }
          ]
        },
        {
          "name": "branch 2",
          "from": [0.1, 11.1, 0.1],
          "to": [0.7, 16.1, 0.7],
          "rotationOrigin": [0.4, 11.1, 0.4],
          "rotationY": -45.0,
          "rotationZ": -67.5,
          "faces": {
            "north": {
              "texture": "#stemandlsmallleaves",
              "uv": [0.5, 3.0, 1.5, 8.0],
              "autoUv": false,
              "windMode": [4, 4, 4, 4]
            },
            "east": {
              "texture": "#stemandlsmallleaves",
              "uv": [0.5, 6.5, 1.5, 11.5],
              "autoUv": false,
              "windMode": [4, 4, 4, 4]
            },
            "south": {
              "texture": "#stemandlsmallleaves",
              "uv": [0.5, 6.5, 1.5, 11.5],
              "autoUv": false,
              "windMode": [4, 4, 4, 4]
            },
            "west": {
              "texture": "#stemandlsmallleaves",
              "uv": [0.5, 6.0, 1.5, 11.0],
              "autoUv": false,
              "windMode": [4, 4, 4, 4]
            },
            "up": {
              "texture": "#stemandlsmallleaves",
              "uv": [0.5, 3.5, 1.5, 4.5],
              "autoUv": false,
              "windMode": [4, 4, 4, 4]
            },
            "down": {
              "texture": "#stemandlsmallleaves",
              "uv": [0.0, 0.0, 1.0, 1.0],
              "autoUv": false,
              "windMode": [4, 4, 4, 4]
            }
          },
          "children": [
            {
              "name": "leaf 12",
              "from": [0.13, 4.41, -0.4707],
              "to": [0.13, 6.91, 1.0293],
              "rotationOrigin": [0.1319, 4.4138, 0.2293],
              "rotationZ": 45.0,
              "faces": {
                "north": {
                  "texture": "#stemandlsmallleaves",
                  "uv": [0.0, 0.0, 0.5, 2.5],
                  "enabled": false
                },
                "east": {
                  "texture": "#stemandlsmallleaves",
                  "uv": [14.0, 12.5, 15.5, 16.0],
                  "enabled": false,
                  "autoUv": false,
                  "windMode": [4, 1, 1, 4]
                },
                "south": {
                  "texture": "#stemandlsmallleaves",
                  "uv": [0.0, 0.0, 0.5, 2.5],
                  "enabled": false
                },
                "west": {
                  "texture": "#stemandlsmallleaves",
                  "uv": [14.0, 12.5, 15.5, 16.0],
                  "autoUv": false,
                  "windMode": [4, 4, 1, 1]
                },
                "up": {
                  "texture": "#stemandlsmallleaves",
                  "uv": [0.0, 0.0, 0.5, 1.5],
                  "enabled": false
                },
                "down": {
                  "texture": "#stemandlsmallleaves",
                  "uv": [0.0, 0.0, 0.5, 1.5],
                  "enabled": false
                }
              }
            },
            {
              "name": "leaf 13",
              "from": [0.13, 4.41, -0.4707],
              "to": [0.13, 6.91, 1.0293],
              "rotationOrigin": [0.1319, 4.4138, 0.2293],
              "rotationX": -112.5,
              "rotationY": 45.0,
              "faces": {
                "north": {
                  "texture": "#stemandlsmallleaves",
                  "uv": [0.0, 0.0, 0.5, 2.5],
                  "enabled": false
                },
                "east": {
                  "texture": "#stemandlsmallleaves",
                  "uv": [0.0, 0.0, 1.5, 2.5],
                  "enabled": false
                },
                "south": {
                  "texture": "#stemandlsmallleaves",
                  "uv": [0.0, 0.0, 0.5, 2.5],
                  "enabled": false
                },
                "west": {
                  "texture": "#stemandlsmallleaves",
                  "uv": [14.0, 12.5, 15.5, 16.0],
                  "autoUv": false,
                  "windMode": [4, 4, 1, 1]
                },
                "up": {
                  "texture": "#stemandlsmallleaves",
                  "uv": [0.0, 0.0, 0.5, 1.5],
                  "enabled": false
                },
                "down": {
                  "texture": "#stemandlsmallleaves",
                  "uv": [0.0, 0.0, 0.5, 1.5],
                  "enabled": false
                }
              }
            },
            {
              "name": "leaf 14",
              "from": [0.13, 4.41, -0.4707],
              "to": [0.13, 6.91, 1.0293],
              "rotationOrigin": [0.1319, 4.4138, 0.2293],
              "rotationX": 90.0,
              "rotationY": 22.5,
              "rotationZ": -22.5,
              "faces": {
                "north": {
                  "texture": "#stemandlsmallleaves",
                  "uv": [0.0, 0.0, 0.5, 2.5],
                  "enabled": false
                },
                "east": {
                  "texture": "#stemandlsmallleaves",
                  "uv": [0.0, 0.0, 1.5, 2.5],
                  "enabled": false,
                  "windMode": [4, 1, 1, 4]
                },
                "south": {
                  "texture": "#stemandlsmallleaves",
                  "uv": [0.0, 0.0, 0.5, 2.5],
                  "enabled": false
                },
                "west": {
                  "texture": "#stemandlsmallleaves",
                  "uv": [14.0, 12.5, 15.5, 16.0],
                  "autoUv": false,
                  "windMode": [4, 4, 1, 1]
                },
                "up": {
                  "texture": "#stemandlsmallleaves",
                  "uv": [0.0, 0.0, 0.5, 1.5],
                  "enabled": false
                },
                "down": {
                  "texture": "#stemandlsmallleaves",
                  "uv": [0.0, 0.0, 0.5, 1.5],
                  "enabled": false
                }
              }
            },
            {
              "name": "pepper stem 3",
              "from": [0.01, 1.19, 0.28],
              "to": [0.61, 1.49, 0.58],
              "rotationOrigin": [0.5148, 1.285, 0.3844],
              "rotationX": 84.0,
              "rotationY": -17.0,
              "rotationZ": 148.0,
              "faces": {
                "north": {
                  "texture": "#stemandlsmallleaves",
                  "uv": [0.5, 2.5, 1.0, 3.0],
                  "windMode": [4, 4, 4, 4]
                },
                "east": {
                  "texture": "#stemandlsmallleaves",
                  "uv": [0.5, 2.5, 1.0, 3.0],
                  "windMode": [4, 4, 4, 4]
                },
                "south": {
                  "texture": "#stemandlsmallleaves",
                  "uv": [0.5, 5.0, 1.0, 5.5],
                  "windMode": [4, 4, 4, 4]
                },
                "west": {
                  "texture": "#stemandlsmallleaves",
                  "uv": [0.0, 0.0, 0.5, 0.5],
                  "windMode": [4, 4, 4, 4]
                },
                "up": {
                  "texture": "#stemandlsmallleaves",
                  "uv": [0.0, 0.0, 0.5, 0.5],
                  "windMode": [4, 4, 4, 4]
                },
                "down": {
                  "texture": "#stemandlsmallleaves",
                  "uv": [0.5, 1.0, 1.0, 1.5],
                  "windMode": [4, 4, 4, 4]
                }
              },
              "children": [
                {
                  "name": "pepper top 3",
                  "from": [-1.5, -0.2, -0.21],
                  "to": [0.2, 0.5, 0.49],
                  "rotationOrigin": [0.5, 0.1, 0.1],
                  "rotationZ": 22.5,
                  "faces": {
                    "north": {
                      "texture": "#largeleavesjalapenos",
                      "uv": [7.5, 1.5, 10.0, 2.5],
                      "autoUv": false,
                      "windMode": [4, 4, 4, 4]
                    },
                    "east": {
                      "texture": "#largeleavesjalapenos",
                      "uv": [7.5, 2.0, 8.5, 3.0],
                      "autoUv": false,
                      "windMode": [4, 4, 4, 4]
                    },
                    "south": {
                      "texture": "#largeleavesjalapenos",
                      "uv": [6.0, 1.5, 8.5, 2.5],
                      "autoUv": false,
                      "windMode": [4, 4, 4, 4]
                    },
                    "west": {
                      "texture": "#largeleavesjalapenos",
                      "uv": [5.0, 1.5, 6.0, 2.5],
                      "autoUv": false,
                      "windMode": [4, 4, 4, 4]
                    },
                    "up": {
                      "texture": "#largeleavesjalapenos",
                      "uv": [9.0, 1.0, 11.5, 2.0],
                      "autoUv": false,
                      "windMode": [4, 4, 4, 4]
                    },
                    "down": {
                      "texture": "#largeleavesjalapenos",
                      "uv": [5.0, 1.0, 8.0, 2.0],
                      "autoUv": false,
                      "windMode": [4, 4, 4, 4]
                    }
                  },
                  "children": [
                    {
                      "name": "pepper bottom 3",
                      "from": [-0.83, 0.15, 0.15],
                      "to": [0.07, 0.55, 0.55],
                      "rotationOrigin": [0.07, 0.3448, 0.3],
                      "faces": {
                        "north": {
                          "texture": "#largeleavesjalapenos",
                          "uv": [6.0, 2.5, 7.5, 3.0],
                          "autoUv": false,
                          "windMode": [4, 4, 4, 4]
                        },
                        "east": {
                          "texture": "#largeleavesjalapenos",
                          "uv": [7.5, 2.5, 8.0, 3.0],
                          "autoUv": false,
                          "windMode": [4, 4, 4, 4]
                        },
                        "south": {
                          "texture": "#largeleavesjalapenos",
                          "uv": [5.0, 1.0, 6.5, 1.5],
                          "autoUv": false,
                          "windMode": [4, 4, 4, 4]
                        },
                        "west": {
                          "texture": "#largeleavesjalapenos",
                          "uv": [6.0, 1.0, 6.5, 1.5],
                          "autoUv": false,
                          "windMode": [4, 4, 4, 4]
                        },
                        "up": {
                          "texture": "#largeleavesjalapenos",
                          "uv": [7.0, 2.5, 8.5, 3.0],
                          "autoUv": false,
                          "windMode": [4, 4, 4, 4]
                        },
                        "down": {
                          "texture": "#largeleavesjalapenos",
                          "uv": [9.0, 1.5, 10.5, 2.0],
                          "autoUv": false,
                          "windMode": [4, 4, 4, 4]
                        }
                      }
                    }
                  ]
                }
              ]
            },
            {
              "name": "pepper stem 4",
              "from": [0.01, 3.79, 0.18],
              "to": [0.61, 4.09, 0.48],
              "rotationOrigin": [0.5148, 3.885, 0.2844],
              "rotationX": -25.0,
              "rotationY": 7.0,
              "rotationZ": 148.0,
              "faces": {
                "north": {
                  "texture": "#stemandlsmallleaves",
                  "uv": [0.0, 0.0, 0.5, 0.5],
                  "windMode": [4, 4, 4, 4]
                },
                "east": {
                  "texture": "#stemandlsmallleaves",
                  "uv": [0.0, 0.0, 0.5, 0.5],
                  "windMode": [4, 4, 4, 4]
                },
                "south": {
                  "texture": "#stemandlsmallleaves",
                  "uv": [0.0, 0.0, 0.5, 0.5],
                  "windMode": [4, 4, 4, 4]
                },
                "west": {
                  "texture": "#stemandlsmallleaves",
                  "uv": [0.0, 0.0, 0.5, 0.5],
                  "windMode": [4, 4, 4, 4]
                },
                "up": {
                  "texture": "#stemandlsmallleaves",
                  "uv": [0.0, 0.0, 0.5, 0.5],
                  "windMode": [4, 4, 4, 4]
                },
                "down": {
                  "texture": "#stemandlsmallleaves",
                  "uv": [0.0, 0.0, 0.5, 0.5],
                  "windMode": [4, 4, 4, 4]
                }
              },
              "children": [
                {
                  "name": "pepper top 4",
                  "from": [-1.6, 0.0, -0.15],
                  "to": [0.1, 0.7, 0.55],
                  "rotationOrigin": [0.4, 0.3, 0.2],
                  "rotationZ": 22.5,
                  "faces": {
                    "north": {
                      "texture": "#largeleavesjalapenos",
                      "uv": [5.0, 1.5, 7.5, 2.5],
                      "autoUv": false,
                      "windMode": [4, 4, 4, 4]
                    },
                    "east": {
                      "texture": "#largeleavesjalapenos",
                      "uv": [6.5, 1.5, 7.5, 2.5],
                      "autoUv": false,
                      "windMode": [4, 4, 4, 4]
                    },
                    "south": {
                      "texture": "#largeleavesjalapenos",
                      "uv": [5.0, 1.0, 7.5, 2.0],
                      "autoUv": false,
                      "windMode": [4, 4, 4, 4]
                    },
                    "west": {
                      "texture": "#largeleavesjalapenos",
                      "uv": [3.5, 2.5, 4.5, 3.5],
                      "autoUv": false,
                      "windMode": [4, 4, 4, 4]
                    },
                    "up": {
                      "texture": "#largeleavesjalapenos",
                      "uv": [5.0, 1.0, 7.5, 2.0],
                      "autoUv": false,
                      "windMode": [4, 4, 4, 4]
                    },
                    "down": {
                      "texture": "#largeleavesjalapenos",
                      "uv": [6.5, 2.0, 9.0, 3.0],
                      "autoUv": false,
                      "windMode": [4, 4, 4, 4]
                    }
                  },
                  "children": [
                    {
                      "name": "pepper bottom 4",
                      "from": [-0.83, 0.15, 0.15],
                      "to": [0.07, 0.55, 0.55],
                      "rotationOrigin": [0.07, 0.3448, 0.3],
                      "faces": {
                        "north": {
                          "texture": "#largeleavesjalapenos",
                          "uv": [5.0, 1.0, 6.5, 1.5],
                          "autoUv": false,
                          "windMode": [4, 4, 4, 4]
                        },
                        "east": {
                          "texture": "#largeleavesjalapenos",
                          "uv": [5.5, 2.0, 7.0, 2.5],
                          "autoUv": false,
                          "windMode": [4, 4, 4, 4]
                        },
                        "south": {
                          "texture": "#largeleavesjalapenos",
                          "uv": [6.0, 3.0, 7.5, 3.5],
                          "autoUv": false,
                          "windMode": [4, 4, 4, 4]
                        },
                        "west": {
                          "texture": "#largeleavesjalapenos",
                          "uv": [5.0, 2.0, 5.5, 2.5],
                          "windMode": [4, 4, 4, 4]
                        },
                        "up": {
                          "texture": "#largeleavesjalapenos",
                          "uv": [6.5, 2.0, 8.0, 2.5],
                          "autoUv": false,
                          "windMode": [4, 4, 4, 4]
                        },
                        "down": {
                          "texture": "#largeleavesjalapenos",
                          "uv": [4.5, 1.5, 6.0, 2.0],
                          "autoUv": false,
                          "windMode": [4, 4, 4, 4]
                        }
                      }
                    }
                  ]
                }
              ]
            }
          ]
        }
      ]
    }
  ]
}
