{
  "version": 3,
  "patches": {
    "float": {
      "game:entities/animal/mammal/hooved/elk-tamed.json": {
        "/behaviorConfigs/jaunt:gait/gaits/code=walkback/movespeed": "WalkbackSpeed",
        "/behaviorConfigs/jaunt:gait/gaits/code=walk/movespeed": "WalkSpeed",
        "/behaviorConfigs/jaunt:gait/gaits/code=trot/movespeed": "TrotSpeed",
        "/behaviorConfigs/jaunt:gait/gaits/code=canter/movespeed": "CanterSpeed",
        "/behaviorConfigs/jaunt:gait/gaits/code=sprint/movespeed": "GallopSpeed",
        "/behaviorConfigs/jaunt:gait/gaits/code=swim/movespeed": "SwimSpeed",
        "/behaviorConfigs/jaunt:gait/gaits/code=swimback/movespeed": "SwimbackSpeed",
        "/behaviorConfigs/controlledphysics/stepUpSpeed": "StepUpSpeed",
        "/fallDamageMultiplier": "FallDamage"
      }
    }
  },
  "settings": [
    {
      "type": "separator",
      "title": "Speeds",
      "weight": 1.0
    },
    {
      "code": "WalkbackSpeed",
      "type": "float",
      "name": "Walkback",
      "default": 0.013,
      "range": {
        "min": 0.001,
        "max": 0.050,
        "step": 0.001
      }
    },
    {
      "code": "WalkSpeed",
      "type": "float",
      "name": "Walk",
      "default": 0.019,
      "range": {
        "min": 0.001,
        "max": 0.050,
        "step": 0.001
      }
    },
    {
      "code": "TrotSpeed",
      "type": "float",
      "name": "Trot",
      "default": 0.036,
      "range": {
        "min": 0.001,
        "max": 0.100,
        "step": 0.001
      }
    },
    {
      "code": "CanterSpeed",
      "type": "float",
      "name": "Canter",
      "default": 0.075,
      "range": {
        "min": 0.001,
        "max": 0.300,
        "step": 0.001
      }
    },
    {
      "code": "GallopSpeed",
      "type": "float",
      "name": "Gallop",
      "default": 0.13,
      "range": {
        "min": 0.001,
        "max": 0.400,
        "step": 0.001
      }
    },
    {
      "type": "separator",
      "weight": 1.0
    },
    {
      "code": "SwimSpeed",
      "type": "float",
      "name": "Swim",
      "default": 0.02,
      "range": {
        "min": 0.001,
        "max": 0.050,
        "step": 0.001
      }
    },
    {
      "code": "SwimbackSpeed",
      "type": "float",
      "name": "Swimback",
      "default": 0.013,
      "range": {
        "min": 0.001,
        "max": 0.050,
        "step": 0.001
      }
    },
    {
      "type": "separator",
      "title": "Behavior",
      "weight": 1.0
    },
    {
      "code": "StepUpSpeed",
      "type": "float",
      "name": "Stepup Speed",
      "default": 0.21,
      "range": {
        "min": 0.01,
        "max": 0.50,
        "step": 0.01
      }
    },
    {
      "code": "FallDamage",
      "type": "float",
      "name": "Falldamage",
      "default": 0.5,
      "range": {
        "min": 0.0,
        "max": 1.0,
        "step": 0.1
      }
    }
  ]
}
