{
	"editor": {
		"backDropShape": "entity/bovinae/tragelaphusstrepsiceros/male",
		"collapsedPaths": "",
		"allAngles": true,
		"entityTextureMode": true
	},
	"textureWidth": 80,
	"textureHeight": 88,
	"textureSizes": {
		"skin": [80,88]
	},
	"textures": {
		"skin": "entity/bovinae/tragelaphusstrepsiceros-male"
	},
	"elements": [
		{
			"name": "L Antler01",
			"stepParentName": "AntlerBase",
			"from": [ 0.9, -0.6, 0.8 ],
			"to": [ 2.5, 0.5, 1.9 ],
			"unwrapMode": 5,
			"unwrapRotation": 1,
			"uv": [ 75.0, 46.5 ],
			"rotationOrigin": [ 0.9, -0.3, 1.3 ],
			"rotationY": -10.0,
			"rotationZ": 30.0,
			"faces": {
				"north": { "texture": "#skin", "uv": [ 75.0, 47.5, 76.0, 49.0 ], "rotation": 270 },
				"east": { "texture": "#skin", "uv": [ 76.0, 46.5, 77.0, 47.5 ], "rotation": 180 },
				"south": { "texture": "#skin", "uv": [ 77.0, 47.5, 78.0, 49.0 ], "rotation": 90 },
				"up": { "texture": "#skin", "uv": [ 76.0, 47.5, 77.0, 49.0 ], "rotation": 90 },
				"down": { "texture": "#skin", "uv": [ 78.0, 47.5, 79.0, 49.0 ], "rotation": 270, "windMode": [-1,-1,-1,-1], "windData": [1,1,1,1] }
			},
			"children": [
				{
					"name": "L Antler 2",
					"from": [ 1.4, 0.15, 0.15 ],
					"to": [ 3.0, 0.95, 0.95 ],
					"unwrapMode": 5,
					"unwrapRotation": 1,
					"uv": [ 75.0, 45.0 ],
					"rotationOrigin": [ 1.4, 0.55, 0.55 ],
					"rotationX": 21.0,
					"rotationY": -15.0,
					"rotationZ": 4.0,
					"faces": {
						"north": { "texture": "#skin", "uv": [ 75.0, 45.5, 75.5, 47.0 ], "rotation": 270 },
						"east": { "texture": "#skin", "uv": [ 75.5, 45.0, 76.0, 45.5 ], "rotation": 180 },
						"south": { "texture": "#skin", "uv": [ 76.0, 45.5, 76.5, 47.0 ], "rotation": 90 },
						"west": { "texture": "#skin", "uv": [ 75.5, 47.0, 76.0, 47.5 ], "windMode": [-1,-1,-1,-1], "windData": [2,1,2,2] },
						"up": { "texture": "#skin", "uv": [ 75.5, 45.5, 76.0, 47.0 ], "rotation": 90 },
						"down": { "texture": "#skin", "uv": [ 76.5, 45.5, 77.0, 47.0 ], "rotation": 270, "windMode": [-1,-1,-1,-1], "windData": [1,1,1,1] }
					},
					"children": [
						{
							"name": "L Antler3",
							"from": [ 1.4, 0.0, 0.0 ],
							"to": [ 3.0, 0.8, 0.8 ],
							"unwrapMode": 3,
							"unwrapRotation": 1,
							"uv": [ 75.0, 43.5 ],
							"rotationOrigin": [ 1.4, 0.4, 0.4 ],
							"rotationX": 22.0,
							"rotationY": -15.0,
							"rotationZ": 4.0,
							"faces": {
								"north": { "texture": "#skin", "uv": [ 76.5, 44.0, 77.0, 45.5 ], "rotation": 270 },
								"east": { "texture": "#skin", "uv": [ 75.5, 43.5, 76.0, 44.0 ], "rotation": 90 },
								"south": { "texture": "#skin", "uv": [ 75.5, 44.0, 76.0, 45.5 ], "rotation": 90 },
								"west": { "texture": "#skin", "uv": [ 75.5, 45.5, 76.0, 46.0 ], "rotation": 90, "windMode": [-1,-1,-1,-1], "windData": [2,2,2,2] },
								"up": { "texture": "#skin", "uv": [ 75.0, 44.0, 75.5, 45.5 ], "rotation": 90 },
								"down": { "texture": "#skin", "uv": [ 76.0, 44.0, 76.5, 45.5 ], "rotation": 270, "windMode": [-1,-1,-1,-1], "windData": [1,1,1,1] }
							},
							"children": [
								{
									"name": "L Antler4",
									"from": [ 1.4, 0.05, 0.05 ],
									"to": [ 3.0, 0.75, 0.75 ],
									"unwrapMode": 3,
									"unwrapRotation": 1,
									"uv": [ 75.0, 42.0 ],
									"rotationOrigin": [ 1.4, 0.4, 0.4 ],
									"rotationX": 23.0,
									"rotationY": -15.0,
									"rotationZ": 4.0,
									"faces": {
										"north": { "texture": "#skin", "uv": [ 76.5, 42.5, 77.0, 44.0 ], "rotation": 270 },
										"east": { "texture": "#skin", "uv": [ 75.5, 42.0, 76.0, 42.5 ], "rotation": 90 },
										"south": { "texture": "#skin", "uv": [ 75.5, 42.5, 76.0, 44.0 ], "rotation": 90 },
										"west": { "texture": "#skin", "uv": [ 75.5, 44.0, 76.0, 44.5 ], "rotation": 90, "windMode": [-1,-1,-1,-1], "windData": [2,2,2,2] },
										"up": { "texture": "#skin", "uv": [ 75.0, 42.5, 75.5, 44.0 ], "rotation": 90 },
										"down": { "texture": "#skin", "uv": [ 76.0, 42.5, 76.5, 44.0 ], "rotation": 270, "windMode": [-1,-1,-1,-1], "windData": [1,1,1,1] }
									}
								}
							]
						}
					]
				}
			]
		},
		{
			"name": "R Antler01",
			"stepParentName": "AntlerBase",
			"from": [ 0.9, -0.6, -1.7 ],
			"to": [ 2.5, 0.5, -0.6 ],
			"unwrapMode": 5,
			"unwrapRotation": 1,
			"uv": [ 75.0, 46.5 ],
			"rotationOrigin": [ 0.9, -0.3, -1.1 ],
			"rotationY": 10.0,
			"rotationZ": 30.0,
			"faces": {
				"north": { "texture": "#skin", "uv": [ 75.0, 47.5, 76.0, 49.0 ], "rotation": 270 },
				"east": { "texture": "#skin", "uv": [ 76.0, 46.5, 77.0, 47.5 ], "rotation": 180 },
				"south": { "texture": "#skin", "uv": [ 77.0, 47.5, 78.0, 49.0 ], "rotation": 90 },
				"up": { "texture": "#skin", "uv": [ 76.0, 47.5, 77.0, 49.0 ], "rotation": 90 },
				"down": { "texture": "#skin", "uv": [ 78.0, 47.5, 79.0, 49.0 ], "rotation": 270, "windMode": [-1,-1,-1,-1], "windData": [1,1,1,1] }
			},
			"children": [
				{
					"name": "R Antler02",
					"from": [ 1.4, 0.15, 0.15 ],
					"to": [ 3.0, 0.95, 0.95 ],
					"unwrapMode": 5,
					"unwrapRotation": 1,
					"uv": [ 75.0, 45.0 ],
					"rotationOrigin": [ 1.4, 0.55, 0.55 ],
					"rotationX": -21.0,
					"rotationY": 15.0,
					"rotationZ": 4.0,
					"faces": {
						"north": { "texture": "#skin", "uv": [ 75.0, 45.5, 75.5, 47.0 ], "rotation": 270 },
						"east": { "texture": "#skin", "uv": [ 75.5, 45.0, 76.0, 45.5 ], "rotation": 180 },
						"south": { "texture": "#skin", "uv": [ 76.0, 45.5, 76.5, 47.0 ], "rotation": 90 },
						"west": { "texture": "#skin", "uv": [ 75.5, 47.0, 76.0, 47.5 ], "windMode": [-1,-1,-1,-1], "windData": [1,2,2,2] },
						"up": { "texture": "#skin", "uv": [ 75.5, 45.5, 76.0, 47.0 ], "rotation": 90 },
						"down": { "texture": "#skin", "uv": [ 76.5, 45.5, 77.0, 47.0 ], "rotation": 270, "windMode": [-1,-1,-1,-1], "windData": [1,1,1,1] }
					},
					"children": [
						{
							"name": "R Antler3",
							"from": [ 1.4, 0.0, 0.0 ],
							"to": [ 3.0, 0.8, 0.8 ],
							"unwrapMode": 5,
							"unwrapRotation": 1,
							"uv": [ 75.0, 43.5 ],
							"rotationOrigin": [ 1.4, 0.4, 0.4 ],
							"rotationX": -22.0,
							"rotationY": 15.0,
							"rotationZ": 4.0,
							"faces": {
								"north": { "texture": "#skin", "uv": [ 75.0, 44.0, 75.5, 45.5 ], "rotation": 270 },
								"east": { "texture": "#skin", "uv": [ 75.5, 43.5, 76.0, 44.0 ], "rotation": 180 },
								"south": { "texture": "#skin", "uv": [ 76.0, 44.0, 76.5, 45.5 ], "rotation": 90 },
								"west": { "texture": "#skin", "uv": [ 75.5, 45.5, 76.0, 46.0 ], "windMode": [-1,-1,-1,-1], "windData": [2,2,2,2] },
								"up": { "texture": "#skin", "uv": [ 75.5, 44.0, 76.0, 45.5 ], "rotation": 90 },
								"down": { "texture": "#skin", "uv": [ 76.5, 44.0, 77.0, 45.5 ], "rotation": 270, "windMode": [-1,-1,-1,-1], "windData": [1,1,1,1] }
							},
							"children": [
								{
									"name": "R Antler4",
									"from": [ 1.4, 0.05, 0.05 ],
									"to": [ 3.0, 0.75, 0.75 ],
									"unwrapMode": 1,
									"unwrapRotation": 1,
									"uv": [ 75.0, 42.0 ],
									"rotationOrigin": [ 1.4, 0.4, 0.4 ],
									"rotationX": -23.0,
									"rotationY": 15.0,
									"rotationZ": 4.0,
									"faces": {
										"north": { "texture": "#skin", "uv": [ 75.5, 42.5, 76.0, 44.0 ], "rotation": 90 },
										"east": { "texture": "#skin", "uv": [ 75.5, 44.0, 76.0, 44.5 ], "rotation": 90 },
										"south": { "texture": "#skin", "uv": [ 76.5, 42.5, 77.0, 44.0 ], "rotation": 270 },
										"west": { "texture": "#skin", "uv": [ 75.5, 42.0, 76.0, 42.5 ], "rotation": 90, "windMode": [-1,-1,-1,-1], "windData": [2,2,2,2] },
										"up": { "texture": "#skin", "uv": [ 75.0, 42.5, 75.5, 44.0 ], "rotation": 270 },
										"down": { "texture": "#skin", "uv": [ 76.0, 42.5, 76.5, 44.0 ], "rotation": 90, "windMode": [-1,-1,-1,-1], "windData": [1,1,1,1] }
									}
								}
							]
						}
					]
				}
			]
		}
	],
	"animations": [
	]
}