{
	"editor": {
		"collapsedPaths": "",
		"allAngles": true,
		"entityTextureMode": true
	},
	"textureWidth": 64,
	"textureHeight": 76,
	"textureSizes": {
		"skin": [64,76]
	},
	"textures": {
	},
	"elements": [
		{
			"name": "Neck",
			"from": [ 14.4, 10.0, 6.5 ],
			"to": [ 19.1, 16.4, 9.5 ],
			"unwrapMode": 2,
			"uv": [ 6.5, 11.5 ],
			"rotationOrigin": [ 18.8, 10.0, 8.0 ],
			"rotationX": 12.0,
			"rotationZ": 63.0,
			"faces": {
				"north": { "texture": "#skin", "uv": [ 14.0, 16.0, 18.5, 22.0 ], "windMode": [-1,-1,-1,-1], "windData": [0,0,1,0] },
				"east": { "texture": "#skin", "uv": [ 11.0, 16.0, 14.0, 22.0 ], "windMode": [-1,-1,-1,-1], "windData": [1,0,0,1] },
				"south": { "texture": "#skin", "uv": [ 6.5, 16.0, 11.0, 22.0 ] },
				"west": { "texture": "#skin", "uv": [ 18.5, 16.0, 21.5, 22.0 ] },
				"up": { "texture": "#skin", "uv": [ 11.0, 11.5, 14.0, 16.0 ], "rotation": 270 }
			},
			"children": [
				{
					"name": "Neck2",
					"from": [ -0.3, 4.6, 0.1 ],
					"to": [ 3.5, 10.5, 2.9 ],
					"unwrapMode": 2,
					"autoUnwrap": false,
					"uv": [ 8.0, 1.0 ],
					"rotationOrigin": [ 2.7, 4.6, 1.5 ],
					"rotationX": 25.0,
					"rotationY": 18.0,
					"rotationZ": -25.0,
					"faces": {
						"north": { "texture": "#skin", "uv": [ 14.0, 4.5, 17.5, 10.0 ], "windMode": [-1,-1,-1,-1], "windData": [1,1,1,1] },
						"east": { "texture": "#skin", "uv": [ 11.5, 4.5, 14.0, 10.0 ], "windMode": [-1,-1,-1,-1], "windData": [1,1,1,1] },
						"south": { "texture": "#skin", "uv": [ 8.0, 4.5, 11.5, 10.0 ], "windMode": [-1,-1,-1,-1], "windData": [1,1,1,1] },
						"west": { "texture": "#skin", "uv": [ 17.5, 4.5, 20.0, 10.0 ], "windMode": [-1,-1,-1,-1], "windData": [1,1,1,1] },
						"up": { "texture": "#skin", "uv": [ 11.5, 1.0, 14.0, 4.5 ], "rotation": 270, "windMode": [-1,-1,-1,-1], "windData": [1,1,1,1] },
						"down": { "texture": "#skin", "uv": [ 11.5, 6.5, 14.0, 10.0 ], "rotation": 270, "windMode": [-1,-1,-1,-1], "windData": [1,1,1,1] }
					},
					"children": [
						{
							"name": "Head",
							"from": [ 0.3, 2.35, -0.8 ],
							"to": [ 3.5, 6.85, 2.8 ],
							"unwrapMode": 4,
							"uv": [ 26.0, 3.0 ],
							"rotationOrigin": [ 3.5, 5.7, 1.4 ],
							"rotationX": 8.0,
							"rotationY": 8.0,
							"rotationZ": -38.0,
							"faces": {
								"north": { "texture": "#skin", "uv": [ 26.0, 6.0, 29.0, 10.5 ] },
								"east": { "texture": "#skin", "uv": [ 35.5, 6.0, 39.0, 10.5 ] },
								"south": { "texture": "#skin", "uv": [ 32.5, 6.0, 35.5, 10.5 ] },
								"west": { "texture": "#skin", "uv": [ 29.0, 6.0, 32.5, 10.5 ] },
								"up": { "texture": "#skin", "uv": [ 29.0, 3.0, 32.5, 6.0 ], "rotation": 90 },
								"down": { "texture": "#skin", "uv": [ 29.0, 10.5, 32.5, 13.5 ], "rotation": 90 }
							},
							"children": [
								{
									"name": "MouthUp",
									"from": [ -3.2, 0.5, 0.8 ],
									"to": [ 0.4, 1.5, 2.8 ],
									"unwrapMode": 5,
									"unwrapRotation": 1,
									"uv": [ 28.5, 21.0 ],
									"rotationOrigin": [ 0.3, 1.2, 1.8 ],
									"rotationZ": 30.0,
									"faces": {
										"north": { "texture": "#skin", "uv": [ 28.5, 21.0, 29.5, 24.5 ], "rotation": 270 },
										"south": { "texture": "#skin", "uv": [ 31.5, 21.0, 32.5, 24.5 ], "rotation": 90 },
										"west": { "texture": "#skin", "uv": [ 29.5, 24.5, 31.5, 25.5 ] },
										"up": { "texture": "#skin", "uv": [ 29.5, 21.0, 31.5, 24.5 ], "rotation": 90 },
										"down": { "texture": "#skin", "uv": [ 32.5, 21.0, 34.5, 24.5 ], "rotation": 270 }
									},
									"children": [
										{
											"name": "Nose",
											"from": [ 0.6, 0.0, 0.2 ],
											"to": [ 5.6, 1.5, 1.8 ],
											"unwrapMode": 5,
											"unwrapRotation": 1,
											"uv": [ 28.5, 14.0 ],
											"rotationOrigin": [ 0.6, 0.0, 1.0 ],
											"rotationZ": 18.0,
											"faces": {
												"north": { "texture": "#skin", "uv": [ 28.5, 14.0, 30.0, 19.0 ], "rotation": 270 },
												"south": { "texture": "#skin", "uv": [ 31.5, 14.0, 33.0, 19.0 ], "rotation": 90 },
												"west": { "texture": "#skin", "uv": [ 30.0, 19.0, 31.5, 20.5 ], "windMode": [-1,-1,-1,-1], "windData": [1,1,1,1] },
												"up": { "texture": "#skin", "uv": [ 30.0, 14.0, 31.5, 19.0 ], "rotation": 90 }
											},
											"children": [
												{
													"name": "Snout",
													"from": [ -0.7, 0.5253, 0.1 ],
													"to": [ 0.5, 1.5753, 1.5 ],
													"unwrapMode": 4,
													"uv": [ 23.5, 15.5 ],
													"rotationOrigin": [ 0.4, 1.5253, 0.8 ],
													"rotationZ": 4.0,
													"faces": {
														"north": { "texture": "#skin", "uv": [ 23.5, 16.5, 24.5, 17.5 ], "windMode": [-1,-1,-1,-1], "windData": [1,1,1,1] },
														"east": { "texture": "#skin", "uv": [ 26.5, 16.5, 27.5, 17.5 ], "windMode": [-1,-1,-1,-1], "windData": [1,1,1,1] },
														"south": { "texture": "#skin", "uv": [ 25.5, 16.5, 26.5, 17.5 ], "windMode": [-1,-1,-1,-1], "windData": [1,1,1,1] },
														"west": { "texture": "#skin", "uv": [ 24.5, 16.5, 25.5, 17.5 ], "windMode": [-1,-1,-1,-1], "windData": [1,1,1,1] },
														"up": { "texture": "#skin", "uv": [ 24.5, 15.5, 25.5, 16.5 ], "rotation": 90, "windMode": [-1,-1,-1,-1], "windData": [1,1,1,1] },
														"down": { "texture": "#skin", "uv": [ 24.5, 17.5, 25.5, 18.5 ], "rotation": 90, "windMode": [-1,-1,-1,-1], "windData": [1,1,1,1] }
													}
												}
											]
										},
										{
											"name": "Jaw",
											"from": [ 2.01, -1.03, 0.1 ],
											"to": [ 4.41, 0.17, 1.9 ],
											"unwrapMode": 5,
											"unwrapRotation": 1,
											"autoUnwrap": false,
											"uv": [ 29.0, 27.0 ],
											"rotationOrigin": [ 3.5098, -0.4294, 1.0 ],
											"rotationZ": -15.0,
											"faces": {
												"north": { "texture": "#skin", "uv": [ 29.5, 27.0, 30.0, 29.0 ], "rotation": 270, "autoUv": false },
												"south": { "texture": "#skin", "uv": [ 31.5, 27.0, 32.0, 29.0 ], "rotation": 90, "autoUv": false },
												"west": { "texture": "#skin", "uv": [ 30.0, 29.0, 31.5, 30.0 ] },
												"up": { "texture": "#skin", "uv": [ 30.0, 27.0, 31.5, 29.0 ], "rotation": 90 },
												"down": { "texture": "#skin", "uv": [ 32.0, 27.0, 33.5, 29.0 ], "rotation": 270 }
											},
											"children": [
												{
													"name": "Jaw2",
													"from": [ -1.7, 0.0, 0.01 ],
													"to": [ 0.2, 0.7, 1.81 ],
													"unwrapMode": 5,
													"unwrapRotation": 1,
													"uv": [ 29.5, 29.0 ],
													"rotationOrigin": [ 0.0, 0.5, 0.0 ],
													"rotationZ": 12.0,
													"faces": {
														"north": { "texture": "#skin", "uv": [ 29.5, 29.0, 30.0, 30.5 ], "rotation": 270 },
														"south": { "texture": "#skin", "uv": [ 31.5, 29.0, 32.0, 30.5 ], "rotation": 90 },
														"west": { "texture": "#skin", "uv": [ 30.0, 30.5, 31.5, 31.0 ] },
														"up": { "texture": "#skin", "uv": [ 30.0, 29.0, 31.5, 30.5 ], "rotation": 90 },
														"down": { "texture": "#skin", "uv": [ 32.0, 29.0, 33.5, 30.5 ], "rotation": 270, "windMode": [-1,-1,-1,-1], "windData": [1,1,1,1] }
													}
												}
											]
										}
									]
								},
								{
									"name": "R Ear",
									"from": [ 2.2, 3.4, -2.3 ],
									"to": [ 2.8, 4.9, 0.3 ],
									"unwrapMode": 4,
									"unwrapRotation": 1,
									"autoUnwrap": false,
									"uv": [ 22.5, 1.0 ],
									"rotationOrigin": [ 2.5, 3.8, 0.3 ],
									"rotationX": 45.0,
									"rotationZ": 22.0,
									"faces": {
										"north": { "texture": "#skin", "uv": [ 23.0, 3.5, 24.5, 4.0 ], "rotation": 90 },
										"east": { "texture": "#skin", "uv": [ 25.5, 1.0, 27.0, 3.5 ], "rotation": 270, "windMode": [-1,-1,-1,-1], "windData": [1,1,1,1] },
										"west": { "texture": "#skin", "uv": [ 23.0, 1.0, 24.5, 3.5 ], "rotation": 90 },
										"up": { "texture": "#skin", "uv": [ 22.5, 1.0, 23.0, 3.5 ], "rotation": 180 },
										"down": { "texture": "#skin", "uv": [ 24.5, 1.0, 25.0, 3.5 ], "rotation": 180 }
									},
									"children": [
										{
											"name": "R Ear2",
											"from": [ 0.0, 0.5, -2.0 ],
											"to": [ 0.6, 1.5, 0.0 ],
											"unwrapMode": 4,
											"unwrapRotation": 1,
											"autoUnwrap": false,
											"uv": [ 22.5, 2.5 ],
											"rotationOrigin": [ 0.3, 1.5, 0.0 ],
											"rotationX": -20.0,
											"rotationZ": 2.0,
											"faces": {
												"north": { "texture": "#skin", "uv": [ 23.0, 4.5, 24.0, 5.0 ], "rotation": 90 },
												"east": { "texture": "#skin", "uv": [ 25.5, 2.5, 26.5, 4.5 ], "rotation": 270, "windMode": [-1,-1,-1,-1], "windData": [1,1,1,1] },
												"west": { "texture": "#skin", "uv": [ 23.0, 2.5, 24.0, 4.5 ], "rotation": 90 },
												"up": { "texture": "#skin", "uv": [ 22.5, 2.5, 23.0, 4.5 ], "rotation": 180 },
												"down": { "texture": "#skin", "uv": [ 24.0, 2.5, 24.5, 4.5 ], "rotation": 180 }
											}
										},
										{
											"name": "R Ear3",
											"from": [ 0.0, 0.0, 0.4 ],
											"to": [ 0.6, 1.5, 1.9 ],
											"unwrapMode": 4,
											"unwrapRotation": 1,
											"uv": [ 23.0, 1.0 ],
											"rotationOrigin": [ 0.3, 0.0, 1.9 ],
											"rotationX": -45.0,
											"rotationZ": -2.0,
											"faces": {
												"north": { "texture": "#skin", "uv": [ 23.5, 2.5, 25.0, 3.0 ], "rotation": 90 },
												"east": { "texture": "#skin", "uv": [ 25.5, 1.0, 27.0, 2.5 ], "rotation": 270 },
												"west": { "texture": "#skin", "uv": [ 23.5, 1.0, 25.0, 2.5 ], "rotation": 90 },
												"up": { "texture": "#skin", "uv": [ 23.0, 1.0, 23.5, 2.5 ], "rotation": 180 },
												"down": { "texture": "#skin", "uv": [ 25.0, 1.0, 25.5, 2.5 ], "rotation": 180 }
											},
											"children": [
												{
													"name": "R Ear4",
													"from": [ 0.0, 0.0, -2.5 ],
													"to": [ 0.6, 1.2, 0.0 ],
													"unwrapMode": 4,
													"unwrapRotation": 1,
													"uv": [ 23.5, 2.0 ],
													"rotationOrigin": [ 0.3, 0.0, 0.0 ],
													"rotationX": 66.0,
													"rotationZ": -2.0,
													"faces": {
														"north": { "texture": "#skin", "uv": [ 24.0, 4.5, 25.0, 5.0 ], "rotation": 90 },
														"east": { "texture": "#skin", "uv": [ 25.5, 2.0, 26.5, 4.5 ], "rotation": 270 },
														"west": { "texture": "#skin", "uv": [ 24.0, 2.0, 25.0, 4.5 ], "rotation": 90 },
														"up": { "texture": "#skin", "uv": [ 23.5, 2.0, 24.0, 4.5 ], "rotation": 180 },
														"down": { "texture": "#skin", "uv": [ 25.0, 2.0, 25.5, 4.5 ], "rotation": 180 }
													}
												}
											]
										}
									]
								},
								{
									"name": "L Ear",
									"from": [ 2.2, 3.4, 3.3 ],
									"to": [ 2.8, 4.9, 5.9 ],
									"unwrapMode": 4,
									"unwrapRotation": 1,
									"autoUnwrap": false,
									"uv": [ 33.5, 1.5 ],
									"rotationOrigin": [ 2.5, 3.8, 3.3 ],
									"rotationX": -45.0,
									"rotationZ": 22.0,
									"faces": {
										"east": { "texture": "#skin", "uv": [ 36.5, 2.0, 38.0, 4.5 ], "rotation": 270, "windMode": [-1,-1,-1,-1], "windData": [1,1,1,1] },
										"south": { "texture": "#skin", "uv": [ 34.0, 1.5, 35.5, 2.0 ], "rotation": 90 },
										"west": { "texture": "#skin", "uv": [ 34.0, 2.0, 35.5, 4.5 ], "rotation": 90 },
										"up": { "texture": "#skin", "uv": [ 33.5, 2.0, 34.0, 4.5 ], "rotation": 180 },
										"down": { "texture": "#skin", "uv": [ 35.5, 2.0, 36.0, 4.5 ], "rotation": 180 }
									},
									"children": [
										{
											"name": "L Ear2",
											"from": [ 0.0, 0.5, 2.6 ],
											"to": [ 0.6, 1.5, 4.6 ],
											"unwrapMode": 4,
											"unwrapRotation": 1,
											"autoUnwrap": false,
											"uv": [ 33.5, 0.5 ],
											"rotationOrigin": [ 0.3, 1.5, 2.6 ],
											"rotationX": 20.0,
											"rotationZ": 2.0,
											"faces": {
												"east": { "texture": "#skin", "uv": [ 37.5, 1.0, 38.5, 3.0 ], "rotation": 270, "windMode": [-1,-1,-1,-1], "windData": [1,1,1,1] },
												"south": { "texture": "#skin", "uv": [ 34.0, 0.5, 35.0, 1.0 ], "rotation": 90 },
												"west": { "texture": "#skin", "uv": [ 34.0, 1.0, 35.0, 3.0 ], "rotation": 90 },
												"up": { "texture": "#skin", "uv": [ 33.5, 1.0, 34.0, 3.0 ], "rotation": 180 },
												"down": { "texture": "#skin", "uv": [ 35.0, 1.0, 35.5, 3.0 ], "rotation": 180 }
											}
										},
										{
											"name": "L Ear3",
											"from": [ 0.0, 0.0, 0.7 ],
											"to": [ 0.6, 1.5, 2.2 ],
											"unwrapMode": 4,
											"unwrapRotation": 1,
											"uv": [ 34.0, 2.5 ],
											"rotationOrigin": [ 0.3, 0.0, 0.7 ],
											"rotationX": 45.0,
											"rotationZ": -2.0,
											"faces": {
												"east": { "texture": "#skin", "uv": [ 36.5, 3.0, 38.0, 4.5 ], "rotation": 270 },
												"south": { "texture": "#skin", "uv": [ 34.5, 2.5, 36.0, 3.0 ], "rotation": 90 },
												"west": { "texture": "#skin", "uv": [ 34.5, 3.0, 36.0, 4.5 ], "rotation": 90 },
												"up": { "texture": "#skin", "uv": [ 34.0, 3.0, 34.5, 4.5 ], "rotation": 180 },
												"down": { "texture": "#skin", "uv": [ 36.0, 3.0, 36.5, 4.5 ], "rotation": 180 }
											},
											"children": [
												{
													"name": "L Ear4",
													"from": [ 0.0, 0.0, 1.5 ],
													"to": [ 0.6, 1.2, 4.0 ],
													"unwrapMode": 4,
													"unwrapRotation": 1,
													"uv": [ 34.5, 0.5 ],
													"rotationOrigin": [ 0.3, 0.0, 1.5 ],
													"rotationX": -66.0,
													"rotationZ": -2.0,
													"faces": {
														"east": { "texture": "#skin", "uv": [ 36.5, 1.0, 37.5, 3.5 ], "rotation": 270 },
														"south": { "texture": "#skin", "uv": [ 35.0, 0.5, 36.0, 1.0 ], "rotation": 90 },
														"west": { "texture": "#skin", "uv": [ 35.0, 1.0, 36.0, 3.5 ], "rotation": 90 },
														"up": { "texture": "#skin", "uv": [ 34.5, 1.0, 35.0, 3.5 ], "rotation": 180 },
														"down": { "texture": "#skin", "uv": [ 36.0, 1.0, 36.5, 3.5 ], "rotation": 180 }
													}
												}
											]
										}
									]
								},
								{
									"name": "R Eye",
									"from": [ 0.09, 2.6, -0.01 ],
									"to": [ 0.89, 2.9, 0.39 ],
									"unwrapMode": 1,
									"uv": [ 8.5, 12.5 ],
									"rotationOrigin": [ 0.4, 3.0, 0.0 ],
									"rotationZ": 15.0,
									"faces": {
										"north": { "texture": "#skin", "uv": [ 9.0, 12.5, 9.5, 13.0 ] },
										"east": { "texture": "#skin", "uv": [ 8.5, 12.5, 9.0, 13.0 ], "windMode": [-1,-1,-1,-1], "windData": [1,1,1,1] },
										"west": { "texture": "#skin", "uv": [ 9.5, 12.5, 10.0, 13.0 ], "windMode": [-1,-1,-1,-1], "windData": [1,1,1,1] },
										"down": { "texture": "#skin", "uv": [ 9.0, 13.0, 9.5, 13.5 ], "windMode": [-1,-1,-1,-1], "windData": [1,1,1,1] }
									},
									"children": [
										{
											"name": "R Eye2",
											"from": [ 0.0, 0.3, 0.0 ],
											"to": [ 0.8, 0.6, 0.4 ],
											"unwrapMode": 1,
											"uv": [ 8.5, 11.5 ],
											"rotationOrigin": [ 0.31, 0.6, 0.01 ],
											"faces": {
												"north": { "texture": "#skin", "uv": [ 9.0, 12.0, 9.5, 12.5 ] },
												"east": { "texture": "#skin", "uv": [ 8.5, 12.0, 9.0, 12.5 ], "windMode": [-1,-1,-1,-1], "windData": [1,1,1,1] },
												"west": { "texture": "#skin", "uv": [ 9.5, 12.0, 10.0, 12.5 ], "windMode": [-1,-1,-1,-1], "windData": [1,1,1,1] },
												"up": { "texture": "#skin", "uv": [ 9.0, 11.5, 9.5, 12.0 ], "rotation": 180, "windMode": [-1,-1,-1,-1], "windData": [1,1,1,1] }
											}
										},
										{
											"name": "R Pupil",
											"from": [ 0.1, 0.15, -0.01 ],
											"to": [ 0.7, 0.45, 0.39 ],
											"unwrapMode": 1,
											"unwrapRotation": 1,
											"uv": [ 7.0, 13.5 ],
											"rotationOrigin": [ 0.41, 0.15, -0.01 ],
											"faces": {
												"north": { "texture": "#skin", "uv": [ 7.5, 14.0, 8.0, 14.5 ], "rotation": 90 },
												"east": { "texture": "#skin", "uv": [ 7.5, 14.5, 8.0, 15.0 ], "rotation": 90, "windMode": [-1,-1,-1,-1], "windData": [1,1,1,1] },
												"west": { "texture": "#skin", "uv": [ 7.5, 13.5, 8.0, 14.0 ], "rotation": 90, "windMode": [-1,-1,-1,-1], "windData": [1,1,1,1] },
												"up": { "texture": "#skin", "uv": [ 7.0, 14.0, 7.5, 14.5 ], "rotation": 270, "windMode": [-1,-1,-1,-1], "windData": [1,1,1,1] },
												"down": { "texture": "#skin", "uv": [ 8.0, 14.0, 8.5, 14.5 ], "rotation": 90, "windMode": [-1,-1,-1,-1], "windData": [1,1,1,1] }
											}
										}
									]
								},
								{
									"name": "L Eye",
									"from": [ 0.09, 2.6, 3.21 ],
									"to": [ 0.89, 2.9, 3.61 ],
									"unwrapMode": 3,
									"uv": [ 8.5, 12.5 ],
									"rotationOrigin": [ 0.4, 3.0, 3.2 ],
									"rotationZ": 15.0,
									"faces": {
										"east": { "texture": "#skin", "uv": [ 9.5, 12.5, 10.0, 13.0 ] },
										"south": { "texture": "#skin", "uv": [ 9.0, 12.5, 9.5, 13.0 ], "windMode": [-1,-1,-1,-1], "windData": [1,1,1,1] },
										"west": { "texture": "#skin", "uv": [ 8.5, 12.5, 9.0, 13.0 ], "windMode": [-1,-1,-1,-1], "windData": [1,1,1,1] },
										"down": { "texture": "#skin", "uv": [ 9.0, 13.0, 9.5, 13.5 ], "rotation": 180, "windMode": [-1,-1,-1,-1], "windData": [1,1,1,1] }
									},
									"children": [
										{
											"name": "L Eye2",
											"from": [ 0.0, 0.3, 0.0 ],
											"to": [ 0.8, 0.6, 0.4 ],
											"unwrapMode": 3,
											"uv": [ 8.5, 11.5 ],
											"rotationOrigin": [ 0.31, 0.6, 0.01 ],
											"faces": {
												"east": { "texture": "#skin", "uv": [ 9.5, 12.0, 10.0, 12.5 ] },
												"south": { "texture": "#skin", "uv": [ 9.0, 12.0, 9.5, 12.5 ], "windMode": [-1,-1,-1,-1], "windData": [1,1,1,1] },
												"west": { "texture": "#skin", "uv": [ 8.5, 12.0, 9.0, 12.5 ], "windMode": [-1,-1,-1,-1], "windData": [1,1,1,1] },
												"up": { "texture": "#skin", "uv": [ 9.0, 11.5, 9.5, 12.0 ], "windMode": [-1,-1,-1,-1], "windData": [1,1,1,1] }
											}
										},
										{
											"name": "L Pupil",
											"from": [ 0.1, 0.15, 0.01 ],
											"to": [ 0.7, 0.45, 0.41 ],
											"unwrapMode": 3,
											"unwrapRotation": 1,
											"uv": [ 7.0, 13.5 ],
											"rotationOrigin": [ 0.41, 0.15, 0.01 ],
											"faces": {
												"east": { "texture": "#skin", "uv": [ 7.5, 13.5, 8.0, 14.0 ], "rotation": 90 },
												"south": { "texture": "#skin", "uv": [ 7.5, 14.0, 8.0, 14.5 ], "rotation": 90, "windMode": [-1,-1,-1,-1], "windData": [1,1,1,1] },
												"west": { "texture": "#skin", "uv": [ 7.5, 14.5, 8.0, 15.0 ], "rotation": 90, "windMode": [-1,-1,-1,-1], "windData": [1,1,1,1] },
												"up": { "texture": "#skin", "uv": [ 7.0, 14.0, 7.5, 14.5 ], "rotation": 90, "windMode": [-1,-1,-1,-1], "windData": [1,1,1,1] },
												"down": { "texture": "#skin", "uv": [ 8.0, 14.0, 8.5, 14.5 ], "rotation": 270 }
											}
										}
									]
								},
								{
									"name": "Horn attachment",
									"from": [ 0.0, 3.3, 1.3 ],
									"to": [ 1.0, 4.3, 2.3 ],
									"uv": [ 999.0, 999.0 ],
									"rotationOrigin": [ 0.0, 3.3, 1.3 ],
									"faces": {
									},
									"children": [
										{
											"name": "R antler base",
											"from": [ 0.5, 1.1, -0.9 ],
											"to": [ 1.3, 2.1, -0.1 ],
											"unwrapMode": 4,
											"uv": [ 29.0, 5.0 ],
											"rotationOrigin": [ 0.5, 1.1, -0.1 ],
											"rotationX": -30.0,
											"faces": {
												"north": { "texture": "#skin", "uv": [ 29.0, 5.5, 29.5, 6.5 ] },
												"east": { "texture": "#skin", "uv": [ 30.5, 5.5, 31.0, 6.5 ] },
												"south": { "texture": "#skin", "uv": [ 30.0, 5.5, 30.5, 6.5 ] },
												"west": { "texture": "#skin", "uv": [ 29.5, 5.5, 30.0, 6.5 ], "windMode": [-1,-1,-1,-1], "windData": [0,1,1,1] },
												"up": { "texture": "#skin", "uv": [ 29.5, 5.0, 30.0, 5.5 ], "rotation": 90 }
											},
											"children": [
												{
													"name": "RAntlerBase2",
													"from": [ 0.1, 0.9, 0.1 ],
													"to": [ 0.7, 2.9, 0.7 ],
													"unwrapMode": 4,
													"uv": [ 40.0, 30.0 ],
													"rotationOrigin": [ 0.1, 0.9, 1.1 ],
													"rotationX": -7.0,
													"faces": {
														"north": { "texture": "#skin", "uv": [ 40.0, 30.5, 40.5, 32.5 ] },
														"east": { "texture": "#skin", "uv": [ 41.5, 30.5, 42.0, 32.5 ] },
														"south": { "texture": "#skin", "uv": [ 41.0, 30.5, 41.5, 32.5 ] },
														"west": { "texture": "#skin", "uv": [ 40.5, 30.5, 41.0, 32.5 ] },
														"up": { "texture": "#skin", "uv": [ 40.5, 30.0, 41.0, 30.5 ], "rotation": 90 }
													},
													"children": [
														{
															"name": "RAntlerBeam1",
															"from": [ 0.1, 2.0, 0.0 ],
															"to": [ 0.6, 4.5, 0.5 ],
															"unwrapMode": 2,
															"uv": [ 40.0, 28.0 ],
															"rotationOrigin": [ 0.1, 2.0, 0.0 ],
															"rotationX": 10.0,
															"rotationY": -1.0,
															"rotationZ": -40.0,
															"faces": {
																"north": { "texture": "#skin", "uv": [ 41.0, 28.5, 41.5, 31.0 ] },
																"east": { "texture": "#skin", "uv": [ 40.5, 28.5, 41.0, 31.0 ] },
																"south": { "texture": "#skin", "uv": [ 40.0, 28.5, 40.5, 31.0 ] },
																"west": { "texture": "#skin", "uv": [ 41.5, 28.5, 42.0, 31.0 ] },
																"up": { "texture": "#skin", "uv": [ 40.5, 28.0, 41.0, 28.5 ], "rotation": 270 }
															},
															"children": [
																{
																	"name": "RAntlerBeam2",
																	"from": [ 0.1, 2.5, 0.0 ],
																	"to": [ 0.5, 4.5, 0.4 ],
																	"unwrapMode": 3,
																	"uv": [ 40.0, 22.5 ],
																	"rotationOrigin": [ 0.5, 2.5, 0.0 ],
																	"rotationX": 10.0,
																	"rotationZ": 30.0,
																	"faces": {
																		"north": { "texture": "#skin", "uv": [ 41.5, 23.0, 42.0, 25.0 ] },
																		"east": { "texture": "#skin", "uv": [ 41.0, 23.0, 41.5, 25.0 ] },
																		"south": { "texture": "#skin", "uv": [ 40.5, 23.0, 41.0, 25.0 ] },
																		"west": { "texture": "#skin", "uv": [ 40.0, 23.0, 40.5, 25.0 ] },
																		"up": { "texture": "#skin", "uv": [ 40.5, 22.5, 41.0, 23.0 ] }
																	},
																	"children": [
																		{
																			"name": "RAntlerTine2",
																			"from": [ 0.1, 0.0, 0.05 ],
																			"to": [ 0.4, 2.0, 0.35 ],
																			"unwrapMode": 4,
																			"uv": [ 40.0, 15.0 ],
																			"rotationOrigin": [ 0.1, 0.0, 0.05 ],
																			"rotationX": 5.0,
																			"rotationZ": -50.0,
																			"faces": {
																				"north": { "texture": "#skin", "uv": [ 40.0, 15.5, 40.5, 17.5 ] },
																				"east": { "texture": "#skin", "uv": [ 41.5, 15.5, 42.0, 17.5 ] },
																				"south": { "texture": "#skin", "uv": [ 41.0, 15.5, 41.5, 17.5 ] },
																				"west": { "texture": "#skin", "uv": [ 40.5, 15.5, 41.0, 17.5 ] },
																				"up": { "texture": "#skin", "uv": [ 40.5, 15.0, 41.0, 15.5 ], "rotation": 90 }
																			}
																		},
																		{
																			"name": "RAntlerBeam3",
																			"from": [ 0.05, 2.0, 0.05 ],
																			"to": [ 0.35, 4.0, 0.35 ],
																			"unwrapMode": 4,
																			"uv": [ 40.0, 13.5 ],
																			"rotationOrigin": [ 0.35, 2.0, 0.05 ],
																			"rotationX": 10.0,
																			"rotationZ": 20.0,
																			"faces": {
																				"north": { "texture": "#skin", "uv": [ 40.0, 14.0, 40.5, 16.0 ] },
																				"east": { "texture": "#skin", "uv": [ 41.5, 14.0, 42.0, 16.0 ] },
																				"south": { "texture": "#skin", "uv": [ 41.0, 14.0, 41.5, 16.0 ] },
																				"west": { "texture": "#skin", "uv": [ 40.5, 14.0, 41.0, 16.0 ] },
																				"up": { "texture": "#skin", "uv": [ 40.5, 13.5, 41.0, 14.0 ], "rotation": 90 }
																			},
																			"children": [
																				{
																					"name": "RAntlerTine3",
																					"from": [ 0.0, 0.0, 0.0 ],
																					"to": [ 0.3, 1.5, 0.3 ],
																					"unwrapMode": 4,
																					"uv": [ 40.0, 17.0 ],
																					"rotationOrigin": [ 0.0, 0.0, 0.0 ],
																					"rotationZ": -55.0,
																					"faces": {
																						"north": { "texture": "#skin", "uv": [ 40.0, 17.5, 40.5, 19.0 ] },
																						"east": { "texture": "#skin", "uv": [ 41.5, 17.5, 42.0, 19.0 ] },
																						"south": { "texture": "#skin", "uv": [ 41.0, 17.5, 41.5, 19.0 ] },
																						"west": { "texture": "#skin", "uv": [ 40.5, 17.5, 41.0, 19.0 ] },
																						"up": { "texture": "#skin", "uv": [ 40.5, 17.0, 41.0, 17.5 ], "rotation": 90 }
																					}
																				}
																			]
																		}
																	]
																}
															]
														},
														{
															"name": "RAntlerBeam5",
															"from": [ 0.1, 2.0, 0.0 ],
															"to": [ 0.6, 4.0, 0.5 ],
															"unwrapMode": 2,
															"uv": [ 40.0, 25.5 ],
															"rotationOrigin": [ 0.6, 2.0, 0.0 ],
															"rotationX": 10.0,
															"rotationZ": 40.0,
															"faces": {
																"north": { "texture": "#skin", "uv": [ 41.0, 26.0, 41.5, 28.0 ] },
																"east": { "texture": "#skin", "uv": [ 40.5, 26.0, 41.0, 28.0 ] },
																"south": { "texture": "#skin", "uv": [ 40.0, 26.0, 40.5, 28.0 ] },
																"west": { "texture": "#skin", "uv": [ 41.5, 26.0, 42.0, 28.0 ] },
																"up": { "texture": "#skin", "uv": [ 40.5, 25.5, 41.0, 26.0 ], "rotation": 270 }
															},
															"children": [
																{
																	"name": "RAntlerTine5",
																	"from": [ 0.1, 2.0, 0.1 ],
																	"to": [ 0.4, 4.0, 0.4 ],
																	"unwrapMode": 3,
																	"uv": [ 40.0, 11.5 ],
																	"rotationOrigin": [ 0.4, 2.0, 0.1 ],
																	"rotationX": 5.0,
																	"rotationZ": 45.0,
																	"faces": {
																		"north": { "texture": "#skin", "uv": [ 41.5, 12.0, 42.0, 14.0 ] },
																		"east": { "texture": "#skin", "uv": [ 41.0, 12.0, 41.5, 14.0 ] },
																		"south": { "texture": "#skin", "uv": [ 40.5, 12.0, 41.0, 14.0 ] },
																		"west": { "texture": "#skin", "uv": [ 40.0, 12.0, 40.5, 14.0 ] },
																		"up": { "texture": "#skin", "uv": [ 40.5, 11.5, 41.0, 12.0 ] }
																	}
																},
																{
																	"name": "RAntlerBeam6",
																	"from": [ 0.05, 2.0, 0.05 ],
																	"to": [ 0.45, 3.5, 0.45 ],
																	"unwrapMode": 3,
																	"uv": [ 40.0, 20.5 ],
																	"rotationOrigin": [ 0.05, 2.0, 0.05 ],
																	"rotationX": 10.0,
																	"rotationZ": -20.0,
																	"faces": {
																		"north": { "texture": "#skin", "uv": [ 41.5, 21.0, 42.0, 22.5 ] },
																		"east": { "texture": "#skin", "uv": [ 41.0, 21.0, 41.5, 22.5 ] },
																		"south": { "texture": "#skin", "uv": [ 40.5, 21.0, 41.0, 22.5 ] },
																		"west": { "texture": "#skin", "uv": [ 40.0, 21.0, 40.5, 22.5 ] },
																		"up": { "texture": "#skin", "uv": [ 40.5, 20.5, 41.0, 21.0 ] }
																	},
																	"children": [
																		{
																			"name": "RAntlerTine6",
																			"from": [ 0.05, 1.5, 0.05 ],
																			"to": [ 0.35, 3.0, 0.35 ],
																			"unwrapMode": 4,
																			"uv": [ 40.0, 19.5 ],
																			"rotationOrigin": [ 0.05, 1.5, 0.05 ],
																			"rotationX": -5.0,
																			"rotationZ": -15.0,
																			"faces": {
																				"north": { "texture": "#skin", "uv": [ 40.0, 20.0, 40.5, 21.5 ] },
																				"east": { "texture": "#skin", "uv": [ 41.5, 20.0, 42.0, 21.5 ] },
																				"south": { "texture": "#skin", "uv": [ 41.0, 20.0, 41.5, 21.5 ] },
																				"west": { "texture": "#skin", "uv": [ 40.5, 20.0, 41.0, 21.5 ] },
																				"up": { "texture": "#skin", "uv": [ 40.5, 19.5, 41.0, 20.0 ], "rotation": 90 }
																			}
																		}
																	]
																}
															]
														}
													]
												}
											]
										},
										{
											"name": "L antler base",
											"from": [ 0.5, 1.2, 1.1 ],
											"to": [ 1.3, 2.2, 1.9 ],
											"unwrapMode": 4,
											"uv": [ 30.5, 5.0 ],
											"rotationOrigin": [ 0.5, 1.2, 1.1 ],
											"rotationX": 30.0,
											"faces": {
												"north": { "texture": "#skin", "uv": [ 30.5, 5.5, 31.0, 6.5 ] },
												"east": { "texture": "#skin", "uv": [ 32.0, 5.5, 32.5, 6.5 ] },
												"south": { "texture": "#skin", "uv": [ 31.5, 5.5, 32.0, 6.5 ] },
												"west": { "texture": "#skin", "uv": [ 31.0, 5.5, 31.5, 6.5 ], "windMode": [-1,-1,-1,-1], "windData": [0,0,1,1] },
												"up": { "texture": "#skin", "uv": [ 31.0, 5.0, 31.5, 5.5 ], "rotation": 90 }
											},
											"children": [
												{
													"name": "LAntlerBeam0",
													"from": [ 0.1, 0.9, 0.1 ],
													"to": [ 0.7, 2.9, 0.7 ],
													"unwrapMode": 4,
													"uv": [ 35.5, 30.0 ],
													"rotationOrigin": [ 0.1, 0.9, 0.1 ],
													"rotationX": 7.0,
													"faces": {
														"north": { "texture": "#skin", "uv": [ 35.5, 30.5, 36.0, 32.5 ] },
														"east": { "texture": "#skin", "uv": [ 37.0, 30.5, 37.5, 32.5 ] },
														"south": { "texture": "#skin", "uv": [ 36.5, 30.5, 37.0, 32.5 ] },
														"west": { "texture": "#skin", "uv": [ 36.0, 30.5, 36.5, 32.5 ] },
														"up": { "texture": "#skin", "uv": [ 36.0, 30.0, 36.5, 30.5 ], "rotation": 90 }
													},
													"children": [
														{
															"name": "LAntlerBeam5",
															"from": [ 0.1, 2.0, 0.1 ],
															"to": [ 0.6, 4.0, 0.6 ],
															"unwrapMode": 1,
															"uv": [ 35.5, 25.5 ],
															"rotationOrigin": [ 0.6, 2.0, 0.6 ],
															"rotationX": -10.0,
															"rotationZ": 40.0,
															"faces": {
																"north": { "texture": "#skin", "uv": [ 36.0, 26.0, 36.5, 28.0 ] },
																"east": { "texture": "#skin", "uv": [ 35.5, 26.0, 36.0, 28.0 ] },
																"south": { "texture": "#skin", "uv": [ 37.0, 26.0, 37.5, 28.0 ] },
																"west": { "texture": "#skin", "uv": [ 36.5, 26.0, 37.0, 28.0 ] },
																"up": { "texture": "#skin", "uv": [ 36.0, 25.5, 36.5, 26.0 ], "rotation": 180 }
															},
															"children": [
																{
																	"name": "LAntlerBeam6",
																	"from": [ 0.05, 2.0, 0.05 ],
																	"to": [ 0.45, 3.5, 0.45 ],
																	"unwrapMode": 1,
																	"uv": [ 35.5, 20.0 ],
																	"rotationOrigin": [ 0.05, 2.0, 0.45 ],
																	"rotationX": -10.0,
																	"rotationZ": -20.0,
																	"faces": {
																		"north": { "texture": "#skin", "uv": [ 36.0, 20.5, 36.5, 22.0 ] },
																		"east": { "texture": "#skin", "uv": [ 35.5, 20.5, 36.0, 22.0 ] },
																		"south": { "texture": "#skin", "uv": [ 37.0, 20.5, 37.5, 22.0 ] },
																		"west": { "texture": "#skin", "uv": [ 36.5, 20.5, 37.0, 22.0 ] },
																		"up": { "texture": "#skin", "uv": [ 36.0, 20.0, 36.5, 20.5 ], "rotation": 180 }
																	},
																	"children": [
																		{
																			"name": "L antlerTine6",
																			"from": [ 0.0, 0.0, 0.0 ],
																			"to": [ 0.3, 2.0, 0.3 ],
																			"unwrapMode": 1,
																			"uv": [ 35.5, 13.0 ],
																			"rotationOrigin": [ 0.3, 0.0, 0.4 ],
																			"rotationX": -5.0,
																			"rotationZ": 45.0,
																			"faces": {
																				"north": { "texture": "#skin", "uv": [ 36.0, 13.5, 36.5, 15.5 ] },
																				"east": { "texture": "#skin", "uv": [ 35.5, 13.5, 36.0, 15.5 ] },
																				"south": { "texture": "#skin", "uv": [ 37.0, 13.5, 37.5, 15.5 ] },
																				"west": { "texture": "#skin", "uv": [ 36.5, 13.5, 37.0, 15.5 ] },
																				"up": { "texture": "#skin", "uv": [ 36.0, 13.0, 36.5, 13.5 ], "rotation": 180 }
																			}
																		},
																		{
																			"name": "LAntlerBeam7",
																			"from": [ 0.05, 1.5, 0.05 ],
																			"to": [ 0.35, 3.0, 0.35 ],
																			"unwrapMode": 1,
																			"uv": [ 35.5, 22.0 ],
																			"rotationOrigin": [ 0.05, 1.5, 0.35 ],
																			"rotationX": -5.0,
																			"rotationZ": -15.0,
																			"faces": {
																				"north": { "texture": "#skin", "uv": [ 36.0, 22.5, 36.5, 24.0 ] },
																				"east": { "texture": "#skin", "uv": [ 35.5, 22.5, 36.0, 24.0 ] },
																				"south": { "texture": "#skin", "uv": [ 37.0, 22.5, 37.5, 24.0 ] },
																				"west": { "texture": "#skin", "uv": [ 36.5, 22.5, 37.0, 24.0 ] },
																				"up": { "texture": "#skin", "uv": [ 36.0, 22.0, 36.5, 22.5 ], "rotation": 180 }
																			}
																		}
																	]
																}
															]
														},
														{
															"name": "LAntlerBeam1",
															"from": [ 0.1, 2.0, 0.1 ],
															"to": [ 0.6, 4.5, 0.6 ],
															"unwrapMode": 1,
															"uv": [ 35.5, 27.5 ],
															"rotationOrigin": [ 0.6, 2.0, 0.6 ],
															"rotationX": -10.0,
															"rotationY": 1.0,
															"rotationZ": -40.0,
															"faces": {
																"north": { "texture": "#skin", "uv": [ 36.0, 28.0, 36.5, 30.5 ] },
																"east": { "texture": "#skin", "uv": [ 35.5, 28.0, 36.0, 30.5 ] },
																"south": { "texture": "#skin", "uv": [ 37.0, 28.0, 37.5, 30.5 ] },
																"west": { "texture": "#skin", "uv": [ 36.5, 28.0, 37.0, 30.5 ] },
																"up": { "texture": "#skin", "uv": [ 36.0, 27.5, 36.5, 28.0 ], "rotation": 180 }
															},
															"children": [
																{
																	"name": "LAntlerBeam2",
																	"from": [ 0.1, 2.5, 0.05 ],
																	"to": [ 0.5, 4.5, 0.45 ],
																	"unwrapMode": 1,
																	"uv": [ 35.5, 24.0 ],
																	"rotationOrigin": [ 0.5, 2.5, 0.45 ],
																	"rotationX": -10.0,
																	"rotationZ": 30.0,
																	"faces": {
																		"north": { "texture": "#skin", "uv": [ 36.0, 24.5, 36.5, 26.5 ] },
																		"east": { "texture": "#skin", "uv": [ 35.5, 24.5, 36.0, 26.5 ] },
																		"south": { "texture": "#skin", "uv": [ 37.0, 24.5, 37.5, 26.5 ] },
																		"west": { "texture": "#skin", "uv": [ 36.5, 24.5, 37.0, 26.5 ] },
																		"up": { "texture": "#skin", "uv": [ 36.0, 24.0, 36.5, 24.5 ], "rotation": 180 }
																	},
																	"children": [
																		{
																			"name": "LAntlerTine2",
																			"from": [ 0.3, 0.2, -0.05 ],
																			"to": [ 0.6, 2.2, 0.25 ],
																			"unwrapMode": 1,
																			"uv": [ 35.5, 16.0 ],
																			"rotationOrigin": [ 0.3, 0.2, 0.05 ],
																			"rotationX": 5.0,
																			"rotationZ": -50.0,
																			"faces": {
																				"north": { "texture": "#skin", "uv": [ 36.0, 16.5, 36.5, 18.5 ] },
																				"east": { "texture": "#skin", "uv": [ 35.5, 16.5, 36.0, 18.5 ] },
																				"south": { "texture": "#skin", "uv": [ 37.0, 16.5, 37.5, 18.5 ] },
																				"west": { "texture": "#skin", "uv": [ 36.5, 16.5, 37.0, 18.5 ] },
																				"up": { "texture": "#skin", "uv": [ 36.0, 16.0, 36.5, 16.5 ], "rotation": 180 }
																			}
																		},
																		{
																			"name": "LAntlerBeam3",
																			"from": [ 0.05, 2.0, 0.05 ],
																			"to": [ 0.35, 4.0, 0.35 ],
																			"unwrapMode": 1,
																			"uv": [ 35.5, 18.0 ],
																			"rotationOrigin": [ 0.35, 2.0, 0.35 ],
																			"rotationX": -10.0,
																			"rotationZ": 20.0,
																			"faces": {
																				"north": { "texture": "#skin", "uv": [ 36.0, 18.5, 36.5, 20.5 ] },
																				"east": { "texture": "#skin", "uv": [ 35.5, 18.5, 36.0, 20.5 ] },
																				"south": { "texture": "#skin", "uv": [ 37.0, 18.5, 37.5, 20.5 ] },
																				"west": { "texture": "#skin", "uv": [ 36.5, 18.5, 37.0, 20.5 ] },
																				"up": { "texture": "#skin", "uv": [ 36.0, 18.0, 36.5, 18.5 ], "rotation": 180 }
																			},
																			"children": [
																				{
																					"name": "LAntlerTine3",
																					"from": [ 0.0, 0.0, 0.0 ],
																					"to": [ 0.3, 1.5, 0.3 ],
																					"unwrapMode": 1,
																					"uv": [ 35.5, 11.5 ],
																					"rotationOrigin": [ 0.0, 0.0, 0.3 ],
																					"rotationZ": -55.0,
																					"faces": {
																						"north": { "texture": "#skin", "uv": [ 36.0, 12.0, 36.5, 13.5 ] },
																						"east": { "texture": "#skin", "uv": [ 35.5, 12.0, 36.0, 13.5 ] },
																						"south": { "texture": "#skin", "uv": [ 37.0, 12.0, 37.5, 13.5 ] },
																						"west": { "texture": "#skin", "uv": [ 36.5, 12.0, 37.0, 13.5 ] },
																						"up": { "texture": "#skin", "uv": [ 36.0, 11.5, 36.5, 12.0 ], "rotation": 180 }
																					}
																				}
																			]
																		}
																	]
																}
															]
														}
													]
												}
											]
										}
									]
								}
							]
						}
					]
				}
			]
		}
	]}