[ {
                "op": "add",
                "path": "/selling/list/-",
                "value": {
                    "code": "storagevessel-token",
                    "type": "block",
                    "stacksize": 1,
                    "stock": {
                        "avg": 1,
                        "var": 0.25
                    },
                    "price": {
                        "avg": 20,
                        "var": 2.25
                    },
                    "attributes": {
                        "type": "normal"
                    }
                },
                "file": "game:config/tradelists/trader-luxuries.json"
            },
            {
                "op": "add",
                "path": "/selling/list/-",
                "value": {
                    "code": "storagevessel-forlorn",
                    "type": "block",
                    "stacksize": 1,
                    "stock": {
                        "avg": 1,
                        "var": 0.25
                    },
                    "price": {
                        "avg": 20,
                        "var": 2.25
                    },
                    "attributes": {
                        "type": "normal"
                    }
                },
                "file": "game:config/tradelists/trader-luxuries.json"
            },
            {
                "op": "add",
                "path": "/selling/list/-",
                "value": {
                    "code": "storagevessel-blackguard",
                    "type": "block",
                    "stacksize": 1,
                    "stock": {
                        "avg": 1,
                        "var": 0.25
                    },
                    "price": {
                        "avg": 20,
                        "var": 2.25
                    },
                    "attributes": {
                        "type": "normal"
                    }
                },
                "file": "game:config/tradelists/trader-luxuries.json"
            }]


