{
	"editor": {
		"backDropShape": "entity/animal/mammal/hooved/alceini/cervalcesscotti/adult",
		"collapsedPaths": "Root/Body/abdomen/L back Thigh,Root/Body/abdomen/R back Thigh",
		"allAngles": true,
		"entityTextureMode": false
	},
	"textureWidth": 16,
	"textureHeight": 16,
	"textureSizes": {
		"moose-antlers": [16,16]
	},
	"textures": {
		"moose-antlers": "game:entity/animal/mammal/hooved/deer/moose-antlers"
	},
	"elements": [
		{
			"name": "Horn attachment",
			"stepParentName": "Head",
			"from": [ 1.0, 5.3, 2.8 ],
			"to": [ 2.0, 6.3, 3.8 ],
			"rotationOrigin": [ 1.0, 5.3, 2.8 ],
			"faces": {
			},
			"children": [
				{
					"name": "R antler base",
					"from": [ 0.5, 0.3, -3.2 ],
					"to": [ 1.7, 1.3, -2.0 ],
					"rotationOrigin": [ 0.5, 0.3, -2.4 ],
					"rotationX": -80.0,
					"rotationY": -10.0,
					"rotationZ": -5.0,
					"faces": {
						"north": { "texture": "#moose-antlers", "uv": [ 1.5, 4.0, 2.5, 5.0 ], "windMode": [-1,-1,-1,-1] },
						"east": { "texture": "#moose-antlers", "uv": [ 2.5, 3.5, 3.5, 4.5 ], "windMode": [-1,-1,-1,-1] },
						"south": { "texture": "#moose-antlers", "uv": [ 4.0, 2.0, 5.0, 3.0 ], "windMode": [-1,-1,-1,-1] },
						"west": { "texture": "#moose-antlers", "uv": [ 1.5, 12.0, 2.5, 13.0 ], "windMode": [-1,-1,-1,-1], "windData": [0,1,1,1] },
						"up": { "texture": "#moose-antlers", "uv": [ 11.5, 8.0, 12.5, 9.0 ], "rotation": 90 }
					},
					"children": [
						{
							"name": "R antler base 2",
							"from": [ 0.1, 0.9, 0.1 ],
							"to": [ 1.1, 4.9, 1.1 ],
							"rotationOrigin": [ 0.1, 0.9, 1.1 ],
							"rotationX": -7.0,
							"faces": {
								"north": { "texture": "#moose-antlers", "uv": [ 3.0, 5.5, 4.0, 9.5 ] },
								"east": { "texture": "#moose-antlers", "uv": [ 14.0, 6.0, 15.0, 10.0 ] },
								"south": { "texture": "#moose-antlers", "uv": [ 10.0, 5.0, 11.0, 9.0 ] },
								"west": { "texture": "#moose-antlers", "uv": [ 10.5, 4.5, 11.5, 8.5 ] },
								"up": { "texture": "#moose-antlers", "uv": [ 6.5, 11.5, 7.5, 12.5 ], "rotation": 90 },
								"down": { "texture": "#moose-antlers", "uv": [ 9.5, 14.0, 10.5, 15.0 ], "rotation": 90, "windMode": [-1,-1,-1,-1] }
							},
							"children": [
								{
									"name": "R antler base 3",
									"from": [ 1.0, 3.3, 0.0 ],
									"to": [ 3.0, 7.3, 1.0 ],
									"rotationOrigin": [ 1.0, 3.3, 1.0 ],
									"rotationX": -10.0,
									"rotationY": 80.0,
									"rotationZ": 30.0,
									"faces": {
										"north": { "texture": "#moose-antlers", "uv": [ 6.5, 0.0, 8.5, 4.0 ] },
										"east": { "texture": "#moose-antlers", "uv": [ 2.5, 11.5, 3.5, 15.5 ] },
										"south": { "texture": "#moose-antlers", "uv": [ 3.0, 3.5, 5.0, 7.5 ] },
										"west": { "texture": "#moose-antlers", "uv": [ 5.5, 10.0, 6.5, 14.0 ] },
										"up": { "texture": "#moose-antlers", "uv": [ 12.5, 0.0, 13.5, 2.0 ], "rotation": 90 },
										"down": { "texture": "#moose-antlers", "uv": [ 11.0, 13.0, 12.0, 15.0 ], "rotation": 90, "windMode": [-1,-1,-1,-1] }
									},
									"children": [
										{
											"name": "R antler base 4",
											"from": [ 0.0, 3.4, 0.0 ],
											"to": [ 2.5, 5.1, 1.0 ],
											"rotationOrigin": [ 0.0, 3.6, 1.0 ],
											"rotationY": 19.0,
											"rotationZ": 10.0,
											"faces": {
												"north": { "texture": "#moose-antlers", "uv": [ 9.0, 0.0, 11.5, 1.5 ] },
												"east": { "texture": "#moose-antlers", "uv": [ 8.0, 3.0, 9.0, 4.5 ] },
												"south": { "texture": "#moose-antlers", "uv": [ 5.0, 9.0, 7.5, 10.5 ] },
												"west": { "texture": "#moose-antlers", "uv": [ 11.0, 5.0, 12.0, 6.5 ] },
												"up": { "texture": "#moose-antlers", "uv": [ 7.5, 7.0, 8.5, 9.5 ], "rotation": 90 },
												"down": { "texture": "#moose-antlers", "uv": [ 4.0, 11.5, 5.0, 14.0 ], "rotation": 90, "windMode": [-1,-1,-1,-1] }
											}
										},
										{
											"name": "R rearpalm1",
											"from": [ 1.7, 0.0, 0.0 ],
											"to": [ 3.7, 4.0, 1.0 ],
											"rotationOrigin": [ 1.7, 0.0, 1.0 ],
											"rotationX": -2.0,
											"rotationZ": -5.0,
											"faces": {
												"north": { "texture": "#moose-antlers", "uv": [ 1.5, 3.0, 3.5, 7.0 ] },
												"east": { "texture": "#moose-antlers", "uv": [ 10.0, 5.0, 11.0, 9.0 ] },
												"south": { "texture": "#moose-antlers", "uv": [ 7.5, 11.5, 9.5, 15.5 ] },
												"west": { "texture": "#moose-antlers", "uv": [ 4.5, 1.0, 5.5, 5.0 ] },
												"up": { "texture": "#moose-antlers", "uv": [ 5.5, 11.0, 6.5, 13.0 ], "rotation": 90 },
												"down": { "texture": "#moose-antlers", "uv": [ 14.5, 5.0, 15.5, 7.0 ], "rotation": 90 }
											},
											"children": [
												{
													"name": "R rearpalmb1",
													"from": [ -0.3, 3.6, 0.0 ],
													"to": [ 2.0, 5.8, 1.0 ],
													"rotationOrigin": [ -0.3, 3.6, 1.0 ],
													"rotationX": -12.0,
													"rotationZ": 5.0,
													"faces": {
														"north": { "texture": "#moose-antlers", "uv": [ 5.5, 11.0, 7.5, 13.0 ] },
														"east": { "texture": "#moose-antlers", "uv": [ 7.5, 10.0, 8.5, 12.0 ] },
														"south": { "texture": "#moose-antlers", "uv": [ 9.5, 9.5, 11.5, 11.5 ] },
														"west": { "texture": "#moose-antlers", "uv": [ 13.0, 8.5, 14.0, 10.5 ] },
														"up": { "texture": "#moose-antlers", "uv": [ 4.0, 2.0, 5.0, 4.0 ], "rotation": 90 },
														"down": { "texture": "#moose-antlers", "uv": [ 14.5, 1.5, 15.5, 3.5 ], "rotation": 90 }
													}
												},
												{
													"name": "R rearpalm2",
													"from": [ 2.0, 0.0, 0.0 ],
													"to": [ 4.0, 4.0, 1.0 ],
													"rotationOrigin": [ 2.0, 0.0, 0.0 ],
													"rotationY": -30.0,
													"faces": {
														"north": { "texture": "#moose-antlers", "uv": [ 1.5, 3.0, 3.5, 7.0 ] },
														"east": { "texture": "#moose-antlers", "uv": [ 10.0, 5.0, 11.0, 9.0 ] },
														"south": { "texture": "#moose-antlers", "uv": [ 7.5, 11.5, 9.5, 15.5 ] },
														"west": { "texture": "#moose-antlers", "uv": [ 4.5, 1.0, 5.5, 5.0 ] },
														"up": { "texture": "#moose-antlers", "uv": [ 5.5, 11.0, 6.5, 13.0 ], "rotation": 90 },
														"down": { "texture": "#moose-antlers", "uv": [ 14.5, 5.0, 15.5, 7.0 ], "rotation": 90 }
													},
													"children": [
														{
															"name": "R rearpalmb2",
															"from": [ -0.3, 3.6, 0.0 ],
															"to": [ 2.2, 5.8, 1.0 ],
															"rotationOrigin": [ -0.3, 3.6, 1.0 ],
															"rotationX": -8.0,
															"rotationZ": 5.0,
															"faces": {
																"north": { "texture": "#moose-antlers", "uv": [ 5.5, 11.0, 8.0, 13.0 ] },
																"east": { "texture": "#moose-antlers", "uv": [ 7.5, 10.0, 8.5, 12.0 ] },
																"south": { "texture": "#moose-antlers", "uv": [ 9.5, 9.5, 12.0, 11.5 ] },
																"west": { "texture": "#moose-antlers", "uv": [ 13.0, 8.5, 14.0, 10.5 ] },
																"up": { "texture": "#moose-antlers", "uv": [ 4.0, 2.0, 5.0, 4.5 ], "rotation": 90 },
																"down": { "texture": "#moose-antlers", "uv": [ 14.5, 1.5, 15.5, 4.0 ], "rotation": 90 }
															}
														},
														{
															"name": "R rearpalm3",
															"from": [ 1.8, 0.0, 0.0 ],
															"to": [ 3.8, 4.0, 1.0 ],
															"rotationOrigin": [ 1.8, 0.0, 0.0 ],
															"rotationY": -20.0,
															"rotationZ": -5.0,
															"faces": {
																"north": { "texture": "#moose-antlers", "uv": [ 3.5, 11.0, 5.5, 15.0 ] },
																"east": { "texture": "#moose-antlers", "uv": [ 7.5, 1.0, 8.5, 5.0 ] },
																"south": { "texture": "#moose-antlers", "uv": [ 10.0, 5.5, 12.0, 9.5 ] },
																"west": { "texture": "#moose-antlers", "uv": [ 5.5, 7.0, 6.5, 11.0 ] },
																"up": { "texture": "#moose-antlers", "uv": [ 6.0, 5.0, 7.0, 7.0 ], "rotation": 90 },
																"down": { "texture": "#moose-antlers", "uv": [ 0.5, 12.0, 1.5, 14.0 ], "rotation": 90 }
															},
															"children": [
																{
																	"name": "R rearpalmb3",
																	"from": [ -0.4, 3.6, 0.0 ],
																	"to": [ 2.1, 6.1, 1.0 ],
																	"rotationOrigin": [ -0.4, 3.6, 1.0 ],
																	"rotationX": -9.0,
																	"rotationZ": 5.0,
																	"faces": {
																		"north": { "texture": "#moose-antlers", "uv": [ 9.5, 11.5, 12.0, 14.0 ] },
																		"east": { "texture": "#moose-antlers", "uv": [ 8.5, 1.5, 9.5, 4.0 ] },
																		"south": { "texture": "#moose-antlers", "uv": [ 3.5, 6.5, 6.0, 9.0 ] },
																		"west": { "texture": "#moose-antlers", "uv": [ 6.5, 9.0, 7.5, 11.5 ] },
																		"up": { "texture": "#moose-antlers", "uv": [ 4.5, 2.0, 5.5, 4.5 ], "rotation": 90 },
																		"down": { "texture": "#moose-antlers", "uv": [ 2.0, 5.0, 3.0, 7.5 ], "rotation": 90 }
																	}
																},
																{
																	"name": "R rearpalm5",
																	"from": [ 2.0, 0.0, 0.1 ],
																	"to": [ 4.0, 4.0, 0.9 ],
																	"rotationOrigin": [ 2.0, 0.0, 0.1 ],
																	"rotationY": -15.0,
																	"faces": {
																		"north": { "texture": "#moose-antlers", "uv": [ 3.5, 7.5, 5.5, 11.5 ] },
																		"east": { "texture": "#moose-antlers", "uv": [ 7.5, 5.0, 8.0, 9.0 ] },
																		"south": { "texture": "#moose-antlers", "uv": [ 4.5, 8.0, 6.5, 12.0 ] },
																		"west": { "texture": "#moose-antlers", "uv": [ 5.5, 2.5, 6.0, 6.5 ] },
																		"up": { "texture": "#moose-antlers", "uv": [ 10.5, 11.0, 11.0, 13.0 ], "rotation": 90 },
																		"down": { "texture": "#moose-antlers", "uv": [ 8.0, 11.0, 8.5, 13.0 ], "rotation": 90 }
																	},
																	"children": [
																		{
																			"name": "R rearpalmb5",
																			"from": [ -0.6, 3.6, 0.1 ],
																			"to": [ 0.9, 5.5, 0.9 ],
																			"rotationOrigin": [ 0.9, 3.6, 0.9 ],
																			"rotationX": -3.0,
																			"rotationZ": -15.0,
																			"faces": {
																				"north": { "texture": "#moose-antlers", "uv": [ 5.5, 4.5, 7.0, 6.0 ] },
																				"east": { "texture": "#moose-antlers", "uv": [ 8.5, 9.0, 9.0, 10.5 ] },
																				"south": { "texture": "#moose-antlers", "uv": [ 4.5, 6.0, 6.0, 7.5 ] },
																				"west": { "texture": "#moose-antlers", "uv": [ 9.5, 10.5, 10.0, 12.0 ] },
																				"up": { "texture": "#moose-antlers", "uv": [ 5.0, 1.0, 5.5, 2.5 ], "rotation": 90 },
																				"down": { "texture": "#moose-antlers", "uv": [ 15.0, 11.0, 15.5, 12.5 ], "rotation": 90 }
																			}
																		},
																		{
																			"name": "R rearpalm6",
																			"from": [ 1.5, 0.0, 0.1 ],
																			"to": [ 3.5, 3.0, 0.7 ],
																			"rotationOrigin": [ 1.5, 0.0, 0.1 ],
																			"rotationZ": -10.0,
																			"faces": {
																				"north": { "texture": "#moose-antlers", "uv": [ 12.5, 9.5, 14.5, 12.5 ] },
																				"east": { "texture": "#moose-antlers", "uv": [ 10.5, 4.5, 11.0, 7.5 ] },
																				"south": { "texture": "#moose-antlers", "uv": [ 4.0, 10.5, 6.0, 13.5 ] },
																				"west": { "texture": "#moose-antlers", "uv": [ 11.0, 7.0, 11.5, 10.0 ] },
																				"up": { "texture": "#moose-antlers", "uv": [ 2.0, 11.5, 2.5, 13.5 ], "rotation": 90 },
																				"down": { "texture": "#moose-antlers", "uv": [ 14.0, 10.0, 14.5, 12.0 ], "rotation": 90 }
																			},
																			"children": [
																				{
																					"name": "R rearpalm7",
																					"from": [ 2.0, 0.0, 0.1 ],
																					"to": [ 4.0, 2.0, 0.5 ],
																					"rotationOrigin": [ 2.0, 0.0, 0.5 ],
																					"rotationY": -10.0,
																					"faces": {
																						"north": { "texture": "#moose-antlers", "uv": [ 6.0, 1.0, 8.0, 3.0 ] },
																						"east": { "texture": "#moose-antlers", "uv": [ 7.0, 0.0, 7.5, 2.0 ] },
																						"south": { "texture": "#moose-antlers", "uv": [ 2.5, 5.0, 4.5, 7.0 ] },
																						"west": { "texture": "#moose-antlers", "uv": [ 3.0, 0.5, 3.5, 2.5 ] },
																						"up": { "texture": "#moose-antlers", "uv": [ 0.5, 1.5, 1.0, 3.5 ], "rotation": 90 },
																						"down": { "texture": "#moose-antlers", "uv": [ 12.0, 7.5, 12.5, 9.5 ], "rotation": 90 }
																					},
																					"children": [
																						{
																							"name": "R rearpalm8",
																							"from": [ 1.5, 0.0, 0.0 ],
																							"to": [ 5.5, 1.0, 0.4 ],
																							"rotationOrigin": [ 1.5, 0.0, 0.4 ],
																							"rotationY": -10.0,
																							"rotationZ": -20.0,
																							"faces": {
																								"north": { "texture": "#moose-antlers", "uv": [ 9.0, 12.0, 13.0, 13.0 ] },
																								"east": { "texture": "#moose-antlers", "uv": [ 8.0, 0.0, 8.5, 1.0 ] },
																								"south": { "texture": "#moose-antlers", "uv": [ 1.5, 8.5, 5.5, 9.5 ] },
																								"west": { "texture": "#moose-antlers", "uv": [ 1.5, 14.0, 2.0, 15.0 ] },
																								"up": { "texture": "#moose-antlers", "uv": [ 12.5, 8.0, 13.0, 12.0 ], "rotation": 90 },
																								"down": { "texture": "#moose-antlers", "uv": [ 5.0, 6.5, 5.5, 10.5 ], "rotation": 90 }
																							},
																							"children": [
																								{
																									"name": "R rearpalm8b",
																									"from": [ -0.2, 1.0, 0.0 ],
																									"to": [ 4.1, 2.0, 0.4 ],
																									"rotationOrigin": [ -0.2, 2.0, 0.4 ],
																									"rotationY": -2.0,
																									"rotationZ": -12.0,
																									"faces": {
																										"north": { "texture": "#moose-antlers", "uv": [ 2.5, 2.0, 6.5, 3.0 ] },
																										"east": { "texture": "#moose-antlers", "uv": [ 6.5, 2.5, 7.0, 3.5 ] },
																										"south": { "texture": "#moose-antlers", "uv": [ 11.5, 6.5, 15.5, 7.5 ] },
																										"west": { "texture": "#moose-antlers", "uv": [ 5.0, 9.5, 5.5, 10.5 ] },
																										"up": { "texture": "#moose-antlers", "uv": [ 11.0, 9.5, 11.5, 13.5 ], "rotation": 90 },
																										"down": { "texture": "#moose-antlers", "uv": [ 2.0, 10.0, 2.5, 14.0 ], "rotation": 90 }
																									}
																								}
																							]
																						},
																						{
																							"name": "R rearpalm7b",
																							"from": [ 0.0, 2.1, 0.0 ],
																							"to": [ 2.3, 3.1, 0.4 ],
																							"rotationOrigin": [ 0.0, 3.1, 0.4 ],
																							"rotationY": -1.0,
																							"rotationZ": -28.0,
																							"faces": {
																								"north": { "texture": "#moose-antlers", "uv": [ 11.0, 12.5, 13.0, 13.5 ] },
																								"east": { "texture": "#moose-antlers", "uv": [ 7.5, 1.0, 8.0, 2.0 ] },
																								"south": { "texture": "#moose-antlers", "uv": [ 3.0, 13.5, 5.0, 14.5 ] },
																								"west": { "texture": "#moose-antlers", "uv": [ 7.5, 10.0, 8.0, 11.0 ] },
																								"up": { "texture": "#moose-antlers", "uv": [ 12.5, 12.5, 13.0, 14.5 ], "rotation": 90 },
																								"down": { "texture": "#moose-antlers", "uv": [ 1.0, 5.0, 1.5, 7.0 ], "rotation": 90 }
																							}
																						}
																					]
																				},
																				{
																					"name": "R rearpalm6b",
																					"from": [ -0.2, 3.0, 0.0 ],
																					"to": [ 2.2, 4.0, 0.6 ],
																					"rotationOrigin": [ -0.2, 4.0, 0.0 ],
																					"rotationY": 2.0,
																					"rotationZ": -22.0,
																					"faces": {
																						"north": { "texture": "#moose-antlers", "uv": [ 3.0, 10.0, 5.0, 11.0 ] },
																						"east": { "texture": "#moose-antlers", "uv": [ 4.5, 10.0, 5.0, 11.0 ] },
																						"south": { "texture": "#moose-antlers", "uv": [ 7.0, 4.5, 9.0, 5.5 ] },
																						"west": { "texture": "#moose-antlers", "uv": [ 1.0, 1.0, 1.5, 2.0 ] },
																						"up": { "texture": "#moose-antlers", "uv": [ 3.0, 4.5, 3.5, 6.5 ], "rotation": 90 },
																						"down": { "texture": "#moose-antlers", "uv": [ 5.5, 8.0, 6.0, 10.0 ], "rotation": 90 }
																					}
																				}
																			]
																		}
																	]
																}
															]
														}
													]
												}
											]
										},
										{
											"name": "R Frontbeam1",
											"from": [ -1.5, 0.0, 0.0 ],
											"to": [ 0.0, 3.0, 1.0 ],
											"rotationOrigin": [ 0.0, 0.0, 0.0 ],
											"rotationX": 5.0,
											"rotationY": 30.0,
											"rotationZ": -10.0,
											"faces": {
												"north": { "texture": "#moose-antlers", "uv": [ 0.0, 0.0, 1.5, 3.0 ] },
												"east": { "texture": "#moose-antlers", "uv": [ 0.0, 0.0, 1.0, 3.0 ] },
												"south": { "texture": "#moose-antlers", "uv": [ 0.0, 0.0, 1.5, 3.0 ] },
												"west": { "texture": "#moose-antlers", "uv": [ 0.0, 0.0, 1.0, 3.0 ] },
												"up": { "texture": "#moose-antlers", "uv": [ 0.0, 0.0, 1.5, 1.0 ] },
												"down": { "texture": "#moose-antlers", "uv": [ 0.0, 0.0, 1.5, 1.0 ] }
											},
											"children": [
												{
													"name": "R Frontbeam2",
													"from": [ -0.5, 0.0, 0.0 ],
													"to": [ 0.0, 2.5, 1.0 ],
													"rotationOrigin": [ 0.0, 0.0, 1.0 ],
													"rotationX": -5.0,
													"rotationY": -22.0,
													"rotationZ": -10.0,
													"faces": {
														"north": { "texture": "#moose-antlers", "uv": [ 0.0, 0.0, 0.5, 2.5 ] },
														"east": { "texture": "#moose-antlers", "uv": [ 0.0, 0.0, 1.0, 2.5 ] },
														"south": { "texture": "#moose-antlers", "uv": [ 0.0, 0.0, 0.5, 2.5 ] },
														"west": { "texture": "#moose-antlers", "uv": [ 0.0, 0.0, 1.0, 2.5 ] },
														"up": { "texture": "#moose-antlers", "uv": [ 0.0, 0.0, 0.5, 1.0 ] },
														"down": { "texture": "#moose-antlers", "uv": [ 0.0, 0.0, 0.5, 1.0 ] }
													},
													"children": [
														{
															"name": "R Frontbeam3",
															"from": [ -1.5, 0.4, 0.1 ],
															"to": [ 0.0, 2.4, 0.9 ],
															"rotationOrigin": [ 0.0, 2.4, 0.1 ],
															"rotationY": 10.0,
															"rotationZ": 5.0,
															"faces": {
																"north": { "texture": "#moose-antlers", "uv": [ 0.0, 0.0, 1.5, 2.0 ] },
																"east": { "texture": "#moose-antlers", "uv": [ 0.0, 0.0, 0.5, 2.0 ] },
																"south": { "texture": "#moose-antlers", "uv": [ 0.0, 0.0, 1.5, 2.0 ] },
																"west": { "texture": "#moose-antlers", "uv": [ 0.0, 0.0, 0.5, 2.0 ] },
																"up": { "texture": "#moose-antlers", "uv": [ 0.0, 0.0, 1.5, 0.5 ] },
																"down": { "texture": "#moose-antlers", "uv": [ 0.0, 0.0, 1.5, 0.5 ] }
															},
															"children": [
																{
																	"name": "R Frontbeam4",
																	"from": [ -2.5, 0.3, 0.1 ],
																	"to": [ 0.0, 1.8, 0.7 ],
																	"rotationOrigin": [ 0.0, 1.8, 0.7 ],
																	"rotationX": -5.0,
																	"rotationY": 10.0,
																	"rotationZ": 20.0,
																	"faces": {
																		"north": { "texture": "#moose-antlers", "uv": [ 0.0, 0.0, 2.5, 1.5 ] },
																		"east": { "texture": "#moose-antlers", "uv": [ 0.0, 0.0, 0.5, 1.5 ] },
																		"south": { "texture": "#moose-antlers", "uv": [ 0.0, 0.0, 2.5, 1.5 ] },
																		"west": { "texture": "#moose-antlers", "uv": [ 0.0, 0.0, 0.5, 1.5 ] },
																		"up": { "texture": "#moose-antlers", "uv": [ 0.0, 0.0, 2.5, 0.5 ] },
																		"down": { "texture": "#moose-antlers", "uv": [ 0.0, 0.0, 2.5, 0.5 ] }
																	},
																	"children": [
																		{
																			"name": "R Frontbeam5",
																			"from": [ -3.0, 0.4, 0.0 ],
																			"to": [ 0.0, 1.4, 0.6 ],
																			"rotationOrigin": [ 0.0, 0.4, 0.0 ],
																			"rotationY": 15.0,
																			"rotationZ": -20.0,
																			"faces": {
																				"north": { "texture": "#moose-antlers", "uv": [ 0.0, 0.0, 3.0, 1.0 ] },
																				"east": { "texture": "#moose-antlers", "uv": [ 0.0, 0.0, 0.5, 1.0 ] },
																				"south": { "texture": "#moose-antlers", "uv": [ 0.0, 0.0, 3.0, 1.0 ] },
																				"west": { "texture": "#moose-antlers", "uv": [ 0.0, 0.0, 0.5, 1.0 ] },
																				"up": { "texture": "#moose-antlers", "uv": [ 0.0, 0.0, 3.0, 0.5 ] },
																				"down": { "texture": "#moose-antlers", "uv": [ 0.0, 0.0, 3.0, 0.5 ] }
																			},
																			"children": [
																				{
																					"name": "R Fronttine3",
																					"from": [ -1.5, -0.1, 0.05 ],
																					"to": [ 0.0, 0.5, 0.55 ],
																					"rotationOrigin": [ 0.0, 0.5, 0.05 ],
																					"rotationZ": 30.0,
																					"faces": {
																						"north": { "texture": "#moose-antlers", "uv": [ 0.0, 0.0, 1.5, 0.5 ] },
																						"east": { "texture": "#moose-antlers", "uv": [ 0.0, 0.0, 0.5, 0.5 ] },
																						"south": { "texture": "#moose-antlers", "uv": [ 0.0, 0.0, 1.5, 0.5 ] },
																						"west": { "texture": "#moose-antlers", "uv": [ 0.0, 0.0, 0.5, 0.5 ] },
																						"up": { "texture": "#moose-antlers", "uv": [ 0.0, 0.0, 1.5, 0.5 ] },
																						"down": { "texture": "#moose-antlers", "uv": [ 0.0, 0.0, 1.5, 0.5 ] }
																					}
																				},
																				{
																					"name": "R Fronttine4",
																					"from": [ -1.0, 0.5, 0.05 ],
																					"to": [ 0.0, 1.1, 0.55 ],
																					"rotationOrigin": [ 0.0, 0.5, 0.05 ],
																					"rotationZ": -30.0,
																					"faces": {
																						"north": { "texture": "#moose-antlers", "uv": [ 0.0, 0.0, 1.0, 0.5 ] },
																						"east": { "texture": "#moose-antlers", "uv": [ 0.0, 0.0, 0.5, 0.5 ] },
																						"south": { "texture": "#moose-antlers", "uv": [ 0.0, 0.0, 1.0, 0.5 ] },
																						"west": { "texture": "#moose-antlers", "uv": [ 0.0, 0.0, 0.5, 0.5 ] },
																						"up": { "texture": "#moose-antlers", "uv": [ 0.0, 0.0, 1.0, 0.5 ] },
																						"down": { "texture": "#moose-antlers", "uv": [ 0.0, 0.0, 1.0, 0.5 ] }
																					}
																				}
																			]
																		},
																		{
																			"name": "R Fronttine2",
																			"from": [ -1.5, 0.05, -0.1 ],
																			"to": [ 0.5, 1.05, 0.7 ],
																			"rotationOrigin": [ 0.5, 1.05, 0.7 ],
																			"rotationZ": 45.0,
																			"faces": {
																				"north": { "texture": "#moose-antlers", "uv": [ 0.0, 0.0, 2.0, 1.0 ] },
																				"east": { "texture": "#moose-antlers", "uv": [ 0.0, 0.0, 0.5, 1.0 ] },
																				"south": { "texture": "#moose-antlers", "uv": [ 0.0, 0.0, 2.0, 1.0 ] },
																				"west": { "texture": "#moose-antlers", "uv": [ 0.0, 0.0, 0.5, 1.0 ] },
																				"up": { "texture": "#moose-antlers", "uv": [ 0.0, 0.0, 2.0, 0.5 ] },
																				"down": { "texture": "#moose-antlers", "uv": [ 0.0, 0.0, 2.0, 0.5 ] }
																			},
																			"children": [
																				{
																					"name": "R Fronttine2b",
																					"from": [ -2.5, 0.1, 0.1 ],
																					"to": [ 0.0, 1.1, 0.7 ],
																					"rotationOrigin": [ 0.0, 0.0, 0.1 ],
																					"rotationY": 10.0,
																					"rotationZ": -39.0,
																					"faces": {
																						"north": { "texture": "#moose-antlers", "uv": [ 0.0, 0.0, 2.5, 1.0 ] },
																						"east": { "texture": "#moose-antlers", "uv": [ 0.0, 0.0, 0.5, 1.0 ] },
																						"south": { "texture": "#moose-antlers", "uv": [ 0.0, 0.0, 2.5, 1.0 ] },
																						"west": { "texture": "#moose-antlers", "uv": [ 0.0, 0.0, 0.5, 1.0 ] },
																						"up": { "texture": "#moose-antlers", "uv": [ 0.0, 0.0, 2.5, 0.5 ] },
																						"down": { "texture": "#moose-antlers", "uv": [ 0.0, 0.0, 2.5, 0.5 ] }
																					}
																				}
																			]
																		}
																	]
																},
																{
																	"name": "R Fronttine1",
																	"from": [ -1.0, 1.2, -0.2 ],
																	"to": [ 0.0, 2.2, 0.6 ],
																	"rotationOrigin": [ 0.0, 1.2, 0.6 ],
																	"rotationY": 10.0,
																	"rotationZ": -45.0,
																	"faces": {
																		"north": { "texture": "#moose-antlers", "uv": [ 0.0, 0.0, 1.0, 1.0 ] },
																		"east": { "texture": "#moose-antlers", "uv": [ 0.0, 0.0, 0.5, 1.0 ] },
																		"south": { "texture": "#moose-antlers", "uv": [ 0.0, 0.0, 1.0, 1.0 ] },
																		"west": { "texture": "#moose-antlers", "uv": [ 0.0, 0.0, 0.5, 1.0 ] },
																		"up": { "texture": "#moose-antlers", "uv": [ 0.0, 0.0, 1.0, 0.5 ] },
																		"down": { "texture": "#moose-antlers", "uv": [ 0.0, 0.0, 1.0, 0.5 ] }
																	},
																	"children": [
																		{
																			"name": "R Fronttine1b",
																			"from": [ -2.0, 0.1, 0.1 ],
																			"to": [ 0.0, 0.9, 0.7 ],
																			"rotationOrigin": [ 0.0, 0.9, 0.7 ],
																			"rotationZ": 16.0,
																			"faces": {
																				"north": { "texture": "#moose-antlers", "uv": [ 0.0, 0.0, 2.0, 0.5 ] },
																				"east": { "texture": "#moose-antlers", "uv": [ 0.0, 0.0, 0.5, 0.5 ] },
																				"south": { "texture": "#moose-antlers", "uv": [ 0.0, 0.0, 2.0, 0.5 ] },
																				"west": { "texture": "#moose-antlers", "uv": [ 0.0, 0.0, 0.5, 0.5 ] },
																				"up": { "texture": "#moose-antlers", "uv": [ 0.0, 0.0, 2.0, 0.5 ] },
																				"down": { "texture": "#moose-antlers", "uv": [ 0.0, 0.0, 2.0, 0.5 ] }
																			},
																			"children": [
																				{
																					"name": "R Fronttine1c",
																					"from": [ -1.5, 0.1, 0.05 ],
																					"to": [ 0.0, 0.7, 0.55 ],
																					"rotationOrigin": [ 0.0, 0.7, 0.55 ],
																					"rotationZ": 30.0,
																					"faces": {
																						"north": { "texture": "#moose-antlers", "uv": [ 0.0, 0.0, 1.5, 0.5 ] },
																						"east": { "texture": "#moose-antlers", "uv": [ 0.0, 0.0, 0.5, 0.5 ] },
																						"south": { "texture": "#moose-antlers", "uv": [ 0.0, 0.0, 1.5, 0.5 ] },
																						"west": { "texture": "#moose-antlers", "uv": [ 0.0, 0.0, 0.5, 0.5 ] },
																						"up": { "texture": "#moose-antlers", "uv": [ 0.0, 0.0, 1.5, 0.5 ] },
																						"down": { "texture": "#moose-antlers", "uv": [ 0.0, 0.0, 1.5, 0.5 ] }
																					}
																				}
																			]
																		}
																	]
																}
															]
														}
													]
												},
												{
													"name": "R Topbeam1",
													"from": [ -0.8, 0.0, 0.0 ],
													"to": [ 0.2, 2.0, 1.0 ],
													"rotationOrigin": [ 0.2, 0.0, 0.0 ],
													"rotationX": -5.0,
													"rotationY": 52.0,
													"rotationZ": 5.0,
													"faces": {
														"north": { "texture": "#moose-antlers", "uv": [ 0.0, 0.0, 1.0, 2.0 ] },
														"east": { "texture": "#moose-antlers", "uv": [ 0.0, 0.0, 1.0, 2.0 ] },
														"south": { "texture": "#moose-antlers", "uv": [ 0.0, 0.0, 1.0, 2.0 ] },
														"west": { "texture": "#moose-antlers", "uv": [ 0.0, 0.0, 1.0, 2.0 ] },
														"up": { "texture": "#moose-antlers", "uv": [ 0.0, 0.0, 1.0, 1.0 ] },
														"down": { "texture": "#moose-antlers", "uv": [ 0.0, 0.0, 1.0, 1.0 ] }
													},
													"children": [
														{
															"name": "R Topbeam2",
															"from": [ -0.9, 0.4, 0.1 ],
															"to": [ 0.1, 1.9, 0.9 ],
															"rotationOrigin": [ 0.1, 1.9, 0.1 ],
															"rotationX": 5.0,
															"rotationY": 10.0,
															"rotationZ": -5.0,
															"faces": {
																"north": { "texture": "#moose-antlers", "uv": [ 0.0, 0.0, 1.0, 1.5 ] },
																"east": { "texture": "#moose-antlers", "uv": [ 0.0, 0.0, 0.5, 1.5 ] },
																"south": { "texture": "#moose-antlers", "uv": [ 0.0, 0.0, 1.0, 1.5 ] },
																"west": { "texture": "#moose-antlers", "uv": [ 0.0, 0.0, 0.5, 1.5 ] },
																"up": { "texture": "#moose-antlers", "uv": [ 0.0, 0.0, 1.0, 0.5 ] },
																"down": { "texture": "#moose-antlers", "uv": [ 0.0, 0.0, 1.0, 0.5 ] }
															},
															"children": [
																{
																	"name": "R Topbeam3",
																	"from": [ -0.7, 0.0, 0.1 ],
																	"to": [ 0.3, 1.5, 0.7 ],
																	"rotationOrigin": [ 0.3, 0.0, 0.1 ],
																	"rotationX": 5.0,
																	"rotationY": 5.0,
																	"rotationZ": 2.0,
																	"faces": {
																		"north": { "texture": "#moose-antlers", "uv": [ 0.0, 0.0, 1.0, 1.5 ] },
																		"east": { "texture": "#moose-antlers", "uv": [ 0.0, 0.0, 0.5, 1.5 ] },
																		"south": { "texture": "#moose-antlers", "uv": [ 0.0, 0.0, 1.0, 1.5 ] },
																		"west": { "texture": "#moose-antlers", "uv": [ 0.0, 0.0, 0.5, 1.5 ] },
																		"up": { "texture": "#moose-antlers", "uv": [ 0.0, 0.0, 1.0, 0.5 ] },
																		"down": { "texture": "#moose-antlers", "uv": [ 0.0, 0.0, 1.0, 0.5 ] }
																	},
																	"children": [
																		{
																			"name": "R Topbeam4",
																			"from": [ -3.1, 0.3, 0.1 ],
																			"to": [ 0.9, 2.8, 0.7 ],
																			"rotationOrigin": [ 0.9, 0.3, 0.1 ],
																			"rotationX": 5.0,
																			"rotationY": 2.0,
																			"rotationZ": 10.0,
																			"faces": {
																				"north": { "texture": "#moose-antlers", "uv": [ 0.0, 0.0, 4.0, 2.5 ] },
																				"east": { "texture": "#moose-antlers", "uv": [ 0.0, 0.0, 0.5, 2.5 ] },
																				"south": { "texture": "#moose-antlers", "uv": [ 0.0, 0.0, 4.0, 2.5 ] },
																				"west": { "texture": "#moose-antlers", "uv": [ 0.0, 0.0, 0.5, 2.5 ] },
																				"up": { "texture": "#moose-antlers", "uv": [ 0.0, 0.0, 4.0, 0.5 ] },
																				"down": { "texture": "#moose-antlers", "uv": [ 0.0, 0.0, 4.0, 0.5 ] }
																			},
																			"children": [
																				{
																					"name": "R Toptine1",
																					"from": [ -2.8, 0.0, 0.05 ],
																					"to": [ 0.2, 0.6, 0.55 ],
																					"rotationOrigin": [ 0.2, 0.6, 0.05 ],
																					"rotationZ": 20.0,
																					"faces": {
																						"north": { "texture": "#moose-antlers", "uv": [ 0.0, 0.0, 3.0, 0.5 ] },
																						"east": { "texture": "#moose-antlers", "uv": [ 0.0, 0.0, 0.5, 0.5 ] },
																						"south": { "texture": "#moose-antlers", "uv": [ 0.0, 0.0, 3.0, 0.5 ] },
																						"west": { "texture": "#moose-antlers", "uv": [ 0.0, 0.0, 0.5, 0.5 ] },
																						"up": { "texture": "#moose-antlers", "uv": [ 0.0, 0.0, 3.0, 0.5 ] },
																						"down": { "texture": "#moose-antlers", "uv": [ 0.0, 0.0, 3.0, 0.5 ] }
																					}
																				},
																				{
																					"name": "R Toptine2",
																					"from": [ -2.8, 0.7, 0.05 ],
																					"to": [ 0.2, 1.3, 0.55 ],
																					"rotationOrigin": [ 0.2, 1.3, 0.05 ],
																					"rotationZ": -11.0,
																					"faces": {
																						"north": { "texture": "#moose-antlers", "uv": [ 0.0, 0.0, 3.0, 0.5 ] },
																						"east": { "texture": "#moose-antlers", "uv": [ 0.0, 0.0, 0.5, 0.5 ] },
																						"south": { "texture": "#moose-antlers", "uv": [ 0.0, 0.0, 3.0, 0.5 ] },
																						"west": { "texture": "#moose-antlers", "uv": [ 0.0, 0.0, 0.5, 0.5 ] },
																						"up": { "texture": "#moose-antlers", "uv": [ 0.0, 0.0, 3.0, 0.5 ] },
																						"down": { "texture": "#moose-antlers", "uv": [ 0.0, 0.0, 3.0, 0.5 ] }
																					}
																				},
																				{
																					"name": "R Toptine3",
																					"from": [ -2.4, 1.6, 0.05 ],
																					"to": [ 0.6, 2.2, 0.55 ],
																					"rotationOrigin": [ 0.6, 2.2, 0.05 ],
																					"rotationZ": -19.0,
																					"faces": {
																						"north": { "texture": "#moose-antlers", "uv": [ 0.0, 0.0, 3.0, 0.5 ] },
																						"east": { "texture": "#moose-antlers", "uv": [ 0.0, 0.0, 0.5, 0.5 ] },
																						"south": { "texture": "#moose-antlers", "uv": [ 0.0, 0.0, 3.0, 0.5 ] },
																						"west": { "texture": "#moose-antlers", "uv": [ 0.0, 0.0, 0.5, 0.5 ] },
																						"up": { "texture": "#moose-antlers", "uv": [ 0.0, 0.0, 3.0, 0.5 ] },
																						"down": { "texture": "#moose-antlers", "uv": [ 0.0, 0.0, 3.0, 0.5 ] }
																					}
																				},
																				{
																					"name": "R Toptine4",
																					"from": [ 0.9, 1.9, 0.05 ],
																					"to": [ 3.9, 2.5, 0.55 ],
																					"rotationOrigin": [ 3.9, 2.5, 0.05 ],
																					"rotationZ": -19.0,
																					"faces": {
																						"north": { "texture": "#moose-antlers", "uv": [ 0.0, 0.0, 3.0, 0.5 ] },
																						"east": { "texture": "#moose-antlers", "uv": [ 0.0, 0.0, 0.5, 0.5 ] },
																						"south": { "texture": "#moose-antlers", "uv": [ 0.0, 0.0, 3.0, 0.5 ] },
																						"west": { "texture": "#moose-antlers", "uv": [ 0.0, 0.0, 0.5, 0.5 ] },
																						"up": { "texture": "#moose-antlers", "uv": [ 0.0, 0.0, 3.0, 0.5 ] },
																						"down": { "texture": "#moose-antlers", "uv": [ 0.0, 0.0, 3.0, 0.5 ] }
																					}
																				}
																			]
																		}
																	]
																}
															]
														}
													]
												}
											]
										}
									]
								}
							]
						}
					]
				},
				{
					"name": "L antler base",
					"from": [ 0.5, 0.5, 2.3 ],
					"to": [ 1.7, 1.5, 3.5 ],
					"rotationOrigin": [ 0.5, 0.5, 2.3 ],
					"rotationX": 80.0,
					"rotationY": 10.0,
					"rotationZ": -5.0,
					"faces": {
						"north": { "texture": "#moose-antlers", "uv": [ 3.5, 8.0, 4.5, 9.0 ], "windMode": [-1,-1,-1,-1] },
						"east": { "texture": "#moose-antlers", "uv": [ 5.5, 6.5, 6.5, 7.5 ], "windMode": [-1,-1,-1,-1] },
						"south": { "texture": "#moose-antlers", "uv": [ 7.0, 7.0, 8.0, 8.0 ], "windMode": [-1,-1,-1,-1] },
						"west": { "texture": "#moose-antlers", "uv": [ 11.0, 14.0, 12.0, 15.0 ], "rotation": 90, "windMode": [-1,-1,-1,-1], "windData": [0,0,0,0] },
						"up": { "texture": "#moose-antlers", "uv": [ 6.5, 5.0, 7.5, 6.0 ], "rotation": 90, "windMode": [-1,-1,-1,-1] }
					},
					"children": [
						{
							"name": "L antler base 2",
							"from": [ 0.1, 0.9, 0.1 ],
							"to": [ 1.1, 4.9, 1.1 ],
							"rotationOrigin": [ 0.1, 0.9, 0.1 ],
							"rotationX": 7.0,
							"faces": {
								"north": { "texture": "#moose-antlers", "uv": [ 1.5, 10.5, 2.5, 14.5 ] },
								"east": { "texture": "#moose-antlers", "uv": [ 3.5, 11.5, 4.5, 15.5 ] },
								"south": { "texture": "#moose-antlers", "uv": [ 6.0, 9.5, 7.0, 13.5 ] },
								"west": { "texture": "#moose-antlers", "uv": [ 9.0, 1.5, 10.0, 5.5 ] },
								"up": { "texture": "#moose-antlers", "uv": [ 4.0, 6.0, 5.0, 7.0 ], "rotation": 90 },
								"down": { "texture": "#moose-antlers", "uv": [ 11.0, 7.0, 12.0, 8.0 ], "rotation": 90 }
							},
							"children": [
								{
									"name": "L antler base 3",
									"from": [ 1.0, 3.3, 0.0 ],
									"to": [ 3.0, 7.3, 1.0 ],
									"rotationOrigin": [ 1.0, 3.3, 0.0 ],
									"rotationX": 10.0,
									"rotationY": -80.0,
									"rotationZ": 30.0,
									"faces": {
										"north": { "texture": "#moose-antlers", "uv": [ 5.0, 1.0, 7.0, 5.0 ] },
										"east": { "texture": "#moose-antlers", "uv": [ 9.0, 2.5, 10.0, 6.5 ] },
										"south": { "texture": "#moose-antlers", "uv": [ 2.0, 5.0, 4.0, 9.0 ] },
										"west": { "texture": "#moose-antlers", "uv": [ 9.0, 6.5, 10.0, 10.5 ] },
										"up": { "texture": "#moose-antlers", "uv": [ 10.0, 9.0, 11.0, 11.0 ], "rotation": 90 },
										"down": { "texture": "#moose-antlers", "uv": [ 6.5, 10.0, 7.5, 12.0 ], "rotation": 90 }
									},
									"children": [
										{
											"name": "L antler base 4",
											"from": [ 0.0, 3.4, 0.0 ],
											"to": [ 2.5, 5.1, 1.0 ],
											"rotationOrigin": [ 0.0, 3.4, 0.0 ],
											"rotationY": -19.0,
											"rotationZ": 10.0,
											"faces": {
												"north": { "texture": "#moose-antlers", "uv": [ 8.5, 10.5, 11.0, 12.0 ] },
												"east": { "texture": "#moose-antlers", "uv": [ 0.5, 1.0, 1.5, 2.5 ] },
												"south": { "texture": "#moose-antlers", "uv": [ 13.0, 0.0, 15.5, 1.5 ] },
												"west": { "texture": "#moose-antlers", "uv": [ 2.5, 9.0, 3.5, 10.5 ] },
												"up": { "texture": "#moose-antlers", "uv": [ 12.0, 8.0, 13.0, 10.5 ], "rotation": 90 },
												"down": { "texture": "#moose-antlers", "uv": [ 0.0, 2.0, 1.0, 4.5 ], "rotation": 90 }
											}
										},
										{
											"name": "L rearpalm1",
											"from": [ 1.7, 0.0, 0.0 ],
											"to": [ 3.7, 4.0, 1.0 ],
											"rotationOrigin": [ 1.7, 0.0, 0.0 ],
											"rotationX": 2.0,
											"rotationZ": -5.0,
											"faces": {
												"north": { "texture": "#moose-antlers", "uv": [ 1.5, 3.0, 3.5, 7.0 ] },
												"east": { "texture": "#moose-antlers", "uv": [ 10.0, 5.0, 11.0, 9.0 ] },
												"south": { "texture": "#moose-antlers", "uv": [ 7.5, 11.5, 9.5, 15.5 ] },
												"west": { "texture": "#moose-antlers", "uv": [ 4.5, 1.0, 5.5, 5.0 ] },
												"up": { "texture": "#moose-antlers", "uv": [ 5.5, 11.0, 6.5, 13.0 ], "rotation": 90 },
												"down": { "texture": "#moose-antlers", "uv": [ 14.5, 5.0, 15.5, 7.0 ], "rotation": 90 }
											},
											"children": [
												{
													"name": "L rearpalmb1",
													"from": [ -0.3, 3.6, 0.0 ],
													"to": [ 2.0, 5.8, 1.0 ],
													"rotationOrigin": [ -0.3, 3.6, 0.0 ],
													"rotationX": 12.0,
													"rotationZ": 5.0,
													"faces": {
														"north": { "texture": "#moose-antlers", "uv": [ 5.5, 11.0, 7.5, 13.0 ] },
														"east": { "texture": "#moose-antlers", "uv": [ 7.5, 10.0, 8.5, 12.0 ] },
														"south": { "texture": "#moose-antlers", "uv": [ 9.5, 9.5, 11.5, 11.5 ] },
														"west": { "texture": "#moose-antlers", "uv": [ 13.0, 8.5, 14.0, 10.5 ] },
														"up": { "texture": "#moose-antlers", "uv": [ 4.0, 2.0, 5.0, 4.0 ], "rotation": 90 },
														"down": { "texture": "#moose-antlers", "uv": [ 14.5, 1.5, 15.5, 3.5 ], "rotation": 90 }
													}
												},
												{
													"name": "L rearpalm2",
													"from": [ 2.0, 0.0, 0.0 ],
													"to": [ 4.0, 4.0, 1.0 ],
													"rotationOrigin": [ 2.0, 0.0, 1.0 ],
													"rotationY": 30.0,
													"faces": {
														"north": { "texture": "#moose-antlers", "uv": [ 1.5, 3.0, 3.5, 7.0 ] },
														"east": { "texture": "#moose-antlers", "uv": [ 10.0, 5.0, 11.0, 9.0 ] },
														"south": { "texture": "#moose-antlers", "uv": [ 7.5, 11.5, 9.5, 15.5 ] },
														"west": { "texture": "#moose-antlers", "uv": [ 4.5, 1.0, 5.5, 5.0 ] },
														"up": { "texture": "#moose-antlers", "uv": [ 5.5, 11.0, 6.5, 13.0 ], "rotation": 90 },
														"down": { "texture": "#moose-antlers", "uv": [ 14.5, 5.0, 15.5, 7.0 ], "rotation": 90 }
													},
													"children": [
														{
															"name": "L rearpalmb2",
															"from": [ -0.3, 3.6, 0.0 ],
															"to": [ 2.2, 5.8, 1.0 ],
															"rotationOrigin": [ -0.3, 3.6, 0.0 ],
															"rotationX": 8.0,
															"rotationZ": 5.0,
															"faces": {
																"north": { "texture": "#moose-antlers", "uv": [ 5.5, 11.0, 8.0, 13.0 ] },
																"east": { "texture": "#moose-antlers", "uv": [ 7.5, 10.0, 8.5, 12.0 ] },
																"south": { "texture": "#moose-antlers", "uv": [ 9.5, 9.5, 12.0, 11.5 ] },
																"west": { "texture": "#moose-antlers", "uv": [ 13.0, 8.5, 14.0, 10.5 ] },
																"up": { "texture": "#moose-antlers", "uv": [ 4.0, 2.0, 5.0, 4.5 ], "rotation": 90 },
																"down": { "texture": "#moose-antlers", "uv": [ 14.5, 1.5, 15.5, 4.0 ], "rotation": 90 }
															}
														},
														{
															"name": "L rearpalm3",
															"from": [ 1.8, 0.0, 0.0 ],
															"to": [ 3.8, 4.0, 1.0 ],
															"rotationOrigin": [ 1.8, 0.0, 1.0 ],
															"rotationY": 20.0,
															"rotationZ": -5.0,
															"faces": {
																"north": { "texture": "#moose-antlers", "uv": [ 3.5, 11.0, 5.5, 15.0 ] },
																"east": { "texture": "#moose-antlers", "uv": [ 7.5, 1.0, 8.5, 5.0 ] },
																"south": { "texture": "#moose-antlers", "uv": [ 10.0, 5.5, 12.0, 9.5 ] },
																"west": { "texture": "#moose-antlers", "uv": [ 5.5, 7.0, 6.5, 11.0 ] },
																"up": { "texture": "#moose-antlers", "uv": [ 6.0, 5.0, 7.0, 7.0 ], "rotation": 90 },
																"down": { "texture": "#moose-antlers", "uv": [ 0.5, 12.0, 1.5, 14.0 ], "rotation": 90 }
															},
															"children": [
																{
																	"name": "L rearpalmb3",
																	"from": [ -0.4, 3.6, 0.0 ],
																	"to": [ 2.1, 6.1, 1.0 ],
																	"rotationOrigin": [ -0.4, 3.6, 0.0 ],
																	"rotationX": 9.0,
																	"rotationZ": 5.0,
																	"faces": {
																		"north": { "texture": "#moose-antlers", "uv": [ 9.5, 11.5, 12.0, 14.0 ] },
																		"east": { "texture": "#moose-antlers", "uv": [ 8.5, 1.5, 9.5, 4.0 ] },
																		"south": { "texture": "#moose-antlers", "uv": [ 3.5, 6.5, 6.0, 9.0 ] },
																		"west": { "texture": "#moose-antlers", "uv": [ 6.5, 9.0, 7.5, 11.5 ] },
																		"up": { "texture": "#moose-antlers", "uv": [ 4.5, 2.0, 5.5, 4.5 ], "rotation": 90 },
																		"down": { "texture": "#moose-antlers", "uv": [ 2.0, 5.0, 3.0, 7.5 ], "rotation": 90 }
																	}
																},
																{
																	"name": "L rearpalm5",
																	"from": [ 2.0, 0.0, 0.1 ],
																	"to": [ 4.0, 4.0, 0.9 ],
																	"rotationOrigin": [ 2.0, 0.0, 1.3 ],
																	"rotationY": 15.0,
																	"faces": {
																		"north": { "texture": "#moose-antlers", "uv": [ 3.5, 7.5, 5.5, 11.5 ] },
																		"east": { "texture": "#moose-antlers", "uv": [ 7.5, 5.0, 8.0, 9.0 ] },
																		"south": { "texture": "#moose-antlers", "uv": [ 4.5, 8.0, 6.5, 12.0 ] },
																		"west": { "texture": "#moose-antlers", "uv": [ 5.5, 2.5, 6.0, 6.5 ] },
																		"up": { "texture": "#moose-antlers", "uv": [ 10.5, 11.0, 11.0, 13.0 ], "rotation": 90 },
																		"down": { "texture": "#moose-antlers", "uv": [ 8.0, 11.0, 8.5, 13.0 ], "rotation": 90 }
																	},
																	"children": [
																		{
																			"name": "L rearpalmb5",
																			"from": [ -0.6, 3.6, 0.1 ],
																			"to": [ 0.9, 5.5, 0.9 ],
																			"rotationOrigin": [ 0.9, 3.6, 0.1 ],
																			"rotationX": 3.0,
																			"rotationZ": -15.0,
																			"faces": {
																				"north": { "texture": "#moose-antlers", "uv": [ 5.5, 4.5, 7.0, 6.0 ] },
																				"east": { "texture": "#moose-antlers", "uv": [ 8.5, 9.0, 9.0, 10.5 ] },
																				"south": { "texture": "#moose-antlers", "uv": [ 4.5, 6.0, 6.0, 7.5 ] },
																				"west": { "texture": "#moose-antlers", "uv": [ 9.5, 10.5, 10.0, 12.0 ] },
																				"up": { "texture": "#moose-antlers", "uv": [ 5.0, 1.0, 5.5, 2.5 ], "rotation": 90 },
																				"down": { "texture": "#moose-antlers", "uv": [ 15.0, 11.0, 15.5, 12.5 ], "rotation": 90 }
																			}
																		},
																		{
																			"name": "L rearpalm6",
																			"from": [ 1.5, 0.0, 0.1 ],
																			"to": [ 3.5, 3.0, 0.7 ],
																			"rotationOrigin": [ 1.5, 0.0, 0.7 ],
																			"rotationZ": -10.0,
																			"faces": {
																				"north": { "texture": "#moose-antlers", "uv": [ 12.5, 9.5, 14.5, 12.5 ] },
																				"east": { "texture": "#moose-antlers", "uv": [ 10.5, 4.5, 11.0, 7.5 ] },
																				"south": { "texture": "#moose-antlers", "uv": [ 4.0, 10.5, 6.0, 13.5 ] },
																				"west": { "texture": "#moose-antlers", "uv": [ 11.0, 7.0, 11.5, 10.0 ] },
																				"up": { "texture": "#moose-antlers", "uv": [ 2.0, 11.5, 2.5, 13.5 ], "rotation": 90 },
																				"down": { "texture": "#moose-antlers", "uv": [ 14.0, 10.0, 14.5, 12.0 ], "rotation": 90 }
																			},
																			"children": [
																				{
																					"name": "L rearpalm7",
																					"from": [ 2.0, 0.0, 0.1 ],
																					"to": [ 4.0, 2.0, 0.5 ],
																					"rotationOrigin": [ 2.0, 0.0, 0.1 ],
																					"rotationY": 10.0,
																					"faces": {
																						"north": { "texture": "#moose-antlers", "uv": [ 6.0, 1.0, 8.0, 3.0 ] },
																						"east": { "texture": "#moose-antlers", "uv": [ 7.0, 0.0, 7.5, 2.0 ] },
																						"south": { "texture": "#moose-antlers", "uv": [ 2.5, 5.0, 4.5, 7.0 ] },
																						"west": { "texture": "#moose-antlers", "uv": [ 3.0, 0.5, 3.5, 2.5 ] },
																						"up": { "texture": "#moose-antlers", "uv": [ 0.5, 1.5, 1.0, 3.5 ], "rotation": 90 },
																						"down": { "texture": "#moose-antlers", "uv": [ 12.0, 7.5, 12.5, 9.5 ], "rotation": 90 }
																					},
																					"children": [
																						{
																							"name": "L rearpalm8",
																							"from": [ 1.5, 0.0, 0.0 ],
																							"to": [ 5.5, 1.0, 0.4 ],
																							"rotationOrigin": [ 1.5, 0.0, 0.0 ],
																							"rotationY": 10.0,
																							"rotationZ": -20.0,
																							"faces": {
																								"north": { "texture": "#moose-antlers", "uv": [ 9.0, 12.0, 13.0, 13.0 ] },
																								"east": { "texture": "#moose-antlers", "uv": [ 8.0, 0.0, 8.5, 1.0 ] },
																								"south": { "texture": "#moose-antlers", "uv": [ 1.5, 8.5, 5.5, 9.5 ] },
																								"west": { "texture": "#moose-antlers", "uv": [ 1.5, 14.0, 2.0, 15.0 ] },
																								"up": { "texture": "#moose-antlers", "uv": [ 12.5, 8.0, 13.0, 12.0 ], "rotation": 90 },
																								"down": { "texture": "#moose-antlers", "uv": [ 5.0, 6.5, 5.5, 10.5 ], "rotation": 90 }
																							},
																							"children": [
																								{
																									"name": "L rearpalm8b",
																									"from": [ -0.2, 1.0, 0.0 ],
																									"to": [ 4.1, 2.0, 0.4 ],
																									"rotationOrigin": [ -0.2, 2.0, 0.0 ],
																									"rotationY": 2.0,
																									"rotationZ": -12.0,
																									"faces": {
																										"north": { "texture": "#moose-antlers", "uv": [ 2.5, 2.0, 6.5, 3.0 ] },
																										"east": { "texture": "#moose-antlers", "uv": [ 6.5, 2.5, 7.0, 3.5 ] },
																										"south": { "texture": "#moose-antlers", "uv": [ 11.5, 6.5, 15.5, 7.5 ] },
																										"west": { "texture": "#moose-antlers", "uv": [ 5.0, 9.5, 5.5, 10.5 ] },
																										"up": { "texture": "#moose-antlers", "uv": [ 11.0, 9.5, 11.5, 13.5 ], "rotation": 90 },
																										"down": { "texture": "#moose-antlers", "uv": [ 2.0, 10.0, 2.5, 14.0 ], "rotation": 90 }
																									}
																								}
																							]
																						},
																						{
																							"name": "L rearpalm7b",
																							"from": [ 0.0, 2.1, 0.0 ],
																							"to": [ 2.3, 3.1, 0.4 ],
																							"rotationOrigin": [ 0.0, 3.1, 0.0 ],
																							"rotationY": 1.0,
																							"rotationZ": -28.0,
																							"faces": {
																								"north": { "texture": "#moose-antlers", "uv": [ 11.0, 12.5, 13.0, 13.5 ] },
																								"east": { "texture": "#moose-antlers", "uv": [ 7.5, 1.0, 8.0, 2.0 ] },
																								"south": { "texture": "#moose-antlers", "uv": [ 3.0, 13.5, 5.0, 14.5 ] },
																								"west": { "texture": "#moose-antlers", "uv": [ 7.5, 10.0, 8.0, 11.0 ] },
																								"up": { "texture": "#moose-antlers", "uv": [ 12.5, 12.5, 13.0, 14.5 ], "rotation": 90 },
																								"down": { "texture": "#moose-antlers", "uv": [ 1.0, 5.0, 1.5, 7.0 ], "rotation": 90 }
																							}
																						}
																					]
																				},
																				{
																					"name": "L rearpalm6b",
																					"from": [ -0.2, 3.0, 0.0 ],
																					"to": [ 2.2, 4.0, 0.6 ],
																					"rotationOrigin": [ -0.2, 4.0, 0.6 ],
																					"rotationY": -2.0,
																					"rotationZ": -22.0,
																					"faces": {
																						"north": { "texture": "#moose-antlers", "uv": [ 3.0, 10.0, 5.0, 11.0 ] },
																						"east": { "texture": "#moose-antlers", "uv": [ 4.5, 10.0, 5.0, 11.0 ] },
																						"south": { "texture": "#moose-antlers", "uv": [ 7.0, 4.5, 9.0, 5.5 ] },
																						"west": { "texture": "#moose-antlers", "uv": [ 1.0, 1.0, 1.5, 2.0 ] },
																						"up": { "texture": "#moose-antlers", "uv": [ 3.0, 4.5, 3.5, 6.5 ], "rotation": 90 },
																						"down": { "texture": "#moose-antlers", "uv": [ 5.5, 8.0, 6.0, 10.0 ], "rotation": 90 }
																					}
																				}
																			]
																		}
																	]
																}
															]
														}
													]
												}
											]
										},
										{
											"name": "L Frontbeam1",
											"from": [ -2.0, 0.0, 0.0 ],
											"to": [ 0.0, 3.0, 1.0 ],
											"rotationOrigin": [ 0.0, 0.0, 1.0 ],
											"rotationX": -5.0,
											"rotationY": -30.0,
											"rotationZ": -12.0,
											"faces": {
												"north": { "texture": "#moose-antlers", "uv": [ 0.0, 0.0, 2.0, 3.0 ] },
												"east": { "texture": "#moose-antlers", "uv": [ 0.0, 0.0, 1.0, 3.0 ] },
												"south": { "texture": "#moose-antlers", "uv": [ 0.0, 0.0, 2.0, 3.0 ] },
												"west": { "texture": "#moose-antlers", "uv": [ 0.0, 0.0, 1.0, 3.0 ] },
												"up": { "texture": "#moose-antlers", "uv": [ 0.0, 0.0, 2.0, 1.0 ] },
												"down": { "texture": "#moose-antlers", "uv": [ 0.0, 0.0, 2.0, 1.0 ] }
											},
											"children": [
												{
													"name": "L Frontbeam2",
													"from": [ -1.0, 0.0, 0.0 ],
													"to": [ 0.0, 2.5, 1.0 ],
													"rotationOrigin": [ 0.0, 0.0, 0.0 ],
													"rotationX": 5.0,
													"rotationY": 22.0,
													"rotationZ": -10.0,
													"faces": {
														"north": { "texture": "#moose-antlers", "uv": [ 0.0, 0.0, 1.0, 2.5 ] },
														"east": { "texture": "#moose-antlers", "uv": [ 0.0, 0.0, 1.0, 2.5 ] },
														"south": { "texture": "#moose-antlers", "uv": [ 0.0, 0.0, 1.0, 2.5 ] },
														"west": { "texture": "#moose-antlers", "uv": [ 0.0, 0.0, 1.0, 2.5 ] },
														"up": { "texture": "#moose-antlers", "uv": [ 0.0, 0.0, 1.0, 1.0 ] },
														"down": { "texture": "#moose-antlers", "uv": [ 0.0, 0.0, 1.0, 1.0 ] }
													},
													"children": [
														{
															"name": "L Frontbeam3",
															"from": [ -1.0, 0.4, 0.1 ],
															"to": [ 0.0, 2.4, 0.9 ],
															"rotationOrigin": [ 0.0, 2.4, 0.9 ],
															"rotationY": -10.0,
															"rotationZ": 5.0,
															"faces": {
																"north": { "texture": "#moose-antlers", "uv": [ 0.0, 0.0, 1.0, 2.0 ] },
																"east": { "texture": "#moose-antlers", "uv": [ 0.0, 0.0, 0.5, 2.0 ] },
																"south": { "texture": "#moose-antlers", "uv": [ 0.0, 0.0, 1.0, 2.0 ] },
																"west": { "texture": "#moose-antlers", "uv": [ 0.0, 0.0, 0.5, 2.0 ] },
																"up": { "texture": "#moose-antlers", "uv": [ 0.0, 0.0, 1.0, 0.5 ] },
																"down": { "texture": "#moose-antlers", "uv": [ 0.0, 0.0, 1.0, 0.5 ] }
															},
															"children": [
																{
																	"name": "L Frontbeam4",
																	"from": [ -2.0, 0.3, 0.1 ],
																	"to": [ 0.0, 1.8, 0.7 ],
																	"rotationOrigin": [ 0.0, 1.8, 0.7 ],
																	"rotationX": 5.0,
																	"rotationY": -10.0,
																	"rotationZ": 20.0,
																	"faces": {
																		"north": { "texture": "#moose-antlers", "uv": [ 0.0, 0.0, 2.0, 1.5 ] },
																		"east": { "texture": "#moose-antlers", "uv": [ 0.0, 0.0, 0.5, 1.5 ] },
																		"south": { "texture": "#moose-antlers", "uv": [ 0.0, 0.0, 2.0, 1.5 ] },
																		"west": { "texture": "#moose-antlers", "uv": [ 0.0, 0.0, 0.5, 1.5 ] },
																		"up": { "texture": "#moose-antlers", "uv": [ 0.0, 0.0, 2.0, 0.5 ] },
																		"down": { "texture": "#moose-antlers", "uv": [ 0.0, 0.0, 2.0, 0.5 ] }
																	},
																	"children": [
																		{
																			"name": "L Frontbeam5",
																			"from": [ -3.0, 0.4, 0.0 ],
																			"to": [ 0.0, 1.4, 0.6 ],
																			"rotationOrigin": [ 0.0, 0.4, 0.6 ],
																			"rotationY": -15.0,
																			"rotationZ": -20.0,
																			"faces": {
																				"north": { "texture": "#moose-antlers", "uv": [ 0.0, 0.0, 3.0, 1.0 ] },
																				"east": { "texture": "#moose-antlers", "uv": [ 0.0, 0.0, 0.5, 1.0 ] },
																				"south": { "texture": "#moose-antlers", "uv": [ 0.0, 0.0, 3.0, 1.0 ] },
																				"west": { "texture": "#moose-antlers", "uv": [ 0.0, 0.0, 0.5, 1.0 ] },
																				"up": { "texture": "#moose-antlers", "uv": [ 0.0, 0.0, 3.0, 0.5 ] },
																				"down": { "texture": "#moose-antlers", "uv": [ 0.0, 0.0, 3.0, 0.5 ] }
																			},
																			"children": [
																				{
																					"name": "L Fronttine3",
																					"from": [ -1.0, -0.1, 0.05 ],
																					"to": [ 0.0, 0.5, 0.55 ],
																					"rotationOrigin": [ 0.0, 0.5, 0.05 ],
																					"rotationZ": 30.0,
																					"faces": {
																						"north": { "texture": "#moose-antlers", "uv": [ 0.0, 0.0, 1.0, 0.5 ] },
																						"east": { "texture": "#moose-antlers", "uv": [ 0.0, 0.0, 0.5, 0.5 ] },
																						"south": { "texture": "#moose-antlers", "uv": [ 0.0, 0.0, 1.0, 0.5 ] },
																						"west": { "texture": "#moose-antlers", "uv": [ 0.0, 0.0, 0.5, 0.5 ] },
																						"up": { "texture": "#moose-antlers", "uv": [ 0.0, 0.0, 1.0, 0.5 ] },
																						"down": { "texture": "#moose-antlers", "uv": [ 0.0, 0.0, 1.0, 0.5 ] }
																					}
																				},
																				{
																					"name": "L Fronttine4",
																					"from": [ -1.0, 0.5, 0.05 ],
																					"to": [ 0.0, 1.1, 0.55 ],
																					"rotationOrigin": [ 0.0, 0.5, 0.05 ],
																					"rotationZ": -30.0,
																					"faces": {
																						"north": { "texture": "#moose-antlers", "uv": [ 0.0, 0.0, 1.0, 0.5 ] },
																						"east": { "texture": "#moose-antlers", "uv": [ 0.0, 0.0, 0.5, 0.5 ] },
																						"south": { "texture": "#moose-antlers", "uv": [ 0.0, 0.0, 1.0, 0.5 ] },
																						"west": { "texture": "#moose-antlers", "uv": [ 0.0, 0.0, 0.5, 0.5 ] },
																						"up": { "texture": "#moose-antlers", "uv": [ 0.0, 0.0, 1.0, 0.5 ] },
																						"down": { "texture": "#moose-antlers", "uv": [ 0.0, 0.0, 1.0, 0.5 ] }
																					}
																				}
																			]
																		},
																		{
																			"name": "L Fronttine2",
																			"from": [ -1.5, 0.05, -0.1 ],
																			"to": [ 0.5, 1.05, 0.7 ],
																			"rotationOrigin": [ 0.5, 1.05, -0.1 ],
																			"rotationZ": 45.0,
																			"faces": {
																				"north": { "texture": "#moose-antlers", "uv": [ 0.0, 0.0, 2.0, 1.0 ] },
																				"east": { "texture": "#moose-antlers", "uv": [ 0.0, 0.0, 0.5, 1.0 ] },
																				"south": { "texture": "#moose-antlers", "uv": [ 0.0, 0.0, 2.0, 1.0 ] },
																				"west": { "texture": "#moose-antlers", "uv": [ 0.0, 0.0, 0.5, 1.0 ] },
																				"up": { "texture": "#moose-antlers", "uv": [ 0.0, 0.0, 2.0, 0.5 ] },
																				"down": { "texture": "#moose-antlers", "uv": [ 0.0, 0.0, 2.0, 0.5 ] }
																			},
																			"children": [
																				{
																					"name": "L Fronttine2b",
																					"from": [ -2.5, 0.1, 0.1 ],
																					"to": [ 0.0, 1.1, 0.7 ],
																					"rotationOrigin": [ 0.0, 0.0, 0.7 ],
																					"rotationY": -10.0,
																					"rotationZ": -39.0,
																					"faces": {
																						"north": { "texture": "#moose-antlers", "uv": [ 0.0, 0.0, 2.5, 1.0 ] },
																						"east": { "texture": "#moose-antlers", "uv": [ 0.0, 0.0, 0.5, 1.0 ] },
																						"south": { "texture": "#moose-antlers", "uv": [ 0.0, 0.0, 2.5, 1.0 ] },
																						"west": { "texture": "#moose-antlers", "uv": [ 0.0, 0.0, 0.5, 1.0 ] },
																						"up": { "texture": "#moose-antlers", "uv": [ 0.0, 0.0, 2.5, 0.5 ] },
																						"down": { "texture": "#moose-antlers", "uv": [ 0.0, 0.0, 2.5, 0.5 ] }
																					}
																				}
																			]
																		}
																	]
																},
																{
																	"name": "L Fronttine1",
																	"from": [ -2.0, 1.2, -0.2 ],
																	"to": [ 0.0, 2.2, 0.6 ],
																	"rotationOrigin": [ 0.0, 1.2, -0.2 ],
																	"rotationY": -10.0,
																	"rotationZ": -45.0,
																	"faces": {
																		"north": { "texture": "#moose-antlers", "uv": [ 0.0, 0.0, 2.0, 1.0 ] },
																		"east": { "texture": "#moose-antlers", "uv": [ 0.0, 0.0, 0.5, 1.0 ] },
																		"south": { "texture": "#moose-antlers", "uv": [ 0.0, 0.0, 2.0, 1.0 ] },
																		"west": { "texture": "#moose-antlers", "uv": [ 0.0, 0.0, 0.5, 1.0 ] },
																		"up": { "texture": "#moose-antlers", "uv": [ 0.0, 0.0, 2.0, 0.5 ] },
																		"down": { "texture": "#moose-antlers", "uv": [ 0.0, 0.0, 2.0, 0.5 ] }
																	},
																	"children": [
																		{
																			"name": "L Fronttine1b",
																			"from": [ -1.0, 0.1, 0.1 ],
																			"to": [ 0.0, 0.9, 0.7 ],
																			"rotationOrigin": [ 0.0, 0.9, 0.1 ],
																			"rotationZ": 16.0,
																			"faces": {
																				"north": { "texture": "#moose-antlers", "uv": [ 0.0, 0.0, 1.0, 0.5 ] },
																				"east": { "texture": "#moose-antlers", "uv": [ 0.0, 0.0, 0.5, 0.5 ] },
																				"south": { "texture": "#moose-antlers", "uv": [ 0.0, 0.0, 1.0, 0.5 ] },
																				"west": { "texture": "#moose-antlers", "uv": [ 0.0, 0.0, 0.5, 0.5 ] },
																				"up": { "texture": "#moose-antlers", "uv": [ 0.0, 0.0, 1.0, 0.5 ] },
																				"down": { "texture": "#moose-antlers", "uv": [ 0.0, 0.0, 1.0, 0.5 ] }
																			},
																			"children": [
																				{
																					"name": "L Fronttine1c",
																					"from": [ -1.5, 0.1, 0.05 ],
																					"to": [ 0.0, 0.7, 0.55 ],
																					"rotationOrigin": [ 0.0, 0.7, 0.05 ],
																					"rotationZ": 30.0,
																					"faces": {
																						"north": { "texture": "#moose-antlers", "uv": [ 0.0, 0.0, 1.5, 0.5 ] },
																						"east": { "texture": "#moose-antlers", "uv": [ 0.0, 0.0, 0.5, 0.5 ] },
																						"south": { "texture": "#moose-antlers", "uv": [ 0.0, 0.0, 1.5, 0.5 ] },
																						"west": { "texture": "#moose-antlers", "uv": [ 0.0, 0.0, 0.5, 0.5 ] },
																						"up": { "texture": "#moose-antlers", "uv": [ 0.0, 0.0, 1.5, 0.5 ] },
																						"down": { "texture": "#moose-antlers", "uv": [ 0.0, 0.0, 1.5, 0.5 ] }
																					}
																				}
																			]
																		}
																	]
																}
															]
														}
													]
												},
												{
													"name": "L Topbeam1",
													"from": [ -0.8, 0.0, -0.3 ],
													"to": [ 0.2, 2.0, 0.7 ],
													"rotationOrigin": [ 0.2, 0.0, 0.7 ],
													"rotationX": 5.0,
													"rotationY": -52.0,
													"rotationZ": -5.0,
													"faces": {
														"north": { "texture": "#moose-antlers", "uv": [ 0.0, 0.0, 1.0, 2.0 ] },
														"east": { "texture": "#moose-antlers", "uv": [ 0.0, 0.0, 1.0, 2.0 ] },
														"south": { "texture": "#moose-antlers", "uv": [ 0.0, 0.0, 1.0, 2.0 ] },
														"west": { "texture": "#moose-antlers", "uv": [ 0.0, 0.0, 1.0, 2.0 ] },
														"up": { "texture": "#moose-antlers", "uv": [ 0.0, 0.0, 1.0, 1.0 ] },
														"down": { "texture": "#moose-antlers", "uv": [ 0.0, 0.0, 1.0, 1.0 ] }
													},
													"children": [
														{
															"name": "L Topbeam2",
															"from": [ -1.0, 0.4, 0.1 ],
															"to": [ 0.0, 1.9, 0.9 ],
															"rotationOrigin": [ 0.0, 1.9, 0.9 ],
															"rotationX": -5.0,
															"rotationY": -10.0,
															"rotationZ": 5.0,
															"faces": {
																"north": { "texture": "#moose-antlers", "uv": [ 0.0, 0.0, 1.0, 1.5 ] },
																"east": { "texture": "#moose-antlers", "uv": [ 0.0, 0.0, 0.5, 1.5 ] },
																"south": { "texture": "#moose-antlers", "uv": [ 0.0, 0.0, 1.0, 1.5 ] },
																"west": { "texture": "#moose-antlers", "uv": [ 0.0, 0.0, 0.5, 1.5 ] },
																"up": { "texture": "#moose-antlers", "uv": [ 0.0, 0.0, 1.0, 0.5 ] },
																"down": { "texture": "#moose-antlers", "uv": [ 0.0, 0.0, 1.0, 0.5 ] }
															},
															"children": [
																{
																	"name": "L Topbeam3",
																	"from": [ -0.5, 0.0, 0.1 ],
																	"to": [ 0.5, 1.5, 0.7 ],
																	"rotationOrigin": [ 0.5, 0.0, 0.7 ],
																	"rotationX": -5.0,
																	"rotationY": -5.0,
																	"rotationZ": 2.0,
																	"faces": {
																		"north": { "texture": "#moose-antlers", "uv": [ 0.0, 0.0, 1.0, 1.5 ] },
																		"east": { "texture": "#moose-antlers", "uv": [ 0.0, 0.0, 0.5, 1.5 ] },
																		"south": { "texture": "#moose-antlers", "uv": [ 0.0, 0.0, 1.0, 1.5 ] },
																		"west": { "texture": "#moose-antlers", "uv": [ 0.0, 0.0, 0.5, 1.5 ] },
																		"up": { "texture": "#moose-antlers", "uv": [ 0.0, 0.0, 1.0, 0.5 ] },
																		"down": { "texture": "#moose-antlers", "uv": [ 0.0, 0.0, 1.0, 0.5 ] }
																	},
																	"children": [
																		{
																			"name": "L Topbeam4",
																			"from": [ -2.1, 0.3, 0.1 ],
																			"to": [ 0.9, 2.8, 0.7 ],
																			"rotationOrigin": [ 0.9, 0.3, 0.7 ],
																			"rotationX": -5.0,
																			"rotationY": -2.0,
																			"rotationZ": 10.0,
																			"faces": {
																				"north": { "texture": "#moose-antlers", "uv": [ 0.0, 0.0, 3.0, 2.5 ] },
																				"east": { "texture": "#moose-antlers", "uv": [ 0.0, 0.0, 0.5, 2.5 ] },
																				"south": { "texture": "#moose-antlers", "uv": [ 0.0, 0.0, 3.0, 2.5 ] },
																				"west": { "texture": "#moose-antlers", "uv": [ 0.0, 0.0, 0.5, 2.5 ] },
																				"up": { "texture": "#moose-antlers", "uv": [ 0.0, 0.0, 3.0, 0.5 ] },
																				"down": { "texture": "#moose-antlers", "uv": [ 0.0, 0.0, 3.0, 0.5 ] }
																			},
																			"children": [
																				{
																					"name": "L Toptine1",
																					"from": [ -2.8, 0.0, 0.05 ],
																					"to": [ 0.2, 0.6, 0.55 ],
																					"rotationOrigin": [ 0.2, 0.6, 0.05 ],
																					"rotationZ": 20.0,
																					"faces": {
																						"north": { "texture": "#moose-antlers", "uv": [ 0.0, 0.0, 3.0, 0.5 ] },
																						"east": { "texture": "#moose-antlers", "uv": [ 0.0, 0.0, 0.5, 0.5 ] },
																						"south": { "texture": "#moose-antlers", "uv": [ 0.0, 0.0, 3.0, 0.5 ] },
																						"west": { "texture": "#moose-antlers", "uv": [ 0.0, 0.0, 0.5, 0.5 ] },
																						"up": { "texture": "#moose-antlers", "uv": [ 0.0, 0.0, 3.0, 0.5 ] },
																						"down": { "texture": "#moose-antlers", "uv": [ 0.0, 0.0, 3.0, 0.5 ] }
																					}
																				},
																				{
																					"name": "L Toptine2",
																					"from": [ -2.8, 0.7, 0.05 ],
																					"to": [ 0.2, 1.3, 0.55 ],
																					"rotationOrigin": [ 0.2, 1.3, 0.05 ],
																					"rotationZ": -11.0,
																					"faces": {
																						"north": { "texture": "#moose-antlers", "uv": [ 0.0, 0.0, 3.0, 0.5 ] },
																						"east": { "texture": "#moose-antlers", "uv": [ 0.0, 0.0, 0.5, 0.5 ] },
																						"south": { "texture": "#moose-antlers", "uv": [ 0.0, 0.0, 3.0, 0.5 ] },
																						"west": { "texture": "#moose-antlers", "uv": [ 0.0, 0.0, 0.5, 0.5 ] },
																						"up": { "texture": "#moose-antlers", "uv": [ 0.0, 0.0, 3.0, 0.5 ] },
																						"down": { "texture": "#moose-antlers", "uv": [ 0.0, 0.0, 3.0, 0.5 ] }
																					}
																				},
																				{
																					"name": "L Toptine3",
																					"from": [ -2.4, 1.6, 0.05 ],
																					"to": [ 0.6, 2.2, 0.55 ],
																					"rotationOrigin": [ 0.6, 2.2, 0.05 ],
																					"rotationZ": -19.0,
																					"faces": {
																						"north": { "texture": "#moose-antlers", "uv": [ 0.0, 0.0, 3.0, 0.5 ] },
																						"east": { "texture": "#moose-antlers", "uv": [ 0.0, 0.0, 0.5, 0.5 ] },
																						"south": { "texture": "#moose-antlers", "uv": [ 0.0, 0.0, 3.0, 0.5 ] },
																						"west": { "texture": "#moose-antlers", "uv": [ 0.0, 0.0, 0.5, 0.5 ] },
																						"up": { "texture": "#moose-antlers", "uv": [ 0.0, 0.0, 3.0, 0.5 ] },
																						"down": { "texture": "#moose-antlers", "uv": [ 0.0, 0.0, 3.0, 0.5 ] }
																					}
																				},
																				{
																					"name": "L Toptine4",
																					"from": [ -0.1, 1.9, 0.05 ],
																					"to": [ 2.9, 2.5, 0.55 ],
																					"rotationOrigin": [ 2.9, 2.5, 0.05 ],
																					"rotationZ": -19.0,
																					"faces": {
																						"north": { "texture": "#moose-antlers", "uv": [ 0.0, 0.0, 3.0, 0.5 ] },
																						"east": { "texture": "#moose-antlers", "uv": [ 0.0, 0.0, 0.5, 0.5 ] },
																						"south": { "texture": "#moose-antlers", "uv": [ 0.0, 0.0, 3.0, 0.5 ] },
																						"west": { "texture": "#moose-antlers", "uv": [ 0.0, 0.0, 0.5, 0.5 ] },
																						"up": { "texture": "#moose-antlers", "uv": [ 0.0, 0.0, 3.0, 0.5 ] },
																						"down": { "texture": "#moose-antlers", "uv": [ 0.0, 0.0, 3.0, 0.5 ] }
																					}
																				}
																			]
																		}
																	]
																}
															]
														}
													]
												}
											]
										}
									]
								}
							]
						}
					]
				}
			]
		}
	]}