{
	"editor": {
		"allAngles": true,
		"entityTextureMode": true
	},
	"textureWidth": 52,
	"textureHeight": 64,
	"textureSizes": {
		"bottom": [16,16],
		"skin": [52,64]
	},
	"textures": {
	},
	"elements": [
		{
			"name": "Rotation Point",
			"from": [ 0.0, 0.0, 0.0 ],
			"to": [ 0.0, 0.0, 0.0 ],
			"uv": [ 0.0, 0.0 ],
			"faces": {
			},
			"children": [
				{
					"name": "Base",
					"from": [ 0.0, 0.0, 8.0 ],
					"to": [ 0.0, 0.0, 8.0 ],
					"autoUnwrap": false,
					"uv": [ 0.0, 0.0 ],
					"rotationOrigin": [ 0.0, 0.0, 8.0 ],
					"rotationX": 0.5,
					"rotationZ": 0.25,
					"faces": {
					},
					"children": [
						{
							"name": "PeltBody",
							"from": [ 0.0, 0.0, -2.65 ],
							"to": [ 5.4, 0.42, 2.65 ],
							"unwrapMode": 7,
							"unwrapRotation": 1,
							"autoUnwrap": false,
							"uv": [ 10.0, 17.5 ],
							"rotationOrigin": [ 0.0, 0.0, -2.65 ],
							"faces": {
								"north": { "texture": "#skin", "uv": [ 12.5, 26.0, 13.0, 31.0 ], "rotation": 90, "windMode": [-1,-1,-1,-1] },
								"east": { "texture": "#skin", "uv": [ 7.5, 30.5, 12.5, 31.0 ], "windMode": [-1,-1,-1,-1] },
								"south": { "texture": "#skin", "uv": [ 7.5, 26.0, 8.0, 31.0 ], "rotation": 270, "windMode": [-1,-1,-1,-1] },
								"west": { "texture": "#skin", "uv": [ 7.5, 26.0, 12.5, 26.5 ], "rotation": 180, "windMode": [-1,-1,-1,-1] },
								"up": { "texture": "#skin", "uv": [ 7.5, 26.0, 12.5, 31.0 ], "rotation": 270, "windMode": [-1,-1,-1,-1] },
								"down": { "texture": "#bottom", "uv": [ 0.0, 0.0, 5.0, 5.0 ], "rotation": 90, "windMode": [-1,-1,-1,-1] }
							},
							"children": [
								{
									"name": "LBody",
									"from": [ 0.0, 0.01, 4.8 ],
									"to": [ 5.4, 0.41, 11.8 ],
									"unwrapMode": 7,
									"unwrapRotation": 1,
									"autoUnwrap": false,
									"uv": [ 0.0, 17.5 ],
									"rotationOrigin": [ 0.0, -0.01, 4.8 ],
									"rotationY": -3.0,
									"faces": {
										"east": { "texture": "#skin", "uv": [ 0.5, 30.5, 7.5, 31.0 ], "windMode": [-1,-1,-1,-1] },
										"south": { "texture": "#skin", "uv": [ 0.5, 26.0, 1.0, 31.0 ], "rotation": 270, "windMode": [-1,-1,-1,-1] },
										"west": { "texture": "#skin", "uv": [ 0.5, 26.0, 7.5, 26.5 ], "rotation": 180, "windMode": [-1,-1,-1,-1] },
										"up": { "texture": "#skin", "uv": [ 0.5, 26.0, 7.5, 31.0 ], "rotation": 270, "windMode": [-1,-1,-1,-1] },
										"down": { "texture": "#bottom", "uv": [ 0.0, 0.0, 7.0, 5.0 ], "rotation": 90 }
									},
									"children": [
										{
											"name": "LArm",
											"from": [ 0.0, 0.01, 5.0 ],
											"to": [ 1.5, 0.39, 10.3 ],
											"unwrapMode": 5,
											"autoUnwrap": false,
											"uv": [ 42.0, 17.0 ],
											"rotationOrigin": [ 0.0, 0.01, 5.0 ],
											"rotationY": -30.0,
											"faces": {
												"east": { "texture": "#skin", "uv": [ 36.5, 11.5, 37.0, 16.5 ], "rotation": 90 },
												"south": { "texture": "#skin", "uv": [ 35.0, 16.5, 36.5, 17.0 ], "windMode": [-1,-1,-1,-1] },
												"west": { "texture": "#skin", "uv": [ 34.5, 11.5, 35.0, 16.5 ], "rotation": 270, "windMode": [-1,-1,-1,-1] },
												"up": { "texture": "#skin", "uv": [ 35.0, 11.5, 36.5, 16.5 ], "windMode": [-1,-1,-1,-1] },
												"down": { "texture": "#bottom", "uv": [ 0.0, 0.0, 1.5, 5.0 ], "windMode": [-1,-1,-1,-1] }
											},
											"children": [
												{
													"name": "LArmLower",
													"from": [ 1.5, 0.01, -0.3 ],
													"to": [ 3.0, 0.37, 5.0 ],
													"unwrapMode": 5,
													"autoUnwrap": false,
													"uv": [ 42.5, 17.0 ],
													"rotationOrigin": [ 2.5, 0.01, -0.3 ],
													"rotationY": -10.0,
													"faces": {
														"east": { "texture": "#skin", "uv": [ 37.0, 11.5, 37.5, 16.5 ], "rotation": 90 },
														"south": { "texture": "#skin", "uv": [ 35.0, 16.5, 36.5, 17.0 ], "windMode": [-1,-1,-1,-1] },
														"up": { "texture": "#skin", "uv": [ 37.5, 11.5, 39.0, 16.5 ], "windMode": [-1,-1,-1,-1] },
														"down": { "texture": "#bottom", "uv": [ 0.0, 0.0, 1.5, 5.0 ], "windMode": [-1,-1,-1,-1] }
													}
												}
											]
										}
									]
								},
								{
									"name": "RBody",
									"from": [ 0.0, -0.41, 0.5 ],
									"to": [ 5.4, -0.01, 7.5 ],
									"unwrapMode": 6,
									"unwrapRotation": 1,
									"autoUnwrap": false,
									"uv": [ 18.0, 17.5 ],
									"rotationOrigin": [ 0.0, 0.0, 0.5 ],
									"rotationX": 180.0,
									"rotationY": -3.0,
									"faces": {
										"east": { "texture": "#skin", "uv": [ 13.0, 30.5, 20.0, 31.0 ], "rotation": 180 },
										"south": { "texture": "#skin", "uv": [ 19.5, 26.0, 20.0, 31.0 ], "rotation": 270, "windMode": [-1,-1,-1,-1] },
										"west": { "texture": "#skin", "uv": [ 13.0, 26.0, 20.0, 26.5 ], "windMode": [-1,-1,-1,-1] },
										"up": { "texture": "#bottom", "uv": [ 0.0, 0.0, 7.0, 5.0 ], "rotation": 270, "windMode": [-1,-1,-1,-1] },
										"down": { "texture": "#skin", "uv": [ 13.0, 26.0, 20.0, 31.0 ], "rotation": 90, "windMode": [-1,-1,-1,-1] }
									},
									"children": [
										{
											"name": "RArm",
											"from": [ 0.0, 0.01, 5.0 ],
											"to": [ 1.5, 0.39, 10.3 ],
											"unwrapMode": 6,
											"autoUnwrap": false,
											"uv": [ 48.0, 12.0 ],
											"rotationOrigin": [ 0.0, 0.39, 5.0 ],
											"rotationY": -30.0,
											"faces": {
												"east": { "texture": "#skin", "uv": [ 44.0, 11.5, 44.5, 16.5 ], "rotation": 90, "windMode": [-1,-1,-1,-1] },
												"south": { "texture": "#skin", "uv": [ 44.5, 16.5, 46.0, 17.0 ], "rotation": 180, "windMode": [-1,-1,-1,-1] },
												"west": { "texture": "#skin", "uv": [ 46.5, 11.5, 47.0, 16.5 ], "rotation": 270, "windMode": [-1,-1,-1,-1] },
												"up": { "texture": "#bottom", "uv": [ 0.0, 0.0, 1.5, 5.0 ], "windMode": [-1,-1,-1,-1] },
												"down": { "texture": "#skin", "uv": [ 44.5, 11.5, 46.0, 16.5 ], "windMode": [-1,-1,-1,-1] }
											},
											"children": [
												{
													"name": "RArmLower",
													"from": [ 1.5, 0.01, -0.3 ],
													"to": [ 3.0, 0.37, 5.0 ],
													"unwrapMode": 5,
													"autoUnwrap": false,
													"uv": [ 49.5, 12.0 ],
													"rotationOrigin": [ 2.5, 0.37, -0.3 ],
													"rotationY": -10.0,
													"faces": {
														"east": { "texture": "#skin", "uv": [ 46.0, 11.5, 46.5, 16.5 ], "rotation": 90, "windMode": [-1,-1,-1,-1] },
														"south": { "texture": "#skin", "uv": [ 44.5, 16.5, 46.0, 17.0 ], "windMode": [-1,-1,-1,-1] },
														"up": { "texture": "#bottom", "uv": [ 0.0, 0.0, 1.5, 5.0 ], "windMode": [-1,-1,-1,-1] },
														"down": { "texture": "#skin", "uv": [ 47.0, 11.5, 48.5, 16.5 ], "windMode": [-1,-1,-1,-1] }
													}
												}
											]
										}
									]
								},
								{
									"name": "PeltAbdomen",
									"from": [ 5.4, 0.01, 0.05 ],
									"to": [ 11.3, 0.41, 5.45 ],
									"unwrapMode": 7,
									"unwrapRotation": 1,
									"autoUnwrap": false,
									"uv": [ 10.0, 25.0 ],
									"rotationOrigin": [ 5.4, 0.01, 0.05 ],
									"faces": {
										"north": { "texture": "#skin", "uv": [ 12.0, 32.0, 12.5, 37.5 ], "rotation": 90, "windMode": [-1,-1,-1,-1] },
										"east": { "texture": "#skin", "uv": [ 7.0, 37.0, 12.0, 37.5 ], "windMode": [-1,-1,-1,-1] },
										"south": { "texture": "#skin", "uv": [ 6.5, 32.0, 7.0, 37.5 ], "rotation": 270, "windMode": [-1,-1,-1,-1] },
										"up": { "texture": "#skin", "uv": [ 7.0, 32.0, 12.0, 37.5 ], "rotation": 270, "windMode": [-1,-1,-1,-1] },
										"down": { "texture": "#bottom", "uv": [ 0.0, 0.0, 5.0, 5.5 ], "rotation": 90, "windMode": [-1,-1,-1,-1] }
									},
									"children": [
										{
											"name": "LAbdomen",
											"from": [ 0.0, 0.01, 4.9 ],
											"to": [ 5.9, 0.39, 11.7 ],
											"unwrapMode": 7,
											"unwrapRotation": 1,
											"autoUnwrap": false,
											"uv": [ 0.5, 24.5 ],
											"rotationOrigin": [ 0.0, 0.01, 4.9 ],
											"rotationY": -3.0,
											"faces": {
												"east": { "texture": "#skin", "uv": [ 0.5, 37.0, 7.0, 37.5 ] },
												"south": { "texture": "#skin", "uv": [ 0.5, 32.0, 1.0, 37.5 ], "rotation": 270, "windMode": [-1,-1,-1,-1] },
												"west": { "texture": "#skin", "uv": [ 0.5, 32.0, 7.0, 32.5 ], "rotation": 180, "windMode": [-1,-1,-1,-1] },
												"up": { "texture": "#skin", "uv": [ 0.5, 32.0, 7.0, 37.5 ], "rotation": 270, "windMode": [-1,-1,-1,-1] },
												"down": { "texture": "#bottom", "uv": [ 0.0, 0.0, 6.5, 5.5 ], "rotation": 90, "windMode": [-1,-1,-1,-1] }
											}
										},
										{
											"name": "RAbdomen",
											"from": [ 0.0, -0.37, 0.5 ],
											"to": [ 5.9, 0.01, 7.3 ],
											"unwrapMode": 6,
											"unwrapRotation": 1,
											"autoUnwrap": false,
											"uv": [ 18.0, 24.5 ],
											"rotationOrigin": [ 0.0, 0.01, 0.5 ],
											"rotationX": 180.0,
											"rotationY": -3.0,
											"faces": {
												"east": { "texture": "#skin", "uv": [ 12.0, 37.0, 18.5, 37.5 ], "rotation": 180 },
												"south": { "texture": "#skin", "uv": [ 18.0, 32.0, 18.5, 37.5 ], "rotation": 270, "windMode": [-1,-1,-1,-1] },
												"west": { "texture": "#skin", "uv": [ 12.0, 32.0, 18.5, 32.5 ], "windMode": [-1,-1,-1,-1] },
												"up": { "texture": "#bottom", "uv": [ 0.0, 0.0, 6.5, 5.5 ], "rotation": 270, "windMode": [-1,-1,-1,-1] },
												"down": { "texture": "#skin", "uv": [ 12.0, 32.0, 18.5, 37.5 ], "rotation": 90, "windMode": [-1,-1,-1,-1] }
											}
										},
										{
											"name": "PeltRear",
											"from": [ 5.9, 0.0, 0.1 ],
											"to": [ 10.9, 0.4, 5.3 ],
											"unwrapMode": 7,
											"unwrapRotation": 1,
											"autoUnwrap": false,
											"uv": [ 10.0, 33.0 ],
											"rotationOrigin": [ 5.9, 0.0, 0.1 ],
											"faces": {
												"north": { "texture": "#skin", "uv": [ 12.5, 39.0, 13.0, 44.0 ], "rotation": 90, "windMode": [-1,-1,-1,-1] },
												"east": { "texture": "#skin", "uv": [ 7.5, 43.5, 12.5, 44.0 ], "windMode": [-1,-1,-1,-1] },
												"south": { "texture": "#skin", "uv": [ 7.0, 39.0, 7.5, 44.0 ], "rotation": 270, "windMode": [-1,-1,-1,-1] },
												"up": { "texture": "#skin", "uv": [ 7.5, 39.0, 12.5, 44.0 ], "rotation": 270, "windMode": [-1,-1,-1,-1] },
												"down": { "texture": "#bottom", "uv": [ 0.0, 0.0, 5.0, 5.0 ], "rotation": 90, "windMode": [-1,-1,-1,-1] }
											},
											"children": [
												{
													"name": "LRear",
													"from": [ 0.0, 0.01, 4.7 ],
													"to": [ 5.0, 0.39, 11.7 ],
													"unwrapMode": 7,
													"unwrapRotation": 1,
													"autoUnwrap": false,
													"uv": [ 20.0, 32.5 ],
													"rotationOrigin": [ 0.0, 0.01, 4.7 ],
													"rotationY": -3.0,
													"faces": {
														"east": { "texture": "#skin", "uv": [ 0.5, 43.5, 7.5, 44.0 ] },
														"south": { "texture": "#skin", "uv": [ 0.5, 39.0, 1.0, 44.0 ], "rotation": 270, "windMode": [-1,-1,-1,-1] },
														"west": { "texture": "#skin", "uv": [ 0.5, 39.0, 7.5, 39.5 ], "rotation": 180, "windMode": [-1,-1,-1,-1] },
														"up": { "texture": "#skin", "uv": [ 0.5, 39.0, 7.5, 44.0 ], "rotation": 270, "windMode": [-1,-1,-1,-1] },
														"down": { "texture": "#bottom", "uv": [ 0.0, 0.0, 7.0, 5.0 ], "rotation": 90, "windMode": [-1,-1,-1,-1] }
													},
													"children": [
														{
															"name": "LLeg",
															"from": [ 2.4, 0.01, 7.0 ],
															"to": [ 6.4, 0.37, 13.0 ],
															"unwrapMode": 5,
															"autoUnwrap": false,
															"uv": [ 0.0, 5.5 ],
															"rotationOrigin": [ 2.4, 0.01, 7.0 ],
															"rotationY": 72.0,
															"faces": {
																"east": { "texture": "#skin", "uv": [ 28.5, 32.5, 29.0, 38.5 ], "rotation": 90, "windMode": [-1,-1,-1,-1] },
																"south": { "texture": "#skin", "uv": [ 29.0, 38.5, 33.0, 39.0 ], "windMode": [-1,-1,-1,-1] },
																"west": { "texture": "#skin", "uv": [ 33.0, 32.5, 33.5, 38.5 ], "rotation": 270, "windMode": [-1,-1,-1,-1] },
																"up": { "texture": "#skin", "uv": [ 29.0, 32.5, 33.0, 38.5 ], "windMode": [-1,-1,-1,-1] },
																"down": { "texture": "#bottom", "uv": [ 0.0, 0.0, 4.0, 6.0 ], "windMode": [-1,-1,-1,-1] }
															}
														}
													]
												},
												{
													"name": "RRear",
													"from": [ 0.0, -0.37, 0.5 ],
													"to": [ 5.0, 0.01, 7.5 ],
													"unwrapMode": 6,
													"unwrapRotation": 1,
													"autoUnwrap": false,
													"uv": [ 18.0, 32.5 ],
													"rotationOrigin": [ 0.0, 0.01, 0.5 ],
													"rotationX": 180.0,
													"rotationY": -3.0,
													"faces": {
														"east": { "texture": "#skin", "uv": [ 12.5, 43.5, 19.5, 44.0 ], "rotation": 180 },
														"south": { "texture": "#skin", "uv": [ 19.0, 39.0, 19.5, 44.0 ], "rotation": 270, "windMode": [-1,-1,-1,-1] },
														"west": { "texture": "#skin", "uv": [ 12.5, 39.0, 19.5, 39.5 ], "windMode": [-1,-1,-1,-1] },
														"up": { "texture": "#bottom", "uv": [ 0.0, 0.0, 7.0, 5.0 ], "rotation": 270, "windMode": [-1,-1,-1,-1] },
														"down": { "texture": "#skin", "uv": [ 12.5, 39.0, 19.5, 44.0 ], "rotation": 90, "windMode": [-1,-1,-1,-1] }
													},
													"children": [
														{
															"name": "RLeg",
															"from": [ 2.4, 0.01, 7.0 ],
															"to": [ 6.4, 0.37, 13.0 ],
															"unwrapMode": 5,
															"autoUnwrap": false,
															"uv": [ 43.0, 45.0 ],
															"rotationOrigin": [ 2.4, 0.37, 7.0 ],
															"rotationY": 72.0,
															"faces": {
																"east": { "texture": "#skin", "uv": [ 45.5, 32.5, 46.0, 38.5 ], "rotation": 90, "windMode": [-1,-1,-1,-1] },
																"south": { "texture": "#skin", "uv": [ 41.5, 38.5, 45.5, 39.0 ], "windMode": [-1,-1,-1,-1] },
																"west": { "texture": "#skin", "uv": [ 41.0, 32.5, 41.5, 38.5 ], "rotation": 270, "windMode": [-1,-1,-1,-1] },
																"up": { "texture": "#bottom", "uv": [ 0.0, 0.0, 4.0, 6.0 ], "windMode": [-1,-1,-1,-1] },
																"down": { "texture": "#skin", "uv": [ 41.5, 32.5, 45.5, 38.5 ], "windMode": [-1,-1,-1,-1] }
															}
														}
													]
												},
												{
													"name": "PeltTail",
													"from": [ 5.0, 0.01, 1.8 ],
													"to": [ 7.0, 0.39, 3.4 ],
													"unwrapMode": 7,
													"unwrapRotation": 1,
													"uv": [ 15.0, 47.5 ],
													"rotationOrigin": [ 5.0, 0.01, 2.6 ],
													"faces": {
														"north": { "texture": "#skin", "uv": [ 17.0, 47.5, 17.5, 49.5 ], "rotation": 90 },
														"east": { "texture": "#skin", "uv": [ 15.5, 49.5, 17.0, 50.0 ], "windMode": [-1,-1,-1,-1] },
														"south": { "texture": "#skin", "uv": [ 15.0, 47.5, 15.5, 49.5 ], "rotation": 270, "windMode": [-1,-1,-1,-1] },
														"up": { "texture": "#skin", "uv": [ 15.5, 47.5, 17.0, 49.5 ], "rotation": 270, "windMode": [-1,-1,-1,-1] },
														"down": { "texture": "#skin", "uv": [ 17.5, 47.5, 19.0, 49.5 ], "rotation": 90, "windMode": [-1,-1,-1,-1] }
													},
													"children": [
														{
															"name": "PeltTailEnd",
															"from": [ 2.0, -0.01, 0.15 ],
															"to": [ 4.6, 0.38, 1.45 ],
															"unwrapMode": 7,
															"unwrapRotation": 1,
															"autoUnwrap": false,
															"uv": [ 2.5, 44.0 ],
															"rotationOrigin": [ 2.0, -0.01, 0.05 ],
															"faces": {
																"north": { "texture": "#skin", "uv": [ 22.5, 47.5, 23.0, 50.0 ], "rotation": 90, "windMode": [-1,-1,-1,-1] },
																"east": { "texture": "#skin", "uv": [ 21.5, 50.0, 22.5, 50.5 ], "windMode": [-1,-1,-1,-1] },
																"south": { "texture": "#skin", "uv": [ 21.0, 47.5, 21.5, 50.0 ], "rotation": 270, "windMode": [-1,-1,-1,-1] },
																"up": { "texture": "#skin", "uv": [ 21.5, 47.5, 22.5, 50.0 ], "rotation": 270, "windMode": [-1,-1,-1,-1] },
																"down": { "texture": "#skin", "uv": [ 23.5, 47.5, 24.5, 50.0 ], "rotation": 90, "windMode": [-1,-1,-1,-1] }
															}
														}
													]
												}
											]
										}
									]
								},
								{
									"name": "LNeck",
									"from": [ -5.1, 0.02, 2.65 ],
									"to": [ 0.0, 0.4, 6.55 ],
									"unwrapMode": 7,
									"unwrapRotation": 1,
									"autoUnwrap": false,
									"uv": [ 6.0, 11.0 ],
									"rotationOrigin": [ 0.0, 0.02, 2.65 ],
									"rotationY": 22.0,
									"faces": {
										"north": { "texture": "#skin", "uv": [ 8.0, 12.5, 8.5, 17.5 ], "rotation": 90 },
										"south": { "texture": "#skin", "uv": [ 5.0, 12.5, 5.5, 17.5 ], "rotation": 270, "windMode": [-1,-1,-1,-1] },
										"west": { "texture": "#skin", "uv": [ 5.0, 12.5, 8.5, 13.0 ], "rotation": 180, "windMode": [-1,-1,-1,-1] },
										"up": { "texture": "#skin", "uv": [ 5.0, 12.5, 8.5, 17.5 ], "rotation": 270, "windMode": [-1,-1,-1,-1] },
										"down": { "texture": "#bottom", "uv": [ 0.0, 0.0, 3.5, 5.0 ], "rotation": 90, "windMode": [-1,-1,-1,-1] }
									}
								},
								{
									"name": "RNeck",
									"from": [ -5.1, -0.36, 2.65 ],
									"to": [ 0.0, 0.02, 6.55 ],
									"unwrapMode": 6,
									"unwrapRotation": 1,
									"autoUnwrap": false,
									"uv": [ 15.5, 11.0 ],
									"rotationOrigin": [ 0.0, 0.02, 2.65 ],
									"rotationX": 180.0,
									"rotationY": 22.0,
									"faces": {
										"north": { "texture": "#skin", "uv": [ 11.0, 12.5, 11.5, 17.5 ], "rotation": 90 },
										"south": { "texture": "#skin", "uv": [ 14.0, 12.5, 14.5, 17.5 ], "rotation": 270, "windMode": [-1,-1,-1,-1] },
										"west": { "texture": "#skin", "uv": [ 11.0, 12.5, 14.5, 13.0 ], "windMode": [-1,-1,-1,-1] },
										"up": { "texture": "#bottom", "uv": [ 0.0, 0.0, 3.5, 5.0 ], "rotation": 270, "windMode": [-1,-1,-1,-1] },
										"down": { "texture": "#skin", "uv": [ 11.0, 12.5, 14.5, 17.5 ], "rotation": 90, "windMode": [-1,-1,-1,-1] }
									}
								}
							]
						}
					]
				}
			]
		}
	]}