{
	"editor": {
		"collapsedPaths": "Root/Body/neck/neck2/head/Horn attachment,Root/Body/Left Shoulder,Root/Body/Right Shoulder",
		"allAngles": true,
		"entityTextureMode": true
	},
	"textureWidth": 44,
	"textureHeight": 60,
	"textureSizes": {
		"skin": [44,60]
	},
	"textures": {
	},
	"elements": [
		{
			"name": "Neck",
			"from": [ 15.1, 10.0, 6.8 ],
			"to": [ 18.6, 14.6, 9.2 ],
			"unwrapMode": 2,
			"uv": [ 4.0, 8.5 ],
			"rotationOrigin": [ 18.4, 10.0, 8.0 ],
			"rotationX": 12.0,
			"rotationZ": 50.0,
			"faces": {
				"north": { "texture": "#skin", "uv": [ 9.5, 12.0, 13.0, 16.5 ], "windMode": [-1,-1,-1,-1], "windData": [0,0,1,0] },
				"east": { "texture": "#skin", "uv": [ 7.5, 12.0, 9.5, 16.5 ], "windMode": [-1,-1,-1,-1], "windData": [1,0,0,1] },
				"south": { "texture": "#skin", "uv": [ 4.0, 12.0, 7.5, 16.5 ] },
				"west": { "texture": "#skin", "uv": [ 13.0, 12.0, 15.0, 16.5 ] },
				"up": { "texture": "#skin", "uv": [ 7.5, 8.5, 9.5, 12.0 ], "rotation": 270 }
			},
			"children": [
				{
					"name": "Neck2",
					"from": [ -0.4, 2.8, -0.45 ],
					"to": [ 2.8, 7.3, 1.65 ],
					"unwrapMode": 2,
					"uv": [ 4.5, 0.5 ],
					"rotationOrigin": [ 3.0, 3.3, 1.2 ],
					"rotationX": 25.0,
					"rotationY": 18.0,
					"rotationZ": -15.0,
					"faces": {
						"north": { "texture": "#skin", "uv": [ 9.5, 3.5, 12.5, 8.0 ], "windMode": [-1,-1,-1,-1], "windData": [1,1,1,1] },
						"east": { "texture": "#skin", "uv": [ 7.5, 3.5, 9.5, 8.0 ], "windMode": [-1,-1,-1,-1], "windData": [1,1,1,1] },
						"south": { "texture": "#skin", "uv": [ 4.5, 3.5, 7.5, 8.0 ], "windMode": [-1,-1,-1,-1], "windData": [1,1,1,1] },
						"west": { "texture": "#skin", "uv": [ 12.5, 3.5, 14.5, 8.0 ], "windMode": [-1,-1,-1,-1], "windData": [1,1,1,1] },
						"up": { "texture": "#skin", "uv": [ 7.5, 0.5, 9.5, 3.5 ], "rotation": 270, "windMode": [-1,-1,-1,-1], "windData": [1,1,1,1] }
					},
					"children": [
						{
							"name": "Head",
							"from": [ 1.0, 1.8, -0.5 ],
							"to": [ 2.9, 5.2, 2.0 ],
							"unwrapMode": 4,
							"uv": [ 15.5, 4.0 ],
							"rotationOrigin": [ 2.8, 5.0, 1.05 ],
							"rotationX": 8.0,
							"rotationY": 8.0,
							"rotationZ": -45.0,
							"faces": {
								"north": { "texture": "#skin", "uv": [ 15.5, 5.5, 17.0, 8.5 ] },
								"east": { "texture": "#skin", "uv": [ 21.0, 5.5, 23.5, 8.5 ] },
								"south": { "texture": "#skin", "uv": [ 19.5, 5.5, 21.0, 8.5 ] },
								"west": { "texture": "#skin", "uv": [ 17.0, 5.5, 19.5, 8.5 ] },
								"up": { "texture": "#skin", "uv": [ 17.0, 4.0, 19.5, 5.5 ], "rotation": 90 },
								"down": { "texture": "#skin", "uv": [ 17.0, 8.5, 19.5, 10.0 ], "rotation": 90 }
							},
							"children": [
								{
									"name": "MouthUp",
									"from": [ -2.15, 0.5, 0.5 ],
									"to": [ 0.25, 1.2, 2.0 ],
									"unwrapMode": 5,
									"unwrapRotation": 1,
									"uv": [ 17.0, 15.5 ],
									"rotationOrigin": [ 0.0, 1.0, 1.25 ],
									"rotationZ": 35.0,
									"faces": {
										"north": { "texture": "#skin", "uv": [ 17.0, 15.5, 17.5, 17.5 ], "rotation": 270 },
										"south": { "texture": "#skin", "uv": [ 19.0, 15.5, 19.5, 17.5 ], "rotation": 90 },
										"west": { "texture": "#skin", "uv": [ 17.5, 17.5, 19.0, 18.0 ] },
										"up": { "texture": "#skin", "uv": [ 17.5, 15.5, 19.0, 17.5 ], "rotation": 90 },
										"down": { "texture": "#skin", "uv": [ 19.5, 15.5, 21.0, 17.5 ], "rotation": 270 }
									},
									"children": [
										{
											"name": "Nose",
											"from": [ 0.5, 0.0, 0.15 ],
											"to": [ 4.2, 1.2, 1.35 ],
											"unwrapMode": 5,
											"unwrapRotation": 1,
											"uv": [ 16.5, 10.5 ],
											"rotationOrigin": [ 0.5, 0.0, 0.75 ],
											"rotationZ": 21.0,
											"faces": {
												"north": { "texture": "#skin", "uv": [ 16.5, 10.5, 17.5, 14.0 ], "rotation": 270 },
												"south": { "texture": "#skin", "uv": [ 18.5, 10.5, 19.5, 14.0 ], "rotation": 90 },
												"west": { "texture": "#skin", "uv": [ 17.5, 14.0, 18.5, 15.0 ], "windMode": [-1,-1,-1,-1], "windData": [1,1,1,1] },
												"up": { "texture": "#skin", "uv": [ 17.5, 10.5, 18.5, 14.0 ], "rotation": 90 }
											},
											"children": [
												{
													"name": "Snout",
													"from": [ -0.5209, 0.49, 0.2 ],
													"to": [ 0.3791, 1.19, 1.0 ],
													"unwrapMode": 4,
													"uv": [ 0.0, 1.5 ],
													"rotationOrigin": [ 0.38, 1.1856, 0.6 ],
													"rotationZ": -2.0,
													"faces": {
														"north": { "texture": "#skin", "uv": [ 0.0, 2.0, 0.5, 2.5 ], "windMode": [-1,-1,-1,-1], "windData": [1,1,1,1] },
														"east": { "texture": "#skin", "uv": [ 1.5, 2.0, 2.0, 2.5 ], "windMode": [-1,-1,-1,-1], "windData": [1,1,1,1] },
														"south": { "texture": "#skin", "uv": [ 1.0, 2.0, 1.5, 2.5 ], "windMode": [-1,-1,-1,-1], "windData": [1,1,1,1] },
														"west": { "texture": "#skin", "uv": [ 0.5, 2.0, 1.0, 2.5 ], "windMode": [-1,-1,-1,-1], "windData": [1,1,1,1] },
														"up": { "texture": "#skin", "uv": [ 0.5, 1.5, 1.0, 2.0 ], "rotation": 90, "windMode": [-1,-1,-1,-1], "windData": [1,1,1,1] },
														"down": { "texture": "#skin", "uv": [ 0.5, 2.5, 1.0, 3.0 ], "rotation": 90, "windMode": [-1,-1,-1,-1], "windData": [1,1,1,1] }
													}
												}
											]
										},
										{
											"name": "Jaw",
											"from": [ 1.3482, -0.55, 0.1 ],
											"to": [ 2.7482, 0.35, 1.4 ],
											"unwrapMode": 5,
											"unwrapRotation": 1,
											"autoUnwrap": false,
											"uv": [ 22.0, 19.5 ],
											"rotationOrigin": [ 2.2482, -0.05, 0.75 ],
											"rotationZ": -13.0,
											"faces": {
												"north": { "texture": "#skin", "uv": [ 16.5, 19.5, 17.0, 20.5 ], "rotation": 270 },
												"south": { "texture": "#skin", "uv": [ 20.0, 19.5, 20.5, 20.5 ], "rotation": 90 },
												"west": { "texture": "#skin", "uv": [ 19.5, 15.5, 21.0, 16.0 ], "autoUv": false, "windMode": [-1,-1,-1,-1] },
												"up": { "texture": "#skin", "uv": [ 19.0, 19.5, 20.0, 20.5 ], "rotation": 90 },
												"down": { "texture": "#skin", "uv": [ 16.5, 19.5, 17.5, 20.5 ], "rotation": 270 }
											},
											"children": [
												{
													"name": "Jaw2",
													"from": [ -1.2, 0.0, -0.01 ],
													"to": [ 0.0, 0.5, 1.31 ],
													"unwrapMode": 5,
													"unwrapRotation": 1,
													"autoUnwrap": false,
													"uv": [ 17.0, 19.5 ],
													"rotationOrigin": [ -0.1, 0.5, 0.7 ],
													"rotationZ": 12.0,
													"faces": {
														"north": { "texture": "#skin", "uv": [ 17.0, 19.5, 17.5, 20.5 ], "rotation": 270 },
														"south": { "texture": "#skin", "uv": [ 18.5, 19.5, 19.0, 20.5 ], "rotation": 90 },
														"west": { "texture": "#skin", "uv": [ 17.5, 20.5, 18.5, 21.0 ] },
														"up": { "texture": "#skin", "uv": [ 19.5, 16.5, 21.0, 17.5 ], "rotation": 90, "autoUv": false },
														"down": { "texture": "#skin", "uv": [ 19.0, 19.5, 20.0, 20.5 ], "rotation": 270 }
													}
												}
											]
										}
									]
								},
								{
									"name": "R Eye",
									"from": [ 0.19, 2.0, -0.01 ],
									"to": [ 0.69, 2.25, 0.19 ],
									"unwrapMode": 1,
									"uv": [ 5.0, 10.0 ],
									"rotationOrigin": [ 0.2, 2.0, 0.0 ],
									"rotationZ": 20.0,
									"faces": {
										"north": { "texture": "#skin", "uv": [ 5.5, 10.0, 6.0, 10.5 ] },
										"east": { "texture": "#skin", "uv": [ 5.0, 10.0, 5.5, 10.5 ], "windMode": [-1,-1,-1,-1] },
										"west": { "texture": "#skin", "uv": [ 6.0, 10.0, 6.5, 10.5 ], "windMode": [-1,-1,-1,-1] },
										"down": { "texture": "#skin", "uv": [ 5.5, 10.5, 6.0, 11.0 ], "windMode": [-1,-1,-1,-1] }
									},
									"children": [
										{
											"name": "R Eye2",
											"from": [ 0.0, 0.25, 0.0 ],
											"to": [ 0.5, 0.5, 0.2 ],
											"unwrapMode": 1,
											"uv": [ 5.0, 9.0 ],
											"rotationOrigin": [ 0.01, 0.25, 0.01 ],
											"faces": {
												"north": { "texture": "#skin", "uv": [ 5.5, 9.5, 6.0, 10.0 ] },
												"east": { "texture": "#skin", "uv": [ 5.0, 9.5, 5.5, 10.0 ], "windMode": [-1,-1,-1,-1] },
												"west": { "texture": "#skin", "uv": [ 6.0, 9.5, 6.5, 10.0 ], "windMode": [-1,-1,-1,-1], "windData": [0,0,1,1] },
												"up": { "texture": "#skin", "uv": [ 5.5, 9.0, 6.0, 9.5 ], "rotation": 180, "windMode": [-1,-1,-1,-1], "windData": [1,1,0,0] }
											}
										},
										{
											"name": "R Pupil",
											"from": [ 0.1, 0.15, -0.01 ],
											"to": [ 0.4, 0.35, 0.19 ],
											"unwrapMode": 1,
											"uv": [ 3.0, 9.5 ],
											"rotationOrigin": [ 0.11, 0.15, -0.01 ],
											"faces": {
												"north": { "texture": "#skin", "uv": [ 3.5, 10.0, 4.0, 10.5 ] },
												"east": { "texture": "#skin", "uv": [ 3.0, 10.0, 3.5, 10.5 ], "windMode": [-1,-1,-1,-1] },
												"west": { "texture": "#skin", "uv": [ 4.0, 10.0, 4.5, 10.5 ], "windMode": [-1,-1,-1,-1], "windData": [0,0,1,1] },
												"up": { "texture": "#skin", "uv": [ 3.5, 9.5, 4.0, 10.0 ], "rotation": 180, "windMode": [-1,-1,-1,-1], "windData": [1,1,0,0] },
												"down": { "texture": "#skin", "uv": [ 3.5, 10.5, 4.0, 11.0 ], "windMode": [-1,-1,-1,-1] }
											}
										}
									]
								},
								{
									"name": "L Eye",
									"from": [ 0.19, 2.0, 2.31 ],
									"to": [ 0.69, 2.25, 2.51 ],
									"unwrapMode": 3,
									"uv": [ 5.0, 10.0 ],
									"rotationOrigin": [ 0.2, 2.0, 2.3 ],
									"rotationZ": 20.0,
									"faces": {
										"east": { "texture": "#skin", "uv": [ 6.0, 10.0, 6.5, 10.5 ], "windMode": [-1,-1,-1,-1] },
										"south": { "texture": "#skin", "uv": [ 5.5, 10.0, 6.0, 10.5 ] },
										"west": { "texture": "#skin", "uv": [ 5.0, 10.0, 5.5, 10.5 ], "windMode": [-1,-1,-1,-1] },
										"down": { "texture": "#skin", "uv": [ 5.5, 10.5, 6.0, 11.0 ], "rotation": 180, "windMode": [-1,-1,-1,-1] }
									},
									"children": [
										{
											"name": "L Eye2",
											"from": [ 0.0, 0.25, 0.0 ],
											"to": [ 0.5, 0.5, 0.2 ],
											"unwrapMode": 3,
											"uv": [ 5.0, 9.0 ],
											"rotationOrigin": [ 0.01, 0.25, 0.01 ],
											"faces": {
												"east": { "texture": "#skin", "uv": [ 6.0, 9.5, 6.5, 10.0 ], "windMode": [-1,-1,-1,-1] },
												"south": { "texture": "#skin", "uv": [ 5.5, 9.5, 6.0, 10.0 ] },
												"west": { "texture": "#skin", "uv": [ 5.0, 9.5, 5.5, 10.0 ], "windMode": [-1,-1,-1,-1], "windData": [0,0,1,1] },
												"up": { "texture": "#skin", "uv": [ 5.5, 9.0, 6.0, 9.5 ], "windMode": [-1,-1,-1,-1], "windData": [1,1,0,0] }
											}
										},
										{
											"name": "L Pupil",
											"from": [ 0.1, 0.15, 0.01 ],
											"to": [ 0.4, 0.35, 0.21 ],
											"unwrapMode": 3,
											"uv": [ 3.0, 9.5 ],
											"rotationOrigin": [ 0.11, 0.15, 0.01 ],
											"faces": {
												"east": { "texture": "#skin", "uv": [ 4.0, 10.0, 4.5, 10.5 ], "windMode": [-1,-1,-1,-1] },
												"south": { "texture": "#skin", "uv": [ 3.5, 10.0, 4.0, 10.5 ] },
												"west": { "texture": "#skin", "uv": [ 3.0, 10.0, 3.5, 10.5 ], "windMode": [-1,-1,-1,-1], "windData": [0,0,1,1] },
												"up": { "texture": "#skin", "uv": [ 3.5, 9.5, 4.0, 10.0 ], "windMode": [-1,-1,-1,-1], "windData": [1,1,0,0] },
												"down": { "texture": "#skin", "uv": [ 3.5, 10.5, 4.0, 11.0 ], "rotation": 180, "windMode": [-1,-1,-1,-1] }
											}
										}
									]
								},
								{
									"name": "R Ear",
									"from": [ 1.3, 2.5, -1.1 ],
									"to": [ 1.6, 3.5, 0.4 ],
									"unwrapMode": 4,
									"unwrapRotation": 1,
									"uv": [ 20.0, 1.5 ],
									"rotationOrigin": [ 1.5, 3.0, 0.4 ],
									"rotationX": 45.0,
									"rotationZ": 22.0,
									"faces": {
										"north": { "texture": "#skin", "uv": [ 20.5, 3.0, 21.5, 3.5 ], "rotation": 90 },
										"east": { "texture": "#skin", "uv": [ 22.0, 1.5, 23.0, 3.0 ], "rotation": 270 },
										"west": { "texture": "#skin", "uv": [ 20.5, 1.5, 21.5, 3.0 ], "rotation": 90 },
										"up": { "texture": "#skin", "uv": [ 20.0, 1.5, 20.5, 3.0 ], "rotation": 180 },
										"down": { "texture": "#skin", "uv": [ 21.5, 1.5, 22.0, 3.0 ], "rotation": 180 }
									},
									"children": [
										{
											"name": "R Ear2",
											"from": [ 0.0, 0.3, -1.5 ],
											"to": [ 0.3, 1.0, 0.0 ],
											"unwrapMode": 4,
											"unwrapRotation": 1,
											"uv": [ 20.0, 2.5 ],
											"rotationOrigin": [ 0.2, 1.0, 0.0 ],
											"rotationX": -2.0,
											"rotationZ": -2.0,
											"faces": {
												"north": { "texture": "#skin", "uv": [ 20.5, 4.0, 21.0, 4.5 ], "rotation": 90 },
												"east": { "texture": "#skin", "uv": [ 21.5, 2.5, 22.0, 4.0 ], "rotation": 270 },
												"west": { "texture": "#skin", "uv": [ 20.5, 2.5, 21.0, 4.0 ], "rotation": 90 },
												"up": { "texture": "#skin", "uv": [ 20.0, 2.5, 20.5, 4.0 ], "rotation": 180 },
												"down": { "texture": "#skin", "uv": [ 21.0, 2.5, 21.5, 4.0 ], "rotation": 180 }
											}
										},
										{
											"name": "R Ear3",
											"from": [ 0.0, 0.0, 0.0 ],
											"to": [ 0.3, 1.0, 1.0 ],
											"unwrapMode": 4,
											"unwrapRotation": 1,
											"uv": [ 20.0, 1.5 ],
											"rotationOrigin": [ 0.2, 0.0, 1.0 ],
											"rotationX": -20.0,
											"rotationZ": -2.0,
											"faces": {
												"north": { "texture": "#skin", "uv": [ 20.5, 2.5, 21.5, 3.0 ], "rotation": 90 },
												"east": { "texture": "#skin", "uv": [ 22.0, 1.5, 23.0, 2.5 ], "rotation": 270 },
												"west": { "texture": "#skin", "uv": [ 20.5, 1.5, 21.5, 2.5 ], "rotation": 90 },
												"up": { "texture": "#skin", "uv": [ 20.0, 1.5, 20.5, 2.5 ], "rotation": 180 },
												"down": { "texture": "#skin", "uv": [ 21.5, 1.5, 22.0, 2.5 ], "rotation": 180 }
											},
											"children": [
												{
													"name": "R Ear4",
													"from": [ 0.0, 0.0, -1.6 ],
													"to": [ 0.3, 0.7, 0.0 ],
													"unwrapMode": 4,
													"unwrapRotation": 1,
													"uv": [ 20.5, 2.5 ],
													"rotationOrigin": [ 0.0, 0.0, 0.0 ],
													"rotationX": 42.0,
													"rotationZ": -2.0,
													"faces": {
														"north": { "texture": "#skin", "uv": [ 21.0, 4.0, 21.5, 4.5 ], "rotation": 90 },
														"east": { "texture": "#skin", "uv": [ 22.0, 2.5, 22.5, 4.0 ], "rotation": 270 },
														"west": { "texture": "#skin", "uv": [ 21.0, 2.5, 21.5, 4.0 ], "rotation": 90 },
														"up": { "texture": "#skin", "uv": [ 20.5, 2.5, 21.0, 4.0 ], "rotation": 180 },
														"down": { "texture": "#skin", "uv": [ 21.5, 2.5, 22.0, 4.0 ], "rotation": 180 }
													}
												}
											]
										}
									]
								},
								{
									"name": "L Ear",
									"from": [ 1.3, 2.5, 2.1 ],
									"to": [ 1.6, 3.5, 3.6 ],
									"unwrapMode": 4,
									"unwrapRotation": 1,
									"uv": [ 23.5, 2.0 ],
									"rotationOrigin": [ 1.5, 3.0, 2.1 ],
									"rotationX": -45.0,
									"rotationZ": 22.0,
									"faces": {
										"east": { "texture": "#skin", "uv": [ 25.5, 2.5, 26.5, 4.0 ], "rotation": 270 },
										"south": { "texture": "#skin", "uv": [ 24.0, 2.0, 25.0, 2.5 ], "rotation": 90 },
										"west": { "texture": "#skin", "uv": [ 24.0, 2.5, 25.0, 4.0 ], "rotation": 90 },
										"up": { "texture": "#skin", "uv": [ 23.5, 2.5, 24.0, 4.0 ], "rotation": 180 },
										"down": { "texture": "#skin", "uv": [ 25.0, 2.5, 25.5, 4.0 ], "rotation": 180 }
									},
									"children": [
										{
											"name": "L Ear2",
											"from": [ 0.0, 0.3, 1.5 ],
											"to": [ 0.3, 1.0, 3.0 ],
											"unwrapMode": 4,
											"unwrapRotation": 1,
											"uv": [ 23.5, 1.0 ],
											"rotationOrigin": [ 0.0, 1.0, 1.5 ],
											"rotationX": 2.0,
											"rotationZ": 2.0,
											"faces": {
												"east": { "texture": "#skin", "uv": [ 25.0, 1.5, 25.5, 3.0 ], "rotation": 270 },
												"south": { "texture": "#skin", "uv": [ 24.0, 1.0, 24.5, 1.5 ], "rotation": 90 },
												"west": { "texture": "#skin", "uv": [ 24.0, 1.5, 24.5, 3.0 ], "rotation": 90 },
												"up": { "texture": "#skin", "uv": [ 23.5, 1.5, 24.0, 3.0 ], "rotation": 180 },
												"down": { "texture": "#skin", "uv": [ 24.5, 1.5, 25.0, 3.0 ], "rotation": 180 }
											}
										},
										{
											"name": "L Ear3",
											"from": [ 0.0, 0.0, 0.5 ],
											"to": [ 0.3, 1.0, 1.5 ],
											"unwrapMode": 4,
											"unwrapRotation": 1,
											"uv": [ 23.5, 2.5 ],
											"rotationOrigin": [ 0.0, 0.0, 0.5 ],
											"rotationX": 20.0,
											"rotationZ": -2.0,
											"faces": {
												"east": { "texture": "#skin", "uv": [ 25.5, 3.0, 26.5, 4.0 ], "rotation": 270 },
												"south": { "texture": "#skin", "uv": [ 24.0, 2.5, 25.0, 3.0 ], "rotation": 90 },
												"west": { "texture": "#skin", "uv": [ 24.0, 3.0, 25.0, 4.0 ], "rotation": 90 },
												"up": { "texture": "#skin", "uv": [ 23.5, 3.0, 24.0, 4.0 ], "rotation": 180 },
												"down": { "texture": "#skin", "uv": [ 25.0, 3.0, 25.5, 4.0 ], "rotation": 180 }
											},
											"children": [
												{
													"name": "L Ear4",
													"from": [ 0.0, 0.0, 1.0 ],
													"to": [ 0.3, 0.7, 2.6 ],
													"unwrapMode": 4,
													"unwrapRotation": 1,
													"uv": [ 24.0, 1.0 ],
													"rotationOrigin": [ 0.0, 0.0, 1.0 ],
													"rotationX": -42.0,
													"rotationZ": -2.0,
													"faces": {
														"east": { "texture": "#skin", "uv": [ 25.5, 1.5, 26.0, 3.0 ], "rotation": 270 },
														"south": { "texture": "#skin", "uv": [ 24.5, 1.0, 25.0, 1.5 ], "rotation": 90 },
														"west": { "texture": "#skin", "uv": [ 24.5, 1.5, 25.0, 3.0 ], "rotation": 90 },
														"up": { "texture": "#skin", "uv": [ 24.0, 1.5, 24.5, 3.0 ], "rotation": 180 },
														"down": { "texture": "#skin", "uv": [ 25.0, 1.5, 25.5, 3.0 ], "rotation": 180 }
													}
												}
											]
										}
									]
								}
							]
						}
					]
				}
			]
		}
	]}