{
	"editor": {
		"allAngles": false,
		"entityTextureMode": false
	},
	"textureWidth": 16,
	"textureHeight": 16,
	"textureSizes": {
	},
	"textures": {
		"wood": "textures/item/tool/material/ebony"
	},
	"elements": [
		{
			"name": "wood",
			"from": [ 2.0, 0.0, 4.0 ],
			"to": [ 14.0, 1.0, 12.0 ],
			"rotationOrigin": [ 9.0, 0.0, 11.0 ],
			"faces": {
				"north": { "texture": "#wood", "uv": [ 1.0, 0.0, 13.0, 1.0 ], "rotation": 180 },
				"east": { "texture": "#wood", "uv": [ 15.0, 1.0, 16.0, 9.0 ], "rotation": 90 },
				"south": { "texture": "#wood", "uv": [ 1.0, 15.0, 13.0, 16.0 ] },
				"west": { "texture": "#wood", "uv": [ 0.0, 0.5, 1.0, 8.5 ], "rotation": 270 },
				"up": { "texture": "#wood", "uv": [ 1.0, 1.0, 13.0, 9.0 ] },
				"down": { "texture": "#wood", "uv": [ 1.0, 1.0, 13.0, 9.0 ] }
			},
			"children": [
				{
					"name": "Cube14",
					"from": [ 1.0, 1.0, 5.0 ],
					"to": [ 2.0, 4.0, 5.5 ],
					"rotationOrigin": [ 1.0, 1.0, 5.0 ],
					"faces": {
						"north": { "texture": "#wood", "uv": [ 4.5, 4.0, 5.5, 7.0 ] },
						"east": { "texture": "#wood", "uv": [ 7.0, 9.0, 7.5, 12.0 ] },
						"south": { "texture": "#wood", "uv": [ 1.0, 7.0, 2.0, 10.0 ] },
						"west": { "texture": "#wood", "uv": [ 8.5, 1.0, 9.0, 4.0 ] },
						"up": { "texture": "#wood", "uv": [ 0.0, 0.0, 1.0, 0.5 ] },
						"down": { "texture": "#wood", "uv": [ 0.0, 0.0, 1.0, 0.5 ] }
					},
					"children": [
						{
							"name": "Cube15",
							"from": [ 2.0, 0.0, 0.0 ],
							"to": [ 3.0, 3.0, 0.5 ],
							"rotationOrigin": [ 2.0, 0.0, 0.0 ],
							"faces": {
								"north": { "texture": "#wood", "uv": [ 7.0, 6.5, 8.0, 9.5 ] },
								"east": { "texture": "#wood", "uv": [ 3.5, 5.0, 4.0, 8.0 ] },
								"south": { "texture": "#wood", "uv": [ 3.0, 3.5, 4.0, 6.5 ] },
								"west": { "texture": "#wood", "uv": [ 8.0, 9.5, 8.5, 12.5 ] },
								"up": { "texture": "#wood", "uv": [ 0.0, 0.0, 1.0, 0.5 ] },
								"down": { "texture": "#wood", "uv": [ 0.0, 0.0, 1.0, 0.5 ] }
							}
						},
						{
							"name": "Cube16",
							"from": [ 1.0, 0.0, 2.0 ],
							"to": [ 2.0, 1.0, 2.5 ],
							"rotationOrigin": [ 1.0, 0.0, 2.0 ],
							"faces": {
								"north": { "texture": "#wood", "uv": [ 3.0, 2.0, 4.0, 3.0 ] },
								"east": { "texture": "#wood", "uv": [ 0.0, 0.0, 0.5, 1.0 ] },
								"south": { "texture": "#wood", "uv": [ 2.5, 2.5, 3.5, 3.5 ] },
								"west": { "texture": "#wood", "uv": [ 0.0, 0.0, 0.5, 1.0 ] },
								"up": { "texture": "#wood", "uv": [ 0.0, 0.0, 1.0, 0.5 ] },
								"down": { "texture": "#wood", "uv": [ 0.0, 0.0, 1.0, 0.5 ] }
							}
						}
					]
				},
				{
					"name": "Cube11",
					"from": [ 8.0, 1.0, 5.0 ],
					"to": [ 9.0, 4.0, 5.5 ],
					"rotationOrigin": [ 8.0, 1.0, 5.0 ],
					"faces": {
						"north": { "texture": "#wood", "uv": [ 5.5, 5.5, 6.5, 8.5 ] },
						"east": { "texture": "#wood", "uv": [ 3.5, 2.0, 4.0, 5.0 ] },
						"south": { "texture": "#wood", "uv": [ 6.5, 5.5, 7.5, 8.5 ] },
						"west": { "texture": "#wood", "uv": [ 7.0, 6.0, 7.5, 9.0 ] },
						"up": { "texture": "#wood", "uv": [ 0.0, 0.0, 1.0, 0.5 ] },
						"down": { "texture": "#wood", "uv": [ 0.0, 0.0, 1.0, 0.5 ] }
					},
					"children": [
						{
							"name": "Cube12",
							"from": [ 2.0, 0.0, 0.0 ],
							"to": [ 3.0, 3.0, 0.5 ],
							"rotationOrigin": [ 2.0, 0.0, 0.0 ],
							"faces": {
								"north": { "texture": "#wood", "uv": [ 8.0, 3.0, 9.0, 6.0 ] },
								"east": { "texture": "#wood", "uv": [ 3.5, 2.5, 4.0, 5.5 ] },
								"south": { "texture": "#wood", "uv": [ 9.0, 6.0, 10.0, 9.0 ] },
								"west": { "texture": "#wood", "uv": [ 4.5, 5.0, 5.0, 8.0 ] },
								"up": { "texture": "#wood", "uv": [ 0.0, 0.0, 1.0, 0.5 ] },
								"down": { "texture": "#wood", "uv": [ 0.0, 0.0, 1.0, 0.5 ] }
							}
						},
						{
							"name": "Cube13",
							"from": [ 1.0, 0.0, 2.0 ],
							"to": [ 2.0, 1.0, 2.5 ],
							"rotationOrigin": [ 1.0, 0.0, 2.0 ],
							"faces": {
								"north": { "texture": "#wood", "uv": [ 3.5, 1.5, 4.5, 2.5 ] },
								"east": { "texture": "#wood", "uv": [ 0.0, 0.0, 0.5, 1.0 ] },
								"south": { "texture": "#wood", "uv": [ 8.5, 3.0, 9.5, 4.0 ] },
								"west": { "texture": "#wood", "uv": [ 0.0, 0.0, 0.5, 1.0 ] },
								"up": { "texture": "#wood", "uv": [ 0.0, 0.0, 1.0, 0.5 ] },
								"down": { "texture": "#wood", "uv": [ 0.0, 0.0, 1.0, 0.5 ] }
							}
						}
					]
				},
				{
					"name": "Cube2",
					"from": [ 3.0, 3.0, 1.0 ],
					"to": [ 9.0, 4.0, 4.0 ],
					"rotationOrigin": [ 3.0, 3.0, 1.0 ],
					"faces": {
						"north": { "texture": "#wood", "uv": [ 0.0, 0.0, 6.0, 1.0 ] },
						"east": { "texture": "#wood", "uv": [ 0.0, 0.0, 3.0, 1.0 ] },
						"south": { "texture": "#wood", "uv": [ 0.0, 0.0, 6.0, 1.0 ] },
						"west": { "texture": "#wood", "uv": [ 0.0, 0.0, 3.0, 1.0 ] },
						"up": { "texture": "#wood", "uv": [ 0.0, 0.0, 6.0, 3.0 ] },
						"down": { "texture": "#wood", "uv": [ 0.0, 0.0, 6.0, 3.0 ] }
					},
					"children": [
						{
							"name": "Cube3",
							"from": [ 0.0, -2.0, 0.0 ],
							"to": [ 1.0, 0.0, 2.0 ],
							"rotationOrigin": [ 0.0, -2.0, 0.0 ],
							"faces": {
								"north": { "texture": "#wood", "uv": [ 0.0, 0.0, 1.0, 2.0 ] },
								"east": { "texture": "#wood", "uv": [ 0.0, 0.0, 2.0, 2.0 ] },
								"south": { "texture": "#wood", "uv": [ 0.0, 0.0, 1.0, 2.0 ] },
								"west": { "texture": "#wood", "uv": [ 0.0, 0.0, 2.0, 2.0 ] }
							}
						},
						{
							"name": "Cube4",
							"from": [ 5.0, -2.0, 0.0 ],
							"to": [ 6.0, 0.0, 2.0 ],
							"rotationOrigin": [ 5.0, -2.0, 0.0 ],
							"faces": {
								"north": { "texture": "#wood", "uv": [ 0.0, 0.0, 1.0, 2.0 ] },
								"east": { "texture": "#wood", "uv": [ 0.0, 0.0, 2.0, 2.0 ] },
								"south": { "texture": "#wood", "uv": [ 0.0, 0.0, 1.0, 2.0 ] },
								"west": { "texture": "#wood", "uv": [ 0.0, 0.0, 2.0, 2.0 ] }
							}
						},
						{
							"name": "Cube5",
							"from": [ 1.5, 1.0, 0.0 ],
							"to": [ 2.5, 4.0, 0.5 ],
							"rotationOrigin": [ 1.5, 1.0, 0.0 ],
							"faces": {
								"north": { "texture": "#wood", "uv": [ 4.5, 1.5, 5.5, 4.5 ] },
								"east": { "texture": "#wood", "uv": [ 6.0, 1.0, 6.5, 4.0 ] },
								"south": { "texture": "#wood", "uv": [ 6.5, 3.5, 7.5, 6.5 ] },
								"west": { "texture": "#wood", "uv": [ 5.0, 2.0, 5.5, 5.0 ] },
								"up": { "texture": "#wood", "uv": [ 0.0, 0.0, 1.0, 0.5 ] },
								"down": { "texture": "#wood", "uv": [ 0.0, 0.0, 1.0, 0.5 ] }
							},
							"children": [
								{
									"name": "Cube6",
									"from": [ 2.0, 0.0, 0.0 ],
									"to": [ 3.0, 3.0, 0.5 ],
									"rotationOrigin": [ 2.0, 0.0, 0.0 ],
									"faces": {
										"north": { "texture": "#wood", "uv": [ 8.0, 11.0, 9.0, 14.0 ] },
										"east": { "texture": "#wood", "uv": [ 1.5, 9.0, 2.0, 12.0 ] },
										"south": { "texture": "#wood", "uv": [ 0.5, 0.5, 1.5, 3.5 ] },
										"west": { "texture": "#wood", "uv": [ 9.5, 8.0, 10.0, 11.0 ] },
										"up": { "texture": "#wood", "uv": [ 0.0, 0.0, 1.0, 0.5 ] },
										"down": { "texture": "#wood", "uv": [ 0.0, 0.0, 1.0, 0.5 ] }
									}
								},
								{
									"name": "Cube10",
									"from": [ 1.0, 0.0, 2.0 ],
									"to": [ 2.0, 1.0, 2.5 ],
									"rotationOrigin": [ 1.0, 0.0, 2.0 ],
									"faces": {
										"north": { "texture": "#wood", "uv": [ 0.0, 0.0, 1.0, 1.0 ] },
										"east": { "texture": "#wood", "uv": [ 0.0, 0.0, 0.5, 1.0 ] },
										"south": { "texture": "#wood", "uv": [ 3.5, 2.5, 4.5, 3.5 ] },
										"west": { "texture": "#wood", "uv": [ 0.0, 0.0, 0.5, 1.0 ] },
										"up": { "texture": "#wood", "uv": [ 0.0, 0.0, 1.0, 0.5 ] },
										"down": { "texture": "#wood", "uv": [ 0.0, 0.0, 1.0, 0.5 ] }
									}
								}
							]
						}
					]
				}
			]
		}
	]}