 [
{
  "ingredientPattern": "DB_,FEF,IGI",
  "recipeGroup": 1,
  "ingredients": {
    "B": {
      "type": "item",
      "code": "fa-varangian-schematic",
      "returnedStack": { "type": "item", "code": "fa-varangian-schematic" }
    },
    "D": {
      "type": "item",
      "code": "game:metalplate-*",
      "name": "metal",
      "allowedVariants": ["iron", "meteoriciron"],
      "quantity": 2
    },
    "E": {
      "type": "item",
      "code": "game:armor-body-scale-*",
      "name": "metal",
      "allowedVariants": ["iron", "meteoriciron"]
    },
    "F": {
      "type": "item",
      "code": "game:metalnailsandstrips-*",
      "name": "metal",
      "allowedVariants": ["iron", "meteoriciron"],
      "quantity": 6
    },
    "G": {
      "type": "item",
      "code": "game:hammer-*",
      "isTool": true,
      "toolDurabilityCost": 100
    },
    "I": {
      "type": "item",
      "code": "game:leather-normal-plain",
      "quantity": 6
    }
  },
  "width": 3,
  "height": 3,
  "name": "varangian {metal} body",
  "output": {
    "type": "item",
    "code": "fa-varangian-body-light-body1-{metal}-none"
  }
},
{
  "ingredientPattern": "DB_,FEF,IGI",
  "recipeGroup": 1,
  "ingredients": {
    "B": {
      "type": "item",
      "code": "fa-varangian-schematic",
      "returnedStack": { "type": "item", "code": "fa-varangian-schematic" }
    },
    "D": {
      "type": "item",
      "code": "game:metalplate-steel",
      "quantity": 2
    },
    "E": {
      "type": "item",
      "code": "game:armor-body-scale-steel"
    },
    "F": {
      "type": "item",
      "code": "game:metalnailsandstrips-steel",
      "quantity": 6
    },
    "G": {
      "type": "item",
      "code": "game:hammer-*",
      "isTool": true,
      "toolDurabilityCost": 100
    },
    "I": {
      "type": "item",
      "code": "game:leather-sturdy-plain",
      "quantity": 6
    }
  },
  "width": 3,
  "height": 3,
  "name": "varangian steel body",
  "output": {
    "type": "item",
    "code": "fa-varangian-body-light-body1-steel-none"
  }
},

 {
    "ingredientPattern": "_I_,DBD,FGF",
    "recipeGroup": 1,
    "ingredients": {
      "B": {
        "type": "item",
        "code": "fa-varangian-body-light-body1-*-none",
        "name": "metal",
        "allowedVariants": ["steel", "meteoriciron", "iron"],
        "quantity": 1
      },
      "D": {
        "type": "item",
        "code": "game:cloth-*",
        "name": "color",
        "allowedVariants": [
          "plain",
          "blue",
          "red",
          "yellow",
          "green",
          "purple",
          "pink",
          "orange",
          "brown",
          "gray",
          "black",
          "white"
        ],
        "quantity": 6
      },
      "F": {
        "type": "item",
        "code": "game:metalnailsandstrips-*",
        "name": "metal",
        "allowedVariants": ["steel", "meteoriciron", "iron"]
      },
      "G": {
        "type": "item",
        "code": "game:hammer-*",
        "isTool": true,
        "toolDurabilityCost": 100
      },
      "I": {
        "type": "item",
        "code": "game:shears-*",
        "isTool": true,
        "toolDurabilityCost": 100
      }
    },
    "width": 3,
    "height": 3,
    "name": " ",
    "output": {
      "type": "item",
      "code": "fa-varangian-body-light-body1-{metal}-{color}"
    }
  }
 ]