{
  "ingredientPattern": "BTY,KSK,POP",
  "width": 3,
  "height": 3,
  "ingredients": {
    "B": {
      "type": "item",
      "code": "schematic-woodwind"
    },
    "T": {
      "type": "item",
      "code": "game:knife-*",
      "isTool": true,
      "toolDurabilityCost": 24
    },
    "J": {
      "type": "item",
      "code": "game:knife-*",
      "isTool": true,
      "toolDurabilityCost": 32
    },
    "K": {
      "type": "item",
      "code": "pianokeys",
      "quantity": 8
    },
    "P": {
      "type": "item",
      "code": "game:planks-*",
      "quantity": 1
    },
    "S": {
      "type": "item",
      "code": "instrumentreed-brass",
      "quantity": 32
    },
    "O": {
      "type": "item",
      "code": "game:jonasframes-oscillator01"
    },
    "Y": {
      "type": "item",
      "code": "game:jonasparts-tank01"
    }
  },
  "output": {
    "type": "item",
    "code": "rockorgan"
  }
}