{
	"editor": {
		"backDropShape": "seraph-faceless",
		"allAngles": false,
		"entityTextureMode": true
	},
	"textureWidth": 16,
	"textureHeight": 16,
	"textureSizes": {
		"pendants2": [16,16],
		"heart": [8,8]
	},
	"textures": {
		"heart": "entity/humanoid/seraphclothes/emblem/heart-emblem"
	},
	"elements": [
		{
			"name": "origin",
			"stepParentName": "UpperTorso",
			"from": [ 2.8, 5.6, 3.5 ],
			"to": [ 2.8, 5.6, 3.5 ],
			"uv": [ 999.0, 999.0 ],
			"rotationOrigin": [ 1.8, 1.0, 4.7 ],
			"rotationX": 22.5,
			"faces": {
				"north": { "texture": "#heart", "uv": [ 999.0, 999.0, 999.5, 999.5 ] },
				"east": { "texture": "#heart", "uv": [ 0.0, 0.0, 0.5, 0.5 ], "enabled": false },
				"south": { "texture": "#heart", "uv": [ 0.0, 0.0, 0.5, 0.5 ], "enabled": false },
				"west": { "texture": "#heart", "uv": [ 0.0, 0.0, 0.5, 0.5 ], "enabled": false },
				"up": { "texture": "#heart", "uv": [ 0.0, 0.0, 0.5, 0.5 ], "enabled": false },
				"down": { "texture": "#heart", "uv": [ 0.0, 0.0, 0.5, 0.5 ], "enabled": false }
			},
			"children": [
				{
					"name": "Middle",
					"from": [ -3.0, -5.0, 1.1 ],
					"to": [ -2.7, -2.0, 1.4 ],
					"autoUnwrap": false,
					"uv": [ 0.0, 2.0 ],
					"rotationOrigin": [ -3.0, -5.0, 1.0 ],
					"rotationX": -22.5,
					"faces": {
						"north": { "texture": "#heart", "uv": [ 4.0, 7.0, 3.5, 7.5 ], "autoUv": false, "windMode": [-1,-1,-1,-1], "windData": [1,1,1,1] },
						"east": { "texture": "#heart", "uv": [ 0.5, 6.5, 1.0, 9.5 ], "windMode": [-1,-1,-1,-1], "windData": [1,1,1,1], "enabled": false },
						"south": { "texture": "#heart", "uv": [ 4.0, 4.5, 3.5, 7.5 ], "autoUv": false, "windMode": [-1,-1,-1,-1], "windData": [1,1,1,1], "enabled": false },
						"west": { "texture": "#heart", "uv": [ 3.5, 1.5, 4.0, 7.5 ], "autoUv": false, "windMode": [-1,-1,-1,-1], "windData": [1,1,1,1] },
						"up": { "texture": "#heart", "uv": [ 3.5, 1.5, 4.0, 2.0 ] },
						"down": { "texture": "#heart", "uv": [ 3.5, 7.0, 4.0, 7.5 ] }
					}
				},
				{
					"name": "Middle2",
					"from": [ -3.0, -4.7, 1.3 ],
					"to": [ -2.7, -1.2, 1.9 ],
					"autoUnwrap": false,
					"uv": [ 0.0, 2.0 ],
					"rotationOrigin": [ -3.0, -4.6, 1.7 ],
					"rotationX": -22.5,
					"faces": {
						"north": { "texture": "#heart", "uv": [ 4.0, 0.5, 4.5, 2.0 ], "autoUv": false, "windMode": [-1,-1,-1,-1], "windData": [1,1,1,1] },
						"east": { "texture": "#heart", "uv": [ 0.5, 6.5, 1.0, 10.0 ], "windMode": [-1,-1,-1,-1], "windData": [1,1,1,1], "enabled": false },
						"south": { "texture": "#heart", "uv": [ 4.5, 0.5, 5.0, 7.5 ], "autoUv": false, "windMode": [-1,-1,-1,-1], "windData": [1,1,1,1] },
						"west": { "texture": "#heart", "uv": [ 4.0, 0.5, 5.0, 7.5 ], "autoUv": false, "windMode": [-1,-1,-1,-1], "windData": [1,1,1,1] },
						"up": { "texture": "#heart", "uv": [ 4.0, 0.5, 5.0, 1.0 ], "autoUv": false, "windMode": [-1,-1,-1,-1], "windData": [1,1,1,1] },
						"down": { "texture": "#heart", "uv": [ 4.0, 7.0, 5.0, 7.5 ], "autoUv": false, "windMode": [-1,-1,-1,-1], "windData": [1,1,1,1] }
					}
				},
				{
					"name": "Tipright",
					"from": [ -3.0, -2.0, 0.4 ],
					"to": [ -2.7, -1.5, 0.7 ],
					"autoUnwrap": false,
					"uv": [ 0.0, 2.0 ],
					"rotationOrigin": [ -3.0, -1.1, 0.2 ],
					"rotationX": -22.5,
					"faces": {
						"north": { "texture": "#heart", "uv": [ 1.0, 6.5, 1.5, 7.0 ], "windMode": [-1,-1,-1,-1], "windData": [1,1,1,1], "enabled": false },
						"east": { "texture": "#heart", "uv": [ 2.5, 8.0, 3.0, 8.5 ], "windMode": [-1,-1,-1,-1], "windData": [1,1,1,1], "enabled": false },
						"south": { "texture": "#heart", "uv": [ 5.0, 0.5, 5.5, 1.5 ], "autoUv": false, "windMode": [-1,-1,-1,-1], "windData": [1,1,1,1] },
						"west": { "texture": "#heart", "uv": [ 5.0, 0.5, 5.5, 1.5 ], "autoUv": false, "windMode": [-1,-1,-1,-1], "windData": [1,1,1,1] },
						"up": { "texture": "#heart", "uv": [ 5.0, 0.5, 5.5, 1.0 ], "autoUv": false, "windMode": [-1,-1,-1,-1], "windData": [1,1,1,1] },
						"down": { "texture": "#heart", "uv": [ 4.5, 1.0, 5.0, 1.5 ], "autoUv": false, "windMode": [-1,-1,-1,-1], "windData": [1,1,1,1] }
					}
				},
				{
					"name": "Right1",
					"from": [ -3.0, -4.1, 1.6 ],
					"to": [ -2.7, -1.6, 1.9 ],
					"autoUnwrap": false,
					"uv": [ 0.0, 2.0 ],
					"rotationOrigin": [ -3.0, -3.7, 2.4 ],
					"rotationX": -22.5,
					"faces": {
						"north": { "texture": "#heart", "uv": [ 1.0, 6.5, 1.5, 9.0 ], "windMode": [-1,-1,-1,-1], "windData": [1,1,1,1], "enabled": false },
						"east": { "texture": "#heart", "uv": [ 0.5, 6.5, 1.0, 9.0 ], "windMode": [-1,-1,-1,-1], "windData": [1,1,1,1], "enabled": false },
						"south": { "texture": "#heart", "uv": [ 5.0, 2.0, 5.5, 7.0 ], "autoUv": false, "windMode": [-1,-1,-1,-1], "windData": [1,1,1,1] },
						"west": { "texture": "#heart", "uv": [ 5.0, 2.0, 5.5, 7.0 ], "autoUv": false, "windMode": [-1,-1,-1,-1], "windData": [1,1,1,1] },
						"up": { "texture": "#heart", "uv": [ 5.0, 2.0, 5.5, 2.5 ], "autoUv": false, "windMode": [-1,-1,-1,-1], "windData": [1,1,1,1] },
						"down": { "texture": "#heart", "uv": [ 5.0, 6.5, 5.5, 7.0 ], "autoUv": false, "windMode": [-1,-1,-1,-1], "windData": [1,1,1,1] }
					}
				},
				{
					"name": "Right2",
					"from": [ -3.0, -4.0, 1.1 ],
					"to": [ -2.7, -2.0, 1.4 ],
					"autoUnwrap": false,
					"uv": [ 0.0, 2.0 ],
					"rotationOrigin": [ -3.0, -1.8, 1.6 ],
					"rotationX": -22.5,
					"faces": {
						"north": { "texture": "#heart", "uv": [ 1.0, 6.5, 1.5, 8.5 ], "windMode": [-1,-1,-1,-1], "windData": [1,1,1,1], "enabled": false },
						"east": { "texture": "#heart", "uv": [ 0.5, 6.5, 1.0, 8.5 ], "windMode": [-1,-1,-1,-1], "windData": [1,1,1,1], "enabled": false },
						"south": { "texture": "#heart", "uv": [ 5.5, 2.5, 6.0, 6.5 ], "autoUv": false, "windMode": [-1,-1,-1,-1], "windData": [1,1,1,1] },
						"west": { "texture": "#heart", "uv": [ 6.0, 2.5, 5.5, 6.5 ], "autoUv": false, "windMode": [-1,-1,-1,-1], "windData": [1,1,1,1] },
						"up": { "texture": "#heart", "uv": [ 5.5, 2.5, 6.0, 3.0 ], "autoUv": false, "windMode": [-1,-1,-1,-1], "windData": [1,1,1,1] },
						"down": { "texture": "#heart", "uv": [ 5.5, 6.0, 6.0, 6.5 ], "autoUv": false, "windMode": [-1,-1,-1,-1], "windData": [1,1,1,1] }
					}
				},
				{
					"name": "Right3",
					"from": [ -3.0, -2.5, 1.6 ],
					"to": [ -2.7, -1.8, 1.9 ],
					"autoUnwrap": false,
					"uv": [ 0.0, 2.0 ],
					"rotationOrigin": [ -3.0, -2.3, 2.2 ],
					"rotationX": -22.5,
					"faces": {
						"north": { "texture": "#heart", "uv": [ 1.0, 6.5, 1.5, 7.0 ], "windMode": [-1,-1,-1,-1], "windData": [1,1,1,1], "enabled": false },
						"east": { "texture": "#heart", "uv": [ 0.5, 6.5, 1.0, 7.0 ], "windMode": [-1,-1,-1,-1], "windData": [1,1,1,1], "enabled": false },
						"south": { "texture": "#heart", "uv": [ 6.0, 2.5, 6.5, 4.0 ], "autoUv": false, "windMode": [-1,-1,-1,-1], "windData": [1,1,1,1] },
						"west": { "texture": "#heart", "uv": [ 6.5, 2.5, 6.0, 4.0 ], "autoUv": false, "windMode": [-1,-1,-1,-1], "windData": [1,1,1,1] },
						"up": { "texture": "#heart", "uv": [ 6.0, 2.5, 6.5, 3.0 ], "autoUv": false, "windMode": [-1,-1,-1,-1], "windData": [1,1,1,1] },
						"down": { "texture": "#heart", "uv": [ 6.0, 3.5, 6.5, 4.0 ], "autoUv": false, "windMode": [-1,-1,-1,-1], "windData": [1,1,1,1] }
					}
				},
				{
					"name": "Left1",
					"from": [ -3.0, -4.8, 0.7 ],
					"to": [ -2.7, -1.8, 1.0 ],
					"autoUnwrap": false,
					"uv": [ 0.0, 2.0 ],
					"rotationOrigin": [ -3.0, -4.7, 0.8 ],
					"rotationX": -22.5,
					"faces": {
						"north": { "texture": "#heart", "uv": [ 3.0, 6.5, 3.5, 7.0 ], "autoUv": false, "windMode": [-1,-1,-1,-1], "windData": [1,1,1,1] },
						"east": { "texture": "#heart", "uv": [ 0.5, 6.5, 1.0, 9.5 ], "windMode": [-1,-1,-1,-1], "windData": [1,1,1,1], "enabled": false },
						"south": { "texture": "#heart", "uv": [ 3.0, 1.0, 3.5, 1.5 ], "autoUv": false, "windMode": [-1,-1,-1,-1], "windData": [1,1,1,1] },
						"west": { "texture": "#heart", "uv": [ 3.0, 1.0, 3.5, 7.0 ], "autoUv": false, "windMode": [-1,-1,-1,-1], "windData": [1,1,1,1] },
						"up": { "texture": "#heart", "uv": [ 3.5, 1.0, 3.0, 1.5 ], "autoUv": false, "windMode": [-1,-1,-1,-1], "windData": [1,1,1,1] },
						"down": { "texture": "#heart", "uv": [ 3.0, 6.5, 3.5, 7.0 ], "autoUv": false, "windMode": [-1,-1,-1,-1], "windData": [1,1,1,1] }
					}
				},
				{
					"name": "Left2",
					"from": [ -3.0, -4.9, 0.4 ],
					"to": [ -2.7, -1.9, 0.7 ],
					"autoUnwrap": false,
					"uv": [ 0.0, 2.0 ],
					"rotationOrigin": [ -3.0, -4.8, -0.1 ],
					"rotationX": -22.5,
					"faces": {
						"north": { "texture": "#heart", "uv": [ 2.5, 0.5, 3.0, 6.5 ], "autoUv": false, "windMode": [-1,-1,-1,-1], "windData": [1,1,1,1] },
						"east": { "texture": "#heart", "uv": [ 0.5, 6.5, 1.0, 9.5 ], "windMode": [-1,-1,-1,-1], "windData": [1,1,1,1], "enabled": false },
						"south": { "texture": "#heart", "uv": [ 2.5, 1.0, 3.0, 0.5 ], "autoUv": false, "windMode": [-1,-1,-1,-1], "windData": [1,1,1,1] },
						"west": { "texture": "#heart", "uv": [ 2.5, 0.5, 3.0, 6.5 ], "autoUv": false, "windMode": [-1,-1,-1,-1], "windData": [1,1,1,1] },
						"up": { "texture": "#heart", "uv": [ 3.0, 0.5, 2.5, 1.0 ], "autoUv": false, "windMode": [-1,-1,-1,-1], "windData": [1,1,1,1] },
						"down": { "texture": "#heart", "uv": [ 2.5, 6.0, 3.0, 6.5 ], "autoUv": false, "windMode": [-1,-1,-1,-1], "windData": [1,1,1,1] }
					}
				},
				{
					"name": "Left3",
					"from": [ -3.0, -4.7, 0.0 ],
					"to": [ -2.7, -2.9, 0.3 ],
					"autoUnwrap": false,
					"uv": [ 0.0, 2.0 ],
					"rotationOrigin": [ -3.0, -4.5, -0.2 ],
					"rotationX": -22.5,
					"faces": {
						"north": { "texture": "#heart", "uv": [ 2.0, 2.5, 2.5, 6.0 ], "autoUv": false, "windMode": [-1,-1,-1,-1], "windData": [1,1,1,1] },
						"east": { "texture": "#heart", "uv": [ 0.5, 6.5, 1.0, 8.0 ], "windMode": [-1,-1,-1,-1], "windData": [1,1,1,1], "enabled": false },
						"south": { "texture": "#heart", "uv": [ 2.5, 1.0, 3.0, 0.5 ], "autoUv": false, "windMode": [-1,-1,-1,-1], "windData": [1,1,1,1], "enabled": false },
						"west": { "texture": "#heart", "uv": [ 2.0, 2.5, 2.5, 6.0 ], "autoUv": false, "windMode": [-1,-1,-1,-1], "windData": [1,1,1,1] },
						"up": { "texture": "#heart", "uv": [ 2.5, 3.0, 2.0, 2.5 ], "autoUv": false, "windMode": [-1,-1,-1,-1], "windData": [1,1,1,1] },
						"down": { "texture": "#heart", "uv": [ 2.0, 5.5, 2.5, 6.0 ], "autoUv": false, "windMode": [-1,-1,-1,-1], "windData": [1,1,1,1] }
					}
				},
				{
					"name": "Left4",
					"from": [ -3.0, -4.3, -0.4 ],
					"to": [ -2.7, -3.5, -0.1 ],
					"autoUnwrap": false,
					"uv": [ 0.0, 2.0 ],
					"rotationOrigin": [ -3.0, -4.3, -0.6 ],
					"rotationX": -22.5,
					"faces": {
						"north": { "texture": "#heart", "uv": [ 1.5, 3.5, 2.0, 5.0 ], "autoUv": false, "windMode": [-1,-1,-1,-1], "windData": [1,1,1,1] },
						"east": { "texture": "#heart", "uv": [ 0.5, 6.5, 1.0, 7.0 ], "windMode": [-1,-1,-1,-1], "windData": [1,1,1,1], "enabled": false },
						"south": { "texture": "#heart", "uv": [ 2.5, 1.0, 3.0, 0.5 ], "autoUv": false, "windMode": [-1,-1,-1,-1], "windData": [1,1,1,1], "enabled": false },
						"west": { "texture": "#heart", "uv": [ 1.5, 3.5, 2.0, 5.0 ], "autoUv": false, "windMode": [-1,-1,-1,-1], "windData": [1,1,1,1] },
						"up": { "texture": "#heart", "uv": [ 1.5, 3.5, 2.0, 4.0 ], "autoUv": false, "windMode": [-1,-1,-1,-1], "windData": [1,1,1,1] },
						"down": { "texture": "#heart", "uv": [ 1.5, 4.5, 2.0, 5.0 ], "autoUv": false, "windMode": [-1,-1,-1,-1], "windData": [1,1,1,1] }
					}
				}
			]
		}
	],
	"animations": [
	]
}