{
  "version": 4,
  "patches": {},
  "settings": {
    "string": {
      "ADAPTATION_MODE": {
        "name": "adaptation-mode",
        "ingui": "Adaptation mode",
        "weight": 1.1,
        "comment": "linear: smooth 0-1 adaptation.\nramp: quick initial adaptation up to target percent then works as linear.",
        "default": "ramp",
        "mapping": {
          "linear": "linear",
          "ramp": "ramp"
        }
      },
      "RAYCAST_PRESET": {
        "name": "raycast-preset",
        "ingui": "Raycast accuracy preset",
        "weight": 5.1,
        "comment": "normal: 5x3 grid, accurate to ~50 blocks.\nhigh: 7x5 grid, accurate to ~80 blocks (more expensive).",
        "default": "normal",
        "mapping": {
          "normal": "normal",
          "high": "high"
        }
      }
    },
    "float": {
      "ADAPTATION_TIME": {
        "name": "adaptation-time",
        "ingui": "Adaptation time",
        "weight": 1.2,
        "comment": "Time to fully adapt to darkness, in seconds.",
        "default": 60,
        "range": {
          "min": 1,
          "max": 600,
          "step": 1
        }
      },
      "ADAPTATION_LOSS_TIME": {
        "name": "adaptation-loss-time",
        "ingui": "Unadaptation time",
        "weight": 1.3,
        "comment": "Base time to lose adaptation when exposed to light, in seconds.",
        "default": 30,
        "range": {
          "min": 0.5,
          "max": 300,
          "step": 1
        }
      },
      "RAMP_TARGET_PERCENT": {
        "name": "ramp-target-percent",
        "ingui": "Ramp target",
        "weight": 1.4,
        "comment": "Percent of max adaptation to reach when adaptation mode is set to ramp. It will ramp up to the % of max adaptation in the time specified in ramp time.",
        "default": 60,
        "range": {
          "min": 0,
          "max": 100,
          "step": 1
        }
      },
      "RAMP_TIME": {
        "name": "ramp-time",
        "ingui": "Ramp time",
        "weight": 1.5,
        "comment": "Time to reach ramp target. Does nothing if using linear.",
        "default": 15,
        "range": {
          "min": 0.1,
          "max": 60,
          "step": 1
        }
      },
      "MAX_BRIGHTNESS": {
        "name": "max-brightness",
        "ingui": "Maximum brightness",
        "weight": 1.6,
        "comment": "Brightness boost when fully adapted. 0 = no boost, 1 = full bright.",
        "default": 0.2,
        "range": {
          "min": 0,
          "max": 1,
          "step": 0.01
        }
      },
      "HELD_LIGHT_UNADAPTATION_TIME": {
        "name": "held-light-unadaptation-time",
        "ingui": "Held/worn light unadaptation time",
        "weight": 2.1,
        "comment": "How quickly you lose adaptation when holding or wearing a light source, in seconds.",
        "default": 1,
        "range": {
          "min": 0.1,
          "max": 10,
          "step": 0.1
        }
      },
      "LIGHT_SOURCE_ADAPTATION_CAP": {
        "name": "light-source-adaptation-cap",
        "ingui": "Light source adaptation cap",
        "weight": 2.2,
        "comment": "Maximum adaptation allowed while holding or wearing a light. 0 = no adaptation, 1 = full.",
        "default": 0,
        "range": {
          "min": 0,
          "max": 1,
          "step": 0.01
        }
      },
      "MIN_BRIGHTNESS_LEVEL": {
        "name": "min-brightness-level",
        "ingui": "Min brightness level",
        "weight": 3.1,
        "comment": "At or below this light level, eyes start adapting to darkness.",
        "default": 5,
        "range": {
          "min": 0,
          "max": 32,
          "step": 1
        }
      },
      "MIN_UNADAPTATION_BRIGHTNESS_LEVEL": {
        "name": "min-unadaptation-brightness-level",
        "ingui": "Min unadaptation light level",
        "weight": 3.2,
        "comment": "At or above this light level, eyes start losing adaptation.",
        "default": 6,
        "range": {
          "min": 0,
          "max": 32,
          "step": 1
        }
      },
      "MAX_UNADAPTATION_LIGHT_LEVEL": {
        "name": "max-unadaptation-light-level",
        "ingui": "Max unadaptation light level",
        "weight": 3.3,
        "comment": "Maximum brightness considered for unadaptation scaling.",
        "default": 18,
        "range": {
          "min": 0,
          "max": 32,
          "step": 1
        }
      },
      "MAX_UNADAPTATION_MULTIPLIER": {
        "name": "max-unadaptation-multiplier",
        "ingui": "Max unadaptation multiplier",
        "weight": 3.4,
        "comment": "How much bright lights should speed up adaptation loss. Scales linearly from min to max unadaptation level",
        "default": 10,
        "range": {
          "min": 1,
          "max": 50,
          "step": 1
        }
      },
      "MAX_DESATURATION_STRENGTH": {
        "name": "max-desaturation-strength",
        "ingui": "Max desaturation strength",
        "weight": 4.1,
        "comment": "How strong should the desaturation be when threshold is reached. 0 = off, 1 = full grayscale.",
        "default": 0.75,
        "range": {
          "min": 0,
          "max": 1,
          "step": 0.01
        }
      },
      "DESATURATION_THRESHOLD": {
        "name": "desaturation-threshold",
        "ingui": "Desaturation threshold",
        "weight": 4.2,
        "comment": "Adaptation level at which desaturation reaches maximum strength.",
        "default": 0.2,
        "range": {
          "min": 0,
          "max": 1,
          "step": 0.01
        }
      },
      "EXPOSURE_LAG": {
        "name": "exposure-lag",
        "ingui": "Exposure time",
        "weight": 4.3,
        "comment": "Duration of the exposure effect when leaving darkness. 0 = disabled.",
        "default": 7,
        "range": {
          "min": 0,
          "max": 30,
          "step": 1
        }
      },
      "MAX_EXPOSURE_AT_ADAPTATION": {
        "name": "max-exposure-at-adaptation",
        "ingui": "Max exposure at adaptation",
        "weight": 4.4,
        "comment": "Adaptation value where exposure effect reaches maximum strength.",
        "default": 0.5,
        "range": {
          "min": 0,
          "max": 1,
          "step": 0.01
        }
      },
      "EXPOSURE_MULT": {
        "name": "exposure-multiplier",
        "ingui": "Exposure multiplier",
        "weight": 4.5,
        "comment": "Strength of exposure effect. 0 = disabled.",
        "default": 1,
        "range": {
          "min": 0,
          "max": 2,
          "step": 0.1
        }
      },
      "SUN_LIGHT_COMPENSATION": {
        "name": "sun-light-compensation",
        "ingui": "Sunlight compensation",
        "weight": 3.5,
        "comment": "Reduces sunlight readings to compensate for erroneous nighttime ambient light.",
        "default": 5,
        "range": {
          "min": 0,
          "max": 10,
          "step": 1
        }
      },
      "RAYCAST_MAX_DISTANCE": {
        "name": "raycast-max-distance",
        "ingui": "Raycast max distance",
        "weight": 5.3,
        "comment": "Maximum distance to detect lights. Higher values are more expensive.",
        "default": 40,
        "range": {
          "min": 5,
          "max": 128,
          "step": 1
        }
      },
      "CLOSE_RANGE_START": {
        "name": "close-range-start",
        "ingui": "Close range start distance",
        "weight": 5.4,
        "comment": "Distance where lights are considered close range. Close range adaptation loss is 1x at this distance.",
        "default": 12,
        "range": {
          "min": 1,
          "max": 50,
          "step": 1
        }
      },
      "CLOSE_RANGE_END": {
        "name": "close-range-end",
        "ingui": "Close range end distance",
        "weight": 5.5,
        "comment": "Distance where close range adaptation loss multiplier reaches maximum.",
        "default": 2,
        "range": {
          "min": 1,
          "max": 50,
          "step": 1
        }
      },
      "CLOSE_RANGE_MULTIPLIER": {
        "name": "close-range-multiplier",
        "ingui": "Close range multiplier",
        "weight": 5.6,
        "comment": "Adaptation loss multiplier for close lights. Stacks multiplicatively with unadaptation multiplier.",
        "default": 4,
        "range": {
          "min": 1,
          "max": 50,
          "step": 1
        }
      },
      "DYNAMIC_LIGHTS_DISTANT_THRESHOLD": {
        "name": "dynamic-lights-distant-threshold",
        "ingui": "Dynamic lights distant threshold",
        "weight": 6.5,
        "comment": "At which distance from closest light source the mod switches to using a less performance intensive LOS check.",
        "default": 20,
        "range": {
          "min": 10,
          "max": 50,
          "step": 1
        }
      },
      "DYNAMIC_LIGHTS_SCAN_HORIZONTAL_RADIUS": {
        "name": "dynamic-lights-scan-horizontal-radius",
        "ingui": "Dynamic lights horizontal scan radius",
        "weight": 6.7,
        "comment": "Horizontal radius around the player to scan for light sources.",
        "default": 40,
        "range": {
          "min": 5,
          "max": 100,
          "step": 5
        }
      },
      "DYNAMIC_LIGHTS_SCAN_VERTICAL_RADIUS": {
        "name": "dynamic-lights-scan-vertical-radius",
        "ingui": "Dynamic lights vertical scan radius",
        "weight": 6.8,
        "comment": "Vertical radius around the player to scan for light sources.",
        "default": 20,
        "range": {
          "min": 5,
          "max": 50,
          "step": 5
        }
      },
      "DYNAMIC_LIGHTS_VIEW_CONE_FOV": {
        "name": "dynamic-lights-view-cone-fov",
        "ingui": "Dynamic lights view cone FOV",
        "weight": 6.9,
        "comment": "Field of view cone in degrees for light detection.",
        "default": 160,
        "range": {
          "min": 60,
          "max": 360,
          "step": 10
        }
      },
      "DYNAMIC_LIGHTS_FULL_FOV_DISTANCE": {
        "name": "dynamic-lights-full-fov-distance",
        "ingui": "Dynamic lights full FOV distance",
        "weight": 6.91,
        "comment": "If you are closer to a dynamic light than this value, FOV check is ignored. Used to disable adaptation if you are looking away from a dynamic light but inside its light radius.",
        "default": 5,
        "range": {
          "min": 1,
          "max": 10,
          "step": 1
        }
      }
    },
    "integer": {
      "LIGHT_SAMPLING_RATE": {
        "name": "light-sampling-rate",
        "ingui": "Light sampling rate (ms)",
        "weight": 1.7,
        "comment": "How often to check light levels at the player position.",
        "default": 200,
        "range": {
          "min": 100,
          "max": 1000,
          "step": 50
        }
      },
      "RAYCAST_UPDATE_INTERVAL": {
        "name": "raycast-update-interval",
        "ingui": "Raycast update interval (ms)",
        "weight": 5.2,
        "comment": "How often to perform raycasts. Lower = more responsive but more expensive.",
        "default": 500,
        "range": {
          "min": 200,
          "max": 2000,
          "step": 50
        }
      },
      "DYNAMIC_LIGHTS_MAX_RINGS": {
        "name": "dynamic-lights-max-rings",
        "ingui": "Dynamic lights max rings",
        "weight": 6.2,
        "comment": "How many rings (max circle radius) to generate around the light source for detection. Dynamic lights fall off very hard after 6 blocks and almost completely after 10.",
        "default": 10,
        "range": {
          "min": 1,
          "max": 15,
          "step": 1
        }
      },
      "DYNAMIC_LIGHTS_UPDATE_INTERVAL": {
        "name": "dynamic-lights-update-interval",
        "ingui": "Dynamic lights update interval (ms)",
        "weight": 6.3,
        "comment": "How fast should we check for dynamic light sources in milliseconds.",
        "default": 500,
        "range": {
          "min": 200,
          "max": 2000,
          "step": 50
        }
      },
      "DYNAMIC_LIGHTS_MAX_SOURCES": {
        "name": "dynamic-lights-max-sources",
        "ingui": "Dynamic lights max sources",
        "weight": 6.4,
        "comment": "Maximum number of light sources to check per run. Multiple light sources are checked only if they are completely occluded.",
        "default": 5,
        "range": {
          "min": 1,
          "max": 20,
          "step": 1
        }
      },
      "DYNAMIC_LIGHTS_DISTANT_MAX_RINGS": {
        "name": "dynamic-lights-distant-max-rings",
        "ingui": "Dynamic lights distant max rings",
        "weight": 6.6,
        "comment": "How many rings (max circle radius) to generate around the light source past the threshold distance.",
        "default": 6,
        "range": {
          "min": 1,
          "max": 15,
          "step": 1
        }
      }
    },
    "boolean": {
      "ENABLE_RAYCAST_DETECTION": {
        "name": "enable-raycast-detection",
        "ingui": "Enable raycast detection",
        "weight": 5.0,
        "comment": "Enables look based light detection.",
        "default": true
      },
      "ENFORCE_SERVER_CONFIG": { 
        "name": "enforce-server-config",
        "ingui": "Enforce server configuration",
        "weight": 0.2,           
        "comment": "If true, enforces server configuration settings.",
        "default": true        
      },
      "DYNAMIC_LIGHTS_ENABLED": {
        "name": "enable-dynamic-light-detection",
        "ingui": "Enable dynamic light detection",
        "weight": 6.0,
        "comment": "Enable the dynamic light detection system.",
        "default": true
      }
    }
  },
  "formatting": [
    {
      "type": "separator",
      "text": "You don't need to restart the world for changes. They will apply shortly after you hit save.",
      "weight": 0.1
    },
    {
      "type": "separator",
      "text": "Common Settings",
      "weight": 1.0
    },
    {
      "type": "separator",
      "text": "Held Light Sources",
      "weight": 2.0
    },
    {
      "type": "separator",
      "text": "Advanced Settings",
      "weight": 3.0
    },
    {
      "type": "separator",
      "text": "Visual Effects",
      "weight": 4.0
    },
    {
      "type": "separator",
      "text": "Raycast Detection",
      "weight": 4.9
    },
    {
      "type": "separator",
      "text": "Dynamic Lights",
      "weight": 5.9
    },
    {
      "type": "separator",
      "text": "What blocks should count as transparent cannot be configured here. Check the mod page for info.",
      "weight": 7.0
    }
  ]
}
