{
  "editor": {
    "allAngles": false,
    "singleTexture": false
  },
  "textureWidth": 16,
  "textureHeight": 16,
  "textures": {
    "0": "game:block/wood/cage/door-cells",
    "1": "game:block/wood/oak",
    "3": "game:block/wood/barrel/top-empty",
    "5": "game:block/wood/barrel/sides",
    "6": "game:block/wood/cage/floor",
    "7": "game:block/reed/basket/normal-northsouth",
    "particle": "game:block/wood/cage/door-cells"
  },
  "elements": [
    {
      "name": "Base",
      "from": [1, 9, 1],
      "to": [15, 10, 15],
      "rotation": { "angle": 0, "axis": "y", "origin": [1, 9, 1] },
      "faces": {
        "north": { "uv": [15, 1, 16, 15], "rotation": 90, "texture": "#0" },
        "east": { "uv": [15, 1, 16, 15], "rotation": 90, "texture": "#0" },
        "south": { "uv": [15, 1, 16, 15], "rotation": 90, "texture": "#0" },
        "west": { "uv": [15, 1, 16, 15], "rotation": 90, "texture": "#3" },
        "up": { "uv": [0, 0, 14, 14], "texture": "#0" },
        "down": { "uv": [1, 1, 15, 15], "texture": "#6" }
      }
    },
    {
      "name": "Bottom",
      "from": [0, 10, 0],
      "to": [16, 11, 16],
      "rotation": { "angle": 0, "axis": "y", "origin": [1, 10, 1] },
      "faces": {
        "north": { "uv": [0, 0, 1, 16], "rotation": 90, "texture": "#1" },
        "east": { "uv": [0, 0, 1, 16], "rotation": 90, "texture": "#1" },
        "south": { "uv": [0, 0, 1, 16], "rotation": 90, "texture": "#1" },
        "west": { "uv": [0, 0, 1, 16], "rotation": 90, "texture": "#1" },
        "up": { "uv": [0, 0, 16, 16], "rotation": 180, "texture": "#6" },
        "down": { "uv": [0, 0, 16, 16], "texture": "#3" }
      }
    },
    {
      "name": "Top",
      "from": [0, 15, 0],
      "to": [16, 16, 16],
      "rotation": { "angle": 0, "axis": "y", "origin": [1, 15, 1] },
      "faces": {
        "north": { "uv": [2.5, 0, 3.5, 16], "rotation": 90, "texture": "#1" },
        "east": { "uv": [0, 0, 1, 16], "rotation": 90, "texture": "#1" },
        "south": { "uv": [0, 0, 1, 16], "rotation": 90, "texture": "#1" },
        "west": { "uv": [0, 0, 1, 16], "rotation": 90, "texture": "#1" },
        "up": { "uv": [0, 0, 16, 16], "rotation": 90, "texture": "#0" },
        "down": { "uv": [0, 0, 16, 16], "texture": "#3" }
      }
    },
    {
      "name": "RSide",
      "from": [14.5, 11, 0],
      "to": [16, 15, 16],
      "rotation": { "angle": 0, "axis": "y", "origin": [1, 24, 1] },
      "faces": {
        "north": { "uv": [0, 2, 1.5, 6], "texture": "#1" },
        "east": { "uv": [1, 0, 5, 16], "rotation": 90, "texture": "#1" },
        "south": { "uv": [12, 2.5, 13.5, 6.5], "texture": "#1" },
        "west": { "uv": [0, 2, 16, 6], "texture": "#5" },
        "up": { "uv": [15, 0, 16, 16], "texture": "#0" },
        "down": { "uv": [15, 0, 16, 16], "texture": "#0" }
      }
    },
    {
      "name": "LSide",
      "from": [0, 11, 0],
      "to": [1.5, 15, 16],
      "rotation": { "angle": 0, "axis": "y", "origin": [-14, 24, 1] },
      "faces": {
        "north": { "uv": [0, 2, 1.5, 6], "texture": "#1" },
        "east": { "uv": [0, 2, 16, 6], "texture": "#5" },
        "south": { "uv": [14.5, 2, 16, 6], "texture": "#1" },
        "west": { "uv": [6, 0, 10, 16], "rotation": 90, "texture": "#1" },
        "up": { "uv": [15, 0, 16, 16], "texture": "#0" },
        "down": { "uv": [15, 0, 16, 16], "texture": "#0" }
      }
    },
    {
      "name": "FrontWall",
      "from": [1.5, 13, 1],
      "to": [14.5, 15, 2],
      "rotation": { "angle": 0, "axis": "y", "origin": [-14, 24, 2] },
      "faces": {
        "north": { "uv": [0, 2, 2, 15], "rotation": 90, "texture": "#7" },
        "east": { "uv": [0, 2, 16, 6], "texture": "#7" },
        "south": { "uv": [2.5, 2, 4.5, 15], "rotation": 90, "texture": "#7" },
        "west": { "uv": [0, 2, 16, 6], "texture": "#7" },
        "up": { "uv": [15, 0, 16, 16], "texture": "#7" },
        "down": { "uv": [0, 0.5, 1, 13.5], "rotation": 90, "texture": "#7" }
      }
    },
    {
      "name": "LReed",
      "from": [1, 11, 14],
      "to": [6, 15, 15],
      "rotation": { "angle": 0, "axis": "y", "origin": [-13, 24, 1] },
      "faces": {
        "north": { "uv": [2, 10, 6, 15], "rotation": 90, "texture": "#7" },
        "east": { "uv": [1, 3, 2, 7], "texture": "#7" },
        "south": { "uv": [2, 10, 6, 15], "rotation": 90, "texture": "#7" },
        "west": { "uv": [14, 3, 15, 15], "texture": "#0" },
        "up": { "uv": [2, 2, 3, 16], "rotation": 90, "texture": "#1" },
        "down": { "uv": [2, 1, 16, 2], "texture": "#0" }
      }
    },
    {
      "name": "RReed",
      "from": [10, 11, 14],
      "to": [15, 15, 15],
      "rotation": { "angle": 0, "axis": "y", "origin": [-4, 24, 1] },
      "faces": {
        "north": { "uv": [2, 7, 6, 12], "rotation": 90, "texture": "#7" },
        "east": { "uv": [1, 3, 2, 15], "texture": "#0" },
        "south": { "uv": [2, 1.5, 6, 6.5], "rotation": 90, "texture": "#7" },
        "west": { "uv": [14, 3, 15, 7], "texture": "#7" },
        "up": { "uv": [2, 2, 3, 16], "rotation": 90, "texture": "#1" },
        "down": { "uv": [2, 1, 16, 2], "texture": "#0" }
      }
    },
    {
      "name": "TReed",
      "from": [6, 13, 14],
      "to": [10, 15, 15],
      "rotation": { "angle": 0, "axis": "y", "origin": [-8, 24, 1] },
      "faces": {
        "north": { "uv": [2, 5, 4, 9], "rotation": 90, "texture": "#7" },
        "east": { "uv": [1, 3, 2, 15], "texture": "#0" },
        "south": { "uv": [2, 5, 4, 9], "rotation": 90, "texture": "#7" },
        "west": { "uv": [14, 3, 15, 15], "texture": "#0" },
        "up": { "uv": [2, 2, 3, 16], "rotation": 90, "texture": "#1" },
        "down": { "uv": [2, 1, 6, 2], "texture": "#7" }
      }
    },
    {
      "name": "Leg1",
      "from": [1, 0, 1],
      "to": [3, 9, 3],
      "rotation": { "angle": 0, "axis": "y", "origin": [1, 0, 1] },
      "faces": {
        "north": { "uv": [14, 3.5, 16, 12.5], "texture": "#1" },
        "east": { "uv": [9.5, 6, 11.5, 15], "texture": "#1" },
        "south": { "uv": [8, 5, 10, 14], "texture": "#1" },
        "west": { "uv": [3.5, 1.5, 5.5, 10.5], "texture": "#1" },
        "up": { "uv": [0, 0, 2, 2], "texture": "#0" },
        "down": { "uv": [0, 0, 2, 2], "texture": "#1" }
      }
    },
    {
      "name": "Leg2",
      "from": [13, 0, 1],
      "to": [15, 9, 3],
      "rotation": { "angle": 0, "axis": "y", "origin": [13, 0, 1] },
      "faces": {
        "north": { "uv": [2, 6, 4, 15], "texture": "#1" },
        "east": { "uv": [12.5, 3, 14.5, 12], "texture": "#1" },
        "south": { "uv": [0, 7, 2, 16], "texture": "#1" },
        "west": { "uv": [0, 7, 2, 16], "texture": "#1" },
        "up": { "uv": [0, 0, 2, 2], "texture": "#0" },
        "down": { "uv": [0, 0, 2, 2], "texture": "#1" }
      }
    },
    {
      "name": "Leg3",
      "from": [13, 0, 13],
      "to": [15, 9, 15],
      "rotation": { "angle": 0, "axis": "y", "origin": [13, 0, 13] },
      "faces": {
        "north": { "uv": [0, 7, 2, 16], "texture": "#1" },
        "east": { "uv": [2, 7, 4, 16], "texture": "#1" },
        "south": { "uv": [2, 2.5, 4, 11.5], "texture": "#1" },
        "west": { "uv": [11.5, 7, 13.5, 16], "texture": "#1" },
        "up": { "uv": [0, 0, 2, 2], "texture": "#0" },
        "down": { "uv": [0, 0, 2, 2], "texture": "#1" }
      }
    },
    {
      "name": "Leg4A",
      "from": [3, 7, 13],
      "to": [13, 9, 15],
      "rotation": { "angle": 0, "axis": "y", "origin": [3, 0, 13] },
      "faces": {
        "north": { "uv": [1, 6, 3, 16], "rotation": 90, "texture": "#1" },
        "east": { "uv": [0, 7, 2, 9], "texture": "#1" },
        "south": { "uv": [0, 6, 2, 16], "rotation": 90, "texture": "#1" },
        "west": { "uv": [0, 7, 2, 9], "texture": "#1" },
        "up": { "uv": [0, 0, 10, 2], "texture": "#0" },
        "down": { "uv": [0, 0, 2, 10], "rotation": 90, "texture": "#1" }
      }
    },
    {
      "name": "Leg5",
      "from": [3, 7, 1],
      "to": [13, 9, 3],
      "rotation": { "angle": 0, "axis": "y", "origin": [3, 0, 1] },
      "faces": {
        "north": { "uv": [8.5, 6, 10.5, 16], "rotation": 90, "texture": "#1" },
        "east": { "uv": [0, 7, 2, 9], "texture": "#1" },
        "south": { "uv": [12.5, 6, 14.5, 16], "rotation": 90, "texture": "#1" },
        "west": { "uv": [0, 7, 2, 9], "texture": "#1" },
        "up": { "uv": [0, 0, 10, 2], "texture": "#0" },
        "down": { "uv": [4, 0, 6, 10], "rotation": 90, "texture": "#1" }
      }
    },
    {
      "name": "Leg4B",
      "from": [1, 0, 13],
      "to": [3, 9, 15],
      "rotation": { "angle": 0, "axis": "y", "origin": [1, 0, 13] },
      "faces": {
        "north": { "uv": [4, 6.5, 6, 15.5], "texture": "#1" },
        "east": { "uv": [0, 7, 2, 16], "texture": "#1" },
        "south": { "uv": [10, 6.5, 12, 15.5], "texture": "#1" },
        "west": { "uv": [9.5, 2.5, 11.5, 11.5], "texture": "#1" },
        "up": { "uv": [0, 0, 2, 2], "texture": "#0" },
        "down": { "uv": [0, 0, 2, 2], "texture": "#1" }
      }
    }
  ]
}
