{
	"code": "locatormap",
	"class": "ItemLocatorMap",
	"maxstacksize": 1,
	"behaviors": [
		{ "name": "GroundStorable", "properties": {"layout": "Quadrants", "placeRemoveSound": "game:sounds/player/build", "collisionBox": { "x1": 0, "y1": 0, "z1": 0, "x2": 1, "y2": 0.25, "z2": 1 }} }
	],
	"variantgroups": [
		{
			"code": "type",
			"states": [
				"graves",
				"gates",
				"undergroundruins",
				"forlornhopetower",
				"forlornhopedungeon",
				"giantcathedral",
				"university",
				"coalmine",
				"mine1",
				"mine2",
				"crossroadsbelow",
				"mansion",
				"thepanopticon",
				"huaca",
				"sunrift",
				"agedsunrift"
			]
		}
	],
	"attributes": {
		"groundStorageTransform": {
			"translation": { "x": 0, "y": -0.02, "z": 0.255 },
			"rotation": { "x": -67, "y": 0, "z": 0 },
			"origin": { "x": 0.5, "y": 0, "z": 0.5 },
			"scale": 0.48
		},
		"locatorPropsbyType": {
			"*-graves": {
				"schematiccode": "graves",
				"waypointtext": "location-graves",
				"waypointicon": "x",
				"waypointcolor": [
					0.5,
					0.5,
					0.5,
					1
				]
			},
			"*-gates": {
				"schematiccode": "gates",
				"waypointtext": "location-gates",
				"waypointicon": "x",
				"waypointcolor": [
					0.3,
					1,
					1,
					1
				]
			},
			"*-undergroundruins": {
				"schematiccode": "undergroundruins",
				"waypointtext": "location-undergroundruins",
				"waypointicon": "x",
				"waypointcolor":[
					0.6,
					0.4,
					0.2,
					1
				]
			},
			"*-forlornhopetower": {
				"schematiccode": "largeforlornhopetower",
				"waypointtext": "location-forlornhopetower",
				"waypointicon": "x",
				"waypointcolor": [
					0.2,
					0.25,
					1,
					1
				]
			},
			"*-forlornhopedungeon": {
				"schematiccode": "forlornhopedungeon",
				"waypointtext": "location-forlornhopedungeon",
				"waypointicon": "x",
				"waypointcolor": [
					0.2,
					0.25,
					1,
					1
				]
			},
			"*-giantcathedral": {
				"schematiccode": "giantcathedral",
				"waypointtext": "location-giantcathedral",
				"waypointicon": "x",
				"waypointcolor": [
					0.2,
					0.25,
					1,
					1
				]
			},
			"*-university": {
				"schematiccode": "university",
				"waypointtext": "location-university",
				"waypointicon": "x",
				"waypointcolor": [
					0.2,
					0.25,
					1,
					1
				]
			},
			"*-coalmine": {
				"schematiccode": "coalmine",
				"waypointtext": "location-coalmine",
				"offset": { "x": 28, "y": 0, "z": 16 },
				"waypointicon": "x",
				"waypointcolor": [
					0.2,
					0.25,
					1,
					1
				]
			},
			"*-mine1": {
				"schematiccode": "mine1",
				"waypointtext": "location-mine1",
				"offset": { "x": -2, "y": 0, "z": 22 },
				"waypointicon": "x",
				"waypointcolor": [
					0.2,
					0.25,
					1,
					1
				]
			},
			"*-mine2": {
				"schematiccode": "mine2",
				"waypointtext": "location-mine2",
				"offset": { "x": -2, "y": 0, "z": 22 },
				"waypointicon": "x",
				"waypointcolor": [
					0.2,
					0.25,
					1,
					1
				]
			},
			"*-crossroadsbelow": {
				"schematiccode": "crossroads",
				"waypointtext": "location-crossroads",
				"waypointicon": "x",
				"waypointcolor": [
					0.2,
					0.25,
					1,
					1
				]
			},
			"*-mansion": {
				"schematiccode": "mansion",
				"waypointtext": "location-mansion",
				"waypointicon": "x",
				"waypointcolor": [
					0.2,
					0.25,
					1,
					1
				]
			},
			"*-thepanopticon": {
				"schematiccode": "thepanopticon",
				"waypointtext": "location-thepanopticon",
				"waypointicon": "x",
				"waypointcolor": [
					0.2,
					0.25,
					1,
					1
				]
			},
			"*-huaca": {
				"schematiccode": "huaca",
				"waypointtext": "location-huaca",
				"offset": { "x": 24, "y": 0, "z": 0 },
				"waypointicon": "x",
				"waypointcolor": [
					0.2,
					0.25,
					1,
					1
				]
			},
			"*-sunrift": {
				"schematiccode": "sunrift",
				"waypointtext": "location-sunrift",
				"offset": { "x": 0, "y": 0, "z": 0 },
				"waypointicon": "x",
				"waypointcolor": [
					0.2,
					0.25,
					1,
					1
				]
			},
			"*-agedsunrift": {
				"schematiccode": "sunrift",
				"waypointtext": "location-sunrift",
				"offset": { "x": 0, "y": 0, "z": 0 },
				"waypointicon": "x",
				"waypointcolor": [
					0.2,
					0.25,
					1,
					1
				]
			}
		}
	},
	"shape": {
		"base": "game:item/lore/map-treasure"
	},
	"texturesByType": {
		"*-sunrift":{
			"map-treasures": { "base": "item/lore/map-{type}" }
		},
		"*-agedsunrift":{
			"map-treasures": { "base": "item/lore/map-{type}" }
		},
		"*" :{
			"map-treasures": { "base": "game:item/lore/map-treasures" }
		}
	},

	"creativeinventory": {
		"general": [
			"*"
		],
		"items": [
			"*"
		]
	},
	"guiTransform": {
		"translation": {
			"x": 0,
			"y": 0,
			"z": 0
		},
		"rotation": {
			"x": 13,
			"y": -39,
			"z": -163
		},
		"origin": {
			"x": 0.43,
			"y": 0.57,
			"z": 0.46
		},
		"scaleXyz": {
			"x": -1.3,
			"y": 1.3,
			"z": 1.3
		}
	},
	"fpHandTransform": {
		"translation": {
			"x": -0.1,
			"y": 0,
			"z": 0
		},
		"rotation": {
			"x": 3,
			"y": 3,
			"z": 8
		},
		"origin": {
			"x": 0.5,
			"y": 0.02,
			"z": 0.5
		},
		"scale": 1.36
	},
	"groundTransform": {
		"translation": { "x": 0, "y": 0, "z": 0 },
		"rotation": { "x": -65, "y": 0, "z": 0 },
		"origin": { "x": 0.5, "y": 0, "z": 0.5 },
		"scale": 2.4
	},
	"tpHandTransform": {
		"translation": { "x": -1.3, "y": -0.5, "z": -1.2 },
		"rotation": { "x": -57, "y": -165, "z": 92 },
		"origin": { "x": 0.4, "y": 0.2, "z": 0.4 },
		"scale": 0.41
	}
}