{
	"editor": {
		"collapsedPaths": "",
		"allAngles": true,
		"entityTextureMode": true
	},
	"textureWidth": 68,
	"textureHeight": 76,
	"textureSizes": {
		"skin": [68,76]
	},
	"textures": {
	},
	"elements": [
		{
			"name": "Neck",
			"from": [ 12.3, 10.0, 4.7 ],
			"to": [ 20.3, 17.5, 11.2 ],
			"unwrapMode": 2,
			"autoUnwrap": false,
			"uv": [ 5.5, 5.0 ],
			"rotationOrigin": [ 18.3, 10.0, 7.95 ],
			"rotationZ": 75.0,
			"faces": {
				"north": { "texture": "#skin", "uv": [ 19.5, 14.5, 27.5, 22.0 ], "windMode": [-1,-1,-1,-1], "windData": [0,0,1,0] },
				"east": { "texture": "#skin", "uv": [ 13.0, 14.5, 19.5, 22.0 ], "windMode": [-1,-1,-1,-1], "windData": [1,0,0,1] },
				"south": { "texture": "#skin", "uv": [ 5.0, 14.5, 13.0, 22.0 ] },
				"west": { "texture": "#skin", "uv": [ 27.5, 14.5, 34.0, 22.0 ] },
				"up": { "texture": "#skin", "uv": [ 1.0, 5.5, 7.5, 13.5 ], "rotation": 90 }
			},
			"children": [
				{
					"name": "Neck2",
					"from": [ 1.1, 5.2, 1.5 ],
					"to": [ 7.3, 11.7, 5.0 ],
					"unwrapMode": 2,
					"uv": [ 8.5, 1.5 ],
					"rotationOrigin": [ 4.8, 5.4, 3.25 ],
					"rotationZ": -8.0,
					"faces": {
						"north": { "texture": "#skin", "uv": [ 18.0, 7.5, 24.0, 14.0 ] },
						"east": { "texture": "#skin", "uv": [ 14.5, 7.5, 18.0, 14.0 ] },
						"south": { "texture": "#skin", "uv": [ 8.5, 7.5, 14.5, 14.0 ] },
						"west": { "texture": "#skin", "uv": [ 24.0, 7.5, 27.5, 14.0 ] },
						"up": { "texture": "#skin", "uv": [ 14.5, 1.5, 18.0, 7.5 ], "rotation": 270 }
					},
					"children": [
						{
							"name": "Head",
							"from": [ 2.5375, 2.2, -0.2 ],
							"to": [ 6.0375, 6.6, 3.7 ],
							"unwrapMode": 4,
							"uv": [ 5.5, 58.5 ],
							"rotationOrigin": [ 6.1, 6.6, 1.6 ],
							"rotationZ": -59.0,
							"faces": {
								"north": { "texture": "#skin", "uv": [ 5.5, 62.0, 9.0, 66.0 ] },
								"east": { "texture": "#skin", "uv": [ 16.0, 62.0, 19.5, 66.0 ] },
								"south": { "texture": "#skin", "uv": [ 12.5, 62.0, 16.0, 66.0 ] },
								"west": { "texture": "#skin", "uv": [ 9.0, 62.0, 12.5, 66.0 ] },
								"up": { "texture": "#skin", "uv": [ 9.0, 58.5, 12.5, 62.0 ], "rotation": 90 },
								"down": { "texture": "#skin", "uv": [ 9.0, 66.0, 12.5, 69.5 ], "rotation": 90 }
							},
							"children": [
								{
									"name": "MouthUp",
									"from": [ -3.6, 0.5, 0.8 ],
									"to": [ 0.4, 1.7, 3.1 ],
									"unwrapMode": 5,
									"unwrapRotation": 1,
									"uv": [ 2.0, 57.5 ],
									"rotationOrigin": [ -0.2, 1.5, 1.7 ],
									"rotationZ": 30.0,
									"faces": {
										"north": { "texture": "#skin", "uv": [ 2.0, 57.5, 3.0, 61.5 ], "rotation": 270 },
										"south": { "texture": "#skin", "uv": [ 5.0, 57.5, 6.0, 61.5 ], "rotation": 90 },
										"west": { "texture": "#skin", "uv": [ 3.0, 61.5, 5.0, 62.5 ] },
										"up": { "texture": "#skin", "uv": [ 3.0, 57.5, 5.0, 61.5 ], "rotation": 90, "windMode": [-1,-1,-1,-1], "windData": [1,1,1,1] },
										"down": { "texture": "#skin", "uv": [ 6.0, 57.5, 8.0, 61.5 ], "rotation": 270 }
									},
									"children": [
										{
											"name": "Nose",
											"from": [ 0.2, 0.0, 0.1 ],
											"to": [ 4.7, 1.6, 2.2 ],
											"unwrapMode": 5,
											"unwrapRotation": 1,
											"uv": [ 3.0, 66.5 ],
											"rotationOrigin": [ 0.2, 1.7, 0.6 ],
											"rotationZ": 16.0,
											"faces": {
												"north": { "texture": "#skin", "uv": [ 3.0, 66.5, 4.5, 71.0 ], "rotation": 270, "windMode": [-1,-1,-1,-1], "windData": [1,1,1,1] },
												"south": { "texture": "#skin", "uv": [ 6.5, 66.5, 8.0, 71.0 ], "rotation": 90 },
												"west": { "texture": "#skin", "uv": [ 4.5, 71.0, 6.5, 72.5 ], "windMode": [-1,-1,-1,-1], "windData": [1,1,1,1] },
												"up": { "texture": "#skin", "uv": [ 4.5, 66.5, 6.5, 71.0 ], "rotation": 90 }
											},
											"children": [
												{
													"name": "Snout",
													"from": [ -0.9, 0.6, 0.4 ],
													"to": [ 0.1, 1.6, 1.7 ],
													"unwrapMode": 4,
													"uv": [ 0.5, 63.0 ],
													"rotationOrigin": [ 0.1, 1.5, 1.0 ],
													"rotationZ": 8.0,
													"faces": {
														"north": { "texture": "#skin", "uv": [ 0.5, 64.0, 1.5, 65.0 ], "windMode": [-1,-1,-1,-1], "windData": [1,1,1,1] },
														"east": { "texture": "#skin", "uv": [ 3.5, 64.0, 4.5, 65.0 ], "windMode": [-1,-1,-1,-1], "windData": [1,1,1,1] },
														"south": { "texture": "#skin", "uv": [ 2.5, 64.0, 3.5, 65.0 ], "windMode": [-1,-1,-1,-1], "windData": [1,1,1,1] },
														"west": { "texture": "#skin", "uv": [ 1.5, 64.0, 2.5, 65.0 ], "windMode": [-1,-1,-1,-1], "windData": [1,1,1,1] },
														"up": { "texture": "#skin", "uv": [ 1.5, 63.0, 2.5, 64.0 ], "rotation": 90, "windMode": [-1,-1,-1,-1], "windData": [1,1,1,1] },
														"down": { "texture": "#skin", "uv": [ 1.5, 65.0, 2.5, 66.0 ], "rotation": 90, "windMode": [-1,-1,-1,-1], "windData": [1,1,1,1] }
													}
												},
												{
													"name": "NoseBridge",
													"from": [ 3.7, 0.1, -0.6 ],
													"to": [ 5.2, 1.6, 2.7 ],
													"unwrapMode": 5,
													"unwrapRotation": 1,
													"uv": [ 13.5, 56.5 ],
													"rotationOrigin": [ 3.7, 1.6, -0.6 ],
													"rotationZ": 22.0,
													"faces": {
														"north": { "texture": "#skin", "uv": [ 13.5, 58.0, 15.0, 59.5 ], "rotation": 270 },
														"east": { "texture": "#skin", "uv": [ 15.0, 56.5, 18.0, 58.0 ], "rotation": 180 },
														"south": { "texture": "#skin", "uv": [ 18.0, 58.0, 19.5, 59.5 ], "rotation": 90 },
														"west": { "texture": "#skin", "uv": [ 15.0, 59.5, 18.0, 61.0 ] },
														"up": { "texture": "#skin", "uv": [ 15.0, 58.0, 18.0, 59.5 ], "rotation": 90 }
													},
													"children": [
														{
															"name": "AntlerBase",
															"from": [ 0.5, 0.8, 1.65 ],
															"to": [ 0.5, 0.8, 1.65 ],
															"uv": [ 0.0, 0.0 ],
															"rotationOrigin": [ 0.5, 0.8, 1.65 ],
															"faces": {
															},
															"children": [
																{
																	"name": "R Antler01",
																	"from": [ 0.5, -0.8, -1.5 ],
																	"to": [ 1.5, 0.4, -0.3 ],
																	"unwrapMode": 5,
																	"unwrapRotation": 1,
																	"uv": [ 57.5, 36.0 ],
																	"rotationOrigin": [ 0.5, -0.3, -0.9 ],
																	"rotationY": 20.0,
																	"rotationZ": 8.0,
																	"faces": {
																		"north": { "texture": "#skin", "uv": [ 57.5, 37.0, 58.5, 38.0 ], "rotation": 270 },
																		"east": { "texture": "#skin", "uv": [ 58.5, 36.0, 59.5, 37.0 ], "rotation": 180 },
																		"south": { "texture": "#skin", "uv": [ 59.5, 37.0, 60.5, 38.0 ], "rotation": 90 },
																		"up": { "texture": "#skin", "uv": [ 58.5, 37.0, 59.5, 38.0 ], "rotation": 90 },
																		"down": { "texture": "#skin", "uv": [ 60.5, 37.0, 61.5, 38.0 ], "rotation": 270, "windMode": [-1,-1,-1,-1], "windData": [1,1,1,1] }
																	},
																	"children": [
																		{
																			"name": "R Antler02",
																			"from": [ 0.9, 0.1, 0.1 ],
																			"to": [ 0.9, 1.1, 1.1 ],
																			"unwrapMode": 5,
																			"unwrapRotation": 1,
																			"uv": [ 61.5, 35.0 ],
																			"rotationOrigin": [ 0.9, 0.6, 0.6 ],
																			"faces": {
																			},
																			"children": [
																				{
																					"name": "R Antler03",
																					"from": [ 0.0, 0.1, 0.1 ],
																					"to": [ 0.5, 0.9, 0.9 ],
																					"unwrapMode": 3,
																					"unwrapRotation": 1,
																					"uv": [ 63.5, 34.5 ],
																					"rotationOrigin": [ 0.0, 0.5, 0.5 ],
																					"rotationX": -15.0,
																					"rotationY": -10.0,
																					"rotationZ": -3.0,
																					"faces": {
																						"north": { "texture": "#skin", "uv": [ 65.0, 35.0, 65.5, 35.5 ], "rotation": 270 },
																						"east": { "texture": "#skin", "uv": [ 64.0, 34.5, 64.5, 35.0 ], "rotation": 90 },
																						"south": { "texture": "#skin", "uv": [ 64.0, 35.0, 64.5, 35.5 ], "rotation": 90 },
																						"up": { "texture": "#skin", "uv": [ 63.5, 35.0, 64.0, 35.5 ], "rotation": 90 },
																						"down": { "texture": "#skin", "uv": [ 64.5, 35.0, 65.0, 35.5 ], "rotation": 270, "windMode": [-1,-1,-1,-1], "windData": [1,1,1,1] }
																					},
																					"children": [
																						{
																							"name": "R Antler04",
																							"from": [ 0.4, 0.1, 0.1 ],
																							"to": [ 0.4, 0.1, 0.7 ],
																							"unwrapMode": 3,
																							"unwrapRotation": 1,
																							"uv": [ 63.5, 33.5 ],
																							"rotationOrigin": [ 0.4, 0.4, 0.4 ],
																							"faces": {
																							},
																							"children": [
																								{
																									"name": "R Antler05",
																									"from": [ 0.0, 0.05, 0.05 ],
																									"to": [ 0.5, 0.55, 0.55 ],
																									"unwrapMode": 3,
																									"unwrapRotation": 1,
																									"uv": [ 63.5, 33.0 ],
																									"rotationOrigin": [ 0.0, 0.3, 0.3 ],
																									"rotationX": -10.0,
																									"rotationY": -5.0,
																									"rotationZ": -5.0,
																									"faces": {
																										"north": { "texture": "#skin", "uv": [ 65.0, 33.5, 65.5, 34.0 ], "rotation": 270 },
																										"east": { "texture": "#skin", "uv": [ 64.0, 33.0, 64.5, 33.5 ], "rotation": 90 },
																										"south": { "texture": "#skin", "uv": [ 64.0, 33.5, 64.5, 34.0 ], "rotation": 90 },
																										"up": { "texture": "#skin", "uv": [ 63.5, 33.5, 64.0, 34.0 ], "rotation": 90 },
																										"down": { "texture": "#skin", "uv": [ 64.5, 33.5, 65.0, 34.0 ], "rotation": 270, "windMode": [-1,-1,-1,-1], "windData": [1,1,1,1] }
																									},
																									"children": [
																										{
																											"name": "R Antler06",
																											"from": [ 0.4, 0.05, 0.05 ],
																											"to": [ 0.4, 0.05, 0.45 ],
																											"unwrapMode": 3,
																											"unwrapRotation": 1,
																											"uv": [ 63.5, 32.5 ],
																											"rotationOrigin": [ 0.4, 0.25, 0.25 ],
																											"faces": {
																											},
																											"children": [
																												{
																													"name": "R Antler07",
																													"from": [ 0.0, 0.05, 0.05 ],
																													"to": [ 0.5, 0.35, 0.35 ],
																													"unwrapMode": 3,
																													"unwrapRotation": 1,
																													"uv": [ 63.5, 32.0 ],
																													"rotationOrigin": [ 0.0, 0.2, 0.2 ],
																													"rotationX": -15.0,
																													"rotationY": -5.0,
																													"rotationZ": -5.0,
																													"faces": {
																														"north": { "texture": "#skin", "uv": [ 65.0, 32.5, 65.5, 33.0 ], "rotation": 270 },
																														"east": { "texture": "#skin", "uv": [ 64.0, 32.0, 64.5, 32.5 ], "rotation": 90 },
																														"south": { "texture": "#skin", "uv": [ 64.0, 32.5, 64.5, 33.0 ], "rotation": 90 },
																														"up": { "texture": "#skin", "uv": [ 63.5, 32.5, 64.0, 33.0 ], "rotation": 90 },
																														"down": { "texture": "#skin", "uv": [ 64.5, 32.5, 65.0, 33.0 ], "rotation": 270, "windMode": [-1,-1,-1,-1], "windData": [1,1,1,1] }
																													}
																												}
																											]
																										}
																									]
																								}
																							]
																						}
																					]
																				}
																			]
																		}
																	]
																},
																{
																	"name": "L Antler01",
																	"from": [ 0.5, -0.8, 0.3 ],
																	"to": [ 1.5, 0.4, 1.5 ],
																	"unwrapMode": 5,
																	"unwrapRotation": 1,
																	"uv": [ 61.5, 36.0 ],
																	"rotationOrigin": [ 0.5, -0.3, 0.9 ],
																	"rotationY": -20.0,
																	"rotationZ": 8.0,
																	"faces": {
																		"north": { "texture": "#skin", "uv": [ 61.5, 37.0, 62.5, 38.0 ], "rotation": 270 },
																		"east": { "texture": "#skin", "uv": [ 62.5, 36.0, 63.5, 37.0 ], "rotation": 180 },
																		"south": { "texture": "#skin", "uv": [ 63.5, 37.0, 64.5, 38.0 ], "rotation": 90 },
																		"up": { "texture": "#skin", "uv": [ 62.5, 37.0, 63.5, 38.0 ], "rotation": 90 },
																		"down": { "texture": "#skin", "uv": [ 64.5, 37.0, 65.5, 38.0 ], "rotation": 270, "windMode": [-1,-1,-1,-1], "windData": [1,1,1,1] }
																	},
																	"children": [
																		{
																			"name": "L Antler02",
																			"from": [ 0.9, 0.1, 0.1 ],
																			"to": [ 0.9, 1.1, 1.1 ],
																			"unwrapMode": 5,
																			"unwrapRotation": 1,
																			"uv": [ 57.5, 35.0 ],
																			"rotationOrigin": [ 0.9, 0.6, 0.6 ],
																			"faces": {
																			},
																			"children": [
																				{
																					"name": "L Antler03",
																					"from": [ 0.0, 0.1, 0.1 ],
																					"to": [ 0.5, 0.9, 0.9 ],
																					"unwrapMode": 5,
																					"unwrapRotation": 1,
																					"uv": [ 59.5, 34.5 ],
																					"rotationOrigin": [ 0.0, 0.5, 0.5 ],
																					"rotationX": 15.0,
																					"rotationY": 10.0,
																					"rotationZ": -3.0,
																					"faces": {
																						"north": { "texture": "#skin", "uv": [ 59.5, 35.0, 60.0, 35.5 ], "rotation": 270 },
																						"east": { "texture": "#skin", "uv": [ 60.0, 34.5, 60.5, 35.0 ], "rotation": 180 },
																						"south": { "texture": "#skin", "uv": [ 60.5, 35.0, 61.0, 35.5 ], "rotation": 90 },
																						"up": { "texture": "#skin", "uv": [ 60.0, 35.0, 60.5, 35.5 ], "rotation": 90 },
																						"down": { "texture": "#skin", "uv": [ 61.0, 35.0, 61.5, 35.5 ], "rotation": 270, "windMode": [-1,-1,-1,-1], "windData": [1,1,1,1] }
																					},
																					"children": [
																						{
																							"name": "L Antler04",
																							"from": [ 0.4, 0.1, 0.1 ],
																							"to": [ 0.4, 0.7, 0.7 ],
																							"unwrapMode": 5,
																							"unwrapRotation": 1,
																							"uv": [ 59.5, 33.5 ],
																							"rotationOrigin": [ 0.4, 0.4, 0.4 ],
																							"faces": {
																							},
																							"children": [
																								{
																									"name": "L Antler05",
																									"from": [ 0.0, 0.05, 0.05 ],
																									"to": [ 0.5, 0.55, 0.55 ],
																									"unwrapMode": 5,
																									"unwrapRotation": 1,
																									"uv": [ 59.5, 33.0 ],
																									"rotationOrigin": [ 0.0, 0.3, 0.3 ],
																									"rotationX": 10.0,
																									"rotationY": 5.0,
																									"rotationZ": -5.0,
																									"faces": {
																										"north": { "texture": "#skin", "uv": [ 59.5, 33.5, 60.0, 34.0 ], "rotation": 270 },
																										"east": { "texture": "#skin", "uv": [ 60.0, 33.0, 60.5, 33.5 ], "rotation": 180 },
																										"south": { "texture": "#skin", "uv": [ 60.5, 33.5, 61.0, 34.0 ], "rotation": 90 },
																										"up": { "texture": "#skin", "uv": [ 60.0, 33.5, 60.5, 34.0 ], "rotation": 90 },
																										"down": { "texture": "#skin", "uv": [ 61.0, 33.5, 61.5, 34.0 ], "rotation": 270, "windMode": [-1,-1,-1,-1], "windData": [1,1,1,1] }
																									},
																									"children": [
																										{
																											"name": "L Antler06",
																											"from": [ 0.4, 0.05, 0.05 ],
																											"to": [ 0.9, 0.45, 0.45 ],
																											"unwrapMode": 5,
																											"unwrapRotation": 1,
																											"uv": [ 59.5, 32.5 ],
																											"rotationOrigin": [ 0.4, 0.25, 0.25 ],
																											"rotationX": 5.0,
																											"rotationY": 5.0,
																											"rotationZ": -2.0,
																											"faces": {
																											},
																											"children": [
																												{
																													"name": "L Antler07",
																													"from": [ 0.0, 0.05, 0.05 ],
																													"to": [ 0.5, 0.35, 0.35 ],
																													"unwrapMode": 5,
																													"unwrapRotation": 1,
																													"uv": [ 59.5, 32.0 ],
																													"rotationOrigin": [ 0.0, 0.2, 0.2 ],
																													"rotationX": 15.0,
																													"rotationY": 5.0,
																													"rotationZ": -5.0,
																													"faces": {
																														"north": { "texture": "#skin", "uv": [ 59.5, 32.5, 60.0, 33.0 ], "rotation": 270 },
																														"east": { "texture": "#skin", "uv": [ 60.0, 32.0, 60.5, 32.5 ], "rotation": 180 },
																														"south": { "texture": "#skin", "uv": [ 60.5, 32.5, 61.0, 33.0 ], "rotation": 90 },
																														"up": { "texture": "#skin", "uv": [ 60.0, 32.5, 60.5, 33.0 ], "rotation": 90 },
																														"down": { "texture": "#skin", "uv": [ 61.0, 32.5, 61.5, 33.0 ], "rotation": 270, "windMode": [-1,-1,-1,-1], "windData": [1,1,1,1] }
																													}
																												}
																											]
																										}
																									]
																								}
																							]
																						}
																					]
																				}
																			]
																		}
																	]
																}
															]
														}
													]
												}
											]
										}
									]
								},
								{
									"name": "L Ear",
									"from": [ 1.8, 3.9, 2.9 ],
									"to": [ 2.2, 5.8, 4.4 ],
									"unwrapMode": 4,
									"uv": [ 20.0, 4.5 ],
									"rotationOrigin": [ 2.0, 3.9, 3.6 ],
									"rotationX": 55.0,
									"rotationY": 45.0,
									"faces": {
										"north": { "texture": "#skin", "uv": [ 20.0, 5.0, 20.5, 6.5 ], "windMode": [-1,-1,-1,-1], "windData": [1,1,1,1] },
										"east": { "texture": "#skin", "uv": [ 22.5, 5.0, 24.0, 6.5 ] },
										"south": { "texture": "#skin", "uv": [ 22.0, 5.0, 22.5, 6.5 ], "windMode": [-1,-1,-1,-1], "windData": [1,1,1,1] },
										"west": { "texture": "#skin", "uv": [ 20.5, 5.0, 22.0, 6.5 ] },
										"up": { "texture": "#skin", "uv": [ 20.5, 4.5, 22.0, 5.0 ], "rotation": 90 },
										"down": { "texture": "#skin", "uv": [ 20.5, 6.5, 22.0, 7.0 ], "rotation": 90 }
									},
									"children": [
										{
											"name": "L Ear3",
											"from": [ 0.0, 1.9, 0.0 ],
											"to": [ 0.4, 3.5, 0.8 ],
											"unwrapMode": 4,
											"uv": [ 25.5, 1.0 ],
											"rotationOrigin": [ 0.2, 1.9, 0.0 ],
											"rotationX": 26.0,
											"rotationY": 1.0,
											"faces": {
												"north": { "texture": "#skin", "uv": [ 25.5, 1.5, 26.0, 3.0 ] },
												"east": { "texture": "#skin", "uv": [ 27.0, 1.5, 27.5, 3.0 ] },
												"south": { "texture": "#skin", "uv": [ 26.5, 1.5, 27.0, 3.0 ] },
												"west": { "texture": "#skin", "uv": [ 26.0, 1.5, 26.5, 3.0 ] },
												"up": { "texture": "#skin", "uv": [ 26.0, 1.0, 26.5, 1.5 ], "rotation": 90 },
												"down": { "texture": "#skin", "uv": [ 26.0, 3.0, 26.5, 3.5 ], "rotation": 90 }
											}
										},
										{
											"name": "L Ear2",
											"from": [ 0.0, 1.8, 1.2 ],
											"to": [ 0.4, 3.3, 2.2 ],
											"unwrapMode": 4,
											"uv": [ 22.0, 1.0 ],
											"rotationOrigin": [ 0.2, 1.8, 2.2 ],
											"rotationX": -37.0,
											"rotationY": -1.0,
											"faces": {
												"north": { "texture": "#skin", "uv": [ 22.0, 1.5, 22.5, 3.0 ] },
												"east": { "texture": "#skin", "uv": [ 24.0, 1.5, 25.0, 3.0 ] },
												"south": { "texture": "#skin", "uv": [ 23.5, 1.5, 24.0, 3.0 ] },
												"west": { "texture": "#skin", "uv": [ 22.5, 1.5, 23.5, 3.0 ] },
												"up": { "texture": "#skin", "uv": [ 22.5, 1.0, 23.5, 1.5 ], "rotation": 90 },
												"down": { "texture": "#skin", "uv": [ 22.5, 3.0, 23.5, 3.5 ], "rotation": 90 }
											},
											"children": [
												{
													"name": "L Ear1",
													"from": [ 0.0, -2.0, 0.0 ],
													"to": [ 0.4, 0.0, 1.0 ],
													"unwrapMode": 4,
													"uv": [ 18.5, 1.0 ],
													"rotationOrigin": [ 0.2, 0.0, 1.0 ],
													"rotationX": 55.0,
													"rotationY": -1.0,
													"faces": {
														"north": { "texture": "#skin", "uv": [ 18.5, 1.5, 19.0, 3.5 ] },
														"east": { "texture": "#skin", "uv": [ 20.5, 1.5, 21.5, 3.5 ] },
														"south": { "texture": "#skin", "uv": [ 20.0, 1.5, 20.5, 3.5 ] },
														"west": { "texture": "#skin", "uv": [ 19.0, 1.5, 20.0, 3.5 ] },
														"up": { "texture": "#skin", "uv": [ 19.0, 1.0, 20.0, 1.5 ], "rotation": 90 },
														"down": { "texture": "#skin", "uv": [ 19.0, 3.5, 20.0, 4.0 ], "rotation": 90 }
													}
												}
											]
										}
									]
								},
								{
									"name": "R Eye",
									"from": [ -0.01, 2.6, -0.01 ],
									"to": [ 0.59, 2.9, 0.29 ],
									"unwrapMode": 5,
									"uv": [ 2.5, 16.5 ],
									"rotationOrigin": [ -0.01, 3.0, -0.11 ],
									"faces": {
										"north": { "texture": "#skin", "uv": [ 3.0, 16.5, 3.5, 17.0 ], "rotation": 180 },
										"east": { "texture": "#skin", "uv": [ 3.5, 17.0, 4.0, 17.5 ], "rotation": 90 },
										"west": { "texture": "#skin", "uv": [ 2.5, 17.0, 3.0, 17.5 ], "rotation": 270 },
										"up": { "texture": "#skin", "uv": [ 3.0, 17.0, 3.5, 17.5 ] },
										"down": { "texture": "#skin", "uv": [ 4.0, 17.0, 4.5, 17.5 ] }
									},
									"children": [
										{
											"name": "R Eye2",
											"from": [ 0.0, 0.3, 0.0 ],
											"to": [ 0.6, 0.7, 0.3 ],
											"unwrapMode": 5,
											"uv": [ 2.0, 14.5 ],
											"rotationOrigin": [ 0.0, 0.7, -0.1 ],
											"faces": {
												"north": { "texture": "#skin", "uv": [ 2.5, 14.5, 3.0, 15.0 ], "rotation": 180 },
												"east": { "texture": "#skin", "uv": [ 3.0, 15.0, 3.5, 15.5 ], "rotation": 90 },
												"west": { "texture": "#skin", "uv": [ 2.0, 15.0, 2.5, 15.5 ], "rotation": 270 },
												"up": { "texture": "#skin", "uv": [ 2.5, 15.0, 3.0, 15.5 ] },
												"down": { "texture": "#skin", "uv": [ 3.5, 15.0, 4.0, 15.5 ] }
											},
											"children": [
												{
													"name": "R Pupil",
													"from": [ -0.01, -0.1, -0.01 ],
													"to": [ 0.39, 0.2, 0.19 ],
													"unwrapMode": 5,
													"uv": [ 1.5, 18.0 ],
													"rotationOrigin": [ -0.01, -0.1, -0.01 ],
													"faces": {
														"north": { "texture": "#skin", "uv": [ 2.0, 18.0, 2.5, 18.5 ], "rotation": 180, "windMode": [-1,-1,-1,-1], "windData": [1,1,1,1] },
														"east": { "texture": "#skin", "uv": [ 2.5, 18.5, 3.0, 19.0 ], "rotation": 90 },
														"west": { "texture": "#skin", "uv": [ 1.5, 18.5, 2.0, 19.0 ], "rotation": 270 },
														"up": { "texture": "#skin", "uv": [ 2.0, 18.5, 2.5, 19.0 ] },
														"down": { "texture": "#skin", "uv": [ 3.0, 18.5, 3.5, 19.0 ] }
													}
												}
											]
										}
									]
								},
								{
									"name": "R Ear",
									"from": [ 1.8, 3.9, -0.3 ],
									"to": [ 2.2, 5.8, 1.2 ],
									"unwrapMode": 4,
									"uv": [ 8.5, 4.5 ],
									"rotationOrigin": [ 2.0, 3.9, 0.5 ],
									"rotationX": -55.0,
									"rotationY": -45.0,
									"faces": {
										"north": { "texture": "#skin", "uv": [ 8.5, 5.0, 9.0, 6.5 ] },
										"east": { "texture": "#skin", "uv": [ 11.0, 5.0, 12.5, 6.5 ] },
										"south": { "texture": "#skin", "uv": [ 10.5, 5.0, 11.0, 6.5 ], "windMode": [-1,-1,-1,-1], "windData": [1,1,1,1] },
										"west": { "texture": "#skin", "uv": [ 9.0, 5.0, 10.5, 6.5 ] },
										"up": { "texture": "#skin", "uv": [ 9.0, 4.5, 10.5, 5.0 ], "rotation": 90 },
										"down": { "texture": "#skin", "uv": [ 9.0, 6.5, 10.5, 7.0 ], "rotation": 90 }
									},
									"children": [
										{
											"name": "R Ear2",
											"from": [ 0.0, 1.8, -0.7 ],
											"to": [ 0.4, 3.3, 0.3 ],
											"unwrapMode": 4,
											"uv": [ 8.5, 1.5 ],
											"rotationOrigin": [ 0.2, 1.8, -0.7 ],
											"rotationX": 37.0,
											"rotationY": 1.0,
											"faces": {
												"north": { "texture": "#skin", "uv": [ 8.5, 2.0, 9.0, 3.5 ] },
												"east": { "texture": "#skin", "uv": [ 10.5, 2.0, 11.5, 3.5 ] },
												"south": { "texture": "#skin", "uv": [ 10.0, 2.0, 10.5, 3.5 ] },
												"west": { "texture": "#skin", "uv": [ 9.0, 2.0, 10.0, 3.5 ] },
												"up": { "texture": "#skin", "uv": [ 9.0, 1.5, 10.0, 2.0 ], "rotation": 90 },
												"down": { "texture": "#skin", "uv": [ 9.0, 3.5, 10.0, 4.0 ], "rotation": 90 }
											},
											"children": [
												{
													"name": "R Ear1",
													"from": [ 0.0, -2.0, 0.0 ],
													"to": [ 0.4, 0.0, 1.0 ],
													"unwrapMode": 4,
													"uv": [ 5.0, 1.5 ],
													"rotationOrigin": [ 0.2, 0.0, 0.0 ],
													"rotationX": -55.0,
													"rotationY": 1.0,
													"faces": {
														"north": { "texture": "#skin", "uv": [ 5.0, 2.0, 5.5, 4.0 ] },
														"east": { "texture": "#skin", "uv": [ 7.0, 2.0, 8.0, 4.0 ] },
														"south": { "texture": "#skin", "uv": [ 6.5, 2.0, 7.0, 4.0 ] },
														"west": { "texture": "#skin", "uv": [ 5.5, 2.0, 6.5, 4.0 ] },
														"up": { "texture": "#skin", "uv": [ 5.5, 1.5, 6.5, 2.0 ], "rotation": 90 },
														"down": { "texture": "#skin", "uv": [ 5.5, 4.0, 6.5, 4.5 ], "rotation": 90 }
													}
												}
											]
										},
										{
											"name": "R Ear3",
											"from": [ 0.0, 1.9, 0.7 ],
											"to": [ 0.4, 3.5, 1.5 ],
											"unwrapMode": 4,
											"uv": [ 12.0, 1.5 ],
											"rotationOrigin": [ 0.2, 1.9, 1.5 ],
											"rotationX": -26.0,
											"rotationY": -1.0,
											"faces": {
												"north": { "texture": "#skin", "uv": [ 12.0, 2.0, 12.5, 3.5 ] },
												"east": { "texture": "#skin", "uv": [ 13.5, 2.0, 14.0, 3.5 ] },
												"south": { "texture": "#skin", "uv": [ 13.0, 2.0, 13.5, 3.5 ] },
												"west": { "texture": "#skin", "uv": [ 12.5, 2.0, 13.0, 3.5 ] },
												"up": { "texture": "#skin", "uv": [ 12.5, 1.5, 13.0, 2.0 ], "rotation": 90 },
												"down": { "texture": "#skin", "uv": [ 12.5, 3.5, 13.0, 4.0 ], "rotation": 90 }
											}
										}
									]
								},
								{
									"name": "L Eye",
									"from": [ -0.01, 2.6, 3.61 ],
									"to": [ 0.59, 2.9, 3.91 ],
									"unwrapMode": 5,
									"uv": [ 2.5, 17.0 ],
									"rotationOrigin": [ -0.01, 3.0, 3.51 ],
									"faces": {
										"east": { "texture": "#skin", "uv": [ 3.5, 17.0, 4.0, 17.5 ], "rotation": 90 },
										"south": { "texture": "#skin", "uv": [ 3.0, 17.5, 3.5, 18.0 ] },
										"west": { "texture": "#skin", "uv": [ 2.5, 17.0, 3.0, 17.5 ], "rotation": 270 },
										"up": { "texture": "#skin", "uv": [ 3.0, 17.0, 3.5, 17.5 ] },
										"down": { "texture": "#skin", "uv": [ 4.0, 17.0, 4.5, 17.5 ] }
									},
									"children": [
										{
											"name": "L Eye2",
											"from": [ 0.0, 0.3, 0.0 ],
											"to": [ 0.6, 0.7, 0.3 ],
											"unwrapMode": 5,
											"uv": [ 2.0, 15.0 ],
											"rotationOrigin": [ 0.0, 0.7, -0.1 ],
											"faces": {
												"east": { "texture": "#skin", "uv": [ 3.0, 15.0, 3.5, 15.5 ], "rotation": 90 },
												"south": { "texture": "#skin", "uv": [ 2.5, 15.5, 3.0, 16.0 ] },
												"west": { "texture": "#skin", "uv": [ 2.0, 15.0, 2.5, 15.5 ], "rotation": 270 },
												"up": { "texture": "#skin", "uv": [ 2.5, 15.0, 3.0, 15.5 ] },
												"down": { "texture": "#skin", "uv": [ 3.5, 15.0, 4.0, 15.5 ] }
											},
											"children": [
												{
													"name": "L Pupil",
													"from": [ -0.01, -0.1, 0.11 ],
													"to": [ 0.39, 0.2, 0.31 ],
													"unwrapMode": 5,
													"uv": [ 1.5, 18.5 ],
													"rotationOrigin": [ -0.01, -0.1, 0.11 ],
													"faces": {
														"east": { "texture": "#skin", "uv": [ 2.5, 18.5, 3.0, 19.0 ], "rotation": 90 },
														"south": { "texture": "#skin", "uv": [ 2.0, 19.0, 2.5, 19.5 ] },
														"west": { "texture": "#skin", "uv": [ 1.5, 18.5, 2.0, 19.0 ], "rotation": 270 },
														"up": { "texture": "#skin", "uv": [ 2.0, 18.5, 2.5, 19.0 ] },
														"down": { "texture": "#skin", "uv": [ 3.0, 18.5, 3.5, 19.0 ] }
													}
												}
											]
										}
									]
								},
								{
									"name": "Jaw",
									"from": [ -1.1, -0.3, 0.85 ],
									"to": [ 1.7, 1.2, 3.05 ],
									"unwrapMode": 5,
									"unwrapRotation": 1,
									"uv": [ 13.0, 66.5 ],
									"rotationOrigin": [ 1.2, 0.5, 1.65 ],
									"rotationZ": 8.0,
									"faces": {
										"north": { "texture": "#skin", "uv": [ 13.0, 66.5, 14.5, 69.0 ], "rotation": 270 },
										"south": { "texture": "#skin", "uv": [ 16.5, 66.5, 18.0, 69.0 ], "rotation": 90 },
										"west": { "texture": "#skin", "uv": [ 14.5, 69.0, 16.5, 70.5 ] },
										"up": { "texture": "#skin", "uv": [ 14.5, 66.5, 16.5, 69.0 ], "rotation": 90 },
										"down": { "texture": "#skin", "uv": [ 18.0, 66.5, 20.0, 69.0 ], "rotation": 270 }
									},
									"children": [
										{
											"name": "Jaw2",
											"from": [ -1.7, 0.0, 0.05 ],
											"to": [ 0.0, 0.7, 2.15 ],
											"unwrapMode": 5,
											"unwrapRotation": 1,
											"uv": [ 8.5, 70.0 ],
											"rotationOrigin": [ 0.0, 0.7, 1.1 ],
											"rotationZ": 22.0,
											"faces": {
												"north": { "texture": "#skin", "uv": [ 8.5, 70.0, 9.0, 71.5 ], "rotation": 270 },
												"south": { "texture": "#skin", "uv": [ 11.0, 70.0, 11.5, 71.5 ], "rotation": 90 },
												"west": { "texture": "#skin", "uv": [ 9.0, 71.5, 11.0, 72.0 ] },
												"up": { "texture": "#skin", "uv": [ 9.0, 70.0, 11.0, 71.5 ], "rotation": 90 },
												"down": { "texture": "#skin", "uv": [ 11.5, 70.0, 13.5, 71.5 ], "rotation": 270 }
											}
										}
									]
								}
							]
						},
						{
							"name": "Neck Ruffle R",
							"from": [ 0.1, 1.2, 0.0 ],
							"to": [ 6.1, 5.2, 1.5 ],
							"unwrapMode": 2,
							"autoUnwrap": false,
							"uv": [ 16.0, -1.5 ],
							"rotationOrigin": [ 0.1, 5.2, 0.0 ],
							"rotationX": 18.0,
							"faces": {
								"north": { "texture": "#skin", "uv": [ 18.0, 10.0, 24.0, 14.0 ] },
								"east": { "texture": "#skin", "uv": [ 16.5, 7.5, 18.0, 11.5 ] },
								"south": { "texture": "#skin", "uv": [ 8.5, 10.0, 14.5, 14.0 ] },
								"west": { "texture": "#skin", "uv": [ 27.5, 14.5, 29.0, 18.5 ] },
								"up": { "texture": "#skin", "uv": [ 16.5, 1.5, 18.0, 7.5 ], "rotation": 270 },
								"down": { "texture": "#skin", "uv": [ 6.0, 5.5, 7.5, 11.5 ], "rotation": 270 }
							}
						},
						{
							"name": "Neck Ruffle L",
							"from": [ 0.1, 1.2, 2.0 ],
							"to": [ 6.1, 5.2, 3.5 ],
							"unwrapMode": 2,
							"autoUnwrap": false,
							"uv": [ 18.5, -3.0 ],
							"rotationOrigin": [ 0.1, 5.2, 3.5 ],
							"rotationX": -18.0,
							"faces": {
								"north": { "texture": "#skin", "uv": [ 18.0, 10.0, 24.0, 14.0 ] },
								"east": { "texture": "#skin", "uv": [ 14.5, 7.5, 16.0, 11.5 ] },
								"south": { "texture": "#skin", "uv": [ 8.5, 10.0, 14.5, 14.0 ] },
								"west": { "texture": "#skin", "uv": [ 32.5, 14.5, 34.0, 18.5 ] },
								"up": { "texture": "#skin", "uv": [ 14.5, 1.5, 16.0, 7.5 ], "rotation": 270 },
								"down": { "texture": "#skin", "uv": [ 1.0, 5.5, 2.5, 11.5 ], "rotation": 270 }
							}
						}
					],
					"attachmentpoints": [
						{
							"code": "rope",
							"posX": "0.0","posY": "2.0","posZ": "1.75",
							"rotationX": "0.0","rotationY": "0.0","rotationZ": "0.0"
						}
					]
				},
				{
					"name": "Neck tuft",
					"from": [ -4.0, 5.5, 3.25 ],
					"to": [ 0.0, 7.5, 3.25 ],
					"renderPass": 1,
					"autoUnwrap": false,
					"uv": [ 28.5, 71.5 ],
					"rotationOrigin": [ 0.0, 7.5, 3.25 ],
					"rotationZ": 19.0,
					"faces": {
						"north": { "texture": "#skin", "uv": [ 1.0, 47.5, 3.0, 51.5 ], "rotation": 270 }
					}
				},
				{
					"name": "Neck tuft2",
					"from": [ -4.0, 5.3, 3.25 ],
					"to": [ 0.0, 7.3, 3.25 ],
					"renderPass": 1,
					"autoUnwrap": false,
					"uv": [ 39.0, 74.5 ],
					"rotationOrigin": [ 0.0, 7.3, 3.25 ],
					"rotationY": 10.0,
					"rotationZ": 24.0,
					"faces": {
						"north": { "texture": "#skin", "uv": [ 3.0, 47.5, 5.0, 51.5 ], "rotation": 270 }
					}
				},
				{
					"name": "Neck tuft3",
					"from": [ -4.0, 5.3, 3.25 ],
					"to": [ 0.0, 7.3, 3.25 ],
					"renderPass": 1,
					"autoUnwrap": false,
					"uv": [ 1.0, 53.0 ],
					"rotationOrigin": [ 0.0, 7.3, 3.25 ],
					"rotationY": -10.0,
					"rotationZ": 24.0,
					"faces": {
						"north": { "texture": "#skin", "uv": [ 1.0, 52.0, 3.0, 56.0 ], "rotation": 270 }
					}
				}
			]
		}
	]}