{
	"editor": {
		"collapsedPaths": "",
		"allAngles": true,
		"entityTextureMode": true
	},
	"textureWidth": 36,
	"textureHeight": 36,
	"textureSizes": {
		"skin": [36,36]
	},
	"textures": {
	},
	"elements": [
		{
			"name": "Origin",
			"from": [ 8.0, 0.0, 8.0 ],
			"to": [ 8.0, 0.0, 8.0 ],
			"uv": [ 0.0, 0.0 ],
			"rotationOrigin": [ 8.0, 0.0, 8.0 ],
			"faces": {
			},
			"children": [
				{
					"name": "Rear",
					"from": [ 1.3, 6.58, -1.75 ],
					"to": [ 4.7, 10.18, 1.75 ],
					"unwrapMode": 7,
					"unwrapRotation": 1,
					"autoUnwrap": false,
					"uv": [ 2.5, 68.0 ],
					"rotationOrigin": [ 2.1, 9.7, 0.0 ],
					"rotationX": -3.0,
					"rotationY": 5.0,
					"rotationZ": -9.0,
					"faces": {
						"north": { "texture": "#skin", "uv": [ 8.0, 17.0, 11.5, 20.0 ], "rotation": 90 },
						"east": { "texture": "#skin", "uv": [ 4.5, 20.0, 8.0, 23.5 ] },
						"south": { "texture": "#skin", "uv": [ 1.0, 17.0, 4.5, 20.0 ], "rotation": 270 },
						"west": { "texture": "#skin", "uv": [ 4.5, 24.5, 8.0, 28.0 ] },
						"up": { "texture": "#skin", "uv": [ 4.5, 17.0, 8.0, 20.0 ], "rotation": 270 },
						"down": { "texture": "#skin", "uv": [ 11.5, 17.0, 15.0, 20.0 ], "rotation": 90 }
					},
					"children": [
						{
							"name": "Tail",
							"from": [ 2.8, 2.3, 1.35 ],
							"to": [ 3.4, 3.4, 2.15 ],
							"unwrapMode": 2,
							"uv": [ 29.5, 9.5 ],
							"rotationOrigin": [ 3.3, 3.4, 1.75 ],
							"rotationZ": 56.0,
							"faces": {
								"north": { "texture": "#skin", "uv": [ 30.5, 10.0, 31.0, 11.0 ], "windMode": [-1,-1,-1,-1], "windData": [0,1,1,0] },
								"east": { "texture": "#skin", "uv": [ 30.0, 10.0, 30.5, 11.0 ], "windMode": [-1,-1,-1,-1], "windData": [0,1,1,0] },
								"south": { "texture": "#skin", "uv": [ 29.5, 10.0, 30.0, 11.0 ] },
								"west": { "texture": "#skin", "uv": [ 31.0, 10.0, 31.5, 11.0 ], "windMode": [-1,-1,-1,-1], "windData": [0,0,1,1] },
								"up": { "texture": "#skin", "uv": [ 30.0, 9.5, 30.5, 10.0 ], "rotation": 270, "windMode": [-1,-1,-1,-1], "windData": [1,1,1,1] },
								"down": { "texture": "#skin", "uv": [ 30.0, 11.0, 30.5, 11.5 ], "rotation": 270, "windMode": [-1,-1,-1,-1], "windData": [1,1,1,1] }
							},
							"children": [
								{
									"name": "Tail2",
									"from": [ -0.1, -0.6, 0.0 ],
									"to": [ 0.6, 0.2, 0.8 ],
									"unwrapMode": 2,
									"uv": [ 29.5, 12.0 ],
									"rotationOrigin": [ 0.4, 0.0, 0.4 ],
									"rotationY": -1.0,
									"rotationZ": -23.0,
									"faces": {
										"north": { "texture": "#skin", "uv": [ 30.5, 12.0, 31.0, 12.5 ], "windMode": [-1,-1,-1,-1], "windData": [0,1,1,0] },
										"east": { "texture": "#skin", "uv": [ 30.0, 12.0, 30.5, 12.5 ], "windMode": [-1,-1,-1,-1], "windData": [0,1,1,0] },
										"south": { "texture": "#skin", "uv": [ 29.5, 12.0, 30.0, 12.5 ] },
										"west": { "texture": "#skin", "uv": [ 31.0, 12.0, 31.5, 12.5 ], "windMode": [-1,-1,-1,-1], "windData": [0,0,1,1] },
										"down": { "texture": "#skin", "uv": [ 30.0, 12.5, 30.5, 13.0 ], "rotation": 270, "windMode": [-1,-1,-1,-1] }
									},
									"children": [
										{
											"name": "Tail3",
											"from": [ -0.1, -1.0, 0.0 ],
											"to": [ 0.7, 0.1, 0.8 ],
											"unwrapMode": 2,
											"uv": [ 29.5, 13.5 ],
											"rotationOrigin": [ 0.5, 0.0, 0.4 ],
											"rotationZ": -18.0,
											"faces": {
												"north": { "texture": "#skin", "uv": [ 30.5, 13.5, 31.0, 14.5 ], "windMode": [-1,-1,-1,-1], "windData": [0,1,1,0] },
												"east": { "texture": "#skin", "uv": [ 30.0, 13.5, 30.5, 14.5 ], "windMode": [-1,-1,-1,-1], "windData": [0,1,1,0] },
												"south": { "texture": "#skin", "uv": [ 29.5, 13.5, 30.0, 14.5 ] },
												"west": { "texture": "#skin", "uv": [ 31.0, 13.5, 31.5, 14.5 ], "windMode": [-1,-1,-1,-1], "windData": [0,0,1,1] },
												"down": { "texture": "#skin", "uv": [ 30.0, 14.5, 30.5, 15.0 ], "rotation": 270, "windMode": [-1,-1,-1,-1] }
											},
											"children": [
												{
													"name": "Tail4",
													"from": [ -0.1, -0.6, 0.0 ],
													"to": [ 0.8, 0.1, 0.8 ],
													"unwrapMode": 2,
													"uv": [ 29.5, 15.5 ],
													"rotationOrigin": [ 0.5, 0.0, 0.5 ],
													"rotationY": 1.0,
													"rotationZ": -11.0,
													"faces": {
														"north": { "texture": "#skin", "uv": [ 30.5, 16.0, 31.0, 16.5 ], "windMode": [-1,-1,-1,-1], "windData": [0,1,1,0] },
														"east": { "texture": "#skin", "uv": [ 30.0, 16.0, 30.5, 16.5 ], "windMode": [-1,-1,-1,-1], "windData": [0,1,1,0] },
														"south": { "texture": "#skin", "uv": [ 29.5, 16.0, 30.0, 16.5 ] },
														"west": { "texture": "#skin", "uv": [ 31.0, 16.0, 31.5, 16.5 ], "windMode": [-1,-1,-1,-1], "windData": [0,0,1,1] },
														"up": { "texture": "#skin", "uv": [ 30.0, 15.5, 30.5, 16.0 ], "rotation": 270, "windMode": [-1,-1,-1,-1], "windData": [0,0,0,0] }
													},
													"children": [
														{
															"name": "Tail5",
															"from": [ 0.0, -0.8, -0.05 ],
															"to": [ 0.9, 0.1, 0.85 ],
															"unwrapMode": 2,
															"uv": [ 29.5, 17.0 ],
															"rotationOrigin": [ 0.4, 0.0, 0.4 ],
															"rotationY": -1.0,
															"rotationZ": -1.0,
															"faces": {
																"north": { "texture": "#skin", "uv": [ 30.5, 17.5, 31.0, 18.0 ], "windMode": [-1,-1,-1,-1], "windData": [0,1,1,0] },
																"east": { "texture": "#skin", "uv": [ 30.0, 17.5, 30.5, 18.0 ], "windMode": [-1,-1,-1,-1], "windData": [0,1,1,0] },
																"south": { "texture": "#skin", "uv": [ 29.5, 17.5, 30.0, 18.0 ] },
																"west": { "texture": "#skin", "uv": [ 31.0, 17.5, 31.5, 18.0 ], "windMode": [-1,-1,-1,-1], "windData": [0,0,1,1] },
																"up": { "texture": "#skin", "uv": [ 30.0, 17.0, 30.5, 17.5 ], "rotation": 270, "windMode": [-1,-1,-1,-1], "windData": [1,1,1,1] }
															},
															"children": [
																{
																	"name": "Tail6",
																	"from": [ 0.1, -0.7, 0.05 ],
																	"to": [ 0.8, 0.5, 0.85 ],
																	"unwrapMode": 2,
																	"uv": [ 29.5, 18.5 ],
																	"rotationOrigin": [ 0.4, 0.5, 0.45 ],
																	"rotationZ": 2.0,
																	"faces": {
																		"north": { "texture": "#skin", "uv": [ 30.5, 19.0, 31.0, 20.0 ], "windMode": [-1,-1,-1,-1], "windData": [0,1,1,0] },
																		"east": { "texture": "#skin", "uv": [ 30.0, 19.0, 30.5, 20.0 ], "windMode": [-1,-1,-1,-1], "windData": [0,1,1,0] },
																		"south": { "texture": "#skin", "uv": [ 29.5, 19.0, 30.0, 20.0 ] },
																		"west": { "texture": "#skin", "uv": [ 31.0, 19.0, 31.5, 20.0 ], "windMode": [-1,-1,-1,-1], "windData": [0,0,1,1] },
																		"up": { "texture": "#skin", "uv": [ 30.0, 18.5, 30.5, 19.0 ], "rotation": 270, "windMode": [-1,-1,-1,-1], "windData": [1,1,1,1] }
																	}
																}
															]
														}
													]
												}
											]
										}
									]
								}
							]
						},
						{
							"name": "L Haunch",
							"from": [ 1.5, -0.6, 2.7 ],
							"to": [ 4.0, 3.2, 4.0 ],
							"unwrapMode": 3,
							"uv": [ 17.5, 20.5 ],
							"rotationOrigin": [ 2.5, 2.5, 3.4 ],
							"rotationX": 6.0,
							"rotationY": 0.5,
							"faces": {
								"north": { "texture": "#skin", "uv": [ 22.0, 21.5, 24.5, 25.0 ] },
								"east": { "texture": "#skin", "uv": [ 21.0, 21.5, 22.0, 25.0 ] },
								"south": { "texture": "#skin", "uv": [ 18.5, 21.5, 21.0, 25.0 ] },
								"west": { "texture": "#skin", "uv": [ 17.5, 21.5, 18.5, 25.0 ] },
								"up": { "texture": "#skin", "uv": [ 18.5, 20.5, 21.0, 21.5 ], "windMode": [-1,-1,-1,-1], "windData": [0,0,1,1] },
								"down": { "texture": "#skin", "uv": [ 18.5, 25.0, 21.0, 26.0 ], "rotation": 180 }
							},
							"children": [
								{
									"name": "L LegUp",
									"from": [ 0.5, -2.4, 0.15 ],
									"to": [ 1.5, 0.9, 1.15 ],
									"unwrapMode": 3,
									"uv": [ 17.5, 26.5 ],
									"rotationOrigin": [ 0.9, 0.4, 0.65 ],
									"rotationZ": 40.0,
									"faces": {
										"north": { "texture": "#skin", "uv": [ 20.5, 27.5, 21.5, 30.5 ] },
										"east": { "texture": "#skin", "uv": [ 19.5, 27.5, 20.5, 30.5 ] },
										"south": { "texture": "#skin", "uv": [ 18.5, 27.5, 19.5, 30.5 ] },
										"west": { "texture": "#skin", "uv": [ 17.5, 27.5, 18.5, 30.5 ] },
										"up": { "texture": "#skin", "uv": [ 18.5, 26.5, 19.5, 27.5 ] },
										"down": { "texture": "#skin", "uv": [ 18.5, 30.5, 19.5, 31.5 ], "rotation": 180 }
									},
									"children": [
										{
											"name": "L LegLow",
											"from": [ 0.2, -2.9, 0.15 ],
											"to": [ 0.9, 0.2, 0.85 ],
											"unwrapMode": 3,
											"uv": [ 19.5, 31.5 ],
											"rotationOrigin": [ 0.7, 0.2, 0.5 ],
											"rotationX": -1.0,
											"rotationZ": -11.0,
											"faces": {
												"north": { "texture": "#skin", "uv": [ 21.0, 32.0, 21.5, 35.0 ] },
												"east": { "texture": "#skin", "uv": [ 20.5, 32.0, 21.0, 35.0 ] },
												"south": { "texture": "#skin", "uv": [ 20.0, 32.0, 20.5, 35.0 ] },
												"west": { "texture": "#skin", "uv": [ 19.5, 32.0, 20.0, 35.0 ] },
												"up": { "texture": "#skin", "uv": [ 20.0, 31.5, 20.5, 32.0 ] },
												"down": { "texture": "#skin", "uv": [ 20.0, 35.0, 20.5, 35.5 ], "rotation": 180, "windMode": [-1,-1,-1,-1] }
											},
											"children": [
												{
													"name": "L Hind Pastern",
													"from": [ 0.1, -0.9, 0.05 ],
													"to": [ 0.6, 0.2, 0.65 ],
													"unwrapMode": 3,
													"uv": [ 17.0, 34.0 ],
													"rotationOrigin": [ 0.3, 0.2, 0.35 ],
													"rotationY": 5.0,
													"rotationZ": -23.0,
													"faces": {
														"north": { "texture": "#skin", "uv": [ 18.5, 34.0, 19.0, 35.0 ] },
														"east": { "texture": "#skin", "uv": [ 18.0, 34.0, 18.5, 35.0 ] },
														"south": { "texture": "#skin", "uv": [ 17.5, 34.0, 18.0, 35.0 ] },
														"west": { "texture": "#skin", "uv": [ 17.0, 34.0, 17.5, 35.0 ] },
														"down": { "texture": "#skin", "uv": [ 17.5, 35.0, 18.0, 35.5 ], "rotation": 180 }
													},
													"children": [
														{
															"name": "L Hind Hoof",
															"from": [ 0.2, 0.3, 0.3 ],
															"to": [ 0.2, 0.3, 0.3 ],
															"uv": [ 0.0, 0.0 ],
															"rotationOrigin": [ 0.2, 0.3, 0.3 ],
															"rotationY": 1.0,
															"rotationZ": 1.0,
															"faces": {
															},
															"children": [
																{
																	"name": "L Hind Hoof2",
																	"from": [ -0.4, -0.5, -0.3 ],
																	"to": [ 0.3, -0.2, 0.3 ],
																	"unwrapMode": 5,
																	"uv": [ 22.0, 31.5 ],
																	"rotationOrigin": [ 0.1, -0.2, 0.2 ],
																	"faces": {
																		"north": { "texture": "#skin", "uv": [ 22.5, 31.5, 23.0, 32.0 ], "rotation": 180 },
																		"east": { "texture": "#skin", "uv": [ 23.0, 32.0, 23.5, 32.5 ], "rotation": 90 },
																		"south": { "texture": "#skin", "uv": [ 22.5, 32.5, 23.0, 33.0 ] },
																		"west": { "texture": "#skin", "uv": [ 22.0, 32.0, 22.5, 32.5 ], "rotation": 270 },
																		"up": { "texture": "#skin", "uv": [ 22.5, 32.0, 23.0, 32.5 ] },
																		"down": { "texture": "#skin", "uv": [ 23.5, 32.0, 24.0, 32.5 ] }
																	}
																},
																{
																	"name": "L Hind Hoof1",
																	"from": [ -0.4, -0.5, -0.3 ],
																	"to": [ 0.3, -0.2, 0.3 ],
																	"unwrapMode": 5,
																	"uv": [ 22.0, 33.5 ],
																	"rotationOrigin": [ -0.4, -0.5, -0.2 ],
																	"rotationY": 1.0,
																	"rotationZ": 40.0,
																	"faces": {
																		"north": { "texture": "#skin", "uv": [ 22.5, 33.5, 23.0, 34.0 ], "rotation": 180 },
																		"east": { "texture": "#skin", "uv": [ 23.0, 34.0, 23.5, 34.5 ], "rotation": 90 },
																		"south": { "texture": "#skin", "uv": [ 22.5, 34.5, 23.0, 35.0 ] },
																		"west": { "texture": "#skin", "uv": [ 22.0, 34.0, 22.5, 34.5 ], "rotation": 270 },
																		"up": { "texture": "#skin", "uv": [ 22.5, 34.0, 23.0, 34.5 ] },
																		"down": { "texture": "#skin", "uv": [ 23.5, 34.0, 24.0, 34.5 ] }
																	}
																}
															]
														}
													]
												}
											]
										},
										{
											"name": "L LegUp Taper",
											"from": [ 0.6, 0.0, 0.05 ],
											"to": [ 1.1, 3.0, 0.95 ],
											"unwrapMode": 2,
											"uv": [ 22.0, 27.5 ],
											"rotationOrigin": [ 1.0, 0.0, 0.1 ],
											"rotationZ": -11.0,
											"faces": {
												"north": { "texture": "#skin", "uv": [ 23.0, 27.5, 23.5, 30.5 ] },
												"east": { "texture": "#skin", "uv": [ 22.5, 27.5, 23.0, 30.5 ] },
												"south": { "texture": "#skin", "uv": [ 22.0, 27.5, 22.5, 30.5 ] },
												"down": { "texture": "#skin", "uv": [ 22.5, 30.5, 23.0, 31.0 ], "rotation": 270 }
											}
										}
									]
								}
							]
						},
						{
							"name": "R Haunch",
							"from": [ 1.5, -0.6, -0.5 ],
							"to": [ 4.0, 3.2, 0.8 ],
							"unwrapMode": 1,
							"uv": [ 25.0, 20.5 ],
							"rotationOrigin": [ 2.5, 2.5, 0.1 ],
							"rotationX": -6.0,
							"rotationY": -0.5,
							"faces": {
								"north": { "texture": "#skin", "uv": [ 26.0, 21.5, 28.5, 25.0 ] },
								"east": { "texture": "#skin", "uv": [ 25.0, 21.5, 26.0, 25.0 ] },
								"south": { "texture": "#skin", "uv": [ 29.5, 21.5, 32.0, 25.0 ] },
								"west": { "texture": "#skin", "uv": [ 28.5, 21.5, 29.5, 25.0 ] },
								"up": { "texture": "#skin", "uv": [ 26.0, 20.5, 28.5, 21.5 ], "rotation": 180 },
								"down": { "texture": "#skin", "uv": [ 26.0, 25.0, 28.5, 26.0 ] }
							},
							"children": [
								{
									"name": "R LegUp",
									"from": [ 0.5, -2.4, 0.1 ],
									"to": [ 1.5, 0.9, 1.1 ],
									"unwrapMode": 1,
									"uv": [ 25.0, 26.5 ],
									"rotationOrigin": [ 0.9, 0.4, 0.6 ],
									"rotationZ": 26.0,
									"faces": {
										"north": { "texture": "#skin", "uv": [ 26.0, 27.5, 27.0, 30.5 ] },
										"east": { "texture": "#skin", "uv": [ 25.0, 27.5, 26.0, 30.5 ] },
										"south": { "texture": "#skin", "uv": [ 28.0, 27.5, 29.0, 30.5 ] },
										"west": { "texture": "#skin", "uv": [ 27.0, 27.5, 28.0, 30.5 ] },
										"up": { "texture": "#skin", "uv": [ 26.0, 26.5, 27.0, 27.5 ], "rotation": 180 },
										"down": { "texture": "#skin", "uv": [ 26.0, 30.5, 27.0, 31.5 ] }
									},
									"children": [
										{
											"name": "R LegLow",
											"from": [ 0.2, -2.9, 0.15 ],
											"to": [ 0.9, 0.2, 0.85 ],
											"unwrapMode": 1,
											"uv": [ 27.0, 31.5 ],
											"rotationOrigin": [ 0.7, 0.2, 0.5 ],
											"rotationX": 6.0,
											"rotationZ": -42.0,
											"faces": {
												"north": { "texture": "#skin", "uv": [ 27.5, 32.0, 28.0, 35.0 ] },
												"east": { "texture": "#skin", "uv": [ 27.0, 32.0, 27.5, 35.0 ] },
												"south": { "texture": "#skin", "uv": [ 28.5, 32.0, 29.0, 35.0 ] },
												"west": { "texture": "#skin", "uv": [ 28.0, 32.0, 28.5, 35.0 ] },
												"up": { "texture": "#skin", "uv": [ 27.5, 31.5, 28.0, 32.0 ], "rotation": 180 },
												"down": { "texture": "#skin", "uv": [ 27.5, 35.0, 28.0, 35.5 ] }
											},
											"children": [
												{
													"name": "R Hind Pastern",
													"from": [ 0.1, -0.9, 0.05 ],
													"to": [ 0.6, 0.2, 0.65 ],
													"unwrapMode": 1,
													"uv": [ 24.5, 34.0 ],
													"rotationOrigin": [ 0.3, 0.2, 0.35 ],
													"rotationX": 3.0,
													"rotationY": -3.0,
													"rotationZ": -14.0,
													"faces": {
														"north": { "texture": "#skin", "uv": [ 25.0, 34.0, 25.5, 35.0 ] },
														"east": { "texture": "#skin", "uv": [ 24.5, 34.0, 25.0, 35.0 ] },
														"south": { "texture": "#skin", "uv": [ 26.0, 34.0, 26.5, 35.0 ] },
														"west": { "texture": "#skin", "uv": [ 25.5, 34.0, 26.0, 35.0 ] },
														"down": { "texture": "#skin", "uv": [ 25.0, 35.0, 25.5, 35.5 ] }
													},
													"children": [
														{
															"name": "R Hind Hoof",
															"from": [ 0.2, 0.3, 0.3 ],
															"to": [ 0.2, 0.3, 0.3 ],
															"uv": [ 0.0, 0.0 ],
															"rotationOrigin": [ 0.2, 0.3, 0.3 ],
															"rotationY": -1.0,
															"rotationZ": 42.0,
															"faces": {
															},
															"children": [
																{
																	"name": "R Hind Hoof1",
																	"from": [ -0.4, -0.5, -0.3 ],
																	"to": [ 0.3, -0.2, 0.3 ],
																	"unwrapMode": 5,
																	"uv": [ 29.5, 33.5 ],
																	"rotationOrigin": [ -0.4, -0.5, -0.2 ],
																	"rotationY": -1.0,
																	"rotationZ": 40.0,
																	"faces": {
																		"north": { "texture": "#skin", "uv": [ 30.0, 33.5, 30.5, 34.0 ], "rotation": 180 },
																		"east": { "texture": "#skin", "uv": [ 30.5, 34.0, 31.0, 34.5 ], "rotation": 90 },
																		"south": { "texture": "#skin", "uv": [ 30.0, 34.5, 30.5, 35.0 ] },
																		"west": { "texture": "#skin", "uv": [ 29.5, 34.0, 30.0, 34.5 ], "rotation": 270 },
																		"up": { "texture": "#skin", "uv": [ 30.0, 34.0, 30.5, 34.5 ] },
																		"down": { "texture": "#skin", "uv": [ 31.0, 34.0, 31.5, 34.5 ] }
																	}
																},
																{
																	"name": "R Hind Hoof2",
																	"from": [ -0.4, -0.5, -0.3 ],
																	"to": [ 0.3, -0.2, 0.3 ],
																	"unwrapMode": 5,
																	"uv": [ 29.5, 31.5 ],
																	"rotationOrigin": [ 0.1, -0.2, 0.2 ],
																	"faces": {
																		"north": { "texture": "#skin", "uv": [ 30.0, 31.5, 30.5, 32.0 ], "rotation": 180 },
																		"east": { "texture": "#skin", "uv": [ 30.5, 32.0, 31.0, 32.5 ], "rotation": 90 },
																		"south": { "texture": "#skin", "uv": [ 30.0, 32.5, 30.5, 33.0 ] },
																		"west": { "texture": "#skin", "uv": [ 29.5, 32.0, 30.0, 32.5 ], "rotation": 270 },
																		"up": { "texture": "#skin", "uv": [ 30.0, 32.0, 30.5, 32.5 ] },
																		"down": { "texture": "#skin", "uv": [ 31.0, 32.0, 31.5, 32.5 ] }
																	}
																}
															]
														}
													]
												}
											]
										},
										{
											"name": "R LegUp Taper",
											"from": [ 0.6, 0.0, 0.05 ],
											"to": [ 1.1, 3.0, 0.95 ],
											"unwrapMode": 2,
											"uv": [ 29.5, 27.5 ],
											"rotationOrigin": [ 1.0, 0.0, 0.1 ],
											"rotationZ": -11.0,
											"faces": {
												"north": { "texture": "#skin", "uv": [ 30.5, 27.5, 31.0, 30.5 ] },
												"east": { "texture": "#skin", "uv": [ 30.0, 27.5, 30.5, 30.5 ] },
												"south": { "texture": "#skin", "uv": [ 29.5, 27.5, 30.0, 30.5 ] },
												"down": { "texture": "#skin", "uv": [ 30.0, 30.5, 30.5, 31.0 ], "rotation": 270 }
											}
										}
									]
								}
							]
						},
						{
							"name": "Midsection",
							"from": [ -2.0, -0.2, -0.05 ],
							"to": [ 0.5, 3.65, 3.55 ],
							"unwrapMode": 7,
							"unwrapRotation": 1,
							"autoUnwrap": false,
							"uv": [ 3.0, 57.5 ],
							"rotationOrigin": [ 0.1, 3.1, 1.75 ],
							"rotationX": 2.0,
							"rotationY": -5.0,
							"rotationZ": 7.0,
							"faces": {
								"north": { "texture": "#skin", "uv": [ 8.0, 14.0, 11.5, 16.5 ], "rotation": 90, "windMode": [-1,-1,-1,-1], "windData": [0,1,1,0] },
								"east": { "texture": "#skin", "uv": [ 13.0, 21.0, 16.5, 24.5 ], "windMode": [-1,-1,-1,-1], "windData": [0,1,1,0] },
								"south": { "texture": "#skin", "uv": [ 1.0, 14.0, 4.5, 16.5 ], "rotation": 270 },
								"west": { "texture": "#skin", "uv": [ 9.0, 21.0, 12.5, 24.5 ], "windMode": [-1,-1,-1,-1], "windData": [0,0,1,1] },
								"up": { "texture": "#skin", "uv": [ 4.5, 14.0, 8.0, 16.5 ], "rotation": 270 },
								"down": { "texture": "#skin", "uv": [ 11.5, 14.0, 15.0, 16.5 ], "rotation": 90 }
							},
							"children": [
								{
									"name": "Chest",
									"from": [ -3.0, 0.3, 0.05 ],
									"to": [ 0.6, 3.8, 3.55 ],
									"unwrapMode": 7,
									"unwrapRotation": 1,
									"autoUnwrap": false,
									"uv": [ 2.5, 46.0 ],
									"rotationOrigin": [ 0.5, 3.7, 1.8 ],
									"rotationX": 1.0,
									"rotationZ": 3.0,
									"faces": {
										"north": { "texture": "#skin", "uv": [ 8.0, 10.0, 11.5, 13.5 ], "rotation": 90 },
										"east": { "texture": "#skin", "uv": [ 13.0, 25.5, 16.5, 29.0 ] },
										"south": { "texture": "#skin", "uv": [ 1.0, 10.0, 4.5, 13.5 ], "rotation": 270 },
										"west": { "texture": "#skin", "uv": [ 9.0, 25.5, 12.5, 29.0 ] },
										"up": { "texture": "#skin", "uv": [ 4.5, 10.0, 8.0, 13.5 ], "rotation": 270 },
										"down": { "texture": "#skin", "uv": [ 11.5, 10.0, 15.0, 13.5 ], "rotation": 90 }
									},
									"children": [
										{
											"name": "Neck",
											"from": [ -0.6, 2.2, 0.95 ],
											"to": [ 1.9, 5.3, 2.55 ],
											"unwrapMode": 2,
											"autoUnwrap": false,
											"uv": [ 5.5, 5.0 ],
											"rotationOrigin": [ 1.6, 2.2, 1.75 ],
											"rotationZ": 78.0,
											"faces": {
												"north": { "texture": "#skin", "uv": [ 7.0, 6.5, 9.5, 9.5 ], "windMode": [-1,-1,-1,-1], "windData": [0,0,1,0] },
												"east": { "texture": "#skin", "uv": [ 5.5, 6.5, 7.0, 9.5 ], "windMode": [-1,-1,-1,-1], "windData": [1,0,0,1] },
												"south": { "texture": "#skin", "uv": [ 3.0, 6.5, 5.5, 9.5 ] },
												"west": { "texture": "#skin", "uv": [ 9.5, 6.5, 11.0, 9.5 ] },
												"up": { "texture": "#skin", "uv": [ 1.0, 6.5, 2.5, 9.0 ], "rotation": 90 }
											},
											"children": [
												{
													"name": "Neck2",
													"from": [ 0.2, 2.3, 0.05 ],
													"to": [ 2.2, 5.4, 1.55 ],
													"unwrapMode": 2,
													"uv": [ 3.5, 1.0 ],
													"rotationOrigin": [ 2.0, 2.3, 0.8 ],
													"rotationZ": -8.0,
													"faces": {
														"north": { "texture": "#skin", "uv": [ 7.0, 3.0, 9.0, 6.0 ] },
														"east": { "texture": "#skin", "uv": [ 5.5, 3.0, 7.0, 6.0 ] },
														"south": { "texture": "#skin", "uv": [ 3.5, 3.0, 5.5, 6.0 ] },
														"west": { "texture": "#skin", "uv": [ 9.0, 3.0, 10.5, 6.0 ] },
														"up": { "texture": "#skin", "uv": [ 5.5, 1.0, 7.0, 3.0 ], "rotation": 270 }
													},
													"children": [
														{
															"name": "Head",
															"from": [ 0.4, 0.9, -0.05 ],
															"to": [ 2.0, 3.2, 1.55 ],
															"unwrapMode": 4,
															"uv": [ 5.0, 29.0 ],
															"rotationOrigin": [ 1.9, 3.1, 0.75 ],
															"rotationZ": -65.0,
															"faces": {
																"north": { "texture": "#skin", "uv": [ 5.0, 30.5, 6.5, 32.5 ] },
																"east": { "texture": "#skin", "uv": [ 9.5, 30.5, 11.0, 32.5 ] },
																"south": { "texture": "#skin", "uv": [ 8.0, 30.5, 9.5, 32.5 ] },
																"west": { "texture": "#skin", "uv": [ 6.5, 30.5, 8.0, 32.5 ] },
																"up": { "texture": "#skin", "uv": [ 6.5, 29.0, 8.0, 30.5 ], "rotation": 90 },
																"down": { "texture": "#skin", "uv": [ 6.5, 32.5, 8.0, 34.0 ], "rotation": 90 }
															},
															"children": [
																{
																	"name": "MouthUp",
																	"from": [ -2.0, 0.2, 0.25 ],
																	"to": [ 0.2, 0.7, 1.35 ],
																	"unwrapMode": 5,
																	"unwrapRotation": 1,
																	"uv": [ 11.5, 30.5 ],
																	"rotationOrigin": [ -0.1, 0.7, 0.8 ],
																	"rotationZ": 30.0,
																	"faces": {
																		"north": { "texture": "#skin", "uv": [ 11.5, 30.5, 12.0, 32.5 ], "rotation": 270 },
																		"south": { "texture": "#skin", "uv": [ 13.0, 30.5, 13.5, 32.5 ], "rotation": 90 },
																		"west": { "texture": "#skin", "uv": [ 12.0, 32.5, 13.0, 33.0 ] },
																		"up": { "texture": "#skin", "uv": [ 12.0, 30.5, 13.0, 32.5 ], "rotation": 90, "windMode": [-1,-1,-1,-1], "windData": [1,1,1,1] },
																		"down": { "texture": "#skin", "uv": [ 13.5, 30.5, 14.5, 32.5 ], "rotation": 270 }
																	},
																	"children": [
																		{
																			"name": "Nose",
																			"from": [ 0.2, 0.0, 0.05 ],
																			"to": [ 2.5, 1.0, 1.05 ],
																			"unwrapMode": 5,
																			"unwrapRotation": 1,
																			"uv": [ 1.5, 28.5 ],
																			"rotationOrigin": [ 0.2, 1.0, 0.5 ],
																			"rotationZ": 16.0,
																			"faces": {
																				"north": { "texture": "#skin", "uv": [ 1.5, 28.5, 2.5, 30.5 ], "rotation": 270, "windMode": [-1,-1,-1,-1], "windData": [1,1,1,1] },
																				"south": { "texture": "#skin", "uv": [ 3.5, 28.5, 4.5, 30.5 ], "rotation": 90 },
																				"west": { "texture": "#skin", "uv": [ 2.5, 30.5, 3.5, 31.5 ], "windMode": [-1,-1,-1,-1], "windData": [1,1,1,1] },
																				"up": { "texture": "#skin", "uv": [ 2.5, 28.5, 3.5, 30.5 ], "rotation": 90 }
																			},
																			"children": [
																				{
																					"name": "Snout",
																					"from": [ -0.5, 0.4, 0.1 ],
																					"to": [ 0.1, 0.9, 0.9 ],
																					"unwrapMode": 4,
																					"uv": [ 2.5, 32.0 ],
																					"rotationOrigin": [ 0.2, 1.0, 0.5 ],
																					"rotationZ": 4.0,
																					"faces": {
																						"north": { "texture": "#skin", "uv": [ 2.5, 32.5, 3.0, 33.0 ], "windMode": [-1,-1,-1,-1], "windData": [1,1,1,1] },
																						"east": { "texture": "#skin", "uv": [ 4.0, 32.5, 4.5, 33.0 ], "windMode": [-1,-1,-1,-1], "windData": [1,1,1,1] },
																						"south": { "texture": "#skin", "uv": [ 3.5, 32.5, 4.0, 33.0 ], "windMode": [-1,-1,-1,-1], "windData": [1,1,1,1] },
																						"west": { "texture": "#skin", "uv": [ 3.0, 32.5, 3.5, 33.0 ], "windMode": [-1,-1,-1,-1], "windData": [1,1,1,1] },
																						"up": { "texture": "#skin", "uv": [ 3.0, 32.0, 3.5, 32.5 ], "rotation": 90, "windMode": [-1,-1,-1,-1], "windData": [1,1,1,1] },
																						"down": { "texture": "#skin", "uv": [ 3.0, 33.0, 3.5, 33.5 ], "rotation": 90, "windMode": [-1,-1,-1,-1], "windData": [1,1,1,1] }
																					}
																				},
																				{
																					"name": "NoseBridge",
																					"from": [ 1.9, 0.2, -0.25 ],
																					"to": [ 2.7, 0.9, 1.25 ],
																					"unwrapMode": 5,
																					"unwrapRotation": 1,
																					"uv": [ 1.5, 26.5 ],
																					"rotationOrigin": [ 1.9, 0.9, -0.25 ],
																					"rotationZ": 22.0,
																					"faces": {
																						"north": { "texture": "#skin", "uv": [ 1.5, 27.0, 2.0, 27.5 ], "rotation": 270 },
																						"east": { "texture": "#skin", "uv": [ 2.0, 26.5, 3.5, 27.0 ], "rotation": 180 },
																						"south": { "texture": "#skin", "uv": [ 3.5, 27.0, 4.0, 27.5 ], "rotation": 90 },
																						"west": { "texture": "#skin", "uv": [ 2.0, 27.5, 3.5, 28.0 ] },
																						"up": { "texture": "#skin", "uv": [ 2.0, 27.0, 3.5, 27.5 ], "rotation": 90 }
																					},
																					"children": [
																						{
																							"name": "AntlerBase",
																							"from": [ 0.5, 0.5, 0.7 ],
																							"to": [ 0.5, 0.5, 0.7 ],
																							"uv": [ 0.0, 0.0 ],
																							"rotationOrigin": [ 0.5, 0.5, 0.7 ],
																							"faces": {
																							}
																						}
																					]
																				}
																			]
																		}
																	]
																},
																{
																	"name": "L Ear",
																	"from": [ 0.75, 2.0, 0.9 ],
																	"to": [ 1.05, 3.8, 1.9 ],
																	"unwrapMode": 4,
																	"uv": [ 23.5, 15.5 ],
																	"rotationOrigin": [ 0.9, 2.0, 1.2 ],
																	"rotationX": 55.0,
																	"rotationY": 45.0,
																	"faces": {
																		"north": { "texture": "#skin", "uv": [ 23.5, 16.0, 24.0, 17.5 ], "windMode": [-1,-1,-1,-1], "windData": [1,1,1,1] },
																		"east": { "texture": "#skin", "uv": [ 25.5, 16.0, 26.5, 17.5 ] },
																		"south": { "texture": "#skin", "uv": [ 25.0, 16.0, 25.5, 17.5 ], "windMode": [-1,-1,-1,-1], "windData": [1,1,1,1] },
																		"west": { "texture": "#skin", "uv": [ 24.0, 16.0, 25.0, 17.5 ] },
																		"up": { "texture": "#skin", "uv": [ 24.0, 15.5, 25.0, 16.0 ], "rotation": 90 },
																		"down": { "texture": "#skin", "uv": [ 24.0, 17.5, 25.0, 18.0 ], "rotation": 90 }
																	},
																	"children": [
																		{
																			"name": "L Ear3",
																			"from": [ 0.0, 1.8, 0.0 ],
																			"to": [ 0.3, 3.0, 0.6 ],
																			"unwrapMode": 4,
																			"uv": [ 23.0, 13.0 ],
																			"rotationOrigin": [ 0.15, 1.8, 0.0 ],
																			"rotationX": 26.0,
																			"rotationY": 1.0,
																			"faces": {
																				"north": { "texture": "#skin", "uv": [ 23.0, 13.5, 23.5, 14.5 ] },
																				"east": { "texture": "#skin", "uv": [ 24.5, 13.5, 25.0, 14.5 ] },
																				"south": { "texture": "#skin", "uv": [ 24.0, 13.5, 24.5, 14.5 ] },
																				"west": { "texture": "#skin", "uv": [ 23.5, 13.5, 24.0, 14.5 ] },
																				"up": { "texture": "#skin", "uv": [ 23.5, 13.0, 24.0, 13.5 ], "rotation": 90 },
																				"down": { "texture": "#skin", "uv": [ 23.5, 14.5, 24.0, 15.0 ], "rotation": 90 }
																			}
																		},
																		{
																			"name": "L Ear2",
																			"from": [ 0.0, 1.65, 0.75 ],
																			"to": [ 0.3, 2.55, 1.65 ],
																			"unwrapMode": 4,
																			"uv": [ 21.5, 11.5 ],
																			"rotationOrigin": [ 0.15, 1.65, 1.35 ],
																			"rotationX": -37.0,
																			"rotationY": -1.0,
																			"faces": {
																				"north": { "texture": "#skin", "uv": [ 21.5, 12.0, 22.0, 12.5 ] },
																				"east": { "texture": "#skin", "uv": [ 23.0, 12.0, 23.5, 12.5 ] },
																				"south": { "texture": "#skin", "uv": [ 22.5, 12.0, 23.0, 12.5 ] },
																				"west": { "texture": "#skin", "uv": [ 22.0, 12.0, 22.5, 12.5 ] },
																				"up": { "texture": "#skin", "uv": [ 22.0, 11.5, 22.5, 12.0 ], "rotation": 90 },
																				"down": { "texture": "#skin", "uv": [ 22.0, 12.5, 22.5, 13.0 ], "rotation": 90 }
																			},
																			"children": [
																				{
																					"name": "L Ear1",
																					"from": [ 0.0, -1.8, 0.0 ],
																					"to": [ 0.3, 0.0, 0.9 ],
																					"unwrapMode": 4,
																					"uv": [ 21.0, 15.5 ],
																					"rotationOrigin": [ 0.15, 0.0, 0.9 ],
																					"rotationX": 55.0,
																					"rotationY": -1.0,
																					"faces": {
																						"north": { "texture": "#skin", "uv": [ 21.0, 16.0, 21.5, 17.5 ] },
																						"east": { "texture": "#skin", "uv": [ 22.5, 16.0, 23.0, 17.5 ] },
																						"south": { "texture": "#skin", "uv": [ 22.0, 16.0, 22.5, 17.5 ] },
																						"west": { "texture": "#skin", "uv": [ 21.5, 16.0, 22.0, 17.5 ] },
																						"up": { "texture": "#skin", "uv": [ 21.5, 15.5, 22.0, 16.0 ], "rotation": 90 },
																						"down": { "texture": "#skin", "uv": [ 21.5, 17.5, 22.0, 18.0 ], "rotation": 90 }
																					}
																				}
																			]
																		}
																	]
																},
																{
																	"name": "R Eye",
																	"from": [ -0.01, 1.3, -0.01 ],
																	"to": [ 0.39, 1.5, 0.19 ],
																	"unwrapMode": 5,
																	"uv": [ 0.5, 24.5 ],
																	"rotationOrigin": [ -0.01, 1.5, -0.01 ],
																	"faces": {
																		"north": { "texture": "#skin", "uv": [ 1.0, 24.5, 1.5, 25.0 ], "rotation": 180 },
																		"east": { "texture": "#skin", "uv": [ 1.5, 25.0, 2.0, 25.5 ], "rotation": 90 },
																		"west": { "texture": "#skin", "uv": [ 0.5, 25.0, 1.0, 25.5 ], "rotation": 270 },
																		"up": { "texture": "#skin", "uv": [ 1.0, 25.0, 1.5, 25.5 ] },
																		"down": { "texture": "#skin", "uv": [ 2.0, 25.0, 2.5, 25.5 ] }
																	},
																	"children": [
																		{
																			"name": "R Eye2",
																			"from": [ 0.0, 0.2, 0.0 ],
																			"to": [ 0.4, 0.4, 0.2 ],
																			"unwrapMode": 5,
																			"uv": [ 1.5, 22.5 ],
																			"rotationOrigin": [ 0.0, 0.5, 0.0 ],
																			"faces": {
																				"north": { "texture": "#skin", "uv": [ 2.0, 22.5, 2.5, 23.0 ], "rotation": 180 },
																				"east": { "texture": "#skin", "uv": [ 2.5, 23.0, 3.0, 23.5 ], "rotation": 90 },
																				"west": { "texture": "#skin", "uv": [ 1.5, 23.0, 2.0, 23.5 ], "rotation": 270 },
																				"up": { "texture": "#skin", "uv": [ 2.0, 23.0, 2.5, 23.5 ] },
																				"down": { "texture": "#skin", "uv": [ 3.0, 23.0, 3.5, 23.5 ] }
																			},
																			"children": [
																				{
																					"name": "R Pupil",
																					"from": [ -0.01, -0.1, -0.01 ],
																					"to": [ 0.19, 0.1, 0.09 ],
																					"unwrapMode": 5,
																					"uv": [ 0.5, 20.5 ],
																					"rotationOrigin": [ -0.01, -0.1, -0.01 ],
																					"faces": {
																						"north": { "texture": "#skin", "uv": [ 1.0, 20.5, 1.5, 21.0 ], "rotation": 180, "windMode": [-1,-1,-1,-1], "windData": [1,1,1,1] },
																						"east": { "texture": "#skin", "uv": [ 1.5, 21.0, 2.0, 21.5 ], "rotation": 90 },
																						"west": { "texture": "#skin", "uv": [ 0.5, 21.0, 1.0, 21.5 ], "rotation": 270 },
																						"up": { "texture": "#skin", "uv": [ 1.0, 21.0, 1.5, 21.5 ] },
																						"down": { "texture": "#skin", "uv": [ 2.0, 21.0, 2.5, 21.5 ] }
																					}
																				}
																			]
																		}
																	]
																},
																{
																	"name": "R Ear",
																	"from": [ 0.75, 2.0, -0.35 ],
																	"to": [ 1.05, 3.8, 0.65 ],
																	"unwrapMode": 4,
																	"uv": [ 11.5, 3.5 ],
																	"rotationOrigin": [ 0.9, 2.0, 0.35 ],
																	"rotationX": -55.0,
																	"rotationY": -45.0,
																	"faces": {
																		"north": { "texture": "#skin", "uv": [ 11.5, 4.0, 12.0, 5.5 ] },
																		"east": { "texture": "#skin", "uv": [ 13.5, 4.0, 14.5, 5.5 ] },
																		"south": { "texture": "#skin", "uv": [ 13.0, 4.0, 13.5, 5.5 ], "windMode": [-1,-1,-1,-1], "windData": [1,1,1,1] },
																		"west": { "texture": "#skin", "uv": [ 12.0, 4.0, 13.0, 5.5 ] },
																		"up": { "texture": "#skin", "uv": [ 12.0, 3.5, 13.0, 4.0 ], "rotation": 90 },
																		"down": { "texture": "#skin", "uv": [ 12.0, 5.5, 13.0, 6.0 ], "rotation": 90 }
																	},
																	"children": [
																		{
																			"name": "R Ear2",
																			"from": [ 0.0, 1.65, -0.65 ],
																			"to": [ 0.3, 2.55, 0.25 ],
																			"unwrapMode": 4,
																			"uv": [ 14.0, 1.0 ],
																			"rotationOrigin": [ 0.15, 1.65, -0.35 ],
																			"rotationX": 37.0,
																			"rotationY": 1.0,
																			"faces": {
																				"north": { "texture": "#skin", "uv": [ 14.0, 1.5, 14.5, 2.0 ] },
																				"east": { "texture": "#skin", "uv": [ 15.5, 1.5, 16.0, 2.0 ] },
																				"south": { "texture": "#skin", "uv": [ 15.0, 1.5, 15.5, 2.0 ] },
																				"west": { "texture": "#skin", "uv": [ 14.5, 1.5, 15.0, 2.0 ] },
																				"up": { "texture": "#skin", "uv": [ 14.5, 1.0, 15.0, 1.5 ], "rotation": 90 },
																				"down": { "texture": "#skin", "uv": [ 14.5, 2.0, 15.0, 2.5 ], "rotation": 90 }
																			},
																			"children": [
																				{
																					"name": "R Ear1",
																					"from": [ 0.0, -1.8, 0.0 ],
																					"to": [ 0.3, 0.0, 0.9 ],
																					"unwrapMode": 4,
																					"uv": [ 15.0, 3.5 ],
																					"rotationOrigin": [ 0.15, 0.0, 0.0 ],
																					"rotationX": -55.0,
																					"rotationY": 1.0,
																					"faces": {
																						"north": { "texture": "#skin", "uv": [ 15.0, 4.0, 15.5, 5.5 ] },
																						"east": { "texture": "#skin", "uv": [ 16.5, 4.0, 17.0, 5.5 ] },
																						"south": { "texture": "#skin", "uv": [ 16.0, 4.0, 16.5, 5.5 ] },
																						"west": { "texture": "#skin", "uv": [ 15.5, 4.0, 16.0, 5.5 ] },
																						"up": { "texture": "#skin", "uv": [ 15.5, 3.5, 16.0, 4.0 ], "rotation": 90 },
																						"down": { "texture": "#skin", "uv": [ 15.5, 5.5, 16.0, 6.0 ], "rotation": 90 }
																					}
																				}
																			]
																		},
																		{
																			"name": "R Ear3",
																			"from": [ 0.0, 1.8, 0.4 ],
																			"to": [ 0.3, 3.0, 1.0 ],
																			"unwrapMode": 4,
																			"uv": [ 11.5, 1.0 ],
																			"rotationOrigin": [ 0.15, 1.8, 1.0 ],
																			"rotationX": -26.0,
																			"rotationY": -1.0,
																			"faces": {
																				"north": { "texture": "#skin", "uv": [ 11.5, 1.5, 12.0, 2.5 ] },
																				"east": { "texture": "#skin", "uv": [ 13.0, 1.5, 13.5, 2.5 ] },
																				"south": { "texture": "#skin", "uv": [ 12.5, 1.5, 13.0, 2.5 ] },
																				"west": { "texture": "#skin", "uv": [ 12.0, 1.5, 12.5, 2.5 ] },
																				"up": { "texture": "#skin", "uv": [ 12.0, 1.0, 12.5, 1.5 ], "rotation": 90 },
																				"down": { "texture": "#skin", "uv": [ 12.0, 2.5, 12.5, 3.0 ], "rotation": 90 }
																			}
																		}
																	]
																},
																{
																	"name": "L Eye",
																	"from": [ -0.01, 1.3, 1.41 ],
																	"to": [ 0.39, 1.5, 1.61 ],
																	"unwrapMode": 5,
																	"uv": [ 0.5, 25.5 ],
																	"rotationOrigin": [ -0.01, 1.4, 1.41 ],
																	"faces": {
																		"east": { "texture": "#skin", "uv": [ 1.5, 25.5, 2.0, 26.0 ], "rotation": 90 },
																		"south": { "texture": "#skin", "uv": [ 1.0, 26.0, 1.5, 26.5 ] },
																		"west": { "texture": "#skin", "uv": [ 0.5, 25.5, 1.0, 26.0 ], "rotation": 270 },
																		"up": { "texture": "#skin", "uv": [ 1.0, 25.5, 1.5, 26.0 ] },
																		"down": { "texture": "#skin", "uv": [ 2.0, 25.5, 2.5, 26.0 ] }
																	},
																	"children": [
																		{
																			"name": "L Eye2",
																			"from": [ 0.0, 0.2, 0.0 ],
																			"to": [ 0.4, 0.4, 0.2 ],
																			"unwrapMode": 5,
																			"uv": [ 1.5, 23.5 ],
																			"rotationOrigin": [ 0.0, 0.5, -0.1 ],
																			"faces": {
																				"east": { "texture": "#skin", "uv": [ 2.5, 23.5, 3.0, 24.0 ], "rotation": 90 },
																				"south": { "texture": "#skin", "uv": [ 2.0, 24.0, 2.5, 24.5 ] },
																				"west": { "texture": "#skin", "uv": [ 1.5, 23.5, 2.0, 24.0 ], "rotation": 270 },
																				"up": { "texture": "#skin", "uv": [ 2.0, 23.5, 2.5, 24.0 ] },
																				"down": { "texture": "#skin", "uv": [ 3.0, 23.5, 3.5, 24.0 ] }
																			},
																			"children": [
																				{
																					"name": "L Pupil",
																					"from": [ -0.01, -0.1, 0.11 ],
																					"to": [ 0.19, 0.1, 0.21 ],
																					"unwrapMode": 5,
																					"uv": [ 0.5, 21.5 ],
																					"rotationOrigin": [ -0.01, -0.1, 0.11 ],
																					"faces": {
																						"east": { "texture": "#skin", "uv": [ 1.5, 21.5, 2.0, 22.0 ], "rotation": 90 },
																						"south": { "texture": "#skin", "uv": [ 1.0, 22.0, 1.5, 22.5 ] },
																						"west": { "texture": "#skin", "uv": [ 0.5, 21.5, 1.0, 22.0 ], "rotation": 270 },
																						"up": { "texture": "#skin", "uv": [ 1.0, 21.5, 1.5, 22.0 ] },
																						"down": { "texture": "#skin", "uv": [ 2.0, 21.5, 2.5, 22.0 ] }
																					}
																				}
																			]
																		}
																	]
																},
																{
																	"name": "Jaw",
																	"from": [ -0.6, -0.1, 0.3 ],
																	"to": [ 1.1, 0.7, 1.3 ],
																	"unwrapMode": 5,
																	"unwrapRotation": 1,
																	"uv": [ 12.5, 33.5 ],
																	"rotationOrigin": [ 0.6, 0.4, 0.8 ],
																	"rotationZ": 14.0,
																	"faces": {
																		"north": { "texture": "#skin", "uv": [ 12.5, 33.5, 13.0, 35.0 ], "rotation": 270 },
																		"south": { "texture": "#skin", "uv": [ 14.0, 33.5, 14.5, 35.0 ], "rotation": 90 },
																		"west": { "texture": "#skin", "uv": [ 13.0, 35.0, 14.0, 35.5 ] },
																		"up": { "texture": "#skin", "uv": [ 13.0, 33.5, 14.0, 35.0 ], "rotation": 90 },
																		"down": { "texture": "#skin", "uv": [ 14.5, 33.5, 15.5, 35.0 ], "rotation": 270 }
																	},
																	"children": [
																		{
																			"name": "Jaw2",
																			"from": [ -0.8, 0.0, 0.1 ],
																			"to": [ 0.1, 0.5, 0.9 ],
																			"unwrapMode": 5,
																			"unwrapRotation": 1,
																			"uv": [ 10.0, 34.5 ],
																			"rotationOrigin": [ 0.0, 0.4, 0.5 ],
																			"rotationX": 1.0,
																			"rotationZ": 17.0,
																			"faces": {
																				"north": { "texture": "#skin", "uv": [ 10.0, 34.5, 10.5, 35.0 ], "rotation": 270 },
																				"south": { "texture": "#skin", "uv": [ 11.0, 34.5, 11.5, 35.0 ], "rotation": 90 },
																				"west": { "texture": "#skin", "uv": [ 10.5, 35.0, 11.0, 35.5 ] },
																				"up": { "texture": "#skin", "uv": [ 10.5, 34.5, 11.0, 35.0 ], "rotation": 90 },
																				"down": { "texture": "#skin", "uv": [ 11.5, 34.5, 12.0, 35.0 ], "rotation": 270 }
																			}
																		}
																	]
																}
															]
														}
													],
													"attachmentpoints": [
														{
															"code": "rope",
															"posX": "0.0","posY": "1.0","posZ": "0.6",
															"rotationX": "0.0","rotationY": "0.0","rotationZ": "0.0"
														}
													]
												}
											]
										},
										{
											"name": "L Shoulder",
											"from": [ 0.2, -0.7, 2.7 ],
											"to": [ 2.1, 3.1, 3.7 ],
											"unwrapMode": 3,
											"uv": [ 18.0, 0.5 ],
											"rotationOrigin": [ 0.6, 1.9, 3.3 ],
											"rotationX": 2.0,
											"rotationZ": -10.0,
											"faces": {
												"north": { "texture": "#skin", "uv": [ 21.5, 1.5, 23.0, 5.0 ] },
												"east": { "texture": "#skin", "uv": [ 20.5, 1.5, 21.5, 5.0 ] },
												"south": { "texture": "#skin", "uv": [ 19.0, 1.5, 20.5, 5.0 ] },
												"west": { "texture": "#skin", "uv": [ 18.0, 1.5, 19.0, 5.0 ] },
												"up": { "texture": "#skin", "uv": [ 19.0, 0.5, 20.5, 1.5 ] },
												"down": { "texture": "#skin", "uv": [ 19.0, 5.0, 20.5, 6.0 ], "rotation": 180 }
											},
											"children": [
												{
													"name": "L ArmUp",
													"from": [ 0.1, -0.1, 0.1 ],
													"to": [ 2.8, 1.4, 1.1 ],
													"unwrapMode": 3,
													"uv": [ 17.0, 6.5 ],
													"rotationOrigin": [ 0.4, 0.3, 0.6 ],
													"rotationY": -0.1,
													"rotationZ": -10.0,
													"faces": {
														"north": { "texture": "#skin", "uv": [ 21.5, 7.5, 24.0, 9.0 ] },
														"east": { "texture": "#skin", "uv": [ 20.5, 7.5, 21.5, 9.0 ] },
														"south": { "texture": "#skin", "uv": [ 18.0, 7.5, 20.5, 9.0 ] },
														"west": { "texture": "#skin", "uv": [ 17.0, 7.5, 18.0, 9.0 ] },
														"up": { "texture": "#skin", "uv": [ 18.0, 6.5, 20.5, 7.5 ], "windMode": [-1,-1,-1,-1] },
														"down": { "texture": "#skin", "uv": [ 18.0, 9.0, 20.5, 10.0 ], "rotation": 180 }
													},
													"children": [
														{
															"name": "L ArmMid",
															"from": [ 1.6, -2.1, 0.1 ],
															"to": [ 2.7, 1.2, 0.9 ],
															"unwrapMode": 3,
															"uv": [ 17.0, 10.5 ],
															"rotationOrigin": [ 2.3, 0.9, 0.5 ],
															"rotationX": 8.0,
															"rotationY": 2.0,
															"rotationZ": 20.0,
															"faces": {
																"north": { "texture": "#skin", "uv": [ 19.0, 11.0, 20.0, 14.0 ] },
																"east": { "texture": "#skin", "uv": [ 18.5, 11.0, 19.0, 14.0 ] },
																"south": { "texture": "#skin", "uv": [ 17.5, 11.0, 18.5, 14.0 ] },
																"west": { "texture": "#skin", "uv": [ 17.0, 11.0, 17.5, 14.0 ] },
																"up": { "texture": "#skin", "uv": [ 17.5, 10.5, 18.5, 11.0 ] },
																"down": { "texture": "#skin", "uv": [ 17.5, 14.0, 18.5, 14.5 ], "rotation": 180 }
															},
															"children": [
																{
																	"name": "L ArmLow",
																	"from": [ 0.2, -2.7, 0.1 ],
																	"to": [ 0.9, 0.4, 0.7 ],
																	"unwrapMode": 3,
																	"uv": [ 18.5, 14.5 ],
																	"rotationOrigin": [ 0.5, 0.2, 0.4 ],
																	"rotationX": -2.0,
																	"faces": {
																		"north": { "texture": "#skin", "uv": [ 20.0, 15.0, 20.5, 18.0 ] },
																		"east": { "texture": "#skin", "uv": [ 19.5, 15.0, 20.0, 18.0 ] },
																		"south": { "texture": "#skin", "uv": [ 19.0, 15.0, 19.5, 18.0 ] },
																		"west": { "texture": "#skin", "uv": [ 18.5, 15.0, 19.0, 18.0 ] },
																		"up": { "texture": "#skin", "uv": [ 19.0, 14.5, 19.5, 15.0 ] },
																		"down": { "texture": "#skin", "uv": [ 19.0, 18.0, 19.5, 18.5 ], "rotation": 180 }
																	},
																	"children": [
																		{
																			"name": "L Front Pastern",
																			"from": [ 0.1, -0.6, 0.05 ],
																			"to": [ 0.7, 0.4, 0.55 ],
																			"unwrapMode": 3,
																			"uv": [ 16.5, 18.5 ],
																			"rotationOrigin": [ 0.4, 0.4, 0.3 ],
																			"rotationX": -9.0,
																			"rotationZ": -16.6,
																			"faces": {
																				"north": { "texture": "#skin", "uv": [ 18.0, 18.5, 18.5, 19.5 ] },
																				"east": { "texture": "#skin", "uv": [ 17.5, 18.5, 18.0, 19.5 ] },
																				"south": { "texture": "#skin", "uv": [ 17.0, 18.5, 17.5, 19.5 ] },
																				"west": { "texture": "#skin", "uv": [ 16.5, 18.5, 17.0, 19.5 ] },
																				"down": { "texture": "#skin", "uv": [ 17.0, 19.5, 17.5, 20.0 ], "rotation": 180 }
																			},
																			"children": [
																				{
																					"name": "L Front Hoof",
																					"from": [ 0.2, 0.3, 0.3 ],
																					"to": [ 0.2, 0.3, 0.3 ],
																					"uv": [ 0.0, 0.0 ],
																					"rotationOrigin": [ 0.2, 0.3, 0.3 ],
																					"rotationY": 1.0,
																					"rotationZ": 10.0,
																					"faces": {
																					},
																					"children": [
																						{
																							"name": "L Front Hoof2",
																							"from": [ -0.4, -0.5, -0.3 ],
																							"to": [ 0.3, -0.2, 0.2 ],
																							"unwrapMode": 5,
																							"uv": [ 19.5, 18.5 ],
																							"rotationOrigin": [ 0.1, -0.2, 0.2 ],
																							"faces": {
																								"north": { "texture": "#skin", "uv": [ 20.0, 18.5, 20.5, 19.0 ], "rotation": 180 },
																								"east": { "texture": "#skin", "uv": [ 20.5, 19.0, 21.0, 19.5 ], "rotation": 90 },
																								"south": { "texture": "#skin", "uv": [ 20.0, 19.5, 20.5, 20.0 ] },
																								"west": { "texture": "#skin", "uv": [ 19.5, 19.0, 20.0, 19.5 ], "rotation": 270 },
																								"up": { "texture": "#skin", "uv": [ 20.0, 19.0, 20.5, 19.5 ] },
																								"down": { "texture": "#skin", "uv": [ 21.0, 19.0, 21.5, 19.5 ] }
																							}
																						},
																						{
																							"name": "L Front Hoof1",
																							"from": [ -0.4, -0.5, -0.3 ],
																							"to": [ 0.3, -0.2, 0.2 ],
																							"unwrapMode": 5,
																							"uv": [ 22.0, 19.5 ],
																							"rotationOrigin": [ -0.4, -0.5, -0.3 ],
																							"rotationY": 1.0,
																							"rotationZ": 49.0,
																							"faces": {
																								"north": { "texture": "#skin", "uv": [ 22.5, 19.5, 23.0, 20.0 ], "rotation": 180 },
																								"east": { "texture": "#skin", "uv": [ 23.0, 20.0, 23.5, 20.5 ], "rotation": 90 },
																								"south": { "texture": "#skin", "uv": [ 22.5, 20.5, 23.0, 21.0 ] },
																								"west": { "texture": "#skin", "uv": [ 22.0, 20.0, 22.5, 20.5 ], "rotation": 270 },
																								"up": { "texture": "#skin", "uv": [ 22.5, 20.0, 23.0, 20.5 ] },
																								"down": { "texture": "#skin", "uv": [ 23.5, 20.0, 24.0, 20.5 ] }
																							}
																						}
																					]
																				}
																			]
																		}
																	]
																}
															]
														}
													]
												}
											]
										},
										{
											"name": "R Shoulder",
											"from": [ 0.2, -0.6, -0.2 ],
											"to": [ 2.1, 3.2, 0.8 ],
											"unwrapMode": 1,
											"uv": [ 26.0, 0.5 ],
											"rotationOrigin": [ 0.6, 2.0, 0.3 ],
											"rotationX": -2.0,
											"rotationZ": -10.0,
											"faces": {
												"north": { "texture": "#skin", "uv": [ 27.0, 1.5, 28.5, 5.0 ] },
												"east": { "texture": "#skin", "uv": [ 26.0, 1.5, 27.0, 5.0 ] },
												"south": { "texture": "#skin", "uv": [ 29.5, 1.5, 31.0, 5.0 ] },
												"west": { "texture": "#skin", "uv": [ 28.5, 1.5, 29.5, 5.0 ] },
												"up": { "texture": "#skin", "uv": [ 27.0, 0.5, 28.5, 1.5 ], "rotation": 180 },
												"down": { "texture": "#skin", "uv": [ 27.0, 5.0, 28.5, 6.0 ] }
											},
											"children": [
												{
													"name": "R ArmUp",
													"from": [ 0.1, -0.1, -0.1 ],
													"to": [ 2.8, 1.4, 0.9 ],
													"unwrapMode": 1,
													"uv": [ 25.0, 6.5 ],
													"rotationOrigin": [ 0.4, 0.3, 0.3 ],
													"rotationY": 0.1,
													"rotationZ": -10.0,
													"faces": {
														"north": { "texture": "#skin", "uv": [ 26.0, 7.5, 28.5, 9.0 ] },
														"east": { "texture": "#skin", "uv": [ 25.0, 7.5, 26.0, 9.0 ] },
														"south": { "texture": "#skin", "uv": [ 29.5, 7.5, 32.0, 9.0 ] },
														"west": { "texture": "#skin", "uv": [ 28.5, 7.5, 29.5, 9.0 ] },
														"up": { "texture": "#skin", "uv": [ 26.0, 6.5, 28.5, 7.5 ], "rotation": 180 },
														"down": { "texture": "#skin", "uv": [ 26.0, 9.0, 28.5, 10.0 ] }
													},
													"children": [
														{
															"name": "R ArmMid",
															"from": [ 1.6, -2.1, 0.1 ],
															"to": [ 2.7, 1.2, 0.9 ],
															"unwrapMode": 1,
															"uv": [ 25.5, 10.5 ],
															"rotationOrigin": [ 2.3, 0.9, 0.5 ],
															"rotationX": -2.0,
															"rotationY": -2.0,
															"rotationZ": 20.0,
															"faces": {
																"north": { "texture": "#skin", "uv": [ 26.0, 11.0, 27.0, 14.0 ] },
																"east": { "texture": "#skin", "uv": [ 25.5, 11.0, 26.0, 14.0 ] },
																"south": { "texture": "#skin", "uv": [ 27.5, 11.0, 28.5, 14.0 ] },
																"west": { "texture": "#skin", "uv": [ 27.0, 11.0, 27.5, 14.0 ] },
																"up": { "texture": "#skin", "uv": [ 26.0, 10.5, 27.0, 11.0 ], "rotation": 180 },
																"down": { "texture": "#skin", "uv": [ 26.0, 14.0, 27.0, 14.5 ] }
															},
															"children": [
																{
																	"name": "R ArmLow",
																	"from": [ 0.2, -2.7, 0.1 ],
																	"to": [ 0.9, 0.4, 0.7 ],
																	"unwrapMode": 1,
																	"uv": [ 27.0, 14.5 ],
																	"rotationOrigin": [ 0.5, 0.2, 0.4 ],
																	"rotationX": 2.0,
																	"faces": {
																		"north": { "texture": "#skin", "uv": [ 27.5, 15.0, 28.0, 18.0 ] },
																		"east": { "texture": "#skin", "uv": [ 27.0, 15.0, 27.5, 18.0 ] },
																		"south": { "texture": "#skin", "uv": [ 28.5, 15.0, 29.0, 18.0 ] },
																		"west": { "texture": "#skin", "uv": [ 28.0, 15.0, 28.5, 18.0 ] },
																		"up": { "texture": "#skin", "uv": [ 27.5, 14.5, 28.0, 15.0 ], "rotation": 180 },
																		"down": { "texture": "#skin", "uv": [ 27.5, 18.0, 28.0, 18.5 ] }
																	},
																	"children": [
																		{
																			"name": "R Front Pastern",
																			"from": [ 0.1, -0.6, 0.05 ],
																			"to": [ 0.7, 0.4, 0.55 ],
																			"unwrapMode": 1,
																			"uv": [ 25.0, 18.5 ],
																			"rotationOrigin": [ 0.4, 0.4, 0.3 ],
																			"rotationX": 1.0,
																			"rotationZ": -10.0,
																			"faces": {
																				"north": { "texture": "#skin", "uv": [ 25.5, 18.5, 26.0, 19.5 ] },
																				"east": { "texture": "#skin", "uv": [ 25.0, 18.5, 25.5, 19.5 ] },
																				"south": { "texture": "#skin", "uv": [ 26.5, 18.5, 27.0, 19.5 ] },
																				"west": { "texture": "#skin", "uv": [ 26.0, 18.5, 26.5, 19.5 ] },
																				"down": { "texture": "#skin", "uv": [ 25.5, 19.5, 26.0, 20.0 ] }
																			},
																			"children": [
																				{
																					"name": "R Front Hoof",
																					"from": [ 0.2, 0.3, 0.3 ],
																					"to": [ 0.2, 0.3, 0.3 ],
																					"uv": [ 0.0, 0.0 ],
																					"rotationOrigin": [ 0.2, 0.3, 0.3 ],
																					"rotationY": -1.0,
																					"rotationZ": 10.0,
																					"faces": {
																					},
																					"children": [
																						{
																							"name": "R Front Hoof2",
																							"from": [ -0.4, -0.5, -0.3 ],
																							"to": [ 0.3, -0.2, 0.2 ],
																							"unwrapMode": 5,
																							"uv": [ 29.0, 25.5 ],
																							"rotationOrigin": [ 0.1, -0.2, 0.2 ],
																							"faces": {
																								"north": { "texture": "#skin", "uv": [ 29.5, 25.5, 30.0, 26.0 ], "rotation": 180 },
																								"east": { "texture": "#skin", "uv": [ 30.0, 26.0, 30.5, 26.5 ], "rotation": 90 },
																								"south": { "texture": "#skin", "uv": [ 29.5, 26.5, 30.0, 27.0 ] },
																								"west": { "texture": "#skin", "uv": [ 29.0, 26.0, 29.5, 26.5 ], "rotation": 270 },
																								"up": { "texture": "#skin", "uv": [ 29.5, 26.0, 30.0, 26.5 ] },
																								"down": { "texture": "#skin", "uv": [ 30.5, 26.0, 31.0, 26.5 ] }
																							}
																						},
																						{
																							"name": "R Front Hoof1",
																							"from": [ -0.4, -0.5, -0.3 ],
																							"to": [ 0.3, -0.2, 0.2 ],
																							"unwrapMode": 5,
																							"uv": [ 23.5, 25.5 ],
																							"rotationOrigin": [ -0.4, -0.5, 0.2 ],
																							"rotationY": -1.0,
																							"rotationZ": 49.0,
																							"faces": {
																								"north": { "texture": "#skin", "uv": [ 24.0, 25.5, 24.5, 26.0 ], "rotation": 180 },
																								"east": { "texture": "#skin", "uv": [ 24.5, 26.0, 25.0, 26.5 ], "rotation": 90 },
																								"south": { "texture": "#skin", "uv": [ 24.0, 26.5, 24.5, 27.0 ] },
																								"west": { "texture": "#skin", "uv": [ 23.5, 26.0, 24.0, 26.5 ], "rotation": 270 },
																								"up": { "texture": "#skin", "uv": [ 24.0, 26.0, 24.5, 26.5 ] },
																								"down": { "texture": "#skin", "uv": [ 25.0, 26.0, 25.5, 26.5 ] }
																							}
																						}
																					]
																				}
																			]
																		}
																	]
																}
															]
														}
													]
												}
											]
										}
									],
									"attachmentpoints": [
										{
											"code": "Center",
											"posX": "8.0","posY": "0.0","posZ": "1.2",
											"rotationX": "0.0","rotationY": "0.0","rotationZ": "0.0"
										}
									]
								}
							],
							"attachmentpoints": [
								{
									"code": "Rider",
									"posX": "3.0","posY": "11.0","posZ": "3.7",
									"rotationX": "0.0","rotationY": "-180.0","rotationZ": "0.0"
								}
							]
						}
					]
				}
			]
		}
	]}