{
	"editor": {
		"collapsedPaths": "",
		"allAngles": true,
		"entityTextureMode": true
	},
	"textureWidth": 64,
	"textureHeight": 68,
	"textureSizes": {
		"skin": [64,68]
	},
	"textures": {
	},
	"elements": [
		{
			"name": "Origin",
			"from": [ 8.0, 0.0, 8.0 ],
			"to": [ 8.0, 0.0, 8.0 ],
			"uv": [ 0.0, 0.0 ],
			"rotationOrigin": [ 8.0, 0.0, 8.0 ],
			"faces": {
			},
			"children": [
				{
					"name": "Rear",
					"from": [ 2.5, 12.08, -3.25 ],
					"to": [ 9.3, 20.18, 3.25 ],
					"unwrapMode": 7,
					"unwrapRotation": 1,
					"autoUnwrap": false,
					"uv": [ 2.5, 68.0 ],
					"rotationOrigin": [ 4.2, 17.8, 0.0 ],
					"rotationZ": -5.0,
					"faces": {
						"north": { "texture": "#skin", "uv": [ 16.0, 33.0, 24.0, 39.5 ], "rotation": 90 },
						"east": { "texture": "#skin", "uv": [ 9.5, 39.5, 16.0, 47.5 ] },
						"south": { "texture": "#skin", "uv": [ 1.5, 33.0, 9.5, 39.5 ], "rotation": 270 },
						"west": { "texture": "#skin", "uv": [ 9.5, 48.5, 16.0, 56.5 ] },
						"up": { "texture": "#skin", "uv": [ 9.5, 33.0, 16.0, 39.5 ], "rotation": 270 },
						"down": { "texture": "#skin", "uv": [ 24.0, 33.0, 30.5, 39.5 ], "rotation": 90 }
					},
					"children": [
						{
							"name": "Tail",
							"from": [ 5.7, 5.6, 2.7 ],
							"to": [ 6.8, 7.8, 3.8 ],
							"unwrapMode": 2,
							"uv": [ 44.5, 17.5 ],
							"rotationOrigin": [ 6.5, 7.8, 3.2 ],
							"rotationZ": 38.0,
							"faces": {
								"north": { "texture": "#skin", "uv": [ 46.5, 18.5, 47.5, 20.5 ], "windMode": [-1,-1,-1,-1], "windData": [0,1,1,0] },
								"east": { "texture": "#skin", "uv": [ 45.5, 18.5, 46.5, 20.5 ], "windMode": [-1,-1,-1,-1], "windData": [0,1,1,0] },
								"south": { "texture": "#skin", "uv": [ 44.5, 18.5, 45.5, 20.5 ] },
								"west": { "texture": "#skin", "uv": [ 47.5, 18.5, 48.5, 20.5 ], "windMode": [-1,-1,-1,-1], "windData": [0,0,1,1] },
								"up": { "texture": "#skin", "uv": [ 45.5, 17.5, 46.5, 18.5 ], "rotation": 270, "windMode": [-1,-1,-1,-1], "windData": [1,1,1,1] },
								"down": { "texture": "#skin", "uv": [ 45.5, 20.5, 46.5, 21.5 ], "rotation": 270, "windMode": [-1,-1,-1,-1], "windData": [1,1,1,1] }
							},
							"children": [
								{
									"name": "Tail2",
									"from": [ 0.0, -1.3, -0.05 ],
									"to": [ 1.2, 0.2, 1.15 ],
									"unwrapMode": 2,
									"uv": [ 44.5, 22.0 ],
									"rotationOrigin": [ 0.8, 0.0, 0.55 ],
									"rotationZ": -10.0,
									"faces": {
										"north": { "texture": "#skin", "uv": [ 46.5, 22.0, 47.5, 23.5 ], "windMode": [-1,-1,-1,-1], "windData": [0,1,1,0] },
										"east": { "texture": "#skin", "uv": [ 45.5, 22.0, 46.5, 23.5 ], "windMode": [-1,-1,-1,-1], "windData": [0,1,1,0] },
										"south": { "texture": "#skin", "uv": [ 44.5, 22.0, 45.5, 23.5 ] },
										"west": { "texture": "#skin", "uv": [ 47.5, 22.0, 48.5, 23.5 ], "windMode": [-1,-1,-1,-1], "windData": [0,0,1,1] },
										"down": { "texture": "#skin", "uv": [ 45.5, 23.5, 46.5, 24.5 ], "rotation": 270, "windMode": [-1,-1,-1,-1] }
									},
									"children": [
										{
											"name": "Tail3",
											"from": [ -0.2, -2.0, -0.05 ],
											"to": [ 1.1, 0.2, 1.25 ],
											"unwrapMode": 2,
											"uv": [ 44.5, 25.0 ],
											"rotationOrigin": [ 0.9, 0.0, 0.6 ],
											"rotationZ": -11.0,
											"faces": {
												"north": { "texture": "#skin", "uv": [ 46.5, 25.0, 47.5, 27.0 ], "windMode": [-1,-1,-1,-1], "windData": [0,1,1,0] },
												"east": { "texture": "#skin", "uv": [ 45.5, 25.0, 46.5, 27.0 ], "windMode": [-1,-1,-1,-1], "windData": [0,1,1,0] },
												"south": { "texture": "#skin", "uv": [ 44.5, 25.0, 45.5, 27.0 ] },
												"west": { "texture": "#skin", "uv": [ 47.5, 25.0, 48.5, 27.0 ], "windMode": [-1,-1,-1,-1], "windData": [0,0,1,1] },
												"down": { "texture": "#skin", "uv": [ 45.5, 27.0, 46.5, 28.0 ], "rotation": 270, "windMode": [-1,-1,-1,-1] }
											},
											"children": [
												{
													"name": "Tail4",
													"from": [ 0.0, -1.4, 0.0 ],
													"to": [ 1.3, 0.1, 1.3 ],
													"unwrapMode": 2,
													"uv": [ 42.5, 27.5 ],
													"rotationOrigin": [ 0.9, 0.0, 0.65 ],
													"rotationY": 1.0,
													"rotationZ": -3.0,
													"faces": {
														"north": { "texture": "#skin", "uv": [ 44.5, 28.5, 45.5, 30.0 ], "windMode": [-1,-1,-1,-1], "windData": [0,1,1,0] },
														"east": { "texture": "#skin", "uv": [ 43.5, 28.5, 44.5, 30.0 ], "windMode": [-1,-1,-1,-1], "windData": [0,1,1,0] },
														"south": { "texture": "#skin", "uv": [ 42.5, 28.5, 43.5, 30.0 ] },
														"west": { "texture": "#skin", "uv": [ 45.5, 28.5, 46.5, 30.0 ], "windMode": [-1,-1,-1,-1], "windData": [0,0,1,1] },
														"up": { "texture": "#skin", "uv": [ 43.5, 27.5, 44.5, 28.5 ], "rotation": 270, "windMode": [-1,-1,-1,-1], "windData": [0,0,0,0] }
													},
													"children": [
														{
															"name": "Tail5",
															"from": [ 0.0, -2.0, -0.1 ],
															"to": [ 1.5, 0.5, 1.4 ],
															"unwrapMode": 2,
															"uv": [ 47.5, 28.5 ],
															"rotationOrigin": [ 0.7, 0.0, 0.65 ],
															"rotationY": -1.0,
															"rotationZ": -5.0,
															"faces": {
																"north": { "texture": "#skin", "uv": [ 50.5, 30.0, 52.0, 32.5 ], "windMode": [-1,-1,-1,-1], "windData": [0,1,1,0] },
																"east": { "texture": "#skin", "uv": [ 49.0, 30.0, 50.5, 32.5 ], "windMode": [-1,-1,-1,-1], "windData": [0,1,1,0] },
																"south": { "texture": "#skin", "uv": [ 47.5, 30.0, 49.0, 32.5 ] },
																"west": { "texture": "#skin", "uv": [ 52.0, 30.0, 53.5, 32.5 ], "windMode": [-1,-1,-1,-1], "windData": [0,0,1,1] },
																"up": { "texture": "#skin", "uv": [ 49.0, 28.5, 50.5, 30.0 ], "rotation": 270, "windMode": [-1,-1,-1,-1], "windData": [1,1,1,1] }
															},
															"children": [
																{
																	"name": "Tail6",
																	"from": [ 0.2, -1.4, 0.2 ],
																	"to": [ 1.3, 1.1, 1.3 ],
																	"unwrapMode": 2,
																	"uv": [ 45.0, 32.0 ],
																	"rotationOrigin": [ 0.7, 1.0, 0.75 ],
																	"rotationZ": -5.0,
																	"faces": {
																		"north": { "texture": "#skin", "uv": [ 47.0, 33.0, 48.0, 35.5 ], "windMode": [-1,-1,-1,-1], "windData": [0,1,1,0] },
																		"east": { "texture": "#skin", "uv": [ 46.0, 33.0, 47.0, 35.5 ], "windMode": [-1,-1,-1,-1], "windData": [0,1,1,0] },
																		"south": { "texture": "#skin", "uv": [ 45.0, 33.0, 46.0, 35.5 ] },
																		"west": { "texture": "#skin", "uv": [ 48.0, 33.0, 49.0, 35.5 ], "windMode": [-1,-1,-1,-1], "windData": [0,0,1,1] },
																		"up": { "texture": "#skin", "uv": [ 46.0, 32.0, 47.0, 33.0 ], "rotation": 270, "windMode": [-1,-1,-1,-1], "windData": [1,1,1,1] }
																	}
																}
															]
														}
													]
												}
											]
										}
									]
								}
							]
						},
						{
							"name": "L Haunch",
							"from": [ 2.9, 0.0, 5.0 ],
							"to": [ 7.9, 7.5, 7.6 ],
							"unwrapMode": 3,
							"uv": [ 31.5, 36.0 ],
							"rotationOrigin": [ 4.9, 6.2, 6.4 ],
							"rotationX": 6.0,
							"rotationY": 0.5,
							"rotationZ": 4.33,
							"faces": {
								"north": { "texture": "#skin", "uv": [ 41.5, 38.5, 46.5, 46.0 ] },
								"east": { "texture": "#skin", "uv": [ 39.0, 38.5, 41.5, 46.0 ] },
								"south": { "texture": "#skin", "uv": [ 34.0, 38.5, 39.0, 46.0 ] },
								"west": { "texture": "#skin", "uv": [ 31.5, 38.5, 34.0, 46.0 ] },
								"up": { "texture": "#skin", "uv": [ 34.0, 36.0, 39.0, 38.5 ], "windMode": [-1,-1,-1,-1], "windData": [0,0,1,1] },
								"down": { "texture": "#skin", "uv": [ 34.0, 46.0, 39.0, 48.5 ], "rotation": 180 }
							},
							"children": [
								{
									"name": "L LegUp",
									"from": [ 0.9, -4.9, 0.4 ],
									"to": [ 2.9, 1.7, 2.4 ],
									"unwrapMode": 3,
									"uv": [ 33.5, 49.0 ],
									"rotationOrigin": [ 1.8, 0.7, 1.3 ],
									"rotationZ": 32.0,
									"faces": {
										"north": { "texture": "#skin", "uv": [ 39.5, 51.0, 41.5, 57.5 ] },
										"east": { "texture": "#skin", "uv": [ 37.5, 51.0, 39.5, 57.5 ] },
										"south": { "texture": "#skin", "uv": [ 35.5, 51.0, 37.5, 57.5 ] },
										"west": { "texture": "#skin", "uv": [ 33.5, 51.0, 35.5, 57.5 ] },
										"up": { "texture": "#skin", "uv": [ 35.5, 49.0, 37.5, 51.0 ] },
										"down": { "texture": "#skin", "uv": [ 35.5, 57.5, 37.5, 59.5 ], "rotation": 180 }
									},
									"children": [
										{
											"name": "L LegLow",
											"from": [ 0.4, -5.8, 0.3 ],
											"to": [ 1.8, 0.4, 1.7 ],
											"unwrapMode": 3,
											"uv": [ 38.0, 58.0 ],
											"rotationOrigin": [ 1.3, 0.3, 1.0 ],
											"rotationX": -6.0,
											"rotationZ": -18.78,
											"faces": {
												"north": { "texture": "#skin", "uv": [ 41.0, 59.0, 42.0, 65.0 ] },
												"east": { "texture": "#skin", "uv": [ 40.0, 59.0, 41.0, 65.0 ] },
												"south": { "texture": "#skin", "uv": [ 39.0, 59.0, 40.0, 65.0 ] },
												"west": { "texture": "#skin", "uv": [ 38.0, 59.0, 39.0, 65.0 ] },
												"up": { "texture": "#skin", "uv": [ 39.0, 58.0, 40.0, 59.0 ] },
												"down": { "texture": "#skin", "uv": [ 39.0, 65.0, 40.0, 66.0 ], "rotation": 180, "windMode": [-1,-1,-1,-1] }
											},
											"children": [
												{
													"name": "L Hind Pastern",
													"from": [ 0.2, -1.8, 0.05 ],
													"to": [ 1.2, 0.4, 1.35 ],
													"unwrapMode": 3,
													"uv": [ 33.5, 63.0 ],
													"rotationOrigin": [ 0.6, 0.3, 0.7 ],
													"rotationY": 5.0,
													"rotationZ": -7.22,
													"faces": {
														"north": { "texture": "#skin", "uv": [ 36.5, 63.0, 37.5, 65.0 ] },
														"east": { "texture": "#skin", "uv": [ 35.5, 63.0, 36.5, 65.0 ] },
														"south": { "texture": "#skin", "uv": [ 34.5, 63.0, 35.5, 65.0 ] },
														"west": { "texture": "#skin", "uv": [ 33.5, 63.0, 34.5, 65.0 ] },
														"down": { "texture": "#skin", "uv": [ 34.5, 65.0, 35.5, 66.0 ], "rotation": 180 }
													},
													"children": [
														{
															"name": "L Hind Hoof",
															"from": [ 0.3, 0.6, 0.75 ],
															"to": [ 0.3, 0.6, 0.75 ],
															"uv": [ 0.0, 0.0 ],
															"rotationOrigin": [ 0.3, 0.6, 0.75 ],
															"rotationY": 1.0,
															"rotationZ": 6.28,
															"faces": {
															},
															"children": [
																{
																	"name": "L Hind Hoof2",
																	"from": [ -0.9, -1.0, -0.6 ],
																	"to": [ 0.4, -0.5, 0.4 ],
																	"unwrapMode": 5,
																	"uv": [ 42.5, 58.5 ],
																	"rotationOrigin": [ 0.2, -0.4, 0.3 ],
																	"faces": {
																		"north": { "texture": "#skin", "uv": [ 43.0, 58.5, 44.0, 59.0 ], "rotation": 180 },
																		"east": { "texture": "#skin", "uv": [ 44.0, 59.0, 44.5, 60.0 ], "rotation": 90 },
																		"south": { "texture": "#skin", "uv": [ 43.0, 60.0, 44.0, 60.5 ] },
																		"west": { "texture": "#skin", "uv": [ 42.5, 59.0, 43.0, 60.0 ], "rotation": 270 },
																		"up": { "texture": "#skin", "uv": [ 43.0, 59.0, 44.0, 60.0 ] },
																		"down": { "texture": "#skin", "uv": [ 44.5, 59.0, 45.5, 60.0 ] }
																	}
																},
																{
																	"name": "L Hind Hoof1",
																	"from": [ -0.9, -1.0, -0.6 ],
																	"to": [ 0.5, -0.6, 0.4 ],
																	"unwrapMode": 5,
																	"uv": [ 42.5, 61.0 ],
																	"rotationOrigin": [ -0.9, -1.0, -0.4 ],
																	"rotationY": 1.0,
																	"rotationZ": 40.0,
																	"faces": {
																		"north": { "texture": "#skin", "uv": [ 43.0, 61.0, 44.0, 61.5 ], "rotation": 180 },
																		"east": { "texture": "#skin", "uv": [ 44.0, 61.5, 44.5, 62.5 ], "rotation": 90 },
																		"south": { "texture": "#skin", "uv": [ 43.0, 62.5, 44.0, 63.0 ] },
																		"west": { "texture": "#skin", "uv": [ 42.5, 61.5, 43.0, 62.5 ], "rotation": 270 },
																		"up": { "texture": "#skin", "uv": [ 43.0, 61.5, 44.0, 62.5 ] },
																		"down": { "texture": "#skin", "uv": [ 44.5, 61.5, 45.5, 62.5 ] }
																	}
																}
															]
														}
													]
												}
											]
										},
										{
											"name": "L LegUp Taper",
											"from": [ 1.1, 0.0, 0.1 ],
											"to": [ 2.0, 6.0, 1.9 ],
											"unwrapMode": 2,
											"uv": [ 42.0, 51.0 ],
											"rotationOrigin": [ 2.0, 0.0, 0.1 ],
											"rotationZ": -11.0,
											"faces": {
												"north": { "texture": "#skin", "uv": [ 44.0, 51.0, 44.5, 57.0 ] },
												"east": { "texture": "#skin", "uv": [ 42.5, 51.0, 44.0, 57.0 ] },
												"south": { "texture": "#skin", "uv": [ 42.0, 51.0, 42.5, 57.0 ] },
												"down": { "texture": "#skin", "uv": [ 42.5, 57.0, 44.0, 57.5 ], "rotation": 270 }
											}
										}
									]
								}
							]
						},
						{
							"name": "R Haunch",
							"from": [ 2.9, 0.0, -1.0 ],
							"to": [ 7.9, 7.5, 1.6 ],
							"unwrapMode": 1,
							"uv": [ 47.5, 36.0 ],
							"rotationOrigin": [ 4.9, 6.2, 0.2 ],
							"rotationX": -6.0,
							"rotationY": -0.5,
							"rotationZ": 14.0,
							"faces": {
								"north": { "texture": "#skin", "uv": [ 50.0, 38.5, 55.0, 46.0 ] },
								"east": { "texture": "#skin", "uv": [ 47.5, 38.5, 50.0, 46.0 ] },
								"south": { "texture": "#skin", "uv": [ 57.5, 38.5, 62.5, 46.0 ] },
								"west": { "texture": "#skin", "uv": [ 55.0, 38.5, 57.5, 46.0 ] },
								"up": { "texture": "#skin", "uv": [ 50.0, 36.0, 55.0, 38.5 ], "rotation": 180 },
								"down": { "texture": "#skin", "uv": [ 50.0, 46.0, 55.0, 48.5 ] }
							},
							"children": [
								{
									"name": "R LegUp",
									"from": [ 0.9, -4.9, 0.2 ],
									"to": [ 2.9, 1.7, 2.2 ],
									"unwrapMode": 1,
									"uv": [ 49.5, 49.0 ],
									"rotationOrigin": [ 1.8, 0.7, 1.1 ],
									"rotationZ": 40.0,
									"faces": {
										"north": { "texture": "#skin", "uv": [ 51.5, 51.0, 53.5, 57.5 ] },
										"east": { "texture": "#skin", "uv": [ 49.5, 51.0, 51.5, 57.5 ] },
										"south": { "texture": "#skin", "uv": [ 55.5, 51.0, 57.5, 57.5 ] },
										"west": { "texture": "#skin", "uv": [ 53.5, 51.0, 55.5, 57.5 ] },
										"up": { "texture": "#skin", "uv": [ 51.5, 49.0, 53.5, 51.0 ], "rotation": 180 },
										"down": { "texture": "#skin", "uv": [ 51.5, 57.5, 53.5, 59.5 ] }
									},
									"children": [
										{
											"name": "R LegLow",
											"from": [ 0.4, -5.8, 0.3 ],
											"to": [ 1.8, 0.4, 1.7 ],
											"unwrapMode": 1,
											"uv": [ 54.0, 58.0 ],
											"rotationOrigin": [ 1.3, 0.3, 1.0 ],
											"rotationX": 6.0,
											"rotationZ": -36.0,
											"faces": {
												"north": { "texture": "#skin", "uv": [ 55.0, 59.0, 56.0, 65.0 ] },
												"east": { "texture": "#skin", "uv": [ 54.0, 59.0, 55.0, 65.0 ] },
												"south": { "texture": "#skin", "uv": [ 57.0, 59.0, 58.0, 65.0 ] },
												"west": { "texture": "#skin", "uv": [ 56.0, 59.0, 57.0, 65.0 ] },
												"up": { "texture": "#skin", "uv": [ 55.0, 58.0, 56.0, 59.0 ], "rotation": 180 },
												"down": { "texture": "#skin", "uv": [ 55.0, 65.0, 56.0, 66.0 ] }
											},
											"children": [
												{
													"name": "R Hind Pastern",
													"from": [ 0.2, -1.8, 0.05 ],
													"to": [ 1.2, 0.4, 1.35 ],
													"unwrapMode": 1,
													"uv": [ 49.5, 63.0 ],
													"rotationOrigin": [ 0.6, 0.3, 0.7 ],
													"rotationY": -5.0,
													"rotationZ": -23.0,
													"faces": {
														"north": { "texture": "#skin", "uv": [ 50.5, 63.0, 51.5, 65.0 ] },
														"east": { "texture": "#skin", "uv": [ 49.5, 63.0, 50.5, 65.0 ] },
														"south": { "texture": "#skin", "uv": [ 52.5, 63.0, 53.5, 65.0 ] },
														"west": { "texture": "#skin", "uv": [ 51.5, 63.0, 52.5, 65.0 ] },
														"down": { "texture": "#skin", "uv": [ 50.5, 65.0, 51.5, 66.0 ] }
													},
													"children": [
														{
															"name": "R Hind Hoof",
															"from": [ -0.0528, 0.6, 0.75 ],
															"to": [ -0.0528, 0.6, 0.75 ],
															"uv": [ 0.0, 0.0 ],
															"rotationOrigin": [ 0.3, 0.6, 0.75 ],
															"rotationY": -1.0,
															"rotationZ": 74.0,
															"faces": {
															},
															"children": [
																{
																	"name": "R Hind Hoof1",
																	"from": [ -0.9, -1.0, -0.6 ],
																	"to": [ 0.5, -0.6, 0.4 ],
																	"unwrapMode": 5,
																	"uv": [ 46.0, 63.5 ],
																	"rotationOrigin": [ -0.9, -1.0, -0.4 ],
																	"rotationY": -1.0,
																	"rotationZ": 40.0,
																	"faces": {
																		"north": { "texture": "#skin", "uv": [ 46.5, 63.5, 47.5, 64.0 ], "rotation": 180 },
																		"east": { "texture": "#skin", "uv": [ 47.5, 64.0, 48.0, 65.0 ], "rotation": 90 },
																		"south": { "texture": "#skin", "uv": [ 46.5, 65.0, 47.5, 65.5 ] },
																		"west": { "texture": "#skin", "uv": [ 46.0, 64.0, 46.5, 65.0 ], "rotation": 270 },
																		"up": { "texture": "#skin", "uv": [ 46.5, 64.0, 47.5, 65.0 ] },
																		"down": { "texture": "#skin", "uv": [ 48.0, 64.0, 49.0, 65.0 ] }
																	}
																},
																{
																	"name": "R Hind Hoof2",
																	"from": [ -0.9, -1.0, -0.6 ],
																	"to": [ 0.4, -0.5, 0.4 ],
																	"unwrapMode": 5,
																	"uv": [ 58.5, 63.0 ],
																	"rotationOrigin": [ 0.2, -0.4, 0.3 ],
																	"faces": {
																		"north": { "texture": "#skin", "uv": [ 59.0, 63.0, 60.0, 63.5 ], "rotation": 180 },
																		"east": { "texture": "#skin", "uv": [ 60.0, 63.5, 60.5, 64.5 ], "rotation": 90 },
																		"south": { "texture": "#skin", "uv": [ 59.0, 64.5, 60.0, 65.0 ] },
																		"west": { "texture": "#skin", "uv": [ 58.5, 63.5, 59.0, 64.5 ], "rotation": 270 },
																		"up": { "texture": "#skin", "uv": [ 59.0, 63.5, 60.0, 64.5 ] },
																		"down": { "texture": "#skin", "uv": [ 60.5, 63.5, 61.5, 64.5 ] }
																	}
																}
															]
														}
													]
												}
											]
										},
										{
											"name": "R LegUp Taper",
											"from": [ 1.1, 0.0, 0.1 ],
											"to": [ 2.0, 6.0, 1.9 ],
											"unwrapMode": 2,
											"uv": [ 58.0, 51.0 ],
											"rotationOrigin": [ 2.0, 0.0, 0.1 ],
											"rotationZ": -11.0,
											"faces": {
												"north": { "texture": "#skin", "uv": [ 60.0, 51.0, 60.5, 57.0 ] },
												"east": { "texture": "#skin", "uv": [ 58.5, 51.0, 60.0, 57.0 ] },
												"south": { "texture": "#skin", "uv": [ 58.0, 51.0, 58.5, 57.0 ] },
												"down": { "texture": "#skin", "uv": [ 58.5, 57.0, 60.0, 57.5 ], "rotation": 270 }
											}
										}
									]
								}
							]
						},
						{
							"name": "Midsection",
							"from": [ -6.0, -0.7, -0.1 ],
							"to": [ 1.0, 8.1, 6.6 ],
							"unwrapMode": 7,
							"unwrapRotation": 1,
							"autoUnwrap": false,
							"uv": [ 3.0, 57.5 ],
							"rotationOrigin": [ 0.2, 7.0, 3.25 ],
							"rotationZ": 2.0,
							"faces": {
								"north": { "texture": "#skin", "uv": [ 16.0, 25.5, 24.5, 32.5 ], "rotation": 90, "windMode": [-1,-1,-1,-1], "windData": [0,1,1,0] },
								"east": { "texture": "#skin", "uv": [ 24.0, 40.5, 30.5, 49.0 ], "windMode": [-1,-1,-1,-1], "windData": [0,1,1,0] },
								"south": { "texture": "#skin", "uv": [ 1.0, 25.5, 9.5, 32.5 ], "rotation": 270 },
								"west": { "texture": "#skin", "uv": [ 17.0, 40.5, 23.5, 49.0 ], "windMode": [-1,-1,-1,-1], "windData": [0,0,1,1] },
								"up": { "texture": "#skin", "uv": [ 9.5, 25.5, 16.0, 32.5 ], "rotation": 270 },
								"down": { "texture": "#skin", "uv": [ 24.5, 25.5, 31.0, 32.5 ], "rotation": 90 }
							},
							"children": [
								{
									"name": "Chest",
									"from": [ -6.1, 0.7, 0.1 ],
									"to": [ 1.1, 8.7, 6.6 ],
									"unwrapMode": 7,
									"unwrapRotation": 1,
									"autoUnwrap": false,
									"uv": [ 2.5, 46.0 ],
									"rotationOrigin": [ 0.9, 7.5, 3.35 ],
									"rotationZ": -3.0,
									"faces": {
										"north": { "texture": "#skin", "uv": [ 16.0, 18.0, 24.0, 25.0 ], "rotation": 90 },
										"east": { "texture": "#skin", "uv": [ 24.0, 50.0, 30.5, 58.0 ] },
										"south": { "texture": "#skin", "uv": [ 1.5, 18.0, 9.5, 25.0 ], "rotation": 270 },
										"west": { "texture": "#skin", "uv": [ 17.0, 50.0, 23.5, 58.0 ] },
										"up": { "texture": "#skin", "uv": [ 9.5, 18.0, 16.0, 25.0 ], "rotation": 270 },
										"down": { "texture": "#skin", "uv": [ 24.0, 18.0, 30.5, 25.0 ], "rotation": 90 }
									},
									"children": [
										{
											"name": "Neck",
											"from": [ -1.2, 5.4, 1.85 ],
											"to": [ 3.8, 11.8, 4.65 ],
											"unwrapMode": 2,
											"autoUnwrap": false,
											"uv": [ 5.5, 5.0 ],
											"rotationOrigin": [ 3.1, 5.4, 3.25 ],
											"rotationZ": 75.0,
											"faces": {
												"north": { "texture": "#skin", "uv": [ 14.0, 11.5, 19.0, 17.5 ], "windMode": [-1,-1,-1,-1], "windData": [0,0,1,0] },
												"east": { "texture": "#skin", "uv": [ 11.5, 11.5, 14.0, 17.5 ], "windMode": [-1,-1,-1,-1], "windData": [1,0,0,1] },
												"south": { "texture": "#skin", "uv": [ 6.5, 11.5, 11.5, 17.5 ] },
												"west": { "texture": "#skin", "uv": [ 19.0, 11.5, 21.5, 17.5 ] },
												"up": { "texture": "#skin", "uv": [ 3.0, 11.5, 5.5, 16.5 ], "rotation": 90 }
											},
											"children": [
												{
													"name": "Neck2",
													"from": [ 0.3, 4.8, 0.1 ],
													"to": [ 4.3, 11.2, 2.7 ],
													"unwrapMode": 2,
													"uv": [ 7.5, 1.0 ],
													"rotationOrigin": [ 4.0, 4.9, 1.4 ],
													"rotationZ": -8.0,
													"faces": {
														"north": { "texture": "#skin", "uv": [ 14.0, 5.0, 18.0, 11.0 ] },
														"east": { "texture": "#skin", "uv": [ 11.5, 5.0, 14.0, 11.0 ] },
														"south": { "texture": "#skin", "uv": [ 7.5, 5.0, 11.5, 11.0 ] },
														"west": { "texture": "#skin", "uv": [ 18.0, 5.0, 20.5, 11.0 ] },
														"up": { "texture": "#skin", "uv": [ 11.5, 1.0, 14.0, 5.0 ], "rotation": 270 }
													},
													"children": [
														{
															"name": "Head",
															"from": [ 1.0354, 2.1, -0.15 ],
															"to": [ 4.2354, 6.6, 2.75 ],
															"unwrapMode": 4,
															"uv": [ 3.0, 54.5 ],
															"rotationOrigin": [ 4.3, 6.5, 1.3 ],
															"rotationZ": -59.0,
															"faces": {
																"north": { "texture": "#skin", "uv": [ 3.0, 57.5, 6.0, 62.0 ] },
																"east": { "texture": "#skin", "uv": [ 11.5, 57.5, 14.0, 62.0 ] },
																"south": { "texture": "#skin", "uv": [ 8.5, 57.5, 11.5, 62.0 ] },
																"west": { "texture": "#skin", "uv": [ 6.0, 57.5, 8.5, 62.0 ] },
																"up": { "texture": "#skin", "uv": [ 6.0, 54.5, 8.5, 57.5 ], "rotation": 90 },
																"down": { "texture": "#skin", "uv": [ 6.0, 62.0, 8.5, 65.0 ], "rotation": 90 }
															},
															"children": [
																{
																	"name": "MouthUp",
																	"from": [ -3.7, 0.3, 0.5 ],
																	"to": [ 0.3, 1.4, 2.4 ],
																	"unwrapMode": 5,
																	"unwrapRotation": 1,
																	"uv": [ 3.5, 44.0 ],
																	"rotationOrigin": [ -0.3, 1.3, 1.45 ],
																	"rotationZ": 30.0,
																	"faces": {
																		"north": { "texture": "#skin", "uv": [ 3.5, 44.0, 4.5, 48.0 ], "rotation": 270 },
																		"south": { "texture": "#skin", "uv": [ 6.0, 44.0, 7.0, 48.0 ], "rotation": 90 },
																		"west": { "texture": "#skin", "uv": [ 4.5, 48.0, 6.0, 49.0 ] },
																		"up": { "texture": "#skin", "uv": [ 4.5, 44.0, 6.0, 48.0 ], "rotation": 90, "windMode": [-1,-1,-1,-1], "windData": [1,1,1,1] },
																		"down": { "texture": "#skin", "uv": [ 7.0, 44.0, 8.5, 48.0 ], "rotation": 270 }
																	},
																	"children": [
																		{
																			"name": "Nose",
																			"from": [ 0.4, 0.1, 0.1 ],
																			"to": [ 4.9, 1.8, 1.8 ],
																			"unwrapMode": 5,
																			"unwrapRotation": 1,
																			"uv": [ 1.0, 50.0 ],
																			"rotationOrigin": [ 0.4, 2.0, 0.95 ],
																			"rotationZ": 16.0,
																			"faces": {
																				"north": { "texture": "#skin", "uv": [ 1.0, 50.0, 2.5, 54.5 ], "rotation": 270, "windMode": [-1,-1,-1,-1], "windData": [1,1,1,1] },
																				"south": { "texture": "#skin", "uv": [ 4.0, 50.0, 5.5, 54.5 ], "rotation": 90 },
																				"west": { "texture": "#skin", "uv": [ 2.5, 54.5, 4.0, 56.0 ], "windMode": [-1,-1,-1,-1], "windData": [1,1,1,1] },
																				"up": { "texture": "#skin", "uv": [ 2.5, 50.0, 4.0, 54.5 ], "rotation": 90 }
																			},
																			"children": [
																				{
																					"name": "Snout",
																					"from": [ -1.0, 0.65, 0.05 ],
																					"to": [ 0.1, 1.65, 1.65 ],
																					"unwrapMode": 4,
																					"uv": [ 0.5, 64.0 ],
																					"rotationOrigin": [ 0.3, 1.7, 0.8 ],
																					"rotationZ": 4.0,
																					"faces": {
																						"north": { "texture": "#skin", "uv": [ 0.5, 65.0, 1.5, 66.0 ], "windMode": [-1,-1,-1,-1], "windData": [1,1,1,1] },
																						"east": { "texture": "#skin", "uv": [ 4.0, 65.0, 5.5, 66.0 ], "windMode": [-1,-1,-1,-1], "windData": [1,1,1,1] },
																						"south": { "texture": "#skin", "uv": [ 3.0, 65.0, 4.0, 66.0 ], "windMode": [-1,-1,-1,-1], "windData": [1,1,1,1] },
																						"west": { "texture": "#skin", "uv": [ 1.5, 65.0, 3.0, 66.0 ], "windMode": [-1,-1,-1,-1], "windData": [1,1,1,1] },
																						"up": { "texture": "#skin", "uv": [ 1.5, 64.0, 3.0, 65.0 ], "rotation": 90, "windMode": [-1,-1,-1,-1], "windData": [1,1,1,1] },
																						"down": { "texture": "#skin", "uv": [ 1.5, 66.0, 3.0, 67.0 ], "rotation": 90, "windMode": [-1,-1,-1,-1], "windData": [1,1,1,1] }
																					}
																				},
																				{
																					"name": "NoseBridge",
																					"from": [ 3.4, 0.1, -0.5 ],
																					"to": [ 5.1, 1.5, 2.2 ],
																					"unwrapMode": 5,
																					"unwrapRotation": 1,
																					"uv": [ 4.0, 40.0 ],
																					"rotationOrigin": [ 3.4, 1.6, -0.5 ],
																					"rotationZ": 22.0,
																					"faces": {
																						"north": { "texture": "#skin", "uv": [ 4.0, 41.0, 5.0, 42.5 ], "rotation": 270 },
																						"east": { "texture": "#skin", "uv": [ 5.0, 40.0, 7.5, 41.0 ], "rotation": 180 },
																						"south": { "texture": "#skin", "uv": [ 7.5, 41.0, 8.5, 42.5 ], "rotation": 90 },
																						"west": { "texture": "#skin", "uv": [ 5.0, 42.5, 7.5, 43.5 ] },
																						"up": { "texture": "#skin", "uv": [ 5.0, 41.0, 7.5, 42.5 ], "rotation": 90 }
																					},
																					"children": [
																						{
																							"name": "AntlerBase",
																							"from": [ 1.0, 1.0, 1.35 ],
																							"to": [ 1.0, 1.0, 1.35 ],
																							"uv": [ 0.0, 0.0 ],
																							"rotationOrigin": [ 1.0, 1.0, 1.35 ],
																							"faces": {
																							}
																						}
																					]
																				}
																			]
																		}
																	]
																},
																{
																	"name": "L Ear",
																	"from": [ 1.8, 3.9, 1.9 ],
																	"to": [ 2.2, 6.3, 3.1 ],
																	"unwrapMode": 4,
																	"uv": [ 26.0, 10.5 ],
																	"rotationOrigin": [ 2.0, 3.9, 2.3 ],
																	"rotationX": 55.0,
																	"rotationY": 45.0,
																	"faces": {
																		"north": { "texture": "#skin", "uv": [ 26.0, 11.0, 26.5, 13.0 ], "windMode": [-1,-1,-1,-1], "windData": [1,1,1,1] },
																		"east": { "texture": "#skin", "uv": [ 28.0, 11.0, 29.0, 13.0 ] },
																		"south": { "texture": "#skin", "uv": [ 27.5, 11.0, 28.0, 13.0 ], "windMode": [-1,-1,-1,-1], "windData": [1,1,1,1] },
																		"west": { "texture": "#skin", "uv": [ 26.5, 11.0, 27.5, 13.0 ] },
																		"up": { "texture": "#skin", "uv": [ 26.5, 10.5, 27.5, 11.0 ], "rotation": 90 },
																		"down": { "texture": "#skin", "uv": [ 26.5, 13.0, 27.5, 13.5 ], "rotation": 90 }
																	},
																	"children": [
																		{
																			"name": "L Ear3",
																			"from": [ 0.0, 2.4, 0.0 ],
																			"to": [ 0.4, 4.0, 0.8 ],
																			"unwrapMode": 4,
																			"uv": [ 25.5, 7.5 ],
																			"rotationOrigin": [ 0.2, 2.4, 0.0 ],
																			"rotationX": 26.0,
																			"rotationY": 1.0,
																			"faces": {
																				"north": { "texture": "#skin", "uv": [ 25.5, 8.0, 26.0, 9.5 ] },
																				"east": { "texture": "#skin", "uv": [ 27.0, 8.0, 27.5, 9.5 ] },
																				"south": { "texture": "#skin", "uv": [ 26.5, 8.0, 27.0, 9.5 ] },
																				"west": { "texture": "#skin", "uv": [ 26.0, 8.0, 26.5, 9.5 ] },
																				"up": { "texture": "#skin", "uv": [ 26.0, 7.5, 26.5, 8.0 ], "rotation": 90 },
																				"down": { "texture": "#skin", "uv": [ 26.0, 9.5, 26.5, 10.0 ], "rotation": 90 }
																			}
																		},
																		{
																			"name": "L Ear2",
																			"from": [ 0.0, 2.2, 1.0 ],
																			"to": [ 0.4, 3.5, 2.2 ],
																			"unwrapMode": 4,
																			"uv": [ 22.0, 8.0 ],
																			"rotationOrigin": [ 0.2, 2.2, 1.8 ],
																			"rotationX": -37.0,
																			"rotationY": -1.0,
																			"faces": {
																				"north": { "texture": "#skin", "uv": [ 22.0, 8.5, 22.5, 9.5 ] },
																				"east": { "texture": "#skin", "uv": [ 24.0, 8.5, 25.0, 9.5 ] },
																				"south": { "texture": "#skin", "uv": [ 23.5, 8.5, 24.0, 9.5 ] },
																				"west": { "texture": "#skin", "uv": [ 22.5, 8.5, 23.5, 9.5 ] },
																				"up": { "texture": "#skin", "uv": [ 22.5, 8.0, 23.5, 8.5 ], "rotation": 90 },
																				"down": { "texture": "#skin", "uv": [ 22.5, 9.5, 23.5, 10.0 ], "rotation": 90 }
																			},
																			"children": [
																				{
																					"name": "L Ear1",
																					"from": [ 0.0, -2.4, 0.0 ],
																					"to": [ 0.4, 0.0, 1.2 ],
																					"unwrapMode": 4,
																					"uv": [ 22.5, 10.5 ],
																					"rotationOrigin": [ 0.2, 0.0, 1.2 ],
																					"rotationX": 55.0,
																					"rotationY": -1.0,
																					"faces": {
																						"north": { "texture": "#skin", "uv": [ 22.5, 11.0, 23.0, 13.0 ] },
																						"east": { "texture": "#skin", "uv": [ 24.5, 11.0, 25.5, 13.0 ] },
																						"south": { "texture": "#skin", "uv": [ 24.0, 11.0, 24.5, 13.0 ] },
																						"west": { "texture": "#skin", "uv": [ 23.0, 11.0, 24.0, 13.0 ] },
																						"up": { "texture": "#skin", "uv": [ 23.0, 10.5, 24.0, 11.0 ], "rotation": 90 },
																						"down": { "texture": "#skin", "uv": [ 23.0, 13.0, 24.0, 13.5 ], "rotation": 90 }
																					}
																				}
																			]
																		}
																	]
																},
																{
																	"name": "R Eye",
																	"from": [ -0.01, 3.0, -0.01 ],
																	"to": [ 0.69, 3.4, 0.29 ],
																	"unwrapMode": 5,
																	"uv": [ 0.5, 42.0 ],
																	"rotationOrigin": [ -0.01, 3.4, -0.01 ],
																	"faces": {
																		"north": { "texture": "#skin", "uv": [ 1.0, 42.0, 1.5, 42.5 ], "rotation": 180 },
																		"east": { "texture": "#skin", "uv": [ 1.5, 42.5, 2.0, 43.0 ], "rotation": 90 },
																		"west": { "texture": "#skin", "uv": [ 0.5, 42.5, 1.0, 43.0 ], "rotation": 270 },
																		"up": { "texture": "#skin", "uv": [ 1.0, 42.5, 1.5, 43.0 ] },
																		"down": { "texture": "#skin", "uv": [ 2.0, 42.5, 2.5, 43.0 ] }
																	},
																	"children": [
																		{
																			"name": "R Eye2",
																			"from": [ 0.0, 0.4, 0.0 ],
																			"to": [ 0.7, 0.8, 0.3 ],
																			"unwrapMode": 5,
																			"uv": [ 0.5, 44.0 ],
																			"rotationOrigin": [ 0.0, 0.9, 0.0 ],
																			"faces": {
																				"north": { "texture": "#skin", "uv": [ 1.0, 44.0, 1.5, 44.5 ], "rotation": 180 },
																				"east": { "texture": "#skin", "uv": [ 1.5, 44.5, 2.0, 45.0 ], "rotation": 90 },
																				"west": { "texture": "#skin", "uv": [ 0.5, 44.5, 1.0, 45.0 ], "rotation": 270 },
																				"up": { "texture": "#skin", "uv": [ 1.0, 44.5, 1.5, 45.0 ] },
																				"down": { "texture": "#skin", "uv": [ 2.0, 44.5, 2.5, 45.0 ] }
																			},
																			"children": [
																				{
																					"name": "R Pupil",
																					"from": [ -0.01, -0.2, -0.01 ],
																					"to": [ 0.39, 0.1, 0.19 ],
																					"unwrapMode": 5,
																					"uv": [ 1.0, 40.0 ],
																					"rotationOrigin": [ -0.01, -0.2, -0.01 ],
																					"faces": {
																						"north": { "texture": "#skin", "uv": [ 1.5, 40.0, 2.0, 40.5 ], "rotation": 180, "windMode": [-1,-1,-1,-1], "windData": [1,1,1,1] },
																						"east": { "texture": "#skin", "uv": [ 2.0, 40.5, 2.5, 41.0 ], "rotation": 90 },
																						"west": { "texture": "#skin", "uv": [ 1.0, 40.5, 1.5, 41.0 ], "rotation": 270 },
																						"up": { "texture": "#skin", "uv": [ 1.5, 40.5, 2.0, 41.0 ] },
																						"down": { "texture": "#skin", "uv": [ 2.5, 40.5, 3.0, 41.0 ] }
																					}
																				}
																			]
																		}
																	]
																},
																{
																	"name": "R Ear",
																	"from": [ 1.8, 3.9, -0.2 ],
																	"to": [ 2.2, 6.3, 1.0 ],
																	"unwrapMode": 4,
																	"uv": [ 21.5, 4.0 ],
																	"rotationOrigin": [ 2.0, 3.9, 0.6 ],
																	"rotationX": -55.0,
																	"rotationY": -45.0,
																	"faces": {
																		"north": { "texture": "#skin", "uv": [ 21.5, 4.5, 22.0, 6.5 ] },
																		"east": { "texture": "#skin", "uv": [ 23.5, 4.5, 24.5, 6.5 ] },
																		"south": { "texture": "#skin", "uv": [ 23.0, 4.5, 23.5, 6.5 ], "windMode": [-1,-1,-1,-1], "windData": [1,1,1,1] },
																		"west": { "texture": "#skin", "uv": [ 22.0, 4.5, 23.0, 6.5 ] },
																		"up": { "texture": "#skin", "uv": [ 22.0, 4.0, 23.0, 4.5 ], "rotation": 90 },
																		"down": { "texture": "#skin", "uv": [ 22.0, 6.5, 23.0, 7.0 ], "rotation": 90 }
																	},
																	"children": [
																		{
																			"name": "R Ear2",
																			"from": [ 0.0, 2.2, -1.0 ],
																			"to": [ 0.4, 3.5, 0.2 ],
																			"unwrapMode": 4,
																			"uv": [ 24.5, 1.0 ],
																			"rotationOrigin": [ 0.2, 2.2, -0.6 ],
																			"rotationX": 37.0,
																			"rotationY": 1.0,
																			"faces": {
																				"north": { "texture": "#skin", "uv": [ 24.5, 1.5, 25.0, 2.5 ] },
																				"east": { "texture": "#skin", "uv": [ 26.5, 1.5, 27.5, 2.5 ] },
																				"south": { "texture": "#skin", "uv": [ 26.0, 1.5, 26.5, 2.5 ] },
																				"west": { "texture": "#skin", "uv": [ 25.0, 1.5, 26.0, 2.5 ] },
																				"up": { "texture": "#skin", "uv": [ 25.0, 1.0, 26.0, 1.5 ], "rotation": 90 },
																				"down": { "texture": "#skin", "uv": [ 25.0, 2.5, 26.0, 3.0 ], "rotation": 90 }
																			},
																			"children": [
																				{
																					"name": "R Ear1",
																					"from": [ 0.0, -2.4, 0.0 ],
																					"to": [ 0.4, 0.0, 1.2 ],
																					"unwrapMode": 4,
																					"uv": [ 25.0, 4.0 ],
																					"rotationOrigin": [ 0.2, 0.0, 0.0 ],
																					"rotationX": -55.0,
																					"rotationY": 1.0,
																					"faces": {
																						"north": { "texture": "#skin", "uv": [ 25.0, 4.5, 25.5, 6.5 ] },
																						"east": { "texture": "#skin", "uv": [ 27.0, 4.5, 28.0, 6.5 ] },
																						"south": { "texture": "#skin", "uv": [ 26.5, 4.5, 27.0, 6.5 ] },
																						"west": { "texture": "#skin", "uv": [ 25.5, 4.5, 26.5, 6.5 ] },
																						"up": { "texture": "#skin", "uv": [ 25.5, 4.0, 26.5, 4.5 ], "rotation": 90 },
																						"down": { "texture": "#skin", "uv": [ 25.5, 6.5, 26.5, 7.0 ], "rotation": 90 }
																					}
																				}
																			]
																		},
																		{
																			"name": "R Ear3",
																			"from": [ 0.0, 2.4, 0.4 ],
																			"to": [ 0.4, 4.0, 1.2 ],
																			"unwrapMode": 4,
																			"uv": [ 22.0, 1.0 ],
																			"rotationOrigin": [ 0.2, 2.4, 1.2 ],
																			"rotationX": -26.0,
																			"rotationY": -1.0,
																			"faces": {
																				"north": { "texture": "#skin", "uv": [ 22.0, 1.5, 22.5, 3.0 ] },
																				"east": { "texture": "#skin", "uv": [ 23.5, 1.5, 24.0, 3.0 ] },
																				"south": { "texture": "#skin", "uv": [ 23.0, 1.5, 23.5, 3.0 ] },
																				"west": { "texture": "#skin", "uv": [ 22.5, 1.5, 23.0, 3.0 ] },
																				"up": { "texture": "#skin", "uv": [ 22.5, 1.0, 23.0, 1.5 ], "rotation": 90 },
																				"down": { "texture": "#skin", "uv": [ 22.5, 3.0, 23.0, 3.5 ], "rotation": 90 }
																			}
																		}
																	]
																},
																{
																	"name": "L Eye",
																	"from": [ -0.01, 3.0, 2.61 ],
																	"to": [ 0.69, 3.4, 2.91 ],
																	"unwrapMode": 5,
																	"uv": [ 0.5, 42.5 ],
																	"rotationOrigin": [ -0.01, 3.2, 2.61 ],
																	"faces": {
																		"east": { "texture": "#skin", "uv": [ 1.5, 42.5, 2.0, 43.0 ], "rotation": 90 },
																		"south": { "texture": "#skin", "uv": [ 1.0, 43.0, 1.5, 43.5 ] },
																		"west": { "texture": "#skin", "uv": [ 0.5, 42.5, 1.0, 43.0 ], "rotation": 270 },
																		"up": { "texture": "#skin", "uv": [ 1.0, 42.5, 1.5, 43.0 ] },
																		"down": { "texture": "#skin", "uv": [ 2.0, 42.5, 2.5, 43.0 ] }
																	},
																	"children": [
																		{
																			"name": "L Eye2",
																			"from": [ 0.0, 0.4, 0.0 ],
																			"to": [ 0.7, 0.8, 0.3 ],
																			"unwrapMode": 5,
																			"uv": [ 0.5, 44.5 ],
																			"rotationOrigin": [ 0.0, 0.9, -0.2 ],
																			"faces": {
																				"east": { "texture": "#skin", "uv": [ 1.5, 44.5, 2.0, 45.0 ], "rotation": 90 },
																				"south": { "texture": "#skin", "uv": [ 1.0, 45.0, 1.5, 45.5 ] },
																				"west": { "texture": "#skin", "uv": [ 0.5, 44.5, 1.0, 45.0 ], "rotation": 270 },
																				"up": { "texture": "#skin", "uv": [ 1.0, 44.5, 1.5, 45.0 ] },
																				"down": { "texture": "#skin", "uv": [ 2.0, 44.5, 2.5, 45.0 ] }
																			},
																			"children": [
																				{
																					"name": "L Pupil",
																					"from": [ -0.01, -0.2, 0.11 ],
																					"to": [ 0.39, 0.1, 0.31 ],
																					"unwrapMode": 5,
																					"uv": [ 1.0, 40.5 ],
																					"rotationOrigin": [ -0.01, -0.2, 0.11 ],
																					"faces": {
																						"east": { "texture": "#skin", "uv": [ 2.0, 40.5, 2.5, 41.0 ], "rotation": 90 },
																						"south": { "texture": "#skin", "uv": [ 1.5, 41.0, 2.0, 41.5 ] },
																						"west": { "texture": "#skin", "uv": [ 1.0, 40.5, 1.5, 41.0 ], "rotation": 270 },
																						"up": { "texture": "#skin", "uv": [ 1.5, 40.5, 2.0, 41.0 ] },
																						"down": { "texture": "#skin", "uv": [ 2.5, 40.5, 3.0, 41.0 ] }
																					}
																				}
																			]
																		}
																	]
																},
																{
																	"name": "Jaw",
																	"from": [ -1.2, -0.2, 0.6 ],
																	"to": [ 2.2, 1.4, 2.3 ],
																	"unwrapMode": 5,
																	"unwrapRotation": 1,
																	"uv": [ 9.5, 63.0 ],
																	"rotationOrigin": [ 1.2, 0.7, 1.45 ],
																	"rotationZ": 14.0,
																	"faces": {
																		"north": { "texture": "#skin", "uv": [ 9.5, 63.0, 11.0, 66.0 ], "rotation": 270 },
																		"south": { "texture": "#skin", "uv": [ 12.5, 63.0, 14.0, 66.0 ], "rotation": 90 },
																		"west": { "texture": "#skin", "uv": [ 11.0, 66.0, 12.5, 67.5 ] },
																		"up": { "texture": "#skin", "uv": [ 11.0, 63.0, 12.5, 66.0 ], "rotation": 90 },
																		"down": { "texture": "#skin", "uv": [ 14.0, 63.0, 15.5, 66.0 ], "rotation": 270 }
																	},
																	"children": [
																		{
																			"name": "Jaw2",
																			"from": [ -1.6, 0.0, 0.05 ],
																			"to": [ 0.2, 1.0, 1.65 ],
																			"unwrapMode": 5,
																			"unwrapRotation": 1,
																			"uv": [ 16.5, 61.5 ],
																			"rotationOrigin": [ 0.0, 0.7, 0.85 ],
																			"rotationX": 1.0,
																			"rotationZ": 17.0,
																			"faces": {
																				"north": { "texture": "#skin", "uv": [ 16.5, 61.5, 17.5, 63.0 ], "rotation": 270 },
																				"south": { "texture": "#skin", "uv": [ 19.0, 61.5, 20.0, 63.0 ], "rotation": 90 },
																				"west": { "texture": "#skin", "uv": [ 17.5, 63.0, 19.0, 64.0 ] },
																				"up": { "texture": "#skin", "uv": [ 17.5, 61.5, 19.0, 63.0 ], "rotation": 90 },
																				"down": { "texture": "#skin", "uv": [ 20.0, 61.5, 21.5, 63.0 ], "rotation": 270 }
																			}
																		}
																	]
																}
															]
														},
														{
															"name": "Neckmane",
															"from": [ 4.0, 2.4, 1.3 ],
															"to": [ 5.0, 6.4, 1.3 ],
															"shade": false,
															"renderPass": 1,
															"unwrapMode": 1,
															"unwrapRotation": 1,
															"autoUnwrap": false,
															"uv": [ 16.0, 59.5 ],
															"rotationOrigin": [ 4.0, 2.4, 1.3 ],
															"rotationY": 4.0,
															"rotationZ": 4.0,
															"faces": {
																"north": { "texture": "#skin", "uv": [ 16.0, 59.5, 20.0, 60.5 ], "rotation": 270 }
															}
														},
														{
															"name": "Neckmane2",
															"from": [ 4.0, 0.8, 1.3 ],
															"to": [ 5.2, 4.0, 1.3 ],
															"shade": false,
															"renderPass": 1,
															"unwrapMode": 1,
															"unwrapRotation": 1,
															"autoUnwrap": false,
															"uv": [ 20.0, 59.5 ],
															"rotationOrigin": [ 4.0, 0.8, 1.3 ],
															"rotationY": -4.0,
															"rotationZ": 6.0,
															"faces": {
																"north": { "texture": "#skin", "uv": [ 20.0, 59.5, 23.0, 60.5 ], "rotation": 270 }
															}
														}
													],
													"attachmentpoints": [
														{
															"code": "rope",
															"posX": "0.0","posY": "2.0","posZ": "1.2",
															"rotationX": "0.0","rotationY": "0.0","rotationZ": "0.0"
														}
													]
												},
												{
													"name": "Neckmane3",
													"from": [ 5.0, 1.6, 1.4 ],
													"to": [ 6.2, 6.4, 1.4 ],
													"shade": false,
													"renderPass": 1,
													"unwrapMode": 1,
													"unwrapRotation": 1,
													"autoUnwrap": false,
													"uv": [ 23.0, 59.5 ],
													"rotationOrigin": [ 5.0, 1.6, 1.4 ],
													"rotationY": 2.0,
													"rotationZ": 4.0,
													"faces": {
														"north": { "texture": "#skin", "uv": [ 23.0, 59.5, 27.5, 60.5 ], "rotation": 270 }
													}
												},
												{
													"name": "Neck tuft",
													"from": [ -4.0, 4.0, 1.4 ],
													"to": [ 0.0, 6.0, 1.4 ],
													"shade": false,
													"renderPass": 1,
													"autoUnwrap": false,
													"uv": [ 0.0, 0.0 ],
													"rotationOrigin": [ 0.0, 6.0, 1.4 ],
													"rotationZ": 20.0,
													"faces": {
														"north": { "texture": "#skin", "uv": [ 5.0, 5.0, 7.0, 9.0 ], "rotation": 270 }
													}
												},
												{
													"name": "Neck tuft2",
													"from": [ -4.0, 4.0, 1.4 ],
													"to": [ 0.0, 6.0, 1.4 ],
													"shade": false,
													"renderPass": 1,
													"autoUnwrap": false,
													"uv": [ 0.0, 0.0 ],
													"rotationOrigin": [ 0.0, 6.0, 1.4 ],
													"rotationY": 10.0,
													"rotationZ": 24.0,
													"faces": {
														"north": { "texture": "#skin", "uv": [ 3.0, 5.0, 5.0, 9.0 ], "rotation": 270 }
													}
												},
												{
													"name": "Neck tuft3",
													"from": [ -4.0, 4.0, 1.4 ],
													"to": [ 0.0, 6.0, 1.4 ],
													"shade": false,
													"renderPass": 1,
													"autoUnwrap": false,
													"uv": [ 0.0, 0.0 ],
													"rotationOrigin": [ 0.0, 6.0, 1.4 ],
													"rotationY": -10.0,
													"rotationZ": 22.0,
													"faces": {
														"north": { "texture": "#skin", "uv": [ 1.0, 5.0, 3.0, 9.0 ], "rotation": 270 }
													}
												}
											]
										},
										{
											"name": "L Shoulder",
											"from": [ 0.741, 0.6676, 5.2 ],
											"to": [ 4.541, 8.2676, 7.0 ],
											"unwrapMode": 3,
											"uv": [ 35.5, 1.5 ],
											"rotationOrigin": [ 1.1, 5.4, 6.1 ],
											"rotationX": 2.0,
											"rotationZ": -16.22,
											"faces": {
												"north": { "texture": "#skin", "uv": [ 42.0, 3.0, 45.5, 10.5 ] },
												"east": { "texture": "#skin", "uv": [ 40.5, 3.0, 42.0, 10.5 ] },
												"south": { "texture": "#skin", "uv": [ 37.0, 3.0, 40.5, 10.5 ] },
												"west": { "texture": "#skin", "uv": [ 35.5, 3.0, 37.0, 10.5 ] },
												"up": { "texture": "#skin", "uv": [ 37.0, 1.5, 40.5, 3.0 ] },
												"down": { "texture": "#skin", "uv": [ 37.0, 10.5, 40.5, 12.0 ], "rotation": 180 }
											},
											"children": [
												{
													"name": "L ArmUp",
													"from": [ 0.2882, -0.1118, 0.1 ],
													"to": [ 5.6882, 2.7882, 1.9 ],
													"unwrapMode": 3,
													"uv": [ 36.0, 12.5 ],
													"rotationOrigin": [ 0.7, 0.6, 0.9 ],
													"rotationY": -0.1,
													"rotationZ": -27.0,
													"faces": {
														"north": { "texture": "#skin", "uv": [ 44.0, 14.0, 49.0, 16.5 ] },
														"east": { "texture": "#skin", "uv": [ 42.5, 14.0, 44.0, 16.5 ] },
														"south": { "texture": "#skin", "uv": [ 37.5, 14.0, 42.5, 16.5 ] },
														"west": { "texture": "#skin", "uv": [ 36.0, 14.0, 37.5, 16.5 ] },
														"up": { "texture": "#skin", "uv": [ 37.5, 12.5, 42.5, 14.0 ], "windMode": [-1,-1,-1,-1] },
														"down": { "texture": "#skin", "uv": [ 37.5, 16.5, 42.5, 18.0 ], "rotation": 180 }
													},
													"children": [
														{
															"name": "L ArmMid",
															"from": [ 3.2, -4.2, 0.2353 ],
															"to": [ 5.4, 2.4, 1.6353 ],
															"unwrapMode": 3,
															"uv": [ 37.5, 18.5 ],
															"rotationOrigin": [ 4.6, 1.8, 0.9 ],
															"rotationX": 2.0,
															"rotationY": 2.0,
															"rotationZ": -8.0,
															"faces": {
																"north": { "texture": "#skin", "uv": [ 41.5, 19.5, 43.5, 26.0 ] },
																"east": { "texture": "#skin", "uv": [ 40.5, 19.5, 41.5, 26.0 ] },
																"south": { "texture": "#skin", "uv": [ 38.5, 19.5, 40.5, 26.0 ] },
																"west": { "texture": "#skin", "uv": [ 37.5, 19.5, 38.5, 26.0 ] },
																"up": { "texture": "#skin", "uv": [ 38.5, 18.5, 40.5, 19.5 ] },
																"down": { "texture": "#skin", "uv": [ 38.5, 26.0, 40.5, 27.0 ], "rotation": 180 }
															},
															"children": [
																{
																	"name": "L ArmLow",
																	"from": [ 0.3, -5.4, 0.15 ],
																	"to": [ 1.7, 0.7, 1.25 ],
																	"unwrapMode": 3,
																	"uv": [ 36.0, 26.5 ],
																	"rotationOrigin": [ 1.0, 0.3, 0.7 ],
																	"rotationX": -2.0,
																	"rotationZ": 75.0,
																	"faces": {
																		"north": { "texture": "#skin", "uv": [ 39.0, 27.5, 40.0, 33.5 ] },
																		"east": { "texture": "#skin", "uv": [ 38.0, 27.5, 39.0, 33.5 ] },
																		"south": { "texture": "#skin", "uv": [ 37.0, 27.5, 38.0, 33.5 ] },
																		"west": { "texture": "#skin", "uv": [ 36.0, 27.5, 37.0, 33.5 ] },
																		"up": { "texture": "#skin", "uv": [ 37.0, 26.5, 38.0, 27.5 ] },
																		"down": { "texture": "#skin", "uv": [ 37.0, 33.5, 38.0, 34.5 ], "rotation": 180 }
																	},
																	"children": [
																		{
																			"name": "L Front Pastern",
																			"from": [ 0.2, -1.3, -0.05 ],
																			"to": [ 1.3, 0.7, 1.15 ],
																			"unwrapMode": 3,
																			"uv": [ 39.5, 34.0 ],
																			"rotationOrigin": [ 0.7, 0.7, 0.55 ],
																			"rotationX": -1.0,
																			"rotationZ": -3.33,
																			"faces": {
																				"north": { "texture": "#skin", "uv": [ 42.5, 34.0, 43.5, 36.0 ] },
																				"east": { "texture": "#skin", "uv": [ 41.5, 34.0, 42.5, 36.0 ] },
																				"south": { "texture": "#skin", "uv": [ 40.5, 34.0, 41.5, 36.0 ] },
																				"west": { "texture": "#skin", "uv": [ 39.5, 34.0, 40.5, 36.0 ] },
																				"down": { "texture": "#skin", "uv": [ 40.5, 36.0, 41.5, 37.0 ], "rotation": 180 }
																			},
																			"children": [
																				{
																					"name": "L Front Hoof",
																					"from": [ 0.4, 0.7, 0.7 ],
																					"to": [ 0.4, 0.7, 0.7 ],
																					"uv": [ 0.0, 0.0 ],
																					"rotationOrigin": [ 0.4, 0.7, 0.6 ],
																					"rotationY": 1.0,
																					"rotationZ": 52.0,
																					"faces": {
																					},
																					"children": [
																						{
																							"name": "L Front Hoof2",
																							"from": [ -0.9, -1.0, -0.6 ],
																							"to": [ 0.4, -0.4, 0.4 ],
																							"unwrapMode": 5,
																							"uv": [ 46.0, 58.5 ],
																							"rotationOrigin": [ 0.2, -0.4, 0.3 ],
																							"faces": {
																								"north": { "texture": "#skin", "uv": [ 46.5, 58.5, 47.5, 59.0 ], "rotation": 180 },
																								"east": { "texture": "#skin", "uv": [ 47.5, 59.0, 48.0, 60.0 ], "rotation": 90 },
																								"south": { "texture": "#skin", "uv": [ 46.5, 60.0, 47.5, 60.5 ] },
																								"west": { "texture": "#skin", "uv": [ 46.0, 59.0, 46.5, 60.0 ], "rotation": 270 },
																								"up": { "texture": "#skin", "uv": [ 46.5, 59.0, 47.5, 60.0 ] },
																								"down": { "texture": "#skin", "uv": [ 48.0, 59.0, 49.0, 60.0 ] }
																							}
																						},
																						{
																							"name": "L Front Hoof1",
																							"from": [ -0.9, -1.0, -0.6 ],
																							"to": [ 0.5, -0.6, 0.4 ],
																							"unwrapMode": 5,
																							"uv": [ 46.0, 61.0 ],
																							"rotationOrigin": [ -0.9, -1.0, -0.6 ],
																							"rotationY": 1.0,
																							"rotationZ": 49.0,
																							"faces": {
																								"north": { "texture": "#skin", "uv": [ 46.5, 61.0, 47.5, 61.5 ], "rotation": 180 },
																								"east": { "texture": "#skin", "uv": [ 47.5, 61.5, 48.0, 62.5 ], "rotation": 90 },
																								"south": { "texture": "#skin", "uv": [ 46.5, 62.5, 47.5, 63.0 ] },
																								"west": { "texture": "#skin", "uv": [ 46.0, 61.5, 46.5, 62.5 ], "rotation": 270 },
																								"up": { "texture": "#skin", "uv": [ 46.5, 61.5, 47.5, 62.5 ] },
																								"down": { "texture": "#skin", "uv": [ 48.0, 61.5, 49.0, 62.5 ] }
																							}
																						}
																					]
																				}
																			]
																		}
																	]
																}
															]
														}
													]
												}
											]
										},
										{
											"name": "R Shoulder",
											"from": [ -0.141, 0.5881, -0.6 ],
											"to": [ 3.659, 8.1881, 1.2 ],
											"unwrapMode": 1,
											"uv": [ 50.0, 1.5 ],
											"rotationOrigin": [ 1.1, 5.4, 0.4 ],
											"rotationX": -2.0,
											"rotationZ": -24.22,
											"faces": {
												"north": { "texture": "#skin", "uv": [ 51.5, 3.0, 55.0, 10.5 ] },
												"east": { "texture": "#skin", "uv": [ 50.0, 3.0, 51.5, 10.5 ] },
												"south": { "texture": "#skin", "uv": [ 56.5, 3.0, 60.0, 10.5 ] },
												"west": { "texture": "#skin", "uv": [ 55.0, 3.0, 56.5, 10.5 ] },
												"up": { "texture": "#skin", "uv": [ 51.5, 1.5, 55.0, 3.0 ], "rotation": 180 },
												"down": { "texture": "#skin", "uv": [ 51.5, 10.5, 55.0, 12.0 ] }
											},
											"children": [
												{
													"name": "R ArmUp",
													"from": [ 0.2882, -0.1118, -0.1 ],
													"to": [ 5.6882, 2.7882, 1.7 ],
													"unwrapMode": 1,
													"uv": [ 50.0, 12.5 ],
													"rotationOrigin": [ 0.7, 0.6, 0.8 ],
													"rotationY": 0.1,
													"rotationZ": -19.0,
													"faces": {
														"north": { "texture": "#skin", "uv": [ 51.5, 14.0, 56.5, 16.5 ] },
														"east": { "texture": "#skin", "uv": [ 50.0, 14.0, 51.5, 16.5 ] },
														"south": { "texture": "#skin", "uv": [ 58.0, 14.0, 63.0, 16.5 ] },
														"west": { "texture": "#skin", "uv": [ 56.5, 14.0, 58.0, 16.5 ] },
														"up": { "texture": "#skin", "uv": [ 51.5, 12.5, 56.5, 14.0 ], "rotation": 180 },
														"down": { "texture": "#skin", "uv": [ 51.5, 16.5, 56.5, 18.0 ] }
													},
													"children": [
														{
															"name": "R ArmMid",
															"from": [ 3.1118, -4.8174, 0.2882 ],
															"to": [ 5.3118, 1.7826, 1.6882 ],
															"unwrapMode": 1,
															"uv": [ 52.0, 18.5 ],
															"rotationOrigin": [ 4.6, 1.8, 0.9 ],
															"rotationX": -6.0,
															"rotationY": -2.0,
															"rotationZ": -27.0,
															"faces": {
																"north": { "texture": "#skin", "uv": [ 53.0, 19.5, 55.0, 26.0 ] },
																"east": { "texture": "#skin", "uv": [ 52.0, 19.5, 53.0, 26.0 ] },
																"south": { "texture": "#skin", "uv": [ 56.0, 19.5, 58.0, 26.0 ] },
																"west": { "texture": "#skin", "uv": [ 55.0, 19.5, 56.0, 26.0 ] },
																"up": { "texture": "#skin", "uv": [ 53.0, 18.5, 55.0, 19.5 ], "rotation": 180 },
																"down": { "texture": "#skin", "uv": [ 53.0, 26.0, 55.0, 27.0 ] }
															},
															"children": [
																{
																	"name": "R ArmLow",
																	"from": [ 0.3, -5.4, 0.15 ],
																	"to": [ 1.7, 0.7, 1.25 ],
																	"unwrapMode": 1,
																	"uv": [ 54.5, 26.5 ],
																	"rotationOrigin": [ 1.0, 0.3, 0.7 ],
																	"rotationX": 2.0,
																	"rotationZ": 55.0,
																	"faces": {
																		"north": { "texture": "#skin", "uv": [ 55.5, 27.5, 56.5, 33.5 ] },
																		"east": { "texture": "#skin", "uv": [ 54.5, 27.5, 55.5, 33.5 ] },
																		"south": { "texture": "#skin", "uv": [ 57.5, 27.5, 58.5, 33.5 ] },
																		"west": { "texture": "#skin", "uv": [ 56.5, 27.5, 57.5, 33.5 ] },
																		"up": { "texture": "#skin", "uv": [ 55.5, 26.5, 56.5, 27.5 ], "rotation": 180 },
																		"down": { "texture": "#skin", "uv": [ 55.5, 33.5, 56.5, 34.5 ] }
																	},
																	"children": [
																		{
																			"name": "R Front Pastern",
																			"from": [ 0.2, -1.3, -0.05 ],
																			"to": [ 1.3, 0.7, 1.15 ],
																			"unwrapMode": 1,
																			"uv": [ 57.0, 34.0 ],
																			"rotationOrigin": [ 0.7, 0.7, 0.55 ],
																			"rotationX": 1.0,
																			"rotationZ": 28.11,
																			"faces": {
																				"north": { "texture": "#skin", "uv": [ 58.0, 34.0, 59.0, 36.0 ] },
																				"east": { "texture": "#skin", "uv": [ 57.0, 34.0, 58.0, 36.0 ] },
																				"south": { "texture": "#skin", "uv": [ 60.0, 34.0, 61.0, 36.0 ] },
																				"west": { "texture": "#skin", "uv": [ 59.0, 34.0, 60.0, 36.0 ] },
																				"down": { "texture": "#skin", "uv": [ 58.0, 36.0, 59.0, 37.0 ] }
																			},
																			"children": [
																				{
																					"name": "R Front Hoof",
																					"from": [ 0.4, 0.7, 0.7 ],
																					"to": [ 0.4, 0.7, 0.7 ],
																					"uv": [ 0.0, 0.0 ],
																					"rotationOrigin": [ 0.4, 0.7, 0.6 ],
																					"rotationY": -1.0,
																					"rotationZ": 49.0,
																					"faces": {
																					},
																					"children": [
																						{
																							"name": "R Front Hoof2",
																							"from": [ -0.9, -1.0, -0.6 ],
																							"to": [ 0.4, -0.4, 0.4 ],
																							"unwrapMode": 5,
																							"uv": [ 58.5, 58.0 ],
																							"rotationOrigin": [ 0.2, -0.4, 0.3 ],
																							"faces": {
																								"north": { "texture": "#skin", "uv": [ 59.0, 58.0, 60.0, 58.5 ], "rotation": 180 },
																								"east": { "texture": "#skin", "uv": [ 60.0, 58.5, 60.5, 59.5 ], "rotation": 90 },
																								"south": { "texture": "#skin", "uv": [ 59.0, 59.5, 60.0, 60.0 ] },
																								"west": { "texture": "#skin", "uv": [ 58.5, 58.5, 59.0, 59.5 ], "rotation": 270 },
																								"up": { "texture": "#skin", "uv": [ 59.0, 58.5, 60.0, 59.5 ] },
																								"down": { "texture": "#skin", "uv": [ 60.5, 58.5, 61.5, 59.5 ] }
																							}
																						},
																						{
																							"name": "R Front Hoof1",
																							"from": [ -0.9, -1.0, -0.6 ],
																							"to": [ 0.5, -0.6, 0.4 ],
																							"unwrapMode": 5,
																							"uv": [ 58.5, 60.5 ],
																							"rotationOrigin": [ -0.9, -1.0, 0.3 ],
																							"rotationY": -1.0,
																							"rotationZ": 49.0,
																							"faces": {
																								"north": { "texture": "#skin", "uv": [ 59.0, 60.5, 60.0, 61.0 ], "rotation": 180 },
																								"east": { "texture": "#skin", "uv": [ 60.0, 61.0, 60.5, 62.0 ], "rotation": 90 },
																								"south": { "texture": "#skin", "uv": [ 59.0, 62.0, 60.0, 62.5 ] },
																								"west": { "texture": "#skin", "uv": [ 58.5, 61.0, 59.0, 62.0 ], "rotation": 270 },
																								"up": { "texture": "#skin", "uv": [ 59.0, 61.0, 60.0, 62.0 ] },
																								"down": { "texture": "#skin", "uv": [ 60.5, 61.0, 61.5, 62.0 ] }
																							}
																						}
																					]
																				}
																			]
																		}
																	]
																}
															]
														}
													]
												}
											]
										},
										{
											"name": "Hump",
											"from": [ 1.4, 6.4, 2.15 ],
											"to": [ 4.6, 8.0, 4.35 ],
											"unwrapMode": 7,
											"unwrapRotation": 1,
											"uv": [ 31.5, 18.0 ],
											"rotationOrigin": [ 1.4, 8.0, 2.15 ],
											"rotationZ": 17.0,
											"faces": {
												"north": { "texture": "#skin", "uv": [ 35.0, 18.0, 36.5, 21.0 ], "rotation": 90 },
												"east": { "texture": "#skin", "uv": [ 33.0, 21.0, 35.0, 22.5 ] },
												"south": { "texture": "#skin", "uv": [ 31.5, 18.0, 33.0, 21.0 ], "rotation": 270 },
												"up": { "texture": "#skin", "uv": [ 33.0, 18.0, 35.0, 21.0 ], "rotation": 270 }
											},
											"children": [
												{
													"name": "Hump2",
													"from": [ 3.2, 0.2, 0.1 ],
													"to": [ 7.2, 1.6, 2.1 ],
													"unwrapMode": 7,
													"unwrapRotation": 1,
													"uv": [ 32.0, 23.0 ],
													"rotationOrigin": [ 3.2, 1.6, 0.1 ],
													"rotationZ": -32.0,
													"faces": {
														"north": { "texture": "#skin", "uv": [ 35.0, 23.0, 36.0, 27.0 ], "rotation": 90 },
														"south": { "texture": "#skin", "uv": [ 32.0, 23.0, 33.0, 27.0 ], "rotation": 270 },
														"up": { "texture": "#skin", "uv": [ 33.0, 23.0, 35.0, 27.0 ], "rotation": 270 }
													}
												}
											]
										}
									],
									"attachmentpoints": [
										{
											"code": "Center",
											"posX": "8.0","posY": "0.0","posZ": "2.4",
											"rotationX": "0.0","rotationY": "0.0","rotationZ": "0.0"
										}
									]
								}
							],
							"attachmentpoints": [
								{
									"code": "Rider",
									"posX": "3.0","posY": "11.0","posZ": "3.7",
									"rotationX": "0.0","rotationY": "-180.0","rotationZ": "0.0"
								}
							]
						}
					]
				}
			]
		}
	]}