{
	"editor": {
		"allAngles": true,
		"entityTextureMode": true
	},
	"textureWidth": 76,
	"textureHeight": 84,
	"textureSizes": {
		"skin": [76,84]
	},
	"textures": {
	},
	"elements": [
		{
			"name": "Neck",
			"from": [ 13.4, 10.0, 5.7 ],
			"to": [ 20.1, 16.9, 10.3 ],
			"unwrapMode": 2,
			"autoUnwrap": false,
			"uv": [ 5.5, 5.0 ],
			"rotationOrigin": [ 19.5, 10.0, 8.0 ],
			"rotationX": 20.0,
			"rotationY": 20.0,
			"rotationZ": 71.0,
			"faces": {
				"north": { "texture": "#skin", "uv": [ 18.5, 12.5, 25.0, 19.0 ], "windMode": [-1,-1,-1,-1], "windData": [0,0,1,0] },
				"east": { "texture": "#skin", "uv": [ 14.0, 12.5, 18.5, 19.0 ], "windMode": [-1,-1,-1,-1], "windData": [1,0,0,1] },
				"south": { "texture": "#skin", "uv": [ 7.5, 12.5, 14.0, 19.0 ] },
				"west": { "texture": "#skin", "uv": [ 25.0, 12.5, 29.5, 19.0 ] },
				"up": { "texture": "#skin", "uv": [ 2.0, 12.0, 6.5, 18.5 ], "rotation": 90 }
			},
			"children": [
				{
					"name": "Neck2",
					"from": [ 1.4164, 4.7, 0.5 ],
					"to": [ 7.0164, 10.6, 4.1 ],
					"unwrapMode": 2,
					"uv": [ 9.0, 1.0 ],
					"rotationOrigin": [ 5.2, 4.9, 2.3 ],
					"rotationX": 10.0,
					"rotationY": 30.0,
					"faces": {
						"north": { "texture": "#skin", "uv": [ 18.0, 6.5, 23.5, 12.0 ] },
						"east": { "texture": "#skin", "uv": [ 14.5, 6.5, 18.0, 12.0 ] },
						"south": { "texture": "#skin", "uv": [ 9.0, 6.5, 14.5, 12.0 ] },
						"west": { "texture": "#skin", "uv": [ 23.5, 6.5, 27.0, 12.0 ] },
						"up": { "texture": "#skin", "uv": [ 14.5, 1.0, 18.0, 6.5 ], "rotation": 270 }
					},
					"children": [
						{
							"name": "Head",
							"from": [ 4.0, 0.8, -0.5 ],
							"to": [ 6.7, 6.2, 4.1 ],
							"unwrapMode": 4,
							"uv": [ 6.0, 58.0 ],
							"rotationOrigin": [ 5.8, 6.2, 1.8 ],
							"rotationZ": -70.0,
							"faces": {
								"north": { "texture": "#skin", "uv": [ 6.0, 60.5, 8.5, 65.5 ] },
								"east": { "texture": "#skin", "uv": [ 15.5, 60.5, 20.0, 65.5 ] },
								"south": { "texture": "#skin", "uv": [ 13.0, 60.5, 15.5, 65.5 ] },
								"west": { "texture": "#skin", "uv": [ 8.5, 60.5, 13.0, 65.5 ] },
								"up": { "texture": "#skin", "uv": [ 8.5, 58.0, 13.0, 60.5 ], "rotation": 90 },
								"down": { "texture": "#skin", "uv": [ 8.5, 65.5, 13.0, 68.0 ], "rotation": 90 }
							},
							"children": [
								{
									"name": "MouthUp",
									"from": [ -5.1, 1.5, 0.8 ],
									"to": [ 0.2, 2.7, 3.8 ],
									"unwrapMode": 5,
									"unwrapRotation": 1,
									"uv": [ 3.5, 70.0 ],
									"rotationOrigin": [ -1.5, 2.5, 2.3 ],
									"rotationZ": 4.0,
									"faces": {
										"north": { "texture": "#skin", "uv": [ 3.5, 70.0, 4.5, 75.0 ], "rotation": 270 },
										"south": { "texture": "#skin", "uv": [ 7.5, 70.0, 8.5, 75.0 ], "rotation": 90 },
										"west": { "texture": "#skin", "uv": [ 4.5, 75.0, 7.5, 76.0 ] },
										"up": { "texture": "#skin", "uv": [ 4.5, 70.0, 7.5, 75.0 ], "rotation": 90, "windMode": [-1,-1,-1,-1], "windData": [1,1,1,1] },
										"down": { "texture": "#skin", "uv": [ 8.5, 70.0, 11.5, 75.0 ], "rotation": 270 }
									},
									"children": [
										{
											"name": "Nose",
											"from": [ 0.9, -0.1, 0.25 ],
											"to": [ 5.7, 2.2, 2.75 ],
											"unwrapMode": 5,
											"unwrapRotation": 1,
											"uv": [ 23.0, 72.0 ],
											"rotationOrigin": [ 0.9, 2.0, 0.8 ],
											"rotationZ": 16.0,
											"faces": {
												"north": { "texture": "#skin", "uv": [ 23.0, 72.0, 25.0, 76.5 ], "rotation": 270, "windMode": [-1,-1,-1,-1], "windData": [1,1,1,1] },
												"south": { "texture": "#skin", "uv": [ 27.5, 72.0, 29.5, 76.5 ], "rotation": 90 },
												"west": { "texture": "#skin", "uv": [ 25.0, 76.5, 27.5, 78.5 ], "windMode": [-1,-1,-1,-1], "windData": [1,1,1,1] },
												"up": { "texture": "#skin", "uv": [ 25.0, 72.0, 27.5, 76.5 ], "rotation": 90 }
											},
											"children": [
												{
													"name": "Snout",
													"from": [ -1.5, 0.2, -0.4 ],
													"to": [ 0.2, 2.2, 2.9 ],
													"unwrapMode": 4,
													"uv": [ 34.5, 75.0 ],
													"rotationOrigin": [ 0.0, 2.0, 1.25 ],
													"rotationZ": -9.0,
													"faces": {
														"north": { "texture": "#skin", "uv": [ 34.5, 76.5, 36.0, 78.5 ], "windMode": [-1,-1,-1,-1], "windData": [1,1,1,1] },
														"east": { "texture": "#skin", "uv": [ 40.5, 76.5, 43.5, 78.5 ], "windMode": [-1,-1,-1,-1], "windData": [1,1,1,1] },
														"south": { "texture": "#skin", "uv": [ 39.0, 76.5, 40.5, 78.5 ], "windMode": [-1,-1,-1,-1], "windData": [1,1,1,1] },
														"west": { "texture": "#skin", "uv": [ 36.0, 76.5, 39.0, 78.5 ], "windMode": [-1,-1,-1,-1], "windData": [1,1,1,1] },
														"up": { "texture": "#skin", "uv": [ 36.0, 75.0, 39.0, 76.5 ], "rotation": 90, "windMode": [-1,-1,-1,-1], "windData": [1,1,1,1] },
														"down": { "texture": "#skin", "uv": [ 36.0, 78.5, 39.0, 80.0 ], "rotation": 90, "windMode": [-1,-1,-1,-1], "windData": [1,1,1,1] }
													}
												},
												{
													"name": "NoseBridge",
													"from": [ 3.6, 0.5, -0.7 ],
													"to": [ 4.8, 2.2, 3.2 ],
													"unwrapMode": 7,
													"unwrapRotation": 1,
													"uv": [ 30.0, 72.0 ],
													"rotationOrigin": [ 3.6, 2.2, -0.7 ],
													"rotationZ": 18.0,
													"faces": {
														"north": { "texture": "#skin", "uv": [ 35.0, 73.5, 36.5, 74.5 ], "rotation": 90 },
														"east": { "texture": "#skin", "uv": [ 31.5, 74.5, 35.0, 76.0 ] },
														"south": { "texture": "#skin", "uv": [ 30.0, 73.5, 31.5, 74.5 ], "rotation": 270 },
														"west": { "texture": "#skin", "uv": [ 31.5, 72.0, 35.0, 73.5 ], "rotation": 180 },
														"up": { "texture": "#skin", "uv": [ 31.5, 73.5, 35.0, 74.5 ], "rotation": 270 }
													}
												}
											]
										}
									]
								},
								{
									"name": "L Ear",
									"from": [ 1.7, 3.2, 3.8 ],
									"to": [ 2.0, 4.6, 5.5 ],
									"unwrapMode": 4,
									"uv": [ 0.5, 67.5 ],
									"rotationOrigin": [ 1.8, 3.2, 4.5 ],
									"rotationX": 116.0,
									"rotationY": -16.0,
									"faces": {
										"north": { "texture": "#skin", "uv": [ 0.5, 68.0, 1.0, 69.0 ], "windMode": [-1,-1,-1,-1], "windData": [1,1,1,1] },
										"east": { "texture": "#skin", "uv": [ 3.0, 68.0, 4.5, 69.0 ] },
										"south": { "texture": "#skin", "uv": [ 2.5, 68.0, 3.0, 69.0 ], "windMode": [-1,-1,-1,-1], "windData": [1,1,1,1] },
										"west": { "texture": "#skin", "uv": [ 1.0, 68.0, 2.5, 69.0 ] },
										"up": { "texture": "#skin", "uv": [ 1.0, 67.5, 2.5, 68.0 ], "rotation": 90 },
										"down": { "texture": "#skin", "uv": [ 1.0, 69.0, 2.5, 69.5 ], "rotation": 90 }
									},
									"children": [
										{
											"name": "L Ear3",
											"from": [ 0.0, 1.4, 0.0 ],
											"to": [ 0.3, 3.3, 0.7 ],
											"unwrapMode": 4,
											"uv": [ 4.5, 65.5 ],
											"rotationOrigin": [ 0.2, 1.4, 0.0 ],
											"rotationX": 8.0,
											"rotationY": 1.0,
											"faces": {
												"north": { "texture": "#skin", "uv": [ 4.5, 66.0, 5.0, 67.5 ] },
												"east": { "texture": "#skin", "uv": [ 6.0, 66.0, 6.5, 67.5 ] },
												"south": { "texture": "#skin", "uv": [ 5.5, 66.0, 6.0, 67.5 ] },
												"west": { "texture": "#skin", "uv": [ 5.0, 66.0, 5.5, 67.5 ] },
												"up": { "texture": "#skin", "uv": [ 5.0, 65.5, 5.5, 66.0 ], "rotation": 90 },
												"down": { "texture": "#skin", "uv": [ 5.0, 67.5, 5.5, 68.0 ], "rotation": 90 }
											}
										},
										{
											"name": "L Ear2",
											"from": [ 0.0, 1.4, 0.6 ],
											"to": [ 0.3, 3.3, 1.7 ],
											"unwrapMode": 4,
											"uv": [ 0.5, 64.0 ],
											"rotationOrigin": [ 0.2, 1.4, 1.7 ],
											"rotationX": -10.0,
											"rotationY": -1.0,
											"faces": {
												"north": { "texture": "#skin", "uv": [ 0.5, 64.5, 1.0, 66.0 ] },
												"east": { "texture": "#skin", "uv": [ 2.5, 64.5, 3.5, 66.0 ] },
												"south": { "texture": "#skin", "uv": [ 2.0, 64.5, 2.5, 66.0 ] },
												"west": { "texture": "#skin", "uv": [ 1.0, 64.5, 2.0, 66.0 ] },
												"up": { "texture": "#skin", "uv": [ 1.0, 64.0, 2.0, 64.5 ], "rotation": 90 },
												"down": { "texture": "#skin", "uv": [ 1.0, 66.0, 2.0, 66.5 ], "rotation": 90 }
											}
										}
									]
								},
								{
									"name": "R Eye",
									"from": [ -0.01, 3.5, -0.01 ],
									"to": [ 0.69, 3.8, 0.19 ],
									"unwrapMode": 5,
									"uv": [ 1.0, 48.0 ],
									"rotationOrigin": [ -0.01, 3.9, -0.21 ],
									"faces": {
										"north": { "texture": "#skin", "uv": [ 1.5, 48.0, 2.0, 48.5 ], "rotation": 180 },
										"east": { "texture": "#skin", "uv": [ 2.0, 48.5, 2.5, 49.0 ], "rotation": 90 },
										"west": { "texture": "#skin", "uv": [ 1.0, 48.5, 1.5, 49.0 ], "rotation": 270 },
										"up": { "texture": "#skin", "uv": [ 1.5, 48.5, 2.0, 49.0 ] },
										"down": { "texture": "#skin", "uv": [ 2.5, 48.5, 3.0, 49.0 ] }
									},
									"children": [
										{
											"name": "R Eye2",
											"from": [ 0.0, 0.3, 0.0 ],
											"to": [ 0.7, 0.6, 0.2 ],
											"unwrapMode": 5,
											"uv": [ 1.0, 50.0 ],
											"rotationOrigin": [ 0.0, 0.7, -0.1 ],
											"faces": {
												"north": { "texture": "#skin", "uv": [ 1.5, 50.0, 2.0, 50.5 ], "rotation": 180 },
												"east": { "texture": "#skin", "uv": [ 2.0, 50.5, 2.5, 51.0 ], "rotation": 90 },
												"west": { "texture": "#skin", "uv": [ 1.0, 50.5, 1.5, 51.0 ], "rotation": 270 },
												"up": { "texture": "#skin", "uv": [ 1.5, 50.5, 2.0, 51.0 ] },
												"down": { "texture": "#skin", "uv": [ 2.5, 50.5, 3.0, 51.0 ] }
											},
											"children": [
												{
													"name": "R Pupil",
													"from": [ -0.01, -0.1, -0.01 ],
													"to": [ 0.49, 0.1, 0.19 ],
													"unwrapMode": 5,
													"uv": [ 1.0, 46.0 ],
													"rotationOrigin": [ -0.01, -0.1, -0.01 ],
													"faces": {
														"north": { "texture": "#skin", "uv": [ 1.5, 46.0, 2.0, 46.5 ], "rotation": 180, "windMode": [-1,-1,-1,-1], "windData": [1,1,1,1] },
														"east": { "texture": "#skin", "uv": [ 2.0, 46.5, 2.5, 47.0 ], "rotation": 90 },
														"west": { "texture": "#skin", "uv": [ 1.0, 46.5, 1.5, 47.0 ], "rotation": 270 },
														"up": { "texture": "#skin", "uv": [ 1.5, 46.5, 2.0, 47.0 ] },
														"down": { "texture": "#skin", "uv": [ 2.5, 46.5, 3.0, 47.0 ] }
													}
												}
											]
										}
									]
								},
								{
									"name": "R Ear",
									"from": [ 1.7, 3.2, -0.9 ],
									"to": [ 2.0, 4.6, 0.8 ],
									"unwrapMode": 4,
									"uv": [ 0.5, 61.0 ],
									"rotationOrigin": [ 1.8, 3.2, 0.2 ],
									"rotationX": -121.0,
									"rotationY": 7.0,
									"faces": {
										"north": { "texture": "#skin", "uv": [ 0.5, 61.5, 1.0, 62.5 ] },
										"east": { "texture": "#skin", "uv": [ 3.0, 61.5, 4.5, 62.5 ] },
										"south": { "texture": "#skin", "uv": [ 2.5, 61.5, 3.0, 62.5 ], "windMode": [-1,-1,-1,-1], "windData": [1,1,1,1] },
										"west": { "texture": "#skin", "uv": [ 1.0, 61.5, 2.5, 62.5 ] },
										"up": { "texture": "#skin", "uv": [ 1.0, 61.0, 2.5, 61.5 ], "rotation": 90 },
										"down": { "texture": "#skin", "uv": [ 1.0, 62.5, 2.5, 63.0 ], "rotation": 90 }
									},
									"children": [
										{
											"name": "R Ear2",
											"from": [ 0.0, 1.4, 0.0 ],
											"to": [ 0.3, 3.3, 1.1 ],
											"unwrapMode": 4,
											"uv": [ 0.5, 58.0 ],
											"rotationOrigin": [ 0.2, 1.4, 0.0 ],
											"rotationX": 10.0,
											"rotationY": 1.0,
											"faces": {
												"north": { "texture": "#skin", "uv": [ 0.5, 58.5, 1.0, 60.0 ] },
												"east": { "texture": "#skin", "uv": [ 2.5, 58.5, 3.5, 60.0 ] },
												"south": { "texture": "#skin", "uv": [ 2.0, 58.5, 2.5, 60.0 ] },
												"west": { "texture": "#skin", "uv": [ 1.0, 58.5, 2.0, 60.0 ] },
												"up": { "texture": "#skin", "uv": [ 1.0, 58.0, 2.0, 58.5 ], "rotation": 90 },
												"down": { "texture": "#skin", "uv": [ 1.0, 60.0, 2.0, 60.5 ], "rotation": 90 }
											}
										},
										{
											"name": "R Ear3",
											"from": [ 0.0, 1.4, 1.0 ],
											"to": [ 0.3, 3.3, 1.7 ],
											"unwrapMode": 4,
											"uv": [ 4.0, 58.0 ],
											"rotationOrigin": [ 0.2, 1.4, 1.6 ],
											"rotationX": -8.0,
											"rotationY": -1.0,
											"faces": {
												"north": { "texture": "#skin", "uv": [ 4.0, 58.5, 4.5, 60.0 ] },
												"east": { "texture": "#skin", "uv": [ 5.5, 58.5, 6.0, 60.0 ] },
												"south": { "texture": "#skin", "uv": [ 5.0, 58.5, 5.5, 60.0 ] },
												"west": { "texture": "#skin", "uv": [ 4.5, 58.5, 5.0, 60.0 ] },
												"up": { "texture": "#skin", "uv": [ 4.5, 58.0, 5.0, 58.5 ], "rotation": 90 },
												"down": { "texture": "#skin", "uv": [ 4.5, 60.0, 5.0, 60.5 ], "rotation": 90 }
											}
										}
									]
								},
								{
									"name": "L Eye",
									"from": [ -0.01, 3.5, 4.41 ],
									"to": [ 0.69, 3.8, 4.61 ],
									"unwrapMode": 5,
									"uv": [ 1.0, 48.5 ],
									"rotationOrigin": [ -0.01, 3.9, 4.41 ],
									"faces": {
										"east": { "texture": "#skin", "uv": [ 2.0, 48.5, 2.5, 49.0 ], "rotation": 90 },
										"south": { "texture": "#skin", "uv": [ 1.5, 49.0, 2.0, 49.5 ] },
										"west": { "texture": "#skin", "uv": [ 1.0, 48.5, 1.5, 49.0 ], "rotation": 270 },
										"up": { "texture": "#skin", "uv": [ 1.5, 48.5, 2.0, 49.0 ] },
										"down": { "texture": "#skin", "uv": [ 2.5, 48.5, 3.0, 49.0 ] }
									},
									"children": [
										{
											"name": "L Eye2",
											"from": [ 0.0, 0.3, 0.0 ],
											"to": [ 0.7, 0.6, 0.2 ],
											"unwrapMode": 5,
											"uv": [ 1.0, 50.5 ],
											"rotationOrigin": [ 0.0, 0.8, -0.1 ],
											"faces": {
												"east": { "texture": "#skin", "uv": [ 2.0, 50.5, 2.5, 51.0 ], "rotation": 90 },
												"south": { "texture": "#skin", "uv": [ 1.5, 51.0, 2.0, 51.5 ] },
												"west": { "texture": "#skin", "uv": [ 1.0, 50.5, 1.5, 51.0 ], "rotation": 270 },
												"up": { "texture": "#skin", "uv": [ 1.5, 50.5, 2.0, 51.0 ] },
												"down": { "texture": "#skin", "uv": [ 2.5, 50.5, 3.0, 51.0 ] }
											},
											"children": [
												{
													"name": "L Pupil",
													"from": [ -0.01, -0.1, 0.01 ],
													"to": [ 0.49, 0.1, 0.21 ],
													"unwrapMode": 5,
													"uv": [ 1.0, 46.5 ],
													"rotationOrigin": [ -0.01, -0.1, 0.01 ],
													"faces": {
														"east": { "texture": "#skin", "uv": [ 2.0, 46.5, 2.5, 47.0 ], "rotation": 90 },
														"south": { "texture": "#skin", "uv": [ 1.5, 47.0, 2.0, 47.5 ] },
														"west": { "texture": "#skin", "uv": [ 1.0, 46.5, 1.5, 47.0 ], "rotation": 270 },
														"up": { "texture": "#skin", "uv": [ 1.5, 46.5, 2.0, 47.0 ] },
														"down": { "texture": "#skin", "uv": [ 2.5, 46.5, 3.0, 47.0 ] }
													}
												}
											]
										}
									]
								},
								{
									"name": "Jaw",
									"from": [ -3.5, -0.8, 0.9 ],
									"to": [ 2.3, 1.7, 3.7 ],
									"unwrapMode": 5,
									"unwrapRotation": 1,
									"uv": [ 12.0, 70.0 ],
									"rotationOrigin": [ 1.8, 0.8, 2.1 ],
									"rotationZ": -10.0,
									"faces": {
										"north": { "texture": "#skin", "uv": [ 12.0, 70.0, 14.5, 75.5 ], "rotation": 270 },
										"south": { "texture": "#skin", "uv": [ 17.0, 70.0, 19.5, 75.5 ], "rotation": 90 },
										"west": { "texture": "#skin", "uv": [ 14.5, 75.5, 17.0, 78.0 ] },
										"up": { "texture": "#skin", "uv": [ 14.5, 70.0, 17.0, 75.5 ], "rotation": 90 },
										"down": { "texture": "#skin", "uv": [ 19.5, 70.0, 22.0, 75.5 ], "rotation": 270 }
									},
									"children": [
										{
											"name": "Jaw2",
											"from": [ -1.5, 0.4, 0.3 ],
											"to": [ 1.0, 1.6, 2.5 ],
											"unwrapMode": 5,
											"unwrapRotation": 1,
											"uv": [ 14.0, 56.0 ],
											"rotationOrigin": [ 0.8, 1.1, 1.3 ],
											"rotationZ": 6.0,
											"faces": {
												"north": { "texture": "#skin", "uv": [ 14.0, 56.0, 15.0, 58.5 ], "rotation": 270 },
												"south": { "texture": "#skin", "uv": [ 17.0, 56.0, 18.0, 58.5 ], "rotation": 90 },
												"west": { "texture": "#skin", "uv": [ 15.0, 58.5, 17.0, 59.5 ] },
												"up": { "texture": "#skin", "uv": [ 15.0, 56.0, 17.0, 58.5 ], "rotation": 90 },
												"down": { "texture": "#skin", "uv": [ 18.0, 56.0, 20.0, 58.5 ], "rotation": 270 }
											}
										},
										{
											"name": "Tongue",
											"from": [ -0.7, 1.1, 0.8 ],
											"to": [ 1.1, 2.0, 2.0 ],
											"unwrapMode": 7,
											"unwrapRotation": 1,
											"uv": [ 14.0, 66.5 ],
											"rotationOrigin": [ 1.1, 1.6, 1.2 ],
											"rotationZ": 20.0,
											"faces": {
												"north": { "texture": "#skin", "uv": [ 15.5, 67.0, 16.0, 68.5 ], "rotation": 90 },
												"south": { "texture": "#skin", "uv": [ 14.0, 67.0, 14.5, 68.5 ], "rotation": 270 },
												"west": { "texture": "#skin", "uv": [ 14.5, 66.5, 15.5, 67.0 ], "rotation": 180 },
												"up": { "texture": "#skin", "uv": [ 14.5, 67.0, 15.5, 68.5 ], "rotation": 270 },
												"down": { "texture": "#skin", "uv": [ 16.0, 67.0, 17.0, 68.5 ], "rotation": 90 }
											}
										}
									]
								},
								{
									"name": "AntlerBase",
									"from": [ 0.9, 4.5, 2.3 ],
									"to": [ 0.9, 4.5, 2.3 ],
									"uv": [ 0.0, 0.0 ],
									"rotationOrigin": [ 0.9, 4.5, 2.3 ],
									"faces": {
									}
								}
							]
						},
						{
							"name": "Neck Hump2",
							"from": [ 4.7, 0.8, 0.4 ],
							"to": [ 6.5, 5.4, 3.2 ],
							"unwrapMode": 2,
							"uv": [ 28.5, 0.5 ],
							"rotationOrigin": [ 6.5, 1.3, 0.4 ],
							"rotationX": 4.0,
							"rotationY": -12.0,
							"rotationZ": 6.0,
							"faces": {
								"north": { "texture": "#skin", "uv": [ 32.5, 2.0, 34.0, 6.5 ] },
								"east": { "texture": "#skin", "uv": [ 30.0, 2.0, 32.5, 6.5 ] },
								"south": { "texture": "#skin", "uv": [ 28.5, 2.0, 30.0, 6.5 ] },
								"up": { "texture": "#skin", "uv": [ 30.0, 0.5, 32.5, 2.0 ], "rotation": 270 },
								"down": { "texture": "#skin", "uv": [ 30.0, 6.5, 32.5, 8.0 ], "rotation": 270 }
							}
						}
					],
					"attachmentpoints": [
						{
							"code": "rope",
							"posX": "0.0","posY": "2.0","posZ": "1.8",
							"rotationX": "0.0","rotationY": "0.0","rotationZ": "0.0"
						}
					]
				},
				{
					"name": "Neck Hump",
					"from": [ 6.7245, 2.6, -1.5163 ],
					"to": [ 8.3245, 7.6, 1.9837 ],
					"unwrapMode": 2,
					"uv": [ 34.0, 5.5 ],
					"rotationOrigin": [ 8.6, 2.9, 1.7 ],
					"rotationY": 14.0,
					"rotationZ": 14.0,
					"faces": {
						"north": { "texture": "#skin", "uv": [ 39.0, 7.0, 40.5, 12.0 ] },
						"east": { "texture": "#skin", "uv": [ 35.5, 7.0, 39.0, 12.0 ] },
						"south": { "texture": "#skin", "uv": [ 34.0, 7.0, 35.5, 12.0 ] },
						"up": { "texture": "#skin", "uv": [ 35.5, 5.5, 39.0, 7.0 ], "rotation": 270 },
						"down": { "texture": "#skin", "uv": [ 35.5, 12.0, 39.0, 13.5 ], "rotation": 270 }
					}
				}
			]
		}
	]}