{
  "editor": {
    "allAngles": false,
    "entityTextureMode": true
  },
  "textureWidth": 64,
  "textureHeight": 64,
  "textureSizes": {
    "blackguard": [
      64,
      64
    ]
  },
  "textures": {
    "blackguard": "entity/humanoid/seraphclothes/emblem/brown-fur-coat"
  },
  "elements": [
    {
      "name": "ArmorUpperArmR",
      "stepParentName": "UpperArmR",
      "from": [
        -0.2,
        -0.2,
        -0.3
      ],
      "to": [
        3.1,
        7.2,
        2.1
      ],
      "autoUnwrap": false,
      "uv": [
        53.0,
        40.0
      ],
      "renderInEditor": false,
      "rotationOrigin": [
        -0.2,
        -0.2,
        -0.3
      ],
      "faces": {
        "north": {
          "texture": "#blackguard",
          "uv": [
            42.0,
            41.5,
            45.0,
            48.5
          ]
        },
        "east": {
          "texture": "#blackguard",
          "uv": [
            50.0,
            41.5,
            52.0,
            48.5
          ]
        },
        "south": {
          "texture": "#blackguard",
          "uv": [
            47.0,
            41.5,
            50.0,
            48.5
          ]
        },
        "west": {
          "texture": "#blackguard",
          "uv": [
            45.0,
            41.5,
            47.0,
            48.5
          ]
        },
        "up": {
          "texture": "#blackguard",
          "uv": [
            45.0,
            38.5,
            47.0,
            41.5
          ],
          "rotation": 90
        },
        "down": {
          "texture": "#blackguard",
          "uv": [
            45.0,
            48.5,
            47.0,
            51.5
          ],
          "rotation": 90
        }
      }
    },
    {
      "name": "ArmorUpperArmL",
      "stepParentName": "UpperArmL",
      "from": [
        -0.2,
        -0.2,
        -0.1
      ],
      "to": [
        3.1,
        7.2,
        2.3
      ],
      "autoUnwrap": false,
      "uv": [
        53.5,
        37.5
      ],
      "renderInEditor": false,
      "rotationOrigin": [
        -0.2,
        -0.2,
        -0.1
      ],
      "faces": {
        "north": {
          "texture": "#blackguard",
          "uv": [
            33.0,
            41.5,
            36.0,
            48.5
          ]
        },
        "east": {
          "texture": "#blackguard",
          "uv": [
            31.0,
            41.5,
            33.0,
            48.5
          ]
        },
        "south": {
          "texture": "#blackguard",
          "uv": [
            38.0,
            41.5,
            41.0,
            48.5
          ]
        },
        "west": {
          "texture": "#blackguard",
          "uv": [
            36.0,
            41.5,
            38.0,
            48.5
          ]
        },
        "up": {
          "texture": "#blackguard",
          "uv": [
            36.0,
            38.5,
            38.0,
            41.5
          ],
          "rotation": 90
        },
        "down": {
          "texture": "#blackguard",
          "uv": [
            36.0,
            48.5,
            38.0,
            51.5
          ],
          "rotation": 90
        }
      }
    },
    {
      "name": "ArmorLowerArmL",
      "stepParentName": "LowerArmL",
      "from": [
        -0.2,
        1.3,
        -0.25
      ],
      "to": [
        2.7,
        8.2,
        2.35
      ],
      "autoUnwrap": false,
      "uv": [
        19.5,
        50.0
      ],
      "renderInEditor": false,
      "rotationOrigin": [
        -0.2,
        1.3,
        -0.3
      ],
      "faces": {
        "north": {
          "texture": "#blackguard",
          "uv": [
            42.5,
            51.5,
            45.0,
            58.0
          ]
        },
        "east": {
          "texture": "#blackguard",
          "uv": [
            49.5,
            51.5,
            51.5,
            58.0
          ],
          "autoUv": false
        },
        "south": {
          "texture": "#blackguard",
          "uv": [
            47.0,
            51.5,
            49.5,
            58.0
          ]
        },
        "west": {
          "texture": "#blackguard",
          "uv": [
            45.0,
            51.5,
            47.0,
            58.0
          ],
          "autoUv": false
        },
        "up": {
          "texture": "#blackguard",
          "uv": [
            45.0,
            49.0,
            47.0,
            51.5
          ],
          "autoUv": false
        },
        "down": {
          "texture": "#blackguard",
          "uv": [
            47.5,
            1.5,
            50.0,
            4.0
          ]
        }
      },
      "children": [
        {
          "name": "ArmorHandL",
          "from": [
            -0.3,
            -0.2,
            0.8
          ],
          "to": [
            3.2,
            3.2,
            2.8
          ],
          "autoUnwrap": false,
          "uv": [
            32.0,
            40.0
          ],
          "rotationOrigin": [
            -0.3,
            -0.2,
            0.8
          ],
          "faces": {
            "north": {
              "texture": "#blackguard",
              "uv": [
                18.5,
                14.0,
                22.0,
                17.0
              ]
            },
            "east": {
              "texture": "#blackguard",
              "uv": [
                11.0,
                14.0,
                13.0,
                17.0
              ]
            },
            "south": {
              "texture": "#blackguard",
              "uv": [
                13.0,
                14.0,
                16.5,
                17.0
              ]
            },
            "west": {
              "texture": "#blackguard",
              "uv": [
                16.5,
                14.0,
                18.5,
                17.0
              ]
            },
            "up": {
              "texture": "#blackguard",
              "uv": [
                13.0,
                12.0,
                16.5,
                14.0
              ]
            },
            "down": {
              "texture": "#blackguard",
              "uv": [
                13.0,
                17.0,
                16.5,
                19.0
              ],
              "rotation": 180
            }
          }
        }
      ]
    },
    {
      "name": "ArmorUpperTorso",
      "stepParentName": "UpperTorso",
      "from": [
        -0.5,
        -0.2,
        -0.4
      ],
      "to": [
        5.5,
        5.2,
        6.6
      ],
      "autoUnwrap": false,
      "uv": [
        37.0,
        7.5
      ],
      "renderInEditor": false,
      "rotationOrigin": [
        -0.5,
        -0.2,
        -0.4
      ],
      "faces": {
        "north": {
          "texture": "#blackguard",
          "uv": [
            41.0,
            5.0,
            46.0,
            10.0
          ],
          "autoUv": false
        },
        "east": {
          "texture": "#blackguard",
          "uv": [
            57.0,
            5.0,
            63.0,
            10.0
          ],
          "autoUv": false
        },
        "south": {
          "texture": "#blackguard",
          "uv": [
            52.0,
            5.0,
            57.0,
            10.0
          ],
          "autoUv": false
        },
        "west": {
          "texture": "#blackguard",
          "uv": [
            46.0,
            5.0,
            52.0,
            10.0
          ],
          "autoUv": false
        },
        "up": {
          "texture": "#blackguard",
          "uv": [
            46.0,
            0.0,
            52.0,
            5.0
          ],
          "rotation": 90,
          "autoUv": false
        },
        "down": {
          "texture": "#blackguard",
          "uv": [
            34.0,
            5.0,
            40.0,
            10.0
          ],
          "rotation": 90,
          "autoUv": false
        }
      },
      "children": [
        {
          "name": "ArmorCollarR",
          "from": [
            1.2,
            5.4,
            0.2
          ],
          "to": [
            5.2,
            8.7,
            1.0
          ],
          "autoUnwrap": false,
          "uv": [
            19.0,
            0.0
          ],
          "rotationOrigin": [
            2.9,
            5.4,
            0.6
          ],
          "rotationX": -10.0,
          "faces": {
            "north": {
              "texture": "#blackguard",
              "uv": [
                7.5,
                44.0,
                11.5,
                47.0
              ],
              "rotation": 180,
              "windMode": [
                -1,
                -1,
                -1,
                -1
              ]
            },
            "east": {
              "texture": "#blackguard",
              "uv": [
                2.0,
                44.0,
                2.5,
                47.0
              ],
              "rotation": 180,
              "windMode": [
                -1,
                -1,
                -1,
                -1
              ]
            },
            "south": {
              "texture": "#blackguard",
              "uv": [
                3.5,
                44.0,
                7.5,
                47.0
              ],
              "rotation": 180
            },
            "west": {
              "texture": "#blackguard",
              "uv": [
                2.0,
                44.0,
                2.5,
                47.0
              ],
              "rotation": 180
            },
            "up": {
              "texture": "#blackguard",
              "uv": [
                19.0,
                0.0,
                23.0,
                0.5
              ],
              "enabled": false
            },
            "down": {
              "texture": "#blackguard",
              "uv": [
                56.0,
                19.5,
                60.0,
                20.0
              ],
              "enabled": false
            }
          }
        },
        {
          "name": "ArmorCollarL",
          "from": [
            1.2,
            5.4,
            6.0
          ],
          "to": [
            5.2,
            8.7,
            6.8
          ],
          "autoUnwrap": false,
          "uv": [
            30.0,
            0.0
          ],
          "rotationOrigin": [
            2.9,
            5.4,
            6.4
          ],
          "rotationX": 10.0,
          "faces": {
            "north": {
              "texture": "#blackguard",
              "uv": [
                3.5,
                44.0,
                7.5,
                47.0
              ],
              "rotation": 180
            },
            "east": {
              "texture": "#blackguard",
              "uv": [
                2.0,
                44.0,
                2.5,
                47.0
              ],
              "rotation": 180,
              "windMode": [
                -1,
                -1,
                -1,
                -1
              ]
            },
            "south": {
              "texture": "#blackguard",
              "uv": [
                7.5,
                44.0,
                11.5,
                47.0
              ],
              "rotation": 180
            },
            "west": {
              "texture": "#blackguard",
              "uv": [
                2.0,
                44.0,
                2.5,
                47.0
              ],
              "rotation": 180
            },
            "up": {
              "texture": "#blackguard",
              "uv": [
                30.0,
                0.0,
                34.0,
                0.5
              ],
              "enabled": false
            },
            "down": {
              "texture": "#blackguard",
              "uv": [
                56.0,
                17.0,
                60.0,
                17.5
              ],
              "enabled": false
            }
          }
        },
        {
          "name": "ArmorCollarRear",
          "from": [
            5.2,
            5.4,
            0.2
          ],
          "to": [
            6.0,
            8.7,
            6.8
          ],
          "autoUnwrap": false,
          "uv": [
            26.0,
            -0.5
          ],
          "rotationOrigin": [
            5.2,
            5.4,
            3.1
          ],
          "rotationZ": -10.0,
          "faces": {
            "north": {
              "texture": "#blackguard",
              "uv": [
                21.0,
                44.0,
                21.5,
                47.0
              ],
              "rotation": 180
            },
            "east": {
              "texture": "#blackguard",
              "uv": [
                22.0,
                44.0,
                28.5,
                47.0
              ],
              "rotation": 180
            },
            "south": {
              "texture": "#blackguard",
              "uv": [
                21.0,
                44.0,
                21.5,
                47.0
              ],
              "rotation": 180
            },
            "west": {
              "texture": "#blackguard",
              "uv": [
                22.0,
                44.0,
                28.5,
                47.0
              ],
              "rotation": 180
            },
            "up": {
              "texture": "#blackguard",
              "uv": [
                26.5,
                8.5,
                33.0,
                9.0
              ],
              "rotation": 90,
              "enabled": false
            },
            "down": {
              "texture": "#blackguard",
              "uv": [
                64.0,
                21.0,
                64.5,
                27.5
              ],
              "enabled": false,
              "windMode": [
                -1,
                -1,
                -1,
                -1
              ]
            }
          }
        }
      ]
    },
    {
      "name": "ArmorLowerTorso",
      "stepParentName": "LowerTorso",
      "from": [
        -0.3,
        -0.5,
        -0.3
      ],
      "to": [
        5.3,
        5.1,
        6.3
      ],
      "autoUnwrap": false,
      "uv": [
        9.0,
        7.5
      ],
      "renderInEditor": false,
      "rotationOrigin": [
        -0.3,
        -0.5,
        -0.3
      ],
      "faces": {
        "north": {
          "texture": "#blackguard",
          "uv": [
            41.0,
            10.0,
            46.0,
            15.0
          ],
          "autoUv": false
        },
        "east": {
          "texture": "#blackguard",
          "uv": [
            57.0,
            10.0,
            63.0,
            15.0
          ],
          "autoUv": false
        },
        "south": {
          "texture": "#blackguard",
          "uv": [
            52.0,
            10.0,
            57.0,
            15.0
          ],
          "autoUv": false
        },
        "west": {
          "texture": "#blackguard",
          "uv": [
            46.0,
            10.0,
            52.0,
            15.0
          ],
          "autoUv": false
        },
        "up": {
          "texture": "#blackguard",
          "uv": [
            34.0,
            5.0,
            40.0,
            10.0
          ],
          "rotation": 90,
          "autoUv": false
        },
        "down": {
          "texture": "#blackguard",
          "uv": [
            34.0,
            10.0,
            40.0,
            15.0
          ],
          "rotation": 90,
          "autoUv": false
        }
      }
    },
    {
      "name": "ArmorLowerArmR",
      "stepParentName": "LowerArmR",
      "from": [
        -0.2,
        -0.3,
        -0.25
      ],
      "to": [
        2.7,
        8.1,
        2.25
      ],
      "autoUnwrap": false,
      "uv": [
        15.5,
        48.0
      ],
      "rotationOrigin": [
        -0.2,
        -0.3,
        -0.4
      ],
      "faces": {
        "north": {
          "texture": "#blackguard",
          "uv": [
            31.5,
            51.5,
            33.5,
            59.5
          ],
          "autoUv": false
        },
        "east": {
          "texture": "#blackguard",
          "uv": [
            38.0,
            51.5,
            40.5,
            59.5
          ]
        },
        "south": {
          "texture": "#blackguard",
          "uv": [
            33.5,
            51.5,
            36.0,
            59.5
          ]
        },
        "west": {
          "texture": "#blackguard",
          "uv": [
            36.0,
            51.5,
            38.0,
            59.5
          ],
          "autoUv": false
        },
        "up": {
          "texture": "#blackguard",
          "uv": [
            36.0,
            48.5,
            38.0,
            51.5
          ],
          "rotation": 90,
          "autoUv": false
        },
        "down": {
          "texture": "#blackguard",
          "uv": [
            47.5,
            2.0,
            50.0,
            4.5
          ]
        }
      }
    },
    {
      "name": "ArmorCoatR",
      "stepParentName": "UpperFootR",
      "from": [
        -0.7,
        -0.8,
        -0.35
      ],
      "to": [
        4.9,
        7.2,
        3.15
      ],
      "autoUnwrap": false,
      "uv": [
        26.0,
        21.0
      ],
      "renderInEditor": false,
      "rotationOrigin": [
        -0.7,
        -0.8,
        -0.5
      ],
      "faces": {
        "north": {
          "texture": "#blackguard",
          "uv": [
            52.0,
            27.0,
            57.5,
            34.0
          ],
          "autoUv": false
        },
        "east": {
          "texture": "#blackguard",
          "uv": [
            52.0,
            27.0,
            55.5,
            34.0
          ],
          "autoUv": false
        },
        "south": {
          "texture": "#blackguard",
          "uv": [
            52.0,
            27.0,
            57.5,
            34.0
          ],
          "autoUv": false
        },
        "west": {
          "texture": "#blackguard",
          "uv": [
            52.0,
            27.0,
            55.5,
            34.0
          ],
          "autoUv": false
        },
        "up": {
          "texture": "#blackguard",
          "uv": [
            54.0,
            27.5,
            57.5,
            33.0
          ],
          "rotation": 90
        },
        "down": {
          "texture": "#blackguard",
          "uv": [
            52.0,
            28.0,
            57.5,
            31.5
          ]
        }
      }
    },
    {
      "name": "ArmorCoatL",
      "stepParentName": "UpperFootL",
      "from": [
        -0.7,
        -0.8,
        0.05
      ],
      "to": [
        4.9,
        7.2,
        3.55
      ],
      "autoUnwrap": false,
      "uv": [
        0.0,
        23.0
      ],
      "renderInEditor": false,
      "rotationOrigin": [
        -0.7,
        -0.8,
        -0.1
      ],
      "faces": {
        "north": {
          "texture": "#blackguard",
          "uv": [
            47.0,
            27.0,
            52.5,
            34.0
          ],
          "autoUv": false
        },
        "east": {
          "texture": "#blackguard",
          "uv": [
            47.0,
            27.0,
            50.5,
            34.0
          ],
          "autoUv": false
        },
        "south": {
          "texture": "#blackguard",
          "uv": [
            47.0,
            27.0,
            52.5,
            34.0
          ],
          "autoUv": false
        },
        "west": {
          "texture": "#blackguard",
          "uv": [
            47.0,
            27.0,
            50.5,
            34.0
          ],
          "autoUv": false
        },
        "up": {
          "texture": "#blackguard",
          "uv": [
            47.0,
            27.0,
            50.5,
            32.5
          ],
          "rotation": 90
        },
        "down": {
          "texture": "#blackguard",
          "uv": [
            47.0,
            27.0,
            52.5,
            30.5
          ]
        }
      }
    },
    {
      "name": "ArmorUpperLegR",
      "stepParentName": "UpperFootR",
      "from": [
        -0.2,
        -0.5,
        -0.3
      ],
      "to": [
        4.4,
        7.0,
        3.5
      ],
      "autoUnwrap": false,
      "uv": [
        16.0,
        33.0
      ],
      "renderInEditor": false,
      "rotationOrigin": [
        -0.2,
        -0.5,
        -0.3
      ],
      "faces": {
        "north": {
          "texture": "#blackguard",
          "uv": [
            4.0,
            37.0,
            8.0,
            46.0
          ],
          "autoUv": false
        },
        "east": {
          "texture": "#blackguard",
          "uv": [
            1.0,
            37.0,
            4.0,
            46.0
          ],
          "autoUv": false
        },
        "south": {
          "texture": "#blackguard",
          "uv": [
            11.0,
            37.0,
            15.0,
            46.0
          ],
          "autoUv": false
        },
        "west": {
          "texture": "#blackguard",
          "uv": [
            8.0,
            37.0,
            11.0,
            46.0
          ],
          "autoUv": false
        },
        "up": {
          "texture": "#blackguard",
          "uv": [
            8.0,
            33.0,
            11.0,
            37.0
          ],
          "rotation": 90,
          "autoUv": false
        },
        "down": {
          "texture": "#blackguard",
          "uv": [
            26.0,
            33.0,
            30.5,
            36.5
          ],
          "enabled": false
        }
      }
    },
    {
      "name": "ArmorUpperLegL",
      "stepParentName": "UpperFootL",
      "from": [
        -0.2,
        -0.5,
        -0.3
      ],
      "to": [
        4.4,
        7.0,
        3.5
      ],
      "autoUnwrap": false,
      "uv": [
        0.0,
        19.5
      ],
      "renderInEditor": false,
      "rotationOrigin": [
        -0.2,
        -0.5,
        -0.3
      ],
      "faces": {
        "north": {
          "texture": "#blackguard",
          "uv": [
            16.0,
            37.0,
            20.0,
            46.0
          ],
          "autoUv": false
        },
        "east": {
          "texture": "#blackguard",
          "uv": [
            27.0,
            37.0,
            30.0,
            46.0
          ],
          "autoUv": false
        },
        "south": {
          "texture": "#blackguard",
          "uv": [
            23.0,
            37.0,
            27.0,
            46.0
          ],
          "autoUv": false
        },
        "west": {
          "texture": "#blackguard",
          "uv": [
            20.0,
            37.0,
            23.0,
            46.0
          ],
          "autoUv": false
        },
        "up": {
          "texture": "#blackguard",
          "uv": [
            20.0,
            33.0,
            23.0,
            37.0
          ],
          "rotation": 90,
          "autoUv": false
        },
        "down": {
          "texture": "#blackguard",
          "uv": [
            4.5,
            19.5,
            9.0,
            23.0
          ],
          "enabled": false
        }
      }
    }
  ]
}