{
	"editor": {
		"allAngles": false,
		"entityTextureMode": true
	},
	"textureWidth": 64,
	"textureHeight": 64,
	"textureSizes": {
		"blackguard": [64,64],
	},
	"textures": {
		"blackguard": "entity/humanoid/serapharmor/blackguard/blackguard-pristine"
	},
	"elements": [
		{
			"name": "ArmorHead",
			"stepParentName": "Head",
			"from": [ -0.1, -0.2, -0.2 ], 
			"to": [ 6.1, 5.2, 5.2 ], 
			"autoUnwrap": false,
			"uv": [ 7.0, 0.0 ],
			"rotationOrigin": [ -0.1, -0.2, 2.6 ],
			"faces": {
				"north": { "texture": "#blackguard", "uv": [ 0.0, 6.0, 6.0, 11.0 ] },
				"east": { "texture": "#blackguard", "uv": [ 17.0, 6.0, 22.0, 11.0 ] },
				"south": { "texture": "#blackguard", "uv": [ 11.0, 6.0, 17.0, 11.0 ] },
				"west": { "texture": "#blackguard", "uv": [ 6.0, 6.0, 11.0, 11.0 ] },
				"up": { "texture": "#blackguard", "uv": [ 6.0, 0.0, 11.0, 6.0 ], "rotation": 90 },
				"down": { "texture": "#blackguard", "uv": [ 0.5, 0.0, 5.5, 6.0 ], "rotation": 90 }
			},
			"children": [
				{
					"name": "ArmorNeck",
					"stepParentName": "Neck",
					"from": [ -0.1, 0.8, -0.1 ], 
					"to": [ 3.1, 2.4, 3.1 ], 
					"autoUnwrap": false,
					"uv": [ 11.5, 3.0 ],
					"rotationOrigin": [ -0.1, 0.8, 1.5 ],
					"faces": {
						"north": { "texture": "#blackguard", "uv": [ 11.0, 0.0, 14.0, 1.5 ] },
						"east": { "texture": "#blackguard", "uv": [ 20.0, 0.0, 23.0, 1.5 ] },
						"south": { "texture": "#blackguard", "uv": [ 17.0, 0.0, 20.0, 1.5 ] },
						"west": { "texture": "#blackguard", "uv": [ 14.0, 0.0, 17.0, 1.5 ] },
						"up": { "texture": "#blackguard", "uv": [ 18.0, -0.5, 21.0, 2.5 ], "enabled": false },
						"down": { "texture": "#blackguard", "uv": [ 21.0, -0.5, 24.0, 2.5 ], "enabled": false }
					}
				},
				{
					"name": "ArmorVisor",
					"from": [ -1.5, 1.5, 0.1 ], 
					"to": [ 1.5, 4.5, 5.3 ], 
					"autoUnwrap": false,
					"uv": [ 16.0, -0.5 ],
					"rotationOrigin": [ 0.0, 3.0, 2.6 ],
					"rotationZ": -45.0,
					"faces": {
						"north": { "texture": "#blackguard", "uv": [ 22.5, 2.0, 25.5, 5.0 ] },
						"east": { "texture": "#blackguard", "uv": [ 12.5, 4.0, 17.5, 7.0 ], "enabled": false },
						"south": { "texture": "#blackguard", "uv": [ 30.5, 2.0, 33.5, 5.0 ] },
						"west": { "texture": "#blackguard", "uv": [ 25.5, 0.5, 30.5, 3.5 ] },
						"up": { "texture": "#blackguard", "uv": [ 9.5, -1.0, 12.5, 4.0 ], "enabled": false },
						"down": { "texture": "#blackguard", "uv": [ 25.5, 3.5, 30.5, 6.5 ], "rotation": 90 }
					}
				},
				{
					"name": "ArmorHeadCrest1",
					"from": [ -0.2, 4.9, 2.5 ], 
					"to": [ 0.4, 5.9, 3.0 ], 
					"uv": [ 12.5, 1.5 ],
					"rotationOrigin": [ -0.2, 4.9, 2.8 ],
					"faces": {
						"north": { "texture": "#blackguard", "uv": [ 12.5, 2.0, 13.0, 3.0 ] },
						"east": { "texture": "#blackguard", "uv": [ 13.0, 2.0, 13.5, 3.0 ] },
						"south": { "texture": "#blackguard", "uv": [ 13.5, 2.0, 14.0, 3.0 ], "rotation": 180 },
						"west": { "texture": "#blackguard", "uv": [ 14.0, 2.0, 14.5, 3.0 ] },
						"up": { "texture": "#blackguard", "uv": [ 12.5, 1.5, 13.0, 2.0 ] },
						"down": { "texture": "#blackguard", "uv": [ 12.5, 4.0, 13.0, 4.5 ], "enabled": false }
					}
				},
				{
					"name": "ArmorHeadCrest2",
					"from": [ 0.8, 4.9, 2.5 ], 
					"to": [ 1.4, 5.9, 3.0 ], 
					"uv": [ 12.5, 3.0 ],
					"rotationOrigin": [ 0.8, 4.9, 2.8 ],
					"faces": {
						"north": { "texture": "#blackguard", "uv": [ 12.5, 3.5, 13.0, 4.5 ] },
						"east": { "texture": "#blackguard", "uv": [ 13.0, 3.5, 13.5, 4.5 ] },
						"south": { "texture": "#blackguard", "uv": [ 13.5, 3.5, 14.0, 4.5 ], "rotation": 180 },
						"west": { "texture": "#blackguard", "uv": [ 14.0, 3.5, 14.5, 4.5 ] },
						"up": { "texture": "#blackguard", "uv": [ 12.5, 3.0, 13.0, 3.5 ] },
						"down": { "texture": "#blackguard", "uv": [ 12.5, 4.0, 13.0, 4.5 ], "enabled": false }
					}
				},
				{
					"name": "ArmorHeadCrest3",
					"from": [ 1.8, 4.9, 2.5 ], 
					"to": [ 2.4, 5.9, 3.0 ], 
					"uv": [ 14.5, 1.5 ],
					"rotationOrigin": [ 1.8, 4.9, 2.8 ],
					"faces": {
						"north": { "texture": "#blackguard", "uv": [ 14.5, 2.0, 15.0, 3.0 ] },
						"east": { "texture": "#blackguard", "uv": [ 15.0, 2.0, 15.5, 3.0 ] },
						"south": { "texture": "#blackguard", "uv": [ 15.5, 2.0, 16.0, 3.0 ], "rotation": 180 },
						"west": { "texture": "#blackguard", "uv": [ 16.0, 2.0, 16.5, 3.0 ] },
						"up": { "texture": "#blackguard", "uv": [ 14.5, 1.5, 15.0, 2.0 ] },
						"down": { "texture": "#blackguard", "uv": [ 12.5, 4.0, 13.0, 4.5 ], "enabled": false }
					}
				},
				{
					"name": "ArmorHeadCrest4",
					"from": [ 2.8, 4.9, 2.5 ], 
					"to": [ 3.4, 5.9, 3.0 ], 
					"uv": [ 14.5, 3.0 ],
					"rotationOrigin": [ 2.8, 4.9, 2.8 ],
					"faces": {
						"north": { "texture": "#blackguard", "uv": [ 14.5, 3.5, 15.0, 4.5 ] },
						"east": { "texture": "#blackguard", "uv": [ 15.0, 3.5, 15.5, 4.5 ] },
						"south": { "texture": "#blackguard", "uv": [ 15.5, 3.5, 16.0, 4.5 ], "rotation": 180 },
						"west": { "texture": "#blackguard", "uv": [ 16.0, 3.5, 16.5, 4.5 ] },
						"up": { "texture": "#blackguard", "uv": [ 14.5, 3.0, 15.0, 3.5 ] },
						"down": { "texture": "#blackguard", "uv": [ 12.5, 4.0, 13.0, 4.5 ], "enabled": false }
					}
				},
				{
					"name": "ArmorHeadCrest5",
					"from": [ 3.8, 4.9, 2.5 ], 
					"to": [ 4.4, 5.9, 3.0 ], 
					"uv": [ 16.5, 3.0 ],
					"rotationOrigin": [ 3.8, 4.9, 2.8 ],
					"faces": {
						"north": { "texture": "#blackguard", "uv": [ 16.5, 3.5, 17.0, 4.5 ] },
						"east": { "texture": "#blackguard", "uv": [ 17.0, 3.5, 17.5, 4.5 ] },
						"south": { "texture": "#blackguard", "uv": [ 17.5, 3.5, 18.0, 4.5 ], "rotation": 180 },
						"west": { "texture": "#blackguard", "uv": [ 18.0, 3.5, 18.5, 4.5 ] },
						"up": { "texture": "#blackguard", "uv": [ 16.5, 3.0, 17.0, 3.5 ] },
						"down": { "texture": "#blackguard", "uv": [ 12.5, 4.0, 13.0, 4.5 ], "enabled": false }
					}
				},
				{
					"name": "ArmorHeadCrest6",
					"from": [ 4.8, 4.9, 2.5 ], 
					"to": [ 5.4, 5.9, 3.0 ], 
					"uv": [ 16.5, 1.5 ],
					"rotationOrigin": [ 4.8, 4.9, 2.8 ],
					"faces": {
						"north": { "texture": "#blackguard", "uv": [ 16.5, 2.0, 17.0, 3.0 ] },
						"east": { "texture": "#blackguard", "uv": [ 17.0, 2.0, 17.5, 3.0 ] },
						"south": { "texture": "#blackguard", "uv": [ 17.5, 2.0, 18.0, 3.0 ], "rotation": 180 },
						"west": { "texture": "#blackguard", "uv": [ 18.0, 2.0, 18.5, 3.0 ] },
						"up": { "texture": "#blackguard", "uv": [ 16.5, 1.5, 17.0, 2.0 ] },
						"down": { "texture": "#blackguard", "uv": [ 12.5, 4.0, 13.0, 4.5 ], "enabled": false }
					}
				},
				{
					"name": "ArmorHeadCrest7",
					"from": [ 5.8, 4.9, 2.5 ], 
					"to": [ 6.4, 5.9, 3.0 ], 
					"uv": [ 18.5, 1.5 ],
					"rotationOrigin": [ 5.8, 4.9, 2.8 ],
					"faces": {
						"north": { "texture": "#blackguard", "uv": [ 18.5, 2.0, 19.0, 3.0 ] },
						"east": { "texture": "#blackguard", "uv": [ 19.0, 2.0, 19.5, 3.0 ] },
						"south": { "texture": "#blackguard", "uv": [ 19.5, 2.0, 20.0, 3.0 ], "rotation": 180 },
						"west": { "texture": "#blackguard", "uv": [ 20.0, 2.0, 20.5, 3.0 ] },
						"up": { "texture": "#blackguard", "uv": [ 18.5, 1.5, 19.0, 2.0 ] },
						"down": { "texture": "#blackguard", "uv": [ 19.0, 1.5, 19.5, 2.0 ] }
					}
				}
			]
		}
	]}