{
	"editor": {
		"collapsedPaths": "",
		"allAngles": true,
		"entityTextureMode": true
	},
	"textureWidth": 64,
	"textureHeight": 76,
	"textureSizes": {
		"skin": [64,76]
	},
	"textures": {
	},
	"elements": [
		{
			"name": "Origin",
			"from": [ 5.0, -1.6, 8.0 ],
			"to": [ 5.0, -1.6, 8.0 ],
			"uv": [ 0.0, 0.0 ],
			"rotationOrigin": [ 8.0, 0.0, 8.0 ],
			"rotationZ": 9.0,
			"faces": {
			},
			"children": [
				{
					"name": "Rear",
					"from": [ 9.0, 16.4, -3.0 ],
					"to": [ 16.0, 25.0, 3.0 ],
					"unwrapMode": 7,
					"unwrapRotation": 1,
					"autoUnwrap": false,
					"uv": [ 1.0, 39.0 ],
					"rotationOrigin": [ 4.0, 20.4, 0.0 ],
					"rotationZ": -30.0,
					"faces": {
						"north": { "texture": "#skin", "uv": [ 15.5, 47.5, 24.0, 54.5 ], "rotation": 90 },
						"east": { "texture": "#skin", "uv": [ 9.5, 54.5, 15.5, 63.0 ] },
						"south": { "texture": "#skin", "uv": [ 1.0, 47.5, 9.5, 54.5 ], "rotation": 270 },
						"west": { "texture": "#skin", "uv": [ 22.0, 64.0, 28.0, 72.5 ], "windMode": [-1,-1,-1,-1], "windData": [0,0,1,1] },
						"up": { "texture": "#skin", "uv": [ 9.5, 47.5, 15.5, 54.5 ], "rotation": 270, "windMode": [-1,-1,-1,-1], "windData": [1,1,1,1] },
						"down": { "texture": "#skin", "uv": [ 24.0, 47.5, 30.0, 54.5 ], "rotation": 90 }
					},
					"children": [
						{
							"name": "L Haunch",
							"from": [ 2.5, -0.3, 4.4 ],
							"to": [ 7.5, 7.2, 6.8 ],
							"unwrapMode": 3,
							"uv": [ 31.5, 37.0 ],
							"rotationOrigin": [ 5.4, 5.0, 5.6 ],
							"rotationX": 3.0,
							"rotationZ": -5.0,
							"faces": {
								"north": { "texture": "#skin", "uv": [ 40.5, 39.0, 45.5, 46.5 ] },
								"east": { "texture": "#skin", "uv": [ 38.5, 39.0, 40.5, 46.5 ] },
								"south": { "texture": "#skin", "uv": [ 33.5, 39.0, 38.5, 46.5 ] },
								"west": { "texture": "#skin", "uv": [ 31.5, 39.0, 33.5, 46.5 ] },
								"up": { "texture": "#skin", "uv": [ 33.5, 37.0, 38.5, 39.0 ], "windMode": [-1,-1,-1,-1], "windData": [0,0,1,1] },
								"down": { "texture": "#skin", "uv": [ 33.5, 46.5, 38.5, 48.5 ], "rotation": 180 }
							},
							"children": [
								{
									"name": "L LegUp",
									"from": [ 0.0, -7.0, 0.25 ],
									"to": [ 2.4, 0.0, 2.15 ],
									"unwrapMode": 3,
									"uv": [ 33.5, 49.0 ],
									"rotationOrigin": [ 0.0, 0.1, 1.2 ],
									"rotationX": 1.0,
									"rotationZ": 73.0,
									"faces": {
										"north": { "texture": "#skin", "uv": [ 38.5, 50.5, 40.5, 57.5 ] },
										"east": { "texture": "#skin", "uv": [ 37.0, 50.5, 38.5, 57.5 ] },
										"south": { "texture": "#skin", "uv": [ 35.0, 50.5, 37.0, 57.5 ] },
										"west": { "texture": "#skin", "uv": [ 33.5, 50.5, 35.0, 57.5 ] },
										"up": { "texture": "#skin", "uv": [ 35.0, 49.0, 37.0, 50.5 ] },
										"down": { "texture": "#skin", "uv": [ 35.0, 57.5, 37.0, 59.0 ], "rotation": 180 }
									},
									"children": [
										{
											"name": "L LegLow",
											"from": [ 0.8, -6.0, 0.35 ],
											"to": [ 2.2, 0.5, 1.55 ],
											"unwrapMode": 3,
											"uv": [ 34.5, 59.5 ],
											"rotationOrigin": [ 1.7, 0.4, 0.95 ],
											"rotationX": -4.0,
											"rotationZ": -46.0,
											"faces": {
												"north": { "texture": "#skin", "uv": [ 37.5, 60.5, 38.5, 67.0 ] },
												"east": { "texture": "#skin", "uv": [ 36.5, 60.5, 37.5, 67.0 ] },
												"south": { "texture": "#skin", "uv": [ 35.5, 60.5, 36.5, 67.0 ] },
												"west": { "texture": "#skin", "uv": [ 34.5, 60.5, 35.5, 67.0 ] },
												"up": { "texture": "#skin", "uv": [ 35.5, 59.5, 36.5, 60.5 ] },
												"down": { "texture": "#skin", "uv": [ 35.5, 67.0, 36.5, 68.0 ], "rotation": 180 }
											},
											"children": [
												{
													"name": "L Hind Pastern",
													"from": [ 0.1, -1.4, 0.05 ],
													"to": [ 1.3, 0.6, 1.15 ],
													"unwrapMode": 3,
													"uv": [ 34.5, 68.5 ],
													"rotationOrigin": [ 0.8, 0.5, 0.6 ],
													"rotationZ": -26.0,
													"faces": {
														"north": { "texture": "#skin", "uv": [ 37.5, 69.5, 38.5, 71.5 ] },
														"east": { "texture": "#skin", "uv": [ 36.5, 69.5, 37.5, 71.5 ] },
														"south": { "texture": "#skin", "uv": [ 35.5, 69.5, 36.5, 71.5 ] },
														"west": { "texture": "#skin", "uv": [ 34.5, 69.5, 35.5, 71.5 ] },
														"up": { "texture": "#skin", "uv": [ 35.5, 68.5, 36.5, 69.5 ] },
														"down": { "texture": "#skin", "uv": [ 35.5, 71.5, 36.5, 72.5 ], "rotation": 180 }
													},
													"children": [
														{
															"name": "L Hind Hoof",
															"from": [ 0.7, 0.7, 0.65 ],
															"to": [ 0.7, 0.7, 0.65 ],
															"uv": [ 0.0, 0.0 ],
															"rotationOrigin": [ 0.7, 0.7, 0.6 ],
															"rotationZ": 21.0,
															"faces": {
															},
															"children": [
																{
																	"name": "L Hind Hoof1",
																	"from": [ -1.9, -0.4, -0.6 ],
																	"to": [ -0.4, 0.4, 0.4 ],
																	"unwrapMode": 5,
																	"uv": [ 39.5, 64.0 ],
																	"rotationOrigin": [ -0.3, 0.1, 0.4 ],
																	"rotationY": -0.5,
																	"rotationZ": 50.0,
																	"faces": {
																		"north": { "texture": "#skin", "uv": [ 40.0, 64.0, 41.5, 64.5 ], "rotation": 180 },
																		"east": { "texture": "#skin", "uv": [ 41.5, 64.5, 42.0, 65.5 ], "rotation": 90 },
																		"south": { "texture": "#skin", "uv": [ 40.0, 65.5, 41.5, 66.0 ] },
																		"west": { "texture": "#skin", "uv": [ 39.5, 64.5, 40.0, 65.5 ], "rotation": 270 },
																		"up": { "texture": "#skin", "uv": [ 40.0, 64.5, 41.5, 65.5 ] },
																		"down": { "texture": "#skin", "uv": [ 42.0, 64.5, 43.5, 65.5 ] }
																	}
																},
																{
																	"name": "L Hind Hoof2",
																	"from": [ -1.3947, -0.8781, -0.61 ],
																	"to": [ 0.1053, -0.2781, 0.39 ],
																	"unwrapMode": 5,
																	"uv": [ 39.5, 66.5 ],
																	"rotationOrigin": [ -0.0931, -0.2825, 0.3 ],
																	"rotationZ": 27.0,
																	"faces": {
																		"north": { "texture": "#skin", "uv": [ 40.0, 66.5, 41.5, 67.0 ], "rotation": 180 },
																		"east": { "texture": "#skin", "uv": [ 41.5, 67.0, 42.0, 68.0 ], "rotation": 90 },
																		"south": { "texture": "#skin", "uv": [ 40.0, 68.0, 41.5, 68.5 ] },
																		"west": { "texture": "#skin", "uv": [ 39.5, 67.0, 40.0, 68.0 ], "rotation": 270 },
																		"up": { "texture": "#skin", "uv": [ 40.0, 67.0, 41.5, 68.0 ] },
																		"down": { "texture": "#skin", "uv": [ 42.0, 67.0, 43.5, 68.0 ] }
																	}
																}
															]
														}
													]
												}
											]
										}
									]
								}
							]
						},
						{
							"name": "Tail",
							"from": [ 5.9, 6.2, 2.4 ],
							"to": [ 7.1, 8.6, 3.6 ],
							"unwrapMode": 2,
							"uv": [ 42.5, 47.5 ],
							"rotationOrigin": [ 7.1, 8.6, 3.0 ],
							"rotationZ": 28.0,
							"faces": {
								"north": { "texture": "#skin", "uv": [ 44.5, 48.5, 45.5, 50.5 ], "windMode": [-1,-1,-1,-1], "windData": [0,1,1,0] },
								"east": { "texture": "#skin", "uv": [ 43.5, 48.5, 44.5, 50.5 ], "windMode": [-1,-1,-1,-1], "windData": [0,1,1,0] },
								"south": { "texture": "#skin", "uv": [ 42.5, 48.5, 43.5, 50.5 ] },
								"west": { "texture": "#skin", "uv": [ 45.5, 48.5, 46.5, 50.5 ], "windMode": [-1,-1,-1,-1], "windData": [0,0,1,1] },
								"up": { "texture": "#skin", "uv": [ 43.5, 47.5, 44.5, 48.5 ], "rotation": 270, "windMode": [-1,-1,-1,-1], "windData": [1,1,1,1] },
								"down": { "texture": "#skin", "uv": [ 43.5, 50.5, 44.5, 51.5 ], "rotation": 270, "windMode": [-1,-1,-1,-1] }
							},
							"children": [
								{
									"name": "Tail2",
									"from": [ 0.0, -2.9, -0.1 ],
									"to": [ 1.4, 0.3, 1.3 ],
									"unwrapMode": 2,
									"uv": [ 42.5, 52.0 ],
									"rotationOrigin": [ 0.5, 0.2, 0.7 ],
									"rotationZ": -22.0,
									"faces": {
										"north": { "texture": "#skin", "uv": [ 44.5, 53.0, 45.5, 56.0 ] },
										"east": { "texture": "#skin", "uv": [ 43.5, 53.0, 44.5, 56.0 ] },
										"south": { "texture": "#skin", "uv": [ 42.5, 53.0, 43.5, 56.0 ] },
										"west": { "texture": "#skin", "uv": [ 45.5, 53.0, 46.5, 56.0 ] },
										"up": { "texture": "#skin", "uv": [ 43.5, 52.0, 44.5, 53.0 ], "rotation": 270, "windMode": [-1,-1,-1,-1], "windData": [1,1,1,1] },
										"down": { "texture": "#skin", "uv": [ 43.5, 56.0, 44.5, 57.0 ], "rotation": 270 }
									}
								}
							]
						},
						{
							"name": "R Haunch",
							"from": [ 2.5, -0.3, -0.9 ],
							"to": [ 7.5, 7.2, 1.5 ],
							"unwrapMode": 1,
							"uv": [ 48.0, 37.0 ],
							"rotationOrigin": [ 5.4, 5.0, 0.3 ],
							"rotationX": -3.0,
							"rotationZ": -5.0,
							"faces": {
								"north": { "texture": "#skin", "uv": [ 50.0, 39.0, 55.0, 46.5 ] },
								"east": { "texture": "#skin", "uv": [ 48.0, 39.0, 50.0, 46.5 ] },
								"south": { "texture": "#skin", "uv": [ 57.0, 39.0, 62.0, 46.5 ] },
								"west": { "texture": "#skin", "uv": [ 55.0, 39.0, 57.0, 46.5 ] },
								"up": { "texture": "#skin", "uv": [ 50.0, 37.0, 55.0, 39.0 ], "rotation": 180 },
								"down": { "texture": "#skin", "uv": [ 50.0, 46.5, 55.0, 48.5 ] }
							},
							"children": [
								{
									"name": "R LegUp",
									"from": [ 0.0, -7.0, 0.25 ],
									"to": [ 2.4, 0.0, 2.15 ],
									"unwrapMode": 1,
									"uv": [ 50.0, 49.0 ],
									"rotationOrigin": [ 0.0, 0.1, 1.2 ],
									"rotationX": -1.0,
									"rotationZ": 26.0,
									"faces": {
										"north": { "texture": "#skin", "uv": [ 51.5, 50.5, 53.5, 57.5 ] },
										"east": { "texture": "#skin", "uv": [ 50.0, 50.5, 51.5, 57.5 ] },
										"south": { "texture": "#skin", "uv": [ 55.0, 50.5, 57.0, 57.5 ] },
										"west": { "texture": "#skin", "uv": [ 53.5, 50.5, 55.0, 57.5 ] },
										"up": { "texture": "#skin", "uv": [ 51.5, 49.0, 53.5, 50.5 ], "rotation": 180 },
										"down": { "texture": "#skin", "uv": [ 51.5, 57.5, 53.5, 59.0 ] }
									},
									"children": [
										{
											"name": "R LegLow",
											"from": [ 0.8, -6.0, 0.35 ],
											"to": [ 2.2, 0.5, 1.55 ],
											"unwrapMode": 1,
											"uv": [ 51.0, 59.5 ],
											"rotationOrigin": [ 1.7, 0.4, 0.95 ],
											"rotationX": 4.0,
											"rotationZ": -40.0,
											"faces": {
												"north": { "texture": "#skin", "uv": [ 52.0, 60.5, 53.0, 67.0 ] },
												"east": { "texture": "#skin", "uv": [ 51.0, 60.5, 52.0, 67.0 ] },
												"south": { "texture": "#skin", "uv": [ 54.0, 60.5, 55.0, 67.0 ] },
												"west": { "texture": "#skin", "uv": [ 53.0, 60.5, 54.0, 67.0 ] },
												"up": { "texture": "#skin", "uv": [ 52.0, 59.5, 53.0, 60.5 ], "rotation": 180 },
												"down": { "texture": "#skin", "uv": [ 52.0, 67.0, 53.0, 68.0 ] }
											},
											"children": [
												{
													"name": "R Hind Pastern",
													"from": [ 0.1, -1.4, 0.05 ],
													"to": [ 1.3, 0.6, 1.15 ],
													"unwrapMode": 1,
													"uv": [ 51.0, 68.33 ],
													"rotationOrigin": [ 0.8, 0.5, 0.6 ],
													"rotationZ": -2.0,
													"faces": {
														"north": { "texture": "#skin", "uv": [ 52.0, 69.5, 53.0, 71.5 ] },
														"east": { "texture": "#skin", "uv": [ 51.0, 69.5, 52.0, 71.5 ] },
														"south": { "texture": "#skin", "uv": [ 54.0, 69.5, 55.0, 71.5 ] },
														"west": { "texture": "#skin", "uv": [ 53.0, 69.5, 54.0, 71.5 ] },
														"up": { "texture": "#skin", "uv": [ 52.0, 68.5, 53.0, 69.5 ], "rotation": 180 },
														"down": { "texture": "#skin", "uv": [ 52.0, 71.5, 53.0, 72.5 ] }
													},
													"children": [
														{
															"name": "R Hind Hoof",
															"from": [ 0.7, 0.7, 0.65 ],
															"to": [ 0.7, 0.7, 0.65 ],
															"uv": [ 0.0, 0.0 ],
															"rotationOrigin": [ 0.7, 0.7, 0.6 ],
															"rotationZ": 19.0,
															"faces": {
															},
															"children": [
																{
																	"name": "R Hind Hoof1",
																	"from": [ -1.9, -0.4, -0.6 ],
																	"to": [ -0.4, 0.4, 0.4 ],
																	"unwrapMode": 5,
																	"uv": [ 44.0, 64.0 ],
																	"rotationOrigin": [ -0.4, 0.1, 0.4 ],
																	"rotationY": 0.5,
																	"rotationZ": 50.0,
																	"faces": {
																		"north": { "texture": "#skin", "uv": [ 44.5, 64.0, 46.0, 64.5 ], "rotation": 180 },
																		"east": { "texture": "#skin", "uv": [ 46.0, 64.5, 46.5, 65.5 ], "rotation": 90 },
																		"south": { "texture": "#skin", "uv": [ 44.5, 65.5, 46.0, 66.0 ] },
																		"west": { "texture": "#skin", "uv": [ 44.0, 64.5, 44.5, 65.5 ], "rotation": 270 },
																		"up": { "texture": "#skin", "uv": [ 44.5, 64.5, 46.0, 65.5 ] },
																		"down": { "texture": "#skin", "uv": [ 46.5, 64.5, 48.0, 65.5 ] }
																	}
																},
																{
																	"name": "R Hind Hoof2",
																	"from": [ -1.4304, -0.8015, -0.6 ],
																	"to": [ 0.0696, -0.2015, 0.4 ],
																	"unwrapMode": 5,
																	"uv": [ 44.0, 66.5 ],
																	"rotationOrigin": [ -0.1288, -0.2059, 0.3 ],
																	"rotationZ": 27.0,
																	"faces": {
																		"north": { "texture": "#skin", "uv": [ 44.5, 66.5, 46.0, 67.0 ], "rotation": 180 },
																		"east": { "texture": "#skin", "uv": [ 46.0, 67.0, 46.5, 68.0 ], "rotation": 90 },
																		"south": { "texture": "#skin", "uv": [ 44.5, 68.0, 46.0, 68.5 ] },
																		"west": { "texture": "#skin", "uv": [ 44.0, 67.0, 44.5, 68.0 ], "rotation": 270 },
																		"up": { "texture": "#skin", "uv": [ 44.5, 67.0, 46.0, 68.0 ] },
																		"down": { "texture": "#skin", "uv": [ 46.5, 67.0, 48.0, 68.0 ] }
																	}
																}
															]
														}
													]
												}
											]
										}
									]
								}
							]
						},
						{
							"name": "Midsection",
							"from": [ -5.8, 0.7, 0.05 ],
							"to": [ 1.6, 8.9, 5.95 ],
							"unwrapMode": 7,
							"unwrapRotation": 1,
							"autoUnwrap": false,
							"uv": [ 2.0, 39.5 ],
							"rotationOrigin": [ 0.9, 5.7, 3.0 ],
							"rotationZ": -5.0,
							"faces": {
								"north": { "texture": "#skin", "uv": [ 15.0, 39.5, 23.0, 46.5 ], "rotation": 90 },
								"east": { "texture": "#skin", "uv": [ 9.5, 64.0, 15.0, 72.0 ], "windMode": [-1,-1,-1,-1], "windData": [0,1,1,0] },
								"south": { "texture": "#skin", "uv": [ 1.5, 39.5, 9.5, 46.5 ], "rotation": 270, "windMode": [-1,-1,-1,-1], "windData": [0,0,1,1] },
								"west": { "texture": "#skin", "uv": [ 15.5, 64.0, 21.0, 72.0 ], "windMode": [-1,-1,-1,-1], "windData": [0,0,1,1] },
								"up": { "texture": "#skin", "uv": [ 9.5, 39.5, 15.0, 46.5 ], "rotation": 270, "windMode": [-1,-1,-1,-1], "windData": [1,1,1,1] },
								"down": { "texture": "#skin", "uv": [ 23.0, 39.5, 28.5, 46.5 ], "rotation": 90, "windMode": [-1,-1,-1,-1] }
							},
							"children": [
								{
									"name": "Chest",
									"from": [ -5.6, -0.4, -0.25 ],
									"to": [ 1.8, 8.1, 6.15 ],
									"unwrapMode": 7,
									"unwrapRotation": 1,
									"autoUnwrap": false,
									"uv": [ 1.0, 23.0 ],
									"rotationOrigin": [ 1.3, 5.7, 2.95 ],
									"rotationZ": -19.0,
									"faces": {
										"north": { "texture": "#skin", "uv": [ 15.5, 31.5, 24.0, 38.5 ], "rotation": 90 },
										"east": { "texture": "#skin", "uv": [ 2.5, 64.0, 8.5, 72.5 ] },
										"south": { "texture": "#skin", "uv": [ 1.0, 31.5, 9.5, 38.5 ], "rotation": 270 },
										"west": { "texture": "#skin", "uv": [ 9.5, 23.0, 15.5, 31.5 ], "rotation": 180 },
										"up": { "texture": "#skin", "uv": [ 9.5, 31.5, 15.5, 38.5 ], "rotation": 270 },
										"down": { "texture": "#skin", "uv": [ 24.0, 31.5, 30.0, 38.5 ], "rotation": 90 }
									},
									"children": [
										{
											"name": "Neck",
											"from": [ -0.6, 6.0, 1.7 ],
											"to": [ 4.1, 12.4, 4.7 ],
											"unwrapMode": 2,
											"uv": [ 6.5, 11.5 ],
											"rotationOrigin": [ 3.8, 6.0, 3.2 ],
											"rotationZ": 64.0,
											"faces": {
												"north": { "texture": "#skin", "uv": [ 14.0, 16.0, 18.5, 22.0 ], "windMode": [-1,-1,-1,-1], "windData": [0,0,1,0] },
												"east": { "texture": "#skin", "uv": [ 11.0, 16.0, 14.0, 22.0 ], "windMode": [-1,-1,-1,-1], "windData": [1,0,0,1] },
												"south": { "texture": "#skin", "uv": [ 6.5, 16.0, 11.0, 22.0 ] },
												"west": { "texture": "#skin", "uv": [ 18.5, 16.0, 21.5, 22.0 ] },
												"up": { "texture": "#skin", "uv": [ 11.0, 11.5, 14.0, 16.0 ], "rotation": 270 }
											},
											"children": [
												{
													"name": "Neck2",
													"from": [ -0.3, 5.6, 0.1 ],
													"to": [ 3.5, 11.5, 2.9 ],
													"unwrapMode": 2,
													"autoUnwrap": false,
													"uv": [ 8.0, 1.0 ],
													"rotationOrigin": [ 2.7, 4.6, 1.5 ],
													"rotationZ": 14.0,
													"faces": {
														"north": { "texture": "#skin", "uv": [ 14.0, 4.5, 17.5, 10.0 ], "windMode": [-1,-1,-1,-1], "windData": [1,1,1,1] },
														"east": { "texture": "#skin", "uv": [ 11.5, 4.5, 14.0, 10.0 ], "windMode": [-1,-1,-1,-1], "windData": [1,1,1,1] },
														"south": { "texture": "#skin", "uv": [ 8.0, 4.5, 11.5, 10.0 ], "windMode": [-1,-1,-1,-1], "windData": [1,1,1,1] },
														"west": { "texture": "#skin", "uv": [ 17.5, 4.5, 20.0, 10.0 ], "windMode": [-1,-1,-1,-1], "windData": [1,1,1,1] },
														"up": { "texture": "#skin", "uv": [ 11.5, 1.0, 14.0, 4.5 ], "rotation": 270, "windMode": [-1,-1,-1,-1], "windData": [1,1,1,1] },
														"down": { "texture": "#skin", "uv": [ 11.5, 6.5, 14.0, 10.0 ], "rotation": 270, "windMode": [-1,-1,-1,-1], "windData": [1,1,1,1] }
													},
													"children": [
														{
															"name": "Head",
															"from": [ -0.1, 2.1, -0.4 ],
															"to": [ 3.1, 6.6, 3.2 ],
															"unwrapMode": 4,
															"uv": [ 26.0, 3.0 ],
															"rotationOrigin": [ 3.5, 5.7, 1.4 ],
															"rotationZ": -10.0,
															"faces": {
																"north": { "texture": "#skin", "uv": [ 26.0, 6.0, 29.0, 10.5 ] },
																"east": { "texture": "#skin", "uv": [ 35.5, 6.0, 39.0, 10.5 ] },
																"south": { "texture": "#skin", "uv": [ 32.5, 6.0, 35.5, 10.5 ] },
																"west": { "texture": "#skin", "uv": [ 29.0, 6.0, 32.5, 10.5 ] },
																"up": { "texture": "#skin", "uv": [ 29.0, 3.0, 32.5, 6.0 ], "rotation": 90 },
																"down": { "texture": "#skin", "uv": [ 29.0, 10.5, 32.5, 13.5 ], "rotation": 90 }
															},
															"children": [
																{
																	"name": "MouthUp",
																	"from": [ -3.2, 0.5, 0.8 ],
																	"to": [ 0.4, 1.5, 2.8 ],
																	"unwrapMode": 5,
																	"unwrapRotation": 1,
																	"uv": [ 28.5, 21.0 ],
																	"rotationOrigin": [ 0.3, 1.2, 1.8 ],
																	"rotationZ": 30.0,
																	"faces": {
																		"north": { "texture": "#skin", "uv": [ 28.5, 21.0, 29.5, 24.5 ], "rotation": 270 },
																		"south": { "texture": "#skin", "uv": [ 31.5, 21.0, 32.5, 24.5 ], "rotation": 90 },
																		"west": { "texture": "#skin", "uv": [ 29.5, 24.5, 31.5, 25.5 ] },
																		"up": { "texture": "#skin", "uv": [ 29.5, 21.0, 31.5, 24.5 ], "rotation": 90 },
																		"down": { "texture": "#skin", "uv": [ 32.5, 21.0, 34.5, 24.5 ], "rotation": 270 }
																	},
																	"children": [
																		{
																			"name": "Nose",
																			"from": [ 0.6, 0.0, 0.2 ],
																			"to": [ 5.6, 1.5, 1.8 ],
																			"unwrapMode": 5,
																			"unwrapRotation": 1,
																			"uv": [ 28.5, 14.0 ],
																			"rotationOrigin": [ 0.6, 0.0, 1.0 ],
																			"rotationZ": 18.0,
																			"faces": {
																				"north": { "texture": "#skin", "uv": [ 28.5, 14.0, 30.0, 19.0 ], "rotation": 270 },
																				"south": { "texture": "#skin", "uv": [ 31.5, 14.0, 33.0, 19.0 ], "rotation": 90 },
																				"west": { "texture": "#skin", "uv": [ 30.0, 19.0, 31.5, 20.5 ], "windMode": [-1,-1,-1,-1], "windData": [1,1,1,1] },
																				"up": { "texture": "#skin", "uv": [ 30.0, 14.0, 31.5, 19.0 ], "rotation": 90 }
																			},
																			"children": [
																				{
																					"name": "Snout",
																					"from": [ -0.7, 0.5253, 0.1 ],
																					"to": [ 0.5, 1.5753, 1.5 ],
																					"unwrapMode": 4,
																					"uv": [ 23.5, 15.5 ],
																					"rotationOrigin": [ 0.4, 1.5253, 0.8 ],
																					"rotationZ": 4.0,
																					"faces": {
																						"north": { "texture": "#skin", "uv": [ 23.5, 16.5, 24.5, 17.5 ], "windMode": [-1,-1,-1,-1], "windData": [1,1,1,1] },
																						"east": { "texture": "#skin", "uv": [ 26.5, 16.5, 27.5, 17.5 ], "windMode": [-1,-1,-1,-1], "windData": [1,1,1,1] },
																						"south": { "texture": "#skin", "uv": [ 25.5, 16.5, 26.5, 17.5 ], "windMode": [-1,-1,-1,-1], "windData": [1,1,1,1] },
																						"west": { "texture": "#skin", "uv": [ 24.5, 16.5, 25.5, 17.5 ], "windMode": [-1,-1,-1,-1], "windData": [1,1,1,1] },
																						"up": { "texture": "#skin", "uv": [ 24.5, 15.5, 25.5, 16.5 ], "rotation": 90, "windMode": [-1,-1,-1,-1], "windData": [1,1,1,1] },
																						"down": { "texture": "#skin", "uv": [ 24.5, 17.5, 25.5, 18.5 ], "rotation": 90, "windMode": [-1,-1,-1,-1], "windData": [1,1,1,1] }
																					}
																				}
																			]
																		},
																		{
																			"name": "Jaw",
																			"from": [ 2.01, -1.03, 0.1 ],
																			"to": [ 4.41, 0.17, 1.9 ],
																			"unwrapMode": 5,
																			"unwrapRotation": 1,
																			"autoUnwrap": false,
																			"uv": [ 29.0, 27.0 ],
																			"rotationOrigin": [ 3.5098, -0.4294, 1.0 ],
																			"rotationZ": -15.0,
																			"faces": {
																				"north": { "texture": "#skin", "uv": [ 29.5, 27.0, 30.0, 29.0 ], "rotation": 270, "autoUv": false },
																				"south": { "texture": "#skin", "uv": [ 31.5, 27.0, 32.0, 29.0 ], "rotation": 90, "autoUv": false },
																				"west": { "texture": "#skin", "uv": [ 30.0, 29.0, 31.5, 30.0 ] },
																				"up": { "texture": "#skin", "uv": [ 30.0, 27.0, 31.5, 29.0 ], "rotation": 90 },
																				"down": { "texture": "#skin", "uv": [ 32.0, 27.0, 33.5, 29.0 ], "rotation": 270 }
																			},
																			"children": [
																				{
																					"name": "Jaw2",
																					"from": [ -1.7, 0.0, 0.01 ],
																					"to": [ 0.2, 0.7, 1.81 ],
																					"unwrapMode": 5,
																					"unwrapRotation": 1,
																					"uv": [ 29.5, 29.0 ],
																					"rotationOrigin": [ 0.0, 0.5, 0.0 ],
																					"rotationZ": 12.0,
																					"faces": {
																						"north": { "texture": "#skin", "uv": [ 29.5, 29.0, 30.0, 30.5 ], "rotation": 270 },
																						"south": { "texture": "#skin", "uv": [ 31.5, 29.0, 32.0, 30.5 ], "rotation": 90 },
																						"west": { "texture": "#skin", "uv": [ 30.0, 30.5, 31.5, 31.0 ] },
																						"up": { "texture": "#skin", "uv": [ 30.0, 29.0, 31.5, 30.5 ], "rotation": 90 },
																						"down": { "texture": "#skin", "uv": [ 32.0, 29.0, 33.5, 30.5 ], "rotation": 270, "windMode": [-1,-1,-1,-1], "windData": [1,1,1,1] }
																					}
																				}
																			]
																		}
																	]
																},
																{
																	"name": "R Ear",
																	"from": [ 2.2, 3.4, -2.3 ],
																	"to": [ 2.8, 4.9, 0.3 ],
																	"unwrapMode": 4,
																	"unwrapRotation": 1,
																	"autoUnwrap": false,
																	"uv": [ 22.5, 1.0 ],
																	"rotationOrigin": [ 2.5, 3.8, 0.3 ],
																	"rotationX": 45.0,
																	"rotationZ": 22.0,
																	"faces": {
																		"north": { "texture": "#skin", "uv": [ 23.0, 3.5, 24.5, 4.0 ], "rotation": 90 },
																		"east": { "texture": "#skin", "uv": [ 25.5, 1.0, 27.0, 3.5 ], "rotation": 270, "windMode": [-1,-1,-1,-1], "windData": [1,1,1,1] },
																		"west": { "texture": "#skin", "uv": [ 23.0, 1.0, 24.5, 3.5 ], "rotation": 90 },
																		"up": { "texture": "#skin", "uv": [ 22.5, 1.0, 23.0, 3.5 ], "rotation": 180 },
																		"down": { "texture": "#skin", "uv": [ 24.5, 1.0, 25.0, 3.5 ], "rotation": 180 }
																	},
																	"children": [
																		{
																			"name": "R Ear2",
																			"from": [ 0.0, 0.5, -2.0 ],
																			"to": [ 0.6, 1.5, 0.0 ],
																			"unwrapMode": 4,
																			"unwrapRotation": 1,
																			"autoUnwrap": false,
																			"uv": [ 22.5, 2.5 ],
																			"rotationOrigin": [ 0.3, 1.5, 0.0 ],
																			"rotationX": -20.0,
																			"rotationZ": 2.0,
																			"faces": {
																				"north": { "texture": "#skin", "uv": [ 23.0, 4.5, 24.0, 5.0 ], "rotation": 90 },
																				"east": { "texture": "#skin", "uv": [ 25.5, 2.5, 26.5, 4.5 ], "rotation": 270, "windMode": [-1,-1,-1,-1], "windData": [1,1,1,1] },
																				"west": { "texture": "#skin", "uv": [ 23.0, 2.5, 24.0, 4.5 ], "rotation": 90 },
																				"up": { "texture": "#skin", "uv": [ 22.5, 2.5, 23.0, 4.5 ], "rotation": 180 },
																				"down": { "texture": "#skin", "uv": [ 24.0, 2.5, 24.5, 4.5 ], "rotation": 180 }
																			}
																		},
																		{
																			"name": "R Ear3",
																			"from": [ 0.0, 0.0, 0.4 ],
																			"to": [ 0.6, 1.5, 1.9 ],
																			"unwrapMode": 4,
																			"unwrapRotation": 1,
																			"uv": [ 23.0, 1.0 ],
																			"rotationOrigin": [ 0.3, 0.0, 1.9 ],
																			"rotationX": -45.0,
																			"rotationZ": -2.0,
																			"faces": {
																				"north": { "texture": "#skin", "uv": [ 23.5, 2.5, 25.0, 3.0 ], "rotation": 90 },
																				"east": { "texture": "#skin", "uv": [ 25.5, 1.0, 27.0, 2.5 ], "rotation": 270 },
																				"west": { "texture": "#skin", "uv": [ 23.5, 1.0, 25.0, 2.5 ], "rotation": 90 },
																				"up": { "texture": "#skin", "uv": [ 23.0, 1.0, 23.5, 2.5 ], "rotation": 180 },
																				"down": { "texture": "#skin", "uv": [ 25.0, 1.0, 25.5, 2.5 ], "rotation": 180 }
																			},
																			"children": [
																				{
																					"name": "R Ear4",
																					"from": [ 0.0, 0.0, -2.5 ],
																					"to": [ 0.6, 1.2, 0.0 ],
																					"unwrapMode": 4,
																					"unwrapRotation": 1,
																					"uv": [ 23.5, 2.0 ],
																					"rotationOrigin": [ 0.3, 0.0, 0.0 ],
																					"rotationX": 66.0,
																					"rotationZ": -2.0,
																					"faces": {
																						"north": { "texture": "#skin", "uv": [ 24.0, 4.5, 25.0, 5.0 ], "rotation": 90 },
																						"east": { "texture": "#skin", "uv": [ 25.5, 2.0, 26.5, 4.5 ], "rotation": 270 },
																						"west": { "texture": "#skin", "uv": [ 24.0, 2.0, 25.0, 4.5 ], "rotation": 90 },
																						"up": { "texture": "#skin", "uv": [ 23.5, 2.0, 24.0, 4.5 ], "rotation": 180 },
																						"down": { "texture": "#skin", "uv": [ 25.0, 2.0, 25.5, 4.5 ], "rotation": 180 }
																					}
																				}
																			]
																		}
																	]
																},
																{
																	"name": "L Ear",
																	"from": [ 2.2, 3.4, 3.3 ],
																	"to": [ 2.8, 4.9, 5.9 ],
																	"unwrapMode": 4,
																	"unwrapRotation": 1,
																	"autoUnwrap": false,
																	"uv": [ 33.5, 1.5 ],
																	"rotationOrigin": [ 2.5, 3.8, 3.3 ],
																	"rotationX": -45.0,
																	"rotationZ": 22.0,
																	"faces": {
																		"east": { "texture": "#skin", "uv": [ 36.5, 2.0, 38.0, 4.5 ], "rotation": 270, "windMode": [-1,-1,-1,-1], "windData": [1,1,1,1] },
																		"south": { "texture": "#skin", "uv": [ 34.0, 1.5, 35.5, 2.0 ], "rotation": 90 },
																		"west": { "texture": "#skin", "uv": [ 34.0, 2.0, 35.5, 4.5 ], "rotation": 90 },
																		"up": { "texture": "#skin", "uv": [ 33.5, 2.0, 34.0, 4.5 ], "rotation": 180 },
																		"down": { "texture": "#skin", "uv": [ 35.5, 2.0, 36.0, 4.5 ], "rotation": 180 }
																	},
																	"children": [
																		{
																			"name": "L Ear2",
																			"from": [ 0.0, 0.5, 2.6 ],
																			"to": [ 0.6, 1.5, 4.6 ],
																			"unwrapMode": 4,
																			"unwrapRotation": 1,
																			"autoUnwrap": false,
																			"uv": [ 33.5, 0.5 ],
																			"rotationOrigin": [ 0.3, 1.5, 2.6 ],
																			"rotationX": 20.0,
																			"rotationZ": 2.0,
																			"faces": {
																				"east": { "texture": "#skin", "uv": [ 37.5, 1.0, 38.5, 3.0 ], "rotation": 270, "windMode": [-1,-1,-1,-1], "windData": [1,1,1,1] },
																				"south": { "texture": "#skin", "uv": [ 34.0, 0.5, 35.0, 1.0 ], "rotation": 90 },
																				"west": { "texture": "#skin", "uv": [ 34.0, 1.0, 35.0, 3.0 ], "rotation": 90 },
																				"up": { "texture": "#skin", "uv": [ 33.5, 1.0, 34.0, 3.0 ], "rotation": 180 },
																				"down": { "texture": "#skin", "uv": [ 35.0, 1.0, 35.5, 3.0 ], "rotation": 180 }
																			}
																		},
																		{
																			"name": "L Ear3",
																			"from": [ 0.0, 0.0, 0.7 ],
																			"to": [ 0.6, 1.5, 2.2 ],
																			"unwrapMode": 4,
																			"unwrapRotation": 1,
																			"uv": [ 34.0, 2.5 ],
																			"rotationOrigin": [ 0.3, 0.0, 0.7 ],
																			"rotationX": 45.0,
																			"rotationZ": -2.0,
																			"faces": {
																				"east": { "texture": "#skin", "uv": [ 36.5, 3.0, 38.0, 4.5 ], "rotation": 270 },
																				"south": { "texture": "#skin", "uv": [ 34.5, 2.5, 36.0, 3.0 ], "rotation": 90 },
																				"west": { "texture": "#skin", "uv": [ 34.5, 3.0, 36.0, 4.5 ], "rotation": 90 },
																				"up": { "texture": "#skin", "uv": [ 34.0, 3.0, 34.5, 4.5 ], "rotation": 180 },
																				"down": { "texture": "#skin", "uv": [ 36.0, 3.0, 36.5, 4.5 ], "rotation": 180 }
																			},
																			"children": [
																				{
																					"name": "L Ear4",
																					"from": [ 0.0, 0.0, 1.5 ],
																					"to": [ 0.6, 1.2, 4.0 ],
																					"unwrapMode": 4,
																					"unwrapRotation": 1,
																					"uv": [ 34.5, 0.5 ],
																					"rotationOrigin": [ 0.3, 0.0, 1.5 ],
																					"rotationX": -66.0,
																					"rotationZ": -2.0,
																					"faces": {
																						"east": { "texture": "#skin", "uv": [ 36.5, 1.0, 37.5, 3.5 ], "rotation": 270 },
																						"south": { "texture": "#skin", "uv": [ 35.0, 0.5, 36.0, 1.0 ], "rotation": 90 },
																						"west": { "texture": "#skin", "uv": [ 35.0, 1.0, 36.0, 3.5 ], "rotation": 90 },
																						"up": { "texture": "#skin", "uv": [ 34.5, 1.0, 35.0, 3.5 ], "rotation": 180 },
																						"down": { "texture": "#skin", "uv": [ 36.0, 1.0, 36.5, 3.5 ], "rotation": 180 }
																					}
																				}
																			]
																		}
																	]
																},
																{
																	"name": "R Eye",
																	"from": [ 0.09, 2.6, -0.01 ],
																	"to": [ 0.89, 2.9, 0.39 ],
																	"unwrapMode": 1,
																	"uv": [ 8.5, 12.5 ],
																	"rotationOrigin": [ 0.4, 3.0, 0.0 ],
																	"rotationZ": 15.0,
																	"faces": {
																		"north": { "texture": "#skin", "uv": [ 9.0, 12.5, 9.5, 13.0 ] },
																		"east": { "texture": "#skin", "uv": [ 8.5, 12.5, 9.0, 13.0 ], "windMode": [-1,-1,-1,-1], "windData": [1,1,1,1] },
																		"west": { "texture": "#skin", "uv": [ 9.5, 12.5, 10.0, 13.0 ], "windMode": [-1,-1,-1,-1], "windData": [1,1,1,1] },
																		"down": { "texture": "#skin", "uv": [ 9.0, 13.0, 9.5, 13.5 ], "windMode": [-1,-1,-1,-1], "windData": [1,1,1,1] }
																	},
																	"children": [
																		{
																			"name": "R Eye2",
																			"from": [ 0.0, 0.3, 0.0 ],
																			"to": [ 0.8, 0.6, 0.4 ],
																			"unwrapMode": 1,
																			"uv": [ 8.5, 11.5 ],
																			"rotationOrigin": [ 0.31, 0.6, 0.01 ],
																			"faces": {
																				"north": { "texture": "#skin", "uv": [ 9.0, 12.0, 9.5, 12.5 ] },
																				"east": { "texture": "#skin", "uv": [ 8.5, 12.0, 9.0, 12.5 ], "windMode": [-1,-1,-1,-1], "windData": [1,1,1,1] },
																				"west": { "texture": "#skin", "uv": [ 9.5, 12.0, 10.0, 12.5 ], "windMode": [-1,-1,-1,-1], "windData": [1,1,1,1] },
																				"up": { "texture": "#skin", "uv": [ 9.0, 11.5, 9.5, 12.0 ], "rotation": 180, "windMode": [-1,-1,-1,-1], "windData": [1,1,1,1] }
																			}
																		},
																		{
																			"name": "R Pupil",
																			"from": [ 0.1, 0.15, -0.01 ],
																			"to": [ 0.7, 0.45, 0.39 ],
																			"unwrapMode": 1,
																			"unwrapRotation": 1,
																			"uv": [ 7.0, 13.5 ],
																			"rotationOrigin": [ 0.41, 0.15, -0.01 ],
																			"faces": {
																				"north": { "texture": "#skin", "uv": [ 7.5, 14.0, 8.0, 14.5 ], "rotation": 90 },
																				"east": { "texture": "#skin", "uv": [ 7.5, 14.5, 8.0, 15.0 ], "rotation": 90, "windMode": [-1,-1,-1,-1], "windData": [1,1,1,1] },
																				"west": { "texture": "#skin", "uv": [ 7.5, 13.5, 8.0, 14.0 ], "rotation": 90, "windMode": [-1,-1,-1,-1], "windData": [1,1,1,1] },
																				"up": { "texture": "#skin", "uv": [ 7.0, 14.0, 7.5, 14.5 ], "rotation": 270, "windMode": [-1,-1,-1,-1], "windData": [1,1,1,1] },
																				"down": { "texture": "#skin", "uv": [ 8.0, 14.0, 8.5, 14.5 ], "rotation": 90, "windMode": [-1,-1,-1,-1], "windData": [1,1,1,1] }
																			}
																		}
																	]
																},
																{
																	"name": "L Eye",
																	"from": [ 0.09, 2.6, 3.21 ],
																	"to": [ 0.89, 2.9, 3.61 ],
																	"unwrapMode": 3,
																	"uv": [ 8.5, 12.5 ],
																	"rotationOrigin": [ 0.4, 3.0, 3.2 ],
																	"rotationZ": 15.0,
																	"faces": {
																		"east": { "texture": "#skin", "uv": [ 9.5, 12.5, 10.0, 13.0 ] },
																		"south": { "texture": "#skin", "uv": [ 9.0, 12.5, 9.5, 13.0 ], "windMode": [-1,-1,-1,-1], "windData": [1,1,1,1] },
																		"west": { "texture": "#skin", "uv": [ 8.5, 12.5, 9.0, 13.0 ], "windMode": [-1,-1,-1,-1], "windData": [1,1,1,1] },
																		"down": { "texture": "#skin", "uv": [ 9.0, 13.0, 9.5, 13.5 ], "rotation": 180, "windMode": [-1,-1,-1,-1], "windData": [1,1,1,1] }
																	},
																	"children": [
																		{
																			"name": "L Eye2",
																			"from": [ 0.0, 0.3, 0.0 ],
																			"to": [ 0.8, 0.6, 0.4 ],
																			"unwrapMode": 3,
																			"uv": [ 8.5, 11.5 ],
																			"rotationOrigin": [ 0.31, 0.6, 0.01 ],
																			"faces": {
																				"east": { "texture": "#skin", "uv": [ 9.5, 12.0, 10.0, 12.5 ] },
																				"south": { "texture": "#skin", "uv": [ 9.0, 12.0, 9.5, 12.5 ], "windMode": [-1,-1,-1,-1], "windData": [1,1,1,1] },
																				"west": { "texture": "#skin", "uv": [ 8.5, 12.0, 9.0, 12.5 ], "windMode": [-1,-1,-1,-1], "windData": [1,1,1,1] },
																				"up": { "texture": "#skin", "uv": [ 9.0, 11.5, 9.5, 12.0 ], "windMode": [-1,-1,-1,-1], "windData": [1,1,1,1] }
																			}
																		},
																		{
																			"name": "L Pupil",
																			"from": [ 0.1, 0.15, 0.01 ],
																			"to": [ 0.7, 0.45, 0.41 ],
																			"unwrapMode": 3,
																			"unwrapRotation": 1,
																			"uv": [ 7.0, 13.5 ],
																			"rotationOrigin": [ 0.41, 0.15, 0.01 ],
																			"faces": {
																				"east": { "texture": "#skin", "uv": [ 7.5, 13.5, 8.0, 14.0 ], "rotation": 90 },
																				"south": { "texture": "#skin", "uv": [ 7.5, 14.0, 8.0, 14.5 ], "rotation": 90, "windMode": [-1,-1,-1,-1], "windData": [1,1,1,1] },
																				"west": { "texture": "#skin", "uv": [ 7.5, 14.5, 8.0, 15.0 ], "rotation": 90, "windMode": [-1,-1,-1,-1], "windData": [1,1,1,1] },
																				"up": { "texture": "#skin", "uv": [ 7.0, 14.0, 7.5, 14.5 ], "rotation": 90, "windMode": [-1,-1,-1,-1], "windData": [1,1,1,1] },
																				"down": { "texture": "#skin", "uv": [ 8.0, 14.0, 8.5, 14.5 ], "rotation": 270 }
																			}
																		}
																	]
																},
																{
																	"name": "Horn attachment",
																	"from": [ 0.0, 4.5, 1.8 ],
																	"to": [ 1.0, 5.5, 2.8 ],
																	"uv": [ 0.0, 0.0 ],
																	"rotationOrigin": [ 0.0, 4.5, 1.8 ],
																	"rotationZ": -39.0,
																	"faces": {
																	},
																	"children": [
																		{
																			"name": "R antler base",
																			"from": [ 0.0, 0.0, -1.75 ],
																			"to": [ 0.65, 1.6, -1.1 ],
																			"unwrapMode": 4,
																			"uv": [ 35.5, 30.5 ],
																			"rotationOrigin": [ -0.15, 0.8, -1.1 ],
																			"rotationX": -20.0,
																			"rotationY": -25.0,
																			"rotationZ": 25.0,
																			"faces": {
																				"north": { "texture": "#skin", "uv": [ 35.5, 31.0, 36.0, 32.5 ] },
																				"east": { "texture": "#skin", "uv": [ 37.0, 31.0, 37.5, 32.5 ] },
																				"south": { "texture": "#skin", "uv": [ 36.5, 31.0, 37.0, 32.5 ] },
																				"west": { "texture": "#skin", "uv": [ 36.0, 31.0, 36.5, 32.5 ] },
																				"up": { "texture": "#skin", "uv": [ 36.0, 30.5, 36.5, 31.0 ], "rotation": 90 },
																				"down": { "texture": "#skin", "uv": [ 36.0, 32.5, 36.5, 33.0 ], "rotation": 90, "windMode": [-1,-1,-1,-1] }
																			},
																			"children": [
																				{
																					"name": "R antler branch 1",
																					"from": [ 0.0, 1.6, 0.0 ],
																					"to": [ 0.65, 4.6, 0.65 ],
																					"unwrapMode": 4,
																					"uv": [ 40.0, 24.0 ],
																					"rotationOrigin": [ 0.0, 1.6, 0.65 ],
																					"rotationY": -1.0,
																					"rotationZ": -25.0,
																					"faces": {
																						"north": { "texture": "#skin", "uv": [ 40.0, 24.5, 40.5, 27.5 ] },
																						"east": { "texture": "#skin", "uv": [ 41.5, 24.5, 42.0, 27.5 ] },
																						"south": { "texture": "#skin", "uv": [ 41.0, 24.5, 41.5, 27.5 ] },
																						"west": { "texture": "#skin", "uv": [ 40.5, 24.5, 41.0, 27.5 ] },
																						"up": { "texture": "#skin", "uv": [ 40.5, 24.0, 41.0, 24.5 ], "rotation": 90 }
																					},
																					"children": [
																						{
																							"name": "R antler branch 1b",
																							"from": [ 0.05, 3.0, 0.05 ],
																							"to": [ 0.65, 5.5, 0.65 ],
																							"unwrapMode": 4,
																							"uv": [ 35.5, 21.0 ],
																							"rotationOrigin": [ 0.6, 3.0, 0.1 ],
																							"rotationX": 15.0,
																							"rotationZ": 25.0,
																							"faces": {
																								"north": { "texture": "#skin", "uv": [ 35.5, 21.5, 36.0, 24.0 ] },
																								"east": { "texture": "#skin", "uv": [ 37.0, 21.5, 37.5, 24.0 ] },
																								"south": { "texture": "#skin", "uv": [ 36.5, 21.5, 37.0, 24.0 ] },
																								"west": { "texture": "#skin", "uv": [ 36.0, 21.5, 36.5, 24.0 ] },
																								"up": { "texture": "#skin", "uv": [ 36.0, 21.0, 36.5, 21.5 ], "rotation": 90 },
																								"down": { "texture": "#skin", "uv": [ 36.0, 24.0, 36.5, 24.5 ], "rotation": 90 }
																							},
																							"children": [
																								{
																									"name": "R antler point 3",
																									"from": [ 0.1, 2.4, 0.05 ],
																									"to": [ 0.6, 5.4, 0.55 ],
																									"unwrapMode": 4,
																									"uv": [ 35.5, 15.0 ],
																									"rotationOrigin": [ 0.1, 2.4, 0.05 ],
																									"rotationX": 5.0,
																									"rotationY": 5.0,
																									"rotationZ": 15.0,
																									"faces": {
																										"north": { "texture": "#skin", "uv": [ 35.5, 15.5, 36.0, 18.5 ] },
																										"east": { "texture": "#skin", "uv": [ 37.0, 15.5, 37.5, 18.5 ] },
																										"south": { "texture": "#skin", "uv": [ 36.5, 15.5, 37.0, 18.5 ] },
																										"west": { "texture": "#skin", "uv": [ 36.0, 15.5, 36.5, 18.5 ] },
																										"up": { "texture": "#skin", "uv": [ 36.0, 15.0, 36.5, 15.5 ], "rotation": 90 },
																										"down": { "texture": "#skin", "uv": [ 36.0, 18.5, 36.5, 19.0 ], "rotation": 90 }
																									},
																									"children": [
																										{
																											"name": "R antler point 3B",
																											"from": [ 0.1, 3.0, 0.1 ],
																											"to": [ 0.4, 5.5, 0.4 ],
																											"unwrapMode": 4,
																											"uv": [ 35.5, 11.5 ],
																											"rotationOrigin": [ 0.4, 3.0, 0.1 ],
																											"rotationX": 10.0,
																											"rotationZ": 4.0,
																											"faces": {
																												"north": { "texture": "#skin", "uv": [ 35.5, 12.0, 36.0, 14.5 ] },
																												"east": { "texture": "#skin", "uv": [ 37.0, 12.0, 37.5, 14.5 ] },
																												"south": { "texture": "#skin", "uv": [ 36.5, 12.0, 37.0, 14.5 ] },
																												"west": { "texture": "#skin", "uv": [ 36.0, 12.0, 36.5, 14.5 ] },
																												"up": { "texture": "#skin", "uv": [ 36.0, 11.5, 36.5, 12.0 ], "rotation": 90 },
																												"down": { "texture": "#skin", "uv": [ 36.0, 14.5, 36.5, 15.0 ], "rotation": 90 }
																											}
																										}
																									]
																								},
																								{
																									"name": "R antler point 4",
																									"from": [ 0.0, 0.6, 0.05 ],
																									"to": [ 0.5, 4.1, 0.55 ],
																									"unwrapMode": 4,
																									"uv": [ 35.5, 15.0 ],
																									"rotationOrigin": [ 0.0, 0.6, 0.05 ],
																									"rotationX": 5.0,
																									"rotationY": 5.0,
																									"rotationZ": 30.0,
																									"faces": {
																										"north": { "texture": "#skin", "uv": [ 35.5, 15.5, 36.0, 19.0 ] },
																										"east": { "texture": "#skin", "uv": [ 37.0, 15.5, 37.5, 19.0 ] },
																										"south": { "texture": "#skin", "uv": [ 36.5, 15.5, 37.0, 19.0 ] },
																										"west": { "texture": "#skin", "uv": [ 36.0, 15.5, 36.5, 19.0 ] },
																										"up": { "texture": "#skin", "uv": [ 36.0, 15.0, 36.5, 15.5 ], "rotation": 90 },
																										"down": { "texture": "#skin", "uv": [ 36.0, 19.0, 36.5, 19.5 ], "rotation": 90 }
																									},
																									"children": [
																										{
																											"name": "R antler point 4B",
																											"from": [ 0.1, 3.5, 0.1 ],
																											"to": [ 0.4, 6.0, 0.4 ],
																											"unwrapMode": 4,
																											"uv": [ 35.5, 11.5 ],
																											"rotationOrigin": [ 0.4, 3.5, 0.1 ],
																											"rotationX": 10.0,
																											"rotationZ": 4.0,
																											"faces": {
																												"north": { "texture": "#skin", "uv": [ 35.5, 12.0, 36.0, 14.5 ] },
																												"east": { "texture": "#skin", "uv": [ 37.0, 12.0, 37.5, 14.5 ] },
																												"south": { "texture": "#skin", "uv": [ 36.5, 12.0, 37.0, 14.5 ] },
																												"west": { "texture": "#skin", "uv": [ 36.0, 12.0, 36.5, 14.5 ] },
																												"up": { "texture": "#skin", "uv": [ 36.0, 11.5, 36.5, 12.0 ], "rotation": 90 },
																												"down": { "texture": "#skin", "uv": [ 36.0, 14.5, 36.5, 15.0 ], "rotation": 90 }
																											}
																										}
																									]
																								}
																							]
																						},
																						{
																							"name": "R antler point 2",
																							"from": [ 0.0, 0.85, 0.1 ],
																							"to": [ 0.5, 2.85, 0.6 ],
																							"unwrapMode": 4,
																							"uv": [ 35.5, 21.0 ],
																							"rotationOrigin": [ 0.0, 0.85, 0.1 ],
																							"rotationX": 25.0,
																							"rotationZ": 65.0,
																							"faces": {
																								"north": { "texture": "#skin", "uv": [ 35.5, 21.5, 36.0, 23.5 ] },
																								"east": { "texture": "#skin", "uv": [ 37.0, 21.5, 37.5, 23.5 ] },
																								"south": { "texture": "#skin", "uv": [ 36.5, 21.5, 37.0, 23.5 ] },
																								"west": { "texture": "#skin", "uv": [ 36.0, 21.5, 36.5, 23.5 ] },
																								"up": { "texture": "#skin", "uv": [ 36.0, 21.0, 36.5, 21.5 ], "rotation": 90 },
																								"down": { "texture": "#skin", "uv": [ 36.0, 23.5, 36.5, 24.0 ], "rotation": 90 }
																							},
																							"children": [
																								{
																									"name": "R antler point 2b",
																									"from": [ 0.1, 2.0, 0.1 ],
																									"to": [ 0.4, 3.5, 0.4 ],
																									"unwrapMode": 4,
																									"uv": [ 35.5, 15.0 ],
																									"rotationOrigin": [ 0.4, 2.0, 0.1 ],
																									"rotationZ": 15.0,
																									"faces": {
																										"north": { "texture": "#skin", "uv": [ 35.5, 15.5, 36.0, 17.0 ] },
																										"east": { "texture": "#skin", "uv": [ 37.0, 15.5, 37.5, 17.0 ] },
																										"south": { "texture": "#skin", "uv": [ 36.5, 15.5, 37.0, 17.0 ] },
																										"west": { "texture": "#skin", "uv": [ 36.0, 15.5, 36.5, 17.0 ] },
																										"up": { "texture": "#skin", "uv": [ 36.0, 15.0, 36.5, 15.5 ], "rotation": 90 },
																										"down": { "texture": "#skin", "uv": [ 36.0, 17.0, 36.5, 17.5 ], "rotation": 90 }
																									}
																								}
																							]
																						}
																					]
																				},
																				{
																					"name": "R antler branch 2",
																					"from": [ 0.0, 1.1, 0.0 ],
																					"to": [ 0.65, 2.6, 0.65 ],
																					"unwrapMode": 4,
																					"uv": [ 35.5, 29.0 ],
																					"rotationOrigin": [ 0.0, 1.1, 0.0 ],
																					"rotationY": -1.0,
																					"rotationZ": 83.0,
																					"faces": {
																						"north": { "texture": "#skin", "uv": [ 35.5, 29.5, 36.0, 31.0 ] },
																						"east": { "texture": "#skin", "uv": [ 37.0, 29.5, 37.5, 31.0 ] },
																						"south": { "texture": "#skin", "uv": [ 36.5, 29.5, 37.0, 31.0 ] },
																						"west": { "texture": "#skin", "uv": [ 36.0, 29.5, 36.5, 31.0 ] },
																						"up": { "texture": "#skin", "uv": [ 36.0, 29.0, 36.5, 29.5 ], "rotation": 90 },
																						"down": { "texture": "#skin", "uv": [ 36.0, 31.0, 36.5, 31.5 ], "rotation": 90, "windMode": [-1,-1,-1,-1] }
																					},
																					"children": [
																						{
																							"name": "R antler branch 2B",
																							"from": [ 0.1, 1.5, 0.1 ],
																							"to": [ 0.6, 3.0, 0.6 ],
																							"unwrapMode": 4,
																							"uv": [ 35.5, 24.0 ],
																							"rotationOrigin": [ 0.1, 1.5, 0.1 ],
																							"rotationX": 15.0,
																							"rotationZ": -25.0,
																							"faces": {
																								"north": { "texture": "#skin", "uv": [ 35.5, 24.5, 36.0, 26.0 ] },
																								"east": { "texture": "#skin", "uv": [ 37.0, 24.5, 37.5, 26.0 ] },
																								"south": { "texture": "#skin", "uv": [ 36.5, 24.5, 37.0, 26.0 ] },
																								"west": { "texture": "#skin", "uv": [ 36.0, 24.5, 36.5, 26.0 ] },
																								"up": { "texture": "#skin", "uv": [ 36.0, 24.0, 36.5, 24.5 ], "rotation": 90 },
																								"down": { "texture": "#skin", "uv": [ 36.0, 26.0, 36.5, 26.5 ], "rotation": 90 }
																							},
																							"children": [
																								{
																									"name": "R antler branch 2C",
																									"from": [ 0.1, 1.4, 0.1 ],
																									"to": [ 0.4, 2.4, 0.4 ],
																									"unwrapMode": 4,
																									"uv": [ 35.5, 21.0 ],
																									"rotationOrigin": [ 0.1, 1.4, 0.1 ],
																									"rotationZ": -20.0,
																									"faces": {
																										"north": { "texture": "#skin", "uv": [ 35.5, 21.5, 36.0, 22.5 ] },
																										"east": { "texture": "#skin", "uv": [ 37.0, 21.5, 37.5, 22.5 ] },
																										"south": { "texture": "#skin", "uv": [ 36.5, 21.5, 37.0, 22.5 ] },
																										"west": { "texture": "#skin", "uv": [ 36.0, 21.5, 36.5, 22.5 ] },
																										"up": { "texture": "#skin", "uv": [ 36.0, 21.0, 36.5, 21.5 ], "rotation": 90 },
																										"down": { "texture": "#skin", "uv": [ 36.0, 22.5, 36.5, 23.0 ], "rotation": 90 }
																									}
																								}
																							]
																						},
																						{
																							"name": "R antler branch 2B2",
																							"from": [ 0.1, 1.5, 0.1 ],
																							"to": [ 0.6, 3.0, 0.6 ],
																							"unwrapMode": 4,
																							"uv": [ 35.5, 24.0 ],
																							"rotationOrigin": [ 0.6, 1.5, 0.1 ],
																							"rotationX": 15.0,
																							"rotationY": 1.0,
																							"rotationZ": 45.0,
																							"faces": {
																								"north": { "texture": "#skin", "uv": [ 35.5, 24.5, 36.0, 26.0 ] },
																								"east": { "texture": "#skin", "uv": [ 37.0, 24.5, 37.5, 26.0 ] },
																								"south": { "texture": "#skin", "uv": [ 36.5, 24.5, 37.0, 26.0 ] },
																								"west": { "texture": "#skin", "uv": [ 36.0, 24.5, 36.5, 26.0 ] },
																								"up": { "texture": "#skin", "uv": [ 36.0, 24.0, 36.5, 24.5 ], "rotation": 90 },
																								"down": { "texture": "#skin", "uv": [ 36.0, 26.0, 36.5, 26.5 ], "rotation": 90 }
																							},
																							"children": [
																								{
																									"name": "R antler branch 2C2",
																									"from": [ 0.1, 1.4, 0.1 ],
																									"to": [ 0.4, 2.0, 0.4 ],
																									"unwrapMode": 4,
																									"uv": [ 35.5, 21.0 ],
																									"rotationOrigin": [ 0.1, 1.4, 0.1 ],
																									"rotationZ": 10.0,
																									"faces": {
																										"north": { "texture": "#skin", "uv": [ 35.5, 21.5, 36.0, 22.0 ] },
																										"east": { "texture": "#skin", "uv": [ 37.0, 21.5, 37.5, 22.0 ] },
																										"south": { "texture": "#skin", "uv": [ 36.5, 21.5, 37.0, 22.0 ] },
																										"west": { "texture": "#skin", "uv": [ 36.0, 21.5, 36.5, 22.0 ] },
																										"up": { "texture": "#skin", "uv": [ 36.0, 21.0, 36.5, 21.5 ], "rotation": 90 },
																										"down": { "texture": "#skin", "uv": [ 36.0, 22.0, 36.5, 22.5 ], "rotation": 90 }
																									}
																								}
																							]
																						}
																					]
																				}
																			]
																		},
																		{
																			"name": "L antler base",
																			"from": [ 0.0, 0.0, 1.1 ],
																			"to": [ 0.65, 1.6, 1.75 ],
																			"unwrapMode": 4,
																			"uv": [ 40.0, 30.5 ],
																			"rotationOrigin": [ -0.15, 0.8, 1.1 ],
																			"rotationX": 20.0,
																			"rotationY": 25.0,
																			"rotationZ": 25.0,
																			"faces": {
																				"north": { "texture": "#skin", "uv": [ 40.0, 31.0, 40.5, 32.5 ] },
																				"east": { "texture": "#skin", "uv": [ 41.5, 31.0, 42.0, 32.5 ] },
																				"south": { "texture": "#skin", "uv": [ 41.0, 31.0, 41.5, 32.5 ] },
																				"west": { "texture": "#skin", "uv": [ 40.5, 31.0, 41.0, 32.5 ] },
																				"up": { "texture": "#skin", "uv": [ 40.5, 30.5, 41.0, 31.0 ], "rotation": 90, "windMode": [-1,-1,-1,-1], "windData": [1,1,1,1] },
																				"down": { "texture": "#skin", "uv": [ 40.5, 32.5, 41.0, 33.0 ], "rotation": 90, "windMode": [-1,-1,-1,-1], "windData": [0,0,0,0] }
																			},
																			"children": [
																				{
																					"name": "L antlerbranch 2",
																					"from": [ 0.0, 1.1, 0.0 ],
																					"to": [ 0.65, 2.6, 0.65 ],
																					"unwrapMode": 4,
																					"uv": [ 40.0, 29.0 ],
																					"rotationOrigin": [ 0.0, 1.3, 0.95 ],
																					"rotationY": 1.0,
																					"rotationZ": 82.0,
																					"faces": {
																						"north": { "texture": "#skin", "uv": [ 40.0, 29.5, 40.5, 31.0 ] },
																						"east": { "texture": "#skin", "uv": [ 41.5, 29.5, 42.0, 31.0 ] },
																						"south": { "texture": "#skin", "uv": [ 41.0, 29.5, 41.5, 31.0 ] },
																						"west": { "texture": "#skin", "uv": [ 40.5, 29.5, 41.0, 31.0 ] },
																						"up": { "texture": "#skin", "uv": [ 40.5, 29.0, 41.0, 29.5 ], "rotation": 90 },
																						"down": { "texture": "#skin", "uv": [ 40.5, 31.0, 41.0, 31.5 ], "rotation": 90 }
																					},
																					"children": [
																						{
																							"name": "L antler branch 2B",
																							"from": [ 0.1, 1.5, 0.1 ],
																							"to": [ 0.6, 3.0, 0.6 ],
																							"unwrapMode": 4,
																							"uv": [ 40.0, 24.0 ],
																							"rotationOrigin": [ 0.1, 1.5, 0.55 ],
																							"rotationX": -15.0,
																							"rotationZ": -25.0,
																							"faces": {
																								"north": { "texture": "#skin", "uv": [ 40.0, 24.5, 40.5, 26.0 ] },
																								"east": { "texture": "#skin", "uv": [ 41.5, 24.5, 42.0, 26.0 ] },
																								"south": { "texture": "#skin", "uv": [ 41.0, 24.5, 41.5, 26.0 ] },
																								"west": { "texture": "#skin", "uv": [ 40.5, 24.5, 41.0, 26.0 ] },
																								"up": { "texture": "#skin", "uv": [ 40.5, 24.0, 41.0, 24.5 ], "rotation": 90 },
																								"down": { "texture": "#skin", "uv": [ 40.5, 26.0, 41.0, 26.5 ], "rotation": 90 }
																							},
																							"children": [
																								{
																									"name": "L antler branch 2C",
																									"from": [ 0.1, 1.5, 0.1 ],
																									"to": [ 0.4, 2.5, 0.4 ],
																									"unwrapMode": 4,
																									"uv": [ 40.0, 21.0 ],
																									"rotationOrigin": [ 0.1, 1.5, 0.4 ],
																									"rotationZ": -20.0,
																									"faces": {
																										"north": { "texture": "#skin", "uv": [ 40.0, 21.5, 40.5, 22.5 ] },
																										"east": { "texture": "#skin", "uv": [ 41.5, 21.5, 42.0, 22.5 ] },
																										"south": { "texture": "#skin", "uv": [ 41.0, 21.5, 41.5, 22.5 ] },
																										"west": { "texture": "#skin", "uv": [ 40.5, 21.5, 41.0, 22.5 ] },
																										"up": { "texture": "#skin", "uv": [ 40.5, 21.0, 41.0, 21.5 ], "rotation": 90 },
																										"down": { "texture": "#skin", "uv": [ 40.5, 22.5, 41.0, 23.0 ], "rotation": 90 }
																									}
																								}
																							]
																						},
																						{
																							"name": "L antler branch 2B2",
																							"from": [ 0.1, 1.5, 0.1 ],
																							"to": [ 0.6, 2.6, 0.6 ],
																							"unwrapMode": 4,
																							"uv": [ 40.0, 24.5 ],
																							"rotationOrigin": [ 0.6, 1.5, 0.55 ],
																							"rotationX": -15.0,
																							"rotationY": 5.0,
																							"rotationZ": 45.0,
																							"faces": {
																								"north": { "texture": "#skin", "uv": [ 40.0, 25.0, 40.5, 26.0 ] },
																								"east": { "texture": "#skin", "uv": [ 41.5, 25.0, 42.0, 26.0 ] },
																								"south": { "texture": "#skin", "uv": [ 41.0, 25.0, 41.5, 26.0 ] },
																								"west": { "texture": "#skin", "uv": [ 40.5, 25.0, 41.0, 26.0 ] },
																								"up": { "texture": "#skin", "uv": [ 40.5, 24.5, 41.0, 25.0 ], "rotation": 90 },
																								"down": { "texture": "#skin", "uv": [ 40.5, 26.0, 41.0, 26.5 ], "rotation": 90 }
																							},
																							"children": [
																								{
																									"name": "L antler branch 2C2",
																									"from": [ 0.1, 1.1, 0.1 ],
																									"to": [ 0.4, 2.1, 0.4 ],
																									"unwrapMode": 4,
																									"uv": [ 40.0, 21.0 ],
																									"rotationOrigin": [ 0.4, 1.1, 0.4 ],
																									"rotationZ": 35.0,
																									"faces": {
																										"north": { "texture": "#skin", "uv": [ 40.0, 21.5, 40.5, 22.5 ] },
																										"east": { "texture": "#skin", "uv": [ 41.5, 21.5, 42.0, 22.5 ] },
																										"south": { "texture": "#skin", "uv": [ 41.0, 21.5, 41.5, 22.5 ] },
																										"west": { "texture": "#skin", "uv": [ 40.5, 21.5, 41.0, 22.5 ] },
																										"up": { "texture": "#skin", "uv": [ 40.5, 21.0, 41.0, 21.5 ], "rotation": 90 },
																										"down": { "texture": "#skin", "uv": [ 40.5, 22.5, 41.0, 23.0 ], "rotation": 90 }
																									}
																								}
																							]
																						}
																					]
																				},
																				{
																					"name": "L antler branch 1",
																					"from": [ 0.0, 1.6, 0.0 ],
																					"to": [ 0.65, 5.1, 0.65 ],
																					"unwrapMode": 4,
																					"uv": [ 35.5, 24.0 ],
																					"rotationOrigin": [ 0.0, 1.6, 0.0 ],
																					"rotationY": 1.0,
																					"rotationZ": -25.0,
																					"faces": {
																						"north": { "texture": "#skin", "uv": [ 35.5, 24.5, 36.0, 28.0 ] },
																						"east": { "texture": "#skin", "uv": [ 37.0, 24.5, 37.5, 28.0 ] },
																						"south": { "texture": "#skin", "uv": [ 36.5, 24.5, 37.0, 28.0 ] },
																						"west": { "texture": "#skin", "uv": [ 36.0, 24.5, 36.5, 28.0 ] },
																						"up": { "texture": "#skin", "uv": [ 36.0, 24.0, 36.5, 24.5 ], "rotation": 90 }
																					},
																					"children": [
																						{
																							"name": "L antler branch 1b",
																							"from": [ 0.05, 3.5, 0.05 ],
																							"to": [ 0.65, 6.0, 0.65 ],
																							"unwrapMode": 4,
																							"uv": [ 40.0, 21.0 ],
																							"rotationOrigin": [ 0.6, 3.5, 0.65 ],
																							"rotationX": -15.0,
																							"rotationZ": 25.0,
																							"faces": {
																								"north": { "texture": "#skin", "uv": [ 40.0, 21.5, 40.5, 24.0 ] },
																								"east": { "texture": "#skin", "uv": [ 41.5, 21.5, 42.0, 24.0 ] },
																								"south": { "texture": "#skin", "uv": [ 41.0, 21.5, 41.5, 24.0 ] },
																								"west": { "texture": "#skin", "uv": [ 40.5, 21.5, 41.0, 24.0 ] },
																								"up": { "texture": "#skin", "uv": [ 40.5, 21.0, 41.0, 21.5 ], "rotation": 90 },
																								"down": { "texture": "#skin", "uv": [ 40.5, 24.0, 41.0, 24.5 ], "rotation": 90 }
																							},
																							"children": [
																								{
																									"name": "L antler point 3",
																									"from": [ 0.1, 2.4, 0.05 ],
																									"to": [ 0.6, 4.9, 0.55 ],
																									"unwrapMode": 4,
																									"uv": [ 40.0, 15.0 ],
																									"rotationOrigin": [ 0.1, 2.4, 0.55 ],
																									"rotationX": -5.0,
																									"rotationY": -5.0,
																									"rotationZ": 15.0,
																									"faces": {
																										"north": { "texture": "#skin", "uv": [ 40.0, 15.5, 40.5, 18.0 ] },
																										"east": { "texture": "#skin", "uv": [ 41.5, 15.5, 42.0, 18.0 ] },
																										"south": { "texture": "#skin", "uv": [ 41.0, 15.5, 41.5, 18.0 ] },
																										"west": { "texture": "#skin", "uv": [ 40.5, 15.5, 41.0, 18.0 ] },
																										"up": { "texture": "#skin", "uv": [ 40.5, 15.0, 41.0, 15.5 ], "rotation": 90 },
																										"down": { "texture": "#skin", "uv": [ 40.5, 18.0, 41.0, 18.5 ], "rotation": 90 }
																									},
																									"children": [
																										{
																											"name": "L antler point 3B",
																											"from": [ 0.1, 2.5, 0.1 ],
																											"to": [ 0.4, 5.0, 0.4 ],
																											"unwrapMode": 4,
																											"uv": [ 40.0, 11.5 ],
																											"rotationOrigin": [ 0.4, 2.5, 0.4 ],
																											"rotationX": -10.0,
																											"rotationZ": 4.0,
																											"faces": {
																												"north": { "texture": "#skin", "uv": [ 40.0, 12.0, 40.5, 14.5 ] },
																												"east": { "texture": "#skin", "uv": [ 41.5, 12.0, 42.0, 14.5 ] },
																												"south": { "texture": "#skin", "uv": [ 41.0, 12.0, 41.5, 14.5 ] },
																												"west": { "texture": "#skin", "uv": [ 40.5, 12.0, 41.0, 14.5 ] },
																												"up": { "texture": "#skin", "uv": [ 40.5, 11.5, 41.0, 12.0 ], "rotation": 90 },
																												"down": { "texture": "#skin", "uv": [ 40.5, 14.5, 41.0, 15.0 ], "rotation": 90 }
																											}
																										}
																									]
																								},
																								{
																									"name": "L antler point 4",
																									"from": [ 0.0, 0.6, 0.05 ],
																									"to": [ 0.5, 4.1, 0.55 ],
																									"unwrapMode": 4,
																									"uv": [ 40.0, 15.0 ],
																									"rotationOrigin": [ 0.0, 0.6, 0.55 ],
																									"rotationX": -5.0,
																									"rotationY": -5.0,
																									"rotationZ": 30.0,
																									"faces": {
																										"north": { "texture": "#skin", "uv": [ 40.0, 15.5, 40.5, 19.0 ] },
																										"east": { "texture": "#skin", "uv": [ 41.5, 15.5, 42.0, 19.0 ] },
																										"south": { "texture": "#skin", "uv": [ 41.0, 15.5, 41.5, 19.0 ] },
																										"west": { "texture": "#skin", "uv": [ 40.5, 15.5, 41.0, 19.0 ] },
																										"up": { "texture": "#skin", "uv": [ 40.5, 15.0, 41.0, 15.5 ], "rotation": 90 },
																										"down": { "texture": "#skin", "uv": [ 40.5, 19.0, 41.0, 19.5 ], "rotation": 90 }
																									},
																									"children": [
																										{
																											"name": "L antler point 4B",
																											"from": [ 0.1, 3.5, 0.1 ],
																											"to": [ 0.4, 6.0, 0.4 ],
																											"unwrapMode": 4,
																											"uv": [ 40.0, 11.5 ],
																											"rotationOrigin": [ 0.4, 3.5, 0.4 ],
																											"rotationX": -10.0,
																											"rotationZ": 4.0,
																											"faces": {
																												"north": { "texture": "#skin", "uv": [ 40.0, 12.0, 40.5, 14.5 ] },
																												"east": { "texture": "#skin", "uv": [ 41.5, 12.0, 42.0, 14.5 ] },
																												"south": { "texture": "#skin", "uv": [ 41.0, 12.0, 41.5, 14.5 ] },
																												"west": { "texture": "#skin", "uv": [ 40.5, 12.0, 41.0, 14.5 ] },
																												"up": { "texture": "#skin", "uv": [ 40.5, 11.5, 41.0, 12.0 ], "rotation": 90 },
																												"down": { "texture": "#skin", "uv": [ 40.5, 14.5, 41.0, 15.0 ], "rotation": 90 }
																											}
																										}
																									]
																								}
																							]
																						},
																						{
																							"name": "L antler point 2",
																							"from": [ 0.0, 0.85, 0.1 ],
																							"to": [ 0.5, 2.85, 0.6 ],
																							"unwrapMode": 4,
																							"uv": [ 40.0, 21.0 ],
																							"rotationOrigin": [ 0.0, 0.85, 0.6 ],
																							"rotationX": -25.0,
																							"rotationZ": 65.0,
																							"faces": {
																								"north": { "texture": "#skin", "uv": [ 40.0, 21.5, 40.5, 23.5 ] },
																								"east": { "texture": "#skin", "uv": [ 41.5, 21.5, 42.0, 23.5 ] },
																								"south": { "texture": "#skin", "uv": [ 41.0, 21.5, 41.5, 23.5 ] },
																								"west": { "texture": "#skin", "uv": [ 40.5, 21.5, 41.0, 23.5 ] },
																								"up": { "texture": "#skin", "uv": [ 40.5, 21.0, 41.0, 21.5 ], "rotation": 90 },
																								"down": { "texture": "#skin", "uv": [ 40.5, 23.5, 41.0, 24.0 ], "rotation": 90 }
																							},
																							"children": [
																								{
																									"name": "L antler point 2b",
																									"from": [ 0.1, 2.0, 0.1 ],
																									"to": [ 0.4, 3.5, 0.4 ],
																									"unwrapMode": 4,
																									"uv": [ 40.0, 15.0 ],
																									"rotationOrigin": [ 0.4, 2.0, 0.1 ],
																									"rotationZ": 15.0,
																									"faces": {
																										"north": { "texture": "#skin", "uv": [ 40.0, 15.5, 40.5, 17.0 ] },
																										"east": { "texture": "#skin", "uv": [ 41.5, 15.5, 42.0, 17.0 ] },
																										"south": { "texture": "#skin", "uv": [ 41.0, 15.5, 41.5, 17.0 ] },
																										"west": { "texture": "#skin", "uv": [ 40.5, 15.5, 41.0, 17.0 ] },
																										"up": { "texture": "#skin", "uv": [ 40.5, 15.0, 41.0, 15.5 ], "rotation": 90 },
																										"down": { "texture": "#skin", "uv": [ 40.5, 17.0, 41.0, 17.5 ], "rotation": 90 }
																									}
																								}
																							]
																						}
																					]
																				}
																			]
																		}
																	]
																}
															]
														}
													]
												}
											]
										},
										{
											"name": "L Shoulder",
											"from": [ -1.3, 1.0, 5.4 ],
											"to": [ 2.3, 8.0, 7.3 ],
											"unwrapMode": 3,
											"uv": [ 42.5, 0.5 ],
											"rotationOrigin": [ 1.7, 6.0, 6.6 ],
											"rotationX": 3.0,
											"rotationZ": -27.0,
											"faces": {
												"north": { "texture": "#skin", "uv": [ 49.0, 2.0, 52.5, 9.0 ] },
												"east": { "texture": "#skin", "uv": [ 47.5, 2.0, 49.0, 9.0 ] },
												"south": { "texture": "#skin", "uv": [ 44.0, 2.0, 47.5, 9.0 ] },
												"west": { "texture": "#skin", "uv": [ 42.5, 2.0, 44.0, 9.0 ] },
												"up": { "texture": "#skin", "uv": [ 44.0, 0.5, 47.5, 2.0 ], "windMode": [-1,-1,-1,-1] },
												"down": { "texture": "#skin", "uv": [ 44.0, 9.0, 47.5, 10.5 ], "rotation": 180 }
											},
											"children": [
												{
													"name": "L ArmUp",
													"from": [ 0.0, 0.0, -0.2 ],
													"to": [ 5.0, 2.0, 1.7 ],
													"unwrapMode": 3,
													"autoUnwrap": false,
													"uv": [ 1.0, 23.0 ],
													"rotationOrigin": [ 0.0, 0.0, 1.0 ],
													"rotationZ": -27.0,
													"faces": {
														"north": { "texture": "#skin", "uv": [ 2.5, 28.0, 7.5, 30.0 ] },
														"east": { "texture": "#skin", "uv": [ 7.5, 24.5, 9.0, 26.5 ] },
														"south": { "texture": "#skin", "uv": [ 2.5, 24.5, 7.5, 26.5 ] },
														"west": { "texture": "#skin", "uv": [ 1.0, 24.5, 2.5, 26.5 ] },
														"up": { "texture": "#skin", "uv": [ 2.5, 23.0, 7.5, 24.5 ], "windMode": [-1,-1,-1,-1] },
														"down": { "texture": "#skin", "uv": [ 2.5, 26.5, 7.5, 28.0 ], "rotation": 180 }
													},
													"children": [
														{
															"name": "L ArmMid",
															"from": [ 3.3, -5.2, 0.25 ],
															"to": [ 5.3, 1.8, 1.65 ],
															"unwrapMode": 3,
															"uv": [ 43.5, 11.0 ],
															"rotationOrigin": [ 4.9, 1.4037, 0.95 ],
															"rotationZ": -31.0041,
															"faces": {
																"north": { "texture": "#skin", "uv": [ 47.5, 12.0, 49.5, 19.0 ] },
																"east": { "texture": "#skin", "uv": [ 46.5, 12.0, 47.5, 19.0 ] },
																"south": { "texture": "#skin", "uv": [ 44.5, 12.0, 46.5, 19.0 ] },
																"west": { "texture": "#skin", "uv": [ 43.5, 12.0, 44.5, 19.0 ] },
																"up": { "texture": "#skin", "uv": [ 44.5, 11.0, 46.5, 12.0 ] },
																"down": { "texture": "#skin", "uv": [ 44.5, 19.0, 46.5, 20.0 ], "rotation": 180 }
															},
															"children": [
																{
																	"name": "L ArmLow",
																	"from": [ 0.3, -4.8, 0.1 ],
																	"to": [ 1.5, 1.2, 1.3 ],
																	"unwrapMode": 3,
																	"uv": [ 44.0, 20.5 ],
																	"rotationOrigin": [ 1.2, 0.6, 0.7 ],
																	"rotationX": -3.0,
																	"rotationZ": 71.0,
																	"faces": {
																		"north": { "texture": "#skin", "uv": [ 47.0, 21.5, 48.0, 27.5 ] },
																		"east": { "texture": "#skin", "uv": [ 46.0, 21.5, 47.0, 27.5 ] },
																		"south": { "texture": "#skin", "uv": [ 45.0, 21.5, 46.0, 27.5 ] },
																		"west": { "texture": "#skin", "uv": [ 44.0, 21.5, 45.0, 27.5 ] },
																		"up": { "texture": "#skin", "uv": [ 45.0, 20.5, 46.0, 21.5 ] },
																		"down": { "texture": "#skin", "uv": [ 45.0, 27.5, 46.0, 28.5 ], "rotation": 180 }
																	},
																	"children": [
																		{
																			"name": "L Front Pastern",
																			"from": [ 0.1, -1.9, 0.05 ],
																			"to": [ 1.1, 0.6, 1.15 ],
																			"unwrapMode": 3,
																			"uv": [ 44.0, 29.0 ],
																			"rotationOrigin": [ 0.2, 1.0, 0.6 ],
																			"rotationX": -1.0,
																			"rotationZ": 9.0,
																			"faces": {
																				"north": { "texture": "#skin", "uv": [ 47.0, 30.0, 48.0, 32.5 ] },
																				"east": { "texture": "#skin", "uv": [ 46.0, 30.0, 47.0, 32.5 ] },
																				"south": { "texture": "#skin", "uv": [ 45.0, 30.0, 46.0, 32.5 ] },
																				"west": { "texture": "#skin", "uv": [ 44.0, 30.0, 45.0, 32.5 ] },
																				"up": { "texture": "#skin", "uv": [ 45.0, 29.0, 46.0, 30.0 ] },
																				"down": { "texture": "#skin", "uv": [ 45.0, 32.5, 46.0, 33.5 ], "rotation": 180 }
																			},
																			"children": [
																				{
																					"name": "L Front Hoof",
																					"from": [ 0.6, 0.7, 0.65 ],
																					"to": [ 0.6, 0.7, 0.65 ],
																					"uv": [ 0.0, 0.0 ],
																					"rotationOrigin": [ 0.6, 0.7, 0.6 ],
																					"rotationZ": 21.0,
																					"faces": {
																					},
																					"children": [
																						{
																							"name": "L Front Hoof1",
																							"from": [ -2.0, -0.6, -0.6 ],
																							"to": [ -0.5, 0.2, 0.4 ],
																							"unwrapMode": 5,
																							"uv": [ 39.5, 59.0 ],
																							"rotationOrigin": [ -0.5, 0.1, 0.4 ],
																							"rotationY": 0.05,
																							"rotationZ": 50.0,
																							"faces": {
																								"north": { "texture": "#skin", "uv": [ 40.0, 59.0, 41.5, 59.5 ], "rotation": 180 },
																								"east": { "texture": "#skin", "uv": [ 41.5, 59.5, 42.0, 60.5 ], "rotation": 90 },
																								"south": { "texture": "#skin", "uv": [ 40.0, 60.5, 41.5, 61.0 ] },
																								"west": { "texture": "#skin", "uv": [ 39.5, 59.5, 40.0, 60.5 ], "rotation": 270 },
																								"up": { "texture": "#skin", "uv": [ 40.0, 59.5, 41.5, 60.5 ] },
																								"down": { "texture": "#skin", "uv": [ 42.0, 59.5, 43.5, 60.5 ] }
																							}
																						},
																						{
																							"name": "L Front Hoof2",
																							"from": [ -1.4, -0.8, -0.61 ],
																							"to": [ 0.1, -0.2, 0.39 ],
																							"unwrapMode": 5,
																							"uv": [ 39.5, 61.5 ],
																							"rotationOrigin": [ 0.2, -0.2, 0.3 ],
																							"rotationZ": 27.0,
																							"faces": {
																								"north": { "texture": "#skin", "uv": [ 40.0, 61.5, 41.5, 62.0 ], "rotation": 180 },
																								"east": { "texture": "#skin", "uv": [ 41.5, 62.0, 42.0, 63.0 ], "rotation": 90 },
																								"south": { "texture": "#skin", "uv": [ 40.0, 63.0, 41.5, 63.5 ] },
																								"west": { "texture": "#skin", "uv": [ 39.5, 62.0, 40.0, 63.0 ], "rotation": 270 },
																								"up": { "texture": "#skin", "uv": [ 40.0, 62.0, 41.5, 63.0 ] },
																								"down": { "texture": "#skin", "uv": [ 42.0, 62.0, 43.5, 63.0 ] }
																							}
																						}
																					]
																				}
																			]
																		}
																	]
																}
															]
														}
													]
												}
											]
										},
										{
											"name": "R Shoulder",
											"from": [ 0.7, 2.0, -0.9 ],
											"to": [ 4.3, 9.0, 1.0 ],
											"unwrapMode": 1,
											"uv": [ 53.5, 0.5 ],
											"rotationOrigin": [ 1.7, 6.0, -0.2 ],
											"rotationX": -3.0,
											"rotationZ": -32.0,
											"faces": {
												"north": { "texture": "#skin", "uv": [ 55.0, 2.0, 58.5, 9.0 ] },
												"east": { "texture": "#skin", "uv": [ 53.5, 2.0, 55.0, 9.0 ] },
												"south": { "texture": "#skin", "uv": [ 60.0, 2.0, 63.5, 9.0 ] },
												"west": { "texture": "#skin", "uv": [ 58.5, 2.0, 60.0, 9.0 ] },
												"up": { "texture": "#skin", "uv": [ 55.0, 0.5, 58.5, 2.0 ], "rotation": 180 },
												"down": { "texture": "#skin", "uv": [ 55.0, 9.0, 58.5, 10.5 ] }
											},
											"children": [
												{
													"name": "R ArmUp",
													"from": [ 0.0, 0.0, 0.2 ],
													"to": [ 5.0, 2.0, 2.1 ],
													"unwrapMode": 1,
													"autoUnwrap": false,
													"uv": [ 16.5, 23.0 ],
													"rotationOrigin": [ 0.0, 0.0, 0.9 ],
													"rotationZ": 4.0,
													"faces": {
														"north": { "texture": "#skin", "uv": [ 18.0, 24.5, 23.0, 26.5 ] },
														"east": { "texture": "#skin", "uv": [ 16.5, 24.5, 18.0, 26.5 ] },
														"south": { "texture": "#skin", "uv": [ 18.0, 28.0, 23.0, 30.0 ] },
														"west": { "texture": "#skin", "uv": [ 23.0, 24.5, 24.5, 26.5 ] },
														"up": { "texture": "#skin", "uv": [ 18.0, 23.0, 23.0, 24.5 ], "rotation": 180 },
														"down": { "texture": "#skin", "uv": [ 18.0, 26.5, 23.0, 28.0 ] }
													},
													"children": [
														{
															"name": "R ArmMid",
															"from": [ 3.3, -5.2, 0.25 ],
															"to": [ 5.3, 1.8, 1.65 ],
															"unwrapMode": 1,
															"uv": [ 54.5, 11.0 ],
															"rotationOrigin": [ 4.9, 1.4, 0.95 ],
															"rotationZ": -26.0041,
															"faces": {
																"north": { "texture": "#skin", "uv": [ 55.5, 12.0, 57.5, 19.0 ] },
																"east": { "texture": "#skin", "uv": [ 54.5, 12.0, 55.5, 19.0 ] },
																"south": { "texture": "#skin", "uv": [ 58.5, 12.0, 60.5, 19.0 ] },
																"west": { "texture": "#skin", "uv": [ 57.5, 12.0, 58.5, 19.0 ] },
																"up": { "texture": "#skin", "uv": [ 55.5, 11.0, 57.5, 12.0 ], "rotation": 180 },
																"down": { "texture": "#skin", "uv": [ 55.5, 19.0, 57.5, 20.0 ] }
															},
															"children": [
																{
																	"name": "R ArmLow",
																	"from": [ 0.3, -4.8, 0.1 ],
																	"to": [ 1.5, 1.2, 1.3 ],
																	"unwrapMode": 1,
																	"uv": [ 55.0, 20.5 ],
																	"rotationOrigin": [ 1.2, 0.6, 0.7 ],
																	"rotationX": 3.0,
																	"rotationZ": 40.0,
																	"faces": {
																		"north": { "texture": "#skin", "uv": [ 56.0, 21.5, 57.0, 27.5 ] },
																		"east": { "texture": "#skin", "uv": [ 55.0, 21.5, 56.0, 27.5 ] },
																		"south": { "texture": "#skin", "uv": [ 58.0, 21.5, 59.0, 27.5 ] },
																		"west": { "texture": "#skin", "uv": [ 57.0, 21.5, 58.0, 27.5 ] },
																		"up": { "texture": "#skin", "uv": [ 56.0, 20.5, 57.0, 21.5 ], "rotation": 180 },
																		"down": { "texture": "#skin", "uv": [ 56.0, 27.5, 57.0, 28.5 ] }
																	},
																	"children": [
																		{
																			"name": "R Front Pastern",
																			"from": [ 0.1, -1.9, 0.05 ],
																			"to": [ 1.1, 0.6, 1.15 ],
																			"unwrapMode": 1,
																			"uv": [ 55.0, 29.0 ],
																			"rotationOrigin": [ 0.2, 1.0, 0.6 ],
																			"rotationX": -1.0,
																			"rotationZ": 34.0,
																			"faces": {
																				"north": { "texture": "#skin", "uv": [ 56.0, 30.0, 57.0, 32.5 ] },
																				"east": { "texture": "#skin", "uv": [ 55.0, 30.0, 56.0, 32.5 ] },
																				"south": { "texture": "#skin", "uv": [ 58.0, 30.0, 59.0, 32.5 ] },
																				"west": { "texture": "#skin", "uv": [ 57.0, 30.0, 58.0, 32.5 ] },
																				"up": { "texture": "#skin", "uv": [ 56.0, 29.0, 57.0, 30.0 ], "rotation": 180 },
																				"down": { "texture": "#skin", "uv": [ 56.0, 32.5, 57.0, 33.5 ] }
																			},
																			"children": [
																				{
																					"name": "R Front Hoof",
																					"from": [ 0.6, 0.7, 0.65 ],
																					"to": [ 0.6, 0.7, 0.65 ],
																					"uv": [ 0.0, 0.0 ],
																					"rotationOrigin": [ 0.6, 0.7, 0.6 ],
																					"rotationZ": 24.0,
																					"faces": {
																					},
																					"children": [
																						{
																							"name": "R Front Hoof1",
																							"from": [ -2.0, -0.6, -0.6 ],
																							"to": [ -0.5, 0.2, 0.4 ],
																							"unwrapMode": 5,
																							"uv": [ 44.0, 59.0 ],
																							"rotationOrigin": [ -0.5, 0.1, 0.4 ],
																							"rotationY": -0.5,
																							"rotationZ": 50.0,
																							"faces": {
																								"north": { "texture": "#skin", "uv": [ 44.5, 59.0, 46.0, 59.5 ], "rotation": 180 },
																								"east": { "texture": "#skin", "uv": [ 46.0, 59.5, 46.5, 60.5 ], "rotation": 90 },
																								"south": { "texture": "#skin", "uv": [ 44.5, 60.5, 46.0, 61.0 ] },
																								"west": { "texture": "#skin", "uv": [ 44.0, 59.5, 44.5, 60.5 ], "rotation": 270 },
																								"up": { "texture": "#skin", "uv": [ 44.5, 59.5, 46.0, 60.5 ] },
																								"down": { "texture": "#skin", "uv": [ 46.5, 59.5, 48.0, 60.5 ] }
																							}
																						},
																						{
																							"name": "R Front Hoof2",
																							"from": [ -1.4, -0.8031, -0.61 ],
																							"to": [ 0.1, -0.2031, 0.39 ],
																							"unwrapMode": 5,
																							"uv": [ 44.0, 61.5 ],
																							"rotationOrigin": [ 0.2, -0.2031, 0.3 ],
																							"rotationZ": 27.0,
																							"faces": {
																								"north": { "texture": "#skin", "uv": [ 44.5, 61.5, 46.0, 62.0 ], "rotation": 180 },
																								"east": { "texture": "#skin", "uv": [ 46.0, 62.0, 46.5, 63.0 ], "rotation": 90 },
																								"south": { "texture": "#skin", "uv": [ 44.5, 63.0, 46.0, 63.5 ] },
																								"west": { "texture": "#skin", "uv": [ 44.0, 62.0, 44.5, 63.0 ], "rotation": 270 },
																								"up": { "texture": "#skin", "uv": [ 44.5, 62.0, 46.0, 63.0 ] },
																								"down": { "texture": "#skin", "uv": [ 46.5, 62.0, 48.0, 63.0 ] }
																							}
																						}
																					]
																				}
																			]
																		}
																	]
																}
															]
														}
													]
												}
											]
										}
									],
									"attachmentpoints": [
										{
											"code": "Center",
											"posX": "9.5","posY": "4.5","posZ": "5.0",
											"rotationX": "0.0","rotationY": "0.0","rotationZ": "0.0"
										}
									]
								}
							]
						}
					]
				}
			]
		}
	]}