{
	"editor": {
		"allAngles": false,
		"entityTextureMode": false
	},
	"textureWidth": 16,
	"textureHeight": 16,
	"textureSizes": {
	},
	"textures": {
		"gold": "game:block/metal/ingot/gold",
		"plain": "block/glass/smoky2"
	},
	"elements": [
		{
			"name": "Glasses-nasal",
			"stepParentName": "Head",
			"from": [ -0.2, 2.4, 2.2 ], 
			"to": [ -0.1, 2.5, 2.8 ], 
			"rotationOrigin": [ -0.2, 2.4, 2.5 ],
			"faces": {
				"north": { "texture": "#gold", "uv": [ 0.0, 0.0, 0.5, 0.5 ] },
				"east": { "texture": "#gold", "uv": [ 0.0, 0.0, 0.5, 0.5 ] },
				"south": { "texture": "#gold", "uv": [ 0.0, 0.0, 0.5, 0.5 ] },
				"west": { "texture": "#gold", "uv": [ 0.0, 0.0, 0.5, 0.5 ] },
				"up": { "texture": "#gold", "uv": [ 0.0, 0.0, 0.5, 0.5 ] },
				"down": { "texture": "#gold", "uv": [ 0.0, 0.0, 0.5, 0.5 ] }
			},
			"children": [
				{
					"name": "Lens-R",
					"from": [ 0.0, -0.5, -1.5 ], 
					"to": [ 0.1, 0.3, 0.0 ], 
					"rotationOrigin": [ 0.0, -0.5, -1.3 ],
					"faces": {
						"north": { "texture": "#plain", "uv": [ 0.0, 0.0, 0.5, 0.5 ] },
						"east": { "texture": "#plain", "uv": [ 0.0, 0.0, 0.5, 0.5 ], "autoUv": false },
						"south": { "texture": "#plain", "uv": [ 0.0, 0.0, 0.5, 0.5 ] },
						"west": { "texture": "#plain", "uv": [ 0.0, 0.0, 0.5, 0.5 ], "autoUv": false },
						"up": { "texture": "#plain", "uv": [ 0.0, 0.0, 0.5, 0.5 ], "autoUv": false },
						"down": { "texture": "#plain", "uv": [ 0.0, 0.0, 0.5, 0.5 ], "autoUv": false, "windMode": [-1,-1,-1,-1] }
					}
				},
				{
					"name": "Lens-L",
					"from": [ 0.0, -0.5, 0.6 ], 
					"to": [ 0.1, 0.3, 2.1 ], 
					"rotationOrigin": [ 0.0, -0.5, 1.9 ],
					"faces": {
						"north": { "texture": "#plain", "uv": [ 0.0, 0.0, 0.5, 0.5 ] },
						"east": { "texture": "#plain", "uv": [ 0.0, 0.0, 0.5, 0.5 ], "autoUv": false },
						"south": { "texture": "#plain", "uv": [ 0.0, 0.0, 0.5, 0.5 ] },
						"west": { "texture": "#plain", "uv": [ 0.0, 0.0, 0.5, 0.5 ], "autoUv": false },
						"up": { "texture": "#plain", "uv": [ 0.0, 0.0, 0.5, 0.5 ], "autoUv": false },
						"down": { "texture": "#plain", "uv": [ 0.0, 0.0, 0.5, 0.5 ], "autoUv": false, "windMode": [-1,-1,-1,-1] }
					}
				},
				{
					"name": "Face-R",
					"from": [ 0.0, 0.0, -2.3 ], 
					"to": [ 0.1, 0.1, -1.5 ], 
					"rotationOrigin": [ 0.0, 0.0, -2.1 ],
					"faces": {
						"north": { "texture": "#gold", "uv": [ 0.0, 0.0, 0.5, 0.5 ] },
						"east": { "texture": "#gold", "uv": [ 0.0, 0.0, 0.5, 0.5 ], "enabled": false },
						"south": { "texture": "#gold", "uv": [ 0.0, 0.0, 0.5, 0.5 ], "enabled": false },
						"west": { "texture": "#gold", "uv": [ 0.0, 0.0, 0.5, 0.5 ] },
						"up": { "texture": "#gold", "uv": [ 0.0, 0.0, 0.5, 0.5 ] },
						"down": { "texture": "#gold", "uv": [ 0.0, 0.0, 0.5, 0.5 ] }
					},
					"children": [
						{
							"name": "Ear-R",
							"from": [ 0.1, 0.0, 0.0 ], 
							"to": [ 4.1, 0.1, 0.1 ], 
							"rotationOrigin": [ 0.1, 0.0, 0.0 ],
							"faces": {
								"north": { "texture": "#gold", "uv": [ 0.0, 0.0, 4.0, 0.5 ] },
								"east": { "texture": "#gold", "uv": [ 0.0, 0.0, 0.5, 0.5 ] },
								"south": { "texture": "#gold", "uv": [ 0.0, 0.0, 4.0, 0.5 ], "enabled": false },
								"west": { "texture": "#gold", "uv": [ 0.0, 0.0, 0.5, 0.5 ], "enabled": false },
								"up": { "texture": "#gold", "uv": [ 0.0, 0.0, 4.0, 0.5 ] },
								"down": { "texture": "#gold", "uv": [ 0.0, 0.0, 4.0, 0.5 ] }
							}
						}
					]
				},
				{
					"name": "Face-L",
					"from": [ 0.0, 0.0, 2.1 ], 
					"to": [ 0.1, 0.1, 2.9 ], 
					"rotationOrigin": [ 0.0, 0.0, 2.3 ],
					"faces": {
						"north": { "texture": "#gold", "uv": [ 0.0, 0.0, 0.5, 0.5 ], "enabled": false },
						"east": { "texture": "#gold", "uv": [ 0.0, 0.0, 0.5, 0.5 ], "enabled": false },
						"south": { "texture": "#gold", "uv": [ 0.0, 0.0, 0.5, 0.5 ], "windMode": [-1,-1,-1,-1] },
						"west": { "texture": "#gold", "uv": [ 0.0, 0.0, 0.5, 0.5 ] },
						"up": { "texture": "#gold", "uv": [ 0.0, 0.0, 0.5, 0.5 ] },
						"down": { "texture": "#gold", "uv": [ 0.0, 0.0, 0.5, 0.5 ] }
					},
					"children": [
						{
							"name": "Ear-L",
							"from": [ 0.1, 0.0, 0.7 ], 
							"to": [ 4.1, 0.1, 0.8 ], 
							"rotationOrigin": [ 0.1, 0.0, 0.7 ],
							"faces": {
								"north": { "texture": "#gold", "uv": [ 0.0, 0.0, 4.0, 0.5 ], "enabled": false },
								"east": { "texture": "#gold", "uv": [ 0.0, 0.0, 0.5, 0.5 ] },
								"south": { "texture": "#gold", "uv": [ 0.0, 0.0, 4.0, 0.5 ] },
								"west": { "texture": "#gold", "uv": [ 0.0, 0.0, 0.5, 0.5 ], "enabled": false },
								"up": { "texture": "#gold", "uv": [ 0.0, 0.0, 4.0, 0.5 ] },
								"down": { "texture": "#gold", "uv": [ 0.0, 0.0, 4.0, 0.5 ] }
							}
						}
					]
				},
				{
					"name": "Lens-R8",
					"from": [ 0.0, -0.6, -1.4 ], 
					"to": [ 0.1, -0.5, -0.1 ], 
					"rotationOrigin": [ 0.0, -0.6, -1.2 ],
					"faces": {
						"north": { "texture": "#plain", "uv": [ 0.0, 0.0, 0.5, 0.5 ] },
						"east": { "texture": "#plain", "uv": [ 0.0, 0.0, 0.5, 0.5 ], "autoUv": false },
						"south": { "texture": "#plain", "uv": [ 0.0, 0.0, 0.5, 0.5 ] },
						"west": { "texture": "#plain", "uv": [ 0.0, 0.0, 0.5, 0.5 ], "autoUv": false },
						"up": { "texture": "#plain", "uv": [ 0.0, 0.0, 0.5, 0.5 ], "enabled": false, "autoUv": false },
						"down": { "texture": "#null", "uv": [ 0.0, 0.0, 0.5, 1.0 ], "enabled": false }
					}
				},
				{
					"name": "Lens-L9",
					"from": [ 0.0, -0.6, 0.7 ], 
					"to": [ 0.1, -0.5, 2.0 ], 
					"rotationOrigin": [ 0.0, -0.6, 2.0 ],
					"faces": {
						"north": { "texture": "#plain", "uv": [ 0.0, 0.0, 0.5, 0.5 ] },
						"east": { "texture": "#plain", "uv": [ 0.0, 0.0, 0.5, 0.5 ], "autoUv": false },
						"south": { "texture": "#plain", "uv": [ 0.0, 0.0, 0.5, 0.5 ] },
						"west": { "texture": "#plain", "uv": [ 0.0, 0.0, 0.5, 0.5 ], "autoUv": false },
						"up": { "texture": "#plain", "uv": [ 0.0, 0.0, 0.5, 0.5 ], "enabled": false, "autoUv": false },
						"down": { "texture": "#null", "uv": [ 0.0, 0.0, 0.5, 1.0 ], "enabled": false }
					}
				}
			]
		}
	]}