{
	"editor": {
		"backDropShape": "entity/bovinae/bubalusarnee/male",
		"allAngles": true,
		"entityTextureMode": true
	},
	"textureWidth": 100,
	"textureHeight": 100,
	"textureSizes": {
		"horn": [100,100]
	},
	"textures": {
		"horn": "entity/bovinae/bubalusarnee-male"
	},
	"elements": [
		{
			"name": "LHorn1",
			"stepParentName": "AntlerBase",
			"from": [ -0.4, 0.4, 1.0 ],
			"to": [ 1.6, 2.9, 2.6 ],
			"unwrapMode": 2,
			"uv": [ 88.0, 40.0 ],
			"rotationOrigin": [ 0.3, 0.4, 1.5 ],
			"rotationX": 83.0,
			"rotationY": 3.0,
			"rotationZ": -15.0,
			"faces": {
				"north": { "texture": "#horn", "uv": [ 91.5, 42.0, 93.5, 44.5 ] },
				"east": { "texture": "#horn", "uv": [ 90.0, 42.0, 91.5, 44.5 ] },
				"south": { "texture": "#horn", "uv": [ 88.0, 42.0, 90.0, 44.5 ] },
				"west": { "texture": "#horn", "uv": [ 93.5, 42.0, 95.0, 44.5 ] },
				"up": { "texture": "#horn", "uv": [ 90.0, 40.0, 91.5, 42.0 ], "rotation": 270 }
			},
			"children": [
				{
					"name": "LHorn2",
					"from": [ 0.0, 2.2, 0.0 ],
					"to": [ 1.8, 3.7, 1.5 ],
					"unwrapMode": 2,
					"uv": [ 88.0, 37.0 ],
					"rotationOrigin": [ 0.8, 2.2, 0.8 ],
					"rotationX": 5.0,
					"rotationY": 6.0,
					"rotationZ": -3.0,
					"faces": {
						"north": { "texture": "#horn", "uv": [ 91.0, 38.5, 92.5, 40.0 ] },
						"east": { "texture": "#horn", "uv": [ 89.5, 38.5, 91.0, 40.0 ] },
						"south": { "texture": "#horn", "uv": [ 88.0, 38.5, 89.5, 40.0 ] },
						"west": { "texture": "#horn", "uv": [ 92.5, 38.5, 94.0, 40.0 ] },
						"up": { "texture": "#horn", "uv": [ 89.5, 37.0, 91.0, 38.5 ], "rotation": 270 }
					},
					"children": [
						{
							"name": "LHorn3",
							"from": [ 0.0, 1.3, 0.1 ],
							"to": [ 1.7, 3.3, 1.4 ],
							"unwrapMode": 2,
							"uv": [ 88.0, 33.5 ],
							"rotationOrigin": [ 0.6, 1.3, 0.8 ],
							"rotationX": 5.0,
							"rotationY": 8.0,
							"rotationZ": -12.0,
							"faces": {
								"north": { "texture": "#horn", "uv": [ 90.5, 35.0, 92.0, 37.0 ] },
								"east": { "texture": "#horn", "uv": [ 89.5, 35.0, 90.5, 37.0 ] },
								"south": { "texture": "#horn", "uv": [ 88.0, 35.0, 89.5, 37.0 ] },
								"west": { "texture": "#horn", "uv": [ 92.0, 35.0, 93.0, 37.0 ] },
								"up": { "texture": "#horn", "uv": [ 89.5, 33.5, 90.5, 35.0 ], "rotation": 270 }
							},
							"children": [
								{
									"name": "LHorn4",
									"from": [ 0.0, 1.6, 0.0 ],
									"to": [ 1.6, 3.6, 1.3 ],
									"unwrapMode": 1,
									"uv": [ 88.0, 31.0 ],
									"rotationOrigin": [ 0.5, 1.6, 0.5 ],
									"rotationY": 8.0,
									"rotationZ": -8.0,
									"faces": {
										"north": { "texture": "#horn", "uv": [ 89.0, 32.0, 90.5, 34.0 ] },
										"east": { "texture": "#horn", "uv": [ 88.0, 32.0, 89.0, 34.0 ] },
										"south": { "texture": "#horn", "uv": [ 91.5, 32.0, 93.0, 34.0 ] },
										"west": { "texture": "#horn", "uv": [ 90.5, 32.0, 91.5, 34.0 ] },
										"up": { "texture": "#horn", "uv": [ 89.0, 31.0, 90.5, 32.0 ], "rotation": 180 }
									},
									"children": [
										{
											"name": "LHorn5",
											"from": [ 0.0, 1.7, 0.0 ],
											"to": [ 1.5, 3.7, 1.0 ],
											"unwrapMode": 3,
											"uv": [ 88.0, 27.5 ],
											"rotationOrigin": [ 0.6, 1.7, 0.6 ],
											"rotationX": -5.0,
											"rotationY": 8.0,
											"rotationZ": -20.0,
											"faces": {
												"north": { "texture": "#horn", "uv": [ 91.5, 28.5, 93.0, 30.5 ] },
												"east": { "texture": "#horn", "uv": [ 90.5, 28.5, 91.5, 30.5 ] },
												"south": { "texture": "#horn", "uv": [ 89.0, 28.5, 90.5, 30.5 ] },
												"west": { "texture": "#horn", "uv": [ 88.0, 28.5, 89.0, 30.5 ] },
												"up": { "texture": "#horn", "uv": [ 89.0, 27.5, 90.5, 28.5 ] }
											},
											"children": [
												{
													"name": "LHorn6",
													"from": [ 0.1, 1.9, 0.1 ],
													"to": [ 1.3, 3.4, 0.9 ],
													"unwrapMode": 3,
													"uv": [ 88.0, 25.0 ],
													"rotationOrigin": [ 0.5, 1.9, 0.5 ],
													"rotationX": -4.0,
													"rotationZ": -20.0,
													"faces": {
														"north": { "texture": "#horn", "uv": [ 90.0, 25.5, 91.0, 27.0 ] },
														"east": { "texture": "#horn", "uv": [ 89.5, 25.5, 90.0, 27.0 ] },
														"south": { "texture": "#horn", "uv": [ 88.5, 25.5, 89.5, 27.0 ] },
														"west": { "texture": "#horn", "uv": [ 88.0, 25.5, 88.5, 27.0 ] },
														"up": { "texture": "#horn", "uv": [ 88.5, 25.0, 89.5, 25.5 ] }
													},
													"children": [
														{
															"name": "LHorn7",
															"from": [ 0.0, 1.4, 0.1 ],
															"to": [ 1.0, 2.9, 0.7 ],
															"unwrapMode": 3,
															"uv": [ 90.5, 22.0 ],
															"rotationOrigin": [ 0.3, 1.4, 0.4 ],
															"rotationX": -2.0,
															"rotationY": -4.0,
															"rotationZ": -16.0,
															"faces": {
																"north": { "texture": "#horn", "uv": [ 92.5, 22.5, 93.5, 24.0 ] },
																"east": { "texture": "#horn", "uv": [ 92.0, 22.5, 92.5, 24.0 ] },
																"south": { "texture": "#horn", "uv": [ 91.0, 22.5, 92.0, 24.0 ] },
																"west": { "texture": "#horn", "uv": [ 90.5, 22.5, 91.0, 24.0 ] },
																"up": { "texture": "#horn", "uv": [ 91.0, 22.0, 92.0, 22.5 ] }
															},
															"children": [
																{
																	"name": "LHorn8",
																	"from": [ 0.1, 1.3, 0.1 ],
																	"to": [ 0.8, 2.8, 0.5 ],
																	"unwrapMode": 3,
																	"uv": [ 90.5, 19.0 ],
																	"rotationOrigin": [ 0.3, 1.3, 0.3 ],
																	"rotationX": -2.0,
																	"rotationY": -4.0,
																	"rotationZ": -16.0,
																	"faces": {
																		"north": { "texture": "#horn", "uv": [ 92.0, 19.5, 92.5, 21.0 ] },
																		"east": { "texture": "#horn", "uv": [ 91.5, 19.5, 92.0, 21.0 ] },
																		"south": { "texture": "#horn", "uv": [ 91.0, 19.5, 91.5, 21.0 ] },
																		"west": { "texture": "#horn", "uv": [ 90.5, 19.5, 91.0, 21.0 ] },
																		"up": { "texture": "#horn", "uv": [ 91.0, 19.0, 91.5, 19.5 ] }
																	}
																}
															]
														}
													]
												}
											]
										}
									]
								}
							]
						}
					]
				}
			]
		},
		{
			"name": "RHorn1",
			"stepParentName": "AntlerBase",
			"from": [ -0.4, 0.3, -2.5 ],
			"to": [ 1.6, 2.8, -0.9 ],
			"unwrapMode": 2,
			"uv": [ 89.5, 40.0 ],
			"rotationOrigin": [ 0.3, 0.3, -1.5 ],
			"rotationX": -83.0,
			"rotationY": -3.0,
			"rotationZ": -15.0,
			"faces": {
				"north": { "texture": "#horn", "uv": [ 93.0, 42.0, 95.0, 44.5 ] },
				"east": { "texture": "#horn", "uv": [ 91.5, 42.0, 93.0, 44.5 ] },
				"south": { "texture": "#horn", "uv": [ 89.5, 42.0, 91.5, 44.5 ] },
				"west": { "texture": "#horn", "uv": [ 95.0, 42.0, 96.5, 44.5 ] },
				"up": { "texture": "#horn", "uv": [ 91.5, 40.0, 93.0, 42.0 ], "rotation": 270 }
			},
			"children": [
				{
					"name": "RHorn2",
					"from": [ 0.0, 2.2, 0.1 ],
					"to": [ 1.8, 3.7, 1.6 ],
					"unwrapMode": 2,
					"uv": [ 89.5, 37.0 ],
					"rotationOrigin": [ 0.8, 2.2, 1.1 ],
					"rotationX": -5.0,
					"rotationY": -6.0,
					"rotationZ": -3.0,
					"faces": {
						"north": { "texture": "#horn", "uv": [ 92.5, 38.5, 94.0, 40.0 ] },
						"east": { "texture": "#horn", "uv": [ 91.0, 38.5, 92.5, 40.0 ] },
						"south": { "texture": "#horn", "uv": [ 89.5, 38.5, 91.0, 40.0 ] },
						"west": { "texture": "#horn", "uv": [ 94.0, 38.5, 95.5, 40.0 ] },
						"up": { "texture": "#horn", "uv": [ 91.0, 37.0, 92.5, 38.5 ], "rotation": 270 }
					},
					"children": [
						{
							"name": "RHorn3",
							"from": [ 0.0, 1.3, 0.1 ],
							"to": [ 1.7, 3.3, 1.4 ],
							"unwrapMode": 2,
							"uv": [ 90.5, 33.5 ],
							"rotationOrigin": [ 0.6, 1.3, 0.8 ],
							"rotationX": -5.0,
							"rotationY": -8.0,
							"rotationZ": -12.0,
							"faces": {
								"north": { "texture": "#horn", "uv": [ 93.0, 35.0, 94.5, 37.0 ] },
								"east": { "texture": "#horn", "uv": [ 92.0, 35.0, 93.0, 37.0 ] },
								"south": { "texture": "#horn", "uv": [ 90.5, 35.0, 92.0, 37.0 ] },
								"west": { "texture": "#horn", "uv": [ 94.5, 35.0, 95.5, 37.0 ] },
								"up": { "texture": "#horn", "uv": [ 92.0, 33.5, 93.0, 35.0 ], "rotation": 270 }
							},
							"children": [
								{
									"name": "RHorn4",
									"from": [ 0.0, 1.6, 0.0 ],
									"to": [ 1.6, 3.6, 1.3 ],
									"unwrapMode": 3,
									"uv": [ 91.5, 31.0 ],
									"rotationOrigin": [ 0.5, 1.6, 0.5 ],
									"rotationY": -8.0,
									"rotationZ": -8.0,
									"faces": {
										"north": { "texture": "#horn", "uv": [ 95.0, 32.0, 96.5, 34.0 ] },
										"east": { "texture": "#horn", "uv": [ 94.0, 32.0, 95.0, 34.0 ] },
										"south": { "texture": "#horn", "uv": [ 92.5, 32.0, 94.0, 34.0 ] },
										"west": { "texture": "#horn", "uv": [ 91.5, 32.0, 92.5, 34.0 ] },
										"up": { "texture": "#horn", "uv": [ 92.5, 31.0, 94.0, 32.0 ] }
									},
									"children": [
										{
											"name": "RHorn5",
											"from": [ 0.0, 1.7, 0.0 ],
											"to": [ 1.5, 3.7, 1.0 ],
											"unwrapMode": 1,
											"uv": [ 91.5, 27.5 ],
											"rotationOrigin": [ 0.6, 1.7, 0.6 ],
											"rotationX": 5.0,
											"rotationY": -8.0,
											"rotationZ": -20.0,
											"faces": {
												"north": { "texture": "#horn", "uv": [ 92.5, 28.5, 94.0, 30.5 ] },
												"east": { "texture": "#horn", "uv": [ 91.5, 28.5, 92.5, 30.5 ] },
												"south": { "texture": "#horn", "uv": [ 95.0, 28.5, 96.5, 30.5 ] },
												"west": { "texture": "#horn", "uv": [ 94.0, 28.5, 95.0, 30.5 ] },
												"up": { "texture": "#horn", "uv": [ 92.5, 27.5, 94.0, 28.5 ], "rotation": 180 }
											},
											"children": [
												{
													"name": "RHorn6",
													"from": [ 0.1, 1.9, 0.1 ],
													"to": [ 1.3, 3.4, 0.9 ],
													"unwrapMode": 1,
													"uv": [ 92.5, 25.0 ],
													"rotationOrigin": [ 0.5, 1.9, 0.5 ],
													"rotationX": 4.0,
													"rotationZ": -20.0,
													"faces": {
														"north": { "texture": "#horn", "uv": [ 93.0, 25.5, 94.0, 27.0 ] },
														"east": { "texture": "#horn", "uv": [ 92.5, 25.5, 93.0, 27.0 ] },
														"south": { "texture": "#horn", "uv": [ 94.5, 25.5, 95.5, 27.0 ] },
														"west": { "texture": "#horn", "uv": [ 94.0, 25.5, 94.5, 27.0 ] },
														"up": { "texture": "#horn", "uv": [ 93.0, 25.0, 94.0, 25.5 ], "rotation": 180 }
													},
													"children": [
														{
															"name": "RHorn7",
															"from": [ 0.0, 1.4, 0.1 ],
															"to": [ 1.0, 2.9, 0.7 ],
															"unwrapMode": 1,
															"uv": [ 93.5, 22.0 ],
															"rotationOrigin": [ 0.3, 1.4, 0.4 ],
															"rotationX": 2.0,
															"rotationY": 4.0,
															"rotationZ": -16.0,
															"faces": {
																"north": { "texture": "#horn", "uv": [ 94.0, 22.5, 95.0, 24.0 ] },
																"east": { "texture": "#horn", "uv": [ 93.5, 22.5, 94.0, 24.0 ] },
																"south": { "texture": "#horn", "uv": [ 95.5, 22.5, 96.5, 24.0 ] },
																"west": { "texture": "#horn", "uv": [ 95.0, 22.5, 95.5, 24.0 ] },
																"up": { "texture": "#horn", "uv": [ 94.0, 22.0, 95.0, 22.5 ], "rotation": 180 }
															},
															"children": [
																{
																	"name": "RHorn8",
																	"from": [ 0.1, 1.3, 0.1 ],
																	"to": [ 0.8, 2.8, 0.5 ],
																	"unwrapMode": 1,
																	"uv": [ 94.5, 19.0 ],
																	"rotationOrigin": [ 0.3, 1.3, 0.3 ],
																	"rotationX": 2.0,
																	"rotationY": 4.0,
																	"rotationZ": -16.0,
																	"faces": {
																		"north": { "texture": "#horn", "uv": [ 95.0, 19.5, 95.5, 21.0 ] },
																		"east": { "texture": "#horn", "uv": [ 94.5, 19.5, 95.0, 21.0 ] },
																		"south": { "texture": "#horn", "uv": [ 96.0, 19.5, 96.5, 21.0 ] },
																		"west": { "texture": "#horn", "uv": [ 95.5, 19.5, 96.0, 21.0 ] },
																		"up": { "texture": "#horn", "uv": [ 95.0, 19.0, 95.5, 19.5 ], "rotation": 180 }
																	}
																}
															]
														}
													]
												}
											]
										}
									]
								}
							]
						}
					]
				}
			]
		}
	],
	"animations": [
	]
}