{
  "ingredientPattern": "JKP,_PB,HS_",
  "width": 3,
  "height": 3,
  "ingredients": {
    "J": {
      "type": "item",
      "code": "schematic-guitar"
    },
    "S": {
      "type": "item",
      "code": "instrumentstring-flax",
      "quantity": 6
    },
    "B": {
      "type": "item",
      "code": "game:bone"
    },
    "K": {
      "type": "item",
      "code": "game:knife-*",
      "isTool": true,
      "toolDurabilityCost": 6
    },
    "H": {
      "type": "item",
      "code": "game:planks-*",
      "quantity": 3
    },
    "P": {
      "type": "item",
      "code": "game:plank-*"
    }
  },
  "output": {
    "type": "item",
    "code": "guitar-nylon"
  }
}