{
  "enabled": false,
  "ingredientPattern": "JKP,_PB,HS_",
  "width": 3,
  "height": 3,
  "ingredients": {
    "J": {
      "type": "item",
      "code": "schematic-guitar"
    },
    "S": {
      "type": "item",
      "code": "instrumentstring-brass",
      "quantity": 6
    },
    "B": {
      "type": "item",
      "code": "game:bone"
    },
    "K": {
      "type": "item",
      "code": "game:knife-*",
      "isTool": true,
      "toolDurabilityCost": 6
    },
    "H": {
      "type": "item",
      "code": "game:metalplate-*",
      "allowedVariants": [ "iron", "meteoriciron", "steel" ]
    },
    "P": {
      "type": "item",
      "code": "game:plank-*"
    }
  },
  "output": {
    "type": "item",
    "code": "guitar-electricbass"
  }
}