[
	{
		"ingredient": {
			"type": "item",
			"code": "game:ingot-*",
			"name": "metal",
			"allowedVariants": [ "zinc", "brass" ]
		},
		"pattern": [
			[
				"_####_",
				"#____#",
				"______",
				"#____#",
				"_####_"
			]
		],
		"name": "Harmonoica Case",
		"output": {
			"type": "item",
			"code": "harmonicacase-{metal}",
			"quantity": 2
		}
	},
	{
		"enabled" : false,
		"ingredient": {
			"type": "item",
			"code": "game:ingot-*",
			"name": "metal",
			"allowedVariants": [ "silver", "gold" ]
		},
		"pattern": [
			[
				"_####_",
				"#____#",
				"______",
				"#____#",
				"_####_"
			]
		],
		"name": "Harmonoica Case",
		"output": {
			"type": "item",
			"code": "harmonicacase-{metal}",
			"quantity": 2
		}
	}
]