{
	"editor": {
		"allAngles": true,
		"entityTextureMode": true
	},
	"textureWidth": 80,
	"textureHeight": 84,
	"textureSizes": {
		"skin": [80,84],
		"horn": [100,100]
	},
	"textures": {
		"horn": "entity/bovinae/bubalusarnee-male"
	},
	"elements": [
		{
			"name": "Neck",
			"from": [ 12.4, 10.0, 5.7 ],
			"to": [ 20.1, 16.9, 10.3 ],
			"unwrapMode": 2,
			"autoUnwrap": false,
			"uv": [ 5.5, 5.0 ],
			"rotationOrigin": [ 19.5, 10.0, 8.0 ],
			"rotationZ": 77.0,
			"faces": {
				"north": { "texture": "#skin", "uv": [ 20.5, 13.5, 28.0, 20.0 ], "windMode": [-1,-1,-1,-1], "windData": [0,0,1,0] },
				"east": { "texture": "#skin", "uv": [ 16.0, 13.5, 20.5, 20.0 ], "windMode": [-1,-1,-1,-1], "windData": [1,0,0,1] },
				"south": { "texture": "#skin", "uv": [ 8.5, 13.5, 16.0, 20.0 ] },
				"west": { "texture": "#skin", "uv": [ 28.0, 13.5, 32.5, 20.0 ] },
				"up": { "texture": "#skin", "uv": [ 3.0, 12.0, 7.5, 19.5 ], "rotation": 90 }
			},
			"children": [
				{
					"name": "Neck2",
					"from": [ 1.1, 4.7, 0.5 ],
					"to": [ 7.7, 10.6, 4.1 ],
					"unwrapMode": 2,
					"uv": [ 10.0, 1.0 ],
					"rotationOrigin": [ 5.2, 4.9, 2.3 ],
					"rotationZ": -4.0,
					"faces": {
						"north": { "texture": "#skin", "uv": [ 20.0, 7.5, 26.5, 13.0 ] },
						"east": { "texture": "#skin", "uv": [ 16.5, 7.5, 20.0, 13.0 ] },
						"south": { "texture": "#skin", "uv": [ 10.0, 7.5, 16.5, 13.0 ] },
						"west": { "texture": "#skin", "uv": [ 26.5, 7.5, 30.0, 13.0 ] },
						"up": { "texture": "#skin", "uv": [ 16.5, 1.0, 20.0, 7.5 ], "rotation": 270 }
					},
					"children": [
						{
							"name": "Head",
							"from": [ 4.617, 0.8, -0.5 ],
							"to": [ 7.317, 6.2, 4.1 ],
							"unwrapMode": 4,
							"uv": [ 8.0, 60.0 ],
							"rotationOrigin": [ 6.6, 6.2, 1.8 ],
							"rotationZ": -60.0,
							"faces": {
								"north": { "texture": "#skin", "uv": [ 8.0, 62.5, 10.5, 67.5 ] },
								"east": { "texture": "#skin", "uv": [ 17.5, 62.5, 22.0, 67.5 ] },
								"south": { "texture": "#skin", "uv": [ 15.0, 62.5, 17.5, 67.5 ] },
								"west": { "texture": "#skin", "uv": [ 10.5, 62.5, 15.0, 67.5 ] },
								"up": { "texture": "#skin", "uv": [ 10.5, 60.0, 15.0, 62.5 ], "rotation": 90 },
								"down": { "texture": "#skin", "uv": [ 10.5, 67.5, 15.0, 70.0 ], "rotation": 90 }
							},
							"children": [
								{
									"name": "MouthUp",
									"from": [ -5.1, 1.5, 0.8 ],
									"to": [ 0.2, 2.7, 3.8 ],
									"unwrapMode": 5,
									"unwrapRotation": 1,
									"uv": [ 1.5, 70.5 ],
									"rotationOrigin": [ -1.5, 2.5, 2.3 ],
									"rotationZ": 4.0,
									"faces": {
										"north": { "texture": "#skin", "uv": [ 1.5, 70.5, 2.5, 75.5 ], "rotation": 270 },
										"south": { "texture": "#skin", "uv": [ 5.5, 70.5, 6.5, 75.5 ], "rotation": 90 },
										"west": { "texture": "#skin", "uv": [ 2.5, 75.5, 5.5, 76.5 ] },
										"up": { "texture": "#skin", "uv": [ 2.5, 70.5, 5.5, 75.5 ], "rotation": 90, "windMode": [-1,-1,-1,-1], "windData": [1,1,1,1] },
										"down": { "texture": "#skin", "uv": [ 6.5, 70.5, 9.5, 75.5 ], "rotation": 270 }
									},
									"children": [
										{
											"name": "Nose",
											"from": [ 0.9, -0.1, 0.25 ],
											"to": [ 5.7, 2.2, 2.75 ],
											"unwrapMode": 5,
											"unwrapRotation": 1,
											"uv": [ 23.0, 73.5 ],
											"rotationOrigin": [ 0.9, 2.0, 0.8 ],
											"rotationZ": 16.0,
											"faces": {
												"north": { "texture": "#skin", "uv": [ 23.0, 73.5, 25.0, 78.0 ], "rotation": 270, "windMode": [-1,-1,-1,-1], "windData": [1,1,1,1] },
												"south": { "texture": "#skin", "uv": [ 27.5, 73.5, 29.5, 78.0 ], "rotation": 90 },
												"west": { "texture": "#skin", "uv": [ 25.0, 78.0, 27.5, 80.0 ], "windMode": [-1,-1,-1,-1], "windData": [1,1,1,1] },
												"up": { "texture": "#skin", "uv": [ 25.0, 73.5, 27.5, 78.0 ], "rotation": 90 }
											},
											"children": [
												{
													"name": "Snout",
													"from": [ -1.5, 0.2, -0.4 ],
													"to": [ 0.2, 2.2, 2.9 ],
													"unwrapMode": 4,
													"uv": [ 36.5, 75.0 ],
													"rotationOrigin": [ 0.0, 2.0, 1.25 ],
													"rotationZ": -9.0,
													"faces": {
														"north": { "texture": "#skin", "uv": [ 36.5, 76.5, 38.0, 78.5 ], "windMode": [-1,-1,-1,-1], "windData": [1,1,1,1] },
														"east": { "texture": "#skin", "uv": [ 42.5, 76.5, 45.5, 78.5 ], "windMode": [-1,-1,-1,-1], "windData": [1,1,1,1] },
														"south": { "texture": "#skin", "uv": [ 41.0, 76.5, 42.5, 78.5 ], "windMode": [-1,-1,-1,-1], "windData": [1,1,1,1] },
														"west": { "texture": "#skin", "uv": [ 38.0, 76.5, 41.0, 78.5 ], "windMode": [-1,-1,-1,-1], "windData": [1,1,1,1] },
														"up": { "texture": "#skin", "uv": [ 38.0, 75.0, 41.0, 76.5 ], "rotation": 90, "windMode": [-1,-1,-1,-1], "windData": [1,1,1,1] },
														"down": { "texture": "#skin", "uv": [ 38.0, 78.5, 41.0, 80.0 ], "rotation": 90, "windMode": [-1,-1,-1,-1], "windData": [1,1,1,1] }
													}
												},
												{
													"name": "NoseBridge",
													"from": [ 3.6, 0.5, -0.7 ],
													"to": [ 4.8, 2.2, 3.2 ],
													"unwrapMode": 7,
													"unwrapRotation": 1,
													"uv": [ 30.0, 73.5 ],
													"rotationOrigin": [ 3.6, 2.2, -0.7 ],
													"rotationZ": 18.0,
													"faces": {
														"north": { "texture": "#skin", "uv": [ 35.0, 75.0, 36.5, 76.0 ], "rotation": 90 },
														"east": { "texture": "#skin", "uv": [ 31.5, 76.0, 35.0, 77.5 ] },
														"south": { "texture": "#skin", "uv": [ 30.0, 75.0, 31.5, 76.0 ], "rotation": 270 },
														"west": { "texture": "#skin", "uv": [ 31.5, 73.5, 35.0, 75.0 ], "rotation": 180 },
														"up": { "texture": "#skin", "uv": [ 31.5, 75.0, 35.0, 76.0 ], "rotation": 270 }
													}
												}
											]
										}
									]
								},
								{
									"name": "L Ear",
									"from": [ 1.7, 3.2, 3.8 ],
									"to": [ 2.0, 4.6, 5.5 ],
									"unwrapMode": 4,
									"uv": [ 0.5, 67.0 ],
									"rotationOrigin": [ 1.8, 3.2, 4.5 ],
									"rotationX": 110.0,
									"rotationY": 14.0,
									"faces": {
										"north": { "texture": "#skin", "uv": [ 0.5, 67.5, 1.0, 68.5 ], "windMode": [-1,-1,-1,-1], "windData": [1,1,1,1] },
										"east": { "texture": "#skin", "uv": [ 3.0, 67.5, 4.5, 68.5 ] },
										"south": { "texture": "#skin", "uv": [ 2.5, 67.5, 3.0, 68.5 ], "windMode": [-1,-1,-1,-1], "windData": [1,1,1,1] },
										"west": { "texture": "#skin", "uv": [ 1.0, 67.5, 2.5, 68.5 ] },
										"up": { "texture": "#skin", "uv": [ 1.0, 67.0, 2.5, 67.5 ], "rotation": 90 },
										"down": { "texture": "#skin", "uv": [ 1.0, 68.5, 2.5, 69.0 ], "rotation": 90 }
									},
									"children": [
										{
											"name": "L Ear3",
											"from": [ 0.0, 1.4, 0.0 ],
											"to": [ 0.3, 3.3, 0.7 ],
											"unwrapMode": 4,
											"uv": [ 4.5, 64.5 ],
											"rotationOrigin": [ 0.2, 1.4, 0.0 ],
											"rotationX": 8.0,
											"rotationY": 1.0,
											"faces": {
												"north": { "texture": "#skin", "uv": [ 4.5, 65.0, 5.0, 66.5 ] },
												"east": { "texture": "#skin", "uv": [ 6.0, 65.0, 6.5, 66.5 ] },
												"south": { "texture": "#skin", "uv": [ 5.5, 65.0, 6.0, 66.5 ] },
												"west": { "texture": "#skin", "uv": [ 5.0, 65.0, 5.5, 66.5 ] },
												"up": { "texture": "#skin", "uv": [ 5.0, 64.5, 5.5, 65.0 ], "rotation": 90 },
												"down": { "texture": "#skin", "uv": [ 5.0, 66.5, 5.5, 67.0 ], "rotation": 90 }
											}
										},
										{
											"name": "L Ear2",
											"from": [ 0.0, 1.4, 0.6 ],
											"to": [ 0.3, 3.3, 1.7 ],
											"unwrapMode": 4,
											"uv": [ 0.5, 64.0 ],
											"rotationOrigin": [ 0.2, 1.4, 1.7 ],
											"rotationX": -10.0,
											"rotationY": -1.0,
											"faces": {
												"north": { "texture": "#skin", "uv": [ 0.5, 64.5, 1.0, 66.0 ] },
												"east": { "texture": "#skin", "uv": [ 2.5, 64.5, 3.5, 66.0 ] },
												"south": { "texture": "#skin", "uv": [ 2.0, 64.5, 2.5, 66.0 ] },
												"west": { "texture": "#skin", "uv": [ 1.0, 64.5, 2.0, 66.0 ] },
												"up": { "texture": "#skin", "uv": [ 1.0, 64.0, 2.0, 64.5 ], "rotation": 90 },
												"down": { "texture": "#skin", "uv": [ 1.0, 66.0, 2.0, 66.5 ], "rotation": 90 }
											}
										}
									]
								},
								{
									"name": "R Eye",
									"from": [ -0.01, 3.5, -0.01 ],
									"to": [ 0.69, 3.8, 0.19 ],
									"unwrapMode": 5,
									"uv": [ 1.0, 48.0 ],
									"rotationOrigin": [ -0.01, 3.9, -0.21 ],
									"faces": {
										"north": { "texture": "#skin", "uv": [ 1.5, 48.0, 2.0, 48.5 ], "rotation": 180 },
										"east": { "texture": "#skin", "uv": [ 2.0, 48.5, 2.5, 49.0 ], "rotation": 90 },
										"west": { "texture": "#skin", "uv": [ 1.0, 48.5, 1.5, 49.0 ], "rotation": 270 },
										"up": { "texture": "#skin", "uv": [ 1.5, 48.5, 2.0, 49.0 ] },
										"down": { "texture": "#skin", "uv": [ 2.5, 48.5, 3.0, 49.0 ] }
									},
									"children": [
										{
											"name": "R Eye2",
											"from": [ 0.0, 0.3, 0.0 ],
											"to": [ 0.7, 0.6, 0.2 ],
											"unwrapMode": 5,
											"uv": [ 1.0, 50.0 ],
											"rotationOrigin": [ 0.0, 0.7, -0.1 ],
											"faces": {
												"north": { "texture": "#skin", "uv": [ 1.5, 50.0, 2.0, 50.5 ], "rotation": 180 },
												"east": { "texture": "#skin", "uv": [ 2.0, 50.5, 2.5, 51.0 ], "rotation": 90 },
												"west": { "texture": "#skin", "uv": [ 1.0, 50.5, 1.5, 51.0 ], "rotation": 270 },
												"up": { "texture": "#skin", "uv": [ 1.5, 50.5, 2.0, 51.0 ] },
												"down": { "texture": "#skin", "uv": [ 2.5, 50.5, 3.0, 51.0 ] }
											},
											"children": [
												{
													"name": "R Pupil",
													"from": [ -0.01, -0.1, -0.01 ],
													"to": [ 0.49, 0.1, 0.19 ],
													"unwrapMode": 5,
													"uv": [ 1.0, 46.0 ],
													"rotationOrigin": [ -0.01, -0.1, -0.01 ],
													"faces": {
														"north": { "texture": "#skin", "uv": [ 1.5, 46.0, 2.0, 46.5 ], "rotation": 180, "windMode": [-1,-1,-1,-1], "windData": [1,1,1,1] },
														"east": { "texture": "#skin", "uv": [ 2.0, 46.5, 2.5, 47.0 ], "rotation": 90 },
														"west": { "texture": "#skin", "uv": [ 1.0, 46.5, 1.5, 47.0 ], "rotation": 270 },
														"up": { "texture": "#skin", "uv": [ 1.5, 46.5, 2.0, 47.0 ] },
														"down": { "texture": "#skin", "uv": [ 2.5, 46.5, 3.0, 47.0 ] }
													}
												}
											]
										}
									]
								},
								{
									"name": "R Ear",
									"from": [ 1.7, 3.2, -0.9 ],
									"to": [ 2.0, 4.6, 0.8 ],
									"unwrapMode": 4,
									"uv": [ 0.5, 61.5 ],
									"rotationOrigin": [ 1.8, 3.2, 0.2 ],
									"rotationX": -110.0,
									"rotationY": -15.0,
									"faces": {
										"north": { "texture": "#skin", "uv": [ 0.5, 62.0, 1.0, 63.0 ] },
										"east": { "texture": "#skin", "uv": [ 3.0, 62.0, 4.5, 63.0 ] },
										"south": { "texture": "#skin", "uv": [ 2.5, 62.0, 3.0, 63.0 ], "windMode": [-1,-1,-1,-1], "windData": [1,1,1,1] },
										"west": { "texture": "#skin", "uv": [ 1.0, 62.0, 2.5, 63.0 ] },
										"up": { "texture": "#skin", "uv": [ 1.0, 61.5, 2.5, 62.0 ], "rotation": 90 },
										"down": { "texture": "#skin", "uv": [ 1.0, 63.0, 2.5, 63.5 ], "rotation": 90 }
									},
									"children": [
										{
											"name": "R Ear2",
											"from": [ 0.0, 1.4, 0.0 ],
											"to": [ 0.3, 3.3, 1.1 ],
											"unwrapMode": 4,
											"uv": [ 0.5, 58.0 ],
											"rotationOrigin": [ 0.2, 1.4, 0.0 ],
											"rotationX": 10.0,
											"rotationY": 1.0,
											"faces": {
												"north": { "texture": "#skin", "uv": [ 0.5, 58.5, 1.0, 60.0 ] },
												"east": { "texture": "#skin", "uv": [ 2.5, 58.5, 3.5, 60.0 ] },
												"south": { "texture": "#skin", "uv": [ 2.0, 58.5, 2.5, 60.0 ] },
												"west": { "texture": "#skin", "uv": [ 1.0, 58.5, 2.0, 60.0 ] },
												"up": { "texture": "#skin", "uv": [ 1.0, 58.0, 2.0, 58.5 ], "rotation": 90 },
												"down": { "texture": "#skin", "uv": [ 1.0, 60.0, 2.0, 60.5 ], "rotation": 90 }
											}
										},
										{
											"name": "R Ear3",
											"from": [ 0.0, 1.4, 1.0 ],
											"to": [ 0.3, 3.3, 1.7 ],
											"unwrapMode": 4,
											"uv": [ 4.5, 59.5 ],
											"rotationOrigin": [ 0.2, 1.4, 1.6 ],
											"rotationX": -8.0,
											"rotationY": -1.0,
											"faces": {
												"north": { "texture": "#skin", "uv": [ 4.5, 60.0, 5.0, 61.5 ] },
												"east": { "texture": "#skin", "uv": [ 6.0, 60.0, 6.5, 61.5 ] },
												"south": { "texture": "#skin", "uv": [ 5.5, 60.0, 6.0, 61.5 ] },
												"west": { "texture": "#skin", "uv": [ 5.0, 60.0, 5.5, 61.5 ] },
												"up": { "texture": "#skin", "uv": [ 5.0, 59.5, 5.5, 60.0 ], "rotation": 90 },
												"down": { "texture": "#skin", "uv": [ 5.0, 61.5, 5.5, 62.0 ], "rotation": 90 }
											}
										}
									]
								},
								{
									"name": "L Eye",
									"from": [ -0.01, 3.5, 4.41 ],
									"to": [ 0.69, 3.8, 4.61 ],
									"unwrapMode": 5,
									"uv": [ 1.0, 48.5 ],
									"rotationOrigin": [ -0.01, 3.9, 4.41 ],
									"faces": {
										"east": { "texture": "#skin", "uv": [ 2.0, 48.5, 2.5, 49.0 ], "rotation": 90 },
										"south": { "texture": "#skin", "uv": [ 1.5, 49.0, 2.0, 49.5 ] },
										"west": { "texture": "#skin", "uv": [ 1.0, 48.5, 1.5, 49.0 ], "rotation": 270 },
										"up": { "texture": "#skin", "uv": [ 1.5, 48.5, 2.0, 49.0 ] },
										"down": { "texture": "#skin", "uv": [ 2.5, 48.5, 3.0, 49.0 ] }
									},
									"children": [
										{
											"name": "L Eye2",
											"from": [ 0.0, 0.3, 0.0 ],
											"to": [ 0.7, 0.6, 0.2 ],
											"unwrapMode": 5,
											"uv": [ 1.0, 50.5 ],
											"rotationOrigin": [ 0.0, 0.8, -0.1 ],
											"faces": {
												"east": { "texture": "#skin", "uv": [ 2.0, 50.5, 2.5, 51.0 ], "rotation": 90 },
												"south": { "texture": "#skin", "uv": [ 1.5, 51.0, 2.0, 51.5 ] },
												"west": { "texture": "#skin", "uv": [ 1.0, 50.5, 1.5, 51.0 ], "rotation": 270 },
												"up": { "texture": "#skin", "uv": [ 1.5, 50.5, 2.0, 51.0 ] },
												"down": { "texture": "#skin", "uv": [ 2.5, 50.5, 3.0, 51.0 ] }
											},
											"children": [
												{
													"name": "L Pupil",
													"from": [ -0.01, -0.1, 0.01 ],
													"to": [ 0.49, 0.1, 0.21 ],
													"unwrapMode": 5,
													"uv": [ 1.0, 46.5 ],
													"rotationOrigin": [ -0.01, -0.1, 0.01 ],
													"faces": {
														"east": { "texture": "#skin", "uv": [ 2.0, 46.5, 2.5, 47.0 ], "rotation": 90 },
														"south": { "texture": "#skin", "uv": [ 1.5, 47.0, 2.0, 47.5 ] },
														"west": { "texture": "#skin", "uv": [ 1.0, 46.5, 1.5, 47.0 ], "rotation": 270 },
														"up": { "texture": "#skin", "uv": [ 1.5, 46.5, 2.0, 47.0 ] },
														"down": { "texture": "#skin", "uv": [ 2.5, 46.5, 3.0, 47.0 ] }
													}
												}
											]
										}
									]
								},
								{
									"name": "Jaw",
									"from": [ -3.5, -0.8, 0.9 ],
									"to": [ 2.3, 1.7, 3.7 ],
									"unwrapMode": 5,
									"unwrapRotation": 1,
									"uv": [ 12.0, 71.0 ],
									"rotationOrigin": [ 1.8, 0.8, 2.1 ],
									"rotationZ": -9.5,
									"faces": {
										"north": { "texture": "#skin", "uv": [ 12.0, 71.0, 14.5, 76.5 ], "rotation": 270 },
										"south": { "texture": "#skin", "uv": [ 17.0, 71.0, 19.5, 76.5 ], "rotation": 90 },
										"west": { "texture": "#skin", "uv": [ 14.5, 76.5, 17.0, 79.0 ] },
										"up": { "texture": "#skin", "uv": [ 14.5, 71.0, 17.0, 76.5 ], "rotation": 90 },
										"down": { "texture": "#skin", "uv": [ 19.5, 71.0, 22.0, 76.5 ], "rotation": 270 }
									},
									"children": [
										{
											"name": "Jaw2",
											"from": [ -1.5, 0.4, 0.3 ],
											"to": [ 1.0, 1.6, 2.5 ],
											"unwrapMode": 5,
											"unwrapRotation": 1,
											"uv": [ 15.5, 58.5 ],
											"rotationOrigin": [ 0.8, 1.1, 1.3 ],
											"rotationZ": 6.0,
											"faces": {
												"north": { "texture": "#skin", "uv": [ 15.5, 58.5, 16.5, 61.0 ], "rotation": 270 },
												"south": { "texture": "#skin", "uv": [ 18.5, 58.5, 19.5, 61.0 ], "rotation": 90 },
												"west": { "texture": "#skin", "uv": [ 16.5, 61.0, 18.5, 62.0 ] },
												"up": { "texture": "#skin", "uv": [ 16.5, 58.5, 18.5, 61.0 ], "rotation": 90 },
												"down": { "texture": "#skin", "uv": [ 19.5, 58.5, 21.5, 61.0 ], "rotation": 270 }
											}
										},
										{
											"name": "Tongue",
											"from": [ -0.7, 1.1, 0.8 ],
											"to": [ 1.1, 2.0, 2.0 ],
											"unwrapMode": 7,
											"unwrapRotation": 1,
											"uv": [ 7.0, 60.0 ],
											"rotationOrigin": [ 1.1, 1.6, 1.2 ],
											"rotationZ": 20.0,
											"faces": {
												"north": { "texture": "#skin", "uv": [ 8.5, 60.5, 9.0, 62.0 ], "rotation": 90 },
												"south": { "texture": "#skin", "uv": [ 7.0, 60.5, 7.5, 62.0 ], "rotation": 270 },
												"west": { "texture": "#skin", "uv": [ 7.5, 60.0, 8.5, 60.5 ], "rotation": 180 },
												"up": { "texture": "#skin", "uv": [ 7.5, 60.5, 8.5, 62.0 ], "rotation": 270 },
												"down": { "texture": "#skin", "uv": [ 9.0, 60.5, 10.0, 62.0 ], "rotation": 90 }
											}
										}
									]
								},
								{
									"name": "AntlerBase",
									"from": [ 0.9, 4.5, 2.3 ],
									"to": [ 0.9, 4.5, 2.3 ],
									"uv": [ 0.0, 0.0 ],
									"rotationOrigin": [ 0.9, 4.5, 2.3 ],
									"faces": {
									},
									"children": [
										{
											"name": "RHorn1",
											"from": [ -0.4, 0.3, -2.0 ],
											"to": [ 1.1, 1.8, -0.4 ],
											"unwrapMode": 2,
											"uv": [ 89.5, 40.0 ],
											"rotationOrigin": [ 0.3, 0.3, -1.0 ],
											"rotationX": -83.0,
											"rotationY": -3.0,
											"rotationZ": -2.0,
											"faces": {
												"north": { "texture": "#horn", "uv": [ 92.5, 41.5, 94.0, 43.0 ] },
												"east": { "texture": "#horn", "uv": [ 91.0, 41.5, 92.5, 43.0 ] },
												"south": { "texture": "#horn", "uv": [ 89.5, 41.5, 91.0, 43.0 ] },
												"west": { "texture": "#horn", "uv": [ 94.0, 41.5, 95.5, 43.0 ] },
												"up": { "texture": "#horn", "uv": [ 91.0, 40.0, 92.5, 41.5 ], "rotation": 270 }
											},
											"children": [
												{
													"name": "RHorn2",
													"from": [ 0.0, 1.2, 0.1 ],
													"to": [ 1.5, 1.7, 1.6 ],
													"unwrapMode": 2,
													"uv": [ 89.5, 37.0 ],
													"rotationOrigin": [ 0.8, 1.2, 1.1 ],
													"rotationX": -5.0,
													"rotationZ": -3.0,
													"faces": {
														"north": { "texture": "#horn", "uv": [ 92.5, 38.5, 94.0, 39.0 ] },
														"east": { "texture": "#horn", "uv": [ 91.0, 38.5, 92.5, 39.0 ] },
														"south": { "texture": "#horn", "uv": [ 89.5, 38.5, 91.0, 39.0 ] },
														"west": { "texture": "#horn", "uv": [ 94.0, 38.5, 95.5, 39.0 ] },
														"up": { "texture": "#horn", "uv": [ 91.0, 37.0, 92.5, 38.5 ], "rotation": 270 }
													},
													"children": [
														{
															"name": "RHorn3",
															"from": [ 0.1, 0.0, 0.1 ],
															"to": [ 1.4, 0.0, 1.4 ],
															"unwrapMode": 2,
															"uv": [ 90.5, 33.5 ],
															"rotationOrigin": [ 0.7, 0.0, 0.8 ],
															"faces": {
															},
															"children": [
																{
																	"name": "RHorn4",
																	"from": [ 0.0, 0.4, 0.0 ],
																	"to": [ 1.1, 0.9, 1.2 ],
																	"unwrapMode": 3,
																	"uv": [ 91.5, 31.0 ],
																	"rotationOrigin": [ 0.5, 0.4, 0.5 ],
																	"rotationY": -8.0,
																	"rotationZ": -8.0,
																	"faces": {
																		"north": { "texture": "#horn", "uv": [ 94.5, 32.0, 95.5, 32.5 ] },
																		"east": { "texture": "#horn", "uv": [ 93.5, 32.0, 94.5, 32.5 ] },
																		"south": { "texture": "#horn", "uv": [ 92.5, 32.0, 93.5, 32.5 ] },
																		"west": { "texture": "#horn", "uv": [ 91.5, 32.0, 92.5, 32.5 ] },
																		"up": { "texture": "#horn", "uv": [ 92.5, 31.0, 93.5, 32.0 ] }
																	},
																	"children": [
																		{
																			"name": "RHorn5",
																			"from": [ 0.0, 0.0, 0.0 ],
																			"to": [ 1.0, 0.0, 1.0 ],
																			"unwrapMode": 1,
																			"uv": [ 91.5, 27.5 ],
																			"rotationOrigin": [ 0.6, 0.0, 0.6 ],
																			"faces": {
																			},
																			"children": [
																				{
																					"name": "RHorn6",
																					"from": [ 0.1, 0.4, 0.1 ],
																					"to": [ 0.9, 0.9, 0.9 ],
																					"unwrapMode": 1,
																					"uv": [ 92.5, 25.0 ],
																					"rotationOrigin": [ 0.5, 0.4, 0.5 ],
																					"rotationX": 4.0,
																					"rotationZ": -2.0,
																					"faces": {
																						"north": { "texture": "#horn", "uv": [ 93.0, 25.5, 93.5, 26.0 ] },
																						"east": { "texture": "#horn", "uv": [ 92.5, 25.5, 93.0, 26.0 ] },
																						"south": { "texture": "#horn", "uv": [ 94.0, 25.5, 94.5, 26.0 ] },
																						"west": { "texture": "#horn", "uv": [ 93.5, 25.5, 94.0, 26.0 ] },
																						"up": { "texture": "#horn", "uv": [ 93.0, 25.0, 93.5, 25.5 ], "rotation": 180 }
																					},
																					"children": [
																						{
																							"name": "RHorn7",
																							"from": [ 0.0, 0.0, 0.1 ],
																							"to": [ 0.6, 0.0, 0.7 ],
																							"unwrapMode": 1,
																							"uv": [ 93.5, 22.0 ],
																							"rotationOrigin": [ 0.3, 0.0, 0.4 ],
																							"faces": {
																							},
																							"children": [
																								{
																									"name": "RHorn8",
																									"from": [ 0.1, 0.4, 0.1 ],
																									"to": [ 0.6, 0.9, 0.5 ],
																									"unwrapMode": 1,
																									"uv": [ 94.5, 19.0 ],
																									"rotationOrigin": [ 0.3, 0.4, 0.3 ],
																									"rotationX": 2.0,
																									"rotationY": 4.0,
																									"rotationZ": -2.0,
																									"faces": {
																										"north": { "texture": "#horn", "uv": [ 95.0, 19.5, 95.5, 20.0 ] },
																										"east": { "texture": "#horn", "uv": [ 94.5, 19.5, 95.0, 20.0 ] },
																										"south": { "texture": "#horn", "uv": [ 96.0, 19.5, 96.5, 20.0 ] },
																										"west": { "texture": "#horn", "uv": [ 95.5, 19.5, 96.0, 20.0 ] },
																										"up": { "texture": "#horn", "uv": [ 95.0, 19.0, 95.5, 19.5 ], "rotation": 180 }
																									}
																								}
																							]
																						}
																					]
																				}
																			]
																		}
																	]
																}
															]
														}
													]
												}
											]
										},
										{
											"name": "LHorn1",
											"from": [ -0.4, 0.4, 0.5 ],
											"to": [ 1.2, 1.9, 2.1 ],
											"unwrapMode": 2,
											"uv": [ 88.0, 40.0 ],
											"rotationOrigin": [ 0.3, 0.4, 1.0 ],
											"rotationX": 83.0,
											"rotationY": 3.0,
											"rotationZ": -2.0,
											"faces": {
												"north": { "texture": "#horn", "uv": [ 91.0, 41.5, 92.5, 43.0 ] },
												"east": { "texture": "#horn", "uv": [ 89.5, 41.5, 91.0, 43.0 ] },
												"south": { "texture": "#horn", "uv": [ 88.0, 41.5, 89.5, 43.0 ] },
												"west": { "texture": "#horn", "uv": [ 92.5, 41.5, 94.0, 43.0 ] },
												"up": { "texture": "#horn", "uv": [ 89.5, 40.0, 91.0, 41.5 ], "rotation": 270 }
											},
											"children": [
												{
													"name": "LHorn2",
													"from": [ 0.0, 1.2, 0.0 ],
													"to": [ 1.5, 1.7, 1.5 ],
													"unwrapMode": 2,
													"uv": [ 88.0, 37.0 ],
													"rotationOrigin": [ 0.8, 1.2, 0.8 ],
													"rotationX": 5.0,
													"rotationZ": -3.0,
													"faces": {
														"north": { "texture": "#horn", "uv": [ 91.0, 38.5, 92.5, 39.0 ] },
														"east": { "texture": "#horn", "uv": [ 89.5, 38.5, 91.0, 39.0 ] },
														"south": { "texture": "#horn", "uv": [ 88.0, 38.5, 89.5, 39.0 ] },
														"west": { "texture": "#horn", "uv": [ 92.5, 38.5, 94.0, 39.0 ] },
														"up": { "texture": "#horn", "uv": [ 89.5, 37.0, 91.0, 38.5 ], "rotation": 270 }
													},
													"children": [
														{
															"name": "LHorn3",
															"from": [ 0.1, 0.0, 0.1 ],
															"to": [ 1.4, 0.0, 1.4 ],
															"unwrapMode": 2,
															"uv": [ 88.0, 33.5 ],
															"rotationOrigin": [ 0.7, 0.0, 0.8 ],
															"faces": {
															},
															"children": [
																{
																	"name": "LHorn4",
																	"from": [ 0.0, 0.4, 0.0 ],
																	"to": [ 1.1, 0.9, 1.2 ],
																	"unwrapMode": 1,
																	"uv": [ 88.0, 31.0 ],
																	"rotationOrigin": [ 0.5, 0.4, 0.5 ],
																	"rotationY": 8.0,
																	"rotationZ": -8.0,
																	"faces": {
																		"north": { "texture": "#horn", "uv": [ 89.0, 32.0, 90.0, 32.5 ] },
																		"east": { "texture": "#horn", "uv": [ 88.0, 32.0, 89.0, 32.5 ] },
																		"south": { "texture": "#horn", "uv": [ 91.0, 32.0, 92.0, 32.5 ] },
																		"west": { "texture": "#horn", "uv": [ 90.0, 32.0, 91.0, 32.5 ] },
																		"up": { "texture": "#horn", "uv": [ 89.0, 31.0, 90.0, 32.0 ], "rotation": 180 }
																	},
																	"children": [
																		{
																			"name": "LHorn5",
																			"from": [ 0.0, 0.0, 0.0 ],
																			"to": [ 1.0, 0.0, 1.0 ],
																			"unwrapMode": 3,
																			"uv": [ 88.0, 27.5 ],
																			"rotationOrigin": [ 0.6, 0.0, 0.6 ],
																			"faces": {
																			},
																			"children": [
																				{
																					"name": "LHorn6",
																					"from": [ 0.1, 0.4, 0.1 ],
																					"to": [ 0.9, 0.9, 0.9 ],
																					"unwrapMode": 3,
																					"uv": [ 88.0, 25.0 ],
																					"rotationOrigin": [ 0.5, 0.4, 0.5 ],
																					"rotationX": -4.0,
																					"rotationZ": -2.0,
																					"faces": {
																						"north": { "texture": "#horn", "uv": [ 89.5, 25.5, 90.0, 26.0 ] },
																						"east": { "texture": "#horn", "uv": [ 89.0, 25.5, 89.5, 26.0 ] },
																						"south": { "texture": "#horn", "uv": [ 88.5, 25.5, 89.0, 26.0 ] },
																						"west": { "texture": "#horn", "uv": [ 88.0, 25.5, 88.5, 26.0 ] },
																						"up": { "texture": "#horn", "uv": [ 88.5, 25.0, 89.0, 25.5 ] }
																					},
																					"children": [
																						{
																							"name": "LHorn7",
																							"from": [ 0.0, 0.0, 0.1 ],
																							"to": [ 0.6, 0.0, 0.7 ],
																							"unwrapMode": 3,
																							"uv": [ 90.5, 22.0 ],
																							"rotationOrigin": [ 0.3, 0.0, 0.4 ],
																							"faces": {
																							},
																							"children": [
																								{
																									"name": "LHorn8",
																									"from": [ 0.1, 0.4, 0.1 ],
																									"to": [ 0.6, 0.9, 0.5 ],
																									"unwrapMode": 3,
																									"uv": [ 90.5, 19.0 ],
																									"rotationOrigin": [ 0.3, 0.4, 0.3 ],
																									"rotationX": -2.0,
																									"rotationY": -4.0,
																									"rotationZ": -2.0,
																									"faces": {
																										"north": { "texture": "#horn", "uv": [ 92.0, 19.5, 92.5, 20.0 ] },
																										"east": { "texture": "#horn", "uv": [ 91.5, 19.5, 92.0, 20.0 ] },
																										"south": { "texture": "#horn", "uv": [ 91.0, 19.5, 91.5, 20.0 ] },
																										"west": { "texture": "#horn", "uv": [ 90.5, 19.5, 91.0, 20.0 ] },
																										"up": { "texture": "#horn", "uv": [ 91.0, 19.0, 91.5, 19.5 ] }
																									}
																								}
																							]
																						}
																					]
																				}
																			]
																		}
																	]
																}
															]
														}
													]
												}
											]
										}
									]
								}
							]
						},
						{
							"name": "Neck Hump2",
							"from": [ 5.7, 0.8, 0.4 ],
							"to": [ 7.7, 5.4, 3.2 ],
							"unwrapMode": 2,
							"uv": [ 29.0, 0.5 ],
							"rotationOrigin": [ 7.5, 1.3, 0.4 ],
							"rotationZ": 15.0,
							"faces": {
								"north": { "texture": "#skin", "uv": [ 33.5, 2.5, 35.5, 7.0 ] },
								"east": { "texture": "#skin", "uv": [ 31.0, 2.5, 33.5, 7.0 ] },
								"south": { "texture": "#skin", "uv": [ 29.0, 2.5, 31.0, 7.0 ] },
								"up": { "texture": "#skin", "uv": [ 31.0, 0.5, 33.5, 2.5 ], "rotation": 270 },
								"down": { "texture": "#skin", "uv": [ 31.0, 7.0, 33.5, 9.0 ], "rotation": 270 }
							}
						}
					],
					"attachmentpoints": [
						{
							"code": "rope",
							"posX": "0.0","posY": "2.0","posZ": "1.8",
							"rotationX": "0.0","rotationY": "0.0","rotationZ": "0.0"
						}
					]
				},
				{
					"name": "Neck Hump",
					"from": [ 8.0, 2.4, 0.55 ],
					"to": [ 10.0, 7.4, 4.05 ],
					"unwrapMode": 2,
					"uv": [ 33.5, 8.0 ],
					"rotationOrigin": [ 9.6, 2.7, 1.7 ],
					"rotationZ": 19.0,
					"faces": {
						"north": { "texture": "#skin", "uv": [ 39.0, 10.0, 41.0, 15.0 ] },
						"east": { "texture": "#skin", "uv": [ 35.5, 10.0, 39.0, 15.0 ] },
						"south": { "texture": "#skin", "uv": [ 33.5, 10.0, 35.5, 15.0 ] },
						"up": { "texture": "#skin", "uv": [ 35.5, 8.0, 39.0, 10.0 ], "rotation": 270 },
						"down": { "texture": "#skin", "uv": [ 35.5, 15.0, 39.0, 17.0 ], "rotation": 270 }
					}
				}
			]
		}
	]}