{
	"editor": {
		"allAngles": true,
		"entityTextureMode": true
	},
	"textureWidth": 80,
	"textureHeight": 84,
	"textureSizes": {
		"skin": [80,84],
		"horn": [100,100]
	},
	"textures": {
		"horn": "entity/bovinae/bubalusarnee-male"
	},
	"elements": [
		{
			"name": "Chest",
			"from": [ 10.0, 1.9, 3.2 ],
			"to": [ 20.2, 13.7, 12.8 ],
			"unwrapMode": 7,
			"unwrapRotation": 1,
			"autoUnwrap": false,
			"uv": [ 2.5, 46.0 ],
			"rotationOrigin": [ 19.2, 10.0, 8.0 ],
			"rotationZ": -7.0,
			"faces": {
				"north": { "texture": "#skin", "uv": [ 23.0, 20.5, 34.5, 30.5 ], "rotation": 90 },
				"east": { "texture": "#skin", "uv": [ 34.5, 61.5, 44.0, 73.0 ] },
				"south": { "texture": "#skin", "uv": [ 2.0, 20.5, 13.5, 30.5 ], "rotation": 270 },
				"west": { "texture": "#skin", "uv": [ 24.5, 61.5, 34.0, 73.0 ] },
				"up": { "texture": "#skin", "uv": [ 13.5, 20.5, 23.0, 30.5 ], "rotation": 270 },
				"down": { "texture": "#skin", "uv": [ 34.5, 20.5, 44.0, 30.5 ], "rotation": 90 }
			},
			"children": [
				{
					"name": "Neck",
					"from": [ -3.6, 9.8, 2.5 ],
					"to": [ 4.1, 16.7, 7.1 ],
					"unwrapMode": 2,
					"autoUnwrap": false,
					"uv": [ 5.5, 5.0 ],
					"rotationOrigin": [ 3.5, 9.8, 4.8 ],
					"rotationZ": 90.0,
					"faces": {
						"north": { "texture": "#skin", "uv": [ 20.5, 13.5, 28.0, 20.0 ], "windMode": [-1,-1,-1,-1], "windData": [0,0,1,0] },
						"east": { "texture": "#skin", "uv": [ 16.0, 13.5, 20.5, 20.0 ], "windMode": [-1,-1,-1,-1], "windData": [1,0,0,1] },
						"south": { "texture": "#skin", "uv": [ 8.5, 13.5, 16.0, 20.0 ] },
						"west": { "texture": "#skin", "uv": [ 28.0, 13.5, 32.5, 20.0 ] },
						"up": { "texture": "#skin", "uv": [ 3.0, 12.0, 7.5, 19.5 ], "rotation": 90 }
					},
					"children": [
						{
							"name": "Neck2",
							"from": [ 1.1, 4.7, 0.5 ],
							"to": [ 7.7, 10.6, 4.1 ],
							"unwrapMode": 2,
							"uv": [ 10.0, 1.0 ],
							"rotationOrigin": [ 5.2, 4.9, 2.3 ],
							"rotationZ": 2.0,
							"faces": {
								"north": { "texture": "#skin", "uv": [ 20.0, 7.5, 26.5, 13.0 ] },
								"east": { "texture": "#skin", "uv": [ 16.5, 7.5, 20.0, 13.0 ] },
								"south": { "texture": "#skin", "uv": [ 10.0, 7.5, 16.5, 13.0 ] },
								"west": { "texture": "#skin", "uv": [ 26.5, 7.5, 30.0, 13.0 ] },
								"up": { "texture": "#skin", "uv": [ 16.5, 1.0, 20.0, 7.5 ], "rotation": 270 }
							},
							"children": [
								{
									"name": "Head",
									"from": [ 4.4836, 0.8, -0.5 ],
									"to": [ 7.1836, 6.2, 4.1 ],
									"unwrapMode": 4,
									"uv": [ 8.0, 60.0 ],
									"rotationOrigin": [ 6.6, 6.2, 1.8 ],
									"rotationZ": -64.0,
									"faces": {
										"north": { "texture": "#skin", "uv": [ 8.0, 62.5, 10.5, 67.5 ] },
										"east": { "texture": "#skin", "uv": [ 17.5, 62.5, 22.0, 67.5 ] },
										"south": { "texture": "#skin", "uv": [ 15.0, 62.5, 17.5, 67.5 ] },
										"west": { "texture": "#skin", "uv": [ 10.5, 62.5, 15.0, 67.5 ] },
										"up": { "texture": "#skin", "uv": [ 10.5, 60.0, 15.0, 62.5 ], "rotation": 90 },
										"down": { "texture": "#skin", "uv": [ 10.5, 67.5, 15.0, 70.0 ], "rotation": 90 }
									},
									"children": [
										{
											"name": "MouthUp",
											"from": [ -5.1, 1.5, 0.8 ],
											"to": [ 0.2, 2.7, 3.8 ],
											"unwrapMode": 5,
											"unwrapRotation": 1,
											"uv": [ 1.5, 70.5 ],
											"rotationOrigin": [ -1.5, 2.5, 2.3 ],
											"rotationZ": 4.0,
											"faces": {
												"north": { "texture": "#skin", "uv": [ 1.5, 70.5, 2.5, 75.5 ], "rotation": 270 },
												"south": { "texture": "#skin", "uv": [ 5.5, 70.5, 6.5, 75.5 ], "rotation": 90 },
												"west": { "texture": "#skin", "uv": [ 2.5, 75.5, 5.5, 76.5 ] },
												"up": { "texture": "#skin", "uv": [ 2.5, 70.5, 5.5, 75.5 ], "rotation": 90, "windMode": [-1,-1,-1,-1], "windData": [1,1,1,1] },
												"down": { "texture": "#skin", "uv": [ 6.5, 70.5, 9.5, 75.5 ], "rotation": 270 }
											},
											"children": [
												{
													"name": "Nose",
													"from": [ 0.9, -0.1, 0.25 ],
													"to": [ 5.7, 2.2, 2.75 ],
													"unwrapMode": 5,
													"unwrapRotation": 1,
													"uv": [ 23.0, 73.5 ],
													"rotationOrigin": [ 0.9, 2.0, 0.8 ],
													"rotationZ": 16.0,
													"faces": {
														"north": { "texture": "#skin", "uv": [ 23.0, 73.5, 25.0, 78.0 ], "rotation": 270, "windMode": [-1,-1,-1,-1], "windData": [1,1,1,1] },
														"south": { "texture": "#skin", "uv": [ 27.5, 73.5, 29.5, 78.0 ], "rotation": 90 },
														"west": { "texture": "#skin", "uv": [ 25.0, 78.0, 27.5, 80.0 ], "windMode": [-1,-1,-1,-1], "windData": [1,1,1,1] },
														"up": { "texture": "#skin", "uv": [ 25.0, 73.5, 27.5, 78.0 ], "rotation": 90 }
													},
													"children": [
														{
															"name": "Snout",
															"from": [ -1.5, 0.2, -0.4 ],
															"to": [ 0.2, 2.2, 2.9 ],
															"unwrapMode": 4,
															"uv": [ 36.5, 75.0 ],
															"rotationOrigin": [ 0.0, 2.0, 1.25 ],
															"rotationZ": -9.0,
															"faces": {
																"north": { "texture": "#skin", "uv": [ 36.5, 76.5, 38.0, 78.5 ], "windMode": [-1,-1,-1,-1], "windData": [1,1,1,1] },
																"east": { "texture": "#skin", "uv": [ 42.5, 76.5, 45.5, 78.5 ], "windMode": [-1,-1,-1,-1], "windData": [1,1,1,1] },
																"south": { "texture": "#skin", "uv": [ 41.0, 76.5, 42.5, 78.5 ], "windMode": [-1,-1,-1,-1], "windData": [1,1,1,1] },
																"west": { "texture": "#skin", "uv": [ 38.0, 76.5, 41.0, 78.5 ], "windMode": [-1,-1,-1,-1], "windData": [1,1,1,1] },
																"up": { "texture": "#skin", "uv": [ 38.0, 75.0, 41.0, 76.5 ], "rotation": 90, "windMode": [-1,-1,-1,-1], "windData": [1,1,1,1] },
																"down": { "texture": "#skin", "uv": [ 38.0, 78.5, 41.0, 80.0 ], "rotation": 90, "windMode": [-1,-1,-1,-1], "windData": [1,1,1,1] }
															}
														},
														{
															"name": "NoseBridge",
															"from": [ 3.6, 0.5, -0.7 ],
															"to": [ 4.8, 2.2, 3.2 ],
															"unwrapMode": 7,
															"unwrapRotation": 1,
															"uv": [ 30.0, 73.5 ],
															"rotationOrigin": [ 3.6, 2.2, -0.7 ],
															"rotationZ": 18.0,
															"faces": {
																"north": { "texture": "#skin", "uv": [ 35.0, 75.0, 36.5, 76.0 ], "rotation": 90 },
																"east": { "texture": "#skin", "uv": [ 31.5, 76.0, 35.0, 77.5 ] },
																"south": { "texture": "#skin", "uv": [ 30.0, 75.0, 31.5, 76.0 ], "rotation": 270 },
																"west": { "texture": "#skin", "uv": [ 31.5, 73.5, 35.0, 75.0 ], "rotation": 180 },
																"up": { "texture": "#skin", "uv": [ 31.5, 75.0, 35.0, 76.0 ], "rotation": 270 }
															}
														}
													]
												}
											]
										},
										{
											"name": "L Ear",
											"from": [ 1.7, 3.2, 3.8 ],
											"to": [ 2.0, 4.6, 5.5 ],
											"unwrapMode": 4,
											"uv": [ 0.5, 67.0 ],
											"rotationOrigin": [ 1.8, 3.2, 4.5 ],
											"rotationX": 110.0,
											"rotationY": 14.0,
											"faces": {
												"north": { "texture": "#skin", "uv": [ 0.5, 67.5, 1.0, 68.5 ], "windMode": [-1,-1,-1,-1], "windData": [1,1,1,1] },
												"east": { "texture": "#skin", "uv": [ 3.0, 67.5, 4.5, 68.5 ] },
												"south": { "texture": "#skin", "uv": [ 2.5, 67.5, 3.0, 68.5 ], "windMode": [-1,-1,-1,-1], "windData": [1,1,1,1] },
												"west": { "texture": "#skin", "uv": [ 1.0, 67.5, 2.5, 68.5 ] },
												"up": { "texture": "#skin", "uv": [ 1.0, 67.0, 2.5, 67.5 ], "rotation": 90 },
												"down": { "texture": "#skin", "uv": [ 1.0, 68.5, 2.5, 69.0 ], "rotation": 90 }
											},
											"children": [
												{
													"name": "L Ear3",
													"from": [ 0.0, 1.4, 0.0 ],
													"to": [ 0.3, 3.3, 0.7 ],
													"unwrapMode": 4,
													"uv": [ 4.5, 64.5 ],
													"rotationOrigin": [ 0.2, 1.4, 0.0 ],
													"rotationX": 8.0,
													"rotationY": 1.0,
													"faces": {
														"north": { "texture": "#skin", "uv": [ 4.5, 65.0, 5.0, 66.5 ] },
														"east": { "texture": "#skin", "uv": [ 6.0, 65.0, 6.5, 66.5 ] },
														"south": { "texture": "#skin", "uv": [ 5.5, 65.0, 6.0, 66.5 ] },
														"west": { "texture": "#skin", "uv": [ 5.0, 65.0, 5.5, 66.5 ] },
														"up": { "texture": "#skin", "uv": [ 5.0, 64.5, 5.5, 65.0 ], "rotation": 90 },
														"down": { "texture": "#skin", "uv": [ 5.0, 66.5, 5.5, 67.0 ], "rotation": 90 }
													}
												},
												{
													"name": "L Ear2",
													"from": [ 0.0, 1.4, 0.6 ],
													"to": [ 0.3, 3.3, 1.7 ],
													"unwrapMode": 4,
													"uv": [ 0.5, 64.0 ],
													"rotationOrigin": [ 0.2, 1.4, 1.7 ],
													"rotationX": -10.0,
													"rotationY": -1.0,
													"faces": {
														"north": { "texture": "#skin", "uv": [ 0.5, 64.5, 1.0, 66.0 ] },
														"east": { "texture": "#skin", "uv": [ 2.5, 64.5, 3.5, 66.0 ] },
														"south": { "texture": "#skin", "uv": [ 2.0, 64.5, 2.5, 66.0 ] },
														"west": { "texture": "#skin", "uv": [ 1.0, 64.5, 2.0, 66.0 ] },
														"up": { "texture": "#skin", "uv": [ 1.0, 64.0, 2.0, 64.5 ], "rotation": 90 },
														"down": { "texture": "#skin", "uv": [ 1.0, 66.0, 2.0, 66.5 ], "rotation": 90 }
													}
												}
											]
										},
										{
											"name": "R Eye",
											"from": [ -0.01, 3.5, -0.01 ],
											"to": [ 0.69, 3.8, 0.19 ],
											"unwrapMode": 5,
											"uv": [ 1.0, 48.0 ],
											"rotationOrigin": [ -0.01, 3.9, -0.21 ],
											"faces": {
												"north": { "texture": "#skin", "uv": [ 1.5, 48.0, 2.0, 48.5 ], "rotation": 180 },
												"east": { "texture": "#skin", "uv": [ 2.0, 48.5, 2.5, 49.0 ], "rotation": 90 },
												"west": { "texture": "#skin", "uv": [ 1.0, 48.5, 1.5, 49.0 ], "rotation": 270 },
												"up": { "texture": "#skin", "uv": [ 1.5, 48.5, 2.0, 49.0 ] },
												"down": { "texture": "#skin", "uv": [ 2.5, 48.5, 3.0, 49.0 ] }
											},
											"children": [
												{
													"name": "R Eye2",
													"from": [ 0.0, 0.3, 0.0 ],
													"to": [ 0.7, 0.6, 0.2 ],
													"unwrapMode": 5,
													"uv": [ 1.0, 50.0 ],
													"rotationOrigin": [ 0.0, 0.7, -0.1 ],
													"faces": {
														"north": { "texture": "#skin", "uv": [ 1.5, 50.0, 2.0, 50.5 ], "rotation": 180 },
														"east": { "texture": "#skin", "uv": [ 2.0, 50.5, 2.5, 51.0 ], "rotation": 90 },
														"west": { "texture": "#skin", "uv": [ 1.0, 50.5, 1.5, 51.0 ], "rotation": 270 },
														"up": { "texture": "#skin", "uv": [ 1.5, 50.5, 2.0, 51.0 ] },
														"down": { "texture": "#skin", "uv": [ 2.5, 50.5, 3.0, 51.0 ] }
													},
													"children": [
														{
															"name": "R Pupil",
															"from": [ -0.01, -0.1, -0.01 ],
															"to": [ 0.49, 0.1, 0.19 ],
															"unwrapMode": 5,
															"uv": [ 1.0, 46.0 ],
															"rotationOrigin": [ -0.01, -0.1, -0.01 ],
															"faces": {
																"north": { "texture": "#skin", "uv": [ 1.5, 46.0, 2.0, 46.5 ], "rotation": 180, "windMode": [-1,-1,-1,-1], "windData": [1,1,1,1] },
																"east": { "texture": "#skin", "uv": [ 2.0, 46.5, 2.5, 47.0 ], "rotation": 90 },
																"west": { "texture": "#skin", "uv": [ 1.0, 46.5, 1.5, 47.0 ], "rotation": 270 },
																"up": { "texture": "#skin", "uv": [ 1.5, 46.5, 2.0, 47.0 ] },
																"down": { "texture": "#skin", "uv": [ 2.5, 46.5, 3.0, 47.0 ] }
															}
														}
													]
												}
											]
										},
										{
											"name": "R Ear",
											"from": [ 1.7, 3.2, -0.9 ],
											"to": [ 2.0, 4.6, 0.8 ],
											"unwrapMode": 4,
											"uv": [ 0.5, 61.5 ],
											"rotationOrigin": [ 1.8, 3.2, 0.2 ],
											"rotationX": -110.0,
											"rotationY": -15.0,
											"faces": {
												"north": { "texture": "#skin", "uv": [ 0.5, 62.0, 1.0, 63.0 ] },
												"east": { "texture": "#skin", "uv": [ 3.0, 62.0, 4.5, 63.0 ] },
												"south": { "texture": "#skin", "uv": [ 2.5, 62.0, 3.0, 63.0 ], "windMode": [-1,-1,-1,-1], "windData": [1,1,1,1] },
												"west": { "texture": "#skin", "uv": [ 1.0, 62.0, 2.5, 63.0 ] },
												"up": { "texture": "#skin", "uv": [ 1.0, 61.5, 2.5, 62.0 ], "rotation": 90 },
												"down": { "texture": "#skin", "uv": [ 1.0, 63.0, 2.5, 63.5 ], "rotation": 90 }
											},
											"children": [
												{
													"name": "R Ear2",
													"from": [ 0.0, 1.4, 0.0 ],
													"to": [ 0.3, 3.3, 1.1 ],
													"unwrapMode": 4,
													"uv": [ 0.5, 58.0 ],
													"rotationOrigin": [ 0.2, 1.4, 0.0 ],
													"rotationX": 10.0,
													"rotationY": 1.0,
													"faces": {
														"north": { "texture": "#skin", "uv": [ 0.5, 58.5, 1.0, 60.0 ] },
														"east": { "texture": "#skin", "uv": [ 2.5, 58.5, 3.5, 60.0 ] },
														"south": { "texture": "#skin", "uv": [ 2.0, 58.5, 2.5, 60.0 ] },
														"west": { "texture": "#skin", "uv": [ 1.0, 58.5, 2.0, 60.0 ] },
														"up": { "texture": "#skin", "uv": [ 1.0, 58.0, 2.0, 58.5 ], "rotation": 90 },
														"down": { "texture": "#skin", "uv": [ 1.0, 60.0, 2.0, 60.5 ], "rotation": 90 }
													}
												},
												{
													"name": "R Ear3",
													"from": [ 0.0, 1.4, 1.0 ],
													"to": [ 0.3, 3.3, 1.7 ],
													"unwrapMode": 4,
													"uv": [ 4.5, 59.5 ],
													"rotationOrigin": [ 0.2, 1.4, 1.6 ],
													"rotationX": -8.0,
													"rotationY": -1.0,
													"faces": {
														"north": { "texture": "#skin", "uv": [ 4.5, 60.0, 5.0, 61.5 ] },
														"east": { "texture": "#skin", "uv": [ 6.0, 60.0, 6.5, 61.5 ] },
														"south": { "texture": "#skin", "uv": [ 5.5, 60.0, 6.0, 61.5 ] },
														"west": { "texture": "#skin", "uv": [ 5.0, 60.0, 5.5, 61.5 ] },
														"up": { "texture": "#skin", "uv": [ 5.0, 59.5, 5.5, 60.0 ], "rotation": 90 },
														"down": { "texture": "#skin", "uv": [ 5.0, 61.5, 5.5, 62.0 ], "rotation": 90 }
													}
												}
											]
										},
										{
											"name": "L Eye",
											"from": [ -0.01, 3.5, 4.41 ],
											"to": [ 0.69, 3.8, 4.61 ],
											"unwrapMode": 5,
											"uv": [ 1.0, 48.5 ],
											"rotationOrigin": [ -0.01, 3.9, 4.41 ],
											"faces": {
												"east": { "texture": "#skin", "uv": [ 2.0, 48.5, 2.5, 49.0 ], "rotation": 90 },
												"south": { "texture": "#skin", "uv": [ 1.5, 49.0, 2.0, 49.5 ] },
												"west": { "texture": "#skin", "uv": [ 1.0, 48.5, 1.5, 49.0 ], "rotation": 270 },
												"up": { "texture": "#skin", "uv": [ 1.5, 48.5, 2.0, 49.0 ] },
												"down": { "texture": "#skin", "uv": [ 2.5, 48.5, 3.0, 49.0 ] }
											},
											"children": [
												{
													"name": "L Eye2",
													"from": [ 0.0, 0.3, 0.0 ],
													"to": [ 0.7, 0.6, 0.2 ],
													"unwrapMode": 5,
													"uv": [ 1.0, 50.5 ],
													"rotationOrigin": [ 0.0, 0.8, -0.1 ],
													"faces": {
														"east": { "texture": "#skin", "uv": [ 2.0, 50.5, 2.5, 51.0 ], "rotation": 90 },
														"south": { "texture": "#skin", "uv": [ 1.5, 51.0, 2.0, 51.5 ] },
														"west": { "texture": "#skin", "uv": [ 1.0, 50.5, 1.5, 51.0 ], "rotation": 270 },
														"up": { "texture": "#skin", "uv": [ 1.5, 50.5, 2.0, 51.0 ] },
														"down": { "texture": "#skin", "uv": [ 2.5, 50.5, 3.0, 51.0 ] }
													},
													"children": [
														{
															"name": "L Pupil",
															"from": [ -0.01, -0.1, 0.01 ],
															"to": [ 0.49, 0.1, 0.21 ],
															"unwrapMode": 5,
															"uv": [ 1.0, 46.5 ],
															"rotationOrigin": [ -0.01, -0.1, 0.01 ],
															"faces": {
																"east": { "texture": "#skin", "uv": [ 2.0, 46.5, 2.5, 47.0 ], "rotation": 90 },
																"south": { "texture": "#skin", "uv": [ 1.5, 47.0, 2.0, 47.5 ] },
																"west": { "texture": "#skin", "uv": [ 1.0, 46.5, 1.5, 47.0 ], "rotation": 270 },
																"up": { "texture": "#skin", "uv": [ 1.5, 46.5, 2.0, 47.0 ] },
																"down": { "texture": "#skin", "uv": [ 2.5, 46.5, 3.0, 47.0 ] }
															}
														}
													]
												}
											]
										},
										{
											"name": "Jaw",
											"from": [ -3.5, -0.8, 0.9 ],
											"to": [ 2.3, 1.7, 3.7 ],
											"unwrapMode": 5,
											"unwrapRotation": 1,
											"uv": [ 12.0, 71.0 ],
											"rotationOrigin": [ 1.8, 0.8, 2.1 ],
											"rotationZ": -9.5,
											"faces": {
												"north": { "texture": "#skin", "uv": [ 12.0, 71.0, 14.5, 76.5 ], "rotation": 270 },
												"south": { "texture": "#skin", "uv": [ 17.0, 71.0, 19.5, 76.5 ], "rotation": 90 },
												"west": { "texture": "#skin", "uv": [ 14.5, 76.5, 17.0, 79.0 ] },
												"up": { "texture": "#skin", "uv": [ 14.5, 71.0, 17.0, 76.5 ], "rotation": 90 },
												"down": { "texture": "#skin", "uv": [ 19.5, 71.0, 22.0, 76.5 ], "rotation": 270 }
											},
											"children": [
												{
													"name": "Jaw2",
													"from": [ -1.5, 0.4, 0.3 ],
													"to": [ 1.0, 1.6, 2.5 ],
													"unwrapMode": 5,
													"unwrapRotation": 1,
													"uv": [ 15.5, 58.5 ],
													"rotationOrigin": [ 0.8, 1.1, 1.3 ],
													"rotationZ": 6.0,
													"faces": {
														"north": { "texture": "#skin", "uv": [ 15.5, 58.5, 16.5, 61.0 ], "rotation": 270 },
														"south": { "texture": "#skin", "uv": [ 18.5, 58.5, 19.5, 61.0 ], "rotation": 90 },
														"west": { "texture": "#skin", "uv": [ 16.5, 61.0, 18.5, 62.0 ] },
														"up": { "texture": "#skin", "uv": [ 16.5, 58.5, 18.5, 61.0 ], "rotation": 90 },
														"down": { "texture": "#skin", "uv": [ 19.5, 58.5, 21.5, 61.0 ], "rotation": 270 }
													}
												},
												{
													"name": "Tongue",
													"from": [ -0.7, 1.1, 0.8 ],
													"to": [ 1.1, 2.0, 2.0 ],
													"unwrapMode": 7,
													"unwrapRotation": 1,
													"uv": [ 7.0, 60.0 ],
													"rotationOrigin": [ 1.1, 1.6, 1.2 ],
													"rotationZ": 20.0,
													"faces": {
														"north": { "texture": "#skin", "uv": [ 8.5, 60.5, 9.0, 62.0 ], "rotation": 90 },
														"south": { "texture": "#skin", "uv": [ 7.0, 60.5, 7.5, 62.0 ], "rotation": 270 },
														"west": { "texture": "#skin", "uv": [ 7.5, 60.0, 8.5, 60.5 ], "rotation": 180 },
														"up": { "texture": "#skin", "uv": [ 7.5, 60.5, 8.5, 62.0 ], "rotation": 270 },
														"down": { "texture": "#skin", "uv": [ 9.0, 60.5, 10.0, 62.0 ], "rotation": 90 }
													}
												}
											]
										},
										{
											"name": "AntlerBase",
											"from": [ 0.9, 4.5, 2.3 ],
											"to": [ 0.9, 4.5, 2.3 ],
											"uv": [ 0.0, 0.0 ],
											"rotationOrigin": [ 0.9, 4.5, 2.3 ],
											"faces": {
											},
											"children": [
												{
													"name": "LHorn1",
													"from": [ -0.4, 0.4, 1.0 ],
													"to": [ 1.6, 2.9, 2.6 ],
													"unwrapMode": 2,
													"uv": [ 88.0, 40.0 ],
													"rotationOrigin": [ 0.3, 0.4, 1.5 ],
													"rotationX": 83.0,
													"rotationY": 3.0,
													"rotationZ": -15.0,
													"faces": {
														"north": { "texture": "#horn", "uv": [ 91.5, 42.0, 93.5, 44.5 ] },
														"east": { "texture": "#horn", "uv": [ 90.0, 42.0, 91.5, 44.5 ] },
														"south": { "texture": "#horn", "uv": [ 88.0, 42.0, 90.0, 44.5 ] },
														"west": { "texture": "#horn", "uv": [ 93.5, 42.0, 95.0, 44.5 ] },
														"up": { "texture": "#horn", "uv": [ 90.0, 40.0, 91.5, 42.0 ], "rotation": 270 }
													},
													"children": [
														{
															"name": "LHorn2",
															"from": [ 0.0, 2.2, 0.0 ],
															"to": [ 1.8, 3.7, 1.5 ],
															"unwrapMode": 2,
															"uv": [ 88.0, 37.0 ],
															"rotationOrigin": [ 0.8, 2.2, 0.8 ],
															"rotationX": 5.0,
															"rotationY": 6.0,
															"rotationZ": -3.0,
															"faces": {
																"north": { "texture": "#horn", "uv": [ 91.0, 38.5, 92.5, 40.0 ] },
																"east": { "texture": "#horn", "uv": [ 89.5, 38.5, 91.0, 40.0 ] },
																"south": { "texture": "#horn", "uv": [ 88.0, 38.5, 89.5, 40.0 ] },
																"west": { "texture": "#horn", "uv": [ 92.5, 38.5, 94.0, 40.0 ] },
																"up": { "texture": "#horn", "uv": [ 89.5, 37.0, 91.0, 38.5 ], "rotation": 270 }
															},
															"children": [
																{
																	"name": "LHorn3",
																	"from": [ 0.0, 1.3, 0.1 ],
																	"to": [ 1.7, 3.3, 1.4 ],
																	"unwrapMode": 2,
																	"uv": [ 88.0, 33.5 ],
																	"rotationOrigin": [ 0.6, 1.3, 0.8 ],
																	"rotationX": 5.0,
																	"rotationY": 8.0,
																	"rotationZ": -12.0,
																	"faces": {
																		"north": { "texture": "#horn", "uv": [ 90.5, 35.0, 92.0, 37.0 ] },
																		"east": { "texture": "#horn", "uv": [ 89.5, 35.0, 90.5, 37.0 ] },
																		"south": { "texture": "#horn", "uv": [ 88.0, 35.0, 89.5, 37.0 ] },
																		"west": { "texture": "#horn", "uv": [ 92.0, 35.0, 93.0, 37.0 ] },
																		"up": { "texture": "#horn", "uv": [ 89.5, 33.5, 90.5, 35.0 ], "rotation": 270 }
																	},
																	"children": [
																		{
																			"name": "LHorn4",
																			"from": [ 0.0, 1.6, 0.0 ],
																			"to": [ 1.6, 3.6, 1.3 ],
																			"unwrapMode": 1,
																			"uv": [ 88.0, 31.0 ],
																			"rotationOrigin": [ 0.5, 1.6, 0.5 ],
																			"rotationY": 8.0,
																			"rotationZ": -8.0,
																			"faces": {
																				"north": { "texture": "#horn", "uv": [ 89.0, 32.0, 90.5, 34.0 ] },
																				"east": { "texture": "#horn", "uv": [ 88.0, 32.0, 89.0, 34.0 ] },
																				"south": { "texture": "#horn", "uv": [ 91.5, 32.0, 93.0, 34.0 ] },
																				"west": { "texture": "#horn", "uv": [ 90.5, 32.0, 91.5, 34.0 ] },
																				"up": { "texture": "#horn", "uv": [ 89.0, 31.0, 90.5, 32.0 ], "rotation": 180 }
																			},
																			"children": [
																				{
																					"name": "LHorn5",
																					"from": [ 0.0, 1.7, 0.0 ],
																					"to": [ 1.5, 3.7, 1.0 ],
																					"unwrapMode": 3,
																					"uv": [ 88.0, 27.5 ],
																					"rotationOrigin": [ 0.6, 1.7, 0.6 ],
																					"rotationX": -5.0,
																					"rotationY": 8.0,
																					"rotationZ": -20.0,
																					"faces": {
																						"north": { "texture": "#horn", "uv": [ 91.5, 28.5, 93.0, 30.5 ] },
																						"east": { "texture": "#horn", "uv": [ 90.5, 28.5, 91.5, 30.5 ] },
																						"south": { "texture": "#horn", "uv": [ 89.0, 28.5, 90.5, 30.5 ] },
																						"west": { "texture": "#horn", "uv": [ 88.0, 28.5, 89.0, 30.5 ] },
																						"up": { "texture": "#horn", "uv": [ 89.0, 27.5, 90.5, 28.5 ] }
																					},
																					"children": [
																						{
																							"name": "LHorn6",
																							"from": [ 0.1, 1.9, 0.1 ],
																							"to": [ 1.3, 3.4, 0.9 ],
																							"unwrapMode": 3,
																							"uv": [ 88.0, 25.0 ],
																							"rotationOrigin": [ 0.5, 1.9, 0.5 ],
																							"rotationX": -4.0,
																							"rotationZ": -20.0,
																							"faces": {
																								"north": { "texture": "#horn", "uv": [ 90.0, 25.5, 91.0, 27.0 ] },
																								"east": { "texture": "#horn", "uv": [ 89.5, 25.5, 90.0, 27.0 ] },
																								"south": { "texture": "#horn", "uv": [ 88.5, 25.5, 89.5, 27.0 ] },
																								"west": { "texture": "#horn", "uv": [ 88.0, 25.5, 88.5, 27.0 ] },
																								"up": { "texture": "#horn", "uv": [ 88.5, 25.0, 89.5, 25.5 ] }
																							},
																							"children": [
																								{
																									"name": "LHorn7",
																									"from": [ 0.0, 1.4, 0.1 ],
																									"to": [ 1.0, 2.9, 0.7 ],
																									"unwrapMode": 3,
																									"uv": [ 90.5, 22.0 ],
																									"rotationOrigin": [ 0.3, 1.4, 0.4 ],
																									"rotationX": -2.0,
																									"rotationY": -4.0,
																									"rotationZ": -16.0,
																									"faces": {
																										"north": { "texture": "#horn", "uv": [ 92.5, 22.5, 93.5, 24.0 ] },
																										"east": { "texture": "#horn", "uv": [ 92.0, 22.5, 92.5, 24.0 ] },
																										"south": { "texture": "#horn", "uv": [ 91.0, 22.5, 92.0, 24.0 ] },
																										"west": { "texture": "#horn", "uv": [ 90.5, 22.5, 91.0, 24.0 ] },
																										"up": { "texture": "#horn", "uv": [ 91.0, 22.0, 92.0, 22.5 ] }
																									},
																									"children": [
																										{
																											"name": "LHorn8",
																											"from": [ 0.1, 1.3, 0.1 ],
																											"to": [ 0.8, 2.8, 0.5 ],
																											"unwrapMode": 3,
																											"uv": [ 90.5, 19.0 ],
																											"rotationOrigin": [ 0.3, 1.3, 0.3 ],
																											"rotationX": -2.0,
																											"rotationY": -4.0,
																											"rotationZ": -16.0,
																											"faces": {
																												"north": { "texture": "#horn", "uv": [ 92.0, 19.5, 92.5, 21.0 ] },
																												"east": { "texture": "#horn", "uv": [ 91.5, 19.5, 92.0, 21.0 ] },
																												"south": { "texture": "#horn", "uv": [ 91.0, 19.5, 91.5, 21.0 ] },
																												"west": { "texture": "#horn", "uv": [ 90.5, 19.5, 91.0, 21.0 ] },
																												"up": { "texture": "#horn", "uv": [ 91.0, 19.0, 91.5, 19.5 ] }
																											}
																										}
																									]
																								}
																							]
																						}
																					]
																				}
																			]
																		}
																	]
																}
															]
														}
													]
												},
												{
													"name": "RHorn1",
													"from": [ -0.4, 0.3, -2.5 ],
													"to": [ 1.6, 2.8, -0.9 ],
													"unwrapMode": 2,
													"uv": [ 89.5, 40.0 ],
													"rotationOrigin": [ 0.3, 0.3, -1.5 ],
													"rotationX": -83.0,
													"rotationY": -3.0,
													"rotationZ": -15.0,
													"faces": {
														"north": { "texture": "#horn", "uv": [ 93.0, 42.0, 95.0, 44.5 ] },
														"east": { "texture": "#horn", "uv": [ 91.5, 42.0, 93.0, 44.5 ] },
														"south": { "texture": "#horn", "uv": [ 89.5, 42.0, 91.5, 44.5 ] },
														"west": { "texture": "#horn", "uv": [ 95.0, 42.0, 96.5, 44.5 ] },
														"up": { "texture": "#horn", "uv": [ 91.5, 40.0, 93.0, 42.0 ], "rotation": 270 }
													},
													"children": [
														{
															"name": "RHorn2",
															"from": [ 0.0, 2.2, 0.1 ],
															"to": [ 1.8, 3.7, 1.6 ],
															"unwrapMode": 2,
															"uv": [ 89.5, 37.0 ],
															"rotationOrigin": [ 0.8, 2.2, 1.1 ],
															"rotationX": -5.0,
															"rotationY": -6.0,
															"rotationZ": -3.0,
															"faces": {
																"north": { "texture": "#horn", "uv": [ 92.5, 38.5, 94.0, 40.0 ] },
																"east": { "texture": "#horn", "uv": [ 91.0, 38.5, 92.5, 40.0 ] },
																"south": { "texture": "#horn", "uv": [ 89.5, 38.5, 91.0, 40.0 ] },
																"west": { "texture": "#horn", "uv": [ 94.0, 38.5, 95.5, 40.0 ] },
																"up": { "texture": "#horn", "uv": [ 91.0, 37.0, 92.5, 38.5 ], "rotation": 270 }
															},
															"children": [
																{
																	"name": "RHorn3",
																	"from": [ 0.0, 1.3, 0.1 ],
																	"to": [ 1.7, 3.3, 1.4 ],
																	"unwrapMode": 2,
																	"uv": [ 90.5, 33.5 ],
																	"rotationOrigin": [ 0.6, 1.3, 0.8 ],
																	"rotationX": -5.0,
																	"rotationY": -8.0,
																	"rotationZ": -12.0,
																	"faces": {
																		"north": { "texture": "#horn", "uv": [ 93.0, 35.0, 94.5, 37.0 ] },
																		"east": { "texture": "#horn", "uv": [ 92.0, 35.0, 93.0, 37.0 ] },
																		"south": { "texture": "#horn", "uv": [ 90.5, 35.0, 92.0, 37.0 ] },
																		"west": { "texture": "#horn", "uv": [ 94.5, 35.0, 95.5, 37.0 ] },
																		"up": { "texture": "#horn", "uv": [ 92.0, 33.5, 93.0, 35.0 ], "rotation": 270 }
																	},
																	"children": [
																		{
																			"name": "RHorn4",
																			"from": [ 0.0, 1.6, 0.0 ],
																			"to": [ 1.6, 3.6, 1.3 ],
																			"unwrapMode": 3,
																			"uv": [ 91.5, 31.0 ],
																			"rotationOrigin": [ 0.5, 1.6, 0.5 ],
																			"rotationY": -8.0,
																			"rotationZ": -8.0,
																			"faces": {
																				"north": { "texture": "#horn", "uv": [ 95.0, 32.0, 96.5, 34.0 ] },
																				"east": { "texture": "#horn", "uv": [ 94.0, 32.0, 95.0, 34.0 ] },
																				"south": { "texture": "#horn", "uv": [ 92.5, 32.0, 94.0, 34.0 ] },
																				"west": { "texture": "#horn", "uv": [ 91.5, 32.0, 92.5, 34.0 ] },
																				"up": { "texture": "#horn", "uv": [ 92.5, 31.0, 94.0, 32.0 ] }
																			},
																			"children": [
																				{
																					"name": "RHorn5",
																					"from": [ 0.0, 1.7, 0.0 ],
																					"to": [ 1.5, 3.7, 1.0 ],
																					"unwrapMode": 1,
																					"uv": [ 91.5, 27.5 ],
																					"rotationOrigin": [ 0.6, 1.7, 0.6 ],
																					"rotationX": 5.0,
																					"rotationY": -8.0,
																					"rotationZ": -20.0,
																					"faces": {
																						"north": { "texture": "#horn", "uv": [ 92.5, 28.5, 94.0, 30.5 ] },
																						"east": { "texture": "#horn", "uv": [ 91.5, 28.5, 92.5, 30.5 ] },
																						"south": { "texture": "#horn", "uv": [ 95.0, 28.5, 96.5, 30.5 ] },
																						"west": { "texture": "#horn", "uv": [ 94.0, 28.5, 95.0, 30.5 ] },
																						"up": { "texture": "#horn", "uv": [ 92.5, 27.5, 94.0, 28.5 ], "rotation": 180 }
																					},
																					"children": [
																						{
																							"name": "RHorn6",
																							"from": [ 0.1, 1.9, 0.1 ],
																							"to": [ 1.3, 3.4, 0.9 ],
																							"unwrapMode": 1,
																							"uv": [ 92.5, 25.0 ],
																							"rotationOrigin": [ 0.5, 1.9, 0.5 ],
																							"rotationX": 4.0,
																							"rotationZ": -20.0,
																							"faces": {
																								"north": { "texture": "#horn", "uv": [ 93.0, 25.5, 94.0, 27.0 ] },
																								"east": { "texture": "#horn", "uv": [ 92.5, 25.5, 93.0, 27.0 ] },
																								"south": { "texture": "#horn", "uv": [ 94.5, 25.5, 95.5, 27.0 ] },
																								"west": { "texture": "#horn", "uv": [ 94.0, 25.5, 94.5, 27.0 ] },
																								"up": { "texture": "#horn", "uv": [ 93.0, 25.0, 94.0, 25.5 ], "rotation": 180 }
																							},
																							"children": [
																								{
																									"name": "RHorn7",
																									"from": [ 0.0, 1.4, 0.1 ],
																									"to": [ 1.0, 2.9, 0.7 ],
																									"unwrapMode": 1,
																									"uv": [ 93.5, 22.0 ],
																									"rotationOrigin": [ 0.3, 1.4, 0.4 ],
																									"rotationX": 2.0,
																									"rotationY": 4.0,
																									"rotationZ": -16.0,
																									"faces": {
																										"north": { "texture": "#horn", "uv": [ 94.0, 22.5, 95.0, 24.0 ] },
																										"east": { "texture": "#horn", "uv": [ 93.5, 22.5, 94.0, 24.0 ] },
																										"south": { "texture": "#horn", "uv": [ 95.5, 22.5, 96.5, 24.0 ] },
																										"west": { "texture": "#horn", "uv": [ 95.0, 22.5, 95.5, 24.0 ] },
																										"up": { "texture": "#horn", "uv": [ 94.0, 22.0, 95.0, 22.5 ], "rotation": 180 }
																									},
																									"children": [
																										{
																											"name": "RHorn8",
																											"from": [ 0.1, 1.3, 0.1 ],
																											"to": [ 0.8, 2.8, 0.5 ],
																											"unwrapMode": 1,
																											"uv": [ 94.5, 19.0 ],
																											"rotationOrigin": [ 0.3, 1.3, 0.3 ],
																											"rotationX": 2.0,
																											"rotationY": 4.0,
																											"rotationZ": -16.0,
																											"faces": {
																												"north": { "texture": "#horn", "uv": [ 95.0, 19.5, 95.5, 21.0 ] },
																												"east": { "texture": "#horn", "uv": [ 94.5, 19.5, 95.0, 21.0 ] },
																												"south": { "texture": "#horn", "uv": [ 96.0, 19.5, 96.5, 21.0 ] },
																												"west": { "texture": "#horn", "uv": [ 95.5, 19.5, 96.0, 21.0 ] },
																												"up": { "texture": "#horn", "uv": [ 95.0, 19.0, 95.5, 19.5 ], "rotation": 180 }
																											}
																										}
																									]
																								}
																							]
																						}
																					]
																				}
																			]
																		}
																	]
																}
															]
														}
													]
												}
											]
										}
									]
								},
								{
									"name": "Neck Hump2",
									"from": [ 5.5163, 1.1674, 0.4 ],
									"to": [ 7.5163, 5.7674, 3.2 ],
									"unwrapMode": 2,
									"uv": [ 29.0, 0.5 ],
									"rotationOrigin": [ 7.5, 1.3, 0.4 ],
									"rotationZ": 12.0,
									"faces": {
										"north": { "texture": "#skin", "uv": [ 33.5, 2.5, 35.5, 7.0 ] },
										"east": { "texture": "#skin", "uv": [ 31.0, 2.5, 33.5, 7.0 ] },
										"south": { "texture": "#skin", "uv": [ 29.0, 2.5, 31.0, 7.0 ] },
										"up": { "texture": "#skin", "uv": [ 31.0, 0.5, 33.5, 2.5 ], "rotation": 270 },
										"down": { "texture": "#skin", "uv": [ 31.0, 7.0, 33.5, 9.0 ], "rotation": 270 }
									}
								}
							],
							"attachmentpoints": [
								{
									"code": "rope",
									"posX": "0.0","posY": "2.0","posZ": "1.8",
									"rotationX": "0.0","rotationY": "0.0","rotationZ": "0.0"
								}
							]
						},
						{
							"name": "Neck Hump",
							"from": [ 8.0, 2.4, 0.55 ],
							"to": [ 10.0, 7.4, 4.05 ],
							"unwrapMode": 2,
							"uv": [ 33.5, 8.0 ],
							"rotationOrigin": [ 9.6, 2.7, 1.7 ],
							"rotationZ": 19.0,
							"faces": {
								"north": { "texture": "#skin", "uv": [ 39.0, 10.0, 41.0, 15.0 ] },
								"east": { "texture": "#skin", "uv": [ 35.5, 10.0, 39.0, 15.0 ] },
								"south": { "texture": "#skin", "uv": [ 33.5, 10.0, 35.5, 15.0 ] },
								"up": { "texture": "#skin", "uv": [ 35.5, 8.0, 39.0, 10.0 ], "rotation": 270 },
								"down": { "texture": "#skin", "uv": [ 35.5, 15.0, 39.0, 17.0 ], "rotation": 270 }
							}
						}
					]
				},
				{
					"name": "L Shoulder",
					"from": [ 0.0273, 2.5591, 8.2 ],
					"to": [ 4.1273, 11.0591, 10.2 ],
					"unwrapMode": 3,
					"uv": [ 43.0, 1.0 ],
					"rotationOrigin": [ 0.6, 7.5, 8.8 ],
					"rotationX": 2.0,
					"rotationZ": -14.22,
					"faces": {
						"north": { "texture": "#skin", "uv": [ 51.0, 3.0, 55.0, 11.5 ] },
						"east": { "texture": "#skin", "uv": [ 49.0, 3.0, 51.0, 11.5 ] },
						"south": { "texture": "#skin", "uv": [ 45.0, 3.0, 49.0, 11.5 ] },
						"west": { "texture": "#skin", "uv": [ 43.0, 3.0, 45.0, 11.5 ] },
						"up": { "texture": "#skin", "uv": [ 45.0, 1.0, 49.0, 3.0 ] },
						"down": { "texture": "#skin", "uv": [ 45.0, 11.5, 49.0, 13.5 ], "rotation": 180 }
					},
					"children": [
						{
							"name": "L ArmUp",
							"from": [ 0.3054, 0.0054, 0.2 ],
							"to": [ 6.0054, 3.0054, 2.0 ],
							"unwrapMode": 3,
							"uv": [ 42.0, 14.0 ],
							"rotationOrigin": [ 0.7, 0.7, 0.3 ],
							"rotationY": -0.5,
							"rotationZ": -27.0,
							"faces": {
								"north": { "texture": "#skin", "uv": [ 50.5, 15.5, 56.0, 18.5 ] },
								"east": { "texture": "#skin", "uv": [ 49.0, 15.5, 50.5, 18.5 ] },
								"south": { "texture": "#skin", "uv": [ 43.5, 15.5, 49.0, 18.5 ] },
								"west": { "texture": "#skin", "uv": [ 42.0, 15.5, 43.5, 18.5 ] },
								"up": { "texture": "#skin", "uv": [ 43.5, 14.0, 49.0, 15.5 ], "windMode": [-1,-1,-1,-1] },
								"down": { "texture": "#skin", "uv": [ 43.5, 18.5, 49.0, 20.0 ], "rotation": 180 }
							},
							"children": [
								{
									"name": "L ArmMid",
									"from": [ 3.4, -4.3, 0.1421 ],
									"to": [ 6.2, 2.7, 1.7421 ],
									"unwrapMode": 3,
									"uv": [ 45.0, 20.5 ],
									"rotationOrigin": [ 4.8, 2.0, 0.9 ],
									"rotationX": 2.0,
									"rotationY": 2.0,
									"rotationZ": -8.0,
									"faces": {
										"north": { "texture": "#skin", "uv": [ 50.5, 22.0, 53.0, 29.0 ] },
										"east": { "texture": "#skin", "uv": [ 49.0, 22.0, 50.5, 29.0 ] },
										"south": { "texture": "#skin", "uv": [ 46.5, 22.0, 49.0, 29.0 ] },
										"west": { "texture": "#skin", "uv": [ 45.0, 22.0, 46.5, 29.0 ] },
										"up": { "texture": "#skin", "uv": [ 46.5, 20.5, 49.0, 22.0 ] },
										"down": { "texture": "#skin", "uv": [ 46.5, 29.0, 49.0, 30.5 ], "rotation": 180 }
									},
									"children": [
										{
											"name": "L ArmLow",
											"from": [ 0.2, -4.3, 0.2 ],
											"to": [ 2.0, 0.8, 1.4 ],
											"unwrapMode": 3,
											"uv": [ 47.0, 31.0 ],
											"rotationOrigin": [ 1.1, 0.2, 0.8 ],
											"rotationX": -2.0,
											"rotationZ": 75.0,
											"faces": {
												"north": { "texture": "#skin", "uv": [ 50.5, 32.0, 52.0, 37.0 ] },
												"east": { "texture": "#skin", "uv": [ 49.5, 32.0, 50.5, 37.0 ] },
												"south": { "texture": "#skin", "uv": [ 48.0, 32.0, 49.5, 37.0 ] },
												"west": { "texture": "#skin", "uv": [ 47.0, 32.0, 48.0, 37.0 ] },
												"up": { "texture": "#skin", "uv": [ 48.0, 31.0, 49.5, 32.0 ] },
												"down": { "texture": "#skin", "uv": [ 48.0, 37.0, 49.5, 38.0 ], "rotation": 180 }
											},
											"children": [
												{
													"name": "L Front Pastern",
													"from": [ 0.2, -1.5, -0.2 ],
													"to": [ 1.7, 0.8, 1.4 ],
													"unwrapMode": 3,
													"uv": [ 48.5, 37.5 ],
													"rotationOrigin": [ 0.7, 0.7, 0.6 ],
													"rotationX": -1.0,
													"rotationZ": -3.33,
													"faces": {
														"north": { "texture": "#skin", "uv": [ 53.0, 39.0, 54.5, 41.0 ] },
														"east": { "texture": "#skin", "uv": [ 51.5, 39.0, 53.0, 41.0 ] },
														"south": { "texture": "#skin", "uv": [ 50.0, 39.0, 51.5, 41.0 ] },
														"west": { "texture": "#skin", "uv": [ 48.5, 39.0, 50.0, 41.0 ] },
														"up": { "texture": "#skin", "uv": [ 50.0, 37.5, 51.5, 39.0 ], "windMode": [-1,-1,-1,-1] },
														"down": { "texture": "#skin", "uv": [ 50.0, 41.0, 51.5, 42.5 ], "rotation": 180 }
													},
													"children": [
														{
															"name": "L Front Hoof",
															"from": [ 0.5, 0.6, 0.65 ],
															"to": [ 0.5, 0.6, 0.65 ],
															"uv": [ 0.0, 0.0 ],
															"rotationOrigin": [ 0.5, 0.6, 0.65 ],
															"rotationY": 1.0,
															"rotationZ": 52.0,
															"faces": {
															},
															"children": [
																{
																	"name": "L Front Hoof2",
																	"from": [ -0.9, -1.1, -0.6 ],
																	"to": [ 0.6, -0.5, 0.9 ],
																	"unwrapMode": 5,
																	"uv": [ 61.0, 67.5 ],
																	"rotationOrigin": [ 0.2, -0.6, 0.2 ],
																	"faces": {
																		"north": { "texture": "#skin", "uv": [ 61.5, 67.5, 63.0, 68.0 ], "rotation": 180 },
																		"east": { "texture": "#skin", "uv": [ 63.0, 68.0, 63.5, 69.5 ], "rotation": 90 },
																		"south": { "texture": "#skin", "uv": [ 61.5, 69.5, 63.0, 70.0 ] },
																		"west": { "texture": "#skin", "uv": [ 61.0, 68.0, 61.5, 69.5 ], "rotation": 270 },
																		"up": { "texture": "#skin", "uv": [ 61.5, 68.0, 63.0, 69.5 ] },
																		"down": { "texture": "#skin", "uv": [ 63.5, 68.0, 65.0, 69.5 ] }
																	}
																},
																{
																	"name": "L Front Hoof1",
																	"from": [ -0.9, -1.1, -0.6 ],
																	"to": [ 0.6, -0.6, 0.9 ],
																	"unwrapMode": 5,
																	"uv": [ 61.0, 70.5 ],
																	"rotationOrigin": [ -0.9, -1.1, -0.6 ],
																	"rotationZ": 49.0,
																	"faces": {
																		"north": { "texture": "#skin", "uv": [ 61.5, 70.5, 63.0, 71.0 ], "rotation": 180 },
																		"east": { "texture": "#skin", "uv": [ 63.0, 71.0, 63.5, 72.5 ], "rotation": 90 },
																		"south": { "texture": "#skin", "uv": [ 61.5, 72.5, 63.0, 73.0 ] },
																		"west": { "texture": "#skin", "uv": [ 61.0, 71.0, 61.5, 72.5 ], "rotation": 270 },
																		"up": { "texture": "#skin", "uv": [ 61.5, 71.0, 63.0, 72.5 ] },
																		"down": { "texture": "#skin", "uv": [ 63.5, 71.0, 65.0, 72.5 ] }
																	}
																}
															]
														}
													]
												}
											]
										}
									]
								}
							]
						}
					]
				},
				{
					"name": "R Shoulder",
					"from": [ -1.0273, 2.464, -0.7 ],
					"to": [ 3.0727, 10.964, 1.3 ],
					"unwrapMode": 1,
					"uv": [ 58.0, 1.0 ],
					"rotationOrigin": [ 0.6, 7.5, 0.6 ],
					"rotationX": -2.0,
					"rotationZ": -22.22,
					"faces": {
						"north": { "texture": "#skin", "uv": [ 60.0, 3.0, 64.0, 11.5 ] },
						"east": { "texture": "#skin", "uv": [ 58.0, 3.0, 60.0, 11.5 ] },
						"south": { "texture": "#skin", "uv": [ 66.0, 3.0, 70.0, 11.5 ] },
						"west": { "texture": "#skin", "uv": [ 64.0, 3.0, 66.0, 11.5 ] },
						"up": { "texture": "#skin", "uv": [ 60.0, 1.0, 64.0, 3.0 ], "rotation": 180 },
						"down": { "texture": "#skin", "uv": [ 60.0, 11.5, 64.0, 13.5 ] }
					},
					"children": [
						{
							"name": "R ArmUp",
							"from": [ 0.3054, 0.0054, 0.0 ],
							"to": [ 6.0054, 3.0054, 1.8 ],
							"unwrapMode": 1,
							"uv": [ 57.0, 14.0 ],
							"rotationOrigin": [ 0.7, 0.7, 1.1 ],
							"rotationY": 0.5,
							"rotationZ": -19.0,
							"faces": {
								"north": { "texture": "#skin", "uv": [ 58.5, 15.5, 64.0, 18.5 ] },
								"east": { "texture": "#skin", "uv": [ 57.0, 15.5, 58.5, 18.5 ] },
								"south": { "texture": "#skin", "uv": [ 65.5, 15.5, 71.0, 18.5 ] },
								"west": { "texture": "#skin", "uv": [ 64.0, 15.5, 65.5, 18.5 ] },
								"up": { "texture": "#skin", "uv": [ 58.5, 14.0, 64.0, 15.5 ], "rotation": 180 },
								"down": { "texture": "#skin", "uv": [ 58.5, 18.5, 64.0, 20.0 ] }
							},
							"children": [
								{
									"name": "R ArmMid",
									"from": [ 3.2946, -5.0382, 0.2054 ],
									"to": [ 6.0946, 1.9618, 1.8054 ],
									"unwrapMode": 1,
									"uv": [ 60.0, 20.5 ],
									"rotationOrigin": [ 4.8, 2.0, 0.9 ],
									"rotationX": -6.0,
									"rotationY": -2.0,
									"rotationZ": -27.0,
									"faces": {
										"north": { "texture": "#skin", "uv": [ 61.5, 22.0, 64.0, 29.0 ] },
										"east": { "texture": "#skin", "uv": [ 60.0, 22.0, 61.5, 29.0 ] },
										"south": { "texture": "#skin", "uv": [ 65.5, 22.0, 68.0, 29.0 ] },
										"west": { "texture": "#skin", "uv": [ 64.0, 22.0, 65.5, 29.0 ] },
										"up": { "texture": "#skin", "uv": [ 61.5, 20.5, 64.0, 22.0 ], "rotation": 180 },
										"down": { "texture": "#skin", "uv": [ 61.5, 29.0, 64.0, 30.5 ] }
									},
									"children": [
										{
											"name": "R ArmLow",
											"from": [ 0.2, -4.3, 0.2 ],
											"to": [ 2.0, 0.8, 1.4 ],
											"unwrapMode": 1,
											"uv": [ 62.0, 31.0 ],
											"rotationOrigin": [ 1.1, 0.2, 0.8 ],
											"rotationX": 2.0,
											"rotationZ": 55.0,
											"faces": {
												"north": { "texture": "#skin", "uv": [ 63.0, 32.0, 64.5, 37.0 ] },
												"east": { "texture": "#skin", "uv": [ 62.0, 32.0, 63.0, 37.0 ] },
												"south": { "texture": "#skin", "uv": [ 65.5, 32.0, 67.0, 37.0 ] },
												"west": { "texture": "#skin", "uv": [ 64.5, 32.0, 65.5, 37.0 ] },
												"up": { "texture": "#skin", "uv": [ 63.0, 31.0, 64.5, 32.0 ], "rotation": 180 },
												"down": { "texture": "#skin", "uv": [ 63.0, 37.0, 64.5, 38.0 ] }
											},
											"children": [
												{
													"name": "R Front Pastern",
													"from": [ 0.2, -1.5, -0.2 ],
													"to": [ 1.7, 0.8, 1.4 ],
													"unwrapMode": 1,
													"uv": [ 63.5, 37.5 ],
													"rotationOrigin": [ 0.7, 0.7, 0.6 ],
													"rotationX": 1.0,
													"rotationZ": 28.11,
													"faces": {
														"north": { "texture": "#skin", "uv": [ 65.0, 39.0, 66.5, 41.0 ] },
														"east": { "texture": "#skin", "uv": [ 63.5, 39.0, 65.0, 41.0 ] },
														"south": { "texture": "#skin", "uv": [ 68.0, 39.0, 69.5, 41.0 ] },
														"west": { "texture": "#skin", "uv": [ 66.5, 39.0, 68.0, 41.0 ] },
														"up": { "texture": "#skin", "uv": [ 65.0, 37.5, 66.5, 39.0 ], "rotation": 180, "windMode": [-1,-1,-1,-1] },
														"down": { "texture": "#skin", "uv": [ 65.0, 41.0, 66.5, 42.5 ] }
													},
													"children": [
														{
															"name": "R Front Hoof",
															"from": [ 0.5, 0.6, 0.65 ],
															"to": [ 0.5, 0.6, 0.65 ],
															"uv": [ 0.0, 0.0 ],
															"rotationOrigin": [ 0.5, 0.6, 0.65 ],
															"rotationY": -1.0,
															"rotationZ": 49.0,
															"faces": {
															},
															"children": [
																{
																	"name": "R Front Hoof2",
																	"from": [ -0.9, -1.1, -0.6 ],
																	"to": [ 0.6, -0.5, 0.9 ],
																	"unwrapMode": 5,
																	"uv": [ 61.0, 76.5 ],
																	"rotationOrigin": [ 0.2, -0.6, 0.2 ],
																	"faces": {
																		"north": { "texture": "#skin", "uv": [ 61.5, 76.5, 63.0, 77.0 ], "rotation": 180 },
																		"east": { "texture": "#skin", "uv": [ 63.0, 77.0, 63.5, 78.5 ], "rotation": 90 },
																		"south": { "texture": "#skin", "uv": [ 61.5, 78.5, 63.0, 79.0 ] },
																		"west": { "texture": "#skin", "uv": [ 61.0, 77.0, 61.5, 78.5 ], "rotation": 270 },
																		"up": { "texture": "#skin", "uv": [ 61.5, 77.0, 63.0, 78.5 ] },
																		"down": { "texture": "#skin", "uv": [ 63.5, 77.0, 65.0, 78.5 ] }
																	}
																},
																{
																	"name": "R Front Hoof1",
																	"from": [ -0.9, -1.1, -0.6 ],
																	"to": [ 0.6, -0.6, 0.9 ],
																	"unwrapMode": 5,
																	"uv": [ 61.0, 73.5 ],
																	"rotationOrigin": [ -0.9, -1.1, -0.6 ],
																	"rotationZ": 49.0,
																	"faces": {
																		"north": { "texture": "#skin", "uv": [ 61.5, 73.5, 63.0, 74.0 ], "rotation": 180 },
																		"east": { "texture": "#skin", "uv": [ 63.0, 74.0, 63.5, 75.5 ], "rotation": 90 },
																		"south": { "texture": "#skin", "uv": [ 61.5, 75.5, 63.0, 76.0 ] },
																		"west": { "texture": "#skin", "uv": [ 61.0, 74.0, 61.5, 75.5 ], "rotation": 270 },
																		"up": { "texture": "#skin", "uv": [ 61.5, 74.0, 63.0, 75.5 ] },
																		"down": { "texture": "#skin", "uv": [ 63.5, 74.0, 65.0, 75.5 ] }
																	}
																}
															]
														}
													]
												}
											]
										}
									]
								}
							]
						}
					]
				},
				{
					"name": "Hump",
					"from": [ 0.4408, 11.17, 2.95 ],
					"to": [ 7.8408, 12.77, 6.65 ],
					"unwrapMode": 7,
					"unwrapRotation": 1,
					"autoUnwrap": false,
					"uv": [ 2.0, 2.5 ],
					"rotationOrigin": [ 0.9, 10.8, 4.75 ],
					"rotationZ": -14.0,
					"faces": {
						"north": { "texture": "#skin", "uv": [ 7.0, 4.0, 8.5, 11.0 ], "rotation": 90 },
						"east": { "texture": "#skin", "uv": [ 3.5, 9.5, 7.0, 11.0 ], "rotation": 180, "windMode": [-1,-1,-1,-1], "windData": [1,1,1,1] },
						"south": { "texture": "#skin", "uv": [ 2.0, 4.0, 3.5, 11.0 ], "rotation": 270 },
						"west": { "texture": "#skin", "uv": [ 3.5, 2.5, 7.0, 4.0 ], "rotation": 180 },
						"up": { "texture": "#skin", "uv": [ 3.5, 4.0, 7.0, 11.0 ], "rotation": 270 }
					}
				}
			],
			"attachmentpoints": [
				{
					"code": "Center",
					"posX": "8.0","posY": "0.0","posZ": "4.8",
					"rotationX": "0.0","rotationY": "0.0","rotationZ": "0.0"
				}
			]
		}
	]}