{
	"editor": {
		"allAngles": true,
		"entityTextureMode": true
	},
	"textureWidth": 100,
	"textureHeight": 100,
	"textureSizes": {
		"skin": [100,100]
	},
	"textures": {
	},
	"elements": [
		{
			"name": "Neck",
			"from": [ 11.5, 10.0, 5.1 ],
			"to": [ 21.1, 18.6, 10.9 ],
			"unwrapMode": 2,
			"autoUnwrap": false,
			"uv": [ 5.5, 5.0 ],
			"rotationOrigin": [ 20.4, 10.0, 8.0 ],
			"rotationZ": 87.0,
			"faces": {
				"north": { "texture": "#skin", "uv": [ 25.5, 16.5, 35.0, 25.0 ], "windMode": [-1,-1,-1,-1], "windData": [0,0,1,0] },
				"east": { "texture": "#skin", "uv": [ 20.0, 16.5, 25.5, 25.0 ], "windMode": [-1,-1,-1,-1], "windData": [1,0,0,1] },
				"south": { "texture": "#skin", "uv": [ 10.5, 16.5, 20.0, 25.0 ] },
				"west": { "texture": "#skin", "uv": [ 35.0, 16.5, 40.5, 25.0 ] },
				"up": { "texture": "#skin", "uv": [ 3.5, 15.0, 9.0, 24.5 ], "rotation": 90 }
			},
			"children": [
				{
					"name": "Neck2",
					"from": [ 1.0593, 5.9, 0.65 ],
					"to": [ 9.0593, 13.3, 5.15 ],
					"unwrapMode": 2,
					"uv": [ 12.5, 1.0 ],
					"rotationOrigin": [ 6.5, 6.1, 2.9 ],
					"rotationZ": 5.0,
					"faces": {
						"north": { "texture": "#skin", "uv": [ 25.0, 9.0, 33.0, 16.0 ] },
						"east": { "texture": "#skin", "uv": [ 20.5, 9.0, 25.0, 16.0 ] },
						"south": { "texture": "#skin", "uv": [ 12.5, 9.0, 20.5, 16.0 ] },
						"west": { "texture": "#skin", "uv": [ 33.0, 9.0, 37.5, 16.0 ] },
						"up": { "texture": "#skin", "uv": [ 20.5, 1.0, 25.0, 9.0 ], "rotation": 270 }
					},
					"children": [
						{
							"name": "Head",
							"from": [ 6.5624, 1.3516, -0.65 ],
							"to": [ 10.1624, 8.3516, 5.15 ],
							"unwrapMode": 4,
							"uv": [ 12.0, 74.5 ],
							"rotationOrigin": [ 7.7, 7.8, 2.3 ],
							"rotationZ": -94.0,
							"faces": {
								"north": { "texture": "#skin", "uv": [ 12.0, 78.0, 15.5, 85.0 ] },
								"east": { "texture": "#skin", "uv": [ 24.5, 78.0, 30.0, 85.0 ] },
								"south": { "texture": "#skin", "uv": [ 21.0, 78.0, 24.5, 85.0 ] },
								"west": { "texture": "#skin", "uv": [ 15.5, 78.0, 21.0, 85.0 ] },
								"up": { "texture": "#skin", "uv": [ 15.5, 74.5, 21.0, 78.0 ], "rotation": 90 },
								"down": { "texture": "#skin", "uv": [ 15.5, 85.0, 21.0, 88.5 ], "rotation": 90 }
							},
							"children": [
								{
									"name": "MouthUp",
									"from": [ -6.4, 1.9, 1.0 ],
									"to": [ 0.2, 3.4, 4.8 ],
									"unwrapMode": 5,
									"unwrapRotation": 1,
									"uv": [ 1.0, 74.5 ],
									"rotationOrigin": [ -1.9, 3.1, 2.9 ],
									"rotationZ": 4.0,
									"faces": {
										"north": { "texture": "#skin", "uv": [ 1.0, 74.5, 2.5, 81.0 ], "rotation": 270 },
										"south": { "texture": "#skin", "uv": [ 6.0, 74.5, 7.5, 81.0 ], "rotation": 90 },
										"west": { "texture": "#skin", "uv": [ 2.5, 81.0, 6.0, 82.5 ] },
										"up": { "texture": "#skin", "uv": [ 2.5, 74.5, 6.0, 81.0 ], "rotation": 90, "windMode": [-1,-1,-1,-1], "windData": [1,1,1,1] },
										"down": { "texture": "#skin", "uv": [ 7.5, 74.5, 11.0, 81.0 ], "rotation": 270 }
									},
									"children": [
										{
											"name": "Nose",
											"from": [ 1.1, -0.3, 0.35 ],
											"to": [ 7.1, 2.6, 3.45 ],
											"unwrapMode": 5,
											"unwrapRotation": 1,
											"uv": [ 22.0, 86.0 ],
											"rotationOrigin": [ 1.1, 2.3, 1.0 ],
											"rotationZ": 16.0,
											"faces": {
												"north": { "texture": "#skin", "uv": [ 22.0, 86.0, 24.5, 92.0 ], "rotation": 270, "windMode": [-1,-1,-1,-1], "windData": [1,1,1,1] },
												"south": { "texture": "#skin", "uv": [ 27.5, 86.0, 30.0, 92.0 ], "rotation": 90 },
												"west": { "texture": "#skin", "uv": [ 24.5, 92.0, 27.5, 94.5 ], "windMode": [-1,-1,-1,-1], "windData": [1,1,1,1] },
												"up": { "texture": "#skin", "uv": [ 24.5, 86.0, 27.5, 92.0 ], "rotation": 90 }
											},
											"children": [
												{
													"name": "Snout",
													"from": [ -1.9, 0.3, -0.5 ],
													"to": [ 0.2, 2.8, 3.6 ],
													"unwrapMode": 4,
													"uv": [ 40.0, 92.0 ],
													"rotationOrigin": [ 0.0, 2.5, 1.6 ],
													"rotationZ": -9.0,
													"faces": {
														"north": { "texture": "#skin", "uv": [ 40.0, 94.0, 42.0, 96.5 ], "windMode": [-1,-1,-1,-1], "windData": [1,1,1,1] },
														"east": { "texture": "#skin", "uv": [ 48.0, 94.0, 52.0, 96.5 ], "windMode": [-1,-1,-1,-1], "windData": [1,1,1,1] },
														"south": { "texture": "#skin", "uv": [ 46.0, 94.0, 48.0, 96.5 ], "windMode": [-1,-1,-1,-1], "windData": [1,1,1,1] },
														"west": { "texture": "#skin", "uv": [ 42.0, 94.0, 46.0, 96.5 ], "windMode": [-1,-1,-1,-1], "windData": [1,1,1,1] },
														"up": { "texture": "#skin", "uv": [ 42.0, 92.0, 46.0, 94.0 ], "rotation": 90, "windMode": [-1,-1,-1,-1], "windData": [1,1,1,1] },
														"down": { "texture": "#skin", "uv": [ 42.0, 96.5, 46.0, 98.5 ], "rotation": 90, "windMode": [-1,-1,-1,-1], "windData": [1,1,1,1] }
													}
												},
												{
													"name": "NoseBridge",
													"from": [ 4.5, 0.8, -0.95 ],
													"to": [ 6.0, 2.9, 4.05 ],
													"unwrapMode": 7,
													"unwrapRotation": 1,
													"uv": [ 29.5, 92.0 ],
													"rotationOrigin": [ 4.5, 3.0, -0.9 ],
													"rotationZ": 18.0,
													"faces": {
														"north": { "texture": "#skin", "uv": [ 36.5, 94.0, 38.5, 95.5 ], "rotation": 90 },
														"east": { "texture": "#skin", "uv": [ 31.5, 95.5, 36.5, 97.5 ] },
														"south": { "texture": "#skin", "uv": [ 29.5, 94.0, 31.5, 95.5 ], "rotation": 270 },
														"west": { "texture": "#skin", "uv": [ 31.5, 92.0, 36.5, 94.0 ], "rotation": 180 },
														"up": { "texture": "#skin", "uv": [ 31.5, 94.0, 36.5, 95.5 ], "rotation": 270 }
													}
												}
											]
										}
									]
								},
								{
									"name": "L Ear",
									"from": [ 2.1, 4.0, 4.8 ],
									"to": [ 2.5, 5.7, 6.9 ],
									"unwrapMode": 4,
									"uv": [ 26.0, 5.5 ],
									"rotationOrigin": [ 2.3, 4.0, 5.6 ],
									"rotationX": 110.0,
									"rotationY": 14.0,
									"rotationZ": -8.0,
									"faces": {
										"north": { "texture": "#skin", "uv": [ 26.0, 6.0, 26.5, 7.5 ], "windMode": [-1,-1,-1,-1], "windData": [1,1,1,1] },
										"east": { "texture": "#skin", "uv": [ 29.0, 6.0, 31.0, 7.5 ] },
										"south": { "texture": "#skin", "uv": [ 28.5, 6.0, 29.0, 7.5 ], "windMode": [-1,-1,-1,-1], "windData": [1,1,1,1] },
										"west": { "texture": "#skin", "uv": [ 26.5, 6.0, 28.5, 7.5 ] },
										"up": { "texture": "#skin", "uv": [ 26.5, 5.5, 28.5, 6.0 ], "rotation": 90 },
										"down": { "texture": "#skin", "uv": [ 26.5, 7.5, 28.5, 8.0 ], "rotation": 90 }
									},
									"children": [
										{
											"name": "L Ear3",
											"from": [ 0.0, 1.7, 0.0 ],
											"to": [ 0.4, 4.2, 0.9 ],
											"unwrapMode": 4,
											"uv": [ 29.5, 1.5 ],
											"rotationOrigin": [ 0.3, 1.7, 0.0 ],
											"rotationX": 8.0,
											"rotationY": 1.0,
											"faces": {
												"north": { "texture": "#skin", "uv": [ 29.5, 2.0, 30.0, 4.5 ] },
												"east": { "texture": "#skin", "uv": [ 31.0, 2.0, 31.5, 4.5 ] },
												"south": { "texture": "#skin", "uv": [ 30.5, 2.0, 31.0, 4.5 ] },
												"west": { "texture": "#skin", "uv": [ 30.0, 2.0, 30.5, 4.5 ] },
												"up": { "texture": "#skin", "uv": [ 30.0, 1.5, 30.5, 2.0 ], "rotation": 90 },
												"down": { "texture": "#skin", "uv": [ 30.0, 4.5, 30.5, 5.0 ], "rotation": 90 }
											}
										},
										{
											"name": "L Ear2",
											"from": [ 0.0, 1.7, 0.8 ],
											"to": [ 0.4, 4.2, 2.2 ],
											"unwrapMode": 4,
											"uv": [ 26.0, 1.5 ],
											"rotationOrigin": [ 0.3, 1.7, 2.1 ],
											"rotationX": -10.0,
											"rotationY": -1.0,
											"faces": {
												"north": { "texture": "#skin", "uv": [ 26.0, 2.0, 26.5, 4.5 ] },
												"east": { "texture": "#skin", "uv": [ 28.0, 2.0, 29.0, 4.5 ] },
												"south": { "texture": "#skin", "uv": [ 27.5, 2.0, 28.0, 4.5 ] },
												"west": { "texture": "#skin", "uv": [ 26.5, 2.0, 27.5, 4.5 ] },
												"up": { "texture": "#skin", "uv": [ 26.5, 1.5, 27.5, 2.0 ], "rotation": 90 },
												"down": { "texture": "#skin", "uv": [ 26.5, 4.5, 27.5, 5.0 ], "rotation": 90 }
											}
										}
									]
								},
								{
									"name": "R Eye",
									"from": [ -0.01, 4.4, -0.01 ],
									"to": [ 0.99, 4.8, 0.29 ],
									"unwrapMode": 5,
									"uv": [ 1.0, 51.5 ],
									"rotationOrigin": [ -0.01, 4.9, -0.01 ],
									"faces": {
										"north": { "texture": "#skin", "uv": [ 1.5, 51.5, 2.5, 52.0 ], "rotation": 180 },
										"east": { "texture": "#skin", "uv": [ 2.5, 52.0, 3.0, 52.5 ], "rotation": 90 },
										"west": { "texture": "#skin", "uv": [ 1.0, 52.0, 1.5, 52.5 ], "rotation": 270 },
										"up": { "texture": "#skin", "uv": [ 1.5, 52.0, 2.5, 52.5 ] },
										"down": { "texture": "#skin", "uv": [ 3.0, 52.0, 4.0, 52.5 ] }
									},
									"children": [
										{
											"name": "R Eye2",
											"from": [ 0.0, 0.4, 0.0 ],
											"to": [ 1.0, 0.8, 0.3 ],
											"unwrapMode": 5,
											"uv": [ 1.0, 53.5 ],
											"rotationOrigin": [ 0.0, 0.9, -0.1 ],
											"faces": {
												"north": { "texture": "#skin", "uv": [ 1.5, 53.5, 2.5, 54.0 ], "rotation": 180 },
												"east": { "texture": "#skin", "uv": [ 2.5, 54.0, 3.0, 54.5 ], "rotation": 90 },
												"west": { "texture": "#skin", "uv": [ 1.0, 54.0, 1.5, 54.5 ], "rotation": 270 },
												"up": { "texture": "#skin", "uv": [ 1.5, 54.0, 2.5, 54.5 ] },
												"down": { "texture": "#skin", "uv": [ 3.0, 54.0, 4.0, 54.5 ] }
											},
											"children": [
												{
													"name": "R Pupil",
													"from": [ -0.01, -0.1, -0.01 ],
													"to": [ 0.59, 0.2, 0.29 ],
													"unwrapMode": 5,
													"uv": [ 2.0, 49.5 ],
													"rotationOrigin": [ -0.01, -0.1, -0.01 ],
													"faces": {
														"north": { "texture": "#skin", "uv": [ 2.5, 49.5, 3.0, 50.0 ], "rotation": 180, "windMode": [-1,-1,-1,-1], "windData": [1,1,1,1] },
														"east": { "texture": "#skin", "uv": [ 3.0, 50.0, 3.5, 50.5 ], "rotation": 90 },
														"west": { "texture": "#skin", "uv": [ 2.0, 50.0, 2.5, 50.5 ], "rotation": 270 },
														"up": { "texture": "#skin", "uv": [ 2.5, 50.0, 3.0, 50.5 ] },
														"down": { "texture": "#skin", "uv": [ 3.5, 50.0, 4.0, 50.5 ] }
													}
												}
											]
										}
									]
								},
								{
									"name": "R Ear",
									"from": [ 2.1, 4.0, -1.1 ],
									"to": [ 2.5, 5.7, 1.0 ],
									"unwrapMode": 4,
									"uv": [ 12.0, 5.5 ],
									"rotationOrigin": [ 2.3, 4.0, 0.3 ],
									"rotationX": -110.0,
									"rotationY": -15.0,
									"rotationZ": -6.0,
									"faces": {
										"north": { "texture": "#skin", "uv": [ 12.0, 6.0, 12.5, 7.5 ] },
										"east": { "texture": "#skin", "uv": [ 15.0, 6.0, 17.0, 7.5 ] },
										"south": { "texture": "#skin", "uv": [ 14.5, 6.0, 15.0, 7.5 ], "windMode": [-1,-1,-1,-1], "windData": [1,1,1,1] },
										"west": { "texture": "#skin", "uv": [ 12.5, 6.0, 14.5, 7.5 ] },
										"up": { "texture": "#skin", "uv": [ 12.5, 5.5, 14.5, 6.0 ], "rotation": 90 },
										"down": { "texture": "#skin", "uv": [ 12.5, 7.5, 14.5, 8.0 ], "rotation": 90 }
									},
									"children": [
										{
											"name": "R Ear2",
											"from": [ 0.0, 1.7, 0.0 ],
											"to": [ 0.4, 4.2, 1.4 ],
											"unwrapMode": 4,
											"uv": [ 12.0, 1.5 ],
											"rotationOrigin": [ 0.3, 1.7, 0.0 ],
											"rotationX": 10.0,
											"rotationY": 1.0,
											"faces": {
												"north": { "texture": "#skin", "uv": [ 12.0, 2.0, 12.5, 4.5 ] },
												"east": { "texture": "#skin", "uv": [ 14.0, 2.0, 15.0, 4.5 ] },
												"south": { "texture": "#skin", "uv": [ 13.5, 2.0, 14.0, 4.5 ] },
												"west": { "texture": "#skin", "uv": [ 12.5, 2.0, 13.5, 4.5 ] },
												"up": { "texture": "#skin", "uv": [ 12.5, 1.5, 13.5, 2.0 ], "rotation": 90 },
												"down": { "texture": "#skin", "uv": [ 12.5, 4.5, 13.5, 5.0 ], "rotation": 90 }
											}
										},
										{
											"name": "R Ear3",
											"from": [ 0.0, 1.7, 1.3 ],
											"to": [ 0.4, 4.2, 2.2 ],
											"unwrapMode": 4,
											"uv": [ 15.5, 1.5 ],
											"rotationOrigin": [ 0.3, 1.7, 2.0 ],
											"rotationX": -8.0,
											"rotationY": -1.0,
											"faces": {
												"north": { "texture": "#skin", "uv": [ 15.5, 2.0, 16.0, 4.5 ] },
												"east": { "texture": "#skin", "uv": [ 17.0, 2.0, 17.5, 4.5 ] },
												"south": { "texture": "#skin", "uv": [ 16.5, 2.0, 17.0, 4.5 ] },
												"west": { "texture": "#skin", "uv": [ 16.0, 2.0, 16.5, 4.5 ] },
												"up": { "texture": "#skin", "uv": [ 16.0, 1.5, 16.5, 2.0 ], "rotation": 90 },
												"down": { "texture": "#skin", "uv": [ 16.0, 4.5, 16.5, 5.0 ], "rotation": 90 }
											}
										}
									]
								},
								{
									"name": "L Eye",
									"from": [ -0.01, 4.4, 5.51 ],
									"to": [ 0.99, 4.8, 5.81 ],
									"unwrapMode": 5,
									"uv": [ 1.0, 52.0 ],
									"rotationOrigin": [ -0.01, 4.9, 5.51 ],
									"faces": {
										"east": { "texture": "#skin", "uv": [ 2.5, 52.0, 3.0, 52.5 ], "rotation": 90 },
										"south": { "texture": "#skin", "uv": [ 1.5, 52.5, 2.5, 53.0 ] },
										"west": { "texture": "#skin", "uv": [ 1.0, 52.0, 1.5, 52.5 ], "rotation": 270 },
										"up": { "texture": "#skin", "uv": [ 1.5, 52.0, 2.5, 52.5 ] },
										"down": { "texture": "#skin", "uv": [ 3.0, 52.0, 4.0, 52.5 ] }
									},
									"children": [
										{
											"name": "L Eye2",
											"from": [ 0.0, 0.4, 0.0 ],
											"to": [ 1.0, 0.8, 0.3 ],
											"unwrapMode": 5,
											"uv": [ 1.0, 54.0 ],
											"rotationOrigin": [ 0.0, 1.0, -0.1 ],
											"faces": {
												"east": { "texture": "#skin", "uv": [ 2.5, 54.0, 3.0, 54.5 ], "rotation": 90 },
												"south": { "texture": "#skin", "uv": [ 1.5, 54.5, 2.5, 55.0 ] },
												"west": { "texture": "#skin", "uv": [ 1.0, 54.0, 1.5, 54.5 ], "rotation": 270 },
												"up": { "texture": "#skin", "uv": [ 1.5, 54.0, 2.5, 54.5 ] },
												"down": { "texture": "#skin", "uv": [ 3.0, 54.0, 4.0, 54.5 ] }
											},
											"children": [
												{
													"name": "L Pupil",
													"from": [ -0.01, -0.1, 0.11 ],
													"to": [ 0.59, 0.2, 0.31 ],
													"unwrapMode": 5,
													"uv": [ 2.0, 50.0 ],
													"rotationOrigin": [ -0.01, -0.1, 0.11 ],
													"faces": {
														"east": { "texture": "#skin", "uv": [ 3.0, 50.0, 3.5, 50.5 ], "rotation": 90 },
														"south": { "texture": "#skin", "uv": [ 2.5, 50.5, 3.0, 51.0 ] },
														"west": { "texture": "#skin", "uv": [ 2.0, 50.0, 2.5, 50.5 ], "rotation": 270 },
														"up": { "texture": "#skin", "uv": [ 2.5, 50.0, 3.0, 50.5 ] },
														"down": { "texture": "#skin", "uv": [ 3.5, 50.0, 4.0, 50.5 ] }
													}
												}
											]
										}
									]
								},
								{
									"name": "Jaw",
									"from": [ -4.4, -1.1, 1.15 ],
									"to": [ 2.9, 2.0, 4.65 ],
									"unwrapMode": 5,
									"unwrapRotation": 1,
									"uv": [ 1.5, 86.0 ],
									"rotationOrigin": [ 2.3, 0.9, 2.9 ],
									"faces": {
										"north": { "texture": "#skin", "uv": [ 1.5, 86.0, 4.5, 93.0 ], "rotation": 270 },
										"south": { "texture": "#skin", "uv": [ 8.0, 86.0, 11.0, 93.0 ], "rotation": 90 },
										"west": { "texture": "#skin", "uv": [ 4.5, 93.0, 8.0, 96.0 ] },
										"up": { "texture": "#skin", "uv": [ 4.5, 86.0, 8.0, 93.0 ], "rotation": 90 },
										"down": { "texture": "#skin", "uv": [ 11.0, 86.0, 14.5, 93.0 ], "rotation": 270 }
									},
									"children": [
										{
											"name": "Jaw2",
											"from": [ -1.9, 0.5, 0.35 ],
											"to": [ 1.2, 2.0, 3.15 ],
											"unwrapMode": 5,
											"unwrapRotation": 1,
											"uv": [ 15.5, 93.0 ],
											"rotationOrigin": [ 1.0, 1.4, 1.6 ],
											"rotationZ": 14.0,
											"faces": {
												"north": { "texture": "#skin", "uv": [ 15.5, 93.0, 17.0, 96.0 ], "rotation": 270 },
												"south": { "texture": "#skin", "uv": [ 19.5, 93.0, 21.0, 96.0 ], "rotation": 90 },
												"west": { "texture": "#skin", "uv": [ 17.0, 96.0, 19.5, 97.5 ] },
												"up": { "texture": "#skin", "uv": [ 17.0, 93.0, 19.5, 96.0 ], "rotation": 90 },
												"down": { "texture": "#skin", "uv": [ 21.0, 93.0, 23.5, 96.0 ], "rotation": 270 }
											}
										},
										{
											"name": "Tongue",
											"from": [ -1.3305, 1.4, 1.0 ],
											"to": [ 0.9695, 2.5, 2.5 ],
											"unwrapMode": 7,
											"unwrapRotation": 1,
											"uv": [ 22.0, 74.5 ],
											"rotationOrigin": [ 1.4, 2.0, 1.5 ],
											"rotationZ": 12.0,
											"faces": {
												"north": { "texture": "#skin", "uv": [ 24.5, 75.5, 25.5, 77.5 ], "rotation": 90 },
												"south": { "texture": "#skin", "uv": [ 22.0, 75.5, 23.0, 77.5 ], "rotation": 270 },
												"west": { "texture": "#skin", "uv": [ 23.0, 74.5, 24.5, 75.5 ], "rotation": 180 },
												"up": { "texture": "#skin", "uv": [ 23.0, 75.5, 24.5, 77.5 ], "rotation": 270 },
												"down": { "texture": "#skin", "uv": [ 25.5, 75.5, 27.0, 77.5 ], "rotation": 90 }
											}
										}
									]
								},
								{
									"name": "AntlerBase",
									"from": [ 1.1, 5.6, 2.9 ],
									"to": [ 1.1, 5.6, 2.9 ],
									"uv": [ 0.0, 0.0 ],
									"rotationOrigin": [ 1.1, 5.6, 2.9 ],
									"faces": {
									},
									"children": [
										{
											"name": "Rhorn1",
											"from": [ -0.4, 0.3, -2.0 ],
											"to": [ 1.1, 1.8, -0.4 ],
											"unwrapMode": 2,
											"uv": [ 89.5, 40.0 ],
											"rotationOrigin": [ 0.3, 0.3, -1.0 ],
											"rotationX": -83.0,
											"rotationY": -3.0,
											"rotationZ": -2.0,
											"faces": {
												"north": { "texture": "#skin", "uv": [ 92.5, 41.5, 94.0, 43.0 ] },
												"east": { "texture": "#skin", "uv": [ 91.0, 41.5, 92.5, 43.0 ] },
												"south": { "texture": "#skin", "uv": [ 89.5, 41.5, 91.0, 43.0 ] },
												"west": { "texture": "#skin", "uv": [ 94.0, 41.5, 95.5, 43.0 ] },
												"up": { "texture": "#skin", "uv": [ 91.0, 40.0, 92.5, 41.5 ], "rotation": 270 }
											},
											"children": [
												{
													"name": "Rhorn2",
													"from": [ 0.0, 1.2, 0.1 ],
													"to": [ 1.5, 1.7, 1.6 ],
													"unwrapMode": 2,
													"uv": [ 89.5, 37.0 ],
													"rotationOrigin": [ 0.8, 1.2, 1.1 ],
													"rotationX": -5.0,
													"rotationZ": -3.0,
													"faces": {
														"north": { "texture": "#skin", "uv": [ 92.5, 38.5, 94.0, 39.0 ] },
														"east": { "texture": "#skin", "uv": [ 91.0, 38.5, 92.5, 39.0 ] },
														"south": { "texture": "#skin", "uv": [ 89.5, 38.5, 91.0, 39.0 ] },
														"west": { "texture": "#skin", "uv": [ 94.0, 38.5, 95.5, 39.0 ] },
														"up": { "texture": "#skin", "uv": [ 91.0, 37.0, 92.5, 38.5 ], "rotation": 270 }
													},
													"children": [
														{
															"name": "Rhorn3",
															"from": [ 0.1, 0.3, 0.1 ],
															"to": [ 1.4, 0.8, 1.4 ],
															"unwrapMode": 2,
															"uv": [ 90.5, 33.5 ],
															"rotationOrigin": [ 0.7, 0.3, 0.8 ],
															"rotationX": -5.0,
															"rotationY": -8.0,
															"rotationZ": -12.0,
															"faces": {
																"north": { "texture": "#skin", "uv": [ 92.5, 34.5, 93.5, 35.0 ] },
																"east": { "texture": "#skin", "uv": [ 91.5, 34.5, 92.5, 35.0 ] },
																"south": { "texture": "#skin", "uv": [ 90.5, 34.5, 91.5, 35.0 ] },
																"west": { "texture": "#skin", "uv": [ 93.5, 34.5, 94.5, 35.0 ] },
																"up": { "texture": "#skin", "uv": [ 91.5, 33.5, 92.5, 34.5 ], "rotation": 270 }
															},
															"children": [
																{
																	"name": "Rhorn4",
																	"from": [ 0.0, 0.4, 0.0 ],
																	"to": [ 1.1, 0.9, 1.2 ],
																	"unwrapMode": 3,
																	"uv": [ 91.5, 31.0 ],
																	"rotationOrigin": [ 0.5, 0.4, 0.5 ],
																	"rotationY": -8.0,
																	"rotationZ": -8.0,
																	"faces": {
																		"north": { "texture": "#skin", "uv": [ 94.5, 32.0, 95.5, 32.5 ] },
																		"east": { "texture": "#skin", "uv": [ 93.5, 32.0, 94.5, 32.5 ] },
																		"south": { "texture": "#skin", "uv": [ 92.5, 32.0, 93.5, 32.5 ] },
																		"west": { "texture": "#skin", "uv": [ 91.5, 32.0, 92.5, 32.5 ] },
																		"up": { "texture": "#skin", "uv": [ 92.5, 31.0, 93.5, 32.0 ] }
																	},
																	"children": [
																		{
																			"name": "Rhorn5",
																			"from": [ 0.0, 0.4, 0.0 ],
																			"to": [ 1.0, 0.9, 1.0 ],
																			"unwrapMode": 1,
																			"uv": [ 91.5, 27.5 ],
																			"rotationOrigin": [ 0.6, 0.4, 0.6 ],
																			"rotationX": 5.0,
																			"rotationY": -8.0,
																			"rotationZ": -5.0,
																			"faces": {
																				"north": { "texture": "#skin", "uv": [ 92.5, 28.5, 93.5, 29.0 ] },
																				"east": { "texture": "#skin", "uv": [ 91.5, 28.5, 92.5, 29.0 ] },
																				"south": { "texture": "#skin", "uv": [ 94.5, 28.5, 95.5, 29.0 ] },
																				"west": { "texture": "#skin", "uv": [ 93.5, 28.5, 94.5, 29.0 ] },
																				"up": { "texture": "#skin", "uv": [ 92.5, 27.5, 93.5, 28.5 ], "rotation": 180 }
																			},
																			"children": [
																				{
																					"name": "Rhorn6",
																					"from": [ 0.1, 0.4, 0.1 ],
																					"to": [ 0.9, 0.9, 0.9 ],
																					"unwrapMode": 1,
																					"uv": [ 92.5, 25.0 ],
																					"rotationOrigin": [ 0.5, 0.4, 0.5 ],
																					"rotationX": 4.0,
																					"rotationZ": -2.0,
																					"faces": {
																						"north": { "texture": "#skin", "uv": [ 93.0, 25.5, 93.5, 26.0 ] },
																						"east": { "texture": "#skin", "uv": [ 92.5, 25.5, 93.0, 26.0 ] },
																						"south": { "texture": "#skin", "uv": [ 94.0, 25.5, 94.5, 26.0 ] },
																						"west": { "texture": "#skin", "uv": [ 93.5, 25.5, 94.0, 26.0 ] },
																						"up": { "texture": "#skin", "uv": [ 93.0, 25.0, 93.5, 25.5 ], "rotation": 180 }
																					},
																					"children": [
																						{
																							"name": "Rhorn7",
																							"from": [ 0.0, 0.4, 0.1 ],
																							"to": [ 0.6, 0.9, 0.7 ],
																							"unwrapMode": 1,
																							"uv": [ 93.5, 22.0 ],
																							"rotationOrigin": [ 0.3, 0.4, 0.4 ],
																							"rotationX": 2.0,
																							"rotationY": 4.0,
																							"rotationZ": -2.0,
																							"faces": {
																								"north": { "texture": "#skin", "uv": [ 94.0, 22.5, 94.5, 23.0 ] },
																								"east": { "texture": "#skin", "uv": [ 93.5, 22.5, 94.0, 23.0 ] },
																								"south": { "texture": "#skin", "uv": [ 95.0, 22.5, 95.5, 23.0 ] },
																								"west": { "texture": "#skin", "uv": [ 94.5, 22.5, 95.0, 23.0 ] },
																								"up": { "texture": "#skin", "uv": [ 94.0, 22.0, 94.5, 22.5 ], "rotation": 180 }
																							},
																							"children": [
																								{
																									"name": "Rhorn8",
																									"from": [ 0.1, 0.4, 0.1 ],
																									"to": [ 0.6, 0.9, 0.5 ],
																									"unwrapMode": 1,
																									"uv": [ 94.5, 19.0 ],
																									"rotationOrigin": [ 0.3, 0.4, 0.3 ],
																									"rotationX": 2.0,
																									"rotationY": 4.0,
																									"rotationZ": -2.0,
																									"faces": {
																										"north": { "texture": "#skin", "uv": [ 95.0, 19.5, 95.5, 20.0 ] },
																										"east": { "texture": "#skin", "uv": [ 94.5, 19.5, 95.0, 20.0 ] },
																										"south": { "texture": "#skin", "uv": [ 96.0, 19.5, 96.5, 20.0 ] },
																										"west": { "texture": "#skin", "uv": [ 95.5, 19.5, 96.0, 20.0 ] },
																										"up": { "texture": "#skin", "uv": [ 95.0, 19.0, 95.5, 19.5 ], "rotation": 180 }
																									}
																								}
																							]
																						}
																					]
																				}
																			]
																		}
																	]
																}
															]
														}
													]
												}
											]
										},
										{
											"name": "Lhorn1",
											"from": [ -0.4, 0.4, 0.5 ],
											"to": [ 1.2, 1.9, 2.1 ],
											"unwrapMode": 2,
											"uv": [ 88.0, 40.0 ],
											"rotationOrigin": [ 0.3, 0.4, 1.0 ],
											"rotationX": 83.0,
											"rotationY": 3.0,
											"rotationZ": -2.0,
											"faces": {
												"north": { "texture": "#skin", "uv": [ 91.0, 41.5, 92.5, 43.0 ] },
												"east": { "texture": "#skin", "uv": [ 89.5, 41.5, 91.0, 43.0 ] },
												"south": { "texture": "#skin", "uv": [ 88.0, 41.5, 89.5, 43.0 ] },
												"west": { "texture": "#skin", "uv": [ 92.5, 41.5, 94.0, 43.0 ] },
												"up": { "texture": "#skin", "uv": [ 89.5, 40.0, 91.0, 41.5 ], "rotation": 270 }
											},
											"children": [
												{
													"name": "Lhorn2",
													"from": [ 0.0, 1.2, 0.0 ],
													"to": [ 1.5, 1.7, 1.5 ],
													"unwrapMode": 2,
													"uv": [ 88.0, 37.0 ],
													"rotationOrigin": [ 0.8, 1.2, 0.8 ],
													"rotationX": 5.0,
													"rotationZ": -3.0,
													"faces": {
														"north": { "texture": "#skin", "uv": [ 91.0, 38.5, 92.5, 39.0 ] },
														"east": { "texture": "#skin", "uv": [ 89.5, 38.5, 91.0, 39.0 ] },
														"south": { "texture": "#skin", "uv": [ 88.0, 38.5, 89.5, 39.0 ] },
														"west": { "texture": "#skin", "uv": [ 92.5, 38.5, 94.0, 39.0 ] },
														"up": { "texture": "#skin", "uv": [ 89.5, 37.0, 91.0, 38.5 ], "rotation": 270 }
													},
													"children": [
														{
															"name": "Lhorn3",
															"from": [ 0.1, 0.3, 0.1 ],
															"to": [ 1.4, 0.8, 1.4 ],
															"unwrapMode": 2,
															"uv": [ 88.0, 33.5 ],
															"rotationOrigin": [ 0.7, 0.3, 0.8 ],
															"rotationX": 5.0,
															"rotationY": 8.0,
															"rotationZ": -12.0,
															"faces": {
																"north": { "texture": "#skin", "uv": [ 90.0, 34.5, 91.0, 35.0 ] },
																"east": { "texture": "#skin", "uv": [ 89.0, 34.5, 90.0, 35.0 ] },
																"south": { "texture": "#skin", "uv": [ 88.0, 34.5, 89.0, 35.0 ] },
																"west": { "texture": "#skin", "uv": [ 91.0, 34.5, 92.0, 35.0 ] },
																"up": { "texture": "#skin", "uv": [ 89.0, 33.5, 90.0, 34.5 ], "rotation": 270 }
															},
															"children": [
																{
																	"name": "Lhorn4",
																	"from": [ 0.0, 0.4, 0.0 ],
																	"to": [ 1.1, 0.9, 1.2 ],
																	"unwrapMode": 1,
																	"uv": [ 88.0, 31.0 ],
																	"rotationOrigin": [ 0.5, 0.4, 0.5 ],
																	"rotationY": 8.0,
																	"rotationZ": -8.0,
																	"faces": {
																		"north": { "texture": "#skin", "uv": [ 89.0, 32.0, 90.0, 32.5 ] },
																		"east": { "texture": "#skin", "uv": [ 88.0, 32.0, 89.0, 32.5 ] },
																		"south": { "texture": "#skin", "uv": [ 91.0, 32.0, 92.0, 32.5 ] },
																		"west": { "texture": "#skin", "uv": [ 90.0, 32.0, 91.0, 32.5 ] },
																		"up": { "texture": "#skin", "uv": [ 89.0, 31.0, 90.0, 32.0 ], "rotation": 180 }
																	},
																	"children": [
																		{
																			"name": "Lhorn5",
																			"from": [ 0.0, 0.4, 0.0 ],
																			"to": [ 1.0, 0.9, 1.0 ],
																			"unwrapMode": 3,
																			"uv": [ 88.0, 27.5 ],
																			"rotationOrigin": [ 0.6, 0.4, 0.6 ],
																			"rotationX": -5.0,
																			"rotationY": 8.0,
																			"rotationZ": -5.0,
																			"faces": {
																				"north": { "texture": "#skin", "uv": [ 91.0, 28.5, 92.0, 29.0 ] },
																				"east": { "texture": "#skin", "uv": [ 90.0, 28.5, 91.0, 29.0 ] },
																				"south": { "texture": "#skin", "uv": [ 89.0, 28.5, 90.0, 29.0 ] },
																				"west": { "texture": "#skin", "uv": [ 88.0, 28.5, 89.0, 29.0 ] },
																				"up": { "texture": "#skin", "uv": [ 89.0, 27.5, 90.0, 28.5 ] }
																			},
																			"children": [
																				{
																					"name": "Lhorn6",
																					"from": [ 0.1, 0.4, 0.1 ],
																					"to": [ 0.9, 0.9, 0.9 ],
																					"unwrapMode": 3,
																					"uv": [ 88.0, 25.0 ],
																					"rotationOrigin": [ 0.5, 0.4, 0.5 ],
																					"rotationX": -4.0,
																					"rotationZ": -2.0,
																					"faces": {
																						"north": { "texture": "#skin", "uv": [ 89.5, 25.5, 90.0, 26.0 ] },
																						"east": { "texture": "#skin", "uv": [ 89.0, 25.5, 89.5, 26.0 ] },
																						"south": { "texture": "#skin", "uv": [ 88.5, 25.5, 89.0, 26.0 ] },
																						"west": { "texture": "#skin", "uv": [ 88.0, 25.5, 88.5, 26.0 ] },
																						"up": { "texture": "#skin", "uv": [ 88.5, 25.0, 89.0, 25.5 ] }
																					},
																					"children": [
																						{
																							"name": "Lhorn7",
																							"from": [ 0.0, 0.4, 0.1 ],
																							"to": [ 0.6, 0.9, 0.7 ],
																							"unwrapMode": 3,
																							"uv": [ 90.5, 22.0 ],
																							"rotationOrigin": [ 0.3, 0.4, 0.4 ],
																							"rotationX": -2.0,
																							"rotationY": -4.0,
																							"rotationZ": -2.0,
																							"faces": {
																								"north": { "texture": "#skin", "uv": [ 92.0, 22.5, 92.5, 23.0 ] },
																								"east": { "texture": "#skin", "uv": [ 91.5, 22.5, 92.0, 23.0 ] },
																								"south": { "texture": "#skin", "uv": [ 91.0, 22.5, 91.5, 23.0 ] },
																								"west": { "texture": "#skin", "uv": [ 90.5, 22.5, 91.0, 23.0 ] },
																								"up": { "texture": "#skin", "uv": [ 91.0, 22.0, 91.5, 22.5 ] }
																							},
																							"children": [
																								{
																									"name": "Lhorn8",
																									"from": [ 0.1, 0.4, 0.1 ],
																									"to": [ 0.6, 0.9, 0.5 ],
																									"unwrapMode": 3,
																									"uv": [ 90.5, 19.0 ],
																									"rotationOrigin": [ 0.3, 0.4, 0.3 ],
																									"rotationX": -2.0,
																									"rotationY": -4.0,
																									"rotationZ": -2.0,
																									"faces": {
																										"north": { "texture": "#skin", "uv": [ 92.0, 19.5, 92.5, 20.0 ] },
																										"east": { "texture": "#skin", "uv": [ 91.5, 19.5, 92.0, 20.0 ] },
																										"south": { "texture": "#skin", "uv": [ 91.0, 19.5, 91.5, 20.0 ] },
																										"west": { "texture": "#skin", "uv": [ 90.5, 19.5, 91.0, 20.0 ] },
																										"up": { "texture": "#skin", "uv": [ 91.0, 19.0, 91.5, 19.5 ] }
																									}
																								}
																							]
																						}
																					]
																				}
																			]
																		}
																	]
																}
															]
														}
													]
												}
											]
										}
									]
								}
							]
						},
						{
							"name": "Neck Hump2",
							"from": [ 7.1, 1.0, 0.5 ],
							"to": [ 9.6, 6.8, 4.0 ],
							"unwrapMode": 2,
							"uv": [ 36.0, 0.5 ],
							"rotationOrigin": [ 9.4, 1.6, 0.5 ],
							"rotationZ": 15.0,
							"faces": {
								"north": { "texture": "#skin", "uv": [ 42.0, 3.0, 44.5, 8.5 ] },
								"east": { "texture": "#skin", "uv": [ 38.5, 3.0, 42.0, 8.5 ] },
								"south": { "texture": "#skin", "uv": [ 36.0, 3.0, 38.5, 8.5 ] },
								"up": { "texture": "#skin", "uv": [ 38.5, 0.5, 42.0, 3.0 ], "rotation": 270 },
								"down": { "texture": "#skin", "uv": [ 38.5, 8.5, 42.0, 11.0 ], "rotation": 270 }
							}
						}
					],
					"attachmentpoints": [
						{
							"code": "rope",
							"posX": "0.0","posY": "2.0","posZ": "1.8",
							"rotationX": "0.0","rotationY": "0.0","rotationZ": "0.0"
						}
					]
				},
				{
					"name": "Neck Hump",
					"from": [ 10.0, 3.0, 0.7 ],
					"to": [ 12.5, 9.3, 5.1 ],
					"unwrapMode": 2,
					"uv": [ 41.5, 9.5 ],
					"rotationOrigin": [ 12.0, 3.4, 2.1 ],
					"rotationZ": 19.0,
					"faces": {
						"north": { "texture": "#skin", "uv": [ 48.0, 12.0, 50.5, 18.0 ] },
						"east": { "texture": "#skin", "uv": [ 44.0, 12.0, 48.0, 18.0 ] },
						"south": { "texture": "#skin", "uv": [ 41.5, 12.0, 44.0, 18.0 ] },
						"up": { "texture": "#skin", "uv": [ 44.0, 9.5, 48.0, 12.0 ], "rotation": 270 },
						"down": { "texture": "#skin", "uv": [ 44.0, 18.0, 48.0, 20.5 ], "rotation": 270 }
					}
				}
			]
		}
	]}