{
	"editor": {
		"allAngles": true,
		"entityTextureMode": true
	},
	"textureWidth": 100,
	"textureHeight": 100,
	"textureSizes": {
		"skin": [100,100]
	},
	"textures": {
	},
	"elements": [
		{
			"name": "Origin",
			"from": [ 8.0, 0.0, 8.0 ],
			"to": [ 8.0, 0.0, 8.0 ],
			"uv": [ 0.0, 0.0 ],
			"rotationOrigin": [ 8.0, 0.0, 8.0 ],
			"faces": {
			},
			"children": [
				{
					"name": "Rear",
					"from": [ 7.1, 12.9, -5.4 ],
					"to": [ 17.5, 26.1, 5.4 ],
					"unwrapMode": 7,
					"unwrapRotation": 1,
					"autoUnwrap": false,
					"uv": [ 2.5, 68.0 ],
					"rotationOrigin": [ 9.3, 21.4, 0.0 ],
					"rotationZ": -4.0,
					"faces": {
						"north": { "texture": "#skin", "uv": [ 28.0, 49.5, 41.0, 59.5 ], "rotation": 90 },
						"east": { "texture": "#skin", "uv": [ 17.5, 59.5, 28.0, 72.5 ] },
						"south": { "texture": "#skin", "uv": [ 4.5, 49.5, 17.5, 59.5 ], "rotation": 270 },
						"west": { "texture": "#skin", "uv": [ 6.0, 60.5, 16.5, 73.5 ] },
						"up": { "texture": "#skin", "uv": [ 17.5, 49.5, 28.0, 59.5 ], "rotation": 270 },
						"down": { "texture": "#skin", "uv": [ 41.0, 49.5, 51.5, 59.5 ], "rotation": 90 }
					},
					"children": [
						{
							"name": "L Haunch",
							"from": [ 4.9, 2.1, 9.1 ],
							"to": [ 11.3, 11.9, 12.6 ],
							"unwrapMode": 3,
							"uv": [ 57.5, 52.0 ],
							"rotationOrigin": [ 7.6, 10.1, 10.8 ],
							"rotationX": 6.0,
							"rotationY": 0.5,
							"rotationZ": -5.0,
							"faces": {
								"north": { "texture": "#skin", "uv": [ 70.5, 55.5, 76.5, 65.0 ] },
								"east": { "texture": "#skin", "uv": [ 67.0, 55.5, 70.5, 65.0 ] },
								"south": { "texture": "#skin", "uv": [ 61.0, 55.5, 67.0, 65.0 ] },
								"west": { "texture": "#skin", "uv": [ 57.5, 55.5, 61.0, 65.0 ] },
								"up": { "texture": "#skin", "uv": [ 61.0, 52.0, 67.0, 55.5 ], "windMode": [-1,-1,-1,-1], "windData": [0,0,1,1] },
								"down": { "texture": "#skin", "uv": [ 61.0, 65.0, 67.0, 68.5 ], "rotation": 180 }
							},
							"children": [
								{
									"name": "L LegUp",
									"from": [ 1.1, -6.4, 0.25 ],
									"to": [ 3.6, 2.4, 3.25 ],
									"unwrapMode": 3,
									"uv": [ 58.0, 69.0 ],
									"rotationOrigin": [ 2.5, 0.9, 1.75 ],
									"rotationZ": 40.0,
									"faces": {
										"north": { "texture": "#skin", "uv": [ 66.5, 72.0, 69.0, 80.5 ] },
										"east": { "texture": "#skin", "uv": [ 63.5, 72.0, 66.5, 80.5 ] },
										"south": { "texture": "#skin", "uv": [ 61.0, 72.0, 63.5, 80.5 ] },
										"west": { "texture": "#skin", "uv": [ 58.0, 72.0, 61.0, 80.5 ] },
										"up": { "texture": "#skin", "uv": [ 61.0, 69.0, 63.5, 72.0 ] },
										"down": { "texture": "#skin", "uv": [ 61.0, 80.5, 63.5, 83.5 ], "rotation": 180 }
									},
									"children": [
										{
											"name": "L LegLow",
											"from": [ 0.6, -7.6, 0.5 ],
											"to": [ 2.9, 1.0, 2.5 ],
											"unwrapMode": 3,
											"uv": [ 62.0, 82.0 ],
											"rotationOrigin": [ 1.8, 0.3, 1.5 ],
											"rotationX": -6.0,
											"rotationZ": -33.0,
											"faces": {
												"north": { "texture": "#skin", "uv": [ 68.0, 84.0, 70.0, 92.5 ] },
												"east": { "texture": "#skin", "uv": [ 66.0, 84.0, 68.0, 92.5 ] },
												"south": { "texture": "#skin", "uv": [ 64.0, 84.0, 66.0, 92.5 ] },
												"west": { "texture": "#skin", "uv": [ 62.0, 84.0, 64.0, 92.5 ] },
												"up": { "texture": "#skin", "uv": [ 64.0, 82.0, 66.0, 84.0 ] },
												"down": { "texture": "#skin", "uv": [ 64.0, 92.5, 66.0, 94.5 ], "rotation": 180, "windMode": [-1,-1,-1,-1] }
											},
											"children": [
												{
													"name": "L Hind Pastern",
													"from": [ 0.0, -1.9, -0.1 ],
													"to": [ 1.9, 1.0, 2.1 ],
													"unwrapMode": 3,
													"uv": [ 64.5, 93.0 ],
													"rotationOrigin": [ 0.6, 0.8, 1.0 ],
													"rotationY": 1.0,
													"rotationZ": -17.0,
													"faces": {
														"north": { "texture": "#skin", "uv": [ 70.0, 95.0, 71.5, 97.5 ] },
														"east": { "texture": "#skin", "uv": [ 68.0, 95.0, 70.0, 97.5 ] },
														"south": { "texture": "#skin", "uv": [ 66.5, 95.0, 68.0, 97.5 ] },
														"west": { "texture": "#skin", "uv": [ 64.5, 95.0, 66.5, 97.5 ] },
														"up": { "texture": "#skin", "uv": [ 66.5, 93.0, 68.0, 95.0 ], "windMode": [-1,-1,-1,-1] },
														"down": { "texture": "#skin", "uv": [ 66.5, 97.5, 68.0, 99.5 ], "rotation": 180 }
													},
													"children": [
														{
															"name": "L Hind Hoof",
															"from": [ 0.3, 0.8, 0.8 ],
															"to": [ 0.3, 0.8, 0.8 ],
															"uv": [ 0.0, 0.0 ],
															"rotationOrigin": [ 0.3, 0.8, 0.8 ],
															"rotationY": 1.0,
															"rotationZ": 18.0,
															"faces": {
															},
															"children": [
																{
																	"name": "L Hind Hoof2",
																	"from": [ -1.1, -1.4, -0.7 ],
																	"to": [ 0.9, -0.7, 1.3 ],
																	"unwrapMode": 5,
																	"uv": [ 71.0, 82.5 ],
																	"rotationOrigin": [ 0.3, -0.6, 0.4 ],
																	"faces": {
																		"north": { "texture": "#skin", "uv": [ 71.5, 82.5, 73.5, 83.0 ], "rotation": 180 },
																		"east": { "texture": "#skin", "uv": [ 73.5, 83.0, 74.0, 85.0 ], "rotation": 90 },
																		"south": { "texture": "#skin", "uv": [ 71.5, 85.0, 73.5, 85.5 ] },
																		"west": { "texture": "#skin", "uv": [ 71.0, 83.0, 71.5, 85.0 ], "rotation": 270 },
																		"up": { "texture": "#skin", "uv": [ 71.5, 83.0, 73.5, 85.0 ] },
																		"down": { "texture": "#skin", "uv": [ 74.0, 83.0, 76.0, 85.0 ] }
																	}
																},
																{
																	"name": "L Hind Hoof1",
																	"from": [ -1.1, -1.4, -0.7 ],
																	"to": [ 0.9, -0.7, 1.3 ],
																	"unwrapMode": 5,
																	"uv": [ 71.0, 86.0 ],
																	"rotationOrigin": [ -1.1, -1.4, -0.7 ],
																	"rotationZ": 40.0,
																	"faces": {
																		"north": { "texture": "#skin", "uv": [ 71.5, 86.0, 73.5, 86.5 ], "rotation": 180 },
																		"east": { "texture": "#skin", "uv": [ 73.5, 86.5, 74.0, 88.5 ], "rotation": 90 },
																		"south": { "texture": "#skin", "uv": [ 71.5, 88.5, 73.5, 89.0 ] },
																		"west": { "texture": "#skin", "uv": [ 71.0, 86.5, 71.5, 88.5 ], "rotation": 270 },
																		"up": { "texture": "#skin", "uv": [ 71.5, 86.5, 73.5, 88.5 ] },
																		"down": { "texture": "#skin", "uv": [ 74.0, 86.5, 76.0, 88.5 ] }
																	}
																}
															]
														}
													]
												}
											]
										},
										{
											"name": "L LegUp Taper",
											"from": [ 1.4, 0.0, 0.1 ],
											"to": [ 3.2, 8.0, 2.9 ],
											"unwrapMode": 2,
											"uv": [ 69.5, 72.0 ],
											"rotationOrigin": [ 2.5, 0.0, 0.0 ],
											"rotationZ": -11.0,
											"faces": {
												"north": { "texture": "#skin", "uv": [ 73.5, 72.0, 75.0, 80.0 ] },
												"east": { "texture": "#skin", "uv": [ 71.0, 72.0, 73.5, 80.0 ] },
												"south": { "texture": "#skin", "uv": [ 69.5, 72.0, 71.0, 80.0 ] },
												"down": { "texture": "#skin", "uv": [ 71.0, 80.0, 73.5, 81.5 ], "rotation": 270 }
											}
										}
									]
								}
							]
						},
						{
							"name": "R Haunch",
							"from": [ 4.9, 2.1, -1.5 ],
							"to": [ 11.3, 11.9, 2.0 ],
							"unwrapMode": 1,
							"uv": [ 77.5, 52.0 ],
							"rotationOrigin": [ 7.6, 10.1, -0.1 ],
							"rotationX": -6.0,
							"rotationY": -0.5,
							"rotationZ": -5.0,
							"faces": {
								"north": { "texture": "#skin", "uv": [ 81.0, 55.5, 87.0, 65.0 ] },
								"east": { "texture": "#skin", "uv": [ 77.5, 55.5, 81.0, 65.0 ] },
								"south": { "texture": "#skin", "uv": [ 90.5, 55.5, 96.5, 65.0 ] },
								"west": { "texture": "#skin", "uv": [ 87.0, 55.5, 90.5, 65.0 ] },
								"up": { "texture": "#skin", "uv": [ 81.0, 52.0, 87.0, 55.5 ], "rotation": 180 },
								"down": { "texture": "#skin", "uv": [ 81.0, 65.0, 87.0, 68.5 ] }
							},
							"children": [
								{
									"name": "R LegUp",
									"from": [ 1.1, -6.4, 0.25 ],
									"to": [ 3.6, 2.4, 3.25 ],
									"unwrapMode": 1,
									"uv": [ 78.0, 69.0 ],
									"rotationOrigin": [ 2.5, 0.9, 1.75 ],
									"rotationZ": 40.0,
									"faces": {
										"north": { "texture": "#skin", "uv": [ 81.0, 72.0, 83.5, 80.5 ] },
										"east": { "texture": "#skin", "uv": [ 78.0, 72.0, 81.0, 80.5 ] },
										"south": { "texture": "#skin", "uv": [ 86.5, 72.0, 89.0, 80.5 ] },
										"west": { "texture": "#skin", "uv": [ 83.5, 72.0, 86.5, 80.5 ] },
										"up": { "texture": "#skin", "uv": [ 81.0, 69.0, 83.5, 72.0 ], "rotation": 180 },
										"down": { "texture": "#skin", "uv": [ 81.0, 80.5, 83.5, 83.5 ] }
									},
									"children": [
										{
											"name": "R LegLow",
											"from": [ 0.6, -7.6, 0.5 ],
											"to": [ 2.9, 1.0, 2.5 ],
											"unwrapMode": 1,
											"uv": [ 82.0, 82.0 ],
											"rotationOrigin": [ 1.8, 0.3, 1.5 ],
											"rotationX": 6.0,
											"rotationZ": -33.0,
											"faces": {
												"north": { "texture": "#skin", "uv": [ 84.0, 84.0, 86.0, 92.5 ] },
												"east": { "texture": "#skin", "uv": [ 82.0, 84.0, 84.0, 92.5 ] },
												"south": { "texture": "#skin", "uv": [ 88.0, 84.0, 90.0, 92.5 ] },
												"west": { "texture": "#skin", "uv": [ 86.0, 84.0, 88.0, 92.5 ] },
												"up": { "texture": "#skin", "uv": [ 84.0, 82.0, 86.0, 84.0 ], "rotation": 180 },
												"down": { "texture": "#skin", "uv": [ 84.0, 92.5, 86.0, 94.5 ] }
											},
											"children": [
												{
													"name": "R Hind Pastern",
													"from": [ 0.0, -1.9, -0.1 ],
													"to": [ 1.9, 1.0, 2.1 ],
													"unwrapMode": 1,
													"uv": [ 84.5, 93.0 ],
													"rotationOrigin": [ 0.6, 0.8, 1.0 ],
													"rotationY": -1.0,
													"rotationZ": -17.0,
													"faces": {
														"north": { "texture": "#skin", "uv": [ 86.5, 95.0, 88.0, 97.5 ] },
														"east": { "texture": "#skin", "uv": [ 84.5, 95.0, 86.5, 97.5 ] },
														"south": { "texture": "#skin", "uv": [ 90.0, 95.0, 91.5, 97.5 ] },
														"west": { "texture": "#skin", "uv": [ 88.0, 95.0, 90.0, 97.5 ] },
														"up": { "texture": "#skin", "uv": [ 86.5, 93.0, 88.0, 95.0 ], "rotation": 180, "windMode": [-1,-1,-1,-1] },
														"down": { "texture": "#skin", "uv": [ 86.5, 97.5, 88.0, 99.5 ] }
													},
													"children": [
														{
															"name": "R Hind Hoof",
															"from": [ 0.3, 0.8, 0.8 ],
															"to": [ 0.3, 0.8, 0.8 ],
															"uv": [ 0.0, 0.0 ],
															"rotationOrigin": [ 0.3, 0.8, 0.8 ],
															"rotationY": -1.0,
															"rotationZ": 18.0,
															"faces": {
															},
															"children": [
																{
																	"name": "R Hind Hoof1",
																	"from": [ -1.1, -1.4, -0.7 ],
																	"to": [ 0.9, -0.7, 1.3 ],
																	"unwrapMode": 5,
																	"uv": [ 71.0, 89.5 ],
																	"rotationOrigin": [ -1.1, -1.4, -0.7 ],
																	"rotationZ": 40.0,
																	"faces": {
																		"north": { "texture": "#skin", "uv": [ 71.5, 89.5, 73.5, 90.0 ], "rotation": 180 },
																		"east": { "texture": "#skin", "uv": [ 73.5, 90.0, 74.0, 92.0 ], "rotation": 90 },
																		"south": { "texture": "#skin", "uv": [ 71.5, 92.0, 73.5, 92.5 ] },
																		"west": { "texture": "#skin", "uv": [ 71.0, 90.0, 71.5, 92.0 ], "rotation": 270 },
																		"up": { "texture": "#skin", "uv": [ 71.5, 90.0, 73.5, 92.0 ] },
																		"down": { "texture": "#skin", "uv": [ 74.0, 90.0, 76.0, 92.0 ] }
																	}
																},
																{
																	"name": "R Hind Hoof2",
																	"from": [ -1.1, -1.4, -0.7 ],
																	"to": [ 0.9, -0.7, 1.3 ],
																	"unwrapMode": 5,
																	"uv": [ 72.0, 93.0 ],
																	"rotationOrigin": [ 0.3, -0.6, 0.4 ],
																	"faces": {
																		"north": { "texture": "#skin", "uv": [ 72.5, 93.0, 74.5, 93.5 ], "rotation": 180 },
																		"east": { "texture": "#skin", "uv": [ 74.5, 93.5, 75.0, 95.5 ], "rotation": 90 },
																		"south": { "texture": "#skin", "uv": [ 72.5, 95.5, 74.5, 96.0 ] },
																		"west": { "texture": "#skin", "uv": [ 72.0, 93.5, 72.5, 95.5 ], "rotation": 270 },
																		"up": { "texture": "#skin", "uv": [ 72.5, 93.5, 74.5, 95.5 ] },
																		"down": { "texture": "#skin", "uv": [ 75.0, 93.5, 77.0, 95.5 ] }
																	}
																}
															]
														}
													]
												}
											]
										},
										{
											"name": "R LegUp Taper",
											"from": [ 1.4, 0.0, 0.1 ],
											"to": [ 3.2, 8.0, 2.9 ],
											"unwrapMode": 2,
											"uv": [ 89.5, 72.0 ],
											"rotationOrigin": [ 2.5, 0.0, 0.0 ],
											"rotationZ": -11.0,
											"faces": {
												"north": { "texture": "#skin", "uv": [ 93.5, 72.0, 95.0, 80.0 ] },
												"east": { "texture": "#skin", "uv": [ 91.0, 72.0, 93.5, 80.0 ] },
												"south": { "texture": "#skin", "uv": [ 89.5, 72.0, 91.0, 80.0 ] },
												"down": { "texture": "#skin", "uv": [ 91.0, 80.0, 93.5, 81.5 ], "rotation": 270 }
											}
										}
									]
								}
							]
						},
						{
							"name": "Midsection",
							"from": [ -7.7, -1.7, -1.4 ],
							"to": [ 2.8, 13.4, 12.2 ],
							"unwrapMode": 7,
							"unwrapRotation": 1,
							"autoUnwrap": false,
							"uv": [ 3.0, 57.5 ],
							"rotationOrigin": [ 1.4, 9.3, 5.4 ],
							"rotationZ": 3.0,
							"faces": {
								"north": { "texture": "#skin", "uv": [ 29.5, 38.5, 44.5, 49.0 ], "rotation": 90, "windMode": [-1,-1,-1,-1], "windData": [0,1,1,0] },
								"east": { "texture": "#skin", "uv": [ 43.0, 60.5, 56.5, 75.5 ], "windMode": [-1,-1,-1,-1], "windData": [0,1,1,0] },
								"south": { "texture": "#skin", "uv": [ 1.0, 38.5, 16.0, 49.0 ], "rotation": 270 },
								"west": { "texture": "#skin", "uv": [ 29.0, 60.5, 42.5, 75.5 ], "windMode": [-1,-1,-1,-1], "windData": [0,0,1,1] },
								"up": { "texture": "#skin", "uv": [ 16.0, 38.5, 29.5, 49.0 ], "rotation": 270 },
								"down": { "texture": "#skin", "uv": [ 44.5, 38.5, 58.0, 49.0 ], "rotation": 90 }
							},
							"children": [
								{
									"name": "Chest",
									"from": [ -11.2, 0.4, 0.9 ],
									"to": [ 1.6, 15.1, 12.7 ],
									"unwrapMode": 7,
									"unwrapRotation": 1,
									"autoUnwrap": false,
									"uv": [ 2.5, 46.0 ],
									"rotationOrigin": [ 0.3, 10.5, 6.8 ],
									"rotationZ": -4.0,
									"faces": {
										"north": { "texture": "#skin", "uv": [ 28.5, 25.5, 43.0, 38.0 ], "rotation": 90 },
										"east": { "texture": "#skin", "uv": [ 43.0, 76.5, 54.5, 91.0 ] },
										"south": { "texture": "#skin", "uv": [ 2.5, 25.5, 17.0, 38.0 ], "rotation": 270 },
										"west": { "texture": "#skin", "uv": [ 31.0, 76.5, 42.5, 91.0 ] },
										"up": { "texture": "#skin", "uv": [ 17.0, 25.5, 28.5, 38.0 ], "rotation": 270 },
										"down": { "texture": "#skin", "uv": [ 43.0, 25.5, 54.5, 38.0 ], "rotation": 90 }
									},
									"children": [
										{
											"name": "Neck",
											"from": [ -4.5, 12.3, 3.0 ],
											"to": [ 5.1, 20.9, 8.8 ],
											"unwrapMode": 2,
											"autoUnwrap": false,
											"uv": [ 5.5, 5.0 ],
											"rotationOrigin": [ 4.4, 12.3, 5.9 ],
											"rotationZ": 91.0,
											"faces": {
												"north": { "texture": "#skin", "uv": [ 25.5, 16.5, 35.0, 25.0 ], "windMode": [-1,-1,-1,-1], "windData": [0,0,1,0] },
												"east": { "texture": "#skin", "uv": [ 20.0, 16.5, 25.5, 25.0 ], "windMode": [-1,-1,-1,-1], "windData": [1,0,0,1] },
												"south": { "texture": "#skin", "uv": [ 10.5, 16.5, 20.0, 25.0 ] },
												"west": { "texture": "#skin", "uv": [ 35.0, 16.5, 40.5, 25.0 ] },
												"up": { "texture": "#skin", "uv": [ 3.5, 15.0, 9.0, 24.5 ], "rotation": 90 }
											},
											"children": [
												{
													"name": "Neck2",
													"from": [ 1.7955, 5.9, 0.65 ],
													"to": [ 9.7955, 13.3, 5.15 ],
													"unwrapMode": 2,
													"uv": [ 12.5, 1.0 ],
													"rotationOrigin": [ 6.5, 6.1, 2.9 ],
													"rotationZ": 10.0,
													"faces": {
														"north": { "texture": "#skin", "uv": [ 25.0, 9.0, 33.0, 16.0 ] },
														"east": { "texture": "#skin", "uv": [ 20.5, 9.0, 25.0, 16.0 ] },
														"south": { "texture": "#skin", "uv": [ 12.5, 9.0, 20.5, 16.0 ] },
														"west": { "texture": "#skin", "uv": [ 33.0, 9.0, 37.5, 16.0 ] },
														"up": { "texture": "#skin", "uv": [ 20.5, 1.0, 25.0, 9.0 ], "rotation": 270 }
													},
													"children": [
														{
															"name": "Head",
															"from": [ 5.4, 1.0, -0.65 ],
															"to": [ 9.0, 8.0, 5.15 ],
															"unwrapMode": 4,
															"uv": [ 12.0, 74.5 ],
															"rotationOrigin": [ 7.7, 7.8, 2.3 ],
															"rotationZ": -70.0,
															"faces": {
																"north": { "texture": "#skin", "uv": [ 12.0, 78.0, 15.5, 85.0 ] },
																"east": { "texture": "#skin", "uv": [ 24.5, 78.0, 30.0, 85.0 ] },
																"south": { "texture": "#skin", "uv": [ 21.0, 78.0, 24.5, 85.0 ] },
																"west": { "texture": "#skin", "uv": [ 15.5, 78.0, 21.0, 85.0 ] },
																"up": { "texture": "#skin", "uv": [ 15.5, 74.5, 21.0, 78.0 ], "rotation": 90 },
																"down": { "texture": "#skin", "uv": [ 15.5, 85.0, 21.0, 88.5 ], "rotation": 90 }
															},
															"children": [
																{
																	"name": "MouthUp",
																	"from": [ -6.4, 1.9, 1.0 ],
																	"to": [ 0.2, 3.4, 4.8 ],
																	"unwrapMode": 5,
																	"unwrapRotation": 1,
																	"uv": [ 1.0, 74.5 ],
																	"rotationOrigin": [ -1.9, 3.1, 2.9 ],
																	"rotationZ": 4.0,
																	"faces": {
																		"north": { "texture": "#skin", "uv": [ 1.0, 74.5, 2.5, 81.0 ], "rotation": 270 },
																		"south": { "texture": "#skin", "uv": [ 6.0, 74.5, 7.5, 81.0 ], "rotation": 90 },
																		"west": { "texture": "#skin", "uv": [ 2.5, 81.0, 6.0, 82.5 ] },
																		"up": { "texture": "#skin", "uv": [ 2.5, 74.5, 6.0, 81.0 ], "rotation": 90, "windMode": [-1,-1,-1,-1], "windData": [1,1,1,1] },
																		"down": { "texture": "#skin", "uv": [ 7.5, 74.5, 11.0, 81.0 ], "rotation": 270 }
																	},
																	"children": [
																		{
																			"name": "Nose",
																			"from": [ 1.1, -0.3, 0.35 ],
																			"to": [ 7.1, 2.6, 3.45 ],
																			"unwrapMode": 5,
																			"unwrapRotation": 1,
																			"uv": [ 22.0, 86.0 ],
																			"rotationOrigin": [ 1.1, 2.3, 1.0 ],
																			"rotationZ": 16.0,
																			"faces": {
																				"north": { "texture": "#skin", "uv": [ 22.0, 86.0, 24.5, 92.0 ], "rotation": 270, "windMode": [-1,-1,-1,-1], "windData": [1,1,1,1] },
																				"south": { "texture": "#skin", "uv": [ 27.5, 86.0, 30.0, 92.0 ], "rotation": 90 },
																				"west": { "texture": "#skin", "uv": [ 24.5, 92.0, 27.5, 94.5 ], "windMode": [-1,-1,-1,-1], "windData": [1,1,1,1] },
																				"up": { "texture": "#skin", "uv": [ 24.5, 86.0, 27.5, 92.0 ], "rotation": 90 }
																			},
																			"children": [
																				{
																					"name": "Snout",
																					"from": [ -1.9, 0.3, -0.5 ],
																					"to": [ 0.2, 2.8, 3.6 ],
																					"unwrapMode": 4,
																					"uv": [ 40.0, 92.0 ],
																					"rotationOrigin": [ 0.0, 2.5, 1.6 ],
																					"rotationZ": -9.0,
																					"faces": {
																						"north": { "texture": "#skin", "uv": [ 40.0, 94.0, 42.0, 96.5 ], "windMode": [-1,-1,-1,-1], "windData": [1,1,1,1] },
																						"east": { "texture": "#skin", "uv": [ 48.0, 94.0, 52.0, 96.5 ], "windMode": [-1,-1,-1,-1], "windData": [1,1,1,1] },
																						"south": { "texture": "#skin", "uv": [ 46.0, 94.0, 48.0, 96.5 ], "windMode": [-1,-1,-1,-1], "windData": [1,1,1,1] },
																						"west": { "texture": "#skin", "uv": [ 42.0, 94.0, 46.0, 96.5 ], "windMode": [-1,-1,-1,-1], "windData": [1,1,1,1] },
																						"up": { "texture": "#skin", "uv": [ 42.0, 92.0, 46.0, 94.0 ], "rotation": 90, "windMode": [-1,-1,-1,-1], "windData": [1,1,1,1] },
																						"down": { "texture": "#skin", "uv": [ 42.0, 96.5, 46.0, 98.5 ], "rotation": 90, "windMode": [-1,-1,-1,-1], "windData": [1,1,1,1] }
																					}
																				},
																				{
																					"name": "NoseBridge",
																					"from": [ 4.5, 0.8, -0.95 ],
																					"to": [ 6.0, 2.9, 4.05 ],
																					"unwrapMode": 7,
																					"unwrapRotation": 1,
																					"uv": [ 29.5, 92.0 ],
																					"rotationOrigin": [ 4.5, 3.0, -0.9 ],
																					"rotationZ": 18.0,
																					"faces": {
																						"north": { "texture": "#skin", "uv": [ 36.5, 94.0, 38.5, 95.5 ], "rotation": 90 },
																						"east": { "texture": "#skin", "uv": [ 31.5, 95.5, 36.5, 97.5 ] },
																						"south": { "texture": "#skin", "uv": [ 29.5, 94.0, 31.5, 95.5 ], "rotation": 270 },
																						"west": { "texture": "#skin", "uv": [ 31.5, 92.0, 36.5, 94.0 ], "rotation": 180 },
																						"up": { "texture": "#skin", "uv": [ 31.5, 94.0, 36.5, 95.5 ], "rotation": 270 }
																					}
																				}
																			]
																		}
																	]
																},
																{
																	"name": "L Ear",
																	"from": [ 2.1, 4.0, 4.8 ],
																	"to": [ 2.5, 5.7, 6.9 ],
																	"unwrapMode": 4,
																	"uv": [ 26.0, 5.5 ],
																	"rotationOrigin": [ 2.3, 4.0, 5.6 ],
																	"rotationX": 116.0,
																	"rotationY": -16.0,
																	"faces": {
																		"north": { "texture": "#skin", "uv": [ 26.0, 6.0, 26.5, 7.5 ], "windMode": [-1,-1,-1,-1], "windData": [1,1,1,1] },
																		"east": { "texture": "#skin", "uv": [ 29.0, 6.0, 31.0, 7.5 ] },
																		"south": { "texture": "#skin", "uv": [ 28.5, 6.0, 29.0, 7.5 ], "windMode": [-1,-1,-1,-1], "windData": [1,1,1,1] },
																		"west": { "texture": "#skin", "uv": [ 26.5, 6.0, 28.5, 7.5 ] },
																		"up": { "texture": "#skin", "uv": [ 26.5, 5.5, 28.5, 6.0 ], "rotation": 90 },
																		"down": { "texture": "#skin", "uv": [ 26.5, 7.5, 28.5, 8.0 ], "rotation": 90 }
																	},
																	"children": [
																		{
																			"name": "L Ear3",
																			"from": [ 0.0, 1.7, 0.0 ],
																			"to": [ 0.4, 4.2, 0.9 ],
																			"unwrapMode": 4,
																			"uv": [ 29.5, 1.5 ],
																			"rotationOrigin": [ 0.3, 1.7, 0.0 ],
																			"rotationX": 8.0,
																			"rotationY": 1.0,
																			"faces": {
																				"north": { "texture": "#skin", "uv": [ 29.5, 2.0, 30.0, 4.5 ] },
																				"east": { "texture": "#skin", "uv": [ 31.0, 2.0, 31.5, 4.5 ] },
																				"south": { "texture": "#skin", "uv": [ 30.5, 2.0, 31.0, 4.5 ] },
																				"west": { "texture": "#skin", "uv": [ 30.0, 2.0, 30.5, 4.5 ] },
																				"up": { "texture": "#skin", "uv": [ 30.0, 1.5, 30.5, 2.0 ], "rotation": 90 },
																				"down": { "texture": "#skin", "uv": [ 30.0, 4.5, 30.5, 5.0 ], "rotation": 90 }
																			}
																		},
																		{
																			"name": "L Ear2",
																			"from": [ 0.0, 1.7, 0.8 ],
																			"to": [ 0.4, 4.2, 2.2 ],
																			"unwrapMode": 4,
																			"uv": [ 26.0, 1.5 ],
																			"rotationOrigin": [ 0.3, 1.7, 2.1 ],
																			"rotationX": -10.0,
																			"rotationY": -1.0,
																			"faces": {
																				"north": { "texture": "#skin", "uv": [ 26.0, 2.0, 26.5, 4.5 ] },
																				"east": { "texture": "#skin", "uv": [ 28.0, 2.0, 29.0, 4.5 ] },
																				"south": { "texture": "#skin", "uv": [ 27.5, 2.0, 28.0, 4.5 ] },
																				"west": { "texture": "#skin", "uv": [ 26.5, 2.0, 27.5, 4.5 ] },
																				"up": { "texture": "#skin", "uv": [ 26.5, 1.5, 27.5, 2.0 ], "rotation": 90 },
																				"down": { "texture": "#skin", "uv": [ 26.5, 4.5, 27.5, 5.0 ], "rotation": 90 }
																			}
																		}
																	]
																},
																{
																	"name": "R Eye",
																	"from": [ -0.01, 4.4, -0.01 ],
																	"to": [ 0.99, 4.8, 0.29 ],
																	"unwrapMode": 5,
																	"uv": [ 1.0, 51.5 ],
																	"rotationOrigin": [ -0.01, 4.9, -0.01 ],
																	"faces": {
																		"north": { "texture": "#skin", "uv": [ 1.5, 51.5, 2.5, 52.0 ], "rotation": 180 },
																		"east": { "texture": "#skin", "uv": [ 2.5, 52.0, 3.0, 52.5 ], "rotation": 90 },
																		"west": { "texture": "#skin", "uv": [ 1.0, 52.0, 1.5, 52.5 ], "rotation": 270 },
																		"up": { "texture": "#skin", "uv": [ 1.5, 52.0, 2.5, 52.5 ] },
																		"down": { "texture": "#skin", "uv": [ 3.0, 52.0, 4.0, 52.5 ] }
																	},
																	"children": [
																		{
																			"name": "R Eye2",
																			"from": [ 0.0, 0.4, 0.0 ],
																			"to": [ 1.0, 0.8, 0.3 ],
																			"unwrapMode": 5,
																			"uv": [ 1.0, 53.5 ],
																			"rotationOrigin": [ 0.0, 0.9, -0.1 ],
																			"faces": {
																				"north": { "texture": "#skin", "uv": [ 1.5, 53.5, 2.5, 54.0 ], "rotation": 180 },
																				"east": { "texture": "#skin", "uv": [ 2.5, 54.0, 3.0, 54.5 ], "rotation": 90 },
																				"west": { "texture": "#skin", "uv": [ 1.0, 54.0, 1.5, 54.5 ], "rotation": 270 },
																				"up": { "texture": "#skin", "uv": [ 1.5, 54.0, 2.5, 54.5 ] },
																				"down": { "texture": "#skin", "uv": [ 3.0, 54.0, 4.0, 54.5 ] }
																			},
																			"children": [
																				{
																					"name": "R Pupil",
																					"from": [ -0.01, -0.1, -0.01 ],
																					"to": [ 0.59, 0.2, 0.29 ],
																					"unwrapMode": 5,
																					"uv": [ 2.0, 49.5 ],
																					"rotationOrigin": [ -0.01, -0.1, -0.01 ],
																					"faces": {
																						"north": { "texture": "#skin", "uv": [ 2.5, 49.5, 3.0, 50.0 ], "rotation": 180, "windMode": [-1,-1,-1,-1], "windData": [1,1,1,1] },
																						"east": { "texture": "#skin", "uv": [ 3.0, 50.0, 3.5, 50.5 ], "rotation": 90 },
																						"west": { "texture": "#skin", "uv": [ 2.0, 50.0, 2.5, 50.5 ], "rotation": 270 },
																						"up": { "texture": "#skin", "uv": [ 2.5, 50.0, 3.0, 50.5 ] },
																						"down": { "texture": "#skin", "uv": [ 3.5, 50.0, 4.0, 50.5 ] }
																					}
																				}
																			]
																		}
																	]
																},
																{
																	"name": "R Ear",
																	"from": [ 2.1, 4.0, -1.1 ],
																	"to": [ 2.5, 5.7, 1.0 ],
																	"unwrapMode": 4,
																	"uv": [ 12.0, 5.5 ],
																	"rotationOrigin": [ 2.3, 4.0, 0.3 ],
																	"rotationX": -121.0,
																	"rotationY": 7.0,
																	"faces": {
																		"north": { "texture": "#skin", "uv": [ 12.0, 6.0, 12.5, 7.5 ] },
																		"east": { "texture": "#skin", "uv": [ 15.0, 6.0, 17.0, 7.5 ] },
																		"south": { "texture": "#skin", "uv": [ 14.5, 6.0, 15.0, 7.5 ], "windMode": [-1,-1,-1,-1], "windData": [1,1,1,1] },
																		"west": { "texture": "#skin", "uv": [ 12.5, 6.0, 14.5, 7.5 ] },
																		"up": { "texture": "#skin", "uv": [ 12.5, 5.5, 14.5, 6.0 ], "rotation": 90 },
																		"down": { "texture": "#skin", "uv": [ 12.5, 7.5, 14.5, 8.0 ], "rotation": 90 }
																	},
																	"children": [
																		{
																			"name": "R Ear2",
																			"from": [ 0.0, 1.7, 0.0 ],
																			"to": [ 0.4, 4.2, 1.4 ],
																			"unwrapMode": 4,
																			"uv": [ 12.0, 1.5 ],
																			"rotationOrigin": [ 0.3, 1.7, 0.0 ],
																			"rotationX": 10.0,
																			"rotationY": 1.0,
																			"faces": {
																				"north": { "texture": "#skin", "uv": [ 12.0, 2.0, 12.5, 4.5 ] },
																				"east": { "texture": "#skin", "uv": [ 14.0, 2.0, 15.0, 4.5 ] },
																				"south": { "texture": "#skin", "uv": [ 13.5, 2.0, 14.0, 4.5 ] },
																				"west": { "texture": "#skin", "uv": [ 12.5, 2.0, 13.5, 4.5 ] },
																				"up": { "texture": "#skin", "uv": [ 12.5, 1.5, 13.5, 2.0 ], "rotation": 90 },
																				"down": { "texture": "#skin", "uv": [ 12.5, 4.5, 13.5, 5.0 ], "rotation": 90 }
																			}
																		},
																		{
																			"name": "R Ear3",
																			"from": [ 0.0, 1.7, 1.3 ],
																			"to": [ 0.4, 4.2, 2.2 ],
																			"unwrapMode": 4,
																			"uv": [ 15.5, 1.5 ],
																			"rotationOrigin": [ 0.3, 1.7, 2.0 ],
																			"rotationX": -8.0,
																			"rotationY": -1.0,
																			"faces": {
																				"north": { "texture": "#skin", "uv": [ 15.5, 2.0, 16.0, 4.5 ] },
																				"east": { "texture": "#skin", "uv": [ 17.0, 2.0, 17.5, 4.5 ] },
																				"south": { "texture": "#skin", "uv": [ 16.5, 2.0, 17.0, 4.5 ] },
																				"west": { "texture": "#skin", "uv": [ 16.0, 2.0, 16.5, 4.5 ] },
																				"up": { "texture": "#skin", "uv": [ 16.0, 1.5, 16.5, 2.0 ], "rotation": 90 },
																				"down": { "texture": "#skin", "uv": [ 16.0, 4.5, 16.5, 5.0 ], "rotation": 90 }
																			}
																		}
																	]
																},
																{
																	"name": "L Eye",
																	"from": [ -0.01, 4.4, 5.51 ],
																	"to": [ 0.99, 4.8, 5.81 ],
																	"unwrapMode": 5,
																	"uv": [ 1.0, 52.0 ],
																	"rotationOrigin": [ -0.01, 4.9, 5.51 ],
																	"faces": {
																		"east": { "texture": "#skin", "uv": [ 2.5, 52.0, 3.0, 52.5 ], "rotation": 90 },
																		"south": { "texture": "#skin", "uv": [ 1.5, 52.5, 2.5, 53.0 ] },
																		"west": { "texture": "#skin", "uv": [ 1.0, 52.0, 1.5, 52.5 ], "rotation": 270 },
																		"up": { "texture": "#skin", "uv": [ 1.5, 52.0, 2.5, 52.5 ] },
																		"down": { "texture": "#skin", "uv": [ 3.0, 52.0, 4.0, 52.5 ] }
																	},
																	"children": [
																		{
																			"name": "L Eye2",
																			"from": [ 0.0, 0.4, 0.0 ],
																			"to": [ 1.0, 0.8, 0.3 ],
																			"unwrapMode": 5,
																			"uv": [ 1.0, 54.0 ],
																			"rotationOrigin": [ 0.0, 1.0, -0.1 ],
																			"faces": {
																				"east": { "texture": "#skin", "uv": [ 2.5, 54.0, 3.0, 54.5 ], "rotation": 90 },
																				"south": { "texture": "#skin", "uv": [ 1.5, 54.5, 2.5, 55.0 ] },
																				"west": { "texture": "#skin", "uv": [ 1.0, 54.0, 1.5, 54.5 ], "rotation": 270 },
																				"up": { "texture": "#skin", "uv": [ 1.5, 54.0, 2.5, 54.5 ] },
																				"down": { "texture": "#skin", "uv": [ 3.0, 54.0, 4.0, 54.5 ] }
																			},
																			"children": [
																				{
																					"name": "L Pupil",
																					"from": [ -0.01, -0.1, 0.11 ],
																					"to": [ 0.59, 0.2, 0.31 ],
																					"unwrapMode": 5,
																					"uv": [ 2.0, 50.0 ],
																					"rotationOrigin": [ -0.01, -0.1, 0.11 ],
																					"faces": {
																						"east": { "texture": "#skin", "uv": [ 3.0, 50.0, 3.5, 50.5 ], "rotation": 90 },
																						"south": { "texture": "#skin", "uv": [ 2.5, 50.5, 3.0, 51.0 ] },
																						"west": { "texture": "#skin", "uv": [ 2.0, 50.0, 2.5, 50.5 ], "rotation": 270 },
																						"up": { "texture": "#skin", "uv": [ 2.5, 50.0, 3.0, 50.5 ] },
																						"down": { "texture": "#skin", "uv": [ 3.5, 50.0, 4.0, 50.5 ] }
																					}
																				}
																			]
																		}
																	]
																},
																{
																	"name": "Jaw",
																	"from": [ -4.4, -1.1, 1.15 ],
																	"to": [ 2.9, 2.0, 4.65 ],
																	"unwrapMode": 5,
																	"unwrapRotation": 1,
																	"uv": [ 1.5, 86.0 ],
																	"rotationOrigin": [ 2.3, 0.9, 2.9 ],
																	"rotationZ": -12.0,
																	"faces": {
																		"north": { "texture": "#skin", "uv": [ 1.5, 86.0, 4.5, 93.0 ], "rotation": 270 },
																		"south": { "texture": "#skin", "uv": [ 8.0, 86.0, 11.0, 93.0 ], "rotation": 90 },
																		"west": { "texture": "#skin", "uv": [ 4.5, 93.0, 8.0, 96.0 ] },
																		"up": { "texture": "#skin", "uv": [ 4.5, 86.0, 8.0, 93.0 ], "rotation": 90 },
																		"down": { "texture": "#skin", "uv": [ 11.0, 86.0, 14.5, 93.0 ], "rotation": 270 }
																	},
																	"children": [
																		{
																			"name": "Jaw2",
																			"from": [ -1.9, 0.5, 0.35 ],
																			"to": [ 1.2, 2.0, 3.15 ],
																			"unwrapMode": 5,
																			"unwrapRotation": 1,
																			"uv": [ 15.5, 93.0 ],
																			"rotationOrigin": [ 1.0, 1.4, 1.6 ],
																			"rotationZ": 14.0,
																			"faces": {
																				"north": { "texture": "#skin", "uv": [ 15.5, 93.0, 17.0, 96.0 ], "rotation": 270 },
																				"south": { "texture": "#skin", "uv": [ 19.5, 93.0, 21.0, 96.0 ], "rotation": 90 },
																				"west": { "texture": "#skin", "uv": [ 17.0, 96.0, 19.5, 97.5 ] },
																				"up": { "texture": "#skin", "uv": [ 17.0, 93.0, 19.5, 96.0 ], "rotation": 90 },
																				"down": { "texture": "#skin", "uv": [ 21.0, 93.0, 23.5, 96.0 ], "rotation": 270 }
																			}
																		},
																		{
																			"name": "Tongue",
																			"from": [ -0.9, 1.4, 1.0 ],
																			"to": [ 1.4, 2.5, 2.5 ],
																			"unwrapMode": 7,
																			"unwrapRotation": 1,
																			"uv": [ 22.0, 74.5 ],
																			"rotationOrigin": [ 1.4, 2.0, 1.5 ],
																			"rotationZ": 20.0,
																			"faces": {
																				"north": { "texture": "#skin", "uv": [ 24.5, 75.5, 25.5, 77.5 ], "rotation": 90 },
																				"south": { "texture": "#skin", "uv": [ 22.0, 75.5, 23.0, 77.5 ], "rotation": 270 },
																				"west": { "texture": "#skin", "uv": [ 23.0, 74.5, 24.5, 75.5 ], "rotation": 180 },
																				"up": { "texture": "#skin", "uv": [ 23.0, 75.5, 24.5, 77.5 ], "rotation": 270 },
																				"down": { "texture": "#skin", "uv": [ 25.5, 75.5, 27.0, 77.5 ], "rotation": 90 }
																			}
																		}
																	]
																},
																{
																	"name": "AntlerBase",
																	"from": [ 1.1, 5.6, 2.9 ],
																	"to": [ 1.1, 5.6, 2.9 ],
																	"uv": [ 0.0, 0.0 ],
																	"rotationOrigin": [ 1.1, 5.6, 2.9 ],
																	"faces": {
																	}
																}
															]
														},
														{
															"name": "Neck Hump2",
															"from": [ 6.7556, 1.0, 0.5 ],
															"to": [ 9.2556, 6.8, 4.0 ],
															"unwrapMode": 2,
															"uv": [ 36.0, 0.5 ],
															"rotationOrigin": [ 9.4, 1.6, 0.5 ],
															"rotationZ": 11.0,
															"faces": {
																"north": { "texture": "#skin", "uv": [ 42.0, 3.0, 44.5, 8.5 ] },
																"east": { "texture": "#skin", "uv": [ 38.5, 3.0, 42.0, 8.5 ] },
																"south": { "texture": "#skin", "uv": [ 36.0, 3.0, 38.5, 8.5 ] },
																"up": { "texture": "#skin", "uv": [ 38.5, 0.5, 42.0, 3.0 ], "rotation": 270 },
																"down": { "texture": "#skin", "uv": [ 38.5, 8.5, 42.0, 11.0 ], "rotation": 270 }
															}
														}
													],
													"attachmentpoints": [
														{
															"code": "rope",
															"posX": "0.0","posY": "2.0","posZ": "1.8",
															"rotationX": "0.0","rotationY": "0.0","rotationZ": "0.0"
														}
													]
												},
												{
													"name": "Neck Hump",
													"from": [ 10.0, 3.0, 0.7 ],
													"to": [ 12.5, 9.3, 5.1 ],
													"unwrapMode": 2,
													"uv": [ 41.5, 9.5 ],
													"rotationOrigin": [ 12.0, 3.4, 2.1 ],
													"rotationZ": 18.0,
													"faces": {
														"north": { "texture": "#skin", "uv": [ 48.0, 12.0, 50.5, 18.0 ] },
														"east": { "texture": "#skin", "uv": [ 44.0, 12.0, 48.0, 18.0 ] },
														"south": { "texture": "#skin", "uv": [ 41.5, 12.0, 44.0, 18.0 ] },
														"up": { "texture": "#skin", "uv": [ 44.0, 9.5, 48.0, 12.0 ], "rotation": 270 },
														"down": { "texture": "#skin", "uv": [ 44.0, 18.0, 48.0, 20.5 ], "rotation": 270 }
													}
												}
											]
										},
										{
											"name": "L Shoulder",
											"from": [ -0.6, 2.5, 10.3 ],
											"to": [ 4.5, 13.1, 12.8 ],
											"unwrapMode": 3,
											"uv": [ 52.5, 1.0 ],
											"rotationOrigin": [ 0.8, 9.4, 11.0 ],
											"rotationX": 2.0,
											"rotationZ": -8.0,
											"faces": {
												"north": { "texture": "#skin", "uv": [ 62.5, 3.5, 67.5, 14.0 ] },
												"east": { "texture": "#skin", "uv": [ 60.0, 3.5, 62.5, 14.0 ] },
												"south": { "texture": "#skin", "uv": [ 55.0, 3.5, 60.0, 14.0 ] },
												"west": { "texture": "#skin", "uv": [ 52.5, 3.5, 55.0, 14.0 ] },
												"up": { "texture": "#skin", "uv": [ 55.0, 1.0, 60.0, 3.5 ] },
												"down": { "texture": "#skin", "uv": [ 55.0, 14.0, 60.0, 16.5 ], "rotation": 180 }
											},
											"children": [
												{
													"name": "L ArmUp",
													"from": [ 0.3, -0.1, 0.2 ],
													"to": [ 7.4, 3.7, 2.5 ],
													"unwrapMode": 3,
													"uv": [ 53.0, 17.0 ],
													"rotationOrigin": [ 0.9, 0.9, 0.3 ],
													"rotationY": -0.5,
													"rotationZ": -10.0,
													"faces": {
														"north": { "texture": "#skin", "uv": [ 64.0, 19.0, 71.0, 22.5 ] },
														"east": { "texture": "#skin", "uv": [ 62.0, 19.0, 64.0, 22.5 ] },
														"south": { "texture": "#skin", "uv": [ 55.0, 19.0, 62.0, 22.5 ] },
														"west": { "texture": "#skin", "uv": [ 53.0, 19.0, 55.0, 22.5 ] },
														"up": { "texture": "#skin", "uv": [ 55.0, 17.0, 62.0, 19.0 ], "windMode": [-1,-1,-1,-1] },
														"down": { "texture": "#skin", "uv": [ 55.0, 22.5, 62.0, 24.5 ], "rotation": 180 }
													},
													"children": [
														{
															"name": "L ArmMid",
															"from": [ 4.3, -5.4, 0.05 ],
															"to": [ 7.8, 3.4, 2.25 ],
															"unwrapMode": 3,
															"uv": [ 56.5, 25.0 ],
															"rotationOrigin": [ 6.0, 2.5, 1.15 ],
															"rotationX": 2.0,
															"rotationY": 2.0,
															"rotationZ": 20.0,
															"faces": {
																"north": { "texture": "#skin", "uv": [ 64.0, 27.0, 67.5, 35.5 ] },
																"east": { "texture": "#skin", "uv": [ 62.0, 27.0, 64.0, 35.5 ] },
																"south": { "texture": "#skin", "uv": [ 58.5, 27.0, 62.0, 35.5 ] },
																"west": { "texture": "#skin", "uv": [ 56.5, 27.0, 58.5, 35.5 ] },
																"up": { "texture": "#skin", "uv": [ 58.5, 25.0, 62.0, 27.0 ] },
																"down": { "texture": "#skin", "uv": [ 58.5, 35.5, 62.0, 37.5 ], "rotation": 180 }
															},
															"children": [
																{
																	"name": "L ArmLow",
																	"from": [ 0.3, -5.4, 0.1 ],
																	"to": [ 2.6, 1.0, 2.1 ],
																	"unwrapMode": 3,
																	"uv": [ 60.5, 36.0 ],
																	"rotationOrigin": [ 1.4, 0.3, 1.1 ],
																	"rotationX": -2.0,
																	"faces": {
																		"north": { "texture": "#skin", "uv": [ 66.5, 38.0, 68.5, 44.0 ] },
																		"east": { "texture": "#skin", "uv": [ 64.5, 38.0, 66.5, 44.0 ] },
																		"south": { "texture": "#skin", "uv": [ 62.5, 38.0, 64.5, 44.0 ] },
																		"west": { "texture": "#skin", "uv": [ 60.5, 38.0, 62.5, 44.0 ] },
																		"up": { "texture": "#skin", "uv": [ 62.5, 36.0, 64.5, 38.0 ] },
																		"down": { "texture": "#skin", "uv": [ 62.5, 44.0, 64.5, 46.0 ], "rotation": 180 }
																	},
																	"children": [
																		{
																			"name": "L Front Pastern",
																			"from": [ 0.3, -1.9, -0.1 ],
																			"to": [ 2.2, 1.0, 2.1 ],
																			"unwrapMode": 3,
																			"uv": [ 63.0, 44.5 ],
																			"rotationOrigin": [ 0.9, 0.9, 1.0 ],
																			"rotationX": -1.0,
																			"rotationZ": -10.0,
																			"faces": {
																				"north": { "texture": "#skin", "uv": [ 68.5, 46.5, 70.0, 49.0 ] },
																				"east": { "texture": "#skin", "uv": [ 66.5, 46.5, 68.5, 49.0 ] },
																				"south": { "texture": "#skin", "uv": [ 65.0, 46.5, 66.5, 49.0 ] },
																				"west": { "texture": "#skin", "uv": [ 63.0, 46.5, 65.0, 49.0 ] },
																				"up": { "texture": "#skin", "uv": [ 65.0, 44.5, 66.5, 46.5 ], "windMode": [-1,-1,-1,-1] },
																				"down": { "texture": "#skin", "uv": [ 65.0, 49.0, 66.5, 51.0 ], "rotation": 180 }
																			},
																			"children": [
																				{
																					"name": "L Front Hoof",
																					"from": [ 0.6, 0.9, 0.8 ],
																					"to": [ 0.6, 0.9, 0.8 ],
																					"uv": [ 0.0, 0.0 ],
																					"rotationOrigin": [ 0.6, 0.9, 0.8 ],
																					"rotationY": 1.0,
																					"rotationZ": 10.0,
																					"faces": {
																					},
																					"children": [
																						{
																							"name": "L Front Hoof2",
																							"from": [ -1.1, -1.4, -0.7 ],
																							"to": [ 0.9, -0.6, 1.3 ],
																							"unwrapMode": 5,
																							"uv": [ 91.0, 82.5 ],
																							"rotationOrigin": [ 0.3, -0.7, 0.3 ],
																							"faces": {
																								"north": { "texture": "#skin", "uv": [ 91.5, 82.5, 93.5, 83.0 ], "rotation": 180 },
																								"east": { "texture": "#skin", "uv": [ 93.5, 83.0, 94.0, 85.0 ], "rotation": 90 },
																								"south": { "texture": "#skin", "uv": [ 91.5, 85.0, 93.5, 85.5 ] },
																								"west": { "texture": "#skin", "uv": [ 91.0, 83.0, 91.5, 85.0 ], "rotation": 270 },
																								"up": { "texture": "#skin", "uv": [ 91.5, 83.0, 93.5, 85.0 ] },
																								"down": { "texture": "#skin", "uv": [ 94.0, 83.0, 96.0, 85.0 ] }
																							}
																						},
																						{
																							"name": "L Front Hoof1",
																							"from": [ -1.1, -1.4, -0.7 ],
																							"to": [ 0.9, -0.8, 1.3 ],
																							"unwrapMode": 5,
																							"uv": [ 91.0, 86.0 ],
																							"rotationOrigin": [ -1.1, -1.4, -0.7 ],
																							"rotationZ": 49.0,
																							"faces": {
																								"north": { "texture": "#skin", "uv": [ 91.5, 86.0, 93.5, 86.5 ], "rotation": 180 },
																								"east": { "texture": "#skin", "uv": [ 93.5, 86.5, 94.0, 88.5 ], "rotation": 90 },
																								"south": { "texture": "#skin", "uv": [ 91.5, 88.5, 93.5, 89.0 ] },
																								"west": { "texture": "#skin", "uv": [ 91.0, 86.5, 91.5, 88.5 ], "rotation": 270 },
																								"up": { "texture": "#skin", "uv": [ 91.5, 86.5, 93.5, 88.5 ] },
																								"down": { "texture": "#skin", "uv": [ 94.0, 86.5, 96.0, 88.5 ] }
																							}
																						}
																					]
																				}
																			]
																		}
																	]
																}
															]
														}
													]
												}
											]
										},
										{
											"name": "R Shoulder",
											"from": [ -0.6, 2.5, -0.9 ],
											"to": [ 4.5, 13.1, 1.6 ],
											"unwrapMode": 1,
											"uv": [ 71.5, 1.0 ],
											"rotationOrigin": [ 0.8, 9.4, 0.8 ],
											"rotationX": -2.0,
											"rotationZ": -8.0,
											"faces": {
												"north": { "texture": "#skin", "uv": [ 74.0, 3.5, 79.0, 14.0 ] },
												"east": { "texture": "#skin", "uv": [ 71.5, 3.5, 74.0, 14.0 ] },
												"south": { "texture": "#skin", "uv": [ 81.5, 3.5, 86.5, 14.0 ] },
												"west": { "texture": "#skin", "uv": [ 79.0, 3.5, 81.5, 14.0 ] },
												"up": { "texture": "#skin", "uv": [ 74.0, 1.0, 79.0, 3.5 ], "rotation": 180 },
												"down": { "texture": "#skin", "uv": [ 74.0, 14.0, 79.0, 16.5 ] }
											},
											"children": [
												{
													"name": "R ArmUp",
													"from": [ 0.3, -0.1, 0.0 ],
													"to": [ 7.4, 3.7, 2.3 ],
													"unwrapMode": 1,
													"uv": [ 72.0, 17.0 ],
													"rotationOrigin": [ 0.9, 0.9, 1.4 ],
													"rotationY": 0.5,
													"rotationZ": -10.0,
													"faces": {
														"north": { "texture": "#skin", "uv": [ 74.0, 19.0, 81.0, 22.5 ] },
														"east": { "texture": "#skin", "uv": [ 72.0, 19.0, 74.0, 22.5 ] },
														"south": { "texture": "#skin", "uv": [ 83.0, 19.0, 90.0, 22.5 ] },
														"west": { "texture": "#skin", "uv": [ 81.0, 19.0, 83.0, 22.5 ] },
														"up": { "texture": "#skin", "uv": [ 74.0, 17.0, 81.0, 19.0 ], "rotation": 180 },
														"down": { "texture": "#skin", "uv": [ 74.0, 22.5, 81.0, 24.5 ] }
													},
													"children": [
														{
															"name": "R ArmMid",
															"from": [ 4.3, -5.4, 0.05 ],
															"to": [ 7.8, 3.4, 2.25 ],
															"unwrapMode": 1,
															"uv": [ 75.5, 25.0 ],
															"rotationOrigin": [ 6.0, 2.5, 1.15 ],
															"rotationX": -2.0,
															"rotationY": -2.0,
															"rotationZ": 20.0,
															"faces": {
																"north": { "texture": "#skin", "uv": [ 77.5, 27.0, 81.0, 35.5 ] },
																"east": { "texture": "#skin", "uv": [ 75.5, 27.0, 77.5, 35.5 ] },
																"south": { "texture": "#skin", "uv": [ 83.0, 27.0, 86.5, 35.5 ] },
																"west": { "texture": "#skin", "uv": [ 81.0, 27.0, 83.0, 35.5 ] },
																"up": { "texture": "#skin", "uv": [ 77.5, 25.0, 81.0, 27.0 ], "rotation": 180 },
																"down": { "texture": "#skin", "uv": [ 77.5, 35.5, 81.0, 37.5 ] }
															},
															"children": [
																{
																	"name": "R ArmLow",
																	"from": [ 0.3, -5.4, 0.1 ],
																	"to": [ 2.6, 1.0, 2.1 ],
																	"unwrapMode": 1,
																	"uv": [ 79.5, 36.0 ],
																	"rotationOrigin": [ 1.4, 0.3, 1.1 ],
																	"rotationX": 2.0,
																	"faces": {
																		"north": { "texture": "#skin", "uv": [ 81.5, 38.0, 83.5, 44.0 ] },
																		"east": { "texture": "#skin", "uv": [ 79.5, 38.0, 81.5, 44.0 ] },
																		"south": { "texture": "#skin", "uv": [ 85.5, 38.0, 87.5, 44.0 ] },
																		"west": { "texture": "#skin", "uv": [ 83.5, 38.0, 85.5, 44.0 ] },
																		"up": { "texture": "#skin", "uv": [ 81.5, 36.0, 83.5, 38.0 ], "rotation": 180 },
																		"down": { "texture": "#skin", "uv": [ 81.5, 44.0, 83.5, 46.0 ] }
																	},
																	"children": [
																		{
																			"name": "R Front Pastern",
																			"from": [ 0.3, -1.9, -0.1 ],
																			"to": [ 2.2, 1.0, 2.1 ],
																			"unwrapMode": 1,
																			"uv": [ 82.0, 44.5 ],
																			"rotationOrigin": [ 0.9, 0.9, 1.0 ],
																			"rotationX": 1.0,
																			"rotationZ": -10.0,
																			"faces": {
																				"north": { "texture": "#skin", "uv": [ 84.0, 46.5, 85.5, 49.0 ] },
																				"east": { "texture": "#skin", "uv": [ 82.0, 46.5, 84.0, 49.0 ] },
																				"south": { "texture": "#skin", "uv": [ 87.5, 46.5, 89.0, 49.0 ] },
																				"west": { "texture": "#skin", "uv": [ 85.5, 46.5, 87.5, 49.0 ] },
																				"up": { "texture": "#skin", "uv": [ 84.0, 44.5, 85.5, 46.5 ], "rotation": 180, "windMode": [-1,-1,-1,-1] },
																				"down": { "texture": "#skin", "uv": [ 84.0, 49.0, 85.5, 51.0 ] }
																			},
																			"children": [
																				{
																					"name": "R Front Hoof",
																					"from": [ 0.6, 0.9, 0.8 ],
																					"to": [ 0.6, 0.9, 0.8 ],
																					"uv": [ 0.0, 0.0 ],
																					"rotationOrigin": [ 0.6, 0.9, 0.8 ],
																					"rotationY": -1.0,
																					"rotationZ": 10.0,
																					"faces": {
																					},
																					"children": [
																						{
																							"name": "R Front Hoof2",
																							"from": [ -1.1, -1.4, -0.7 ],
																							"to": [ 0.9, -0.6, 1.3 ],
																							"unwrapMode": 5,
																							"uv": [ 92.0, 93.0 ],
																							"rotationOrigin": [ 0.3, -0.7, 0.3 ],
																							"faces": {
																								"north": { "texture": "#skin", "uv": [ 92.5, 93.0, 94.5, 93.5 ], "rotation": 180 },
																								"east": { "texture": "#skin", "uv": [ 94.5, 93.5, 95.0, 95.5 ], "rotation": 90 },
																								"south": { "texture": "#skin", "uv": [ 92.5, 95.5, 94.5, 96.0 ] },
																								"west": { "texture": "#skin", "uv": [ 92.0, 93.5, 92.5, 95.5 ], "rotation": 270 },
																								"up": { "texture": "#skin", "uv": [ 92.5, 93.5, 94.5, 95.5 ] },
																								"down": { "texture": "#skin", "uv": [ 95.0, 93.5, 97.0, 95.5 ] }
																							}
																						},
																						{
																							"name": "R Front Hoof1",
																							"from": [ -1.1, -1.4, -0.7 ],
																							"to": [ 0.9, -0.8, 1.3 ],
																							"unwrapMode": 5,
																							"uv": [ 91.0, 89.5 ],
																							"rotationOrigin": [ -1.1, -1.4, -0.7 ],
																							"rotationZ": 49.0,
																							"faces": {
																								"north": { "texture": "#skin", "uv": [ 91.5, 89.5, 93.5, 90.0 ], "rotation": 180 },
																								"east": { "texture": "#skin", "uv": [ 93.5, 90.0, 94.0, 92.0 ], "rotation": 90 },
																								"south": { "texture": "#skin", "uv": [ 91.5, 92.0, 93.5, 92.5 ] },
																								"west": { "texture": "#skin", "uv": [ 91.0, 90.0, 91.5, 92.0 ], "rotation": 270 },
																								"up": { "texture": "#skin", "uv": [ 91.5, 90.0, 93.5, 92.0 ] },
																								"down": { "texture": "#skin", "uv": [ 94.0, 90.0, 96.0, 92.0 ] }
																							}
																						}
																					]
																				}
																			]
																		}
																	]
																}
															]
														}
													]
												}
											]
										},
										{
											"name": "Hump",
											"from": [ 0.8704, 14.0556, 3.6 ],
											"to": [ 10.1704, 16.0556, 8.2 ],
											"unwrapMode": 7,
											"unwrapRotation": 1,
											"autoUnwrap": false,
											"uv": [ 2.0, 2.5 ],
											"rotationOrigin": [ 1.1, 14.4, 5.8 ],
											"rotationZ": -10.0,
											"faces": {
												"north": { "texture": "#skin", "uv": [ 8.0, 5.0, 10.0, 14.0 ], "rotation": 90 },
												"east": { "texture": "#skin", "uv": [ 3.5, 12.0, 8.0, 14.0 ], "rotation": 180, "windMode": [-1,-1,-1,-1], "windData": [1,1,1,1] },
												"south": { "texture": "#skin", "uv": [ 1.5, 5.0, 3.5, 14.0 ], "rotation": 270 },
												"west": { "texture": "#skin", "uv": [ 3.5, 3.0, 8.0, 5.0 ], "rotation": 180 },
												"up": { "texture": "#skin", "uv": [ 3.5, 5.0, 8.0, 14.0 ], "rotation": 270 }
											}
										}
									],
									"attachmentpoints": [
										{
											"code": "Center",
											"posX": "8.0","posY": "0.0","posZ": "4.8",
											"rotationX": "0.0","rotationY": "0.0","rotationZ": "0.0"
										}
									]
								}
							],
							"attachmentpoints": [
								{
									"code": "Rider",
									"posX": "3.0","posY": "15.0","posZ": "4.9",
									"rotationX": "0.0","rotationY": "-180.0","rotationZ": "0.0"
								},
								{
									"code": "Rider2",
									"posX": "5.0","posY": "12.5","posZ": "4.9",
									"rotationX": "0.0","rotationY": "180.0","rotationZ": "0.0"
								}
							]
						},
						{
							"name": "Tail0",
							"from": [ 6.0, 8.6, 4.4 ],
							"to": [ 7.5, 12.7, 6.4 ],
							"unwrapMode": 2,
							"uv": [ 68.0, 23.5 ],
							"rotationOrigin": [ 7.1, 12.8, 5.4 ],
							"rotationZ": 80.0,
							"faces": {
								"north": { "texture": "#skin", "uv": [ 71.5, 25.0, 73.0, 29.0 ], "windMode": [-1,-1,-1,-1], "windData": [0,1,1,0] },
								"east": { "texture": "#skin", "uv": [ 69.5, 25.0, 71.5, 29.0 ], "windMode": [-1,-1,-1,-1], "windData": [0,1,1,0] },
								"south": { "texture": "#skin", "uv": [ 68.0, 25.0, 69.5, 29.0 ] },
								"west": { "texture": "#skin", "uv": [ 73.0, 25.0, 75.0, 29.0 ], "windMode": [-1,-1,-1,-1], "windData": [0,0,1,1] },
								"up": { "texture": "#skin", "uv": [ 69.5, 23.5, 71.5, 25.0 ], "rotation": 270, "windMode": [-1,-1,-1,-1], "windData": [1,1,1,1] },
								"down": { "texture": "#skin", "uv": [ 69.5, 29.0, 71.5, 30.5 ], "rotation": 270, "windMode": [-1,-1,-1,-1], "windData": [1,1,1,1] }
							},
							"children": [
								{
									"name": "Tail",
									"from": [ 0.0, -1.6, 0.1 ],
									"to": [ 1.5, 0.4, 1.9 ],
									"unwrapMode": 2,
									"uv": [ 68.5, 31.0 ],
									"rotationOrigin": [ 0.9, 0.3, 1.0 ],
									"rotationY": 0.5,
									"rotationZ": -20.0,
									"faces": {
										"north": { "texture": "#skin", "uv": [ 71.5, 32.5, 73.0, 34.5 ], "windMode": [-1,-1,-1,-1], "windData": [0,1,1,0] },
										"east": { "texture": "#skin", "uv": [ 70.0, 32.5, 71.5, 34.5 ], "windMode": [-1,-1,-1,-1], "windData": [0,1,1,0] },
										"south": { "texture": "#skin", "uv": [ 68.5, 32.5, 70.0, 34.5 ] },
										"west": { "texture": "#skin", "uv": [ 73.0, 32.5, 74.5, 34.5 ], "windMode": [-1,-1,-1,-1], "windData": [0,0,1,1] },
										"up": { "texture": "#skin", "uv": [ 70.0, 31.0, 71.5, 32.5 ], "rotation": 270, "windMode": [-1,-1,-1,-1], "windData": [1,1,1,1] },
										"down": { "texture": "#skin", "uv": [ 70.0, 34.5, 71.5, 36.0 ], "rotation": 270, "windMode": [-1,-1,-1,-1], "windData": [1,1,1,1] }
									},
									"children": [
										{
											"name": "Tail2",
											"from": [ -0.2, -0.9, 0.05 ],
											"to": [ 1.3, 0.6, 1.75 ],
											"unwrapMode": 2,
											"uv": [ 69.5, 36.5 ],
											"rotationOrigin": [ 0.6, 0.0, 0.9 ],
											"rotationY": -1.0,
											"rotationZ": -40.0,
											"faces": {
												"north": { "texture": "#skin", "uv": [ 72.5, 36.5, 74.0, 38.0 ], "windMode": [-1,-1,-1,-1], "windData": [0,1,1,0] },
												"east": { "texture": "#skin", "uv": [ 71.0, 36.5, 72.5, 38.0 ], "windMode": [-1,-1,-1,-1], "windData": [0,1,1,0] },
												"south": { "texture": "#skin", "uv": [ 69.5, 36.5, 71.0, 38.0 ] },
												"west": { "texture": "#skin", "uv": [ 74.0, 36.5, 75.5, 38.0 ], "windMode": [-1,-1,-1,-1], "windData": [0,0,1,1] },
												"down": { "texture": "#skin", "uv": [ 71.0, 38.0, 72.5, 39.5 ], "rotation": 270, "windMode": [-1,-1,-1,-1] }
											},
											"children": [
												{
													"name": "Tail3",
													"from": [ 0.0, -2.7, 0.05 ],
													"to": [ 1.5, 0.4, 1.65 ],
													"unwrapMode": 2,
													"uv": [ 73.0, 38.5 ],
													"rotationOrigin": [ 0.8, 0.0, 0.8 ],
													"rotationZ": -10.0,
													"faces": {
														"north": { "texture": "#skin", "uv": [ 76.0, 38.5, 77.5, 41.5 ], "windMode": [-1,-1,-1,-1], "windData": [0,1,1,0] },
														"east": { "texture": "#skin", "uv": [ 74.5, 38.5, 76.0, 41.5 ], "windMode": [-1,-1,-1,-1], "windData": [0,1,1,0] },
														"south": { "texture": "#skin", "uv": [ 73.0, 38.5, 74.5, 41.5 ] },
														"west": { "texture": "#skin", "uv": [ 77.5, 38.5, 79.0, 41.5 ], "windMode": [-1,-1,-1,-1], "windData": [0,0,1,1] },
														"down": { "texture": "#skin", "uv": [ 74.5, 41.5, 76.0, 43.0 ], "rotation": 270, "windMode": [-1,-1,-1,-1] }
													},
													"children": [
														{
															"name": "Tail4",
															"from": [ 0.0, -3.0, 0.05 ],
															"to": [ 1.5, 0.1, 1.55 ],
															"unwrapMode": 2,
															"uv": [ 70.5, 43.5 ],
															"rotationOrigin": [ 0.8, -0.1, 0.7 ],
															"rotationY": 1.0,
															"faces": {
																"north": { "texture": "#skin", "uv": [ 73.5, 43.5, 75.0, 46.5 ], "windMode": [-1,-1,-1,-1], "windData": [0,1,1,0] },
																"east": { "texture": "#skin", "uv": [ 72.0, 43.5, 73.5, 46.5 ], "windMode": [-1,-1,-1,-1], "windData": [0,1,1,0] },
																"south": { "texture": "#skin", "uv": [ 70.5, 43.5, 72.0, 46.5 ] },
																"west": { "texture": "#skin", "uv": [ 75.0, 43.5, 76.5, 46.5 ], "windMode": [-1,-1,-1,-1], "windData": [0,0,1,1] },
																"down": { "texture": "#skin", "uv": [ 72.0, 46.5, 73.5, 48.0 ], "rotation": 270, "windMode": [-1,-1,-1,-1] }
															},
															"children": [
																{
																	"name": "Tail5",
																	"from": [ -0.1, -1.1, -0.3 ],
																	"to": [ 1.6, 0.4, 1.8 ],
																	"unwrapMode": 2,
																	"uv": [ 72.5, 47.0 ],
																	"rotationOrigin": [ 0.6, 0.0, 0.75 ],
																	"rotationY": -1.0,
																	"rotationZ": -1.0,
																	"faces": {
																		"north": { "texture": "#skin", "uv": [ 76.0, 48.5, 77.5, 50.0 ], "windMode": [-1,-1,-1,-1], "windData": [0,1,1,0] },
																		"east": { "texture": "#skin", "uv": [ 74.0, 48.5, 76.0, 50.0 ], "windMode": [-1,-1,-1,-1], "windData": [0,1,1,0] },
																		"south": { "texture": "#skin", "uv": [ 72.5, 48.5, 74.0, 50.0 ] },
																		"west": { "texture": "#skin", "uv": [ 77.5, 48.5, 79.5, 50.0 ], "windMode": [-1,-1,-1,-1], "windData": [0,0,1,1] },
																		"up": { "texture": "#skin", "uv": [ 74.0, 47.0, 76.0, 48.5 ], "rotation": 270, "windMode": [-1,-1,-1,-1], "windData": [0,0,0,0] }
																	},
																	"children": [
																		{
																			"name": "Tail6",
																			"from": [ -0.2, -2.1, -0.1 ],
																			"to": [ 1.8, 0.9, 2.2 ],
																			"renderPass": 1,
																			"unwrapMode": 2,
																			"uv": [ 67.5, 49.5 ],
																			"rotationOrigin": [ 0.6, 0.0, 1.0 ],
																			"rotationZ": -1.0,
																			"faces": {
																				"north": { "texture": "#skin", "uv": [ 71.5, 51.5, 73.5, 54.5 ], "windMode": [-1,-1,-1,-1], "windData": [0,1,1,0] },
																				"east": { "texture": "#skin", "uv": [ 69.5, 51.5, 71.5, 54.5 ], "windMode": [-1,-1,-1,-1], "windData": [0,1,1,0] },
																				"south": { "texture": "#skin", "uv": [ 67.5, 51.5, 69.5, 54.5 ] },
																				"west": { "texture": "#skin", "uv": [ 73.5, 51.5, 75.5, 54.5 ], "windMode": [-1,-1,-1,-1], "windData": [0,0,1,1] },
																				"up": { "texture": "#skin", "uv": [ 69.5, 49.5, 71.5, 51.5 ], "rotation": 270, "windMode": [-1,-1,-1,-1], "windData": [1,1,1,1] }
																			},
																			"children": [
																				{
																					"name": "Tail7",
																					"from": [ 0.3, -2.1, 0.4 ],
																					"to": [ 1.8, 1.7, 1.9 ],
																					"renderPass": 1,
																					"unwrapMode": 2,
																					"uv": [ 88.0, 49.5 ],
																					"rotationOrigin": [ 0.9, 1.4, 1.1 ],
																					"rotationZ": -1.0,
																					"faces": {
																						"north": { "texture": "#skin", "uv": [ 91.0, 51.0, 92.5, 54.5 ], "windMode": [-1,-1,-1,-1], "windData": [0,1,1,0] },
																						"east": { "texture": "#skin", "uv": [ 89.5, 51.0, 91.0, 54.5 ], "windMode": [-1,-1,-1,-1], "windData": [0,1,1,0] },
																						"south": { "texture": "#skin", "uv": [ 88.0, 51.0, 89.5, 54.5 ] },
																						"west": { "texture": "#skin", "uv": [ 92.5, 51.0, 94.0, 54.5 ], "windMode": [-1,-1,-1,-1], "windData": [0,0,1,1] },
																						"up": { "texture": "#skin", "uv": [ 89.5, 49.5, 91.0, 51.0 ], "rotation": 270, "windMode": [-1,-1,-1,-1], "windData": [1,1,1,1] }
																					}
																				}
																			]
																		}
																	]
																}
															]
														}
													]
												}
											]
										}
									]
								}
							]
						}
					]
				}
			]
		}
	]}