{
	"editor": {
		"backDropShape": "entity/bovinae/tragelaphusimberbis/male",
		"collapsedPaths": "",
		"allAngles": true,
		"entityTextureMode": true
	},
	"textureWidth": 52,
	"textureHeight": 60,
	"textureSizes": {
		"skin": [52,60]
	},
	"textures": {
		"skin": "entity/bovinae/tragelaphusimberbis-male"
	},
	"elements": [
		{
			"name": "L Antler01",
			"stepParentName": "AntlerBase",
			"from": [ 1.0, -0.15, 0.15 ],
			"to": [ 1.8, 0.55, 0.85 ],
			"unwrapMode": 5,
			"unwrapRotation": 1,
			"uv": [ 47.5, 35.5 ],
			"rotationOrigin": [ 1.0, 0.05, 0.45 ],
			"rotationY": -10.0,
			"rotationZ": 30.0,
			"faces": {
				"north": { "texture": "#skin", "uv": [ 47.5, 36.0, 48.0, 36.5 ], "rotation": 270 },
				"east": { "texture": "#skin", "uv": [ 48.0, 35.5, 48.5, 36.0 ], "rotation": 180 },
				"south": { "texture": "#skin", "uv": [ 48.5, 36.0, 49.0, 36.5 ], "rotation": 90 },
				"up": { "texture": "#skin", "uv": [ 48.0, 36.0, 48.5, 36.5 ], "rotation": 90 },
				"down": { "texture": "#skin", "uv": [ 49.0, 36.0, 49.5, 36.5 ], "rotation": 270, "windMode": [-1,-1,-1,-1], "windData": [1,1,1,1] }
			},
			"children": [
				{
					"name": "L Antler 2",
					"from": [ 0.7, 0.05, 0.05 ],
					"to": [ 1.5, 0.65, 0.65 ],
					"unwrapMode": 5,
					"unwrapRotation": 1,
					"uv": [ 47.5, 35.0 ],
					"rotationOrigin": [ 0.7, 0.35, 0.35 ],
					"rotationX": 21.0,
					"rotationY": -25.0,
					"rotationZ": 4.0,
					"faces": {
						"north": { "texture": "#skin", "uv": [ 47.5, 35.5, 48.0, 36.0 ], "rotation": 270 },
						"east": { "texture": "#skin", "uv": [ 48.0, 35.0, 48.5, 35.5 ], "rotation": 180 },
						"south": { "texture": "#skin", "uv": [ 48.5, 35.5, 49.0, 36.0 ], "rotation": 90 },
						"west": { "texture": "#skin", "uv": [ 48.0, 36.0, 48.5, 36.5 ], "windMode": [-1,-1,-1,-1], "windData": [2,1,2,2] },
						"up": { "texture": "#skin", "uv": [ 48.0, 35.5, 48.5, 36.0 ], "rotation": 90 },
						"down": { "texture": "#skin", "uv": [ 49.0, 35.5, 49.5, 36.0 ], "rotation": 270, "windMode": [-1,-1,-1,-1], "windData": [1,1,1,1] }
					},
					"children": [
						{
							"name": "L Antler3",
							"from": [ 0.7, 0.0, 0.0 ],
							"to": [ 1.5, 0.6, 0.6 ],
							"unwrapMode": 3,
							"unwrapRotation": 1,
							"uv": [ 47.5, 34.5 ],
							"rotationOrigin": [ 0.7, 0.3, 0.3 ],
							"rotationX": 42.0,
							"rotationY": -25.0,
							"rotationZ": 4.0,
							"faces": {
								"north": { "texture": "#skin", "uv": [ 49.0, 35.0, 49.5, 35.5 ], "rotation": 270 },
								"east": { "texture": "#skin", "uv": [ 48.0, 34.5, 48.5, 35.0 ], "rotation": 90 },
								"south": { "texture": "#skin", "uv": [ 48.0, 35.0, 48.5, 35.5 ], "rotation": 90 },
								"west": { "texture": "#skin", "uv": [ 48.0, 35.5, 48.5, 36.0 ], "rotation": 90, "windMode": [-1,-1,-1,-1], "windData": [2,2,2,2] },
								"up": { "texture": "#skin", "uv": [ 47.5, 35.0, 48.0, 35.5 ], "rotation": 90 },
								"down": { "texture": "#skin", "uv": [ 48.5, 35.0, 49.0, 35.5 ], "rotation": 270, "windMode": [-1,-1,-1,-1], "windData": [1,1,1,1] }
							},
							"children": [
								{
									"name": "L Antler4",
									"from": [ 0.7, 0.0, 0.0 ],
									"to": [ 1.5, 0.6, 0.6 ],
									"unwrapMode": 3,
									"unwrapRotation": 1,
									"uv": [ 47.5, 34.0 ],
									"rotationOrigin": [ 0.7, 0.3, 0.3 ],
									"rotationX": 43.0,
									"rotationY": -25.0,
									"rotationZ": 4.0,
									"faces": {
										"north": { "texture": "#skin", "uv": [ 49.0, 34.5, 49.5, 35.0 ], "rotation": 270 },
										"east": { "texture": "#skin", "uv": [ 48.0, 34.0, 48.5, 34.5 ], "rotation": 90 },
										"south": { "texture": "#skin", "uv": [ 48.0, 34.5, 48.5, 35.0 ], "rotation": 90 },
										"west": { "texture": "#skin", "uv": [ 48.0, 35.0, 48.5, 35.5 ], "rotation": 90, "windMode": [-1,-1,-1,-1], "windData": [2,2,2,2] },
										"up": { "texture": "#skin", "uv": [ 47.5, 34.5, 48.0, 35.0 ], "rotation": 90 },
										"down": { "texture": "#skin", "uv": [ 48.5, 34.5, 49.0, 35.0 ], "rotation": 270, "windMode": [-1,-1,-1,-1], "windData": [1,1,1,1] }
									},
									"children": [
										{
											"name": "L Antler5",
											"from": [ 0.7, 0.0, 0.0 ],
											"to": [ 1.5, 0.6, 0.6 ],
											"unwrapMode": 5,
											"unwrapRotation": 1,
											"uv": [ 47.5, 33.5 ],
											"rotationOrigin": [ 0.7, 0.3, 0.3 ],
											"rotationX": 44.0,
											"rotationY": -35.0,
											"rotationZ": 4.0,
											"faces": {
												"north": { "texture": "#skin", "uv": [ 47.5, 34.0, 48.0, 34.5 ], "rotation": 270 },
												"east": { "texture": "#skin", "uv": [ 48.0, 33.5, 48.5, 34.0 ], "rotation": 180 },
												"south": { "texture": "#skin", "uv": [ 48.5, 34.0, 49.0, 34.5 ], "rotation": 90 },
												"west": { "texture": "#skin", "uv": [ 48.0, 34.5, 48.5, 35.0 ], "windMode": [-1,-1,-1,-1], "windData": [2,2,2,2] },
												"up": { "texture": "#skin", "uv": [ 48.0, 34.0, 48.5, 34.5 ], "rotation": 90 },
												"down": { "texture": "#skin", "uv": [ 49.0, 34.0, 49.5, 34.5 ], "rotation": 270, "windMode": [-1,-1,-1,-1], "windData": [1,1,1,1] }
											},
											"children": [
												{
													"name": "L Antler6",
													"from": [ 0.7, 0.0, 0.0 ],
													"to": [ 1.5, 0.6, 0.6 ],
													"unwrapMode": 5,
													"unwrapRotation": 1,
													"uv": [ 47.5, 33.0 ],
													"rotationOrigin": [ 0.7, 0.3, 0.3 ],
													"rotationX": 46.0,
													"rotationY": -35.0,
													"rotationZ": 4.0,
													"faces": {
														"north": { "texture": "#skin", "uv": [ 47.5, 33.5, 48.0, 34.0 ], "rotation": 270 },
														"east": { "texture": "#skin", "uv": [ 48.0, 33.0, 48.5, 33.5 ], "rotation": 180 },
														"south": { "texture": "#skin", "uv": [ 48.5, 33.5, 49.0, 34.0 ], "rotation": 90 },
														"west": { "texture": "#skin", "uv": [ 48.0, 34.0, 48.5, 34.5 ], "windMode": [-1,-1,-1,-1], "windData": [2,2,2,2] },
														"up": { "texture": "#skin", "uv": [ 48.0, 33.5, 48.5, 34.0 ], "rotation": 90 },
														"down": { "texture": "#skin", "uv": [ 49.0, 33.5, 49.5, 34.0 ], "rotation": 270, "windMode": [-1,-1,-1,-1], "windData": [1,1,1,1] }
													},
													"children": [
														{
															"name": "L Antler7",
															"from": [ 0.7, 0.0, 0.0 ],
															"to": [ 1.5, 0.6, 0.6 ],
															"unwrapMode": 5,
															"unwrapRotation": 1,
															"uv": [ 47.5, 32.5 ],
															"rotationOrigin": [ 0.7, 0.3, 0.3 ],
															"rotationX": 48.0,
															"rotationY": -35.0,
															"rotationZ": 4.0,
															"faces": {
																"north": { "texture": "#skin", "uv": [ 47.5, 33.0, 48.0, 33.5 ], "rotation": 270 },
																"east": { "texture": "#skin", "uv": [ 48.0, 32.5, 48.5, 33.0 ], "rotation": 180 },
																"south": { "texture": "#skin", "uv": [ 48.5, 33.0, 49.0, 33.5 ], "rotation": 90 },
																"west": { "texture": "#skin", "uv": [ 48.0, 33.5, 48.5, 34.0 ], "windMode": [-1,-1,-1,-1], "windData": [2,2,2,2] },
																"up": { "texture": "#skin", "uv": [ 48.0, 33.0, 48.5, 33.5 ], "rotation": 90 },
																"down": { "texture": "#skin", "uv": [ 49.0, 33.0, 49.5, 33.5 ], "rotation": 270, "windMode": [-1,-1,-1,-1], "windData": [2,2,2,2] }
															},
															"children": [
																{
																	"name": "L Antler8",
																	"from": [ 0.7, 0.0, 0.0 ],
																	"to": [ 1.5, 0.6, 0.6 ],
																	"unwrapMode": 5,
																	"unwrapRotation": 1,
																	"uv": [ 47.5, 32.0 ],
																	"rotationOrigin": [ 0.7, 0.3, 0.3 ],
																	"rotationX": 50.0,
																	"rotationY": -25.0,
																	"rotationZ": 4.0,
																	"faces": {
																		"north": { "texture": "#skin", "uv": [ 47.5, 32.5, 48.0, 33.0 ], "rotation": 270 },
																		"east": { "texture": "#skin", "uv": [ 48.0, 32.0, 48.5, 32.5 ], "rotation": 180 },
																		"south": { "texture": "#skin", "uv": [ 48.5, 32.5, 49.0, 33.0 ], "rotation": 90 },
																		"west": { "texture": "#skin", "uv": [ 48.0, 33.0, 48.5, 33.5 ], "windMode": [-1,-1,-1,-1], "windData": [2,2,2,2] },
																		"up": { "texture": "#skin", "uv": [ 48.0, 32.5, 48.5, 33.0 ], "rotation": 90 },
																		"down": { "texture": "#skin", "uv": [ 49.0, 32.5, 49.5, 33.0 ], "rotation": 270, "windMode": [-1,-1,-1,-1], "windData": [1,1,1,1] }
																	},
																	"children": [
																		{
																			"name": "L Antler9",
																			"from": [ 0.7, 0.0, 0.0 ],
																			"to": [ 1.5, 0.6, 0.6 ],
																			"unwrapMode": 5,
																			"unwrapRotation": 1,
																			"uv": [ 47.5, 31.5 ],
																			"rotationOrigin": [ 0.7, 0.3, 0.3 ],
																			"rotationX": 52.0,
																			"rotationY": -15.0,
																			"rotationZ": 24.0,
																			"faces": {
																				"north": { "texture": "#skin", "uv": [ 47.5, 32.0, 48.0, 32.5 ], "rotation": 270 },
																				"east": { "texture": "#skin", "uv": [ 48.0, 31.5, 48.5, 32.0 ], "rotation": 180 },
																				"south": { "texture": "#skin", "uv": [ 48.5, 32.0, 49.0, 32.5 ], "rotation": 90 },
																				"west": { "texture": "#skin", "uv": [ 48.0, 32.5, 48.5, 33.0 ], "windMode": [-1,-1,-1,-1], "windData": [2,2,2,2] },
																				"up": { "texture": "#skin", "uv": [ 48.0, 32.0, 48.5, 32.5 ], "rotation": 90 },
																				"down": { "texture": "#skin", "uv": [ 49.0, 32.0, 49.5, 32.5 ], "rotation": 270, "windMode": [-1,-1,-1,-1], "windData": [1,1,1,1] }
																			},
																			"children": [
																				{
																					"name": "L Antler10",
																					"from": [ 0.7, 0.05, 0.05 ],
																					"to": [ 1.5, 0.55, 0.55 ],
																					"unwrapMode": 5,
																					"unwrapRotation": 1,
																					"uv": [ 47.5, 31.0 ],
																					"rotationOrigin": [ 0.7, 0.3, 0.3 ],
																					"rotationX": 47.0,
																					"rotationY": -15.0,
																					"rotationZ": 14.0,
																					"faces": {
																						"north": { "texture": "#skin", "uv": [ 47.5, 31.5, 48.0, 32.0 ], "rotation": 270 },
																						"east": { "texture": "#skin", "uv": [ 48.0, 31.0, 48.5, 31.5 ], "rotation": 180 },
																						"south": { "texture": "#skin", "uv": [ 48.5, 31.5, 49.0, 32.0 ], "rotation": 90 },
																						"west": { "texture": "#skin", "uv": [ 48.0, 32.0, 48.5, 32.5 ], "windMode": [-1,-1,-1,-1], "windData": [2,2,2,2] },
																						"up": { "texture": "#skin", "uv": [ 48.0, 31.5, 48.5, 32.0 ], "rotation": 90 },
																						"down": { "texture": "#skin", "uv": [ 49.0, 31.5, 49.5, 32.0 ], "rotation": 270, "windMode": [-1,-1,-1,-1], "windData": [1,1,1,1] }
																					},
																					"children": [
																						{
																							"name": "L Antler11",
																							"from": [ 0.7, 0.0, 0.0 ],
																							"to": [ 1.5, 0.5, 0.5 ],
																							"unwrapMode": 1,
																							"unwrapRotation": 1,
																							"uv": [ 47.5, 30.5 ],
																							"rotationOrigin": [ 0.7, 0.25, 0.25 ],
																							"rotationX": 42.0,
																							"rotationY": -15.0,
																							"rotationZ": 14.0,
																							"faces": {
																								"north": { "texture": "#skin", "uv": [ 48.0, 31.0, 48.5, 31.5 ], "rotation": 90 },
																								"east": { "texture": "#skin", "uv": [ 48.0, 31.5, 48.5, 32.0 ], "rotation": 90 },
																								"south": { "texture": "#skin", "uv": [ 49.0, 31.0, 49.5, 31.5 ], "rotation": 270 },
																								"west": { "texture": "#skin", "uv": [ 48.0, 30.5, 48.5, 31.0 ], "rotation": 90, "windMode": [-1,-1,-1,-1], "windData": [2,2,2,2] },
																								"up": { "texture": "#skin", "uv": [ 47.5, 31.0, 48.0, 31.5 ], "rotation": 270 },
																								"down": { "texture": "#skin", "uv": [ 48.5, 31.0, 49.0, 31.5 ], "rotation": 90, "windMode": [-1,-1,-1,-1], "windData": [1,1,1,1] }
																							},
																							"children": [
																								{
																									"name": "L Antler12",
																									"from": [ 0.7, 0.0, 0.0 ],
																									"to": [ 1.5, 0.5, 0.5 ],
																									"unwrapMode": 5,
																									"unwrapRotation": 1,
																									"uv": [ 47.5, 30.0 ],
																									"rotationOrigin": [ 0.7, 0.25, 0.25 ],
																									"rotationX": 37.0,
																									"rotationY": -25.0,
																									"rotationZ": 4.0,
																									"faces": {
																										"north": { "texture": "#skin", "uv": [ 47.5, 30.5, 48.0, 31.0 ], "rotation": 270 },
																										"east": { "texture": "#skin", "uv": [ 48.0, 30.0, 48.5, 30.5 ], "rotation": 180 },
																										"south": { "texture": "#skin", "uv": [ 48.5, 30.5, 49.0, 31.0 ], "rotation": 90 },
																										"west": { "texture": "#skin", "uv": [ 48.0, 31.0, 48.5, 31.5 ], "windMode": [-1,-1,-1,-1], "windData": [2,2,2,2] },
																										"up": { "texture": "#skin", "uv": [ 48.0, 30.5, 48.5, 31.0 ], "rotation": 90 },
																										"down": { "texture": "#skin", "uv": [ 49.0, 30.5, 49.5, 31.0 ], "rotation": 270, "windMode": [-1,-1,-1,-1], "windData": [1,1,1,1] }
																									},
																									"children": [
																										{
																											"name": "L Antler13",
																											"from": [ 0.7, 0.0, 0.0 ],
																											"to": [ 1.5, 0.5, 0.5 ],
																											"unwrapMode": 5,
																											"unwrapRotation": 1,
																											"uv": [ 47.5, 29.5 ],
																											"rotationOrigin": [ 0.7, 0.25, 0.25 ],
																											"rotationX": 32.0,
																											"rotationY": -5.0,
																											"rotationZ": 14.0,
																											"faces": {
																												"north": { "texture": "#skin", "uv": [ 47.5, 30.0, 48.0, 30.5 ], "rotation": 270 },
																												"east": { "texture": "#skin", "uv": [ 48.0, 29.5, 48.5, 30.0 ], "rotation": 180 },
																												"south": { "texture": "#skin", "uv": [ 48.5, 30.0, 49.0, 30.5 ], "rotation": 90 },
																												"west": { "texture": "#skin", "uv": [ 48.0, 30.5, 48.5, 31.0 ], "windMode": [-1,-1,-1,-1], "windData": [2,2,2,2] },
																												"up": { "texture": "#skin", "uv": [ 48.0, 30.0, 48.5, 30.5 ], "rotation": 90 },
																												"down": { "texture": "#skin", "uv": [ 49.0, 30.0, 49.5, 30.5 ], "rotation": 270, "windMode": [-1,-1,-1,-1], "windData": [1,1,1,1] }
																											},
																											"children": [
																												{
																													"name": "L Antler14",
																													"from": [ 0.7, 0.05, 0.05 ],
																													"to": [ 1.5, 0.45, 0.45 ],
																													"unwrapMode": 5,
																													"unwrapRotation": 1,
																													"uv": [ 47.5, 29.0 ],
																													"rotationOrigin": [ 0.7, 0.25, 0.25 ],
																													"rotationX": 34.0,
																													"rotationY": -5.0,
																													"rotationZ": 14.0,
																													"faces": {
																														"north": { "texture": "#skin", "uv": [ 47.5, 29.5, 48.0, 30.0 ], "rotation": 270 },
																														"east": { "texture": "#skin", "uv": [ 48.0, 29.0, 48.5, 29.5 ], "rotation": 180 },
																														"south": { "texture": "#skin", "uv": [ 48.5, 29.5, 49.0, 30.0 ], "rotation": 90 },
																														"west": { "texture": "#skin", "uv": [ 48.0, 30.0, 48.5, 30.5 ], "windMode": [-1,-1,-1,-1], "windData": [2,2,2,2] },
																														"up": { "texture": "#skin", "uv": [ 48.0, 29.5, 48.5, 30.0 ], "rotation": 90 },
																														"down": { "texture": "#skin", "uv": [ 49.0, 29.5, 49.5, 30.0 ], "rotation": 270, "windMode": [-1,-1,-1,-1], "windData": [1,1,1,1] }
																													},
																													"children": [
																														{
																															"name": "L Antler15",
																															"from": [ 0.7, 0.0, 0.0 ],
																															"to": [ 1.5, 0.4, 0.4 ],
																															"unwrapMode": 5,
																															"unwrapRotation": 1,
																															"uv": [ 47.5, 28.5 ],
																															"rotationOrigin": [ 0.7, 0.2, 0.2 ],
																															"rotationX": 39.0,
																															"rotationY": -5.0,
																															"rotationZ": 5.0,
																															"faces": {
																																"north": { "texture": "#skin", "uv": [ 47.5, 29.0, 48.0, 29.5 ], "rotation": 270 },
																																"east": { "texture": "#skin", "uv": [ 48.0, 28.5, 48.5, 29.0 ], "rotation": 180 },
																																"south": { "texture": "#skin", "uv": [ 48.5, 29.0, 49.0, 29.5 ], "rotation": 90 },
																																"west": { "texture": "#skin", "uv": [ 48.0, 29.5, 48.5, 30.0 ], "windMode": [-1,-1,-1,-1], "windData": [2,2,2,2] },
																																"up": { "texture": "#skin", "uv": [ 48.0, 29.0, 48.5, 29.5 ], "rotation": 90 },
																																"down": { "texture": "#skin", "uv": [ 49.0, 29.0, 49.5, 29.5 ], "rotation": 270, "windMode": [-1,-1,-1,-1], "windData": [1,1,1,1] }
																															},
																															"children": [
																																{
																																	"name": "L Antler16",
																																	"from": [ 0.7, 0.05, 0.05 ],
																																	"to": [ 1.5, 0.35, 0.35 ],
																																	"unwrapMode": 5,
																																	"unwrapRotation": 1,
																																	"uv": [ 47.5, 28.0 ],
																																	"rotationOrigin": [ 0.7, 0.2, 0.2 ],
																																	"rotationX": 44.0,
																																	"rotationY": -5.0,
																																	"faces": {
																																		"north": { "texture": "#skin", "uv": [ 47.5, 28.5, 48.0, 29.0 ], "rotation": 270 },
																																		"east": { "texture": "#skin", "uv": [ 48.0, 28.0, 48.5, 28.5 ], "rotation": 180 },
																																		"south": { "texture": "#skin", "uv": [ 48.5, 28.5, 49.0, 29.0 ], "rotation": 90 },
																																		"west": { "texture": "#skin", "uv": [ 48.0, 29.0, 48.5, 29.5 ], "windMode": [-1,-1,-1,-1], "windData": [2,2,2,2] },
																																		"up": { "texture": "#skin", "uv": [ 48.0, 28.5, 48.5, 29.0 ], "rotation": 90 },
																																		"down": { "texture": "#skin", "uv": [ 49.0, 28.5, 49.5, 29.0 ], "rotation": 270, "windMode": [-1,-1,-1,-1], "windData": [1,1,1,1] }
																																	}
																																}
																															]
																														}
																													]
																												}
																											]
																										}
																									]
																								}
																							]
																						}
																					]
																				}
																			]
																		}
																	]
																}
															]
														}
													]
												}
											]
										}
									]
								}
							]
						}
					]
				}
			]
		},
		{
			"name": "R Antler01",
			"stepParentName": "AntlerBase",
			"from": [ 1.0, -0.15, -0.9 ],
			"to": [ 1.8, 0.55, -0.2 ],
			"unwrapMode": 5,
			"unwrapRotation": 1,
			"uv": [ 49.5, 35.5 ],
			"rotationOrigin": [ 1.0, 0.05, -0.55 ],
			"rotationY": 10.0,
			"rotationZ": 30.0,
			"faces": {
				"north": { "texture": "#skin", "uv": [ 49.5, 36.0, 50.0, 36.5 ], "rotation": 270 },
				"east": { "texture": "#skin", "uv": [ 50.0, 35.5, 50.5, 36.0 ], "rotation": 180 },
				"south": { "texture": "#skin", "uv": [ 50.5, 36.0, 51.0, 36.5 ], "rotation": 90 },
				"up": { "texture": "#skin", "uv": [ 50.0, 36.0, 50.5, 36.5 ], "rotation": 90 },
				"down": { "texture": "#skin", "uv": [ 51.0, 36.0, 51.5, 36.5 ], "rotation": 270, "windMode": [-1,-1,-1,-1], "windData": [1,1,1,1] }
			},
			"children": [
				{
					"name": "R Antler02",
					"from": [ 0.7, 0.05, 0.05 ],
					"to": [ 1.5, 0.65, 0.65 ],
					"unwrapMode": 5,
					"unwrapRotation": 1,
					"uv": [ 49.5, 35.0 ],
					"rotationOrigin": [ 0.7, 0.35, 0.35 ],
					"rotationX": -21.0,
					"rotationY": 25.0,
					"rotationZ": 4.0,
					"faces": {
						"north": { "texture": "#skin", "uv": [ 49.5, 35.5, 50.0, 36.0 ], "rotation": 270 },
						"east": { "texture": "#skin", "uv": [ 50.0, 35.0, 50.5, 35.5 ], "rotation": 180 },
						"south": { "texture": "#skin", "uv": [ 50.5, 35.5, 51.0, 36.0 ], "rotation": 90 },
						"west": { "texture": "#skin", "uv": [ 50.0, 36.0, 50.5, 36.5 ], "windMode": [-1,-1,-1,-1], "windData": [1,2,2,2] },
						"up": { "texture": "#skin", "uv": [ 50.0, 35.5, 50.5, 36.0 ], "rotation": 90 },
						"down": { "texture": "#skin", "uv": [ 51.0, 35.5, 51.5, 36.0 ], "rotation": 270, "windMode": [-1,-1,-1,-1], "windData": [1,1,1,1] }
					},
					"children": [
						{
							"name": "R Antler3",
							"from": [ 0.7, 0.0, 0.0 ],
							"to": [ 1.5, 0.6, 0.6 ],
							"unwrapMode": 5,
							"unwrapRotation": 1,
							"uv": [ 49.5, 34.5 ],
							"rotationOrigin": [ 0.7, 0.3, 0.3 ],
							"rotationX": -42.0,
							"rotationY": 25.0,
							"rotationZ": 4.0,
							"faces": {
								"north": { "texture": "#skin", "uv": [ 49.5, 35.0, 50.0, 35.5 ], "rotation": 270 },
								"east": { "texture": "#skin", "uv": [ 50.0, 34.5, 50.5, 35.0 ], "rotation": 180 },
								"south": { "texture": "#skin", "uv": [ 50.5, 35.0, 51.0, 35.5 ], "rotation": 90 },
								"west": { "texture": "#skin", "uv": [ 50.0, 35.5, 50.5, 36.0 ], "windMode": [-1,-1,-1,-1], "windData": [2,2,2,2] },
								"up": { "texture": "#skin", "uv": [ 50.0, 35.0, 50.5, 35.5 ], "rotation": 90 },
								"down": { "texture": "#skin", "uv": [ 51.0, 35.0, 51.5, 35.5 ], "rotation": 270, "windMode": [-1,-1,-1,-1], "windData": [1,1,1,1] }
							},
							"children": [
								{
									"name": "R Antler4",
									"from": [ 0.7, 0.0, 0.0 ],
									"to": [ 1.5, 0.6, 0.6 ],
									"unwrapMode": 1,
									"unwrapRotation": 1,
									"uv": [ 49.5, 34.0 ],
									"rotationOrigin": [ 0.7, 0.3, 0.3 ],
									"rotationX": -43.0,
									"rotationY": 25.0,
									"rotationZ": 4.0,
									"faces": {
										"north": { "texture": "#skin", "uv": [ 50.0, 34.5, 50.5, 35.0 ], "rotation": 90 },
										"east": { "texture": "#skin", "uv": [ 50.0, 35.0, 50.5, 35.5 ], "rotation": 90 },
										"south": { "texture": "#skin", "uv": [ 51.0, 34.5, 51.5, 35.0 ], "rotation": 270 },
										"west": { "texture": "#skin", "uv": [ 50.0, 34.0, 50.5, 34.5 ], "rotation": 90, "windMode": [-1,-1,-1,-1], "windData": [2,2,2,2] },
										"up": { "texture": "#skin", "uv": [ 49.5, 34.5, 50.0, 35.0 ], "rotation": 270 },
										"down": { "texture": "#skin", "uv": [ 50.5, 34.5, 51.0, 35.0 ], "rotation": 90, "windMode": [-1,-1,-1,-1], "windData": [1,1,1,1] }
									},
									"children": [
										{
											"name": "R Antler5",
											"from": [ 0.7, 0.0, 0.0 ],
											"to": [ 1.5, 0.6, 0.6 ],
											"unwrapMode": 5,
											"unwrapRotation": 1,
											"uv": [ 49.5, 33.5 ],
											"rotationOrigin": [ 0.7, 0.3, 0.3 ],
											"rotationX": -44.0,
											"rotationY": 35.0,
											"rotationZ": 4.0,
											"faces": {
												"north": { "texture": "#skin", "uv": [ 49.5, 34.0, 50.0, 34.5 ], "rotation": 270 },
												"east": { "texture": "#skin", "uv": [ 50.0, 33.5, 50.5, 34.0 ], "rotation": 180 },
												"south": { "texture": "#skin", "uv": [ 50.5, 34.0, 51.0, 34.5 ], "rotation": 90 },
												"west": { "texture": "#skin", "uv": [ 50.0, 34.5, 50.5, 35.0 ], "windMode": [-1,-1,-1,-1], "windData": [2,2,2,2] },
												"up": { "texture": "#skin", "uv": [ 50.0, 34.0, 50.5, 34.5 ], "rotation": 90 },
												"down": { "texture": "#skin", "uv": [ 51.0, 34.0, 51.5, 34.5 ], "rotation": 270, "windMode": [-1,-1,-1,-1], "windData": [1,1,1,1] }
											},
											"children": [
												{
													"name": "R Antler6",
													"from": [ 0.7, 0.0, 0.0 ],
													"to": [ 1.5, 0.6, 0.6 ],
													"unwrapMode": 5,
													"unwrapRotation": 1,
													"uv": [ 49.5, 33.0 ],
													"rotationOrigin": [ 0.7, 0.3, 0.3 ],
													"rotationX": -46.0,
													"rotationY": 35.0,
													"rotationZ": 4.0,
													"faces": {
														"north": { "texture": "#skin", "uv": [ 49.5, 33.5, 50.0, 34.0 ], "rotation": 270 },
														"east": { "texture": "#skin", "uv": [ 50.0, 33.0, 50.5, 33.5 ], "rotation": 180 },
														"south": { "texture": "#skin", "uv": [ 50.5, 33.5, 51.0, 34.0 ], "rotation": 90 },
														"west": { "texture": "#skin", "uv": [ 50.0, 34.0, 50.5, 34.5 ], "windMode": [-1,-1,-1,-1], "windData": [2,2,2,2] },
														"up": { "texture": "#skin", "uv": [ 50.0, 33.5, 50.5, 34.0 ], "rotation": 90 },
														"down": { "texture": "#skin", "uv": [ 51.0, 33.5, 51.5, 34.0 ], "rotation": 270, "windMode": [-1,-1,-1,-1], "windData": [1,1,1,1] }
													},
													"children": [
														{
															"name": "R Antler7",
															"from": [ 0.7, 0.0, 0.0 ],
															"to": [ 1.5, 0.6, 0.6 ],
															"unwrapMode": 5,
															"unwrapRotation": 1,
															"uv": [ 49.5, 32.5 ],
															"rotationOrigin": [ 0.7, 0.3, 0.3 ],
															"rotationX": -48.0,
															"rotationY": 35.0,
															"rotationZ": 4.0,
															"faces": {
																"north": { "texture": "#skin", "uv": [ 49.5, 33.0, 50.0, 33.5 ], "rotation": 270 },
																"east": { "texture": "#skin", "uv": [ 50.0, 32.5, 50.5, 33.0 ], "rotation": 180 },
																"south": { "texture": "#skin", "uv": [ 50.5, 33.0, 51.0, 33.5 ], "rotation": 90 },
																"west": { "texture": "#skin", "uv": [ 50.0, 33.5, 50.5, 34.0 ], "windMode": [-1,-1,-1,-1], "windData": [2,2,2,2] },
																"up": { "texture": "#skin", "uv": [ 50.0, 33.0, 50.5, 33.5 ], "rotation": 90 },
																"down": { "texture": "#skin", "uv": [ 51.0, 33.0, 51.5, 33.5 ], "rotation": 270, "windMode": [-1,-1,-1,-1], "windData": [1,1,1,1] }
															},
															"children": [
																{
																	"name": "R Antler8",
																	"from": [ 0.7, 0.0, 0.0 ],
																	"to": [ 1.5, 0.6, 0.6 ],
																	"unwrapMode": 5,
																	"unwrapRotation": 1,
																	"uv": [ 49.5, 32.0 ],
																	"rotationOrigin": [ 0.7, 0.3, 0.3 ],
																	"rotationX": -50.0,
																	"rotationY": 25.0,
																	"rotationZ": 4.0,
																	"faces": {
																		"north": { "texture": "#skin", "uv": [ 49.5, 32.5, 50.0, 33.0 ], "rotation": 270 },
																		"east": { "texture": "#skin", "uv": [ 50.0, 32.0, 50.5, 32.5 ], "rotation": 180 },
																		"south": { "texture": "#skin", "uv": [ 50.5, 32.5, 51.0, 33.0 ], "rotation": 90 },
																		"west": { "texture": "#skin", "uv": [ 50.0, 33.0, 50.5, 33.5 ], "windMode": [-1,-1,-1,-1], "windData": [2,2,2,2] },
																		"up": { "texture": "#skin", "uv": [ 50.0, 32.5, 50.5, 33.0 ], "rotation": 90 },
																		"down": { "texture": "#skin", "uv": [ 51.0, 32.5, 51.5, 33.0 ], "rotation": 270, "windMode": [-1,-1,-1,-1], "windData": [1,1,1,1] }
																	},
																	"children": [
																		{
																			"name": "R Antler9",
																			"from": [ 0.7, 0.0, 0.0 ],
																			"to": [ 1.5, 0.6, 0.6 ],
																			"unwrapMode": 5,
																			"unwrapRotation": 1,
																			"uv": [ 49.5, 31.5 ],
																			"rotationOrigin": [ 0.7, 0.3, 0.3 ],
																			"rotationX": -52.0,
																			"rotationY": 15.0,
																			"rotationZ": 24.0,
																			"faces": {
																				"north": { "texture": "#skin", "uv": [ 49.5, 32.0, 50.0, 32.5 ], "rotation": 270 },
																				"east": { "texture": "#skin", "uv": [ 50.0, 31.5, 50.5, 32.0 ], "rotation": 180 },
																				"south": { "texture": "#skin", "uv": [ 50.5, 32.0, 51.0, 32.5 ], "rotation": 90 },
																				"west": { "texture": "#skin", "uv": [ 50.0, 32.5, 50.5, 33.0 ], "windMode": [-1,-1,-1,-1], "windData": [2,2,2,2] },
																				"up": { "texture": "#skin", "uv": [ 50.0, 32.0, 50.5, 32.5 ], "rotation": 90 },
																				"down": { "texture": "#skin", "uv": [ 51.0, 32.0, 51.5, 32.5 ], "rotation": 270, "windMode": [-1,-1,-1,-1], "windData": [1,1,1,1] }
																			},
																			"children": [
																				{
																					"name": "R Antler10",
																					"from": [ 0.7, 0.05, 0.05 ],
																					"to": [ 1.5, 0.55, 0.55 ],
																					"unwrapMode": 5,
																					"unwrapRotation": 1,
																					"uv": [ 49.5, 31.0 ],
																					"rotationOrigin": [ 0.7, 0.3, 0.3 ],
																					"rotationX": -47.0,
																					"rotationY": 15.0,
																					"rotationZ": 14.0,
																					"faces": {
																						"north": { "texture": "#skin", "uv": [ 49.5, 31.5, 50.0, 32.0 ], "rotation": 270 },
																						"east": { "texture": "#skin", "uv": [ 50.0, 31.0, 50.5, 31.5 ], "rotation": 180 },
																						"south": { "texture": "#skin", "uv": [ 50.5, 31.5, 51.0, 32.0 ], "rotation": 90 },
																						"west": { "texture": "#skin", "uv": [ 50.0, 32.0, 50.5, 32.5 ], "windMode": [-1,-1,-1,-1], "windData": [2,2,2,2] },
																						"up": { "texture": "#skin", "uv": [ 50.0, 31.5, 50.5, 32.0 ], "rotation": 90 },
																						"down": { "texture": "#skin", "uv": [ 51.0, 31.5, 51.5, 32.0 ], "rotation": 270, "windMode": [-1,-1,-1,-1], "windData": [1,1,1,1] }
																					},
																					"children": [
																						{
																							"name": "R Antler11",
																							"from": [ 0.7, 0.0, 0.0 ],
																							"to": [ 1.5, 0.5, 0.5 ],
																							"unwrapMode": 3,
																							"unwrapRotation": 1,
																							"uv": [ 49.5, 30.5 ],
																							"rotationOrigin": [ 0.7, 0.25, 0.25 ],
																							"rotationX": -42.0,
																							"rotationY": 15.0,
																							"rotationZ": 14.0,
																							"faces": {
																								"north": { "texture": "#skin", "uv": [ 51.0, 31.0, 51.5, 31.5 ], "rotation": 270 },
																								"east": { "texture": "#skin", "uv": [ 50.0, 30.5, 50.5, 31.0 ], "rotation": 90 },
																								"south": { "texture": "#skin", "uv": [ 50.0, 31.0, 50.5, 31.5 ], "rotation": 90 },
																								"west": { "texture": "#skin", "uv": [ 50.0, 31.5, 50.5, 32.0 ], "rotation": 90, "windMode": [-1,-1,-1,-1], "windData": [2,2,2,2] },
																								"up": { "texture": "#skin", "uv": [ 49.5, 31.0, 50.0, 31.5 ], "rotation": 90 },
																								"down": { "texture": "#skin", "uv": [ 50.5, 31.0, 51.0, 31.5 ], "rotation": 270, "windMode": [-1,-1,-1,-1], "windData": [1,1,1,1] }
																							},
																							"children": [
																								{
																									"name": "R Antler12",
																									"from": [ 0.7, 0.0, 0.0 ],
																									"to": [ 1.5, 0.5, 0.5 ],
																									"unwrapMode": 5,
																									"unwrapRotation": 1,
																									"uv": [ 49.5, 30.0 ],
																									"rotationOrigin": [ 0.7, 0.25, 0.25 ],
																									"rotationX": -37.0,
																									"rotationY": 25.0,
																									"rotationZ": 4.0,
																									"faces": {
																										"north": { "texture": "#skin", "uv": [ 49.5, 30.5, 50.0, 31.0 ], "rotation": 270 },
																										"east": { "texture": "#skin", "uv": [ 50.0, 30.0, 50.5, 30.5 ], "rotation": 180 },
																										"south": { "texture": "#skin", "uv": [ 50.5, 30.5, 51.0, 31.0 ], "rotation": 90 },
																										"west": { "texture": "#skin", "uv": [ 50.0, 31.0, 50.5, 31.5 ], "windMode": [-1,-1,-1,-1], "windData": [2,2,2,2] },
																										"up": { "texture": "#skin", "uv": [ 50.0, 30.5, 50.5, 31.0 ], "rotation": 90 },
																										"down": { "texture": "#skin", "uv": [ 51.0, 30.5, 51.5, 31.0 ], "rotation": 270, "windMode": [-1,-1,-1,-1], "windData": [1,1,1,1] }
																									},
																									"children": [
																										{
																											"name": "R Antler13",
																											"from": [ 0.7, 0.0, 0.0 ],
																											"to": [ 1.5, 0.5, 0.5 ],
																											"unwrapMode": 5,
																											"unwrapRotation": 1,
																											"uv": [ 49.5, 29.5 ],
																											"rotationOrigin": [ 0.7, 0.25, 0.25 ],
																											"rotationX": -32.0,
																											"rotationY": 5.0,
																											"rotationZ": 14.0,
																											"faces": {
																												"north": { "texture": "#skin", "uv": [ 49.5, 30.0, 50.0, 30.5 ], "rotation": 270 },
																												"east": { "texture": "#skin", "uv": [ 50.0, 29.5, 50.5, 30.0 ], "rotation": 180 },
																												"south": { "texture": "#skin", "uv": [ 50.5, 30.0, 51.0, 30.5 ], "rotation": 90 },
																												"west": { "texture": "#skin", "uv": [ 50.0, 30.5, 50.5, 31.0 ], "windMode": [-1,-1,-1,-1], "windData": [2,2,2,2] },
																												"up": { "texture": "#skin", "uv": [ 50.0, 30.0, 50.5, 30.5 ], "rotation": 90 },
																												"down": { "texture": "#skin", "uv": [ 51.0, 30.0, 51.5, 30.5 ], "rotation": 270, "windMode": [-1,-1,-1,-1], "windData": [1,1,1,1] }
																											},
																											"children": [
																												{
																													"name": "R Antler14",
																													"from": [ 0.7, 0.05, 0.05 ],
																													"to": [ 1.5, 0.45, 0.45 ],
																													"unwrapMode": 5,
																													"unwrapRotation": 1,
																													"uv": [ 49.5, 29.0 ],
																													"rotationOrigin": [ 0.7, 0.25, 0.25 ],
																													"rotationX": -34.0,
																													"rotationY": 25.0,
																													"rotationZ": 14.0,
																													"faces": {
																														"north": { "texture": "#skin", "uv": [ 49.5, 29.5, 50.0, 30.0 ], "rotation": 270 },
																														"east": { "texture": "#skin", "uv": [ 50.0, 29.0, 50.5, 29.5 ], "rotation": 180 },
																														"south": { "texture": "#skin", "uv": [ 50.5, 29.5, 51.0, 30.0 ], "rotation": 90 },
																														"west": { "texture": "#skin", "uv": [ 50.0, 30.0, 50.5, 30.5 ], "windMode": [-1,-1,-1,-1], "windData": [2,2,2,2] },
																														"up": { "texture": "#skin", "uv": [ 50.0, 29.5, 50.5, 30.0 ], "rotation": 90 },
																														"down": { "texture": "#skin", "uv": [ 51.0, 29.5, 51.5, 30.0 ], "rotation": 270, "windMode": [-1,-1,-1,-1], "windData": [1,1,1,1] }
																													},
																													"children": [
																														{
																															"name": "R Antler15",
																															"from": [ 0.7, 0.0, 0.0 ],
																															"to": [ 1.5, 0.4, 0.4 ],
																															"unwrapMode": 5,
																															"unwrapRotation": 1,
																															"uv": [ 49.5, 28.5 ],
																															"rotationOrigin": [ 0.7, 0.2, 0.2 ],
																															"rotationX": -39.0,
																															"rotationY": 5.0,
																															"rotationZ": -5.0,
																															"faces": {
																																"north": { "texture": "#skin", "uv": [ 49.5, 29.0, 50.0, 29.5 ], "rotation": 270 },
																																"east": { "texture": "#skin", "uv": [ 50.0, 28.5, 50.5, 29.0 ], "rotation": 180 },
																																"south": { "texture": "#skin", "uv": [ 50.5, 29.0, 51.0, 29.5 ], "rotation": 90 },
																																"west": { "texture": "#skin", "uv": [ 50.0, 29.5, 50.5, 30.0 ], "windMode": [-1,-1,-1,-1], "windData": [2,2,2,2] },
																																"up": { "texture": "#skin", "uv": [ 50.0, 29.0, 50.5, 29.5 ], "rotation": 90 },
																																"down": { "texture": "#skin", "uv": [ 51.0, 29.0, 51.5, 29.5 ], "rotation": 270, "windMode": [-1,-1,-1,-1], "windData": [1,1,1,1] }
																															},
																															"children": [
																																{
																																	"name": "R Antler16",
																																	"from": [ 0.7, 0.05, 0.05 ],
																																	"to": [ 1.5, 0.35, 0.35 ],
																																	"unwrapMode": 5,
																																	"unwrapRotation": 1,
																																	"uv": [ 49.5, 28.0 ],
																																	"rotationOrigin": [ 0.7, 0.2, 0.2 ],
																																	"rotationX": -44.0,
																																	"rotationY": 5.0,
																																	"faces": {
																																		"north": { "texture": "#skin", "uv": [ 49.5, 28.5, 50.0, 29.0 ], "rotation": 270 },
																																		"east": { "texture": "#skin", "uv": [ 50.0, 28.0, 50.5, 28.5 ], "rotation": 180 },
																																		"south": { "texture": "#skin", "uv": [ 50.5, 28.5, 51.0, 29.0 ], "rotation": 90 },
																																		"west": { "texture": "#skin", "uv": [ 50.0, 29.0, 50.5, 29.5 ], "windMode": [-1,-1,-1,-1], "windData": [2,2,2,2] },
																																		"up": { "texture": "#skin", "uv": [ 50.0, 28.5, 50.5, 29.0 ], "rotation": 90 },
																																		"down": { "texture": "#skin", "uv": [ 51.0, 28.5, 51.5, 29.0 ], "rotation": 270, "windMode": [-1,-1,-1,-1], "windData": [1,1,1,1] }
																																	}
																																}
																															]
																														}
																													]
																												}
																											]
																										}
																									]
																								}
																							]
																						}
																					]
																				}
																			]
																		}
																	]
																}
															]
														}
													]
												}
											]
										}
									]
								}
							]
						}
					]
				}
			]
		}
	],
	"animations": [
	]
}