{
  "editor": {
    "allAngles": false,
    "entityTextureMode": false
  },
  "textureWidth": 16,
  "textureHeight": 16,
  "textureSizes": {},
  "textures": {
    "stem": "block/plant/crop/sugarcane/stem"
  },
  "elements": [
    {
      "name": "cane",
      "from": [4.0, 0.5, 6.75],
      "to": [12.0, 2.5, 8.75],
      "rotationOrigin": [5.2, 0.0, 8.0],
      "faces": {
        "north": {
          "texture": "#stem",
          "uv": [4.0, 8.0, 6.0, 16.0],
          "rotation": 90
        },
        "east": { "texture": "#stem", "uv": [8.0, 14.0, 10.0, 16.0] },
        "south": {
          "texture": "#stem",
          "uv": [4.0, 0.0, 6.0, 8.0],
          "rotation": 90
        },
        "west": { "texture": "#stem", "uv": [8.0, 14.0, 10.0, 16.0] },
        "up": {
          "texture": "#stem",
          "uv": [4.0, 0.0, 6.0, 8.0],
          "rotation": 90
        },
        "down": {
          "texture": "#stem",
          "uv": [4.0, 8.0, 6.0, 16.0],
          "rotation": 90
        }
      }
    }
  ]
}
