[
  // {
  //   "file": "wildcraftfruit:blocktypes/plant/berry/bottomberrybush.json",
  //   "side": "Server",
  //   "op": "add",
  //   "path": "/entityBehaviorsbyType",
  //   "value": {}
  // },
  // {
  //   "file": "wildcraftfruit:blocktypes/plant/berry/bottomberrybush.json",
  //   "side": "Server",
  //   "op": "add",
  //   "path": "/entityBehaviorsbyType/*-juniper-*",
  //   "value": [
  //     {
  //       "name": "BerryChilling",
  //       "properties": {
  //         "chillTemp": -5,
  //         "chilledDaysRequired": 20
  //       }
  //     }
  //   ]
  // },
  // {
  //   "file": "wildcraftfruit:blocktypes/plant/berry/bottomberrybush.json",
  //   "side": "Server",
  //   "op": "add",
  //   "path": "/entityBehaviorsbyType/*-pilo-*",
  //   "value": [
  //     {
  //       "name": "BerryChilling",
  //       "properties": {
  //         "chillTemp": 15,
  //         "chilledDaysRequired": 12
  //       }
  //     }
  //   ]
  // },
  // {
  //   "file": "wildcraftfruit:blocktypes/plant/berry/bottomberrybush.json",
  //   "side": "Server",
  //   "op": "add",
  //   "path": "/entityBehaviorsbyType/*-blackelder-*",
  //   "value": [
  //     {
  //       "name": "BerryChilling",
  //       "properties": {
  //         "chillTemp": 3,
  //         "chilledDaysRequired": 15
  //       }
  //     }
  //   ]
  // },
  // {
  //   "file": "wildcraftfruit:blocktypes/plant/berry/bottomberrybush.json",
  //   "side": "Server",
  //   "op": "add",
  //   "path": "/entityBehaviorsbyType/*-lillypillywhite-*",
  //   "value": [
  //     {
  //       "name": "BerryChilling",
  //       "properties": {
  //         "chillTemp": 8,
  //         "chilledDaysRequired": 11
  //       }
  //     }
  //   ]
  // },
  // {
  //   "file": "wildcraftfruit:blocktypes/plant/berry/bottomberrybush.json",
  //   "side": "Server",
  //   "op": "add",
  //   "path": "/entityBehaviorsbyType/*-lillypillypink-*",
  //   "value": [
  //     {
  //       "name": "BerryChilling",
  //       "properties": {
  //         "chillTemp": 11,
  //         "chilledDaysRequired": 10
  //       }
  //     }
  //   ]
  // },
  // {
  //   "file": "wildcraftfruit:blocktypes/plant/berry/bottomberrybush.json",
  //   "side": "Server",
  //   "op": "add",
  //   "path": "/entityBehaviorsbyType/*-lillypillyblue-*",
  //   "value": [
  //     {
  //       "name": "BerryChilling",
  //       "properties": {
  //         "chillTemp": 15,
  //         "chilledDaysRequired": 8
  //       }
  //     }
  //   ]
  // },
  // {
  //   "file": "wildcraftfruit:blocktypes/plant/berry/bottomberrybush.json",
  //   "side": "Server",
  //   "op": "add",
  //   "path": "/entityBehaviorsbyType/*",
  //   "value": [
  //     {
  //       "name": "BerryChilling",
  //       "properties": {
  //         "chillTemp": 7,
  //         "chilledDaysRequired": 10
  //       }
  //     }
  //   ]
  // }
]
