{
    "editor": {
        "allAngles": false,
        "entityTextureMode": false
    },
    "textureWidth": 16,
    "textureHeight": 16,
    "textureSizes": {},
    "textures": {
        "metal": "game:block/metal/ingot/copper"
    },
    "elements": [
        {
            "name": "base",
            "from": [
                3,
                0.2,
                3
            ],
            "to": [
                13,
                0.7,
                13
            ],
            "rotationOrigin": [
                8,
                0.2,
                8
            ],
            "faces": {
                "up": {
                    "texture": "#metal",
                    "uv": [
                        3,
                        3,
                        13,
                        13
                    ],
                    "reflectiveMode": 2
                },
                "down": {
                    "texture": "#metal",
                    "uv": [
                        3,
                        3,
                        13,
                        13
                    ],
                    "reflectiveMode": 2
                }
            },
            "children": [
                {
                    "name": "n",
                    "from": [
                        0,
                        -0.2,
                        -0.5
                    ],
                    "to": [
                        10,
                        0.7,
                        0
                    ],
                    "rotationOrigin": [
                        0,
                        -0.2,
                        -0.5
                    ],
                    "faces": {
                        "north": {
                            "texture": "#metal",
                            "uv": [
                                0,
                                0,
                                10,
                                0.5
                            ],
                            "reflectiveMode": 2
                        },
                        "south": {
                            "texture": "#metal",
                            "uv": [
                                0,
                                0,
                                10,
                                0.5
                            ],
                            "reflectiveMode": 2
                        },
                        "up": {
                            "texture": "#metal",
                            "uv": [
                                0,
                                0,
                                10,
                                0.5
                            ],
                            "reflectiveMode": 2
                        },
                        "down": {
                            "texture": "#metal",
                            "uv": [
                                0,
                                0,
                                10,
                                0.5
                            ],
                            "reflectiveMode": 2
                        }
                    }
                },
                {
                    "name": "s",
                    "from": [
                        0,
                        -0.2,
                        10
                    ],
                    "to": [
                        10,
                        0.7,
                        10.5
                    ],
                    "rotationOrigin": [
                        0,
                        -0.2,
                        10
                    ],
                    "faces": {
                        "north": {
                            "texture": "#metal",
                            "uv": [
                                0,
                                0,
                                10,
                                0.5
                            ],
                            "reflectiveMode": 2
                        },
                        "south": {
                            "texture": "#metal",
                            "uv": [
                                0,
                                0,
                                10,
                                0.5
                            ],
                            "reflectiveMode": 2
                        },
                        "up": {
                            "texture": "#metal",
                            "uv": [
                                0,
                                0,
                                10,
                                0.5
                            ],
                            "reflectiveMode": 2
                        },
                        "down": {
                            "texture": "#metal",
                            "uv": [
                                0,
                                0,
                                10,
                                0.5
                            ],
                            "reflectiveMode": 2
                        }
                    }
                },
                {
                    "name": "w",
                    "from": [
                        -0.5,
                        -0.2,
                        -0.5
                    ],
                    "to": [
                        0,
                        0.7,
                        10.5
                    ],
                    "rotationOrigin": [
                        -0.5,
                        -0.2,
                        -0.5
                    ],
                    "faces": {
                        "north": {
                            "texture": "#metal",
                            "uv": [
                                0,
                                0,
                                0.5,
                                0.5
                            ],
                            "reflectiveMode": 2
                        },
                        "east": {
                            "texture": "#metal",
                            "uv": [
                                0,
                                0,
                                11,
                                0.5
                            ],
                            "reflectiveMode": 2
                        },
                        "south": {
                            "texture": "#metal",
                            "uv": [
                                0,
                                0,
                                0.5,
                                0.5
                            ],
                            "reflectiveMode": 2
                        },
                        "west": {
                            "texture": "#metal",
                            "uv": [
                                0,
                                0,
                                11,
                                0.5
                            ],
                            "reflectiveMode": 2
                        },
                        "up": {
                            "texture": "#metal",
                            "uv": [
                                0,
                                0,
                                0.5,
                                11
                            ],
                            "reflectiveMode": 2
                        },
                        "down": {
                            "texture": "#metal",
                            "uv": [
                                0,
                                0,
                                0.5,
                                11
                            ],
                            "reflectiveMode": 2
                        }
                    }
                },
                {
                    "name": "e",
                    "from": [
                        10,
                        -0.2,
                        -0.5
                    ],
                    "to": [
                        10.5,
                        0.7,
                        10.5
                    ],
                    "rotationOrigin": [
                        10,
                        -0.2,
                        -0.5
                    ],
                    "faces": {
                        "north": {
                            "texture": "#metal",
                            "uv": [
                                0,
                                0,
                                0.5,
                                0.5
                            ],
                            "reflectiveMode": 2
                        },
                        "east": {
                            "texture": "#metal",
                            "uv": [
                                0,
                                0,
                                11,
                                0.5
                            ],
                            "reflectiveMode": 2
                        },
                        "south": {
                            "texture": "#metal",
                            "uv": [
                                0,
                                0,
                                0.5,
                                0.5
                            ],
                            "reflectiveMode": 2
                        },
                        "west": {
                            "texture": "#metal",
                            "uv": [
                                0,
                                0,
                                11,
                                0.5
                            ],
                            "reflectiveMode": 2
                        },
                        "up": {
                            "texture": "#metal",
                            "uv": [
                                0,
                                0,
                                0.5,
                                11
                            ],
                            "reflectiveMode": 2
                        },
                        "down": {
                            "texture": "#metal",
                            "uv": [
                                0,
                                0,
                                0.5,
                                11
                            ],
                            "reflectiveMode": 2
                        }
                    }
                }
            ]
        },
        {
            "name": "design",
            "from": [
                3.5,
                0,
                3.5
            ],
            "to": [
                3.5,
                0,
                3.5
            ],
            "rotationOrigin": [
                3.5,
                0,
                3.5
            ],
            "faces": {}
        }
    ]
}
