{
	"code": "cheese",
	"class": "ItemCheese",
	"maxstacksizeByType": {
		"*-1slice": 16,
		"*-2slice": 8,
		"*-3slice": 6,
		"*-4slice": 4
	},
	"attributes": {
		"onDisplayTransform": {
			 "rotation": { "x": 0, "y": 40, "z": 0 },
			 "origin": { "x": 0.5, "y": 0, "z": 0.5 },
			 "scale": 0.73
		},
		"onshelfTransformByType": {
			"*-1slice": {
				 "translation": { "x": 0.15, "y": 0, "z": 0.15 },
				 "origin": { "x": 0.5, "y": 0, "z": 0.5 }
			},
			"*-2slice": {
				 "translation": { "x": 0.15, "y": 0, "z": 0 },
				 "rotation": { "x": 0, "y": 90, "z": 0 },
				 "origin": { "x": 0.5, "y": 0, "z": 0.5 }
			},
			"*": {
				 "rotation": { "x": 0, "y": 40, "z": 0 },
				 "origin": { "x": 0.5, "y": 0, "z": 0.5 }
			}
		},
		"displaycaseable": true,
		"shelvableByType": {
			"*-1slice": "Quadrants",
			"*-2slice": "Halves",
			"*": "SingleCenter"
		},
		"nutritionPropsWhenInMeal": {
			"satietyByType":  {
				"*-deer-blue-1slice": 1080,
				"*-moose-blue-1slice": 740,
				"*-reindeer-blue-1slice": 380,
				"*-deer-cheddar-1slice": 1300,
				"*-moose-cheddar-1slice": 890,
				"*-reindeer-cheddar-1slice": 450
			},
			"foodcategory": "Dairy"
		},
		"inPiePropertiesByType": {
			"*-cheddar-1slice": { "texture": "game:block/food/pie/fill-cheddar", "partType": 'Filling' },
			"*-blue-1slice": { "texture": "game:block/food/pie/fill-bluecheese", "partType": 'Filling' }
		}
	},
	"heldTpIdleAnimationByType": {
		"*-4slice": "holdbothhandslarge", 
	},
	"heldTpUseAnimationByType": {
		"*-4slice": "twohandplaceblock",
	},
	"variantgroups": [
		{ "code": "animal",  "states": ["deer", "moose", "reindeer"] },
		{ "code": "type",  "states": ["cheddar", "blue", "waxedcheddar"] },
		{ "code": "part",  "states": ["1slice", "2slice", "3slice", "4slice"] },
	],
	"skipVariants": [
		"cheese-*-waxedcheddar-1slice",
		"cheese-*-waxedcheddar-2slice",
		"cheese-*-waxedcheddar-3slice"
	],
	"shape": { "base": "game:item/food/dairy/cheese/{type}-{part}" },
	"creativeinventory": { "general": ["*-4slice", "*-1slice"], "items": ["*-4slice", "*-1slice"] },
	"materialDensity": 700,
	"nutritionPropsByType": {
		"*-deer-blue-1slice": { "saturation": 720, "health": 0, "foodcategory": "Dairy" },
		"*-moose-blue-1slice": { "saturation": 490, "health": 0, "foodcategory": "Dairy" },
		"*-reindeer-blue-1slice": { "saturation": 250, "health": 0, "foodcategory": "Dairy" },
		"*-deer-cheddar-1slice": { "saturation": 860, "health": 0, "foodcategory": "Dairy" },
		"*-moose-cheddar-1slice": { "saturation": 590, "health": 0, "foodcategory": "Dairy" },
		"*-reindeer-cheddar-1slice": { "saturation": 300, "health": 0, "foodcategory": "Dairy" }
	},
	"transitionableProps": [{
		"type": "Perish",
		"freshHoursByType": {
			"cheese-*-cheddar-*": {  "avg": 4320 },
			"cheese-*-waxedcheddar-*": {  "avg": 8640 },
			"cheese-*-blue-*": {  "avg": 5400 }
		},
		"transitionHours": {  "avg": 12 },
		"transitionedStack": { "type": "item", "code": "game:rot" },
		"transitionRatioByType": {
			"*-1slice": 1,
			"*-2slice": 2,
			"*-3slice": 3,
			"*-4slice": 4
		}
	}],
	 "guiTransformByType": {
		"*-1slice": {
			 "translation": { "x": 0, "y": 1, "z": 0 },
			 "rotation": { "x": -34, "y": 27, "z": -18 },
			 "origin": { "x": 0.36, "y": 0.1, "z": 0.36 },
			 "scale": 2.59
		},
		"*": {
			 "rotation": { "x": -10, "y": 59, "z": -19 },
			 "origin": { "x": 0.5, "y": 0.1, "z": 0.5 },
			 "scale": 2
		}
	},
	 "fpHandTransform": {
		 "translation": { "x": 0, "y": 0.11, "z": 0 },
		 "rotation": { "x": 179, "y": 69, "z": 20 },
		 "origin": { "x": 0.5, "y": 0.1, "z": 0.5 },
		 "scale": 2
	},
	 "tpHandTransformByType": {
		"*-1slice": {
			 "translation": { "x": -1, "y": -0.2, "z": -0.8 },
			 "rotation": { "x": 33, "y": 33, "z": -14 },
			 "origin": { "x": 0.5, "y": 0.1, "z": 0.5 },
			 "scale": 0.65
		},
		"*": {
			 "translation": { "x": -0.8, "y": 0, "z": -0.4 },
			 "rotation": { "x": -27, "y": 25, "z": 87 },
			 "origin": { "x": 0.5, "y": 0.1, "z": 0.5 },
			 "scale": 0.65
		}
	},
	 "groundTransform": {
		 "translation": { "x": 0, "y": 0, "z": 0 },
		 "rotation": { "x": 0, "y": 0, "z": 0 },
		 "origin": { "x": 0.5, "y": 0, "z": 0.5 },
		 "scale": 3.2
	}
}