{
	"editor": {
		"collapsedPaths": "",
		"allAngles": true,
		"entityTextureMode": true
	},
	"textureWidth": 24,
	"textureHeight": 28,
	"textureSizes": {
		"skin": [24,28]
	},
	"textures": {
	},
	"elements": [
		{
			"name": "Neck",
			"from": [ 15.2, 10.0, 7.4 ],
			"to": [ 17.3, 12.3, 8.5 ],
			"unwrapMode": 2,
			"autoUnwrap": false,
			"uv": [ 5.5, 5.0 ],
			"rotationOrigin": [ 17.1, 10.0, 8.0 ],
			"rotationZ": 100.0,
			"faces": {
				"north": { "texture": "#skin", "uv": [ 6.5, 4.5, 8.5, 6.5 ], "windMode": [-1,-1,-1,-1], "windData": [0,0,1,0] },
				"east": { "texture": "#skin", "uv": [ 5.5, 4.5, 6.5, 6.5 ], "windMode": [-1,-1,-1,-1], "windData": [1,0,0,1] },
				"south": { "texture": "#skin", "uv": [ 3.5, 4.5, 5.5, 6.5 ] },
				"west": { "texture": "#skin", "uv": [ 8.5, 4.5, 9.5, 6.5 ] },
				"up": { "texture": "#skin", "uv": [ 1.0, 4.5, 2.0, 6.5 ], "rotation": 90 }
			},
			"children": [
				{
					"name": "Neck2",
					"from": [ 0.2, 1.6, 0.05 ],
					"to": [ 2.0, 3.4, 1.05 ],
					"unwrapMode": 2,
					"uv": [ 4.0, 1.0 ],
					"rotationOrigin": [ 1.3, 1.6, 0.6 ],
					"rotationZ": -8.0,
					"faces": {
						"north": { "texture": "#skin", "uv": [ 6.5, 2.5, 8.0, 4.0 ] },
						"east": { "texture": "#skin", "uv": [ 5.5, 2.5, 6.5, 4.0 ] },
						"south": { "texture": "#skin", "uv": [ 4.0, 2.5, 5.5, 4.0 ] },
						"west": { "texture": "#skin", "uv": [ 8.0, 2.5, 9.0, 4.0 ] },
						"up": { "texture": "#skin", "uv": [ 5.5, 1.0, 6.5, 2.5 ], "rotation": 270 }
					},
					"children": [
						{
							"name": "Head",
							"from": [ 0.9035, 0.3, -0.15 ],
							"to": [ 1.9035, 2.1, 1.15 ],
							"unwrapMode": 4,
							"uv": [ 2.5, 17.5 ],
							"rotationOrigin": [ 1.6, 1.9, 0.5 ],
							"rotationZ": -59.0,
							"faces": {
								"north": { "texture": "#skin", "uv": [ 2.5, 18.5, 3.5, 20.0 ] },
								"east": { "texture": "#skin", "uv": [ 5.5, 18.5, 6.5, 20.0 ] },
								"south": { "texture": "#skin", "uv": [ 4.5, 18.5, 5.5, 20.0 ] },
								"west": { "texture": "#skin", "uv": [ 3.5, 18.5, 4.5, 20.0 ] },
								"up": { "texture": "#skin", "uv": [ 3.5, 17.5, 4.5, 18.5 ], "rotation": 90 },
								"down": { "texture": "#skin", "uv": [ 3.5, 20.0, 4.5, 21.0 ], "rotation": 90 }
							},
							"children": [
								{
									"name": "MouthUp",
									"from": [ -1.1, 0.5, 0.15 ],
									"to": [ 0.1, 0.9, 1.15 ],
									"unwrapMode": 5,
									"unwrapRotation": 1,
									"uv": [ 1.0, 22.0 ],
									"rotationOrigin": [ -0.1, 0.8, 0.6 ],
									"rotationZ": 4.0,
									"faces": {
										"north": { "texture": "#skin", "uv": [ 1.0, 22.0, 1.5, 23.0 ], "rotation": 270 },
										"south": { "texture": "#skin", "uv": [ 2.5, 22.0, 3.0, 23.0 ], "rotation": 90 },
										"west": { "texture": "#skin", "uv": [ 1.5, 23.0, 2.5, 23.5 ] },
										"up": { "texture": "#skin", "uv": [ 1.5, 22.0, 2.5, 23.0 ], "rotation": 90, "windMode": [-1,-1,-1,-1], "windData": [1,1,1,1] },
										"down": { "texture": "#skin", "uv": [ 3.0, 22.0, 4.0, 23.0 ], "rotation": 270 }
									},
									"children": [
										{
											"name": "Nose",
											"from": [ 0.2, 0.0, 0.1 ],
											"to": [ 1.2, 0.7, 0.9 ],
											"unwrapMode": 5,
											"unwrapRotation": 1,
											"uv": [ 0.5, 18.0 ],
											"rotationOrigin": [ 0.2, 0.7, 0.2 ],
											"rotationZ": 16.0,
											"faces": {
												"north": { "texture": "#skin", "uv": [ 0.5, 18.0, 1.0, 19.0 ], "rotation": 270, "windMode": [-1,-1,-1,-1], "windData": [1,1,1,1] },
												"south": { "texture": "#skin", "uv": [ 1.5, 18.0, 2.0, 19.0 ], "rotation": 90 },
												"west": { "texture": "#skin", "uv": [ 1.0, 19.0, 1.5, 19.5 ], "windMode": [-1,-1,-1,-1], "windData": [1,1,1,1] },
												"up": { "texture": "#skin", "uv": [ 1.0, 18.0, 1.5, 19.0 ], "rotation": 90 }
											},
											"children": [
												{
													"name": "Snout",
													"from": [ -0.5, 0.1, 0.05 ],
													"to": [ 0.1, 0.7, 0.75 ],
													"unwrapMode": 4,
													"uv": [ 4.5, 21.0 ],
													"rotationOrigin": [ 0.0, 0.7, 0.4 ],
													"rotationZ": -9.0,
													"faces": {
														"north": { "texture": "#skin", "uv": [ 4.5, 21.5, 5.0, 22.0 ], "windMode": [-1,-1,-1,-1], "windData": [1,1,1,1] },
														"east": { "texture": "#skin", "uv": [ 6.0, 21.5, 6.5, 22.0 ], "windMode": [-1,-1,-1,-1], "windData": [1,1,1,1] },
														"south": { "texture": "#skin", "uv": [ 5.5, 21.5, 6.0, 22.0 ], "windMode": [-1,-1,-1,-1], "windData": [1,1,1,1] },
														"west": { "texture": "#skin", "uv": [ 5.0, 21.5, 5.5, 22.0 ], "windMode": [-1,-1,-1,-1], "windData": [1,1,1,1] },
														"up": { "texture": "#skin", "uv": [ 5.0, 21.0, 5.5, 21.5 ], "rotation": 90, "windMode": [-1,-1,-1,-1], "windData": [1,1,1,1] },
														"down": { "texture": "#skin", "uv": [ 5.0, 22.0, 5.5, 22.5 ], "rotation": 90, "windMode": [-1,-1,-1,-1], "windData": [1,1,1,1] }
													}
												},
												{
													"name": "NoseBridge",
													"from": [ 0.5, 0.0, -0.1 ],
													"to": [ 1.17, 0.7, 0.9 ],
													"unwrapMode": 7,
													"unwrapRotation": 1,
													"uv": [ 0.5, 20.0 ],
													"rotationOrigin": [ 0.5, 0.7, -0.1 ],
													"rotationZ": 26.0,
													"faces": {
														"north": { "texture": "#skin", "uv": [ 2.0, 20.5, 2.5, 21.0 ], "rotation": 90 },
														"east": { "texture": "#skin", "uv": [ 1.0, 21.0, 2.0, 21.5 ] },
														"south": { "texture": "#skin", "uv": [ 0.5, 20.5, 1.0, 21.0 ], "rotation": 270 },
														"west": { "texture": "#skin", "uv": [ 1.0, 20.0, 2.0, 20.5 ], "rotation": 180 },
														"up": { "texture": "#skin", "uv": [ 1.0, 20.5, 2.0, 21.0 ], "rotation": 270 }
													}
												}
											]
										}
									]
								},
								{
									"name": "L Ear",
									"from": [ 0.5, 1.2, 1.0 ],
									"to": [ 0.6, 1.6, 1.5 ],
									"unwrapMode": 4,
									"uv": [ 9.5, 2.5 ],
									"rotationOrigin": [ 0.5, 1.2, 1.2 ],
									"rotationX": 90.0,
									"rotationY": 14.0,
									"faces": {
										"north": { "texture": "#skin", "uv": [ 9.5, 3.0, 10.0, 3.5 ], "windMode": [-1,-1,-1,-1], "windData": [1,1,1,1] },
										"east": { "texture": "#skin", "uv": [ 11.0, 3.0, 11.5, 3.5 ] },
										"south": { "texture": "#skin", "uv": [ 10.5, 3.0, 11.0, 3.5 ], "windMode": [-1,-1,-1,-1], "windData": [1,1,1,1] },
										"west": { "texture": "#skin", "uv": [ 10.0, 3.0, 10.5, 3.5 ] },
										"up": { "texture": "#skin", "uv": [ 10.0, 2.5, 10.5, 3.0 ], "rotation": 90 },
										"down": { "texture": "#skin", "uv": [ 10.0, 3.5, 10.5, 4.0 ], "rotation": 90 }
									},
									"children": [
										{
											"name": "L Ear3",
											"from": [ 0.0, 0.4, 0.0 ],
											"to": [ 0.1, 1.0, 0.2 ],
											"unwrapMode": 4,
											"uv": [ 9.5, 0.5 ],
											"rotationOrigin": [ 0.1, 0.4, 0.0 ],
											"rotationX": 8.0,
											"rotationY": 1.0,
											"faces": {
												"north": { "texture": "#skin", "uv": [ 9.5, 1.0, 10.0, 1.5 ] },
												"east": { "texture": "#skin", "uv": [ 11.0, 1.0, 11.5, 1.5 ] },
												"south": { "texture": "#skin", "uv": [ 10.5, 1.0, 11.0, 1.5 ] },
												"west": { "texture": "#skin", "uv": [ 10.0, 1.0, 10.5, 1.5 ] },
												"up": { "texture": "#skin", "uv": [ 10.0, 0.5, 10.5, 1.0 ], "rotation": 90 },
												"down": { "texture": "#skin", "uv": [ 10.0, 1.5, 10.5, 2.0 ], "rotation": 90 }
											}
										},
										{
											"name": "L Ear2",
											"from": [ 0.0, 0.4, 0.2 ],
											"to": [ 0.1, 1.0, 0.5 ],
											"unwrapMode": 4,
											"uv": [ 7.0, 0.5 ],
											"rotationOrigin": [ 0.1, 0.4, 0.5 ],
											"rotationX": -10.0,
											"rotationY": -1.0,
											"faces": {
												"north": { "texture": "#skin", "uv": [ 7.0, 1.0, 7.5, 1.5 ] },
												"east": { "texture": "#skin", "uv": [ 8.5, 1.0, 9.0, 1.5 ] },
												"south": { "texture": "#skin", "uv": [ 8.0, 1.0, 8.5, 1.5 ] },
												"west": { "texture": "#skin", "uv": [ 7.5, 1.0, 8.0, 1.5 ] },
												"up": { "texture": "#skin", "uv": [ 7.5, 0.5, 8.0, 1.0 ], "rotation": 90 },
												"down": { "texture": "#skin", "uv": [ 7.5, 1.5, 8.0, 2.0 ], "rotation": 90 }
											}
										}
									]
								},
								{
									"name": "R Eye",
									"from": [ -0.01, 1.2, -0.01 ],
									"to": [ 0.29, 1.35, 0.09 ],
									"unwrapMode": 5,
									"uv": [ 8.0, 23.0 ],
									"rotationOrigin": [ -0.01, 1.3, -0.01 ],
									"faces": {
										"north": { "texture": "#skin", "uv": [ 8.5, 23.0, 9.0, 23.5 ], "rotation": 180 },
										"east": { "texture": "#skin", "uv": [ 9.0, 23.5, 9.5, 24.0 ], "rotation": 90 },
										"west": { "texture": "#skin", "uv": [ 8.0, 23.5, 8.5, 24.0 ], "rotation": 270 },
										"up": { "texture": "#skin", "uv": [ 8.5, 23.5, 9.0, 24.0 ] },
										"down": { "texture": "#skin", "uv": [ 9.5, 23.5, 10.0, 24.0 ] }
									},
									"children": [
										{
											"name": "R Eye2",
											"from": [ 0.0, 0.15, 0.0 ],
											"to": [ 0.3, 0.3, 0.1 ],
											"unwrapMode": 5,
											"uv": [ 10.5, 23.0 ],
											"rotationOrigin": [ 0.0, 0.2, -0.1 ],
											"faces": {
												"north": { "texture": "#skin", "uv": [ 11.0, 23.0, 11.5, 23.5 ], "rotation": 180 },
												"east": { "texture": "#skin", "uv": [ 11.5, 23.5, 12.0, 24.0 ], "rotation": 90 },
												"west": { "texture": "#skin", "uv": [ 10.5, 23.5, 11.0, 24.0 ], "rotation": 270 },
												"up": { "texture": "#skin", "uv": [ 11.0, 23.5, 11.5, 24.0 ] },
												"down": { "texture": "#skin", "uv": [ 12.0, 23.5, 12.5, 24.0 ] }
											},
											"children": [
												{
													"name": "R Pupil",
													"from": [ -0.01, -0.05, -0.01 ],
													"to": [ 0.19, 0.05, 0.09 ],
													"unwrapMode": 5,
													"uv": [ 5.0, 23.0 ],
													"rotationOrigin": [ -0.01, -0.1, -0.01 ],
													"faces": {
														"north": { "texture": "#skin", "uv": [ 5.5, 23.0, 6.0, 23.5 ], "rotation": 180, "windMode": [-1,-1,-1,-1], "windData": [1,1,1,1] },
														"east": { "texture": "#skin", "uv": [ 6.0, 23.5, 6.5, 24.0 ], "rotation": 90 },
														"west": { "texture": "#skin", "uv": [ 5.0, 23.5, 5.5, 24.0 ], "rotation": 270 },
														"up": { "texture": "#skin", "uv": [ 5.5, 23.5, 6.0, 24.0 ] },
														"down": { "texture": "#skin", "uv": [ 6.5, 23.5, 7.0, 24.0 ] }
													}
												}
											]
										}
									]
								},
								{
									"name": "R Ear",
									"from": [ 0.5, 1.2, -0.3 ],
									"to": [ 0.6, 1.6, 0.2 ],
									"unwrapMode": 4,
									"uv": [ 0.5, 2.5 ],
									"rotationOrigin": [ 0.5, 1.2, 0.1 ],
									"rotationX": -90.0,
									"rotationY": -15.0,
									"faces": {
										"north": { "texture": "#skin", "uv": [ 0.5, 3.0, 1.0, 3.5 ] },
										"east": { "texture": "#skin", "uv": [ 2.0, 3.0, 2.5, 3.5 ] },
										"south": { "texture": "#skin", "uv": [ 1.5, 3.0, 2.0, 3.5 ], "windMode": [-1,-1,-1,-1], "windData": [1,1,1,1] },
										"west": { "texture": "#skin", "uv": [ 1.0, 3.0, 1.5, 3.5 ] },
										"up": { "texture": "#skin", "uv": [ 1.0, 2.5, 1.5, 3.0 ], "rotation": 90 },
										"down": { "texture": "#skin", "uv": [ 1.0, 3.5, 1.5, 4.0 ], "rotation": 90 }
									},
									"children": [
										{
											"name": "R Ear2",
											"from": [ 0.0, 0.4, 0.0 ],
											"to": [ 0.1, 1.0, 0.3 ],
											"unwrapMode": 4,
											"uv": [ 0.5, 0.5 ],
											"rotationOrigin": [ 0.1, 0.4, 0.0 ],
											"rotationX": 10.0,
											"rotationY": 1.0,
											"faces": {
												"north": { "texture": "#skin", "uv": [ 0.5, 1.0, 1.0, 1.5 ] },
												"east": { "texture": "#skin", "uv": [ 2.0, 1.0, 2.5, 1.5 ] },
												"south": { "texture": "#skin", "uv": [ 1.5, 1.0, 2.0, 1.5 ] },
												"west": { "texture": "#skin", "uv": [ 1.0, 1.0, 1.5, 1.5 ] },
												"up": { "texture": "#skin", "uv": [ 1.0, 0.5, 1.5, 1.0 ], "rotation": 90 },
												"down": { "texture": "#skin", "uv": [ 1.0, 1.5, 1.5, 2.0 ], "rotation": 90 }
											}
										},
										{
											"name": "R Ear3",
											"from": [ 0.0, 0.4, 0.3 ],
											"to": [ 0.1, 1.0, 0.5 ],
											"unwrapMode": 4,
											"uv": [ 3.0, 0.5 ],
											"rotationOrigin": [ 0.1, 0.4, 0.5 ],
											"rotationX": -8.0,
											"rotationY": -1.0,
											"faces": {
												"north": { "texture": "#skin", "uv": [ 3.0, 1.0, 3.5, 1.5 ] },
												"east": { "texture": "#skin", "uv": [ 4.5, 1.0, 5.0, 1.5 ] },
												"south": { "texture": "#skin", "uv": [ 4.0, 1.0, 4.5, 1.5 ] },
												"west": { "texture": "#skin", "uv": [ 3.5, 1.0, 4.0, 1.5 ] },
												"up": { "texture": "#skin", "uv": [ 3.5, 0.5, 4.0, 1.0 ], "rotation": 90 },
												"down": { "texture": "#skin", "uv": [ 3.5, 1.5, 4.0, 2.0 ], "rotation": 90 }
											}
										}
									]
								},
								{
									"name": "L Eye",
									"from": [ -0.01, 1.2, 1.21 ],
									"to": [ 0.29, 1.35, 1.31 ],
									"unwrapMode": 5,
									"uv": [ 8.0, 23.5 ],
									"rotationOrigin": [ -0.01, 1.3, 1.21 ],
									"faces": {
										"east": { "texture": "#skin", "uv": [ 9.0, 23.5, 9.5, 24.0 ], "rotation": 90 },
										"south": { "texture": "#skin", "uv": [ 8.5, 24.0, 9.0, 24.5 ] },
										"west": { "texture": "#skin", "uv": [ 8.0, 23.5, 8.5, 24.0 ], "rotation": 270 },
										"up": { "texture": "#skin", "uv": [ 8.5, 23.5, 9.0, 24.0 ] },
										"down": { "texture": "#skin", "uv": [ 9.5, 23.5, 10.0, 24.0 ] }
									},
									"children": [
										{
											"name": "L Eye2",
											"from": [ 0.0, 0.15, 0.0 ],
											"to": [ 0.3, 0.3, 0.1 ],
											"unwrapMode": 5,
											"uv": [ 10.5, 23.5 ],
											"rotationOrigin": [ 0.0, 0.3, -0.1 ],
											"faces": {
												"east": { "texture": "#skin", "uv": [ 11.5, 23.5, 12.0, 24.0 ], "rotation": 90 },
												"south": { "texture": "#skin", "uv": [ 11.0, 24.0, 11.5, 24.5 ] },
												"west": { "texture": "#skin", "uv": [ 10.5, 23.5, 11.0, 24.0 ], "rotation": 270 },
												"up": { "texture": "#skin", "uv": [ 11.0, 23.5, 11.5, 24.0 ] },
												"down": { "texture": "#skin", "uv": [ 12.0, 23.5, 12.5, 24.0 ] }
											},
											"children": [
												{
													"name": "L Pupil",
													"from": [ -0.01, -0.05, 0.01 ],
													"to": [ 0.19, 0.05, 0.11 ],
													"unwrapMode": 5,
													"uv": [ 5.0, 23.5 ],
													"rotationOrigin": [ -0.01, -0.1, 0.01 ],
													"faces": {
														"east": { "texture": "#skin", "uv": [ 6.0, 23.5, 6.5, 24.0 ], "rotation": 90 },
														"south": { "texture": "#skin", "uv": [ 5.5, 24.0, 6.0, 24.5 ] },
														"west": { "texture": "#skin", "uv": [ 5.0, 23.5, 5.5, 24.0 ], "rotation": 270 },
														"up": { "texture": "#skin", "uv": [ 5.5, 23.5, 6.0, 24.0 ] },
														"down": { "texture": "#skin", "uv": [ 6.5, 23.5, 7.0, 24.0 ] }
													}
												}
											]
										}
									]
								},
								{
									"name": "Jaw",
									"from": [ -0.7, -0.1, 0.3 ],
									"to": [ 0.5, 0.6, 1.0 ],
									"unwrapMode": 5,
									"unwrapRotation": 1,
									"uv": [ 7.0, 21.5 ],
									"rotationOrigin": [ 0.5, 0.2, 0.6 ],
									"rotationZ": -12.0,
									"faces": {
										"north": { "texture": "#skin", "uv": [ 7.0, 21.5, 7.5, 22.5 ], "rotation": 270 },
										"south": { "texture": "#skin", "uv": [ 8.0, 21.5, 8.5, 22.5 ], "rotation": 90 },
										"west": { "texture": "#skin", "uv": [ 7.5, 22.5, 8.0, 23.0 ] },
										"up": { "texture": "#skin", "uv": [ 7.5, 21.5, 8.0, 22.5 ], "rotation": 90 },
										"down": { "texture": "#skin", "uv": [ 8.5, 21.5, 9.0, 22.5 ], "rotation": 270 }
									},
									"children": [
										{
											"name": "Jaw2",
											"from": [ -0.5, 0.0, 0.05 ],
											"to": [ 0.2, 0.4, 0.65 ],
											"unwrapMode": 5,
											"unwrapRotation": 1,
											"uv": [ 9.5, 21.5 ],
											"rotationOrigin": [ 0.2, 0.2, 0.35 ],
											"rotationZ": -4.0,
											"faces": {
												"north": { "texture": "#skin", "uv": [ 9.5, 21.5, 10.0, 22.0 ], "rotation": 270 },
												"south": { "texture": "#skin", "uv": [ 10.5, 21.5, 11.0, 22.0 ], "rotation": 90 },
												"west": { "texture": "#skin", "uv": [ 10.0, 22.0, 10.5, 22.5 ] },
												"up": { "texture": "#skin", "uv": [ 10.0, 21.5, 10.5, 22.0 ], "rotation": 90 },
												"down": { "texture": "#skin", "uv": [ 11.0, 21.5, 11.5, 22.0 ], "rotation": 270 }
											}
										},
										{
											"name": "Tongue",
											"from": [ -0.4, 0.3, 0.15 ],
											"to": [ 0.2, 0.6, 0.55 ],
											"unwrapMode": 7,
											"unwrapRotation": 1,
											"uv": [ 2.5, 23.5 ],
											"rotationOrigin": [ 0.2, 0.5, 0.4 ],
											"rotationZ": 20.0,
											"faces": {
												"north": { "texture": "#skin", "uv": [ 3.5, 24.0, 4.0, 24.5 ], "rotation": 90 },
												"south": { "texture": "#skin", "uv": [ 2.5, 24.0, 3.0, 24.5 ], "rotation": 270 },
												"west": { "texture": "#skin", "uv": [ 3.0, 23.5, 3.5, 24.0 ], "rotation": 180 },
												"up": { "texture": "#skin", "uv": [ 3.0, 24.0, 3.5, 24.5 ], "rotation": 270 },
												"down": { "texture": "#skin", "uv": [ 4.0, 24.0, 4.5, 24.5 ], "rotation": 90 }
											}
										}
									]
								},
								{
									"name": "AntlerBase",
									"from": [ 0.3, 1.4, 0.6 ],
									"to": [ 0.3, 1.4, 0.6 ],
									"uv": [ 0.0, 0.0 ],
									"rotationOrigin": [ 0.3, 1.4, 0.6 ],
									"faces": {
									}
								}
							]
						}
					],
					"attachmentpoints": [
						{
							"code": "rope",
							"posX": "0.0","posY": "2.0","posZ": "1.1",
							"rotationX": "0.0","rotationY": "0.0","rotationZ": "0.0"
						}
					]
				}
			]
		}
	]}