{
	"editor": {
		"collapsedPaths": "Root/origin/Cube1",
		"allAngles": false,
		"entityTextureMode": false
	},
	"textureWidth": 16,
	"textureHeight": 16,
	"textureSizes": {
		"metal": [16,16],
		"linen": [16,16],
		"handle": [8,8]
	},
	"textures": {
	},
	"elements": [
		{
			"name": "origin",
			"from": [ 9.0, 0.5, 7.5 ],
			"to": [ 9.0, 0.5, 7.5 ],
			"rotationOrigin": [ 7.5, 0.0, 8.0 ],
			"faces": {
				"north": { "texture": "#metal", "uv": [ 0.0, 0.0, 0.5, 0.5 ] },
				"east": { "texture": "#metal", "uv": [ 0.0, 0.0, 0.5, 0.5 ] },
				"south": { "texture": "#metal", "uv": [ 0.0, 0.0, 0.5, 0.5 ] },
				"west": { "texture": "#metal", "uv": [ 0.0, 0.0, 0.5, 0.5 ] },
				"up": { "texture": "#metal", "uv": [ 0.0, 0.0, 0.5, 0.5 ] },
				"down": { "texture": "#metal", "uv": [ 0.0, 0.0, 0.5, 0.5 ] }
			},
			"children": [
				{
					"name": "Cube1",
					"from": [ 4.3, -1.0, -0.5 ],
					"to": [ 4.8, -0.5, 0.0 ],
					"rotationOrigin": [ 4.3, -1.0, -0.5 ],
					"rotationZ": -90.0,
					"faces": {
					},
					"children": [
						{
							"name": "Frame",
							"from": [ -3.0, 0.0, -3.25 ],
							"to": [ 1.5, 0.125, -2.75 ],
							"rotationOrigin": [ -3.0, 0.0, -3.0 ],
							"faces": {
							},
							"children": [
								{
									"name": "origin9",
									"from": [ 6.5, 0.0, 0.25 ],
									"to": [ 6.5, 0.0, 0.25 ],
									"rotationOrigin": [ 4.0, -0.25, 0.5 ],
									"rotationX": -180.0,
									"rotationY": -45.0,
									"rotationZ": -180.0,
									"faces": {
										"north": { "texture": "#metal", "uv": [ 0.0, 0.0, 0.25, 0.25 ] },
										"east": { "texture": "#metal", "uv": [ 0.0, 0.0, 0.25, 0.25 ] },
										"south": { "texture": "#metal", "uv": [ 0.0, 0.0, 0.25, 0.25 ] },
										"west": { "texture": "#metal", "uv": [ 0.0, 0.0, 0.25, 0.25 ] },
										"up": { "texture": "#metal", "uv": [ 0.0, 0.0, 0.25, 0.25 ] },
										"down": { "texture": "#metal", "uv": [ 0.0, 0.0, 0.25, 0.25 ] }
									},
									"children": [
										{
											"name": "Frame10",
											"from": [ -3.0, 0.125, 0.25 ],
											"to": [ 0.5, 0.25, 0.75 ],
											"rotationOrigin": [ -3.0, 0.0, 0.0 ],
											"faces": {
												"north": { "texture": "#metal", "uv": [ 0.0, 0.0, 3.5, 0.25 ] },
												"east": { "texture": "#metal", "uv": [ 0.0, 0.0, 0.5, 0.25 ] },
												"south": { "texture": "#metal", "uv": [ 0.0, 0.0, 3.5, 0.25 ] },
												"west": { "texture": "#metal", "uv": [ 0.0, 0.0, 0.5, 0.25 ] },
												"up": { "texture": "#metal", "uv": [ 0.0, 0.0, 3.5, 0.5 ] },
												"down": { "texture": "#metal", "uv": [ 0.0, 0.0, 3.5, 0.5 ] }
											}
										}
									]
								},
								{
									"name": "origin7",
									"from": [ 3.0, -0.25, -0.25 ],
									"to": [ 3.0, -0.25, -0.25 ],
									"rotationOrigin": [ 0.25, -0.25, 0.0 ],
									"rotationY": -45.0,
									"faces": {
										"north": { "texture": "#metal", "uv": [ 0.0, 0.0, 0.25, 0.25 ] },
										"east": { "texture": "#metal", "uv": [ 0.0, 0.0, 0.25, 0.25 ] },
										"south": { "texture": "#metal", "uv": [ 0.0, 0.0, 0.25, 0.25 ] },
										"west": { "texture": "#metal", "uv": [ 0.0, 0.0, 0.25, 0.25 ] },
										"up": { "texture": "#metal", "uv": [ 0.0, 0.0, 0.25, 0.25 ] },
										"down": { "texture": "#metal", "uv": [ 0.0, 0.0, 0.25, 0.25 ] }
									},
									"children": [
										{
											"name": "Frame8",
											"from": [ -3.0, 0.125, 0.25 ],
											"to": [ 0.5, 0.25, 0.75 ],
											"rotationOrigin": [ -3.0, 0.0, 0.0 ],
											"faces": {
												"north": { "texture": "#metal", "uv": [ 0.0, 0.0, 3.5, 0.25 ] },
												"east": { "texture": "#metal", "uv": [ 0.0, 0.0, 0.5, 0.25 ] },
												"south": { "texture": "#metal", "uv": [ 0.0, 0.0, 3.5, 0.25 ] },
												"west": { "texture": "#metal", "uv": [ 0.0, 0.0, 0.5, 0.25 ] },
												"up": { "texture": "#metal", "uv": [ 0.0, 0.0, 3.5, 0.5 ] },
												"down": { "texture": "#metal", "uv": [ 0.0, 0.0, 3.5, 0.5 ] }
											}
										}
									]
								}
							]
						},
						{
							"name": "Frame9",
							"from": [ -3.0, 0.0, 0.75 ],
							"to": [ 1.5, 0.125, 1.25 ],
							"rotationOrigin": [ -3.0, 0.0, 1.0 ],
							"rotationX": 180.0,
							"faces": {
							},
							"children": [
								{
									"name": "origin10",
									"from": [ 6.5, 0.0, 0.25 ],
									"to": [ 6.5, 0.0, 0.25 ],
									"rotationOrigin": [ 4.0, -0.25, 0.5 ],
									"rotationX": -180.0,
									"rotationY": -45.0,
									"rotationZ": -180.0,
									"faces": {
										"north": { "texture": "#metal", "uv": [ 0.0, 0.0, 0.25, 0.25 ] },
										"east": { "texture": "#metal", "uv": [ 0.0, 0.0, 0.25, 0.25 ] },
										"south": { "texture": "#metal", "uv": [ 0.0, 0.0, 0.25, 0.25 ] },
										"west": { "texture": "#metal", "uv": [ 0.0, 0.0, 0.25, 0.25 ] },
										"up": { "texture": "#metal", "uv": [ 0.0, 0.0, 0.25, 0.25 ] },
										"down": { "texture": "#metal", "uv": [ 0.0, 0.0, 0.25, 0.25 ] }
									},
									"children": [
										{
											"name": "Frame11",
											"from": [ -3.0, 0.125, 0.25 ],
											"to": [ 0.5, 0.25, 0.75 ],
											"rotationOrigin": [ -3.0, 0.0, 0.0 ],
											"faces": {
												"north": { "texture": "#metal", "uv": [ 0.0, 0.0, 3.5, 0.25 ] },
												"east": { "texture": "#metal", "uv": [ 0.0, 0.0, 0.5, 0.25 ] },
												"south": { "texture": "#metal", "uv": [ 0.0, 0.0, 3.5, 0.25 ] },
												"west": { "texture": "#metal", "uv": [ 0.0, 0.0, 0.5, 0.25 ] },
												"up": { "texture": "#metal", "uv": [ 0.0, 0.0, 3.5, 0.5 ] },
												"down": { "texture": "#metal", "uv": [ 0.0, 0.0, 3.5, 0.5 ] }
											}
										}
									]
								},
								{
									"name": "origin12",
									"from": [ 3.0, -0.25, -0.25 ],
									"to": [ 3.0, -0.25, -0.25 ],
									"rotationOrigin": [ 0.25, -0.25, 0.0 ],
									"rotationY": -45.0,
									"faces": {
										"north": { "texture": "#metal", "uv": [ 0.0, 0.0, 0.25, 0.25 ] },
										"east": { "texture": "#metal", "uv": [ 0.0, 0.0, 0.25, 0.25 ] },
										"south": { "texture": "#metal", "uv": [ 0.0, 0.0, 0.25, 0.25 ] },
										"west": { "texture": "#metal", "uv": [ 0.0, 0.0, 0.25, 0.25 ] },
										"up": { "texture": "#metal", "uv": [ 0.0, 0.0, 0.25, 0.25 ] },
										"down": { "texture": "#metal", "uv": [ 0.0, 0.0, 0.25, 0.25 ] }
									},
									"children": [
										{
											"name": "Frame13",
											"from": [ -3.0, 0.125, 0.25 ],
											"to": [ 0.5, 0.25, 0.75 ],
											"rotationOrigin": [ -3.0, 0.0, 0.0 ],
											"faces": {
												"north": { "texture": "#metal", "uv": [ 0.0, 0.0, 3.5, 0.25 ] },
												"east": { "texture": "#metal", "uv": [ 0.0, 0.0, 0.5, 0.25 ] },
												"south": { "texture": "#metal", "uv": [ 0.0, 0.0, 3.5, 0.25 ] },
												"west": { "texture": "#metal", "uv": [ 0.0, 0.0, 0.5, 0.25 ] },
												"up": { "texture": "#metal", "uv": [ 0.0, 0.0, 3.5, 0.5 ] },
												"down": { "texture": "#metal", "uv": [ 0.0, 0.0, 3.5, 0.5 ] }
											}
										}
									]
								}
							]
						},
						{
							"name": "Frame14",
							"from": [ -3.0, 0.0, 0.75 ],
							"to": [ 1.5, 0.125, 1.25 ],
							"rotationOrigin": [ -3.0, 0.0, 1.0 ],
							"faces": {
							},
							"children": [
								{
									"name": "origin15",
									"from": [ 6.5, 0.0, 0.25 ],
									"to": [ 6.5, 0.0, 0.25 ],
									"rotationOrigin": [ 4.0, -0.25, 0.5 ],
									"rotationX": -180.0,
									"rotationY": -45.0,
									"rotationZ": -180.0,
									"faces": {
										"north": { "texture": "#metal", "uv": [ 0.0, 0.0, 0.25, 0.25 ] },
										"east": { "texture": "#metal", "uv": [ 0.0, 0.0, 0.25, 0.25 ] },
										"south": { "texture": "#metal", "uv": [ 0.0, 0.0, 0.25, 0.25 ] },
										"west": { "texture": "#metal", "uv": [ 0.0, 0.0, 0.25, 0.25 ] },
										"up": { "texture": "#metal", "uv": [ 0.0, 0.0, 0.25, 0.25 ] },
										"down": { "texture": "#metal", "uv": [ 0.0, 0.0, 0.25, 0.25 ] }
									},
									"children": [
										{
											"name": "Frame16",
											"from": [ -3.0, 0.125, 0.25 ],
											"to": [ 0.5, 0.25, 0.75 ],
											"rotationOrigin": [ -3.0, 0.0, 0.0 ],
											"faces": {
												"north": { "texture": "#metal", "uv": [ 0.0, 0.0, 3.5, 0.25 ] },
												"east": { "texture": "#metal", "uv": [ 0.0, 0.0, 0.5, 0.25 ] },
												"south": { "texture": "#metal", "uv": [ 0.0, 0.0, 3.5, 0.25 ] },
												"west": { "texture": "#metal", "uv": [ 0.0, 0.0, 0.5, 0.25 ] },
												"up": { "texture": "#metal", "uv": [ 0.0, 0.0, 3.5, 0.5 ] },
												"down": { "texture": "#metal", "uv": [ 0.0, 0.0, 3.5, 0.5 ] }
											}
										}
									]
								},
								{
									"name": "origin17",
									"from": [ 3.0, -0.25, -0.25 ],
									"to": [ 3.0, -0.25, -0.25 ],
									"rotationOrigin": [ 0.25, -0.25, 0.0 ],
									"rotationY": -45.0,
									"faces": {
										"north": { "texture": "#metal", "uv": [ 0.0, 0.0, 0.25, 0.25 ] },
										"east": { "texture": "#metal", "uv": [ 0.0, 0.0, 0.25, 0.25 ] },
										"south": { "texture": "#metal", "uv": [ 0.0, 0.0, 0.25, 0.25 ] },
										"west": { "texture": "#metal", "uv": [ 0.0, 0.0, 0.25, 0.25 ] },
										"up": { "texture": "#metal", "uv": [ 0.0, 0.0, 0.25, 0.25 ] },
										"down": { "texture": "#metal", "uv": [ 0.0, 0.0, 0.25, 0.25 ] }
									},
									"children": [
										{
											"name": "Frame18",
											"from": [ -3.0, 0.125, 0.25 ],
											"to": [ 0.5, 0.25, 0.75 ],
											"rotationOrigin": [ -3.0, 0.0, 0.0 ],
											"faces": {
												"north": { "texture": "#metal", "uv": [ 0.0, 0.0, 3.5, 0.25 ] },
												"east": { "texture": "#metal", "uv": [ 0.0, 0.0, 0.5, 0.25 ] },
												"south": { "texture": "#metal", "uv": [ 0.0, 0.0, 3.5, 0.25 ] },
												"west": { "texture": "#metal", "uv": [ 0.0, 0.0, 0.5, 0.25 ] },
												"up": { "texture": "#metal", "uv": [ 0.0, 0.0, 3.5, 0.5 ] },
												"down": { "texture": "#metal", "uv": [ 0.0, 0.0, 3.5, 0.5 ] }
											}
										}
									]
								}
							]
						},
						{
							"name": "Frame19",
							"from": [ -3.0, 0.0, 4.75 ],
							"to": [ 1.5, 0.125, 5.25 ],
							"rotationOrigin": [ -3.0, 0.0, 5.0 ],
							"rotationX": 180.0,
							"faces": {
							},
							"children": [
								{
									"name": "origin20",
									"from": [ 6.5, 0.0, 0.25 ],
									"to": [ 6.5, 0.0, 0.25 ],
									"rotationOrigin": [ 4.0, -0.25, 0.5 ],
									"rotationX": -180.0,
									"rotationY": -45.0,
									"rotationZ": -180.0,
									"faces": {
										"north": { "texture": "#metal", "uv": [ 0.0, 0.0, 0.25, 0.25 ] },
										"east": { "texture": "#metal", "uv": [ 0.0, 0.0, 0.25, 0.25 ] },
										"south": { "texture": "#metal", "uv": [ 0.0, 0.0, 0.25, 0.25 ] },
										"west": { "texture": "#metal", "uv": [ 0.0, 0.0, 0.25, 0.25 ] },
										"up": { "texture": "#metal", "uv": [ 0.0, 0.0, 0.25, 0.25 ] },
										"down": { "texture": "#metal", "uv": [ 0.0, 0.0, 0.25, 0.25 ] }
									},
									"children": [
										{
											"name": "Frame21",
											"from": [ -3.0, 0.125, 0.25 ],
											"to": [ 0.5, 0.25, 0.75 ],
											"rotationOrigin": [ -3.0, 0.0, 0.0 ],
											"faces": {
												"north": { "texture": "#metal", "uv": [ 0.0, 0.0, 3.5, 0.25 ] },
												"east": { "texture": "#metal", "uv": [ 0.0, 0.0, 0.5, 0.25 ] },
												"south": { "texture": "#metal", "uv": [ 0.0, 0.0, 3.5, 0.25 ] },
												"west": { "texture": "#metal", "uv": [ 0.0, 0.0, 0.5, 0.25 ] },
												"up": { "texture": "#metal", "uv": [ 0.0, 0.0, 3.5, 0.5 ] },
												"down": { "texture": "#metal", "uv": [ 0.0, 0.0, 3.5, 0.5 ] }
											}
										}
									]
								},
								{
									"name": "origin22",
									"from": [ 3.0, -0.25, -0.25 ],
									"to": [ 3.0, -0.25, -0.25 ],
									"rotationOrigin": [ 0.25, -0.25, 0.0 ],
									"rotationY": -45.0,
									"faces": {
										"north": { "texture": "#metal", "uv": [ 0.0, 0.0, 0.25, 0.25 ] },
										"east": { "texture": "#metal", "uv": [ 0.0, 0.0, 0.25, 0.25 ] },
										"south": { "texture": "#metal", "uv": [ 0.0, 0.0, 0.25, 0.25 ] },
										"west": { "texture": "#metal", "uv": [ 0.0, 0.0, 0.25, 0.25 ] },
										"up": { "texture": "#metal", "uv": [ 0.0, 0.0, 0.25, 0.25 ] },
										"down": { "texture": "#metal", "uv": [ 0.0, 0.0, 0.25, 0.25 ] }
									},
									"children": [
										{
											"name": "Frame23",
											"from": [ -3.0, 0.125, 0.25 ],
											"to": [ 0.5, 0.25, 0.75 ],
											"rotationOrigin": [ -3.0, 0.0, 0.0 ],
											"faces": {
												"north": { "texture": "#metal", "uv": [ 0.0, 0.0, 3.5, 0.25 ] },
												"east": { "texture": "#metal", "uv": [ 0.0, 0.0, 0.5, 0.25 ] },
												"south": { "texture": "#metal", "uv": [ 0.0, 0.0, 3.5, 0.25 ] },
												"west": { "texture": "#metal", "uv": [ 0.0, 0.0, 0.5, 0.25 ] },
												"up": { "texture": "#metal", "uv": [ 0.0, 0.0, 3.5, 0.5 ] },
												"down": { "texture": "#metal", "uv": [ 0.0, 0.0, 3.5, 0.5 ] }
											}
										}
									]
								}
							]
						},
						{
							"name": "Stylus",
							"from": [ -3.0, -0.5, 1.0 ],
							"to": [ -2.75, 1.5, 1.25 ],
							"rotationOrigin": [ -3.0, -1.0, 1.0 ],
							"faces": {
								"north": { "texture": "#metal", "uv": [ 0.0, 0.0, 0.5, 2.0 ] },
								"east": { "texture": "#metal", "uv": [ 0.0, 0.0, 0.5, 2.0 ] },
								"south": { "texture": "#metal", "uv": [ 0.0, 0.0, 0.5, 2.0 ] },
								"west": { "texture": "#metal", "uv": [ 0.0, 0.0, 0.5, 2.0 ] },
								"up": { "texture": "#metal", "uv": [ 0.0, 0.0, 0.5, 0.5 ] },
								"down": { "texture": "#metal", "uv": [ 0.0, 0.0, 0.5, 0.5 ] }
							}
						},
						{
							"name": "Stylus26",
							"from": [ -3.0, -0.5, 5.0 ],
							"to": [ -2.75, 1.5, 5.25 ],
							"rotationOrigin": [ -3.0, -1.0, 5.0 ],
							"faces": {
								"north": { "texture": "#metal", "uv": [ 0.0, 0.0, 0.5, 2.0 ] },
								"east": { "texture": "#metal", "uv": [ 0.0, 0.0, 0.5, 2.0 ] },
								"south": { "texture": "#metal", "uv": [ 0.0, 0.0, 0.5, 2.0 ] },
								"west": { "texture": "#metal", "uv": [ 0.0, 0.0, 0.5, 2.0 ] },
								"up": { "texture": "#metal", "uv": [ 0.0, 0.0, 0.5, 0.5 ] },
								"down": { "texture": "#metal", "uv": [ 0.0, 0.0, 0.5, 0.5 ] }
							}
						}
					]
				}
			]
		},
		{
			"name": "origin",
			"from": [ 9.0, 0.5, 7.5 ],
			"to": [ 9.0, 0.5, 7.5 ],
			"rotationOrigin": [ 7.5, 0.0, 8.0 ],
			"faces": {
				"north": { "texture": "#string", "uv": [ 0.0, 0.0, 0.5, 0.5 ] },
				"east": { "texture": "#string", "uv": [ 0.0, 0.0, 0.5, 0.5 ] },
				"south": { "texture": "#string", "uv": [ 0.0, 0.0, 0.5, 0.5 ] },
				"west": { "texture": "#string", "uv": [ 0.0, 0.0, 0.5, 0.5 ] },
				"up": { "texture": "#string", "uv": [ 0.0, 0.0, 0.5, 0.5 ] },
				"down": { "texture": "#string", "uv": [ 0.0, 0.0, 0.5, 0.5 ] }
			},
			"children": [
				{
					"name": "Handle",
					"from": [ -6.0, -0.5, -0.1 ],
					"to": [ 2.0, 0.7, 1.1 ],
					"rotationOrigin": [ -2.0, 0.0, 0.5 ],
					"faces": {
						"north": { "texture": "#metal", "uv": [ 0.0, 5.5, 8.0, 6.5 ] },
						"east": { "texture": "#metal", "uv": [ 0.5, 0.5, 1.5, 1.5 ] },
						"south": { "texture": "#metal", "uv": [ 0.0, 10.5, 8.0, 11.5 ] },
						"west": { "texture": "#metal", "uv": [ 14.0, 10.0, 15.0, 11.0 ] },
						"up": { "texture": "#metal", "uv": [ 0.0, 2.5, 8.0, 3.5 ] },
						"down": { "texture": "#metal", "uv": [ 0.0, 5.0, 8.0, 6.0 ] }
					},
					"children": [
						{
							"name": "RampU",
							"from": [ 8.0, 0.8, 0.0 ],
							"to": [ 10.0, 1.2, 1.2 ],
							"rotationOrigin": [ 8.0, 1.2, 0.0 ],
							"rotationZ": -11.5,
							"faces": {
								"north": { "texture": "#metal", "uv": [ 12.0, 1.0, 14.0, 1.5 ] },
								"east": { "texture": "#metal", "uv": [ 11.0, 12.0, 12.0, 12.5 ] },
								"south": { "texture": "#metal", "uv": [ 8.0, 12.0, 10.0, 12.5 ] },
								"west": { "texture": "#metal", "uv": [ 10.0, 11.0, 11.0, 11.5 ] },
								"up": { "texture": "#metal", "uv": [ 6.0, 14.0, 8.0, 15.0 ] },
								"down": { "texture": "#metal", "uv": [ 4.0, 5.0, 6.0, 6.0 ] }
							}
						},
						{
							"name": "RampD",
							"from": [ 8.0, 0.0, 0.0 ],
							"to": [ 10.0, 0.4, 1.2 ],
							"rotationOrigin": [ 8.0, 0.0, 0.0 ],
							"rotationZ": 11.5,
							"faces": {
								"north": { "texture": "#metal", "uv": [ 12.0, 1.0, 14.0, 1.5 ] },
								"east": { "texture": "#metal", "uv": [ 11.0, 12.0, 12.0, 12.5 ] },
								"south": { "texture": "#metal", "uv": [ 8.0, 12.0, 10.0, 12.5 ] },
								"west": { "texture": "#metal", "uv": [ 10.0, 11.0, 11.0, 11.5 ] },
								"up": { "texture": "#metal", "uv": [ 6.0, 14.0, 8.0, 15.0 ] },
								"down": { "texture": "#metal", "uv": [ 4.0, 5.0, 6.0, 6.0 ] }
							}
						},
						{
							"name": "Blade",
							"from": [ 8.0, 0.45, -1.1 ],
							"to": [ 11.0, 0.75, 2.4 ],
							"rotationOrigin": [ 8.0, 0.0, -1.0 ],
							"faces": {
								"north": { "texture": "#metal", "uv": [ 0.0, 0.0, 3.0, 0.5 ] },
								"east": { "texture": "#metal", "uv": [ 0.0, 0.0, 3.5, 0.5 ] },
								"south": { "texture": "#metal", "uv": [ 0.0, 0.0, 3.0, 0.5 ] },
								"west": { "texture": "#metal", "uv": [ 0.0, 0.0, 3.5, 0.5 ] },
								"up": { "texture": "#metal", "uv": [ 2.0, 1.5, 5.0, 5.0 ] },
								"down": { "texture": "#metal", "uv": [ 1.5, 1.5, 4.5, 5.0 ] }
							}
						},
						{
							"name": "Blade Tip 1",
							"from": [ 11.0, 0.65, -1.1 ],
							"to": [ 11.55, 0.75, 2.4 ],
							"rotationOrigin": [ 11.0, 0.75, 0.6 ],
							"rotationZ": -14.0,
							"faces": {
								"north": { "texture": "#metal", "uv": [ 0.0, 0.0, 0.5, 0.5 ] },
								"east": { "texture": "#metal", "uv": [ 1.0, 0.0, 4.5, 0.5 ] },
								"south": { "texture": "#metal", "uv": [ 0.0, 0.0, 0.5, 0.5 ] },
								"west": { "texture": "#metal", "uv": [ 1.0, 0.0, 4.5, 0.5 ] },
								"up": { "texture": "#metal", "uv": [ 0.5, 6.5, 1.0, 10.0 ] },
								"down": { "texture": "#metal", "uv": [ 0.0, 5.0, 0.5, 8.5 ] }
							}
						},
						{
							"name": "Blade Tip ",
							"from": [ 11.0, 0.45, -1.1 ],
							"to": [ 11.5, 0.625, 2.4 ],
							"rotationOrigin": [ 11.0, 0.8, 0.6 ],
							"faces": {
								"north": { "texture": "#metal", "uv": [ 0.0, 0.0, 0.5, 0.5 ] },
								"east": { "texture": "#metal", "uv": [ 5.0, 0.0, 8.5, 0.5 ] },
								"south": { "texture": "#metal", "uv": [ 0.0, 0.0, 0.5, 0.5 ] },
								"west": { "texture": "#metal", "uv": [ 4.0, 0.0, 7.5, 0.5 ] },
								"down": { "texture": "#metal", "uv": [ 0.0, 0.0, 0.5, 3.5 ] }
							}
						}
					]
				}
			]
		},
		{
			"name": "origin",
			"from": [ 9.0, 0.5, 7.5 ],
			"to": [ 9.0, 0.5, 7.5 ],
			"rotationOrigin": [ 7.5, 0.0, 8.0 ],
			"faces": {
				"north": { "texture": "#string", "uv": [ 0.0, 0.0, 0.5, 0.5 ] },
				"east": { "texture": "#string", "uv": [ 0.0, 0.0, 0.5, 0.5 ] },
				"south": { "texture": "#string", "uv": [ 0.0, 0.0, 0.5, 0.5 ] },
				"west": { "texture": "#string", "uv": [ 0.0, 0.0, 0.5, 0.5 ] },
				"up": { "texture": "#string", "uv": [ 0.0, 0.0, 0.5, 0.5 ] },
				"down": { "texture": "#string", "uv": [ 0.0, 0.0, 0.5, 0.5 ] }
			},
			"children": [
				{
					"name": "Handle",
					"from": [ -6.0, -0.5, -0.1 ],
					"to": [ 2.0, 0.7, 1.1 ],
					"rotationOrigin": [ -2.0, 0.0, 0.5 ],
					"faces": {
						"north": { "texture": "#metal", "uv": [ 0.0, 5.5, 8.0, 6.5 ] },
						"east": { "texture": "#metal", "uv": [ 0.5, 0.5, 1.5, 1.5 ] },
						"south": { "texture": "#metal", "uv": [ 0.0, 10.5, 8.0, 11.5 ] },
						"west": { "texture": "#metal", "uv": [ 14.0, 10.0, 15.0, 11.0 ] },
						"up": { "texture": "#metal", "uv": [ 0.0, 2.5, 8.0, 3.5 ] },
						"down": { "texture": "#metal", "uv": [ 0.0, 5.0, 8.0, 6.0 ] }
					},
					"children": [
						{
							"name": "RampU",
							"from": [ 8.0, 0.9, 0.0 ],
							"to": [ 10.0, 1.2, 1.2 ],
							"rotationOrigin": [ 8.0, 0.8, 0.0 ],
							"rotationZ": 22.5,
							"faces": {
								"north": { "texture": "#metal", "uv": [ 12.0, 1.0, 14.0, 1.5 ] },
								"east": { "texture": "#metal", "uv": [ 11.0, 12.0, 12.0, 12.5 ] },
								"south": { "texture": "#metal", "uv": [ 8.0, 12.0, 10.0, 12.5 ] },
								"west": { "texture": "#metal", "uv": [ 10.0, 11.0, 11.0, 11.5 ] },
								"up": { "texture": "#metal", "uv": [ 6.0, 14.0, 8.0, 15.0 ] },
								"down": { "texture": "#metal", "uv": [ 4.0, 5.0, 6.0, 6.0 ] }
							}
						},
						{
							"name": "RampD",
							"from": [ 8.0, 0.0, 0.0 ],
							"to": [ 10.0, 0.3, 1.2 ],
							"rotationOrigin": [ 8.0, 0.5, 0.0 ],
							"rotationZ": -22.5,
							"faces": {
								"north": { "texture": "#metal", "uv": [ 12.0, 1.0, 14.0, 1.5 ] },
								"east": { "texture": "#metal", "uv": [ 11.0, 12.0, 12.0, 12.5 ] },
								"south": { "texture": "#metal", "uv": [ 8.0, 12.0, 10.0, 12.5 ] },
								"west": { "texture": "#metal", "uv": [ 10.0, 11.0, 11.0, 11.5 ] },
								"up": { "texture": "#metal", "uv": [ 6.0, 14.0, 8.0, 15.0 ] },
								"down": { "texture": "#metal", "uv": [ 4.0, 5.0, 6.0, 6.0 ] }
							}
						},
						{
							"name": "Blade",
							"from": [ 8.55, 0.0, -1.4 ],
							"to": [ 12.55, 0.2, 2.6 ],
							"rotationOrigin": [ 10.0, 0.0, 0.6 ],
							"rotationZ": 90.0,
							"faces": {
								"north": { "texture": "#metal", "uv": [ 0.0, 0.0, 4.0, 0.5 ] },
								"east": { "texture": "#metal", "uv": [ 0.0, 0.0, 4.0, 0.5 ] },
								"south": { "texture": "#metal", "uv": [ 0.0, 0.0, 4.0, 0.5 ] },
								"west": { "texture": "#metal", "uv": [ 0.0, 0.0, 4.0, 0.5 ] },
								"up": { "texture": "#metal", "uv": [ 2.0, 1.5, 6.0, 5.5 ] },
								"down": { "texture": "#metal", "uv": [ 1.5, 1.5, 5.5, 5.5 ] }
							}
						},
						{
							"name": "Support",
							"from": [ 8.8, 0.2, 0.0 ],
							"to": [ 12.3, 0.3, 1.2 ],
							"rotationOrigin": [ 10.0, 0.0, 0.0 ],
							"rotationZ": 90.0,
							"faces": {
								"north": { "texture": "#metal", "uv": [ 0.0, 0.0, 3.5, 0.5 ] },
								"east": { "texture": "#metal", "uv": [ 0.0, 0.0, 1.0, 0.5 ] },
								"south": { "texture": "#metal", "uv": [ 0.0, 0.0, 3.5, 0.5 ] },
								"west": { "texture": "#metal", "uv": [ 0.0, 0.0, 1.0, 0.5 ] },
								"up": { "texture": "#metal", "uv": [ 2.0, 1.5, 5.5, 2.5 ] },
								"down": { "texture": "#metal", "uv": [ 1.5, 1.5, 5.0, 2.5 ] }
							}
						},
						{
							"name": "Support10",
							"from": [ 7.9, 1.2, 0.3 ],
							"to": [ 9.3, 1.3, 0.9 ],
							"rotationOrigin": [ 9.0, 1.0, 0.0 ],
							"rotationZ": 90.0,
							"faces": {
								"north": { "texture": "#metal", "uv": [ 0.0, 0.0, 1.0, 0.5 ] },
								"east": { "texture": "#metal", "uv": [ 0.0, 0.0, 0.5, 0.5 ] },
								"south": { "texture": "#metal", "uv": [ 0.0, 0.0, 1.0, 0.5 ] },
								"west": { "texture": "#metal", "uv": [ 0.0, 0.0, 0.5, 0.5 ] },
								"up": { "texture": "#metal", "uv": [ 2.0, 1.5, 3.0, 2.0 ] },
								"down": { "texture": "#metal", "uv": [ 1.5, 1.5, 2.5, 2.0 ] }
							}
						}
					]
				},
				{
					"name": "Handle Linen",
					"from": [ -5.0, -0.55, -0.15 ],
					"to": [ -1.0, 0.75, 1.15 ],
					"rotationOrigin": [ -1.0, 0.0, 0.5 ],
					"faces": {
						"north": { "texture": "#linen", "uv": [ 0.0, 6.0, 4.0, 7.0 ] },
						"south": { "texture": "#linen", "uv": [ 1.75, 3.5, 5.75, 4.5 ] },
						"up": { "texture": "#linen", "uv": [ 2.25, 3.0, 6.25, 4.0 ] },
						"down": { "texture": "#linen", "uv": [ 2.0, 3.5, 6.0, 4.5 ] }
					}
				},
				{
					"name": "Handle Wood 1",
					"from": [ -5.3, -0.57, -0.17 ],
					"to": [ -5.0, 0.78, 1.18 ],
					"rotationOrigin": [ -5.0, 0.0, 0.5 ],
					"faces": {
						"north": { "texture": "#wood", "uv": [ 2.25, 5.5, 2.5, 6.75 ] },
						"east": { "texture": "#wood", "uv": [ 2.75, 2.75, 4.0, 4.0 ] },
						"south": { "texture": "#wood", "uv": [ 3.5, 2.5, 3.75, 3.75 ] },
						"west": { "texture": "#wood", "uv": [ 4.25, 2.75, 5.5, 4.0 ] },
						"up": { "texture": "#wood", "uv": [ 4.25, 3.75, 4.5, 5.0 ] },
						"down": { "texture": "#wood", "uv": [ 3.75, 3.25, 4.0, 4.5 ] }
					}
				},
				{
					"name": "Handle Wood 2",
					"from": [ -1.2, -0.57, -0.17 ],
					"to": [ -0.9, 0.78, 1.18 ],
					"rotationOrigin": [ -1.0, 0.0, 0.5 ],
					"faces": {
						"north": { "texture": "#wood", "uv": [ 2.75, 5.0, 3.0, 6.25 ] },
						"east": { "texture": "#wood", "uv": [ 1.0, 1.5, 2.25, 2.75 ] },
						"south": { "texture": "#wood", "uv": [ 2.25, 3.25, 2.5, 4.5 ] },
						"west": { "texture": "#wood", "uv": [ 5.25, 3.25, 6.5, 4.5 ] },
						"up": { "texture": "#wood", "uv": [ 0.0, 2.5, 0.25, 3.75 ] },
						"down": { "texture": "#wood", "uv": [ 0.0, 5.0, 0.25, 6.25 ] }
					}
				}
			]
		}
	]}