{
	"code": "clothes",
	"class": "ItemWearable",
	"variantgroups": [
		{ "code": "category",  "states": ["upperbody"] },
		{ "code": "upperbody", combine: "SelectiveMultiply","onVariant": "category", "states": ["puffedwhiteblue", "puffeddarkblue" ] }
	],
"shapeByType": {
		"*": { "base": "entity/humanoid/seraph/clothing/upperbody/puffedsleeves"} 
	},
	"storageFlags": 128,
	"attributesByType": {
		"*": {
			"wearableAttachment": true,
			"clothescategory": "UpperBody"
		}
	},
	"textures": {
			"seraph": { "base": "game:block/transparent" },
			"puffedwhiteblue": { "base": "entity/humanoid/seraphclothes/upperbody/{upperbody}" }
	},
	"creativeinventory": { "general": ["*"], "items": ["*"], "clothing": ["*"] },
	"renderAlphaTest": 0.25,
	"fpHandTransform": {
		"translation": { "x": 0.6, "y": -1.8, "z": -0.5 },
		"rotation": { "x": 180, "y": -108, "z": -180 },
		"origin": { "x": 0.5, "y": 1.6, "z": 0.5 },
		"scale": 2.15
	},
	"tpHandTransform": {
		"translation": { "x": -0.89, "y": -2.6, "z": -0.4 },
		"rotation": { "x": -109, "y": -80, "z": 17 },
		"origin": { "x": 0.5, "y": 1.5, "z": 0.5 },
		"scale": 0.63
	},
	"guiTransform": {
		translation: { x: 0, y: 0, z: 0 },
		rotation: { x: -82, y: -87, z: 89 },
		origin: { x: 5.52, y: 1.9, z: 0.44 },
		scale: 1.75
	},
	"groundTransform": {
		"translation": { "x": 0.05, "y": -0.3, "z": 0 },
		"rotation": { "x": 0, "y": 0, "z": 0 },
		"scale": 2
	}
}