{
  "editor": {
    "allAngles": false,
    "entityTextureMode": false
  },
  "textureWidth": 16,
  "textureHeight": 16,
  "textureSizes": {},
  "textures": {
    "s4": "cropsv2:block/plant/crop/beet/s4",
    "s5": "cropsv2:block/plant/crop/beet/s5",
    "bulb": "cropsv2:block/plant/crop/beet/bulb",
    "e4": "cropsv2:block/plant/crop/beet/e4"
  },
  "elements": [
    {
      "name": "beet 1",
      "from": [3.5, 0.0, 6.5],
      "to": [5.5, 0.5, 8.5],
      "rotationOrigin": [4.5, 0.0, 7.5],
      "rotationY": 22.5,
      "faces": {
        "north": {
          "texture": "#bulb",
          "uv": [8.0, 8.0, 10.0, 8.5],
          "windMode": [0, 0, 0, 0]
        },
        "east": {
          "texture": "#bulb",
          "uv": [9.0, 9.0, 11.0, 9.5],
          "windMode": [0, 0, 0, 0]
        },
        "south": {
          "texture": "#bulb",
          "uv": [11.5, 10.0, 13.5, 10.5],
          "windMode": [0, 0, 0, 0]
        },
        "west": {
          "texture": "#bulb",
          "uv": [11.0, 9.0, 13.0, 9.5],
          "windMode": [0, 0, 0, 0]
        },
        "up": {
          "texture": "#bulb",
          "uv": [8.0, 8.0, 10.0, 10.0],
          "windMode": [0, 0, 0, 0]
        },
        "down": {
          "texture": "#bulb",
          "uv": [4.0, 3.0, 6.0, 5.0],
          "enabled": false
        }
      },
      "children": [
        {
          "name": "s 1",
          "from": [-4.5, 0.0, 1.0],
          "to": [6.5, 8.0, 1.0],
          "shade": false,
          "rotationOrigin": [1.0, 0.0, 1.0],
          "faces": {
            "north": {
              "texture": "#s4",
              "uv": [0.0, 0.0, 11.0, 8.0],
              "enabled": false
            },
            "east": {
              "texture": "#s4",
              "uv": [0.0, 0.0, 0.5, 8.0],
              "enabled": false
            },
            "south": {
              "texture": "#s4",
              "uv": [2.5, 7.0, 13.5, 15.0],
              "windMode": [0, 0, 2, 2]
            },
            "west": {
              "texture": "#s4",
              "uv": [0.0, 0.0, 0.5, 8.0],
              "enabled": false
            },
            "up": {
              "texture": "#s4",
              "uv": [0.0, 0.0, 11.0, 0.5],
              "enabled": false
            },
            "down": {
              "texture": "#s4",
              "uv": [0.0, 0.0, 11.0, 0.5],
              "enabled": false
            }
          }
        },
        {
          "name": "e 1",
          "from": [1.0, 0.0, -5.0],
          "to": [1.0, 9.0, 6.0],
          "shade": false,
          "rotationOrigin": [1.0, 0.0, 1.0],
          "faces": {
            "north": {
              "texture": "#e4",
              "uv": [0.0, 0.0, 0.5, 9.0],
              "enabled": false
            },
            "east": {
              "texture": "#e4",
              "uv": [3.0, 6.0, 14.0, 15.0],
              "windMode": [0, 2, 2, 0]
            },
            "south": {
              "texture": "#e4",
              "uv": [0.0, 0.0, 0.5, 9.0],
              "enabled": false
            },
            "west": {
              "texture": "#e4",
              "uv": [0.0, 0.0, 11.0, 9.0],
              "enabled": false
            },
            "up": {
              "texture": "#e4",
              "uv": [0.0, 0.0, 0.5, 11.0],
              "enabled": false
            },
            "down": {
              "texture": "#e4",
              "uv": [0.0, 0.0, 0.5, 11.0],
              "enabled": false
            }
          }
        },
        {
          "name": "tip2",
          "from": [2.53, 0.5, 0.5],
          "to": [3.53, 1.0, 1.5],
          "rotationOrigin": [2.0257, 0.0, -0.0039],
          "rotationY": -90.0,
          "faces": {
            "north": { "texture": "#bulb", "uv": [8.5, 8.5, 9.5, 9.0] },
            "east": { "texture": "#bulb", "uv": [8.5, 8.5, 9.5, 9.0] },
            "south": { "texture": "#bulb", "uv": [7.5, 9.0, 8.5, 9.5] },
            "west": { "texture": "#bulb", "uv": [8.5, 9.0, 9.5, 9.5] },
            "up": { "texture": "#bulb", "uv": [6.5, 8.5, 7.5, 9.5] },
            "down": {
              "texture": "#bulb",
              "uv": [0.0, 0.0, 1.0, 1.0],
              "enabled": false
            }
          }
        }
      ]
    },
    {
      "name": "beet 9",
      "from": [10.5, 0.0, 6.7],
      "to": [11.0, 0.0, 7.2],
      "rotationOrigin": [11.5, 0.0, 7.5],
      "rotationY": -45.0,
      "faces": {
        "north": { "texture": "#s5", "uv": [2.0, 12.0, 2.5, 12.5] },
        "east": { "texture": "#s5", "uv": [10.0, 12.5, 10.5, 13.0] },
        "south": { "texture": "#s5", "uv": [3.0, 12.5, 3.5, 13.0] },
        "west": { "texture": "#s5", "uv": [11.0, 13.0, 11.5, 13.5] },
        "up": { "texture": "#s5", "uv": [10.0, 0.0, 10.5, 0.5] },
        "down": {
          "texture": "#s5",
          "uv": [4.0, 3.0, 4.5, 3.5],
          "enabled": false
        }
      },
      "children": [
        {
          "name": "s 10",
          "from": [-3.15, 0.5, 1.15],
          "to": [7.85, 9.5, 1.15],
          "shade": false,
          "rotationOrigin": [1.0, 0.0, 1.0],
          "faces": {
            "north": {
              "texture": "#s4",
              "uv": [0.0, 0.0, 11.0, 9.0],
              "enabled": false
            },
            "east": {
              "texture": "#s4",
              "uv": [0.0, 0.0, 0.5, 9.0],
              "enabled": false
            },
            "south": {
              "texture": "#s4",
              "uv": [3.5, 6.0, 14.5, 15.0],
              "windMode": [0, 0, 2, 2]
            },
            "west": {
              "texture": "#s4",
              "uv": [0.0, 0.0, 0.5, 9.0],
              "enabled": false
            },
            "up": {
              "texture": "#s4",
              "uv": [0.0, 0.0, 11.0, 0.5],
              "enabled": false
            },
            "down": {
              "texture": "#s4",
              "uv": [0.0, 0.0, 11.0, 0.5],
              "enabled": false
            }
          }
        },
        {
          "name": "e 11",
          "from": [1.35, 0.5, -3.85],
          "to": [1.35, 9.5, 6.15],
          "shade": false,
          "rotationOrigin": [1.0, 0.0, 1.0],
          "faces": {
            "north": {
              "texture": "#e4",
              "uv": [0.0, 0.0, 0.5, 9.0],
              "enabled": false
            },
            "east": {
              "texture": "#e4",
              "uv": [3.0, 6.0, 13.0, 15.0],
              "windMode": [0, 2, 2, 0]
            },
            "south": {
              "texture": "#e4",
              "uv": [0.0, 0.0, 0.5, 9.0],
              "enabled": false
            },
            "west": {
              "texture": "#e4",
              "uv": [0.0, 0.0, 10.0, 9.0],
              "enabled": false
            },
            "up": {
              "texture": "#e4",
              "uv": [0.0, 0.0, 0.5, 10.0],
              "enabled": false
            },
            "down": {
              "texture": "#e4",
              "uv": [0.0, 0.0, 0.5, 10.0],
              "enabled": false
            }
          }
        },
        {
          "name": "tip12",
          "from": [0.6, 0.5, 0.4],
          "to": [2.1, 1.0, 1.9],
          "rotationOrigin": [-1.0, 0.0, 0.0],
          "faces": {
            "north": { "texture": "#bulb", "uv": [10.5, 9.0, 12.0, 9.5] },
            "east": { "texture": "#bulb", "uv": [7.0, 10.5, 8.5, 11.0] },
            "south": { "texture": "#bulb", "uv": [6.0, 9.0, 7.5, 9.5] },
            "west": { "texture": "#bulb", "uv": [9.5, 9.0, 11.0, 9.5] },
            "up": { "texture": "#bulb", "uv": [6.5, 10.5, 8.0, 12.0] },
            "down": {
              "texture": "#bulb",
              "uv": [0.0, 0.0, 1.5, 1.5],
              "enabled": false
            }
          },
          "children": [
            {
              "name": "Cube1",
              "from": [-0.5, -0.5, -0.5],
              "to": [2.0, 0.0, 2.0],
              "rotationOrigin": [0.0, -1.0, 0.0],
              "faces": {
                "north": { "texture": "#bulb", "uv": [1.0, 2.0, 3.5, 2.5] },
                "east": { "texture": "#bulb", "uv": [0.0, 0.0, 2.5, 0.5] },
                "south": { "texture": "#bulb", "uv": [1.5, 1.0, 4.0, 1.5] },
                "west": { "texture": "#bulb", "uv": [2.5, 1.5, 5.0, 2.0] },
                "up": { "texture": "#bulb", "uv": [0.0, 0.0, 2.5, 2.5] },
                "down": { "texture": "#bulb", "uv": [0.0, 0.0, 2.5, 2.5] }
              }
            }
          ]
        }
      ]
    }
  ]
}
