{
	"editor": {
		"backDropShape": "entity/animal/mammal/hooved/odocoileini/rangifercaribou/adult",
		"allAngles": true,
		"entityTextureMode": true
	},
	"textureWidth": 68,
	"textureHeight": 76,
	"textureSizes": {
		"skin": [68,76]
	},
	"textures": {
		"skin": "entity/animal/mammal/hooved/odocoileini/rangifercaribou-adult"
	},
	"elements": [
		{
			"name": "Horn attachment",
			"stepParentName": "head",
			"from": [ 1.1, 3.3, 2.1 ],
			"to": [ 2.3, 4.5, 3.3 ],
			"uv": [ 0.0, 0.0 ],
			"rotationOrigin": [ 1.1, 3.3, 2.1 ],
			"faces": {
			},
			"children": [
				{
					"name": "R antler base 1",
					"from": [ 0.2, 0.7, -1.5 ],
					"to": [ 1.2, 2.4, -0.5 ],
					"unwrapMode": 4,
					"uv": [ 5.5, 54.0 ],
					"rotationOrigin": [ 0.2, 0.7, -0.5 ],
					"rotationX": -25.0,
					"rotationZ": -30.0,
					"faces": {
						"north": { "texture": "#skin", "uv": [ 5.5, 55.0, 6.5, 56.5 ] },
						"east": { "texture": "#skin", "uv": [ 8.5, 55.0, 9.5, 56.5 ] },
						"south": { "texture": "#skin", "uv": [ 7.5, 55.0, 8.5, 56.5 ] },
						"west": { "texture": "#skin", "uv": [ 6.5, 55.0, 7.5, 56.5 ], "windMode": [-1,-1,-1,-1], "windData": [0,1,1,1] },
						"up": { "texture": "#skin", "uv": [ 6.5, 54.0, 7.5, 55.0 ], "rotation": 90 }
					},
					"children": [
						{
							"name": "R antler base 2",
							"from": [ 0.1, 1.7, 0.1 ],
							"to": [ 0.9, 3.5, 0.9 ],
							"unwrapMode": 4,
							"uv": [ 46.5, 69.5 ],
							"rotationOrigin": [ 0.1, 1.7, 0.9 ],
							"rotationZ": 4.0,
							"faces": {
								"north": { "texture": "#skin", "uv": [ 46.5, 70.0, 47.0, 71.5 ] },
								"east": { "texture": "#skin", "uv": [ 48.0, 70.0, 48.5, 71.5 ] },
								"south": { "texture": "#skin", "uv": [ 47.5, 70.0, 48.0, 71.5 ] },
								"west": { "texture": "#skin", "uv": [ 47.0, 70.0, 47.5, 71.5 ] },
								"up": { "texture": "#skin", "uv": [ 47.0, 69.5, 47.5, 70.0 ], "rotation": 90 },
								"down": { "texture": "#skin", "uv": [ 47.0, 71.5, 47.5, 72.0 ], "rotation": 90 }
							},
							"children": [
								{
									"name": "R antler base 3",
									"from": [ 0.1, 1.7, 0.1 ],
									"to": [ 0.7, 6.2, 0.7 ],
									"unwrapMode": 4,
									"uv": [ 46.5, 64.0 ],
									"rotationOrigin": [ 0.1, 1.7, 0.7 ],
									"rotationX": -10.0,
									"rotationZ": -30.0,
									"faces": {
										"north": { "texture": "#skin", "uv": [ 46.5, 64.5, 47.0, 69.0 ] },
										"east": { "texture": "#skin", "uv": [ 48.0, 64.5, 48.5, 69.0 ] },
										"south": { "texture": "#skin", "uv": [ 47.5, 64.5, 48.0, 69.0 ] },
										"west": { "texture": "#skin", "uv": [ 47.0, 64.5, 47.5, 69.0 ] },
										"up": { "texture": "#skin", "uv": [ 47.0, 64.0, 47.5, 64.5 ], "rotation": 90 },
										"down": { "texture": "#skin", "uv": [ 47.0, 69.0, 47.5, 69.5 ], "rotation": 90 }
									},
									"children": [
										{
											"name": "R antler base 4",
											"from": [ 0.1, 4.1, 0.0 ],
											"to": [ 0.7, 6.6, 0.6 ],
											"unwrapMode": 4,
											"uv": [ 46.5, 59.5 ],
											"rotationOrigin": [ 0.1, 4.1, 0.6 ],
											"rotationX": 1.0,
											"rotationZ": 45.0,
											"faces": {
												"north": { "texture": "#skin", "uv": [ 46.5, 60.0, 47.0, 62.5 ] },
												"east": { "texture": "#skin", "uv": [ 48.0, 60.0, 48.5, 62.5 ] },
												"south": { "texture": "#skin", "uv": [ 47.5, 60.0, 48.0, 62.5 ] },
												"west": { "texture": "#skin", "uv": [ 47.0, 60.0, 47.5, 62.5 ] },
												"up": { "texture": "#skin", "uv": [ 47.0, 59.5, 47.5, 60.0 ], "rotation": 90 },
												"down": { "texture": "#skin", "uv": [ 47.0, 62.5, 47.5, 63.0 ], "rotation": 90 }
											},
											"children": [
												{
													"name": "R antler base 5",
													"from": [ 0.2, 2.0, 0.0 ],
													"to": [ 0.8, 5.5, 0.6 ],
													"unwrapMode": 4,
													"uv": [ 46.5, 56.0 ],
													"rotationOrigin": [ 0.2, 2.0, 0.6 ],
													"rotationX": 10.0,
													"rotationY": 10.0,
													"rotationZ": 40.0,
													"faces": {
														"north": { "texture": "#skin", "uv": [ 46.5, 56.5, 47.0, 60.0 ] },
														"east": { "texture": "#skin", "uv": [ 48.0, 56.5, 48.5, 60.0 ] },
														"south": { "texture": "#skin", "uv": [ 47.5, 56.5, 48.0, 60.0 ] },
														"west": { "texture": "#skin", "uv": [ 47.0, 56.5, 47.5, 60.0 ] },
														"up": { "texture": "#skin", "uv": [ 47.0, 56.0, 47.5, 56.5 ], "rotation": 90 },
														"down": { "texture": "#skin", "uv": [ 47.0, 60.0, 47.5, 60.5 ], "rotation": 90 }
													},
													"children": [
														{
															"name": "R antler base 6",
															"from": [ -2.4, 2.8, 0.0 ],
															"to": [ 0.1, 4.3, 0.6 ],
															"unwrapMode": 3,
															"uv": [ 45.5, 32.0 ],
															"rotationOrigin": [ 0.1, 2.8, 0.0 ],
															"rotationX": -1.0,
															"rotationZ": -50.0,
															"faces": {
																"north": { "texture": "#skin", "uv": [ 49.0, 32.5, 51.5, 34.0 ] },
																"east": { "texture": "#skin", "uv": [ 48.5, 32.5, 49.0, 34.0 ] },
																"south": { "texture": "#skin", "uv": [ 46.0, 32.5, 48.5, 34.0 ] },
																"west": { "texture": "#skin", "uv": [ 45.5, 32.5, 46.0, 34.0 ] },
																"up": { "texture": "#skin", "uv": [ 46.0, 32.0, 48.5, 32.5 ] },
																"down": { "texture": "#skin", "uv": [ 46.0, 34.0, 48.5, 34.5 ], "rotation": 180 }
															},
															"children": [
																{
																	"name": "RTine3A",
																	"from": [ 2.0, 1.5, 0.05 ],
																	"to": [ 2.5, 3.0, 0.55 ],
																	"unwrapMode": 3,
																	"uv": [ 50.5, 20.5 ],
																	"rotationOrigin": [ 2.5, 1.5, 0.05 ],
																	"rotationX": 10.0,
																	"rotationZ": 5.0,
																	"faces": {
																		"north": { "texture": "#skin", "uv": [ 52.0, 21.0, 52.5, 22.5 ] },
																		"east": { "texture": "#skin", "uv": [ 51.5, 21.0, 52.0, 22.5 ] },
																		"south": { "texture": "#skin", "uv": [ 51.0, 21.0, 51.5, 22.5 ] },
																		"west": { "texture": "#skin", "uv": [ 50.5, 21.0, 51.0, 22.5 ] },
																		"up": { "texture": "#skin", "uv": [ 51.0, 20.5, 51.5, 21.0 ] }
																	}
																},
																{
																	"name": "RTine3C",
																	"from": [ 1.0, 1.5, 0.05 ],
																	"to": [ 1.5, 3.0, 0.55 ],
																	"unwrapMode": 3,
																	"uv": [ 50.5, 19.0 ],
																	"rotationOrigin": [ 1.5, 1.5, 0.05 ],
																	"rotationX": 10.0,
																	"rotationZ": 30.0,
																	"faces": {
																		"north": { "texture": "#skin", "uv": [ 52.0, 19.5, 52.5, 21.0 ] },
																		"east": { "texture": "#skin", "uv": [ 51.5, 19.5, 52.0, 21.0 ] },
																		"south": { "texture": "#skin", "uv": [ 51.0, 19.5, 51.5, 21.0 ] },
																		"west": { "texture": "#skin", "uv": [ 50.5, 19.5, 51.0, 21.0 ] },
																		"up": { "texture": "#skin", "uv": [ 51.0, 19.0, 51.5, 19.5 ] }
																	}
																},
																{
																	"name": "RTine3D",
																	"from": [ -1.0, 1.0, 0.05 ],
																	"to": [ 0.0, 1.5, 0.55 ],
																	"unwrapMode": 3,
																	"unwrapRotation": 1,
																	"uv": [ 50.5, 18.5 ],
																	"rotationOrigin": [ 0.0, 1.0, 0.05 ],
																	"rotationY": 10.0,
																	"rotationZ": -30.0,
																	"faces": {
																		"north": { "texture": "#skin", "uv": [ 52.0, 18.5, 52.5, 19.5 ], "rotation": 270 },
																		"south": { "texture": "#skin", "uv": [ 51.0, 18.5, 51.5, 19.5 ], "rotation": 90 },
																		"west": { "texture": "#skin", "uv": [ 51.0, 19.5, 51.5, 20.0 ], "rotation": 90 },
																		"up": { "texture": "#skin", "uv": [ 50.5, 18.5, 51.0, 19.5 ], "rotation": 90 },
																		"down": { "texture": "#skin", "uv": [ 51.5, 18.5, 52.0, 19.5 ], "rotation": 270, "windMode": [-1,-1,-1,-1], "windData": [1,0,0,1] }
																	}
																},
																{
																	"name": "RTine3E",
																	"from": [ -1.0, 0.0, 0.05 ],
																	"to": [ 0.0, 0.5, 0.55 ],
																	"unwrapMode": 3,
																	"unwrapRotation": 1,
																	"uv": [ 50.5, 17.5 ],
																	"rotationOrigin": [ 0.0, 0.0, 0.05 ],
																	"rotationY": 10.0,
																	"rotationZ": 5.0,
																	"faces": {
																		"north": { "texture": "#skin", "uv": [ 52.0, 17.5, 52.5, 18.5 ], "rotation": 270 },
																		"south": { "texture": "#skin", "uv": [ 51.0, 17.5, 51.5, 18.5 ], "rotation": 90 },
																		"west": { "texture": "#skin", "uv": [ 51.0, 18.5, 51.5, 19.0 ], "rotation": 90 },
																		"up": { "texture": "#skin", "uv": [ 50.5, 17.5, 51.0, 18.5 ], "rotation": 90 },
																		"down": { "texture": "#skin", "uv": [ 51.5, 17.5, 52.0, 18.5 ], "rotation": 270, "windMode": [-1,-1,-1,-1] }
																	}
																}
															]
														}
													]
												},
												{
													"name": "R branch 3",
													"from": [ 0.0, 0.0, 0.0 ],
													"to": [ 0.5, 2.0, 0.5 ],
													"unwrapMode": 4,
													"uv": [ 46.5, 62.0 ],
													"rotationOrigin": [ 0.0, 0.0, 0.0 ],
													"rotationX": 1.0,
													"rotationZ": -66.0,
													"faces": {
														"north": { "texture": "#skin", "uv": [ 46.5, 62.5, 47.0, 64.5 ] },
														"east": { "texture": "#skin", "uv": [ 48.0, 62.5, 48.5, 64.5 ] },
														"south": { "texture": "#skin", "uv": [ 47.5, 62.5, 48.0, 64.5 ] },
														"west": { "texture": "#skin", "uv": [ 47.0, 62.5, 47.5, 64.5 ] },
														"up": { "texture": "#skin", "uv": [ 47.0, 62.0, 47.5, 62.5 ], "rotation": 90 }
													}
												}
											]
										}
									]
								},
								{
									"name": "RBeam1",
									"from": [ -2.5, 0.2, 0.1 ],
									"to": [ 0.5, 0.8, 0.7 ],
									"unwrapMode": 3,
									"uv": [ 26.0, 73.5 ],
									"rotationOrigin": [ 0.5, 0.2, 0.1 ],
									"rotationX": 10.0,
									"rotationY": -20.0,
									"rotationZ": 20.0,
									"faces": {
										"north": { "texture": "#skin", "uv": [ 29.5, 74.0, 32.5, 74.5 ] },
										"south": { "texture": "#skin", "uv": [ 26.5, 74.0, 29.5, 74.5 ] },
										"west": { "texture": "#skin", "uv": [ 26.0, 74.0, 26.5, 74.5 ] },
										"up": { "texture": "#skin", "uv": [ 26.5, 73.5, 29.5, 74.0 ] },
										"down": { "texture": "#skin", "uv": [ 26.5, 74.5, 29.5, 75.0 ], "rotation": 180 }
									},
									"children": [
										{
											"name": "RBeam2",
											"from": [ -2.0, 0.0, 0.0 ],
											"to": [ 0.0, 0.6, 0.6 ],
											"unwrapMode": 3,
											"uv": [ 30.5, 73.5 ],
											"rotationOrigin": [ 0.0, 0.0, 0.0 ],
											"rotationY": 25.0,
											"rotationZ": -10.0,
											"faces": {
												"north": { "texture": "#skin", "uv": [ 33.5, 74.0, 35.5, 74.5 ] },
												"east": { "texture": "#skin", "uv": [ 33.0, 74.0, 33.5, 74.5 ] },
												"south": { "texture": "#skin", "uv": [ 31.0, 74.0, 33.0, 74.5 ] },
												"west": { "texture": "#skin", "uv": [ 30.5, 74.0, 31.0, 74.5 ] },
												"up": { "texture": "#skin", "uv": [ 31.0, 73.5, 33.0, 74.0 ] },
												"down": { "texture": "#skin", "uv": [ 31.0, 74.5, 33.0, 75.0 ], "rotation": 180 }
											},
											"children": [
												{
													"name": "RBeam3",
													"from": [ -1.2, 0.3, 0.0 ],
													"to": [ 0.3, 1.8, 0.6 ],
													"unwrapMode": 3,
													"unwrapRotation": 1,
													"uv": [ 29.5, 71.5 ],
													"rotationOrigin": [ 0.3, 0.3, 0.0 ],
													"rotationY": 5.0,
													"rotationZ": 45.0,
													"faces": {
														"north": { "texture": "#skin", "uv": [ 32.0, 72.0, 33.5, 73.5 ], "rotation": 270 },
														"east": { "texture": "#skin", "uv": [ 30.0, 71.5, 31.5, 72.0 ], "rotation": 90 },
														"south": { "texture": "#skin", "uv": [ 30.0, 72.0, 31.5, 73.5 ], "rotation": 90 },
														"west": { "texture": "#skin", "uv": [ 30.0, 73.5, 31.5, 74.0 ], "rotation": 90 },
														"up": { "texture": "#skin", "uv": [ 29.5, 72.0, 30.0, 73.5 ], "rotation": 90 },
														"down": { "texture": "#skin", "uv": [ 31.5, 72.0, 32.0, 73.5 ], "rotation": 270 }
													},
													"children": [
														{
															"name": "RTine01",
															"from": [ 1.0, 1.5, 0.05 ],
															"to": [ 1.5, 2.5, 0.55 ],
															"unwrapMode": 3,
															"uv": [ 28.5, 69.5 ],
															"rotationOrigin": [ 1.5, 1.5, 0.05 ],
															"faces": {
																"north": { "texture": "#skin", "uv": [ 30.0, 70.0, 30.5, 71.0 ] },
																"east": { "texture": "#skin", "uv": [ 29.5, 70.0, 30.0, 71.0 ] },
																"south": { "texture": "#skin", "uv": [ 29.0, 70.0, 29.5, 71.0 ] },
																"west": { "texture": "#skin", "uv": [ 28.5, 70.0, 29.0, 71.0 ] },
																"up": { "texture": "#skin", "uv": [ 29.0, 69.5, 29.5, 70.0 ] }
															}
														},
														{
															"name": "RTine2",
															"from": [ -1.0, 0.0, 0.05 ],
															"to": [ 0.0, 0.5, 0.55 ],
															"unwrapMode": 3,
															"unwrapRotation": 1,
															"uv": [ 31.0, 70.0 ],
															"rotationOrigin": [ -0.5, 0.0, 0.05 ],
															"faces": {
																"north": { "texture": "#skin", "uv": [ 32.5, 70.0, 33.0, 71.0 ], "rotation": 270 },
																"south": { "texture": "#skin", "uv": [ 31.5, 70.0, 32.0, 71.0 ], "rotation": 90 },
																"west": { "texture": "#skin", "uv": [ 31.5, 71.0, 32.0, 71.5 ], "rotation": 90 },
																"up": { "texture": "#skin", "uv": [ 31.0, 70.0, 31.5, 71.0 ], "rotation": 90 },
																"down": { "texture": "#skin", "uv": [ 32.0, 70.0, 32.5, 71.0 ], "rotation": 270 }
															}
														},
														{
															"name": "RTine3",
															"from": [ -1.0, 1.15, 0.05 ],
															"to": [ 0.0, 1.65, 0.55 ],
															"unwrapMode": 3,
															"unwrapRotation": 1,
															"uv": [ 33.5, 70.0 ],
															"rotationOrigin": [ 0.0, 1.15, 0.05 ],
															"rotationZ": -45.0,
															"faces": {
																"north": { "texture": "#skin", "uv": [ 35.0, 70.0, 35.5, 71.0 ], "rotation": 270 },
																"south": { "texture": "#skin", "uv": [ 34.0, 70.0, 34.5, 71.0 ], "rotation": 90 },
																"west": { "texture": "#skin", "uv": [ 34.0, 71.0, 34.5, 71.5 ], "rotation": 90 },
																"up": { "texture": "#skin", "uv": [ 33.5, 70.0, 34.0, 71.0 ], "rotation": 90 },
																"down": { "texture": "#skin", "uv": [ 34.5, 70.0, 35.0, 71.0 ], "rotation": 270 }
															}
														}
													]
												}
											]
										}
									]
								},
								{
									"name": "RBeam2A",
									"from": [ -2.5, 1.2, 0.1 ],
									"to": [ 0.5, 1.8, 0.7 ],
									"unwrapMode": 3,
									"unwrapRotation": 1,
									"uv": [ 46.5, 53.0 ],
									"rotationOrigin": [ 0.5, 1.8, 0.7 ],
									"rotationY": -15.0,
									"rotationZ": -26.0,
									"faces": {
										"north": { "texture": "#skin", "uv": [ 48.0, 53.5, 48.5, 56.5 ], "rotation": 270 },
										"east": { "texture": "#skin", "uv": [ 47.0, 53.0, 47.5, 53.5 ], "rotation": 90 },
										"south": { "texture": "#skin", "uv": [ 47.0, 53.5, 47.5, 56.5 ], "rotation": 90 },
										"west": { "texture": "#skin", "uv": [ 47.0, 56.5, 47.5, 57.0 ], "rotation": 90, "windMode": [-1,-1,-1,-1], "windData": [1,1,1,1] },
										"up": { "texture": "#skin", "uv": [ 46.5, 53.5, 47.0, 56.5 ], "rotation": 90 },
										"down": { "texture": "#skin", "uv": [ 47.5, 53.5, 48.0, 56.5 ], "rotation": 270 }
									},
									"children": [
										{
											"name": "RBeam2B",
											"from": [ -2.0, 0.0, 0.0 ],
											"to": [ 0.0, 0.6, 0.6 ],
											"unwrapMode": 3,
											"unwrapRotation": 1,
											"uv": [ 46.5, 51.0 ],
											"rotationOrigin": [ 0.0, 0.6, 0.0 ],
											"rotationY": 15.0,
											"rotationZ": 28.0,
											"faces": {
												"north": { "texture": "#skin", "uv": [ 48.0, 51.5, 48.5, 53.5 ], "rotation": 270 },
												"east": { "texture": "#skin", "uv": [ 47.0, 51.0, 47.5, 51.5 ], "rotation": 90 },
												"south": { "texture": "#skin", "uv": [ 47.0, 51.5, 47.5, 53.5 ], "rotation": 90 },
												"west": { "texture": "#skin", "uv": [ 47.0, 53.5, 47.5, 54.0 ], "rotation": 90 },
												"up": { "texture": "#skin", "uv": [ 46.5, 51.5, 47.0, 53.5 ], "rotation": 90 },
												"down": { "texture": "#skin", "uv": [ 47.5, 51.5, 48.0, 53.5 ], "rotation": 270 }
											},
											"children": [
												{
													"name": "RTine2B",
													"from": [ 1.0, 0.6, 0.05 ],
													"to": [ 1.5, 2.1, 0.55 ],
													"unwrapMode": 3,
													"uv": [ 46.5, 49.5 ],
													"rotationOrigin": [ 1.5, 0.6, 0.55 ],
													"rotationX": 5.0,
													"rotationZ": 30.0,
													"faces": {
														"north": { "texture": "#skin", "uv": [ 48.0, 50.0, 48.5, 51.5 ] },
														"east": { "texture": "#skin", "uv": [ 47.5, 50.0, 48.0, 51.5 ] },
														"south": { "texture": "#skin", "uv": [ 47.0, 50.0, 47.5, 51.5 ] },
														"west": { "texture": "#skin", "uv": [ 46.5, 50.0, 47.0, 51.5 ] },
														"up": { "texture": "#skin", "uv": [ 47.0, 49.5, 47.5, 50.0 ] }
													}
												},
												{
													"name": "RTine2C",
													"from": [ -0.1, 0.6, 0.05 ],
													"to": [ 0.4, 1.6, 0.55 ],
													"unwrapMode": 3,
													"uv": [ 46.5, 48.5 ],
													"rotationOrigin": [ 0.4, 0.6, 0.55 ],
													"rotationX": 5.0,
													"rotationZ": 45.0,
													"faces": {
														"north": { "texture": "#skin", "uv": [ 48.0, 49.0, 48.5, 50.0 ] },
														"east": { "texture": "#skin", "uv": [ 47.5, 49.0, 48.0, 50.0 ] },
														"south": { "texture": "#skin", "uv": [ 47.0, 49.0, 47.5, 50.0 ] },
														"west": { "texture": "#skin", "uv": [ 46.5, 49.0, 47.0, 50.0 ] },
														"up": { "texture": "#skin", "uv": [ 47.0, 48.5, 47.5, 49.0 ] }
													}
												}
											]
										}
									]
								}
							]
						}
					]
				},
				{
					"name": "L antler base 1",
					"from": [ 0.2, 0.7, 0.4 ],
					"to": [ 1.2, 2.4, 1.4 ],
					"unwrapMode": 4,
					"uv": [ 1.0, 54.0 ],
					"rotationOrigin": [ 0.2, 0.7, 0.4 ],
					"rotationX": 25.0,
					"rotationZ": -30.0,
					"faces": {
						"north": { "texture": "#skin", "uv": [ 1.0, 55.0, 2.0, 56.5 ] },
						"east": { "texture": "#skin", "uv": [ 4.0, 55.0, 5.0, 56.5 ] },
						"south": { "texture": "#skin", "uv": [ 3.0, 55.0, 4.0, 56.5 ] },
						"west": { "texture": "#skin", "uv": [ 2.0, 55.0, 3.0, 56.5 ], "windMode": [-1,-1,-1,-1], "windData": [0,0,1,1] },
						"up": { "texture": "#skin", "uv": [ 2.0, 54.0, 3.0, 55.0 ], "rotation": 90 }
					},
					"children": [
						{
							"name": "L antler base 2",
							"from": [ 0.1, 1.7, 0.1 ],
							"to": [ 0.9, 3.5, 0.9 ],
							"unwrapMode": 4,
							"uv": [ 44.5, 69.5 ],
							"rotationOrigin": [ 0.1, 1.7, 0.1 ],
							"rotationZ": 4.0,
							"faces": {
								"north": { "texture": "#skin", "uv": [ 44.5, 70.0, 45.0, 71.5 ] },
								"east": { "texture": "#skin", "uv": [ 46.0, 70.0, 46.5, 71.5 ] },
								"south": { "texture": "#skin", "uv": [ 45.5, 70.0, 46.0, 71.5 ] },
								"west": { "texture": "#skin", "uv": [ 45.0, 70.0, 45.5, 71.5 ] },
								"up": { "texture": "#skin", "uv": [ 45.0, 69.5, 45.5, 70.0 ], "rotation": 90 },
								"down": { "texture": "#skin", "uv": [ 45.0, 71.5, 45.5, 72.0 ], "rotation": 90 }
							},
							"children": [
								{
									"name": "LBeam3A",
									"from": [ 0.1, 1.7, 0.1 ],
									"to": [ 0.7, 6.2, 0.7 ],
									"unwrapMode": 4,
									"uv": [ 44.5, 64.0 ],
									"rotationOrigin": [ 0.1, 1.7, 0.2 ],
									"rotationX": 10.0,
									"rotationZ": -30.0,
									"faces": {
										"north": { "texture": "#skin", "uv": [ 44.5, 64.5, 45.0, 69.0 ] },
										"east": { "texture": "#skin", "uv": [ 46.0, 64.5, 46.5, 69.0 ] },
										"south": { "texture": "#skin", "uv": [ 45.5, 64.5, 46.0, 69.0 ] },
										"west": { "texture": "#skin", "uv": [ 45.0, 64.5, 45.5, 69.0 ] },
										"up": { "texture": "#skin", "uv": [ 45.0, 64.0, 45.5, 64.5 ], "rotation": 90 },
										"down": { "texture": "#skin", "uv": [ 45.0, 69.0, 45.5, 69.5 ], "rotation": 90 }
									},
									"children": [
										{
											"name": "LBeam3B",
											"from": [ 0.1, 4.1, 0.0 ],
											"to": [ 0.7, 6.6, 0.6 ],
											"unwrapMode": 4,
											"uv": [ 44.5, 59.5 ],
											"rotationOrigin": [ 0.1, 4.1, 0.1 ],
											"rotationX": -1.0,
											"rotationZ": 45.0,
											"faces": {
												"north": { "texture": "#skin", "uv": [ 44.5, 60.0, 45.0, 62.5 ] },
												"east": { "texture": "#skin", "uv": [ 46.0, 60.0, 46.5, 62.5 ] },
												"south": { "texture": "#skin", "uv": [ 45.5, 60.0, 46.0, 62.5 ] },
												"west": { "texture": "#skin", "uv": [ 45.0, 60.0, 45.5, 62.5 ] },
												"up": { "texture": "#skin", "uv": [ 45.0, 59.5, 45.5, 60.0 ], "rotation": 90 },
												"down": { "texture": "#skin", "uv": [ 45.0, 62.5, 45.5, 63.0 ], "rotation": 90 }
											},
											"children": [
												{
													"name": "LBeam3C",
													"from": [ 0.2, 2.0, 0.0 ],
													"to": [ 0.8, 5.5, 0.6 ],
													"unwrapMode": 4,
													"uv": [ 44.5, 56.0 ],
													"rotationOrigin": [ 0.2, 2.0, 0.1 ],
													"rotationX": -10.0,
													"rotationY": -10.0,
													"rotationZ": 40.0,
													"faces": {
														"north": { "texture": "#skin", "uv": [ 44.5, 56.5, 45.0, 60.0 ] },
														"east": { "texture": "#skin", "uv": [ 46.0, 56.5, 46.5, 60.0 ] },
														"south": { "texture": "#skin", "uv": [ 45.5, 56.5, 46.0, 60.0 ] },
														"west": { "texture": "#skin", "uv": [ 45.0, 56.5, 45.5, 60.0 ] },
														"up": { "texture": "#skin", "uv": [ 45.0, 56.0, 45.5, 56.5 ], "rotation": 90 },
														"down": { "texture": "#skin", "uv": [ 45.0, 60.0, 45.5, 60.5 ], "rotation": 90 }
													},
													"children": [
														{
															"name": "LBeam3D",
															"from": [ -2.4, 2.8, 0.0 ],
															"to": [ 0.1, 4.3, 0.6 ],
															"unwrapMode": 3,
															"uv": [ 45.5, 34.5 ],
															"rotationOrigin": [ 0.1, 2.8, 0.6 ],
															"rotationX": 1.0,
															"rotationZ": -50.0,
															"faces": {
																"north": { "texture": "#skin", "uv": [ 49.0, 35.0, 51.5, 36.5 ] },
																"east": { "texture": "#skin", "uv": [ 48.5, 35.0, 49.0, 36.5 ] },
																"south": { "texture": "#skin", "uv": [ 46.0, 35.0, 48.5, 36.5 ] },
																"west": { "texture": "#skin", "uv": [ 45.5, 35.0, 46.0, 36.5 ] },
																"up": { "texture": "#skin", "uv": [ 46.0, 34.5, 48.5, 35.0 ] },
																"down": { "texture": "#skin", "uv": [ 46.0, 36.5, 48.5, 37.0 ], "rotation": 180 }
															},
															"children": [
																{
																	"name": "LTine3B",
																	"from": [ 1.0, 1.5, 0.05 ],
																	"to": [ 1.5, 3.0, 0.55 ],
																	"unwrapMode": 3,
																	"uv": [ 48.5, 19.0 ],
																	"rotationOrigin": [ 1.5, 1.5, 0.55 ],
																	"rotationX": -10.0,
																	"rotationZ": 30.0,
																	"faces": {
																		"north": { "texture": "#skin", "uv": [ 50.0, 19.5, 50.5, 21.0 ] },
																		"east": { "texture": "#skin", "uv": [ 49.5, 19.5, 50.0, 21.0 ] },
																		"south": { "texture": "#skin", "uv": [ 49.0, 19.5, 49.5, 21.0 ] },
																		"west": { "texture": "#skin", "uv": [ 48.5, 19.5, 49.0, 21.0 ] },
																		"up": { "texture": "#skin", "uv": [ 49.0, 19.0, 49.5, 19.5 ] }
																	}
																},
																{
																	"name": "LTine3D",
																	"from": [ -1.0, 0.0, 0.05 ],
																	"to": [ 0.0, 0.5, 0.55 ],
																	"unwrapMode": 3,
																	"unwrapRotation": 1,
																	"uv": [ 48.5, 17.5 ],
																	"rotationOrigin": [ 0.0, 0.5, 0.55 ],
																	"rotationY": -10.0,
																	"rotationZ": 5.0,
																	"faces": {
																		"north": { "texture": "#skin", "uv": [ 50.0, 17.5, 50.5, 18.5 ], "rotation": 270 },
																		"south": { "texture": "#skin", "uv": [ 49.0, 17.5, 49.5, 18.5 ], "rotation": 90 },
																		"west": { "texture": "#skin", "uv": [ 49.0, 18.5, 49.5, 19.0 ], "rotation": 90 },
																		"up": { "texture": "#skin", "uv": [ 48.5, 17.5, 49.0, 18.5 ], "rotation": 90 },
																		"down": { "texture": "#skin", "uv": [ 49.5, 17.5, 50.0, 18.5 ], "rotation": 270, "windMode": [-1,-1,-1,-1] }
																	}
																},
																{
																	"name": "LTine3E",
																	"from": [ 2.0, 1.5, 0.05 ],
																	"to": [ 2.5, 3.0, 0.55 ],
																	"unwrapMode": 3,
																	"uv": [ 48.5, 20.5 ],
																	"rotationOrigin": [ 2.5, 1.5, 0.55 ],
																	"rotationX": -10.0,
																	"rotationZ": 5.0,
																	"faces": {
																		"north": { "texture": "#skin", "uv": [ 50.0, 21.0, 50.5, 22.5 ] },
																		"east": { "texture": "#skin", "uv": [ 49.5, 21.0, 50.0, 22.5 ] },
																		"south": { "texture": "#skin", "uv": [ 49.0, 21.0, 49.5, 22.5 ] },
																		"west": { "texture": "#skin", "uv": [ 48.5, 21.0, 49.0, 22.5 ] },
																		"up": { "texture": "#skin", "uv": [ 49.0, 20.5, 49.5, 21.0 ] }
																	}
																},
																{
																	"name": "LTine3D2",
																	"from": [ -0.9, 1.0, 0.05 ],
																	"to": [ 0.1, 1.5, 0.55 ],
																	"unwrapMode": 3,
																	"unwrapRotation": 1,
																	"uv": [ 48.5, 18.5 ],
																	"rotationOrigin": [ 0.1, 1.0, 0.55 ],
																	"rotationY": -10.0,
																	"rotationZ": -30.0,
																	"faces": {
																		"north": { "texture": "#skin", "uv": [ 50.0, 18.5, 50.5, 19.5 ], "rotation": 270 },
																		"south": { "texture": "#skin", "uv": [ 49.0, 18.5, 49.5, 19.5 ], "rotation": 90 },
																		"west": { "texture": "#skin", "uv": [ 49.0, 19.5, 49.5, 20.0 ], "rotation": 90 },
																		"up": { "texture": "#skin", "uv": [ 48.5, 18.5, 49.0, 19.5 ], "rotation": 90 },
																		"down": { "texture": "#skin", "uv": [ 49.5, 18.5, 50.0, 19.5 ], "rotation": 270, "windMode": [-1,-1,-1,-1], "windData": [1,0,0,1] }
																	}
																}
															]
														}
													]
												},
												{
													"name": "L branch 3",
													"from": [ 0.0, 0.0, 0.0 ],
													"to": [ 0.5, 2.0, 0.5 ],
													"unwrapMode": 4,
													"uv": [ 44.5, 62.0 ],
													"rotationOrigin": [ 0.0, 0.0, 0.0 ],
													"rotationX": -1.0,
													"rotationZ": -66.0,
													"faces": {
														"north": { "texture": "#skin", "uv": [ 44.5, 62.5, 45.0, 64.5 ] },
														"east": { "texture": "#skin", "uv": [ 46.0, 62.5, 46.5, 64.5 ] },
														"south": { "texture": "#skin", "uv": [ 45.5, 62.5, 46.0, 64.5 ] },
														"west": { "texture": "#skin", "uv": [ 45.0, 62.5, 45.5, 64.5 ] },
														"up": { "texture": "#skin", "uv": [ 45.0, 62.0, 45.5, 62.5 ], "rotation": 90 }
													}
												}
											]
										}
									]
								},
								{
									"name": "LBeam1A",
									"from": [ -2.5, 0.2, 0.1 ],
									"to": [ 0.5, 0.8, 0.7 ],
									"unwrapMode": 3,
									"uv": [ 21.5, 73.5 ],
									"rotationOrigin": [ 0.5, 0.2, 0.7 ],
									"rotationX": -10.0,
									"rotationY": 20.0,
									"rotationZ": 20.0,
									"faces": {
										"north": { "texture": "#skin", "uv": [ 25.5, 74.0, 28.5, 74.5 ] },
										"east": { "texture": "#skin", "uv": [ 25.0, 74.0, 25.5, 74.5 ] },
										"south": { "texture": "#skin", "uv": [ 22.0, 74.0, 25.0, 74.5 ] },
										"west": { "texture": "#skin", "uv": [ 21.5, 74.0, 22.0, 74.5 ] },
										"up": { "texture": "#skin", "uv": [ 22.0, 73.5, 25.0, 74.0 ], "windMode": [-1,-1,-1,-1] },
										"down": { "texture": "#skin", "uv": [ 22.0, 74.5, 25.0, 75.0 ], "rotation": 180 }
									},
									"children": [
										{
											"name": "LBeam1B",
											"from": [ -2.0, 0.0, 0.0 ],
											"to": [ 0.0, 0.6, 0.6 ],
											"unwrapMode": 3,
											"uv": [ 17.0, 73.5 ],
											"rotationOrigin": [ 0.0, 0.0, 0.6 ],
											"rotationX": -2.0,
											"rotationY": -25.0,
											"rotationZ": -10.0,
											"faces": {
												"north": { "texture": "#skin", "uv": [ 20.0, 74.0, 22.0, 74.5 ] },
												"east": { "texture": "#skin", "uv": [ 19.5, 74.0, 20.0, 74.5 ] },
												"south": { "texture": "#skin", "uv": [ 17.5, 74.0, 19.5, 74.5 ] },
												"west": { "texture": "#skin", "uv": [ 17.0, 74.0, 17.5, 74.5 ] },
												"up": { "texture": "#skin", "uv": [ 17.5, 73.5, 19.5, 74.0 ] },
												"down": { "texture": "#skin", "uv": [ 17.5, 74.5, 19.5, 75.0 ], "rotation": 180 }
											},
											"children": [
												{
													"name": "LPalm1",
													"from": [ -1.2, 0.3, 0.0 ],
													"to": [ 0.3, 1.8, 0.6 ],
													"unwrapMode": 3,
													"unwrapRotation": 1,
													"uv": [ 12.5, 72.5 ],
													"rotationOrigin": [ 0.3, 0.3, 0.6 ],
													"rotationY": -5.0,
													"rotationZ": 45.0,
													"faces": {
														"north": { "texture": "#skin", "uv": [ 15.0, 73.0, 16.5, 74.5 ], "rotation": 270 },
														"east": { "texture": "#skin", "uv": [ 13.0, 72.5, 14.5, 73.0 ], "rotation": 90 },
														"south": { "texture": "#skin", "uv": [ 13.0, 73.0, 14.5, 74.5 ], "rotation": 90 },
														"west": { "texture": "#skin", "uv": [ 13.0, 74.5, 14.5, 75.0 ], "rotation": 90 },
														"up": { "texture": "#skin", "uv": [ 12.5, 73.0, 13.0, 74.5 ], "rotation": 90 },
														"down": { "texture": "#skin", "uv": [ 14.5, 73.0, 15.0, 74.5 ], "rotation": 270 }
													},
													"children": [
														{
															"name": "LTine1A",
															"from": [ 1.0, 1.5, 0.05 ],
															"to": [ 1.5, 2.5, 0.55 ],
															"unwrapMode": 3,
															"uv": [ 18.0, 70.0 ],
															"rotationOrigin": [ 1.5, 1.5, 0.55 ],
															"faces": {
																"north": { "texture": "#skin", "uv": [ 19.5, 70.5, 20.0, 71.5 ] },
																"east": { "texture": "#skin", "uv": [ 19.0, 70.5, 19.5, 71.5 ] },
																"south": { "texture": "#skin", "uv": [ 18.5, 70.5, 19.0, 71.5 ] },
																"west": { "texture": "#skin", "uv": [ 18.0, 70.5, 18.5, 71.5 ] },
																"up": { "texture": "#skin", "uv": [ 18.5, 70.0, 19.0, 70.5 ] }
															}
														},
														{
															"name": "LTine1B",
															"from": [ -1.0, 0.0, 0.05 ],
															"to": [ 0.0, 0.5, 0.55 ],
															"unwrapMode": 3,
															"unwrapRotation": 1,
															"uv": [ 22.5, 70.0 ],
															"rotationOrigin": [ 0.0, 0.0, 0.55 ],
															"faces": {
																"north": { "texture": "#skin", "uv": [ 24.0, 70.0, 24.5, 71.0 ], "rotation": 270 },
																"south": { "texture": "#skin", "uv": [ 23.0, 70.0, 23.5, 71.0 ], "rotation": 90 },
																"west": { "texture": "#skin", "uv": [ 23.0, 71.0, 23.5, 71.5 ], "rotation": 90 },
																"up": { "texture": "#skin", "uv": [ 22.5, 70.0, 23.0, 71.0 ], "rotation": 90 },
																"down": { "texture": "#skin", "uv": [ 23.5, 70.0, 24.0, 71.0 ], "rotation": 270 }
															}
														},
														{
															"name": "LTine1C",
															"from": [ -1.0, 1.15, 0.05 ],
															"to": [ 0.0, 1.65, 0.55 ],
															"unwrapMode": 3,
															"unwrapRotation": 1,
															"uv": [ 24.5, 70.0 ],
															"rotationOrigin": [ 0.0, 1.15, 0.55 ],
															"rotationZ": -45.0,
															"faces": {
																"north": { "texture": "#skin", "uv": [ 26.0, 70.0, 26.5, 71.0 ], "rotation": 270 },
																"south": { "texture": "#skin", "uv": [ 25.0, 70.0, 25.5, 71.0 ], "rotation": 90 },
																"west": { "texture": "#skin", "uv": [ 25.0, 71.0, 25.5, 71.5 ], "rotation": 90 },
																"up": { "texture": "#skin", "uv": [ 24.5, 70.0, 25.0, 71.0 ], "rotation": 90 },
																"down": { "texture": "#skin", "uv": [ 25.5, 70.0, 26.0, 71.0 ], "rotation": 270 }
															}
														}
													]
												}
											]
										}
									]
								},
								{
									"name": "LBeam2A",
									"from": [ -2.5, 1.2, 0.1 ],
									"to": [ 0.5, 1.8, 0.7 ],
									"unwrapMode": 3,
									"unwrapRotation": 1,
									"uv": [ 44.5, 53.5 ],
									"rotationOrigin": [ 0.5, 1.8, 0.1 ],
									"rotationY": 15.0,
									"rotationZ": -26.0,
									"faces": {
										"north": { "texture": "#skin", "uv": [ 46.0, 53.5, 46.5, 56.5 ], "rotation": 270 },
										"south": { "texture": "#skin", "uv": [ 45.0, 53.5, 45.5, 56.5 ], "rotation": 90 },
										"west": { "texture": "#skin", "uv": [ 45.0, 56.5, 45.5, 57.0 ], "rotation": 90 },
										"up": { "texture": "#skin", "uv": [ 44.5, 53.5, 45.0, 56.5 ], "rotation": 90 },
										"down": { "texture": "#skin", "uv": [ 45.5, 53.5, 46.0, 56.5 ], "rotation": 270 }
									},
									"children": [
										{
											"name": "LBeam2B",
											"from": [ -2.0, 0.0, 0.0 ],
											"to": [ 0.0, 0.6, 0.6 ],
											"unwrapMode": 3,
											"unwrapRotation": 1,
											"uv": [ 44.5, 51.0 ],
											"rotationOrigin": [ 0.0, 0.6, 0.6 ],
											"rotationY": -15.0,
											"rotationZ": 28.0,
											"faces": {
												"north": { "texture": "#skin", "uv": [ 46.0, 51.5, 46.5, 53.5 ], "rotation": 270 },
												"east": { "texture": "#skin", "uv": [ 45.0, 51.0, 45.5, 51.5 ], "rotation": 90 },
												"south": { "texture": "#skin", "uv": [ 45.0, 51.5, 45.5, 53.5 ], "rotation": 90 },
												"west": { "texture": "#skin", "uv": [ 45.0, 53.5, 45.5, 54.0 ], "rotation": 90 },
												"up": { "texture": "#skin", "uv": [ 44.5, 51.5, 45.0, 53.5 ], "rotation": 90 },
												"down": { "texture": "#skin", "uv": [ 45.5, 51.5, 46.0, 53.5 ], "rotation": 270 }
											},
											"children": [
												{
													"name": "LTine2B",
													"from": [ 1.0, 0.6, 0.05 ],
													"to": [ 1.5, 2.1, 0.55 ],
													"unwrapMode": 3,
													"uv": [ 44.5, 49.5 ],
													"rotationOrigin": [ 1.5, 0.6, 0.55 ],
													"rotationX": -5.0,
													"rotationZ": 30.0,
													"faces": {
														"north": { "texture": "#skin", "uv": [ 46.0, 50.0, 46.5, 51.5 ] },
														"east": { "texture": "#skin", "uv": [ 45.5, 50.0, 46.0, 51.5 ] },
														"south": { "texture": "#skin", "uv": [ 45.0, 50.0, 45.5, 51.5 ] },
														"west": { "texture": "#skin", "uv": [ 44.5, 50.0, 45.0, 51.5 ] },
														"up": { "texture": "#skin", "uv": [ 45.0, 49.5, 45.5, 50.0 ] }
													}
												},
												{
													"name": "LTine2C",
													"from": [ -0.1, 0.6, 0.05 ],
													"to": [ 0.4, 1.6, 0.55 ],
													"unwrapMode": 3,
													"uv": [ 44.5, 48.5 ],
													"rotationOrigin": [ 0.4, 0.6, 0.55 ],
													"rotationX": -5.0,
													"rotationZ": 45.0,
													"faces": {
														"north": { "texture": "#skin", "uv": [ 46.0, 49.0, 46.5, 50.0 ] },
														"east": { "texture": "#skin", "uv": [ 45.5, 49.0, 46.0, 50.0 ] },
														"south": { "texture": "#skin", "uv": [ 45.0, 49.0, 45.5, 50.0 ] },
														"west": { "texture": "#skin", "uv": [ 44.5, 49.0, 45.0, 50.0 ] },
														"up": { "texture": "#skin", "uv": [ 45.0, 48.5, 45.5, 49.0 ] }
													}
												}
											]
										}
									]
								}
							]
						}
					]
				}
			]
		}
	]}