{
	"editor": {
		"allAngles": false,
		"entityTextureMode": false
	},
	"textureWidth": 16,
	"textureHeight": 16,
	"textureSizes": {
		"texture": [16,16],
		"cupronickel": [16,16],
		"blistersteel": [16,16],
		"steel": [16,16],
		"tech-powergeneratorbottom": [16,16]
	},
	"textures": {
		"tech-powergeneratorbottom": "game:block/machine/tech/tech-powergeneratorbottom",
		"blistersteel": "game:block/metal/ingot/blistersteel",
		"cupronickel": "game:block/metal/ingot/cupronickel",
		"steel": "game:block/metal/ingot/steel"
	},
	"elements": [
		{
			"name": "origin",
			"from": [ 8.0, 8.0, 8.0 ],
			"to": [ 8.0, 8.0, 8.0 ],
			"rotationOrigin": [ 8.0, 8.0, 8.0 ],
			"faces": {
				"north": { "texture": "#null", "uv": [ 0.0, 0.0, 0.5, 0.5 ], "enabled": false },
				"east": { "texture": "#null", "uv": [ 0.0, 0.0, 0.5, 0.5 ], "enabled": false },
				"south": { "texture": "#null", "uv": [ 0.0, 0.0, 0.5, 0.5 ], "enabled": false },
				"west": { "texture": "#null", "uv": [ 0.0, 0.0, 0.5, 0.5 ], "enabled": false },
				"up": { "texture": "#null", "uv": [ 0.0, 0.0, 0.5, 0.5 ], "enabled": false },
				"down": { "texture": "#null", "uv": [ 0.0, 0.0, 0.5, 0.5 ], "enabled": false }
			},
			"children": [
				{
					"name": "head",
					"from": [ 0.0, 0.0, 0.0 ],
					"to": [ 0.0, 0.0, 0.0 ],
					"faces": {
						"north": { "texture": "#null", "uv": [ 0.0, 0.0, 0.5, 0.5 ], "enabled": false },
						"east": { "texture": "#null", "uv": [ 0.0, 0.0, 0.5, 0.5 ], "enabled": false },
						"south": { "texture": "#null", "uv": [ 0.0, 0.0, 0.5, 0.5 ], "enabled": false },
						"west": { "texture": "#null", "uv": [ 0.0, 0.0, 0.5, 0.5 ], "enabled": false },
						"up": { "texture": "#null", "uv": [ 0.0, 0.0, 0.5, 0.5 ], "enabled": false },
						"down": { "texture": "#null", "uv": [ 0.0, 0.0, 0.5, 0.5 ], "enabled": false }
					},
					"children": [
						{
							"name": "speaker",
							"from": [ 0.5, -8.0, 0.5 ],
							"to": [ 0.5, -8.0, 0.5 ],
							"rotationOrigin": [ 0.5, -8.0, 0.5 ],
							"faces": {
								"north": { "texture": "#null", "uv": [ 0.0, 0.0, 0.5, 0.5 ], "enabled": false },
								"east": { "texture": "#null", "uv": [ 0.0, 0.0, 0.5, 0.5 ], "enabled": false },
								"south": { "texture": "#null", "uv": [ 0.0, 0.0, 0.5, 0.5 ], "enabled": false },
								"west": { "texture": "#null", "uv": [ 0.0, 0.0, 0.5, 0.5 ], "enabled": false },
								"up": { "texture": "#null", "uv": [ 0.0, 0.0, 0.5, 0.5 ], "enabled": false },
								"down": { "texture": "#null", "uv": [ 0.0, 0.0, 0.5, 0.5 ], "enabled": false }
							},
							"children": [
								{
									"name": "cube",
									"from": [ -1.5, 0.0, -1.5 ],
									"to": [ 0.5, 1.0, 0.5 ],
									"faces": {
										"north": { "texture": "#cupronickel", "uv": [ 10.0, 11.0, 12.0, 12.0 ], "autoUv": false, "snapUv": false },
										"east": { "texture": "#cupronickel", "uv": [ 0.0, 12.0, 2.0, 13.0 ], "autoUv": false, "snapUv": false },
										"south": { "texture": "#cupronickel", "uv": [ 2.0, 12.0, 4.0, 13.0 ], "autoUv": false, "snapUv": false },
										"west": { "texture": "#cupronickel", "uv": [ 4.0, 12.0, 6.0, 13.0 ], "autoUv": false, "snapUv": false },
										"up": { "texture": "#cupronickel", "uv": [ 2.0, 10.0, 0.0, 8.0 ], "autoUv": false, "snapUv": false },
										"down": { "texture": "#cupronickel", "uv": [ 2.0, 10.0, 0.0, 12.0 ], "autoUv": false, "snapUv": false }
									}
								},
								{
									"name": "cube",
									"from": [ -1.25, -0.1, -1.25 ],
									"to": [ 0.25, 1.15, 0.25 ],
									"rotationOrigin": [ 0.0, -0.1, 0.0 ],
									"faces": {
										"north": { "texture": "#blistersteel", "uv": [ 10.0, 12.0, 12.0, 13.0 ], "autoUv": false, "snapUv": false },
										"east": { "texture": "#blistersteel", "uv": [ 12.0, 11.0, 14.0, 12.0 ], "autoUv": false, "snapUv": false },
										"south": { "texture": "#blistersteel", "uv": [ 12.0, 12.0, 14.0, 13.0 ], "autoUv": false, "snapUv": false },
										"west": { "texture": "#blistersteel", "uv": [ 0.0, 13.0, 2.0, 14.0 ], "autoUv": false, "snapUv": false },
										"up": { "texture": "#blistersteel", "uv": [ 4.0, 12.0, 2.0, 10.0 ], "autoUv": false, "snapUv": false },
										"down": { "texture": "#blistersteel", "uv": [ 6.0, 10.0, 4.0, 12.0 ], "autoUv": false, "snapUv": false }
									}
								}
							]
						},
						{
							"name": "frame",
							"from": [ 0.0, -7.9, 0.0 ],
							"to": [ 0.0, -7.9, 0.0 ],
							"rotationOrigin": [ 0.0, -7.9, 0.0 ],
							"faces": {
								"north": { "texture": "#cupronickel", "uv": [ 0.0, 0.0, 0.5, 0.5 ], "enabled": false },
								"east": { "texture": "#cupronickel", "uv": [ 0.0, 0.0, 0.5, 0.5 ], "enabled": false },
								"south": { "texture": "#cupronickel", "uv": [ 0.0, 0.0, 0.5, 0.5 ], "enabled": false },
								"west": { "texture": "#cupronickel", "uv": [ 0.0, 0.0, 0.5, 0.5 ], "enabled": false },
								"up": { "texture": "#cupronickel", "uv": [ 0.0, 0.0, 0.5, 0.5 ], "enabled": false },
								"down": { "texture": "#cupronickel", "uv": [ 0.0, 0.0, 0.5, 0.5 ], "enabled": false }
							},
							"children": [
								{
									"name": "cube",
									"from": [ -2.5, 0.0, -3.25 ],
									"to": [ 2.5, 0.75, -2.5 ],
									"faces": {
										"north": { "texture": "#cupronickel", "uv": [ 4.0, 4.0, 9.0, 5.0 ], "autoUv": false, "snapUv": false },
										"east": { "texture": "#cupronickel", "uv": [ 10.0, 13.0, 11.0, 14.0 ], "autoUv": false, "snapUv": false },
										"south": { "texture": "#cupronickel", "uv": [ 4.0, 5.0, 9.0, 6.0 ], "autoUv": false, "snapUv": false },
										"west": { "texture": "#cupronickel", "uv": [ 11.0, 13.0, 12.0, 14.0 ], "autoUv": false, "snapUv": false },
										"up": { "texture": "#cupronickel", "uv": [ 11.0, 1.0, 6.0, 0.0 ], "autoUv": false, "snapUv": false },
										"down": { "texture": "#cupronickel", "uv": [ 11.0, 1.0, 6.0, 2.0 ], "autoUv": false, "snapUv": false }
									}
								},
								{
									"name": "cube",
									"from": [ -2.5, 0.0, 2.5 ],
									"to": [ 2.5, 0.75, 3.25 ],
									"faces": {
										"north": { "texture": "#cupronickel", "uv": [ 4.0, 6.0, 9.0, 7.0 ], "autoUv": false, "snapUv": false },
										"east": { "texture": "#cupronickel", "uv": [ 12.0, 13.0, 13.0, 14.0 ], "autoUv": false, "snapUv": false },
										"south": { "texture": "#cupronickel", "uv": [ 4.0, 7.0, 9.0, 8.0 ], "autoUv": false, "snapUv": false },
										"west": { "texture": "#cupronickel", "uv": [ 13.0, 13.0, 14.0, 14.0 ], "autoUv": false, "snapUv": false },
										"up": { "texture": "#cupronickel", "uv": [ 13.0, 3.0, 8.0, 2.0 ], "autoUv": false, "snapUv": false },
										"down": { "texture": "#cupronickel", "uv": [ 13.0, 3.0, 8.0, 4.0 ], "autoUv": false, "snapUv": false }
									}
								},
								{
									"name": "cube",
									"from": [ -2.5, 0.0, -3.25 ],
									"to": [ 2.5, 0.75, -2.5 ],
									"rotationOrigin": [ 0.0, 0.0, 0.0 ],
									"rotationY": 90.0,
									"faces": {
										"north": { "texture": "#cupronickel", "uv": [ 4.0, 8.0, 9.0, 9.0 ], "autoUv": false, "snapUv": false },
										"east": { "texture": "#cupronickel", "uv": [ 0.0, 14.0, 1.0, 15.0 ], "autoUv": false, "snapUv": false },
										"south": { "texture": "#cupronickel", "uv": [ 4.0, 9.0, 9.0, 10.0 ], "autoUv": false, "snapUv": false },
										"west": { "texture": "#cupronickel", "uv": [ 14.0, 0.0, 15.0, 1.0 ], "autoUv": false, "snapUv": false },
										"up": { "texture": "#cupronickel", "uv": [ 14.0, 5.0, 9.0, 4.0 ], "autoUv": false, "snapUv": false },
										"down": { "texture": "#cupronickel", "uv": [ 14.0, 5.0, 9.0, 6.0 ], "autoUv": false, "snapUv": false }
									}
								},
								{
									"name": "cube",
									"from": [ -2.5, 0.0, 2.5 ],
									"to": [ 2.5, 0.75, 3.25 ],
									"rotationOrigin": [ 0.0, 0.0, 0.0 ],
									"rotationY": 90.0,
									"faces": {
										"north": { "texture": "#cupronickel", "uv": [ 9.0, 6.0, 14.0, 7.0 ], "autoUv": false, "snapUv": false },
										"east": { "texture": "#cupronickel", "uv": [ 1.0, 14.0, 2.0, 15.0 ], "autoUv": false, "snapUv": false },
										"south": { "texture": "#cupronickel", "uv": [ 9.0, 7.0, 14.0, 8.0 ], "autoUv": false, "snapUv": false },
										"west": { "texture": "#cupronickel", "uv": [ 14.0, 1.0, 15.0, 2.0 ], "autoUv": false, "snapUv": false },
										"up": { "texture": "#cupronickel", "uv": [ 14.0, 9.0, 9.0, 8.0 ], "autoUv": false, "snapUv": false },
										"down": { "texture": "#cupronickel", "uv": [ 14.0, 9.0, 9.0, 10.0 ], "autoUv": false, "snapUv": false }
									}
								},
								{
									"name": "cube",
									"from": [ -0.775, -0.025, -4.2 ],
									"to": [ 0.275, 0.775, -3.25 ],
									"rotationOrigin": [ -0.25, 0.0, 0.25 ],
									"rotationY": -45.0,
									"faces": {
										"north": { "texture": "#cupronickel", "uv": [ 2.0, 14.0, 3.0, 15.0 ], "autoUv": false, "snapUv": false },
										"east": { "texture": "#cupronickel", "uv": [ 14.0, 2.0, 15.0, 3.0 ], "autoUv": false, "snapUv": false },
										"south": { "texture": "#cupronickel", "uv": [ 3.0, 14.0, 4.0, 15.0 ], "autoUv": false, "snapUv": false },
										"west": { "texture": "#cupronickel", "uv": [ 14.0, 3.0, 15.0, 4.0 ], "autoUv": false, "snapUv": false },
										"up": { "texture": "#cupronickel", "uv": [ 5.0, 15.0, 4.0, 14.0 ], "autoUv": false, "snapUv": false },
										"down": { "texture": "#cupronickel", "uv": [ 15.0, 4.0, 14.0, 5.0 ], "autoUv": false, "snapUv": false }
									}
								},
								{
									"name": "cube",
									"from": [ -0.275, -0.025, -4.2 ],
									"to": [ 0.775, 0.775, -3.25 ],
									"rotationOrigin": [ 0.25, 0.0, 0.25 ],
									"rotationY": 45.0,
									"faces": {
										"north": { "texture": "#cupronickel", "uv": [ 5.0, 14.0, 6.0, 15.0 ], "autoUv": false, "snapUv": false },
										"east": { "texture": "#cupronickel", "uv": [ 14.0, 5.0, 15.0, 6.0 ], "autoUv": false, "snapUv": false },
										"south": { "texture": "#cupronickel", "uv": [ 14.0, 6.0, 15.0, 7.0 ], "autoUv": false, "snapUv": false },
										"west": { "texture": "#cupronickel", "uv": [ 14.0, 7.0, 15.0, 8.0 ], "autoUv": false, "snapUv": false },
										"up": { "texture": "#cupronickel", "uv": [ 9.0, 15.0, 8.0, 14.0 ], "autoUv": false, "snapUv": false },
										"down": { "texture": "#cupronickel", "uv": [ 15.0, 8.0, 14.0, 9.0 ], "autoUv": false, "snapUv": false }
									}
								},
								{
									"name": "cube",
									"from": [ -0.275, -0.025, 3.25 ],
									"to": [ 0.775, 0.775, 4.2 ],
									"rotationOrigin": [ 0.25, 0.0, -0.25 ],
									"rotationY": -45.0,
									"faces": {
										"north": { "texture": "#cupronickel", "uv": [ 9.0, 14.0, 10.0, 15.0 ], "autoUv": false, "snapUv": false },
										"east": { "texture": "#cupronickel", "uv": [ 14.0, 9.0, 15.0, 10.0 ], "autoUv": false, "snapUv": false },
										"south": { "texture": "#cupronickel", "uv": [ 10.0, 14.0, 11.0, 15.0 ], "autoUv": false, "snapUv": false },
										"west": { "texture": "#cupronickel", "uv": [ 14.0, 10.0, 15.0, 11.0 ], "autoUv": false, "snapUv": false },
										"up": { "texture": "#cupronickel", "uv": [ 12.0, 15.0, 11.0, 14.0 ], "autoUv": false, "snapUv": false },
										"down": { "texture": "#cupronickel", "uv": [ 15.0, 11.0, 14.0, 12.0 ], "autoUv": false, "snapUv": false }
									}
								},
								{
									"name": "cube",
									"from": [ -0.775, -0.025, 3.25 ],
									"to": [ 0.275, 0.775, 4.2 ],
									"rotationOrigin": [ -0.25, 0.0, -0.25 ],
									"rotationY": 45.0,
									"faces": {
										"north": { "texture": "#cupronickel", "uv": [ 12.0, 14.0, 13.0, 15.0 ], "autoUv": false, "snapUv": false },
										"east": { "texture": "#cupronickel", "uv": [ 14.0, 12.0, 15.0, 13.0 ], "autoUv": false, "snapUv": false },
										"south": { "texture": "#cupronickel", "uv": [ 13.0, 14.0, 14.0, 15.0 ], "autoUv": false, "snapUv": false },
										"west": { "texture": "#cupronickel", "uv": [ 14.0, 13.0, 15.0, 14.0 ], "autoUv": false, "snapUv": false },
										"up": { "texture": "#cupronickel", "uv": [ 15.0, 15.0, 14.0, 14.0 ], "autoUv": false, "snapUv": false },
										"down": { "texture": "#cupronickel", "uv": [ 1.0, 15.0, 0.0, 16.0 ], "autoUv": false, "snapUv": false }
									}
								}
							]
						},
						{
							"name": "spring",
							"from": [ 0.0, 0.0, 0.0 ],
							"to": [ 0.0, 0.0, 0.0 ],
							"faces": {
								"north": { "texture": "#blistersteel", "uv": [ 0.0, 0.0, 0.5, 0.5 ], "enabled": false },
								"east": { "texture": "#blistersteel", "uv": [ 0.0, 0.0, 0.5, 0.5 ], "enabled": false },
								"south": { "texture": "#blistersteel", "uv": [ 0.0, 0.0, 0.5, 0.5 ], "enabled": false },
								"west": { "texture": "#blistersteel", "uv": [ 0.0, 0.0, 0.5, 0.5 ], "enabled": false },
								"up": { "texture": "#blistersteel", "uv": [ 0.0, 0.0, 0.5, 0.5 ], "enabled": false },
								"down": { "texture": "#blistersteel", "uv": [ 0.0, 0.0, 0.5, 0.5 ], "enabled": false }
							},
							"children": [
								{
									"name": "cube",
									"from": [ -0.3073, -7.8, -3.1391 ],
									"to": [ 0.2427, -7.25, 3.1609 ],
									"rotationOrigin": [ 0.0, -7.475, 0.025 ],
									"rotationY": 45.0,
									"rotationZ": 45.0,
									"faces": {
										"north": { "texture": "#blistersteel", "uv": [ 15.0, 0.0, 16.0, 1.0 ], "autoUv": false, "snapUv": false },
										"east": { "texture": "#blistersteel", "uv": [ 0.0, 0.0, 6.0, 1.0 ], "autoUv": false, "snapUv": false },
										"south": { "texture": "#blistersteel", "uv": [ 1.0, 15.0, 2.0, 16.0 ], "autoUv": false, "snapUv": false },
										"west": { "texture": "#blistersteel", "uv": [ 0.0, 1.0, 6.0, 2.0 ], "autoUv": false, "snapUv": false },
										"up": { "texture": "#blistersteel", "uv": [ 1.0, 8.0, 0.0, 2.0 ], "autoUv": false, "snapUv": false },
										"down": { "texture": "#blistersteel", "uv": [ 2.0, 2.0, 1.0, 8.0 ], "autoUv": false, "snapUv": false }
									}
								},
								{
									"name": "cube",
									"from": [ -0.2396, -7.8, -3.1432 ],
									"to": [ 0.3104, -7.25, 3.1568 ],
									"rotationOrigin": [ 0.0, -7.475, 0.025 ],
									"rotationY": -45.0,
									"rotationZ": -45.0,
									"faces": {
										"north": { "texture": "#blistersteel", "uv": [ 15.0, 1.0, 16.0, 2.0 ], "autoUv": false, "snapUv": false },
										"east": { "texture": "#blistersteel", "uv": [ 2.0, 2.0, 8.0, 3.0 ], "autoUv": false, "snapUv": false },
										"south": { "texture": "#blistersteel", "uv": [ 2.0, 15.0, 3.0, 16.0 ], "autoUv": false, "snapUv": false },
										"west": { "texture": "#blistersteel", "uv": [ 2.0, 3.0, 8.0, 4.0 ], "autoUv": false, "snapUv": false },
										"up": { "texture": "#blistersteel", "uv": [ 3.0, 10.0, 2.0, 4.0 ], "autoUv": false, "snapUv": false },
										"down": { "texture": "#blistersteel", "uv": [ 4.0, 4.0, 3.0, 10.0 ], "autoUv": false, "snapUv": false }
									}
								}
							]
						},
						{
							"name": "handle",
							"from": [ 0.0, 0.0, 0.0 ],
							"to": [ 0.0, 0.0, 0.0 ],
							"faces": {
								"north": { "texture": "#steel", "uv": [ 0.0, 0.0, 0.5, 0.5 ], "enabled": false },
								"east": { "texture": "#steel", "uv": [ 0.0, 0.0, 0.5, 0.5 ], "enabled": false },
								"south": { "texture": "#steel", "uv": [ 0.0, 0.0, 0.5, 0.5 ], "enabled": false },
								"west": { "texture": "#steel", "uv": [ 0.0, 0.0, 0.5, 0.5 ], "enabled": false },
								"up": { "texture": "#steel", "uv": [ 0.0, 0.0, 0.5, 0.5 ], "enabled": false },
								"down": { "texture": "#steel", "uv": [ 0.0, 0.0, 0.5, 0.5 ], "enabled": false }
							},
							"children": [
								{
									"name": "cube",
									"from": [ -0.425, -7.9, -8.0 ],
									"to": [ 0.325, -7.15, -4.25 ],
									"rotationOrigin": [ 0.075, -8.65, -4.25 ],
									"faces": {
										"north": { "texture": "#steel", "uv": [ 15.0, 2.0, 16.0, 3.0 ], "autoUv": false, "snapUv": false },
										"east": { "texture": "#steel", "uv": [ 6.0, 10.0, 10.0, 11.0 ], "autoUv": false, "snapUv": false },
										"south": { "texture": "#steel", "uv": [ 3.0, 15.0, 4.0, 16.0 ], "autoUv": false, "snapUv": false },
										"west": { "texture": "#steel", "uv": [ 10.0, 10.0, 14.0, 11.0 ], "autoUv": false, "snapUv": false },
										"up": { "texture": "#steel", "uv": [ 7.0, 15.0, 6.0, 11.0 ], "autoUv": false, "snapUv": false },
										"down": { "texture": "#steel", "uv": [ 8.0, 11.0, 7.0, 15.0 ], "autoUv": false, "snapUv": false }
									}
								},
								{
									"name": "cube",
									"from": [ -0.425, -7.9, -4.1 ],
									"to": [ 0.325, -7.15, -3.35 ],
									"rotationOrigin": [ 0.075, -8.65, -4.35 ],
									"faces": {
										"north": { "texture": "#tech-powergeneratorbottom", "uv": [ 1.5, 9.5, 2.5, 10.5 ], "autoUv": false, "snapUv": false },
										"east": { "texture": "#tech-powergeneratorbottom", "uv": [ 1.5, 10.5, 2.5, 11.5 ], "autoUv": false, "snapUv": false },
										"south": { "texture": "#tech-powergeneratorbottom", "uv": [ 1.5, 10.0, 2.5, 11.0 ], "autoUv": false, "snapUv": false },
										"west": { "texture": "#tech-powergeneratorbottom", "uv": [ 1.5, 9.5, 2.5, 10.5 ], "autoUv": false, "snapUv": false },
										"up": { "texture": "#tech-powergeneratorbottom", "uv": [ 2.5, 8.5, 1.5, 7.5 ], "autoUv": false, "snapUv": false },
										"down": { "texture": "#tech-powergeneratorbottom", "uv": [ 2.5, 7.5, 1.5, 8.5 ], "autoUv": false, "snapUv": false }
									}
								},
								{
									"name": "cube",
									"from": [ -0.3, -7.775, -4.25 ],
									"to": [ 0.2, -7.275, -1.0 ],
									"rotationOrigin": [ -0.05, -8.525, 0.75 ],
									"faces": {
										"north": { "texture": "#tech-powergeneratorbottom", "uv": [ 7.0, 6.0, 8.0, 7.0 ], "autoUv": false, "snapUv": false },
										"east": { "texture": "#tech-powergeneratorbottom", "uv": [ 6.0, 6.0, 9.0, 7.0 ], "autoUv": false, "snapUv": false },
										"south": { "texture": "#tech-powergeneratorbottom", "uv": [ 6.0, 5.5, 7.0, 6.5 ], "autoUv": false, "snapUv": false },
										"west": { "texture": "#tech-powergeneratorbottom", "uv": [ 6.0, 6.5, 9.0, 7.5 ], "autoUv": false, "snapUv": false },
										"up": { "texture": "#tech-powergeneratorbottom", "uv": [ 7.5, 10.0, 6.5, 7.0 ], "autoUv": false, "snapUv": false },
										"down": { "texture": "#tech-powergeneratorbottom", "uv": [ 9.5, 5.5, 8.5, 8.5 ], "autoUv": false, "snapUv": false }
									}
								}
							]
						}
					]
				}
			]
		}
	]}