{
	"editor": {
		"allAngles": false,
		"entityTextureMode": false
	},
	"textureWidth": 16,
	"textureHeight": 16,
	"textureSizes": {
	},
	"textures": {
		"walnut-h": "block/wood/bark/walnut-h-b",
		"baldcypress": "block/wood/treetrunk/baldcypress-b"
	},
	"elements": [
		{
			"name": "Ashes",
			"from": [ 1.0, 1.0, 0.01 ],
			"to": [ 15.0, 15.0, 0.06 ],
			"renderPass": 2,
			"rotationOrigin": [ 8.0, 8.0, 8.0 ],
			"rotationX": -90.0,
			"faces": {
				"south": { "texture": "#ashes", "uv": [ 1.0, 1.0, 15.0, 15.0 ] }
			}
		},
		{
			"name": "Ember",
			"from": [ 7.0, 0.0, 7.0 ],
			"to": [ 9.0, 2.0, 9.0 ],
			"faces": {
				"north": { "texture": "#fire", "uv": [ 6.0, 5.0, 8.0, 7.0 ], "glow": 160 },
				"east": { "texture": "#fire", "uv": [ 7.0, 7.0, 9.0, 9.0 ], "glow": 160 },
				"south": { "texture": "#fire", "uv": [ 7.0, 4.0, 9.0, 6.0 ], "glow": 160 },
				"west": { "texture": "#fire", "uv": [ 6.0, 4.0, 8.0, 6.0 ], "glow": 160 },
				"up": { "texture": "#fire", "uv": [ 7.0, 5.0, 9.0, 7.0 ], "glow": 160 }
			}
		},
		{
			"name": "Ember",
			"from": [ 7.0, 0.0, 6.0 ],
			"to": [ 8.0, 1.0, 7.0 ],
			"faces": {
				"north": { "texture": "#fire", "uv": [ 7.0, 4.0, 8.0, 5.0 ], "glow": 160 },
				"east": { "texture": "#fire", "uv": [ 6.0, 5.0, 7.0, 6.0 ], "glow": 160 },
				"south": { "texture": "#fire", "uv": [ 8.0, 6.0, 9.0, 7.0 ], "glow": 160 },
				"west": { "texture": "#fire", "uv": [ 7.0, 5.0, 8.0, 6.0 ], "glow": 160 },
				"up": { "texture": "#fire", "uv": [ 7.0, 5.0, 8.0, 6.0 ], "glow": 160 }
			}
		},
		{
			"name": "Ember",
			"from": [ 9.0, 0.0, 8.0 ],
			"to": [ 10.0, 1.0, 9.0 ],
			"faces": {
				"north": { "texture": "#fire", "uv": [ 8.0, 4.0, 9.0, 5.0 ], "glow": 160 },
				"east": { "texture": "#fire", "uv": [ 7.0, 5.0, 8.0, 6.0 ], "glow": 160 },
				"south": { "texture": "#fire", "uv": [ 8.0, 4.0, 9.0, 5.0 ], "glow": 160 },
				"west": { "texture": "#fire", "uv": [ 6.0, 5.0, 7.0, 6.0 ], "glow": 160 },
				"up": { "texture": "#fire", "uv": [ 6.0, 6.0, 7.0, 7.0 ], "glow": 160 }
			}
		},
		{
			"name": "Ember",
			"from": [ 7.0, 0.0, 9.0 ],
			"to": [ 8.0, 1.0, 10.0 ],
			"faces": {
				"north": { "texture": "#fire", "uv": [ 7.0, 4.0, 8.0, 5.0 ], "glow": 160 },
				"east": { "texture": "#fire", "uv": [ 7.0, 4.0, 8.0, 5.0 ], "glow": 160 },
				"south": { "texture": "#fire", "uv": [ 8.0, 5.0, 9.0, 6.0 ], "glow": 160 },
				"west": { "texture": "#fire", "uv": [ 8.0, 4.0, 9.0, 5.0 ], "glow": 160 },
				"up": { "texture": "#fire", "uv": [ 8.0, 5.0, 9.0, 6.0 ], "glow": 160 }
			}
		},
		{
			"name": "Log-N",
			"from": [ 1.9, -0.1, 9.3 ],
			"to": [ 13.9, 4.4, 13.8 ],
			"rotationOrigin": [ 6.9, -0.1, 10.3 ],
			"rotationY": -15.5,
			"faces": {
				"north": { "texture": "#walnut-h", "uv": [ 1.5, 7.5, 13.5, 12.0 ] },
				"east": { "texture": "#baldcypress", "uv": [ 5.5, 6.0, 10.0, 10.5 ] },
				"south": { "texture": "#walnut-h", "uv": [ 1.5, 4.5, 13.5, 9.0 ] },
				"west": { "texture": "#baldcypress", "uv": [ 5.5, 6.0, 10.0, 10.5 ] },
				"up": { "texture": "#walnut-h", "uv": [ 1.5, 0.0, 13.5, 4.5 ] },
				"down": { "texture": "#walnut-h", "uv": [ 3.0, 8.0, 15.0, 12.5 ], "windMode": [-1,-1,-1,-1] }
			}
		},
		{
			"name": "Log-S",
			"from": [ -1.1, -0.1, 1.1 ],
			"to": [ 10.9, 4.4, 5.6 ],
			"rotationOrigin": [ 9.9, -0.1, 4.1 ],
			"rotationY": 67.5,
			"rotationZ": -34.5,
			"faces": {
				"north": { "texture": "#walnut-h", "uv": [ 1.5, 5.0, 13.5, 9.5 ] },
				"east": { "texture": "#baldcypress", "uv": [ 5.5, 5.5, 10.0, 10.0 ] },
				"south": { "texture": "#walnut-h", "uv": [ 1.5, 5.0, 13.5, 9.5 ] },
				"west": { "texture": "#baldcypress", "uv": [ 5.5, 6.0, 10.0, 10.5 ] },
				"up": { "texture": "#walnut-h", "uv": [ 1.5, 2.0, 13.5, 6.5 ] },
				"down": { "texture": "#walnut-h", "uv": [ 2.5, 8.0, 14.5, 12.5 ], "windMode": [-1,-1,-1,-1] }
			}
		}
	]}