{
	"editor": {
		"backDropShape": "entity/animal/mammal/hooved/odocoileini/rangiferfennicus/adult",
		"allAngles": true,
		"entityTextureMode": true
	},
	"textureWidth": 56,
	"textureHeight": 80,
	"textureSizes": {
		"skin": [56,80]
	},
	"textures": {
		"skin": "entity/animal/mammal/hooved/odocoileini/rangiferfennicus-adult"
	},
	"elements": [
		{
			"name": "skin attachment",
			"stepParentName": "head",
			"from": [ 1.0, 3.0, 1.95 ],
			"to": [ 2.1, 4.1, 3.05 ],
			"uv": [ 0.0, 0.0 ],
			"rotationOrigin": [ 1.0, 3.0, 1.95 ],
			"faces": {
			},
			"children": [
				{
					"name": "R antler base 1",
					"from": [ 0.2, 0.7, -1.5 ],
					"to": [ 1.2, 2.4, -0.5 ],
					"unwrapMode": 4,
					"uv": [ 28.5, 7.0 ],
					"rotationOrigin": [ 0.2, 0.7, -0.5 ],
					"rotationX": -25.0,
					"rotationZ": -30.0,
					"faces": {
						"north": { "texture": "#skin", "uv": [ 28.5, 8.0, 29.5, 9.5 ] },
						"east": { "texture": "#skin", "uv": [ 31.5, 8.0, 32.5, 9.5 ] },
						"south": { "texture": "#skin", "uv": [ 30.5, 8.0, 31.5, 9.5 ] },
						"west": { "texture": "#skin", "uv": [ 29.5, 8.0, 30.5, 9.5 ], "windMode": [-1,-1,-1,-1], "windData": [0,1,1,1] },
						"up": { "texture": "#skin", "uv": [ 29.5, 7.0, 30.5, 8.0 ], "rotation": 90 }
					},
					"children": [
						{
							"name": "R antler base 2",
							"from": [ 0.1, 1.7, 0.1 ],
							"to": [ 0.9, 3.5, 0.9 ],
							"unwrapMode": 4,
							"uv": [ 54.0, 77.5 ],
							"rotationOrigin": [ 0.1, 1.7, 0.9 ],
							"rotationZ": 4.0,
							"faces": {
								"north": { "texture": "#skin", "uv": [ 54.0, 78.0, 54.5, 79.5 ] },
								"east": { "texture": "#skin", "uv": [ 55.5, 78.0, 56.0, 79.5 ] },
								"south": { "texture": "#skin", "uv": [ 55.0, 78.0, 55.5, 79.5 ] },
								"west": { "texture": "#skin", "uv": [ 54.5, 78.0, 55.0, 79.5 ] },
								"up": { "texture": "#skin", "uv": [ 54.5, 77.5, 55.0, 78.0 ], "rotation": 90 },
								"down": { "texture": "#skin", "uv": [ 54.5, 79.5, 55.0, 80.0 ], "rotation": 90 }
							},
							"children": [
								{
									"name": "R antler base 3",
									"from": [ 0.1, 1.7, 0.1 ],
									"to": [ 0.7, 7.2, 0.7 ],
									"unwrapMode": 4,
									"uv": [ 54.0, 72.0 ],
									"rotationOrigin": [ 0.1, 1.7, 0.7 ],
									"rotationX": -10.0,
									"rotationZ": -30.0,
									"faces": {
										"north": { "texture": "#skin", "uv": [ 54.0, 72.5, 54.5, 78.0 ] },
										"east": { "texture": "#skin", "uv": [ 55.5, 72.5, 56.0, 78.0 ] },
										"south": { "texture": "#skin", "uv": [ 55.0, 72.5, 55.5, 78.0 ] },
										"west": { "texture": "#skin", "uv": [ 54.5, 72.5, 55.0, 78.0 ] },
										"up": { "texture": "#skin", "uv": [ 54.5, 72.0, 55.0, 72.5 ], "rotation": 90 },
										"down": { "texture": "#skin", "uv": [ 54.5, 78.0, 55.0, 78.5 ], "rotation": 90 }
									},
									"children": [
										{
											"name": "R antler base 4",
											"from": [ 0.1, 5.1, 0.0 ],
											"to": [ 0.7, 7.6, 0.6 ],
											"unwrapMode": 4,
											"uv": [ 54.0, 67.5 ],
											"rotationOrigin": [ 0.1, 5.1, 0.6 ],
											"rotationX": 1.0,
											"rotationZ": 45.0,
											"faces": {
												"north": { "texture": "#skin", "uv": [ 54.0, 68.0, 54.5, 70.5 ] },
												"east": { "texture": "#skin", "uv": [ 55.5, 68.0, 56.0, 70.5 ] },
												"south": { "texture": "#skin", "uv": [ 55.0, 68.0, 55.5, 70.5 ] },
												"west": { "texture": "#skin", "uv": [ 54.5, 68.0, 55.0, 70.5 ] },
												"up": { "texture": "#skin", "uv": [ 54.5, 67.5, 55.0, 68.0 ], "rotation": 90 },
												"down": { "texture": "#skin", "uv": [ 54.5, 70.5, 55.0, 71.0 ], "rotation": 90 }
											},
											"children": [
												{
													"name": "R antler base 5",
													"from": [ 0.2, 2.0, 0.0 ],
													"to": [ 0.8, 6.5, 0.6 ],
													"unwrapMode": 4,
													"uv": [ 54.0, 63.0 ],
													"rotationOrigin": [ 0.2, 2.0, 0.6 ],
													"rotationX": 10.0,
													"rotationY": 10.0,
													"rotationZ": 40.0,
													"faces": {
														"north": { "texture": "#skin", "uv": [ 54.0, 63.5, 54.5, 68.0 ] },
														"east": { "texture": "#skin", "uv": [ 55.5, 63.5, 56.0, 68.0 ] },
														"south": { "texture": "#skin", "uv": [ 55.0, 63.5, 55.5, 68.0 ] },
														"west": { "texture": "#skin", "uv": [ 54.5, 63.5, 55.0, 68.0 ] },
														"up": { "texture": "#skin", "uv": [ 54.5, 63.0, 55.0, 63.5 ], "rotation": 90 },
														"down": { "texture": "#skin", "uv": [ 54.5, 68.0, 55.0, 68.5 ], "rotation": 90 }
													},
													"children": [
														{
															"name": "R antler base 6",
															"from": [ -3.4, 3.8, 0.0 ],
															"to": [ 0.1, 5.3, 0.6 ],
															"unwrapMode": 3,
															"uv": [ 44.0, 35.0 ],
															"rotationOrigin": [ 0.1, 3.8, 0.0 ],
															"rotationX": -1.0,
															"rotationZ": -50.0,
															"faces": {
																"north": { "texture": "#skin", "uv": [ 48.5, 35.5, 52.0, 37.0 ] },
																"east": { "texture": "#skin", "uv": [ 48.0, 35.5, 48.5, 37.0 ] },
																"south": { "texture": "#skin", "uv": [ 44.5, 35.5, 48.0, 37.0 ] },
																"west": { "texture": "#skin", "uv": [ 44.0, 35.5, 44.5, 37.0 ] },
																"up": { "texture": "#skin", "uv": [ 44.5, 35.0, 48.0, 35.5 ] },
																"down": { "texture": "#skin", "uv": [ 44.5, 37.0, 48.0, 37.5 ], "rotation": 180 }
															},
															"children": [
																{
																	"name": "RTine3A",
																	"from": [ 3.0, 1.5, 0.05 ],
																	"to": [ 3.5, 3.5, 0.55 ],
																	"unwrapMode": 3,
																	"uv": [ 54.0, 41.5 ],
																	"rotationOrigin": [ 3.5, 1.5, 0.05 ],
																	"rotationX": 10.0,
																	"rotationZ": 5.0,
																	"faces": {
																		"north": { "texture": "#skin", "uv": [ 55.5, 42.0, 56.0, 44.0 ] },
																		"east": { "texture": "#skin", "uv": [ 55.0, 42.0, 55.5, 44.0 ] },
																		"south": { "texture": "#skin", "uv": [ 54.5, 42.0, 55.0, 44.0 ] },
																		"west": { "texture": "#skin", "uv": [ 54.0, 42.0, 54.5, 44.0 ] },
																		"up": { "texture": "#skin", "uv": [ 54.5, 41.5, 55.0, 42.0 ] }
																	}
																},
																{
																	"name": "RTine3B",
																	"from": [ 2.0, 1.5, 0.05 ],
																	"to": [ 2.5, 3.0, 0.55 ],
																	"unwrapMode": 3,
																	"uv": [ 54.0, 39.5 ],
																	"rotationOrigin": [ 2.5, 1.5, 0.05 ],
																	"rotationX": 10.0,
																	"rotationZ": 15.0,
																	"faces": {
																		"north": { "texture": "#skin", "uv": [ 55.5, 40.0, 56.0, 41.5 ] },
																		"east": { "texture": "#skin", "uv": [ 55.0, 40.0, 55.5, 41.5 ] },
																		"south": { "texture": "#skin", "uv": [ 54.5, 40.0, 55.0, 41.5 ] },
																		"west": { "texture": "#skin", "uv": [ 54.0, 40.0, 54.5, 41.5 ] },
																		"up": { "texture": "#skin", "uv": [ 54.5, 39.5, 55.0, 40.0 ] }
																	}
																},
																{
																	"name": "RTine3C",
																	"from": [ 1.0, 1.5, 0.05 ],
																	"to": [ 1.5, 3.0, 0.55 ],
																	"unwrapMode": 3,
																	"uv": [ 54.0, 37.5 ],
																	"rotationOrigin": [ 1.5, 1.5, 0.05 ],
																	"rotationX": 10.0,
																	"rotationZ": 30.0,
																	"faces": {
																		"north": { "texture": "#skin", "uv": [ 55.5, 38.0, 56.0, 39.5 ] },
																		"east": { "texture": "#skin", "uv": [ 55.0, 38.0, 55.5, 39.5 ] },
																		"south": { "texture": "#skin", "uv": [ 54.5, 38.0, 55.0, 39.5 ] },
																		"west": { "texture": "#skin", "uv": [ 54.0, 38.0, 54.5, 39.5 ] },
																		"up": { "texture": "#skin", "uv": [ 54.5, 37.5, 55.0, 38.0 ] }
																	}
																},
																{
																	"name": "RTine3D",
																	"from": [ -1.0, 1.0, 0.05 ],
																	"to": [ 0.0, 1.5, 0.55 ],
																	"unwrapMode": 3,
																	"unwrapRotation": 1,
																	"uv": [ 54.0, 36.0 ],
																	"rotationOrigin": [ 0.0, 1.0, 0.05 ],
																	"rotationY": 10.0,
																	"rotationZ": -30.0,
																	"faces": {
																		"north": { "texture": "#skin", "uv": [ 55.5, 36.0, 56.0, 37.0 ], "rotation": 270 },
																		"south": { "texture": "#skin", "uv": [ 54.5, 36.0, 55.0, 37.0 ], "rotation": 90 },
																		"west": { "texture": "#skin", "uv": [ 54.5, 37.0, 55.0, 37.5 ], "rotation": 90 },
																		"up": { "texture": "#skin", "uv": [ 54.0, 36.0, 54.5, 37.0 ], "rotation": 90 },
																		"down": { "texture": "#skin", "uv": [ 55.0, 36.0, 55.5, 37.0 ], "rotation": 270, "windMode": [-1,-1,-1,-1], "windData": [1,0,0,1] }
																	}
																},
																{
																	"name": "RTine3E",
																	"from": [ -1.0, 0.0, 0.05 ],
																	"to": [ 0.0, 0.5, 0.55 ],
																	"unwrapMode": 3,
																	"unwrapRotation": 1,
																	"uv": [ 54.0, 33.5 ],
																	"rotationOrigin": [ 0.0, 0.0, 0.05 ],
																	"rotationY": 10.0,
																	"rotationZ": 5.0,
																	"faces": {
																		"north": { "texture": "#skin", "uv": [ 55.5, 33.5, 56.0, 34.5 ], "rotation": 270 },
																		"south": { "texture": "#skin", "uv": [ 54.5, 33.5, 55.0, 34.5 ], "rotation": 90 },
																		"west": { "texture": "#skin", "uv": [ 54.5, 34.5, 55.0, 35.0 ], "rotation": 90 },
																		"up": { "texture": "#skin", "uv": [ 54.0, 33.5, 54.5, 34.5 ], "rotation": 90 },
																		"down": { "texture": "#skin", "uv": [ 55.0, 33.5, 55.5, 34.5 ], "rotation": 270, "windMode": [-1,-1,-1,-1] }
																	}
																}
															]
														}
													]
												},
												{
													"name": "R branch 3",
													"from": [ 0.0, 0.0, 0.0 ],
													"to": [ 0.5, 2.0, 0.5 ],
													"unwrapMode": 4,
													"uv": [ 54.0, 70.0 ],
													"rotationOrigin": [ 0.0, 0.0, 0.0 ],
													"rotationX": 1.0,
													"rotationZ": -66.0,
													"faces": {
														"north": { "texture": "#skin", "uv": [ 54.0, 70.5, 54.5, 72.5 ] },
														"east": { "texture": "#skin", "uv": [ 55.5, 70.5, 56.0, 72.5 ] },
														"south": { "texture": "#skin", "uv": [ 55.0, 70.5, 55.5, 72.5 ] },
														"west": { "texture": "#skin", "uv": [ 54.5, 70.5, 55.0, 72.5 ] },
														"up": { "texture": "#skin", "uv": [ 54.5, 70.0, 55.0, 70.5 ], "rotation": 90 }
													}
												}
											]
										}
									]
								},
								{
									"name": "RBeam1",
									"from": [ -2.5, 0.2, 0.1 ],
									"to": [ 0.5, 0.8, 0.7 ],
									"unwrapMode": 3,
									"uv": [ 12.5, 77.0 ],
									"rotationOrigin": [ 0.5, 0.2, 0.1 ],
									"rotationX": 10.0,
									"rotationY": -20.0,
									"rotationZ": 20.0,
									"faces": {
										"north": { "texture": "#skin", "uv": [ 16.0, 77.5, 19.0, 78.0 ] },
										"south": { "texture": "#skin", "uv": [ 13.0, 77.5, 16.0, 78.0 ] },
										"west": { "texture": "#skin", "uv": [ 12.5, 77.5, 13.0, 78.0 ] },
										"up": { "texture": "#skin", "uv": [ 13.0, 77.0, 16.0, 77.5 ] },
										"down": { "texture": "#skin", "uv": [ 13.0, 78.0, 16.0, 78.5 ], "rotation": 180 }
									},
									"children": [
										{
											"name": "RBeam2",
											"from": [ -3.0, 0.0, 0.0 ],
											"to": [ 0.0, 0.6, 0.6 ],
											"unwrapMode": 3,
											"uv": [ 11.5, 78.5 ],
											"rotationOrigin": [ 0.0, 0.0, 0.0 ],
											"rotationY": 25.0,
											"rotationZ": -10.0,
											"faces": {
												"north": { "texture": "#skin", "uv": [ 15.5, 79.0, 18.5, 79.5 ] },
												"east": { "texture": "#skin", "uv": [ 15.0, 79.0, 15.5, 79.5 ] },
												"south": { "texture": "#skin", "uv": [ 12.0, 79.0, 15.0, 79.5 ] },
												"west": { "texture": "#skin", "uv": [ 11.5, 79.0, 12.0, 79.5 ] },
												"up": { "texture": "#skin", "uv": [ 12.0, 78.5, 15.0, 79.0 ] },
												"down": { "texture": "#skin", "uv": [ 12.0, 79.5, 15.0, 80.0 ], "rotation": 180 }
											},
											"children": [
												{
													"name": "RBeam3",
													"from": [ -1.2, 0.3, 0.0 ],
													"to": [ 0.3, 1.8, 0.6 ],
													"unwrapMode": 3,
													"unwrapRotation": 1,
													"uv": [ 18.5, 77.5 ],
													"rotationOrigin": [ 0.3, 0.3, 0.0 ],
													"rotationY": 5.0,
													"rotationZ": 45.0,
													"faces": {
														"north": { "texture": "#skin", "uv": [ 21.0, 78.0, 22.5, 79.5 ], "rotation": 270 },
														"east": { "texture": "#skin", "uv": [ 19.0, 77.5, 20.5, 78.0 ], "rotation": 90 },
														"south": { "texture": "#skin", "uv": [ 19.0, 78.0, 20.5, 79.5 ], "rotation": 90 },
														"west": { "texture": "#skin", "uv": [ 19.0, 79.5, 20.5, 80.0 ], "rotation": 90 },
														"up": { "texture": "#skin", "uv": [ 18.5, 78.0, 19.0, 79.5 ], "rotation": 90 },
														"down": { "texture": "#skin", "uv": [ 20.5, 78.0, 21.0, 79.5 ], "rotation": 270 }
													},
													"children": [
														{
															"name": "RTine01",
															"from": [ 1.0, 1.5, 0.05 ],
															"to": [ 1.5, 2.5, 0.55 ],
															"unwrapMode": 3,
															"uv": [ 20.5, 76.0 ],
															"rotationOrigin": [ 1.5, 1.5, 0.05 ],
															"faces": {
																"north": { "texture": "#skin", "uv": [ 22.0, 76.5, 22.5, 77.5 ] },
																"east": { "texture": "#skin", "uv": [ 21.5, 76.5, 22.0, 77.5 ] },
																"south": { "texture": "#skin", "uv": [ 21.0, 76.5, 21.5, 77.5 ] },
																"west": { "texture": "#skin", "uv": [ 20.5, 76.5, 21.0, 77.5 ] },
																"up": { "texture": "#skin", "uv": [ 21.0, 76.0, 21.5, 76.5 ] }
															}
														},
														{
															"name": "RTine2",
															"from": [ -1.0, 0.0, 0.05 ],
															"to": [ 0.0, 0.5, 0.55 ],
															"unwrapMode": 3,
															"unwrapRotation": 1,
															"uv": [ 15.5, 76.0 ],
															"rotationOrigin": [ -0.5, 0.0, 0.05 ],
															"faces": {
																"north": { "texture": "#skin", "uv": [ 17.0, 76.0, 17.5, 77.0 ], "rotation": 270 },
																"south": { "texture": "#skin", "uv": [ 16.0, 76.0, 16.5, 77.0 ], "rotation": 90 },
																"west": { "texture": "#skin", "uv": [ 16.0, 77.0, 16.5, 77.5 ], "rotation": 90 },
																"up": { "texture": "#skin", "uv": [ 15.5, 76.0, 16.0, 77.0 ], "rotation": 90 },
																"down": { "texture": "#skin", "uv": [ 16.5, 76.0, 17.0, 77.0 ], "rotation": 270 }
															}
														},
														{
															"name": "RTine3",
															"from": [ -1.0, 1.15, 0.05 ],
															"to": [ 0.0, 1.65, 0.55 ],
															"unwrapMode": 3,
															"unwrapRotation": 1,
															"uv": [ 18.0, 76.0 ],
															"rotationOrigin": [ 0.0, 1.15, 0.05 ],
															"rotationZ": -45.0,
															"faces": {
																"north": { "texture": "#skin", "uv": [ 19.5, 76.0, 20.0, 77.0 ], "rotation": 270 },
																"south": { "texture": "#skin", "uv": [ 18.5, 76.0, 19.0, 77.0 ], "rotation": 90 },
																"west": { "texture": "#skin", "uv": [ 18.5, 77.0, 19.0, 77.5 ], "rotation": 90 },
																"up": { "texture": "#skin", "uv": [ 18.0, 76.0, 18.5, 77.0 ], "rotation": 90 },
																"down": { "texture": "#skin", "uv": [ 19.0, 76.0, 19.5, 77.0 ], "rotation": 270 }
															}
														}
													]
												}
											]
										}
									]
								},
								{
									"name": "RBeam2A",
									"from": [ -2.5, 1.2, 0.1 ],
									"to": [ 0.5, 1.8, 0.7 ],
									"unwrapMode": 3,
									"unwrapRotation": 1,
									"uv": [ 54.0, 60.0 ],
									"rotationOrigin": [ 0.5, 1.8, 0.7 ],
									"rotationY": -15.0,
									"rotationZ": -26.0,
									"faces": {
										"north": { "texture": "#skin", "uv": [ 55.5, 60.5, 56.0, 63.5 ], "rotation": 270 },
										"east": { "texture": "#skin", "uv": [ 54.5, 60.0, 55.0, 60.5 ], "rotation": 90 },
										"south": { "texture": "#skin", "uv": [ 54.5, 60.5, 55.0, 63.5 ], "rotation": 90 },
										"west": { "texture": "#skin", "uv": [ 54.5, 63.5, 55.0, 64.0 ], "rotation": 90, "windMode": [-1,-1,-1,-1], "windData": [1,1,1,1] },
										"up": { "texture": "#skin", "uv": [ 54.0, 60.5, 54.5, 63.5 ], "rotation": 90 },
										"down": { "texture": "#skin", "uv": [ 55.0, 60.5, 55.5, 63.5 ], "rotation": 270 }
									},
									"children": [
										{
											"name": "RBeam2B",
											"from": [ -3.0, 0.0, 0.0 ],
											"to": [ 0.0, 0.6, 0.6 ],
											"unwrapMode": 3,
											"unwrapRotation": 1,
											"uv": [ 54.0, 57.0 ],
											"rotationOrigin": [ 0.0, 0.6, 0.0 ],
											"rotationY": 15.0,
											"rotationZ": 28.0,
											"faces": {
												"north": { "texture": "#skin", "uv": [ 55.5, 57.5, 56.0, 60.5 ], "rotation": 270 },
												"east": { "texture": "#skin", "uv": [ 54.5, 57.0, 55.0, 57.5 ], "rotation": 90 },
												"south": { "texture": "#skin", "uv": [ 54.5, 57.5, 55.0, 60.5 ], "rotation": 90 },
												"west": { "texture": "#skin", "uv": [ 54.5, 60.5, 55.0, 61.0 ], "rotation": 90 },
												"up": { "texture": "#skin", "uv": [ 54.0, 57.5, 54.5, 60.5 ], "rotation": 90 },
												"down": { "texture": "#skin", "uv": [ 55.0, 57.5, 55.5, 60.5 ], "rotation": 270 }
											},
											"children": [
												{
													"name": "RTine2A",
													"from": [ 2.0, 0.6, 0.05 ],
													"to": [ 2.5, 2.6, 0.55 ],
													"unwrapMode": 3,
													"uv": [ 54.0, 55.0 ],
													"rotationOrigin": [ 2.5, 0.6, 0.55 ],
													"rotationX": 5.0,
													"rotationZ": 10.0,
													"faces": {
														"north": { "texture": "#skin", "uv": [ 55.5, 55.5, 56.0, 57.5 ] },
														"east": { "texture": "#skin", "uv": [ 55.0, 55.5, 55.5, 57.5 ] },
														"south": { "texture": "#skin", "uv": [ 54.5, 55.5, 55.0, 57.5 ] },
														"west": { "texture": "#skin", "uv": [ 54.0, 55.5, 54.5, 57.5 ] },
														"up": { "texture": "#skin", "uv": [ 54.5, 55.0, 55.0, 55.5 ] }
													}
												},
												{
													"name": "RTine2B",
													"from": [ 1.0, 0.6, 0.05 ],
													"to": [ 1.5, 2.1, 0.55 ],
													"unwrapMode": 3,
													"uv": [ 54.0, 53.5 ],
													"rotationOrigin": [ 1.5, 0.6, 0.55 ],
													"rotationX": 5.0,
													"rotationZ": 30.0,
													"faces": {
														"north": { "texture": "#skin", "uv": [ 55.5, 54.0, 56.0, 55.5 ] },
														"east": { "texture": "#skin", "uv": [ 55.0, 54.0, 55.5, 55.5 ] },
														"south": { "texture": "#skin", "uv": [ 54.5, 54.0, 55.0, 55.5 ] },
														"west": { "texture": "#skin", "uv": [ 54.0, 54.0, 54.5, 55.5 ] },
														"up": { "texture": "#skin", "uv": [ 54.5, 53.5, 55.0, 54.0 ] }
													}
												},
												{
													"name": "RTine2C",
													"from": [ -0.1, 0.6, 0.05 ],
													"to": [ 0.4, 1.6, 0.55 ],
													"unwrapMode": 3,
													"uv": [ 54.0, 52.5 ],
													"rotationOrigin": [ 0.4, 0.6, 0.55 ],
													"rotationX": 5.0,
													"rotationZ": 45.0,
													"faces": {
														"north": { "texture": "#skin", "uv": [ 55.5, 53.0, 56.0, 54.0 ] },
														"east": { "texture": "#skin", "uv": [ 55.0, 53.0, 55.5, 54.0 ] },
														"south": { "texture": "#skin", "uv": [ 54.5, 53.0, 55.0, 54.0 ] },
														"west": { "texture": "#skin", "uv": [ 54.0, 53.0, 54.5, 54.0 ] },
														"up": { "texture": "#skin", "uv": [ 54.5, 52.5, 55.0, 53.0 ] }
													}
												}
											]
										}
									]
								}
							]
						}
					]
				},
				{
					"name": "L antler base 1",
					"from": [ 0.2, 0.7, 0.4 ],
					"to": [ 1.2, 2.4, 1.4 ],
					"unwrapMode": 4,
					"uv": [ 22.5, 7.0 ],
					"rotationOrigin": [ 0.2, 0.7, 0.4 ],
					"rotationX": 25.0,
					"rotationZ": -30.0,
					"faces": {
						"north": { "texture": "#skin", "uv": [ 22.5, 8.0, 23.5, 9.5 ] },
						"east": { "texture": "#skin", "uv": [ 25.5, 8.0, 26.5, 9.5 ] },
						"south": { "texture": "#skin", "uv": [ 24.5, 8.0, 25.5, 9.5 ] },
						"west": { "texture": "#skin", "uv": [ 23.5, 8.0, 24.5, 9.5 ], "windMode": [-1,-1,-1,-1], "windData": [0,0,1,1] },
						"up": { "texture": "#skin", "uv": [ 23.5, 7.0, 24.5, 8.0 ], "rotation": 90 }
					},
					"children": [
						{
							"name": "L antler base 2",
							"from": [ 0.1, 1.7, 0.1 ],
							"to": [ 0.9, 3.5, 0.9 ],
							"unwrapMode": 4,
							"uv": [ 52.0, 77.5 ],
							"rotationOrigin": [ 0.1, 1.7, 0.1 ],
							"rotationZ": 4.0,
							"faces": {
								"north": { "texture": "#skin", "uv": [ 52.0, 78.0, 52.5, 79.5 ] },
								"east": { "texture": "#skin", "uv": [ 53.5, 78.0, 54.0, 79.5 ] },
								"south": { "texture": "#skin", "uv": [ 53.0, 78.0, 53.5, 79.5 ] },
								"west": { "texture": "#skin", "uv": [ 52.5, 78.0, 53.0, 79.5 ] },
								"up": { "texture": "#skin", "uv": [ 52.5, 77.5, 53.0, 78.0 ], "rotation": 90 },
								"down": { "texture": "#skin", "uv": [ 52.5, 79.5, 53.0, 80.0 ], "rotation": 90 }
							},
							"children": [
								{
									"name": "LBeam3A",
									"from": [ 0.1, 1.7, 0.1 ],
									"to": [ 0.7, 7.2, 0.7 ],
									"unwrapMode": 4,
									"uv": [ 52.0, 72.0 ],
									"rotationOrigin": [ 0.1, 1.7, 0.2 ],
									"rotationX": 10.0,
									"rotationZ": -30.0,
									"faces": {
										"north": { "texture": "#skin", "uv": [ 52.0, 72.5, 52.5, 78.0 ] },
										"east": { "texture": "#skin", "uv": [ 53.5, 72.5, 54.0, 78.0 ] },
										"south": { "texture": "#skin", "uv": [ 53.0, 72.5, 53.5, 78.0 ] },
										"west": { "texture": "#skin", "uv": [ 52.5, 72.5, 53.0, 78.0 ] },
										"up": { "texture": "#skin", "uv": [ 52.5, 72.0, 53.0, 72.5 ], "rotation": 90 },
										"down": { "texture": "#skin", "uv": [ 52.5, 78.0, 53.0, 78.5 ], "rotation": 90 }
									},
									"children": [
										{
											"name": "LBeam3B",
											"from": [ 0.1, 5.1, 0.0 ],
											"to": [ 0.7, 7.6, 0.6 ],
											"unwrapMode": 4,
											"uv": [ 52.0, 67.5 ],
											"rotationOrigin": [ 0.1, 5.1, 0.1 ],
											"rotationX": -1.0,
											"rotationZ": 45.0,
											"faces": {
												"north": { "texture": "#skin", "uv": [ 52.0, 68.0, 52.5, 70.5 ] },
												"east": { "texture": "#skin", "uv": [ 53.5, 68.0, 54.0, 70.5 ] },
												"south": { "texture": "#skin", "uv": [ 53.0, 68.0, 53.5, 70.5 ] },
												"west": { "texture": "#skin", "uv": [ 52.5, 68.0, 53.0, 70.5 ] },
												"up": { "texture": "#skin", "uv": [ 52.5, 67.5, 53.0, 68.0 ], "rotation": 90 },
												"down": { "texture": "#skin", "uv": [ 52.5, 70.5, 53.0, 71.0 ], "rotation": 90 }
											},
											"children": [
												{
													"name": "LBeam3C",
													"from": [ 0.2, 2.0, 0.0 ],
													"to": [ 0.8, 6.5, 0.6 ],
													"unwrapMode": 4,
													"uv": [ 52.0, 63.0 ],
													"rotationOrigin": [ 0.2, 2.0, 0.1 ],
													"rotationX": -10.0,
													"rotationY": -10.0,
													"rotationZ": 40.0,
													"faces": {
														"north": { "texture": "#skin", "uv": [ 52.0, 63.5, 52.5, 68.0 ] },
														"east": { "texture": "#skin", "uv": [ 53.5, 63.5, 54.0, 68.0 ] },
														"south": { "texture": "#skin", "uv": [ 53.0, 63.5, 53.5, 68.0 ] },
														"west": { "texture": "#skin", "uv": [ 52.5, 63.5, 53.0, 68.0 ] },
														"up": { "texture": "#skin", "uv": [ 52.5, 63.0, 53.0, 63.5 ], "rotation": 90 },
														"down": { "texture": "#skin", "uv": [ 52.5, 68.0, 53.0, 68.5 ], "rotation": 90 }
													},
													"children": [
														{
															"name": "LBeam3D",
															"from": [ -3.4, 3.8, 0.0 ],
															"to": [ 0.1, 5.3, 0.6 ],
															"unwrapMode": 3,
															"uv": [ 44.0, 39.5 ],
															"rotationOrigin": [ 0.1, 3.8, 0.6 ],
															"rotationX": 1.0,
															"rotationZ": -50.0,
															"faces": {
																"north": { "texture": "#skin", "uv": [ 48.5, 40.0, 52.0, 41.5 ] },
																"east": { "texture": "#skin", "uv": [ 48.0, 40.0, 48.5, 41.5 ] },
																"south": { "texture": "#skin", "uv": [ 44.5, 40.0, 48.0, 41.5 ] },
																"west": { "texture": "#skin", "uv": [ 44.0, 40.0, 44.5, 41.5 ] },
																"up": { "texture": "#skin", "uv": [ 44.5, 39.5, 48.0, 40.0 ] },
																"down": { "texture": "#skin", "uv": [ 44.5, 41.5, 48.0, 42.0 ], "rotation": 180 }
															},
															"children": [
																{
																	"name": "LTine3A",
																	"from": [ 2.0, 1.5, 0.05 ],
																	"to": [ 2.5, 3.0, 0.55 ],
																	"unwrapMode": 3,
																	"uv": [ 52.0, 39.5 ],
																	"rotationOrigin": [ 2.5, 1.5, 0.55 ],
																	"rotationX": -10.0,
																	"rotationZ": 15.0,
																	"faces": {
																		"north": { "texture": "#skin", "uv": [ 53.5, 40.0, 54.0, 41.5 ] },
																		"east": { "texture": "#skin", "uv": [ 53.0, 40.0, 53.5, 41.5 ] },
																		"south": { "texture": "#skin", "uv": [ 52.5, 40.0, 53.0, 41.5 ] },
																		"west": { "texture": "#skin", "uv": [ 52.0, 40.0, 52.5, 41.5 ] },
																		"up": { "texture": "#skin", "uv": [ 52.5, 39.5, 53.0, 40.0 ] }
																	}
																},
																{
																	"name": "LTine3B",
																	"from": [ 1.0, 1.5, 0.05 ],
																	"to": [ 1.5, 3.0, 0.55 ],
																	"unwrapMode": 3,
																	"uv": [ 52.0, 37.5 ],
																	"rotationOrigin": [ 1.5, 1.5, 0.55 ],
																	"rotationX": -10.0,
																	"rotationZ": 30.0,
																	"faces": {
																		"north": { "texture": "#skin", "uv": [ 53.5, 38.0, 54.0, 39.5 ] },
																		"east": { "texture": "#skin", "uv": [ 53.0, 38.0, 53.5, 39.5 ] },
																		"south": { "texture": "#skin", "uv": [ 52.5, 38.0, 53.0, 39.5 ] },
																		"west": { "texture": "#skin", "uv": [ 52.0, 38.0, 52.5, 39.5 ] },
																		"up": { "texture": "#skin", "uv": [ 52.5, 37.5, 53.0, 38.0 ] }
																	}
																},
																{
																	"name": "LTine3D",
																	"from": [ -1.0, 0.0, 0.05 ],
																	"to": [ 0.0, 0.5, 0.55 ],
																	"unwrapMode": 3,
																	"unwrapRotation": 1,
																	"uv": [ 52.0, 33.5 ],
																	"rotationOrigin": [ 0.0, 0.5, 0.55 ],
																	"rotationY": -10.0,
																	"rotationZ": 5.0,
																	"faces": {
																		"north": { "texture": "#skin", "uv": [ 53.5, 33.5, 54.0, 34.5 ], "rotation": 270 },
																		"south": { "texture": "#skin", "uv": [ 52.5, 33.5, 53.0, 34.5 ], "rotation": 90 },
																		"west": { "texture": "#skin", "uv": [ 52.5, 34.5, 53.0, 35.0 ], "rotation": 90 },
																		"up": { "texture": "#skin", "uv": [ 52.0, 33.5, 52.5, 34.5 ], "rotation": 90 },
																		"down": { "texture": "#skin", "uv": [ 53.0, 33.5, 53.5, 34.5 ], "rotation": 270, "windMode": [-1,-1,-1,-1] }
																	}
																},
																{
																	"name": "LTine3E",
																	"from": [ 3.0, 1.5, 0.05 ],
																	"to": [ 3.5, 3.5, 0.55 ],
																	"unwrapMode": 3,
																	"uv": [ 52.0, 41.5 ],
																	"rotationOrigin": [ 3.5, 1.5, 0.55 ],
																	"rotationX": -10.0,
																	"rotationZ": 5.0,
																	"faces": {
																		"north": { "texture": "#skin", "uv": [ 53.5, 42.0, 54.0, 44.0 ] },
																		"east": { "texture": "#skin", "uv": [ 53.0, 42.0, 53.5, 44.0 ] },
																		"south": { "texture": "#skin", "uv": [ 52.5, 42.0, 53.0, 44.0 ] },
																		"west": { "texture": "#skin", "uv": [ 52.0, 42.0, 52.5, 44.0 ] },
																		"up": { "texture": "#skin", "uv": [ 52.5, 41.5, 53.0, 42.0 ] }
																	}
																},
																{
																	"name": "LTine3D2",
																	"from": [ -0.9, 1.0, 0.05 ],
																	"to": [ 0.1, 1.5, 0.55 ],
																	"unwrapMode": 3,
																	"unwrapRotation": 1,
																	"uv": [ 52.0, 36.0 ],
																	"rotationOrigin": [ 0.1, 1.0, 0.55 ],
																	"rotationY": -10.0,
																	"rotationZ": -30.0,
																	"faces": {
																		"north": { "texture": "#skin", "uv": [ 53.5, 36.0, 54.0, 37.0 ], "rotation": 270 },
																		"south": { "texture": "#skin", "uv": [ 52.5, 36.0, 53.0, 37.0 ], "rotation": 90 },
																		"west": { "texture": "#skin", "uv": [ 52.5, 37.0, 53.0, 37.5 ], "rotation": 90 },
																		"up": { "texture": "#skin", "uv": [ 52.0, 36.0, 52.5, 37.0 ], "rotation": 90 },
																		"down": { "texture": "#skin", "uv": [ 53.0, 36.0, 53.5, 37.0 ], "rotation": 270, "windMode": [-1,-1,-1,-1], "windData": [1,0,0,1] }
																	}
																}
															]
														}
													]
												},
												{
													"name": "L branch 3",
													"from": [ 0.0, 0.0, 0.0 ],
													"to": [ 0.5, 2.0, 0.5 ],
													"unwrapMode": 4,
													"uv": [ 52.0, 70.0 ],
													"rotationOrigin": [ 0.0, 0.0, 0.0 ],
													"rotationX": -1.0,
													"rotationZ": -66.0,
													"faces": {
														"north": { "texture": "#skin", "uv": [ 52.0, 70.5, 52.5, 72.5 ] },
														"east": { "texture": "#skin", "uv": [ 53.5, 70.5, 54.0, 72.5 ] },
														"south": { "texture": "#skin", "uv": [ 53.0, 70.5, 53.5, 72.5 ] },
														"west": { "texture": "#skin", "uv": [ 52.5, 70.5, 53.0, 72.5 ] },
														"up": { "texture": "#skin", "uv": [ 52.5, 70.0, 53.0, 70.5 ], "rotation": 90 }
													}
												}
											]
										}
									]
								},
								{
									"name": "LBeam1A",
									"from": [ -2.5, 0.2, 0.1 ],
									"to": [ 0.5, 0.8, 0.7 ],
									"unwrapMode": 3,
									"uv": [ 4.0, 77.0 ],
									"rotationOrigin": [ 0.5, 0.2, 0.7 ],
									"rotationX": -10.0,
									"rotationY": 20.0,
									"rotationZ": 20.0,
									"faces": {
										"north": { "texture": "#skin", "uv": [ 8.0, 77.5, 11.0, 78.0 ] },
										"east": { "texture": "#skin", "uv": [ 7.5, 77.5, 8.0, 78.0 ] },
										"south": { "texture": "#skin", "uv": [ 4.5, 77.5, 7.5, 78.0 ] },
										"west": { "texture": "#skin", "uv": [ 4.0, 77.5, 4.5, 78.0 ] },
										"up": { "texture": "#skin", "uv": [ 4.5, 77.0, 7.5, 77.5 ], "windMode": [-1,-1,-1,-1] },
										"down": { "texture": "#skin", "uv": [ 4.5, 78.0, 7.5, 78.5 ], "rotation": 180 }
									},
									"children": [
										{
											"name": "LBeam1B",
											"from": [ -3.0, 0.0, 0.0 ],
											"to": [ 0.0, 0.6, 0.6 ],
											"unwrapMode": 3,
											"uv": [ 4.0, 78.5 ],
											"rotationOrigin": [ 0.0, 0.0, 0.6 ],
											"rotationX": -2.0,
											"rotationY": -25.0,
											"rotationZ": -10.0,
											"faces": {
												"north": { "texture": "#skin", "uv": [ 8.0, 79.0, 11.0, 79.5 ] },
												"east": { "texture": "#skin", "uv": [ 7.5, 79.0, 8.0, 79.5 ] },
												"south": { "texture": "#skin", "uv": [ 4.5, 79.0, 7.5, 79.5 ] },
												"west": { "texture": "#skin", "uv": [ 4.0, 79.0, 4.5, 79.5 ] },
												"up": { "texture": "#skin", "uv": [ 4.5, 78.5, 7.5, 79.0 ] },
												"down": { "texture": "#skin", "uv": [ 4.5, 79.5, 7.5, 80.0 ], "rotation": 180 }
											},
											"children": [
												{
													"name": "LPalm1",
													"from": [ -1.2, 0.3, 0.0 ],
													"to": [ 0.3, 1.8, 0.6 ],
													"unwrapMode": 3,
													"unwrapRotation": 1,
													"uv": [ 0.0, 77.5 ],
													"rotationOrigin": [ 0.3, 0.3, 0.6 ],
													"rotationY": -5.0,
													"rotationZ": 45.0,
													"faces": {
														"north": { "texture": "#skin", "uv": [ 2.5, 78.0, 4.0, 79.5 ], "rotation": 270 },
														"east": { "texture": "#skin", "uv": [ 0.5, 77.5, 2.0, 78.0 ], "rotation": 90 },
														"south": { "texture": "#skin", "uv": [ 0.5, 78.0, 2.0, 79.5 ], "rotation": 90 },
														"west": { "texture": "#skin", "uv": [ 0.5, 79.5, 2.0, 80.0 ], "rotation": 90 },
														"up": { "texture": "#skin", "uv": [ 0.0, 78.0, 0.5, 79.5 ], "rotation": 90 },
														"down": { "texture": "#skin", "uv": [ 2.0, 78.0, 2.5, 79.5 ], "rotation": 270 }
													},
													"children": [
														{
															"name": "LTine1A",
															"from": [ 1.0, 1.5, 0.05 ],
															"to": [ 1.5, 2.5, 0.55 ],
															"unwrapMode": 3,
															"uv": [ 0.0, 76.0 ],
															"rotationOrigin": [ 1.5, 1.5, 0.55 ],
															"faces": {
																"north": { "texture": "#skin", "uv": [ 1.5, 76.5, 2.0, 77.5 ] },
																"east": { "texture": "#skin", "uv": [ 1.0, 76.5, 1.5, 77.5 ] },
																"south": { "texture": "#skin", "uv": [ 0.5, 76.5, 1.0, 77.5 ] },
																"west": { "texture": "#skin", "uv": [ 0.0, 76.5, 0.5, 77.5 ] },
																"up": { "texture": "#skin", "uv": [ 0.5, 76.0, 1.0, 76.5 ] }
															}
														},
														{
															"name": "LTine1B",
															"from": [ -1.0, 0.0, 0.05 ],
															"to": [ 0.0, 0.5, 0.55 ],
															"unwrapMode": 3,
															"unwrapRotation": 1,
															"uv": [ 6.0, 76.0 ],
															"rotationOrigin": [ 0.0, 0.0, 0.55 ],
															"faces": {
																"north": { "texture": "#skin", "uv": [ 7.5, 76.0, 8.0, 77.0 ], "rotation": 270 },
																"south": { "texture": "#skin", "uv": [ 6.5, 76.0, 7.0, 77.0 ], "rotation": 90 },
																"west": { "texture": "#skin", "uv": [ 6.5, 77.0, 7.0, 77.5 ], "rotation": 90 },
																"up": { "texture": "#skin", "uv": [ 6.0, 76.0, 6.5, 77.0 ], "rotation": 90 },
																"down": { "texture": "#skin", "uv": [ 7.0, 76.0, 7.5, 77.0 ], "rotation": 270 }
															}
														},
														{
															"name": "LTine1C",
															"from": [ -1.0, 1.15, 0.05 ],
															"to": [ 0.0, 1.65, 0.55 ],
															"unwrapMode": 3,
															"unwrapRotation": 1,
															"uv": [ 3.0, 76.0 ],
															"rotationOrigin": [ 0.0, 1.15, 0.55 ],
															"rotationZ": -45.0,
															"faces": {
																"north": { "texture": "#skin", "uv": [ 4.5, 76.0, 5.0, 77.0 ], "rotation": 270 },
																"south": { "texture": "#skin", "uv": [ 3.5, 76.0, 4.0, 77.0 ], "rotation": 90 },
																"west": { "texture": "#skin", "uv": [ 3.5, 77.0, 4.0, 77.5 ], "rotation": 90 },
																"up": { "texture": "#skin", "uv": [ 3.0, 76.0, 3.5, 77.0 ], "rotation": 90 },
																"down": { "texture": "#skin", "uv": [ 4.0, 76.0, 4.5, 77.0 ], "rotation": 270 }
															}
														}
													]
												}
											]
										}
									]
								},
								{
									"name": "LBeam2A",
									"from": [ -2.5, 1.2, 0.1 ],
									"to": [ 0.5, 1.8, 0.7 ],
									"unwrapMode": 3,
									"unwrapRotation": 1,
									"uv": [ 52.0, 60.5 ],
									"rotationOrigin": [ 0.5, 1.8, 0.1 ],
									"rotationY": 15.0,
									"rotationZ": -26.0,
									"faces": {
										"north": { "texture": "#skin", "uv": [ 53.5, 60.5, 54.0, 63.5 ], "rotation": 270 },
										"south": { "texture": "#skin", "uv": [ 52.5, 60.5, 53.0, 63.5 ], "rotation": 90 },
										"west": { "texture": "#skin", "uv": [ 52.5, 63.5, 53.0, 64.0 ], "rotation": 90 },
										"up": { "texture": "#skin", "uv": [ 52.0, 60.5, 52.5, 63.5 ], "rotation": 90 },
										"down": { "texture": "#skin", "uv": [ 53.0, 60.5, 53.5, 63.5 ], "rotation": 270 }
									},
									"children": [
										{
											"name": "LBeam2B",
											"from": [ -3.0, 0.0, 0.0 ],
											"to": [ 0.0, 0.6, 0.6 ],
											"unwrapMode": 3,
											"unwrapRotation": 1,
											"uv": [ 52.0, 57.0 ],
											"rotationOrigin": [ 0.0, 0.6, 0.6 ],
											"rotationY": -15.0,
											"rotationZ": 28.0,
											"faces": {
												"north": { "texture": "#skin", "uv": [ 53.5, 57.5, 54.0, 60.5 ], "rotation": 270 },
												"east": { "texture": "#skin", "uv": [ 52.5, 57.0, 53.0, 57.5 ], "rotation": 90 },
												"south": { "texture": "#skin", "uv": [ 52.5, 57.5, 53.0, 60.5 ], "rotation": 90 },
												"west": { "texture": "#skin", "uv": [ 52.5, 60.5, 53.0, 61.0 ], "rotation": 90 },
												"up": { "texture": "#skin", "uv": [ 52.0, 57.5, 52.5, 60.5 ], "rotation": 90 },
												"down": { "texture": "#skin", "uv": [ 53.0, 57.5, 53.5, 60.5 ], "rotation": 270 }
											},
											"children": [
												{
													"name": "LTine2A",
													"from": [ 2.0, 0.6, 0.05 ],
													"to": [ 2.5, 2.6, 0.55 ],
													"unwrapMode": 3,
													"uv": [ 52.0, 55.0 ],
													"rotationOrigin": [ 2.5, 0.6, 0.55 ],
													"rotationX": -5.0,
													"rotationZ": 10.0,
													"faces": {
														"north": { "texture": "#skin", "uv": [ 53.5, 55.5, 54.0, 57.5 ] },
														"east": { "texture": "#skin", "uv": [ 53.0, 55.5, 53.5, 57.5 ] },
														"south": { "texture": "#skin", "uv": [ 52.5, 55.5, 53.0, 57.5 ] },
														"west": { "texture": "#skin", "uv": [ 52.0, 55.5, 52.5, 57.5 ] },
														"up": { "texture": "#skin", "uv": [ 52.5, 55.0, 53.0, 55.5 ] }
													}
												},
												{
													"name": "LTine2B",
													"from": [ 1.0, 0.6, 0.05 ],
													"to": [ 1.5, 2.1, 0.55 ],
													"unwrapMode": 3,
													"uv": [ 52.0, 53.5 ],
													"rotationOrigin": [ 1.5, 0.6, 0.55 ],
													"rotationX": -5.0,
													"rotationZ": 30.0,
													"faces": {
														"north": { "texture": "#skin", "uv": [ 53.5, 54.0, 54.0, 55.5 ] },
														"east": { "texture": "#skin", "uv": [ 53.0, 54.0, 53.5, 55.5 ] },
														"south": { "texture": "#skin", "uv": [ 52.5, 54.0, 53.0, 55.5 ] },
														"west": { "texture": "#skin", "uv": [ 52.0, 54.0, 52.5, 55.5 ] },
														"up": { "texture": "#skin", "uv": [ 52.5, 53.5, 53.0, 54.0 ] }
													}
												},
												{
													"name": "LTine2C",
													"from": [ -0.1, 0.6, 0.05 ],
													"to": [ 0.4, 1.6, 0.55 ],
													"unwrapMode": 3,
													"uv": [ 52.0, 52.5 ],
													"rotationOrigin": [ 0.4, 0.6, 0.55 ],
													"rotationX": -5.0,
													"rotationZ": 45.0,
													"faces": {
														"north": { "texture": "#skin", "uv": [ 53.5, 53.0, 54.0, 54.0 ] },
														"east": { "texture": "#skin", "uv": [ 53.0, 53.0, 53.5, 54.0 ] },
														"south": { "texture": "#skin", "uv": [ 52.5, 53.0, 53.0, 54.0 ] },
														"west": { "texture": "#skin", "uv": [ 52.0, 53.0, 52.5, 54.0 ] },
														"up": { "texture": "#skin", "uv": [ 52.5, 52.5, 53.0, 53.0 ] }
													}
												}
											]
										}
									]
								}
							]
						}
					]
				}
			]
		}
	]
}