{
  "code": "coffeepot",

  "variantgroups": [
    { "code": "state", "states": ["raw", "fired"] }
  ],

  "classByType": {
    "*-fired": "Coffeepot",
    "*-raw":   "Block"
  },
  "entityClassByType": {
    "*-fired": "CoffeepotEntity"
  },

  "shape": { "base": "coffee:shapes/block/clay/coffeepot" },

  "texturesByType": {
    "*-raw":   { "mat": { "base": "game:block/clay/redclay" } },
    "*-fired": { "mat": { "base": "game:block/clay/hardened/black" } }
  },

  "behaviorsByType": {
    "coffeepot-raw": [
      { "name": "GroundStorable", "properties": { "layout": "SingleCenter" } },
      { "name": "Unplaceable" },
      { "name": "RightClickPickup" }
    ]
  },

  "creativeinventoryStacks": [
    {
      "tabs": ["general"],
      "stacks": [
        { "type": "block", "code": "coffee:coffeepot-fired" },
        { "type": "block", "code": "coffee:coffeepot-raw" }
      ]
    }
  ],

  "combustiblePropsByType": {
    "coffeepot-raw": {
      "meltingPoint": 600,
      "meltingDuration": 45,
      "smeltedRatio": 1,
      "smeltingType": "fire",
      "requiresContainer": false,
      "smeltedStack": { "type": "block", "code": "coffee:coffeepot-fired" }
    }
  },

  "attributesByType": {
    "*-fired": {
      "liquidContainerProps": {
        "capacityLitres": 2,
        "transferSizeLitres": 0.2,
        "allowHeldLiquidTransfer": true,
        "canHeat": true,
        "allowSpill": true,
        "loseContentsOnBreak": false,
        "canHold": [ "game:waterportion", "coffee:coffeeportion" ],
        "emptyShapeLoc": "coffee:shapes/block/clay/coffeepot",
        "opaqueContentShapeLoc": "game:shapes/block/basic/nothing",
        "liquidContentShapeLoc": "game:shapes/block/basic/nothing"
      },

      "inFirePitProps": {
        "useFirepitModel": "Wide",
        "transform": {
          "origin": { "x": 0.5, "y": 0.0625, "z": 0.5 }
        }
      }
    }
  },

  "shapeByType": {
    "*-north": { "base": "coffee:shapes/block/clay/coffeepot", "rotateY": 0 },
    "*-east":  { "base": "coffee:shapes/block/clay/coffeepot", "rotateY": 270 },
    "*-west":  { "base": "coffee:shapes/block/clay/coffeepot", "rotateY": 90 },
    "*-south": { "base": "coffee:shapes/block/clay/coffeepot", "rotateY": 180 }
  },

  "heldTpIdleAnimation": "holdbothhands",
  "doNotRenderAtLod2": true,
  "blockmaterial": "Ceramic",
  "replaceable": 300,
  "liquidSelectable": 1,
  "resistance": 0.75,
  "maxStackSize": 1,
  "lightAbsorption": 0,

  "sounds": {
    "walk":  "game:walk/stone",
    "place": "game:sounds/player/placeblock",
    "break": "game:sounds/block/stonebreak"
  },

  "sideopaque": { "all": false },
  "sidesolid":  { "all": false },

  "collisionbox": { "x1": 0.25, "y1": 0, "z1": 0.25, "x2": 0.75, "y2": 0.5, "z2": 0.75 },
  "selectionbox": { "x1": 0.25, "y1": 0, "z1": 0.25, "x2": 0.75, "y2": 0.5, "z2": 0.75 },

  "guiTransform": { "origin": { "x": 0.5, "y": 0.25, "z": 0.5 }, "scale": 2 },
  "tpHandTransform": {
    "translation": { "x": -0.8, "y": -0.85, "z": -0.47 },
    "rotation":    { "x": 3, "y": -168, "z": 88 },
    "scale": 1
  }
}
