{
	"editor": {
		"allAngles": false,
		"entityTextureMode": false
	},
	"textureWidth": 16,
	"textureHeight": 16,
	"textureSizes": {
		"texture": [32,32],
		"iron": [16,16],
		"bone": [16,16],
		"oak": [16,16],
		"brass": [16,16],
		"meteoriciron": [16,16],
		"lead": [16,16],
		"steel": [16,16],
		"stainlesssteel": [16,16],
		"uranium": [16,16],
		"bismuth": [16,16],
		"bismuthbronze": [16,16],
		"blackbronze": [16,16],
		"gold": [16,16],
		"ebony": [16,16],
		"mossy": [16,16],
		"veryaged": [16,16],
		"ebony-h": [16,16],
		"redwood-h": [16,16],
		"ebony-ornate": [16,16]
	},
	"textures": {
		"bone": "game:block/creature/bone",
		"brass": "game:block/metal/ingot/brass",
		"oak": "game:block/wood/debarked/oak",
		"veryaged": "game:block/wood/debarked/veryaged"
	},
	"elements": [
		{
			"name": "origin",
			"from": [ 7.25, 7.0, 8.0 ],
			"to": [ 7.25, 7.0, 8.0 ],
			"rotationOrigin": [ 7.25, 7.0, 8.0 ],
			"faces": {
				"north": { "texture": "#veryaged", "uv": [ 0.0, 0.0, 0.5, 0.5 ], "enabled": false },
				"east": { "texture": "#veryaged", "uv": [ 0.0, 0.0, 0.5, 0.5 ], "enabled": false },
				"south": { "texture": "#veryaged", "uv": [ 0.0, 0.0, 0.5, 0.5 ], "enabled": false },
				"west": { "texture": "#veryaged", "uv": [ 0.0, 0.0, 0.5, 0.5 ], "enabled": false },
				"up": { "texture": "#veryaged", "uv": [ 0.0, 0.0, 0.5, 0.5 ], "enabled": false },
				"down": { "texture": "#veryaged", "uv": [ 0.0, 0.0, 0.5, 0.5 ], "enabled": false }
			},
			"children": [
				{
					"name": "base",
					"from": [ 0.0, 0.0, 0.0 ],
					"to": [ 0.0, 0.0, 0.0 ],
					"faces": {
						"north": { "texture": "#oak", "uv": [ 0.0, 0.0, 0.5, 0.5 ], "enabled": false },
						"east": { "texture": "#oak", "uv": [ 0.0, 0.0, 0.5, 0.5 ], "enabled": false },
						"south": { "texture": "#oak", "uv": [ 0.0, 0.0, 0.5, 0.5 ], "enabled": false },
						"west": { "texture": "#oak", "uv": [ 0.0, 0.0, 0.5, 0.5 ], "enabled": false },
						"up": { "texture": "#oak", "uv": [ 0.0, 0.0, 0.5, 0.5 ], "enabled": false },
						"down": { "texture": "#oak", "uv": [ 0.0, 0.0, 0.5, 0.5 ], "enabled": false }
					},
					"children": [
						{
							"name": "cube",
							"from": [ -6.95, -7.025, -2.0 ],
							"to": [ -5.95, -4.975, 1.0 ],
							"rotationOrigin": [ -5.95, -8.0, 0.0 ],
							"faces": {
								"north": { "texture": "#oak", "uv": [ 3.0, 7.0, 4.0, 9.0 ], "autoUv": false, "snapUv": false },
								"east": { "texture": "#oak", "uv": [ 11.0, 6.0, 14.0, 8.0 ], "autoUv": false, "snapUv": false },
								"south": { "texture": "#oak", "uv": [ 6.0, 7.0, 7.0, 9.0 ], "autoUv": false, "snapUv": false },
								"west": { "texture": "#oak", "uv": [ 9.0, 7.0, 12.0, 9.0 ], "autoUv": false, "snapUv": false },
								"up": { "texture": "#oak", "uv": [ 2.0, 10.0, 1.0, 7.0 ], "autoUv": false, "snapUv": false },
								"down": { "texture": "#oak", "uv": [ 3.0, 7.0, 2.0, 10.0 ], "autoUv": false, "snapUv": false }
							}
						},
						{
							"name": "cube",
							"from": [ 6.55, -7.025, -5.05 ],
							"to": [ 8.55, -4.975, 4.2 ],
							"rotationOrigin": [ 7.55, -8.0, 0.2 ],
							"faces": {
								"north": { "texture": "#oak", "uv": [ 12.0, 7.0, 14.0, 9.0 ], "autoUv": false, "snapUv": false },
								"east": { "texture": "#oak", "uv": [ 0.0, 0.0, 9.0, 2.0 ], "autoUv": false, "snapUv": false },
								"south": { "texture": "#oak", "uv": [ 12.0, 8.0, 14.0, 10.0 ], "autoUv": false, "snapUv": false },
								"west": { "texture": "#oak", "uv": [ 0.0, 2.0, 9.0, 4.0 ], "autoUv": false, "snapUv": false },
								"up": { "texture": "#oak", "uv": [ 2.0, 9.0, 0.0, 0.0 ], "autoUv": false, "snapUv": false },
								"down": { "texture": "#oak", "uv": [ 4.0, 0.0, 2.0, 9.0 ], "autoUv": false, "snapUv": false }
							}
						},
						{
							"name": "cube",
							"from": [ -6.75, -7.0, 0.25 ],
							"to": [ 7.25, -6.0, 1.25 ],
							"rotationOrigin": [ -5.75, -8.0, 0.25 ],
							"rotationY": -12.5,
							"faces": {
								"north": { "texture": "#oak", "uv": [ 0.0, 4.0, 14.0, 5.0 ], "autoUv": false, "snapUv": false },
								"east": { "texture": "#oak", "uv": [ 7.0, 9.0, 8.0, 10.0 ], "autoUv": false, "snapUv": false },
								"south": { "texture": "#oak", "uv": [ 0.0, 5.0, 14.0, 6.0 ], "autoUv": false, "snapUv": false },
								"west": { "texture": "#oak", "uv": [ 9.0, 9.0, 10.0, 10.0 ], "autoUv": false, "snapUv": false },
								"up": { "texture": "#oak", "uv": [ 14.0, 7.0, 0.0, 6.0 ], "autoUv": false, "snapUv": false },
								"down": { "texture": "#oak", "uv": [ 14.0, 7.0, 0.0, 8.0 ], "autoUv": false, "snapUv": false }
							}
						},
						{
							"name": "cube",
							"from": [ -6.75, -7.0, -2.25 ],
							"to": [ 7.25, -6.0, -1.25 ],
							"rotationOrigin": [ -5.75, -8.0, -1.25 ],
							"rotationY": 12.5,
							"faces": {
								"north": { "texture": "#oak", "uv": [ 0.0, 8.0, 14.0, 9.0 ], "autoUv": false, "snapUv": false },
								"east": { "texture": "#oak", "uv": [ 9.0, 9.0, 10.0, 10.0 ], "autoUv": false, "snapUv": false },
								"south": { "texture": "#oak", "uv": [ 0.0, 0.0, 14.0, 1.0 ], "autoUv": false, "snapUv": false },
								"west": { "texture": "#oak", "uv": [ 9.0, 8.0, 10.0, 9.0 ], "autoUv": false, "snapUv": false },
								"up": { "texture": "#oak", "uv": [ 14.0, 2.0, 0.0, 1.0 ], "autoUv": false, "snapUv": false },
								"down": { "texture": "#oak", "uv": [ 14.0, 2.0, 0.0, 3.0 ], "autoUv": false, "snapUv": false }
							}
						}
					]
				},
				{
					"name": "keys",
					"from": [ -0.15, 0.0, 0.0 ],
					"to": [ -0.15, 0.0, 0.0 ],
					"rotationOrigin": [ -0.15, 0.0, 0.0 ],
					"faces": {
						"north": { "texture": "#bone", "uv": [ 0.0, 0.0, 0.5, 0.5 ], "enabled": false },
						"east": { "texture": "#bone", "uv": [ 0.0, 0.0, 0.5, 0.5 ], "enabled": false },
						"south": { "texture": "#bone", "uv": [ 0.0, 0.0, 0.5, 0.5 ], "enabled": false },
						"west": { "texture": "#bone", "uv": [ 0.0, 0.0, 0.5, 0.5 ], "enabled": false },
						"up": { "texture": "#bone", "uv": [ 0.0, 0.0, 0.5, 0.5 ], "enabled": false },
						"down": { "texture": "#bone", "uv": [ 0.0, 0.0, 0.5, 0.5 ], "enabled": false }
					},
					"children": [
						{
							"name": "cube",
							"from": [ -3.325, -6.0, -3.0 ],
							"to": [ -2.325, -5.0, 2.0 ],
							"rotationOrigin": [ -2.325, -6.0, 1.0 ],
							"faces": {
								"north": { "texture": "#bone", "uv": [ 9.0, 8.0, 10.0, 9.0 ], "autoUv": false, "snapUv": false },
								"east": { "texture": "#bone", "uv": [ 9.0, 4.0, 14.0, 5.0 ], "autoUv": false, "snapUv": false },
								"south": { "texture": "#bone", "uv": [ 12.0, 9.0, 13.0, 10.0 ], "autoUv": false, "snapUv": false },
								"west": { "texture": "#bone", "uv": [ 9.0, 5.0, 14.0, 6.0 ], "autoUv": false, "snapUv": false },
								"up": { "texture": "#bone", "uv": [ 14.0, 9.0, 13.0, 4.0 ], "autoUv": false, "snapUv": false },
								"down": { "texture": "#bone", "uv": [ 14.0, 4.0, 13.0, 9.0 ], "autoUv": false, "snapUv": false }
							}
						},
						{
							"name": "cube",
							"from": [ -4.425, -6.0, -2.75 ],
							"to": [ -3.425, -5.0, 1.75 ],
							"rotationOrigin": [ -3.425, -6.0, 1.0 ],
							"faces": {
								"north": { "texture": "#bone", "uv": [ 9.0, 9.0, 10.0, 10.0 ], "autoUv": false, "snapUv": false },
								"east": { "texture": "#bone", "uv": [ 9.0, 6.0, 14.0, 7.0 ], "autoUv": false, "snapUv": false },
								"south": { "texture": "#bone", "uv": [ 13.0, 9.0, 14.0, 10.0 ], "autoUv": false, "snapUv": false },
								"west": { "texture": "#bone", "uv": [ 9.0, 7.0, 14.0, 8.0 ], "autoUv": false, "snapUv": false },
								"up": { "texture": "#bone", "uv": [ 12.0, 9.0, 11.0, 4.0 ], "autoUv": false, "snapUv": false },
								"down": { "texture": "#bone", "uv": [ 5.0, 5.0, 4.0, 10.0 ], "autoUv": false, "snapUv": false }
							}
						},
						{
							"name": "cube",
							"from": [ -5.525, -6.0, -2.5 ],
							"to": [ -4.525, -5.0, 1.5 ],
							"rotationOrigin": [ -4.525, -6.0, 1.0 ],
							"faces": {
								"north": { "texture": "#bone", "uv": [ 9.0, 9.0, 10.0, 10.0 ], "autoUv": false, "snapUv": false },
								"east": { "texture": "#bone", "uv": [ 6.0, 8.0, 10.0, 9.0 ], "autoUv": false, "snapUv": false },
								"south": { "texture": "#bone", "uv": [ 7.0, 8.0, 8.0, 9.0 ], "autoUv": false, "snapUv": false },
								"west": { "texture": "#bone", "uv": [ 10.0, 8.0, 14.0, 9.0 ], "autoUv": false, "snapUv": false },
								"up": { "texture": "#bone", "uv": [ 6.0, 9.0, 5.0, 5.0 ], "autoUv": false, "snapUv": false },
								"down": { "texture": "#bone", "uv": [ 1.0, 5.0, 0.0, 9.0 ], "autoUv": false, "snapUv": false }
							}
						},
						{
							"name": "cube",
							"from": [ 1.075, -6.0, -4.0 ],
							"to": [ 2.075, -5.0, 3.0 ],
							"rotationOrigin": [ 2.075, -6.0, 1.0 ],
							"faces": {
								"north": { "texture": "#bone", "uv": [ 13.0, 8.0, 14.0, 9.0 ], "autoUv": false, "snapUv": false },
								"east": { "texture": "#bone", "uv": [ 5.0, 9.0, 12.0, 10.0 ], "autoUv": false, "snapUv": false },
								"south": { "texture": "#bone", "uv": [ 13.0, 9.0, 14.0, 10.0 ], "autoUv": false, "snapUv": false },
								"west": { "texture": "#bone", "uv": [ 3.0, 8.0, 10.0, 9.0 ], "autoUv": false, "snapUv": false },
								"up": { "texture": "#bone", "uv": [ 12.0, 10.0, 11.0, 3.0 ], "autoUv": false, "snapUv": false },
								"down": { "texture": "#bone", "uv": [ 9.0, 2.0, 8.0, 9.0 ], "autoUv": false, "snapUv": false }
							}
						},
						{
							"name": "cube",
							"from": [ -0.025, -6.0, -3.75 ],
							"to": [ 0.975, -5.0, 2.75 ],
							"rotationOrigin": [ 0.975, -6.0, 1.0 ],
							"faces": {
								"north": { "texture": "#bone", "uv": [ 13.0, 8.0, 14.0, 9.0 ], "autoUv": false, "snapUv": false },
								"east": { "texture": "#bone", "uv": [ 3.0, 9.0, 10.0, 10.0 ], "autoUv": false, "snapUv": false },
								"south": { "texture": "#bone", "uv": [ 13.0, 9.0, 14.0, 10.0 ], "autoUv": false, "snapUv": false },
								"west": { "texture": "#bone", "uv": [ 7.0, 8.0, 14.0, 9.0 ], "autoUv": false, "snapUv": false },
								"up": { "texture": "#bone", "uv": [ 10.0, 9.0, 9.0, 2.0 ], "autoUv": false, "snapUv": false },
								"down": { "texture": "#bone", "uv": [ 11.0, 2.0, 10.0, 9.0 ], "autoUv": false, "snapUv": false }
							}
						},
						{
							"name": "cube",
							"from": [ 3.275, -6.0, -4.5 ],
							"to": [ 4.275, -5.0, 3.5 ],
							"rotationOrigin": [ 4.275, -6.0, 1.0 ],
							"faces": {
								"north": { "texture": "#bone", "uv": [ 13.0, 9.0, 14.0, 10.0 ], "autoUv": false, "snapUv": false },
								"east": { "texture": "#bone", "uv": [ 4.0, 8.0, 12.0, 9.0 ], "autoUv": false, "snapUv": false },
								"south": { "texture": "#bone", "uv": [ 11.0, 8.0, 12.0, 9.0 ], "autoUv": false, "snapUv": false },
								"west": { "texture": "#bone", "uv": [ 4.0, 9.0, 12.0, 10.0 ], "autoUv": false, "snapUv": false },
								"up": { "texture": "#bone", "uv": [ 1.0, 9.0, 0.0, 1.0 ], "autoUv": false, "snapUv": false },
								"down": { "texture": "#bone", "uv": [ 2.0, 1.0, 1.0, 9.0 ], "autoUv": false, "snapUv": false }
							}
						},
						{
							"name": "cube",
							"from": [ 2.175, -6.0, -4.25 ],
							"to": [ 3.175, -5.0, 3.25 ],
							"rotationOrigin": [ 3.175, -6.0, 1.0 ],
							"faces": {
								"north": { "texture": "#bone", "uv": [ 13.0, 8.0, 14.0, 9.0 ], "autoUv": false, "snapUv": false },
								"east": { "texture": "#bone", "uv": [ 6.0, 9.0, 14.0, 10.0 ], "autoUv": false, "snapUv": false },
								"south": { "texture": "#bone", "uv": [ 11.0, 8.0, 12.0, 9.0 ], "autoUv": false, "snapUv": false },
								"west": { "texture": "#bone", "uv": [ 4.0, 8.0, 12.0, 9.0 ], "autoUv": false, "snapUv": false },
								"up": { "texture": "#bone", "uv": [ 3.0, 9.0, 2.0, 1.0 ], "autoUv": false, "snapUv": false },
								"down": { "texture": "#bone", "uv": [ 4.0, 1.0, 3.0, 9.0 ], "autoUv": false, "snapUv": false }
							}
						},
						{
							"name": "cube",
							"from": [ 5.475, -6.0, -5.0 ],
							"to": [ 6.475, -5.0, 4.0 ],
							"rotationOrigin": [ 6.475, -6.0, 1.0 ],
							"faces": {
								"north": { "texture": "#bone", "uv": [ 13.0, 9.0, 14.0, 10.0 ], "autoUv": false, "snapUv": false },
								"east": { "texture": "#bone", "uv": [ 5.0, 3.0, 14.0, 4.0 ], "autoUv": false, "snapUv": false },
								"south": { "texture": "#bone", "uv": [ 13.0, 8.0, 14.0, 9.0 ], "autoUv": false, "snapUv": false },
								"west": { "texture": "#bone", "uv": [ 4.0, 9.0, 13.0, 10.0 ], "autoUv": false, "snapUv": false },
								"up": { "texture": "#bone", "uv": [ 5.0, 9.0, 4.0, 0.0 ], "autoUv": false, "snapUv": false },
								"down": { "texture": "#bone", "uv": [ 6.0, 0.0, 5.0, 9.0 ], "autoUv": false, "snapUv": false }
							}
						},
						{
							"name": "cube",
							"from": [ 4.375, -6.0, -4.75 ],
							"to": [ 5.375, -5.0, 3.75 ],
							"rotationOrigin": [ 5.375, -6.0, 1.0 ],
							"faces": {
								"north": { "texture": "#bone", "uv": [ 13.0, 8.0, 14.0, 9.0 ], "autoUv": false, "snapUv": false },
								"east": { "texture": "#bone", "uv": [ 3.0, 8.0, 12.0, 9.0 ], "autoUv": false, "snapUv": false },
								"south": { "texture": "#bone", "uv": [ 12.0, 8.0, 13.0, 9.0 ], "autoUv": false, "snapUv": false },
								"west": { "texture": "#bone", "uv": [ 3.0, 9.0, 12.0, 10.0 ], "autoUv": false, "snapUv": false },
								"up": { "texture": "#bone", "uv": [ 7.0, 9.0, 6.0, 0.0 ], "autoUv": false, "snapUv": false },
								"down": { "texture": "#bone", "uv": [ 8.0, 0.0, 7.0, 9.0 ], "autoUv": false, "snapUv": false }
							}
						},
						{
							"name": "cube",
							"from": [ -1.125, -6.0, -3.5 ],
							"to": [ -0.125, -5.0, 2.5 ],
							"rotationOrigin": [ -0.125, -6.0, 1.0 ],
							"faces": {
								"north": { "texture": "#bone", "uv": [ 13.0, 9.0, 14.0, 10.0 ], "autoUv": false, "snapUv": false },
								"east": { "texture": "#bone", "uv": [ 4.0, 9.0, 10.0, 10.0 ], "autoUv": false, "snapUv": false },
								"south": { "texture": "#bone", "uv": [ 13.0, 8.0, 14.0, 9.0 ], "autoUv": false, "snapUv": false },
								"west": { "texture": "#bone", "uv": [ 4.0, 8.0, 10.0, 9.0 ], "autoUv": false, "snapUv": false },
								"up": { "texture": "#bone", "uv": [ 12.0, 10.0, 11.0, 4.0 ], "autoUv": false, "snapUv": false },
								"down": { "texture": "#bone", "uv": [ 13.0, 3.0, 12.0, 9.0 ], "autoUv": false, "snapUv": false }
							}
						},
						{
							"name": "cube",
							"from": [ -2.225, -6.0, -3.25 ],
							"to": [ -1.225, -5.0, 2.25 ],
							"rotationOrigin": [ -1.225, -6.0, 1.0 ],
							"faces": {
								"north": { "texture": "#bone", "uv": [ 9.0, 8.0, 10.0, 9.0 ], "autoUv": false, "snapUv": false },
								"east": { "texture": "#bone", "uv": [ 8.0, 7.0, 14.0, 8.0 ], "autoUv": false, "snapUv": false },
								"south": { "texture": "#bone", "uv": [ 13.0, 9.0, 14.0, 10.0 ], "autoUv": false, "snapUv": false },
								"west": { "texture": "#bone", "uv": [ 4.0, 3.0, 10.0, 4.0 ], "autoUv": false, "snapUv": false },
								"up": { "texture": "#bone", "uv": [ 12.0, 10.0, 11.0, 4.0 ], "autoUv": false, "snapUv": false },
								"down": { "texture": "#bone", "uv": [ 13.0, 4.0, 12.0, 10.0 ], "autoUv": false, "snapUv": false }
							}
						}
					]
				},
				{
					"name": "nails",
					"from": [ 0.0, -0.9, 0.0 ],
					"to": [ 0.0, -0.9, 0.0 ],
					"rotationOrigin": [ 0.0, -0.9, 0.0 ],
					"faces": {
						"north": { "texture": "#brass", "uv": [ 0.0, 0.0, 0.5, 0.5 ], "enabled": false },
						"east": { "texture": "#brass", "uv": [ 0.0, 0.0, 0.5, 0.5 ], "enabled": false },
						"south": { "texture": "#brass", "uv": [ 0.0, 0.0, 0.5, 0.5 ], "enabled": false },
						"west": { "texture": "#brass", "uv": [ 0.0, 0.0, 0.5, 0.5 ], "enabled": false },
						"up": { "texture": "#brass", "uv": [ 0.0, 0.0, 0.5, 0.5 ], "enabled": false },
						"down": { "texture": "#brass", "uv": [ 0.0, 0.0, 0.5, 0.5 ], "enabled": false }
					},
					"children": [
						{
							"name": "cube",
							"from": [ -5.425, -5.0, -2.25 ],
							"to": [ -4.925, -4.0, -1.75 ],
							"rotationOrigin": [ -4.425, -5.0, -1.25 ],
							"faces": {
								"north": { "texture": "#brass", "uv": [ 13.0, 8.0, 14.0, 9.0 ], "autoUv": false, "snapUv": false },
								"east": { "texture": "#brass", "uv": [ 9.0, 0.0, 10.0, 1.0 ], "autoUv": false, "snapUv": false },
								"south": { "texture": "#brass", "uv": [ 9.0, 1.0, 10.0, 2.0 ], "autoUv": false, "snapUv": false },
								"west": { "texture": "#brass", "uv": [ 9.0, 2.0, 10.0, 3.0 ], "autoUv": false, "snapUv": false },
								"up": { "texture": "#brass", "uv": [ 4.0, 10.0, 3.0, 9.0 ], "autoUv": false, "snapUv": false },
								"down": { "texture": "#brass", "uv": [ 10.0, 4.0, 9.0, 5.0 ], "autoUv": false, "snapUv": false }
							}
						},
						{
							"name": "cube",
							"from": [ -5.425, -5.0, 0.75 ],
							"to": [ -4.925, -4.0, 1.25 ],
							"rotationOrigin": [ -4.425, -5.0, 1.75 ],
							"faces": {
								"north": { "texture": "#brass", "uv": [ 5.0, 9.0, 6.0, 10.0 ], "autoUv": false, "snapUv": false },
								"east": { "texture": "#brass", "uv": [ 9.0, 5.0, 10.0, 6.0 ], "autoUv": false, "snapUv": false },
								"south": { "texture": "#brass", "uv": [ 6.0, 9.0, 7.0, 10.0 ], "autoUv": false, "snapUv": false },
								"west": { "texture": "#brass", "uv": [ 9.0, 6.0, 10.0, 7.0 ], "autoUv": false, "snapUv": false },
								"up": { "texture": "#brass", "uv": [ 8.0, 10.0, 7.0, 9.0 ], "autoUv": false, "snapUv": false },
								"down": { "texture": "#brass", "uv": [ 10.0, 7.0, 9.0, 8.0 ], "autoUv": false, "snapUv": false }
							}
						},
						{
							"name": "cube",
							"from": [ -4.35, -5.0, 0.95 ],
							"to": [ -3.85, -4.0, 1.45 ],
							"rotationOrigin": [ -3.35, -5.0, 1.95 ],
							"faces": {
								"north": { "texture": "#brass", "uv": [ 8.0, 9.0, 9.0, 10.0 ], "autoUv": false, "snapUv": false },
								"east": { "texture": "#brass", "uv": [ 9.0, 8.0, 10.0, 9.0 ], "autoUv": false, "snapUv": false },
								"south": { "texture": "#brass", "uv": [ 9.0, 9.0, 10.0, 10.0 ], "autoUv": false, "snapUv": false },
								"west": { "texture": "#brass", "uv": [ 9.0, 9.0, 10.0, 10.0 ], "autoUv": false, "snapUv": false },
								"up": { "texture": "#brass", "uv": [ 11.0, 10.0, 10.0, 9.0 ], "autoUv": false, "snapUv": false },
								"down": { "texture": "#brass", "uv": [ 10.0, 8.0, 9.0, 9.0 ], "autoUv": false, "snapUv": false }
							}
						},
						{
							"name": "cube",
							"from": [ -4.35, -5.0, -2.45 ],
							"to": [ -3.85, -4.0, -1.95 ],
							"rotationOrigin": [ -3.35, -5.0, -1.45 ],
							"faces": {
								"north": { "texture": "#brass", "uv": [ 9.0, 9.0, 10.0, 10.0 ], "autoUv": false, "snapUv": false },
								"east": { "texture": "#brass", "uv": [ 9.0, 8.0, 10.0, 9.0 ], "autoUv": false, "snapUv": false },
								"south": { "texture": "#brass", "uv": [ 13.0, 9.0, 14.0, 10.0 ], "autoUv": false, "snapUv": false },
								"west": { "texture": "#brass", "uv": [ 9.0, 9.0, 10.0, 10.0 ], "autoUv": false, "snapUv": false },
								"up": { "texture": "#brass", "uv": [ 12.0, 10.0, 11.0, 9.0 ], "autoUv": false, "snapUv": false },
								"down": { "texture": "#brass", "uv": [ 10.0, 8.0, 9.0, 9.0 ], "autoUv": false, "snapUv": false }
							}
						},
						{
							"name": "cube",
							"from": [ -3.225, -5.0, 1.15 ],
							"to": [ -2.725, -4.0, 1.65 ],
							"rotationOrigin": [ -2.225, -5.0, 2.15 ],
							"faces": {
								"north": { "texture": "#brass", "uv": [ 11.0, 9.0, 12.0, 10.0 ], "autoUv": false, "snapUv": false },
								"east": { "texture": "#brass", "uv": [ 9.0, 9.0, 10.0, 10.0 ], "autoUv": false, "snapUv": false },
								"south": { "texture": "#brass", "uv": [ 12.0, 9.0, 13.0, 10.0 ], "autoUv": false, "snapUv": false },
								"west": { "texture": "#brass", "uv": [ 9.0, 8.0, 10.0, 9.0 ], "autoUv": false, "snapUv": false },
								"up": { "texture": "#brass", "uv": [ 14.0, 10.0, 13.0, 9.0 ], "autoUv": false, "snapUv": false },
								"down": { "texture": "#brass", "uv": [ 10.0, 7.0, 9.0, 8.0 ], "autoUv": false, "snapUv": false }
							}
						},
						{
							"name": "cube",
							"from": [ -3.225, -5.0, -2.65 ],
							"to": [ -2.725, -4.0, -2.15 ],
							"rotationOrigin": [ -2.225, -5.0, -1.65 ],
							"faces": {
								"north": { "texture": "#brass", "uv": [ 11.0, 9.0, 12.0, 10.0 ], "autoUv": false, "snapUv": false },
								"east": { "texture": "#brass", "uv": [ 9.0, 8.0, 10.0, 9.0 ], "autoUv": false, "snapUv": false },
								"south": { "texture": "#brass", "uv": [ 12.0, 9.0, 13.0, 10.0 ], "autoUv": false, "snapUv": false },
								"west": { "texture": "#brass", "uv": [ 9.0, 9.0, 10.0, 10.0 ], "autoUv": false, "snapUv": false },
								"up": { "texture": "#brass", "uv": [ 14.0, 10.0, 13.0, 9.0 ], "autoUv": false, "snapUv": false },
								"down": { "texture": "#brass", "uv": [ 10.0, 8.0, 9.0, 9.0 ], "autoUv": false, "snapUv": false }
							}
						},
						{
							"name": "cube",
							"from": [ -2.125, -5.0, 1.45 ],
							"to": [ -1.625, -4.0, 1.95 ],
							"rotationOrigin": [ -1.125, -5.0, 2.45 ],
							"faces": {
								"north": { "texture": "#brass", "uv": [ 9.0, 9.0, 10.0, 10.0 ], "autoUv": false, "snapUv": false },
								"east": { "texture": "#brass", "uv": [ 9.0, 9.0, 10.0, 10.0 ], "autoUv": false, "snapUv": false },
								"south": { "texture": "#brass", "uv": [ 13.0, 9.0, 14.0, 10.0 ], "autoUv": false, "snapUv": false },
								"west": { "texture": "#brass", "uv": [ 9.0, 8.0, 10.0, 9.0 ], "autoUv": false, "snapUv": false },
								"up": { "texture": "#brass", "uv": [ 10.0, 10.0, 9.0, 9.0 ], "autoUv": false, "snapUv": false },
								"down": { "texture": "#brass", "uv": [ 12.0, 0.0, 11.0, 1.0 ], "autoUv": false, "snapUv": false }
							}
						},
						{
							"name": "cube",
							"from": [ -2.125, -5.0, -2.85 ],
							"to": [ -1.625, -4.0, -2.35 ],
							"rotationOrigin": [ -1.125, -5.0, -1.85 ],
							"faces": {
								"north": { "texture": "#brass", "uv": [ 1.0, 8.0, 2.0, 9.0 ], "autoUv": false, "snapUv": false },
								"east": { "texture": "#brass", "uv": [ 11.0, 1.0, 12.0, 2.0 ], "autoUv": false, "snapUv": false },
								"south": { "texture": "#brass", "uv": [ 2.0, 8.0, 3.0, 9.0 ], "autoUv": false, "snapUv": false },
								"west": { "texture": "#brass", "uv": [ 11.0, 2.0, 12.0, 3.0 ], "autoUv": false, "snapUv": false },
								"up": { "texture": "#brass", "uv": [ 4.0, 9.0, 3.0, 8.0 ], "autoUv": false, "snapUv": false },
								"down": { "texture": "#brass", "uv": [ 12.0, 3.0, 11.0, 4.0 ], "autoUv": false, "snapUv": false }
							}
						},
						{
							"name": "cube",
							"from": [ -1.025, -5.0, 1.65 ],
							"to": [ -0.525, -4.0, 2.15 ],
							"rotationOrigin": [ -0.025, -5.0, 2.65 ],
							"faces": {
								"north": { "texture": "#brass", "uv": [ 4.0, 8.0, 5.0, 9.0 ], "autoUv": false, "snapUv": false },
								"east": { "texture": "#brass", "uv": [ 11.0, 4.0, 12.0, 5.0 ], "autoUv": false, "snapUv": false },
								"south": { "texture": "#brass", "uv": [ 5.0, 8.0, 6.0, 9.0 ], "autoUv": false, "snapUv": false },
								"west": { "texture": "#brass", "uv": [ 11.0, 5.0, 12.0, 6.0 ], "autoUv": false, "snapUv": false },
								"up": { "texture": "#brass", "uv": [ 7.0, 9.0, 6.0, 8.0 ], "autoUv": false, "snapUv": false },
								"down": { "texture": "#brass", "uv": [ 12.0, 6.0, 11.0, 7.0 ], "autoUv": false, "snapUv": false }
							}
						},
						{
							"name": "cube",
							"from": [ -1.025, -5.0, -3.15 ],
							"to": [ -0.525, -4.0, -2.65 ],
							"rotationOrigin": [ -0.025, -5.0, -2.15 ],
							"faces": {
								"north": { "texture": "#brass", "uv": [ 7.0, 8.0, 8.0, 9.0 ], "autoUv": false, "snapUv": false },
								"east": { "texture": "#brass", "uv": [ 11.0, 7.0, 12.0, 8.0 ], "autoUv": false, "snapUv": false },
								"south": { "texture": "#brass", "uv": [ 8.0, 8.0, 9.0, 9.0 ], "autoUv": false, "snapUv": false },
								"west": { "texture": "#brass", "uv": [ 11.0, 8.0, 12.0, 9.0 ], "autoUv": false, "snapUv": false },
								"up": { "texture": "#brass", "uv": [ 10.0, 9.0, 9.0, 8.0 ], "autoUv": false, "snapUv": false },
								"down": { "texture": "#brass", "uv": [ 12.0, 9.0, 11.0, 10.0 ], "autoUv": false, "snapUv": false }
							}
						},
						{
							"name": "cube",
							"from": [ 0.075, -5.0, 1.95 ],
							"to": [ 0.575, -4.0, 2.45 ],
							"rotationOrigin": [ 1.075, -5.0, 2.95 ],
							"faces": {
								"north": { "texture": "#brass", "uv": [ 10.0, 8.0, 11.0, 9.0 ], "autoUv": false, "snapUv": false },
								"east": { "texture": "#brass", "uv": [ 11.0, 8.0, 12.0, 9.0 ], "autoUv": false, "snapUv": false },
								"south": { "texture": "#brass", "uv": [ 11.0, 8.0, 12.0, 9.0 ], "autoUv": false, "snapUv": false },
								"west": { "texture": "#brass", "uv": [ 11.0, 9.0, 12.0, 10.0 ], "autoUv": false, "snapUv": false },
								"up": { "texture": "#brass", "uv": [ 13.0, 9.0, 12.0, 8.0 ], "autoUv": false, "snapUv": false },
								"down": { "texture": "#brass", "uv": [ 12.0, 8.0, 11.0, 9.0 ], "autoUv": false, "snapUv": false }
							}
						},
						{
							"name": "cube",
							"from": [ 0.075, -5.0, -3.45 ],
							"to": [ 0.575, -4.0, -2.95 ],
							"rotationOrigin": [ 1.075, -5.0, -2.45 ],
							"faces": {
								"north": { "texture": "#brass", "uv": [ 13.0, 8.0, 14.0, 9.0 ], "autoUv": false, "snapUv": false },
								"east": { "texture": "#brass", "uv": [ 11.0, 9.0, 12.0, 10.0 ], "autoUv": false, "snapUv": false },
								"south": { "texture": "#brass", "uv": [ 11.0, 8.0, 12.0, 9.0 ], "autoUv": false, "snapUv": false },
								"west": { "texture": "#brass", "uv": [ 11.0, 8.0, 12.0, 9.0 ], "autoUv": false, "snapUv": false },
								"up": { "texture": "#brass", "uv": [ 12.0, 9.0, 11.0, 8.0 ], "autoUv": false, "snapUv": false },
								"down": { "texture": "#brass", "uv": [ 12.0, 9.0, 11.0, 10.0 ], "autoUv": false, "snapUv": false }
							}
						},
						{
							"name": "cube",
							"from": [ 1.175, -5.0, 2.25 ],
							"to": [ 1.675, -4.0, 2.75 ],
							"rotationOrigin": [ 2.175, -5.0, 3.25 ],
							"faces": {
								"north": { "texture": "#brass", "uv": [ 12.0, 8.0, 13.0, 9.0 ], "autoUv": false, "snapUv": false },
								"east": { "texture": "#brass", "uv": [ 11.0, 8.0, 12.0, 9.0 ], "autoUv": false, "snapUv": false },
								"south": { "texture": "#brass", "uv": [ 13.0, 8.0, 14.0, 9.0 ], "autoUv": false, "snapUv": false },
								"west": { "texture": "#brass", "uv": [ 11.0, 7.0, 12.0, 8.0 ], "autoUv": false, "snapUv": false },
								"up": { "texture": "#brass", "uv": [ 12.0, 9.0, 11.0, 8.0 ], "autoUv": false, "snapUv": false },
								"down": { "texture": "#brass", "uv": [ 12.0, 8.0, 11.0, 9.0 ], "autoUv": false, "snapUv": false }
							}
						},
						{
							"name": "cube",
							"from": [ 1.175, -5.0, -3.75 ],
							"to": [ 1.675, -4.0, -3.25 ],
							"rotationOrigin": [ 2.175, -5.0, -2.75 ],
							"faces": {
								"north": { "texture": "#brass", "uv": [ 12.0, 8.0, 13.0, 9.0 ], "autoUv": false, "snapUv": false },
								"east": { "texture": "#brass", "uv": [ 11.0, 9.0, 12.0, 10.0 ], "autoUv": false, "snapUv": false },
								"south": { "texture": "#brass", "uv": [ 13.0, 8.0, 14.0, 9.0 ], "autoUv": false, "snapUv": false },
								"west": { "texture": "#brass", "uv": [ 11.0, 8.0, 12.0, 9.0 ], "autoUv": false, "snapUv": false },
								"up": { "texture": "#brass", "uv": [ 10.0, 9.0, 9.0, 8.0 ], "autoUv": false, "snapUv": false },
								"down": { "texture": "#brass", "uv": [ 12.0, 9.0, 11.0, 10.0 ], "autoUv": false, "snapUv": false }
							}
						},
						{
							"name": "cube",
							"from": [ 2.275, -5.0, 2.45 ],
							"to": [ 2.775, -4.0, 2.95 ],
							"rotationOrigin": [ 3.275, -5.0, 3.45 ],
							"faces": {
								"north": { "texture": "#brass", "uv": [ 13.0, 8.0, 14.0, 9.0 ], "autoUv": false, "snapUv": false },
								"east": { "texture": "#brass", "uv": [ 11.0, 8.0, 12.0, 9.0 ], "autoUv": false, "snapUv": false },
								"south": { "texture": "#brass", "uv": [ 9.0, 8.0, 10.0, 9.0 ], "autoUv": false, "snapUv": false },
								"west": { "texture": "#brass", "uv": [ 11.0, 9.0, 12.0, 10.0 ], "autoUv": false, "snapUv": false },
								"up": { "texture": "#brass", "uv": [ 12.0, 9.0, 11.0, 8.0 ], "autoUv": false, "snapUv": false },
								"down": { "texture": "#brass", "uv": [ 1.0, 9.0, 0.0, 10.0 ], "autoUv": false, "snapUv": false }
							}
						},
						{
							"name": "cube",
							"from": [ 2.275, -5.0, -3.95 ],
							"to": [ 2.775, -4.0, -3.45 ],
							"rotationOrigin": [ 3.275, -5.0, -2.95 ],
							"faces": {
								"north": { "texture": "#brass", "uv": [ 12.0, 0.0, 13.0, 1.0 ], "autoUv": false, "snapUv": false },
								"east": { "texture": "#brass", "uv": [ 1.0, 9.0, 2.0, 10.0 ], "autoUv": false, "snapUv": false },
								"south": { "texture": "#brass", "uv": [ 12.0, 1.0, 13.0, 2.0 ], "autoUv": false, "snapUv": false },
								"west": { "texture": "#brass", "uv": [ 2.0, 9.0, 3.0, 10.0 ], "autoUv": false, "snapUv": false },
								"up": { "texture": "#brass", "uv": [ 13.0, 3.0, 12.0, 2.0 ], "autoUv": false, "snapUv": false },
								"down": { "texture": "#brass", "uv": [ 4.0, 9.0, 3.0, 10.0 ], "autoUv": false, "snapUv": false }
							}
						},
						{
							"name": "cube",
							"from": [ 3.375, -5.0, 2.65 ],
							"to": [ 3.875, -4.0, 3.15 ],
							"rotationOrigin": [ 4.375, -5.0, 3.65 ],
							"faces": {
								"north": { "texture": "#brass", "uv": [ 12.0, 3.0, 13.0, 4.0 ], "autoUv": false, "snapUv": false },
								"east": { "texture": "#brass", "uv": [ 4.0, 9.0, 5.0, 10.0 ], "autoUv": false, "snapUv": false },
								"south": { "texture": "#brass", "uv": [ 12.0, 4.0, 13.0, 5.0 ], "autoUv": false, "snapUv": false },
								"west": { "texture": "#brass", "uv": [ 5.0, 9.0, 6.0, 10.0 ], "autoUv": false, "snapUv": false },
								"up": { "texture": "#brass", "uv": [ 13.0, 6.0, 12.0, 5.0 ], "autoUv": false, "snapUv": false },
								"down": { "texture": "#brass", "uv": [ 7.0, 9.0, 6.0, 10.0 ], "autoUv": false, "snapUv": false }
							}
						},
						{
							"name": "cube",
							"from": [ 3.375, -5.0, -4.15 ],
							"to": [ 3.875, -4.0, -3.65 ],
							"rotationOrigin": [ 4.375, -5.0, -3.15 ],
							"faces": {
								"north": { "texture": "#brass", "uv": [ 12.0, 6.0, 13.0, 7.0 ], "autoUv": false, "snapUv": false },
								"east": { "texture": "#brass", "uv": [ 7.0, 9.0, 8.0, 10.0 ], "autoUv": false, "snapUv": false },
								"south": { "texture": "#brass", "uv": [ 12.0, 7.0, 13.0, 8.0 ], "autoUv": false, "snapUv": false },
								"west": { "texture": "#brass", "uv": [ 8.0, 9.0, 9.0, 10.0 ], "autoUv": false, "snapUv": false },
								"up": { "texture": "#brass", "uv": [ 13.0, 9.0, 12.0, 8.0 ], "autoUv": false, "snapUv": false },
								"down": { "texture": "#brass", "uv": [ 10.0, 9.0, 9.0, 10.0 ], "autoUv": false, "snapUv": false }
							}
						},
						{
							"name": "cube",
							"from": [ 4.475, -5.0, 2.95 ],
							"to": [ 4.975, -4.0, 3.45 ],
							"rotationOrigin": [ 5.475, -5.0, 3.95 ],
							"faces": {
								"north": { "texture": "#brass", "uv": [ 12.0, 9.0, 13.0, 10.0 ], "autoUv": false, "snapUv": false },
								"east": { "texture": "#brass", "uv": [ 10.0, 9.0, 11.0, 10.0 ], "autoUv": false, "snapUv": false },
								"south": { "texture": "#brass", "uv": [ 12.0, 8.0, 13.0, 9.0 ], "autoUv": false, "snapUv": false },
								"west": { "texture": "#brass", "uv": [ 11.0, 9.0, 12.0, 10.0 ], "autoUv": false, "snapUv": false },
								"up": { "texture": "#brass", "uv": [ 13.0, 10.0, 12.0, 9.0 ], "autoUv": false, "snapUv": false },
								"down": { "texture": "#brass", "uv": [ 13.0, 9.0, 12.0, 10.0 ], "autoUv": false, "snapUv": false }
							}
						},
						{
							"name": "cube",
							"from": [ 4.475, -5.0, -4.45 ],
							"to": [ 4.975, -4.0, -3.95 ],
							"rotationOrigin": [ 5.475, -5.0, -3.45 ],
							"faces": {
								"north": { "texture": "#brass", "uv": [ 12.0, 8.0, 13.0, 9.0 ], "autoUv": false, "snapUv": false },
								"east": { "texture": "#brass", "uv": [ 13.0, 9.0, 14.0, 10.0 ], "autoUv": false, "snapUv": false },
								"south": { "texture": "#brass", "uv": [ 12.0, 9.0, 13.0, 10.0 ], "autoUv": false, "snapUv": false },
								"west": { "texture": "#brass", "uv": [ 11.0, 9.0, 12.0, 10.0 ], "autoUv": false, "snapUv": false },
								"up": { "texture": "#brass", "uv": [ 13.0, 9.0, 12.0, 8.0 ], "autoUv": false, "snapUv": false },
								"down": { "texture": "#brass", "uv": [ 12.0, 9.0, 11.0, 10.0 ], "autoUv": false, "snapUv": false }
							}
						},
						{
							"name": "cube",
							"from": [ 5.575, -5.0, 3.15 ],
							"to": [ 6.075, -4.0, 3.65 ],
							"rotationOrigin": [ 6.575, -5.0, 4.15 ],
							"faces": {
								"north": { "texture": "#brass", "uv": [ 12.0, 9.0, 13.0, 10.0 ], "autoUv": false, "snapUv": false },
								"east": { "texture": "#brass", "uv": [ 12.0, 9.0, 13.0, 10.0 ], "autoUv": false, "snapUv": false },
								"south": { "texture": "#brass", "uv": [ 12.0, 8.0, 13.0, 9.0 ], "autoUv": false, "snapUv": false },
								"west": { "texture": "#brass", "uv": [ 13.0, 9.0, 14.0, 10.0 ], "autoUv": false, "snapUv": false },
								"up": { "texture": "#brass", "uv": [ 13.0, 8.0, 12.0, 7.0 ], "autoUv": false, "snapUv": false },
								"down": { "texture": "#brass", "uv": [ 12.0, 9.0, 11.0, 10.0 ], "autoUv": false, "snapUv": false }
							}
						},
						{
							"name": "cube",
							"from": [ 5.575, -5.0, -4.65 ],
							"to": [ 6.075, -4.0, -4.15 ],
							"rotationOrigin": [ 6.575, -5.0, -3.65 ],
							"faces": {
								"north": { "texture": "#brass", "uv": [ 12.0, 8.0, 13.0, 9.0 ], "autoUv": false, "snapUv": false },
								"east": { "texture": "#brass", "uv": [ 12.0, 9.0, 13.0, 10.0 ], "autoUv": false, "snapUv": false },
								"south": { "texture": "#brass", "uv": [ 12.0, 9.0, 13.0, 10.0 ], "autoUv": false, "snapUv": false },
								"west": { "texture": "#brass", "uv": [ 13.0, 9.0, 14.0, 10.0 ], "autoUv": false, "snapUv": false },
								"up": { "texture": "#brass", "uv": [ 13.0, 9.0, 12.0, 8.0 ], "autoUv": false, "snapUv": false },
								"down": { "texture": "#brass", "uv": [ 10.0, 9.0, 9.0, 10.0 ], "autoUv": false, "snapUv": false }
							}
						}
					]
				}
			]
		}
	]}