[
	{
		ingredientPattern: "B_B,DED,GHI",
		recipeGroup: 1,
		ingredients: {
			"B": { type: "item", code: "game:metalnailsandstrips-steel", quantity: 2
			},
			"D": { type: "item", code: "game:metalplate-steel"
			},
			"E": { type: "item", code: "game:armor-head-plate-steel"
			},
			"G": { type: "item", code: "game:hammer-*", isTool: true, toolDurabilityCost: 100
			},
			"H": { type: "item", code: "fa-viking-schematic", returnedStack: { "type": "item", "code": "fa-viking-schematic" }
			},
			"I": { type: "item", code: "game:hide-pelt-large"
			}
		},
		width: 3,
		height: 3,
		name: "viking steel plate heavy",
		output: { type: "item", code: "fa-viking-head-steel-heavy-none"
		}
	},
	{
		ingredientPattern: "B_B,DED,GHI",
		recipeGroup: 1,
		ingredients: {
			"B": { type: "item", code: "game:metalnailsandstrips-meteoriciron", quantity: 2
			},
			"D": { type: "item", code: "game:metalplate-meteoriciron"
			},
			"E": { type: "item", code: "game:armor-head-plate-meteoriciron"
			},
			"G": { type: "item", code: "game:hammer-*", isTool: true, toolDurabilityCost: 100
			},
			"H": { type: "item", code: "fa-viking-schematic", returnedStack: { "type": "item", "code": "fa-viking-schematic" }
			},
			"I": { type: "item", code: "game:hide-pelt-large"
			}
		},
		width: 3,
		height: 3,
		name: "viking steel meteoriciron heavy",
		output: { type: "item", code: "fa-viking-head-meteoriciron-heavy-none"
		}
	},
	{
		ingredientPattern: "B_B,DED,GHI",
		recipeGroup: 1,
		ingredients: {
			"B": { type: "item", code: "game:metalnailsandstrips-iron", quantity: 2
			},
			"D": { type: "item", code: "game:metalplate-iron"
			},
			"E": { type: "item", code: "game:armor-head-plate-iron"
			},
			"G": { type: "item", code: "game:hammer-*", isTool: true, toolDurabilityCost: 100
			},
			"H": { type: "item", code: "fa-viking-schematic", returnedStack: { "type": "item", "code": "fa-viking-schematic" }
			},
			"I": { type: "item", code: "game:hide-pelt-large"
			}
		},
		width: 3,
		height: 3,
		name: "viking iron plate heavy",
		output: { type: "item", code: "fa-viking-head-iron-heavy-none"
		}
	},
	{
		ingredientPattern: "BAB,_E_,_G_",
		recipeGroup: 1,
		ingredients: {
			"A": { type: "item", 
					code: "game:cloth-*", 
					name: "color", 
					allowedVariants: [
					"plain",
					"blue",
					"red",
					"yellow",
					"green",
					"purple",
					"pink",
					"orange",
					"brown",
					"gray",
					"black",
					"white"
				], quantity: 6
			},
			"B": { type: "item", code: "game:cloth-plain",  quantity: 2
			},
			"E": { type: "item", code: "fa-viking-head-*-heavy-none",
					name: "metal", 
					allowedVariants: [
					"steel",
					"meteoriciron",
					"iron"
				]
			},
			"G": { type: "item", code: "game:shears-*", isTool: true, toolDurabilityCost: 100
			}
		},
		width: 3,
		height: 3,
		name: "viking heavy color",
		output: { type: "item", code: "fa-viking-head-{metal}-heavy-{color}"
		}
	},
	{
		ingredientPattern: "AE,BG",
		recipeGroup: 1,
		ingredients: {
			"A": { type: "item", 
					code: "game:armor-head-hide-bear-*",
					name: "bear",
					allowedVariants: [
					"black",
					"brown",
					"polar"
				]
			},
			"E": { type: "item", 
					code: "fa-viking-head-*-heavy-none",
					name: "metal",
					allowedVariants: [
					"iron",
					"meteoriciron",
					"steel"
				]
			},
			"G": { type: "item", code: "game:shears-*", isTool: true, toolDurabilityCost: 100
			},
			"B": { type: "item", code: "game:hammer-*", isTool: true, toolDurabilityCost: 100
			}
		},
		width: 2,
		height: 2,
		name: "gothi plate sallet",
		output: { type: "item", code: "fa-viking-head-{metal}-heavy-bear-{bear}"
		}
	},
	{
		ingredientPattern: "BCD,_A_",
		recipeGroup: 1,
		ingredients: {
			"A": { type: "item", code: "fa-viking-head-steel-heavy*"
			},
			"B": { type: "item", code: "game:wrench-*", isTool: true, toolDurabilityCost: 100
			},
			"C": { type: "item", code: "game:saw-*", isTool: true, toolDurabilityCost: 100
			},
			"D": { type: "item", code: "game:shears-*", isTool: true, toolDurabilityCost: 100
			}
		},
		width: 3,
		height: 2,
		name: "viking steel plate heavy deplume",
		output: { type: "item", code: "fa-viking-head-steel-heavy-none"
		}
	},
	{
		ingredientPattern: "BCD,_A_",
		recipeGroup: 1,
		ingredients: {
			"A": { type: "item", code: "fa-viking-head-meteoriciron-heavy*"
			},
			"B": { type: "item", code: "game:wrench-*", isTool: true, toolDurabilityCost: 100
			},
			"C": { type: "item", code: "game:saw-*", isTool: true, toolDurabilityCost: 100
			},
			"D": { type: "item", code: "game:shears-*", isTool: true, toolDurabilityCost: 100
			}
		},
		width: 3,
		height: 2,
		name: "viking meteoriciron plate heavy deplume",
		output: { type: "item", code: "fa-viking-head-meteoriciron-heavy-none"
		}
	},
	{
		ingredientPattern: "BCD,_A_",
		recipeGroup: 1,
		ingredients: {
			"A": { type: "item", code: "fa-viking-head-iron-heavy*"
			},
			"B": { type: "item", code: "game:wrench-*", isTool: true, toolDurabilityCost: 100
			},
			"C": { type: "item", code: "game:saw-*", isTool: true, toolDurabilityCost: 100
			},
			"D": { type: "item", code: "game:shears-*", isTool: true, toolDurabilityCost: 100
			}
		},
		width: 3,
		height: 2,
		name: "viking meteoriciron plate heavy deplume",
		output: { type: "item", code: "fa-viking-head-iron-heavy-none"
		}
	}
]