{
	"editor": {
		"allAngles": false,
		"singleTexture": false
	},
	"textureWidth": 16,
	"textureHeight": 16,
	"textures": {
		"candle": "block/candle",
		"blackbronze": "block/metal/chandelier/blackbronze"
	},
	"elements": [
		{
			"name": "base",
			"from": [ 7.0, 2.0, 7.0 ], 
			"to": [ 9.0, 15.0, 9.0 ], 
			"rotationOrigin": [ 7.0, 5.0, 7.0 ],
			"faces": {
				"north": { "texture": "#blackbronze", "uv": [ 2.0, 0.0, 4.0, 13.0 ] },
				"east": { "texture": "#blackbronze", "uv": [ 9.0, 0.0, 11.0, 13.0 ] },
				"south": { "texture": "#blackbronze", "uv": [ 9.0, 0.0, 11.0, 13.0 ] },
				"west": { "texture": "#blackbronze", "uv": [ 0.0, 0.0, 2.0, 13.0 ] },
				"up": { "texture": "#blackbronze", "uv": [ 0.0, 0.0, 2.0, 2.0 ], "enabled": false },
				"down": { "texture": "#blackbronze", "uv": [ 0.0, 0.0, 2.0, 2.0 ] }
			},
			"children": [
				{
					"name": "WE large",
					"from": [ -6.0, 2.0, 0.5 ], 
					"to": [ 8.0, 3.0, 1.5 ], 
					"rotationOrigin": [ 0.0, 2.0, 0.0 ],
					"faces": {
						"north": { "texture": "#blackbronze", "uv": [ 1.0, 8.0, 15.0, 9.0 ] },
						"east": { "texture": "#blackbronze", "uv": [ 6.0, 11.0, 7.0, 12.0 ] },
						"south": { "texture": "#blackbronze", "uv": [ 1.0, 1.0, 15.0, 2.0 ] },
						"west": { "texture": "#blackbronze", "uv": [ 7.0, 12.0, 8.0, 13.0 ] },
						"up": { "texture": "#blackbronze", "uv": [ 2.0, 5.0, 16.0, 6.0 ] },
						"down": { "texture": "#blackbronze", "uv": [ 1.0, 11.0, 15.0, 12.0 ] }
					},
					"children": [
						{
							"name": "candle holder W",
							"from": [ -0.5, 1.0, -1.0 ], 
							"to": [ 2.5, 2.0, 2.0 ], 
							"rotationOrigin": [ 1.0, 1.0, 0.5 ],
							"faces": {
								"north": { "texture": "#blackbronze", "uv": [ 2.0, 0.0, 5.0, 1.0 ] },
								"east": { "texture": "#blackbronze", "uv": [ 7.0, 0.0, 10.0, 1.0 ] },
								"south": { "texture": "#blackbronze", "uv": [ 4.0, 0.0, 7.0, 1.0 ] },
								"west": { "texture": "#blackbronze", "uv": [ 11.0, 0.0, 14.0, 1.0 ] },
								"up": { "texture": "#blackbronze", "uv": [ 13.0, 13.0, 16.0, 16.0 ] },
								"down": { "texture": "#blackbronze", "uv": [ 9.0, 4.0, 12.0, 7.0 ] }
							}
						},
						{
							"name": "candle holder E",
							"from": [ 11.5, 1.0, -1.0 ], 
							"to": [ 14.5, 2.0, 2.0 ], 
							"rotationOrigin": [ 13.0, 1.0, 0.5 ],
							"faces": {
								"north": { "texture": "#blackbronze", "uv": [ 1.0, 0.0, 4.0, 1.0 ] },
								"east": { "texture": "#blackbronze", "uv": [ 3.0, 0.0, 6.0, 1.0 ] },
								"south": { "texture": "#blackbronze", "uv": [ 4.0, 0.0, 7.0, 1.0 ] },
								"west": { "texture": "#blackbronze", "uv": [ 9.0, 0.0, 12.0, 1.0 ] },
								"up": { "texture": "#blackbronze", "uv": [ 10.0, 13.0, 13.0, 16.0 ] },
								"down": { "texture": "#blackbronze", "uv": [ 2.0, 6.0, 5.0, 9.0 ] }
							}
						}
					]
				},
				{
					"name": "NS large",
					"from": [ 0.5, 1.5, -6.0 ], 
					"to": [ 1.5, 2.5, 8.0 ], 
					"rotationOrigin": [ 0.0, 1.4, 0.0 ],
					"faces": {
						"north": { "texture": "#blackbronze", "uv": [ 6.0, 12.0, 7.0, 13.0 ] },
						"east": { "texture": "#blackbronze", "uv": [ 1.0, 7.0, 15.0, 8.0 ] },
						"south": { "texture": "#blackbronze", "uv": [ 7.0, 12.0, 8.0, 13.0 ] },
						"west": { "texture": "#blackbronze", "uv": [ 0.0, 2.0, 14.0, 3.0 ] },
						"up": { "texture": "#blackbronze", "uv": [ 0.0, 0.0, 1.0, 14.0 ] },
						"down": { "texture": "#blackbronze", "uv": [ 8.0, 1.0, 9.0, 15.0 ] }
					},
					"children": [
						{
							"name": "candle holder N",
							"from": [ -1.0, 1.0, -0.5 ], 
							"to": [ 2.0, 2.0, 2.5 ], 
							"rotationOrigin": [ 0.5, 1.0, 1.0 ],
							"faces": {
								"north": { "texture": "#blackbronze", "uv": [ 0.0, 0.0, 3.0, 1.0 ] },
								"east": { "texture": "#blackbronze", "uv": [ 9.0, 0.0, 12.0, 1.0 ] },
								"south": { "texture": "#blackbronze", "uv": [ 2.0, 0.0, 5.0, 1.0 ] },
								"west": { "texture": "#blackbronze", "uv": [ 11.0, 0.0, 14.0, 1.0 ] },
								"up": { "texture": "#blackbronze", "uv": [ 7.0, 13.0, 10.0, 16.0 ] },
								"down": { "texture": "#blackbronze", "uv": [ 0.0, 5.0, 3.0, 8.0 ] }
							}
						},
						{
							"name": "candle holder S",
							"from": [ -1.0, 1.0, 11.5 ], 
							"to": [ 2.0, 2.0, 14.5 ], 
							"rotationOrigin": [ 0.5, 1.0, 13.0 ],
							"faces": {
								"north": { "texture": "#blackbronze", "uv": [ 2.0, 0.0, 5.0, 1.0 ] },
								"east": { "texture": "#blackbronze", "uv": [ 4.0, 0.0, 7.0, 1.0 ] },
								"south": { "texture": "#blackbronze", "uv": [ 11.0, 0.0, 14.0, 1.0 ] },
								"west": { "texture": "#blackbronze", "uv": [ 3.0, 0.0, 6.0, 1.0 ] },
								"up": { "texture": "#blackbronze", "uv": [ 4.0, 13.0, 7.0, 16.0 ] },
								"down": { "texture": "#blackbronze", "uv": [ 13.0, 1.0, 16.0, 4.0 ] }
							}
						}
					]
				},
				{
					"name": "WE Small",
					"from": [ -4.0, 5.5, 0.5 ], 
					"to": [ 6.0, 6.5, 1.5 ], 
					"rotationOrigin": [ 1.0, 6.0, 1.0 ],
					"rotationY": -45.0,
					"faces": {
						"north": { "texture": "#blackbronze", "uv": [ 2.0, 5.0, 12.0, 6.0 ] },
						"east": { "texture": "#blackbronze", "uv": [ 7.0, 12.0, 8.0, 13.0 ] },
						"south": { "texture": "#blackbronze", "uv": [ 1.0, 2.0, 11.0, 3.0 ] },
						"west": { "texture": "#blackbronze", "uv": [ 14.0, 12.0, 15.0, 13.0 ] },
						"up": { "texture": "#blackbronze", "uv": [ 3.0, 5.0, 13.0, 6.0 ] },
						"down": { "texture": "#blackbronze", "uv": [ 3.0, 10.0, 13.0, 11.0 ] }
					},
					"children": [
						{
							"name": "Cube15",
							"from": [ -1.0, 1.0, -1.0 ], 
							"to": [ 2.0, 2.0, 2.0 ], 
							"rotationOrigin": [ 0.5, 1.0, 0.5 ],
							"faces": {
								"north": { "texture": "#blackbronze", "uv": [ 2.0, 0.0, 5.0, 1.0 ] },
								"east": { "texture": "#blackbronze", "uv": [ 5.0, 0.0, 8.0, 1.0 ] },
								"south": { "texture": "#blackbronze", "uv": [ 10.0, 0.0, 13.0, 1.0 ] },
								"west": { "texture": "#blackbronze", "uv": [ 10.0, 0.0, 13.0, 1.0 ] },
								"up": { "texture": "#blackbronze", "uv": [ 1.0, 13.0, 4.0, 16.0 ] },
								"down": { "texture": "#blackbronze", "uv": [ 3.0, 10.0, 6.0, 13.0 ] }
							}
						},
						{
							"name": "Cube16",
							"from": [ 8.0, 1.0, -1.0 ], 
							"to": [ 11.0, 2.0, 2.0 ], 
							"rotationOrigin": [ 9.5, 1.0, 0.5 ],
							"faces": {
								"north": { "texture": "#blackbronze", "uv": [ 1.0, 0.0, 4.0, 1.0 ] },
								"east": { "texture": "#blackbronze", "uv": [ 0.0, 0.0, 3.0, 1.0 ] },
								"south": { "texture": "#blackbronze", "uv": [ 4.0, 0.0, 7.0, 1.0 ] },
								"west": { "texture": "#blackbronze", "uv": [ 6.0, 0.0, 9.0, 1.0 ] },
								"up": { "texture": "#blackbronze", "uv": [ 13.0, 13.0, 16.0, 16.0 ] },
								"down": { "texture": "#blackbronze", "uv": [ 8.0, 8.0, 11.0, 11.0 ] }
							}
						}
					]
				},
				{
					"name": "SN small",
					"from": [ 0.5, 5.0, -4.0 ], 
					"to": [ 1.5, 6.0, 6.0 ], 
					"rotationOrigin": [ 1.0, 5.5, 1.0 ],
					"rotationY": -45.0,
					"faces": {
						"north": { "texture": "#blackbronze", "uv": [ 6.0, 12.0, 7.0, 13.0 ] },
						"east": { "texture": "#blackbronze", "uv": [ 1.0, 5.0, 11.0, 6.0 ] },
						"south": { "texture": "#blackbronze", "uv": [ 7.0, 11.0, 8.0, 12.0 ] },
						"west": { "texture": "#blackbronze", "uv": [ 4.0, 5.0, 14.0, 6.0 ] },
						"up": { "texture": "#blackbronze", "uv": [ 6.0, 4.0, 7.0, 14.0 ] },
						"down": { "texture": "#blackbronze", "uv": [ 2.0, 1.0, 3.0, 11.0 ] }
					},
					"children": [
						{
							"name": "Cube17",
							"from": [ -1.0, 1.0, -1.0 ], 
							"to": [ 2.0, 2.0, 2.0 ], 
							"rotationOrigin": [ 0.5, 1.0, 0.5 ],
							"faces": {
								"north": { "texture": "#blackbronze", "uv": [ 3.0, 0.0, 6.0, 1.0 ] },
								"east": { "texture": "#blackbronze", "uv": [ 1.0, 0.0, 4.0, 1.0 ] },
								"south": { "texture": "#blackbronze", "uv": [ 0.0, 0.0, 3.0, 1.0 ] },
								"west": { "texture": "#blackbronze", "uv": [ 3.0, 0.0, 6.0, 1.0 ] },
								"up": { "texture": "#blackbronze", "uv": [ 10.0, 13.0, 13.0, 16.0 ] },
								"down": { "texture": "#blackbronze", "uv": [ 1.0, 10.0, 4.0, 13.0 ] }
							}
						},
						{
							"name": "Cube18",
							"from": [ -1.0, 1.0, 8.0 ], 
							"to": [ 2.0, 2.0, 11.0 ], 
							"rotationOrigin": [ 0.5, 1.0, 9.5 ],
							"faces": {
								"north": { "texture": "#blackbronze", "uv": [ 8.0, 0.0, 11.0, 1.0 ] },
								"east": { "texture": "#blackbronze", "uv": [ 4.0, 0.0, 7.0, 1.0 ] },
								"south": { "texture": "#blackbronze", "uv": [ 9.0, 0.0, 12.0, 1.0 ] },
								"west": { "texture": "#blackbronze", "uv": [ 10.0, 0.0, 13.0, 1.0 ] },
								"up": { "texture": "#blackbronze", "uv": [ 4.0, 13.0, 7.0, 16.0 ] },
								"down": { "texture": "#blackbronze", "uv": [ 7.0, 8.0, 10.0, 11.0 ] }
							}
						}
					]
				},
				{
					"name": "base end",
					"from": [ 0.5, -1.0, 0.5 ], 
					"to": [ 1.5, 0.0, 1.5 ], 
					"rotationOrigin": [ 0.0, 1.0, 0.0 ],
					"faces": {
						"north": { "texture": "#blackbronze", "uv": [ 0.0, 0.0, 1.0, 1.0 ] },
						"east": { "texture": "#blackbronze", "uv": [ 0.0, 0.0, 1.0, 1.0 ] },
						"south": { "texture": "#blackbronze", "uv": [ 0.0, 0.0, 1.0, 1.0 ] },
						"west": { "texture": "#blackbronze", "uv": [ 0.0, 0.0, 1.0, 1.0 ] },
						"up": { "texture": "#blackbronze", "uv": [ 0.0, 0.0, 1.0, 1.0 ], "enabled": false },
						"down": { "texture": "#blackbronze", "uv": [ 0.0, 0.0, 1.0, 1.0 ] }
					}
				},
				{
					"name": "frame N",
					"from": [ -4.5, 1.1, -3.5 ], 
					"to": [ 6.5, 2.1, -2.5 ], 
					"rotationOrigin": [ 0.0, 1.1, 2.0 ],
					"faces": {
						"north": { "texture": "#blackbronze", "uv": [ 2.0, 9.0, 13.0, 10.0 ] },
						"east": { "texture": "#blackbronze", "uv": [ 7.0, 12.0, 8.0, 13.0 ] },
						"south": { "texture": "#blackbronze", "uv": [ 3.0, 2.0, 14.0, 3.0 ] },
						"west": { "texture": "#blackbronze", "uv": [ 7.0, 12.0, 8.0, 13.0 ] },
						"up": { "texture": "#blackbronze", "uv": [ 2.0, 0.0, 13.0, 1.0 ] },
						"down": { "texture": "#blackbronze", "uv": [ 4.0, 0.0, 15.0, 1.0 ] }
					}
				},
				{
					"name": "frame S",
					"from": [ -4.5, 1.1, 4.5 ], 
					"to": [ 6.5, 2.1, 5.5 ], 
					"rotationOrigin": [ 0.0, 1.1, -2.0 ],
					"faces": {
						"north": { "texture": "#blackbronze", "uv": [ 1.0, 1.0, 12.0, 2.0 ] },
						"east": { "texture": "#blackbronze", "uv": [ 6.0, 12.0, 7.0, 13.0 ] },
						"south": { "texture": "#blackbronze", "uv": [ 2.0, 1.0, 13.0, 2.0 ] },
						"west": { "texture": "#blackbronze", "uv": [ 6.0, 12.0, 7.0, 13.0 ] },
						"up": { "texture": "#blackbronze", "uv": [ 1.0, 0.0, 12.0, 1.0 ], "rotation": 180 },
						"down": { "texture": "#blackbronze", "uv": [ 4.0, 2.0, 15.0, 3.0 ] }
					}
				},
				{
					"name": "frame W",
					"from": [ -3.5, 1.0, -4.5 ], 
					"to": [ -2.5, 2.0, 6.5 ], 
					"rotationOrigin": [ 2.0, 1.0, 0.0 ],
					"faces": {
						"north": { "texture": "#blackbronze", "uv": [ 6.0, 12.0, 7.0, 13.0 ] },
						"east": { "texture": "#blackbronze", "uv": [ 3.0, 9.0, 14.0, 10.0 ] },
						"south": { "texture": "#blackbronze", "uv": [ 6.0, 11.0, 7.0, 12.0 ] },
						"west": { "texture": "#blackbronze", "uv": [ 1.0, 1.0, 12.0, 2.0 ] },
						"up": { "texture": "#blackbronze", "uv": [ 0.0, 0.0, 11.0, 1.0 ], "rotation": 270 },
						"down": { "texture": "#blackbronze", "uv": [ 0.0, 2.0, 1.0, 13.0 ] }
					}
				},
				{
					"name": "frame E",
					"from": [ 4.5, 1.0, -4.5 ], 
					"to": [ 5.5, 2.0, 6.5 ], 
					"rotationOrigin": [ -2.0, 1.0, 0.0 ],
					"faces": {
						"north": { "texture": "#blackbronze", "uv": [ 7.0, 12.0, 8.0, 13.0 ] },
						"east": { "texture": "#blackbronze", "uv": [ 4.0, 8.0, 15.0, 9.0 ] },
						"south": { "texture": "#blackbronze", "uv": [ 6.0, 12.0, 7.0, 13.0 ] },
						"west": { "texture": "#blackbronze", "uv": [ 5.0, 1.0, 16.0, 2.0 ] },
						"up": { "texture": "#blackbronze", "uv": [ 1.0, 0.0, 12.0, 1.0 ], "rotation": 90 },
						"down": { "texture": "#blackbronze", "uv": [ 9.0, 2.0, 10.0, 13.0 ] }
					}
				},
				{
					"name": "Candle lower E",
					"from": [ 6.0, 4.0, 0.0 ], 
					"to": [ 8.0, 8.0, 2.0 ], 
					"rotationOrigin": [ 7.0, 4.0, 1.0 ],
					"faces": {
						"north": { "texture": "#candle", "uv": [ 2.0, 12.0, 4.0, 16.0 ] },
						"east": { "texture": "#candle", "uv": [ 5.0, 12.0, 7.0, 16.0 ] },
						"south": { "texture": "#candle", "uv": [ 12.0, 12.0, 14.0, 16.0 ] },
						"west": { "texture": "#candle", "uv": [ 14.0, 12.0, 16.0, 16.0 ] },
						"up": { "texture": "#candle", "uv": [ 12.0, 1.0, 14.0, 3.0 ] },
						"down": { "texture": "#candle", "uv": [ 6.0, 14.0, 8.0, 16.0 ] }
					},
					"children": [
						{
							"name": "tip",
							"from": [ 0.8, 4.0, 0.8 ], 
							"to": [ 1.2, 4.5, 1.2 ], 
							"rotationOrigin": [ 0.8, 4.0, 0.8 ],
							"faces": {
								"north": { "texture": "#candle", "uv": [ 0.0, 0.0, 0.0, 0.5 ], "glow": 196 },
								"east": { "texture": "#candle", "uv": [ 0.0, 0.0, 0.0, 0.5 ], "glow": 196 },
								"south": { "texture": "#candle", "uv": [ 0.0, 0.0, 0.0, 0.5 ], "glow": 196 },
								"west": { "texture": "#candle", "uv": [ 0.0, 0.0, 0.0, 0.5 ], "glow": 196 },
								"up": { "texture": "#candle", "uv": [ 0.0, 0.0, 0.0, 0.0 ], "glow": 196 },
								"down": { "texture": "#candle", "uv": [ 0.0, 0.0, 0.0, 0.0 ], "glow": 196 }
							}
						}
					]
				},
				{
					"name": "Candle lower W",
					"from": [ -6.0, 4.0, 0.0 ], 
					"to": [ -4.0, 8.0, 2.0 ], 
					"rotationOrigin": [ -5.0, 4.0, 1.0 ],
					"faces": {
						"north": { "texture": "#candle", "uv": [ 2.0, 12.0, 4.0, 16.0 ] },
						"east": { "texture": "#candle", "uv": [ 5.0, 12.0, 7.0, 16.0 ] },
						"south": { "texture": "#candle", "uv": [ 12.0, 12.0, 14.0, 16.0 ] },
						"west": { "texture": "#candle", "uv": [ 14.0, 12.0, 16.0, 16.0 ] },
						"up": { "texture": "#candle", "uv": [ 12.0, 1.0, 14.0, 3.0 ] },
						"down": { "texture": "#candle", "uv": [ 6.0, 14.0, 8.0, 16.0 ] }
					},
					"children": [
						{
							"name": "tip22",
							"from": [ 0.8, 4.0, 0.8 ], 
							"to": [ 1.2, 4.5, 1.2 ], 
							"rotationOrigin": [ 0.8, 4.0, 0.8 ],
							"faces": {
								"north": { "texture": "#candle", "uv": [ 0.0, 0.0, 0.0, 0.5 ], "glow": 196 },
								"east": { "texture": "#candle", "uv": [ 0.0, 0.0, 0.0, 0.5 ], "glow": 196 },
								"south": { "texture": "#candle", "uv": [ 0.0, 0.0, 0.0, 0.5 ], "glow": 196 },
								"west": { "texture": "#candle", "uv": [ 0.0, 0.0, 0.0, 0.5 ], "glow": 196 },
								"up": { "texture": "#candle", "uv": [ 0.0, 0.0, 0.0, 0.0 ], "glow": 196 },
								"down": { "texture": "#candle", "uv": [ 0.0, 0.0, 0.0, 0.0 ], "glow": 196 }
							}
						}
					]
				},
				{
					"name": "Candle lower N",
					"from": [ 0.0, 3.5, -6.0 ], 
					"to": [ 2.0, 7.5, -4.0 ], 
					"rotationOrigin": [ 1.0, 3.5, -5.0 ],
					"faces": {
						"north": { "texture": "#candle", "uv": [ 2.0, 12.0, 4.0, 16.0 ] },
						"east": { "texture": "#candle", "uv": [ 5.0, 12.0, 7.0, 16.0 ] },
						"south": { "texture": "#candle", "uv": [ 12.0, 12.0, 14.0, 16.0 ] },
						"west": { "texture": "#candle", "uv": [ 14.0, 12.0, 16.0, 16.0 ] },
						"up": { "texture": "#candle", "uv": [ 12.0, 1.0, 14.0, 3.0 ] },
						"down": { "texture": "#candle", "uv": [ 6.0, 14.0, 8.0, 16.0 ] }
					},
					"children": [
						{
							"name": "tip24",
							"from": [ 0.8, 4.0, 0.8 ], 
							"to": [ 1.2, 4.5, 1.2 ], 
							"rotationOrigin": [ 0.8, 4.0, 0.8 ],
							"faces": {
								"north": { "texture": "#candle", "uv": [ 0.0, 0.0, 0.0, 0.5 ], "glow": 196 },
								"east": { "texture": "#candle", "uv": [ 0.0, 0.0, 0.0, 0.5 ], "glow": 196 },
								"south": { "texture": "#candle", "uv": [ 0.0, 0.0, 0.0, 0.5 ], "glow": 196 },
								"west": { "texture": "#candle", "uv": [ 0.0, 0.0, 0.0, 0.5 ], "glow": 196 },
								"up": { "texture": "#candle", "uv": [ 0.0, 0.0, 0.0, 0.0 ], "glow": 196 },
								"down": { "texture": "#candle", "uv": [ 0.0, 0.0, 0.0, 0.0 ], "glow": 196 }
							}
						}
					]
				},
				{
					"name": "Candle lower S",
					"from": [ 0.0, 3.5, 6.0 ], 
					"to": [ 2.0, 7.5, 8.0 ], 
					"rotationOrigin": [ 1.0, 3.5, 7.0 ],
					"faces": {
						"north": { "texture": "#candle", "uv": [ 2.0, 12.0, 4.0, 16.0 ] },
						"east": { "texture": "#candle", "uv": [ 5.0, 12.0, 7.0, 16.0 ] },
						"south": { "texture": "#candle", "uv": [ 12.0, 12.0, 14.0, 16.0 ] },
						"west": { "texture": "#candle", "uv": [ 14.0, 12.0, 16.0, 16.0 ] },
						"up": { "texture": "#candle", "uv": [ 12.0, 1.0, 14.0, 3.0 ] },
						"down": { "texture": "#candle", "uv": [ 6.0, 14.0, 8.0, 16.0 ] }
					},
					"children": [
						{
							"name": "tip26",
							"from": [ 0.8, 4.0, 0.8 ], 
							"to": [ 1.2, 4.5, 1.2 ], 
							"rotationOrigin": [ 0.8, 4.0, 0.8 ],
							"faces": {
								"north": { "texture": "#candle", "uv": [ 0.0, 0.0, 0.0, 0.5 ] },
								"east": { "texture": "#candle", "uv": [ 0.0, 0.0, 0.0, 0.5 ] },
								"south": { "texture": "#candle", "uv": [ 0.0, 0.0, 0.0, 0.5 ] },
								"west": { "texture": "#candle", "uv": [ 0.0, 0.0, 0.0, 0.5 ] },
								"up": { "texture": "#candle", "uv": [ 0.0, 0.0, 0.0, 0.0 ] },
								"down": { "texture": "#candle", "uv": [ 0.0, 0.0, 0.0, 0.0 ] }
							}
						}
					]
				},
				{
					"name": "Candle upper 1",
					"from": [ -3.2, 7.0, 3.2 ], 
					"to": [ -1.2, 11.0, 5.2 ], 
					"rotationOrigin": [ -2.2, 7.0, 4.2 ],
					"rotationY": -45.0,
					"faces": {
						"north": { "texture": "#candle", "uv": [ 2.0, 12.0, 4.0, 16.0 ] },
						"east": { "texture": "#candle", "uv": [ 5.0, 12.0, 7.0, 16.0 ] },
						"south": { "texture": "#candle", "uv": [ 12.0, 12.0, 14.0, 16.0 ] },
						"west": { "texture": "#candle", "uv": [ 14.0, 12.0, 16.0, 16.0 ] },
						"up": { "texture": "#candle", "uv": [ 12.0, 1.0, 14.0, 3.0 ] },
						"down": { "texture": "#candle", "uv": [ 6.0, 14.0, 8.0, 16.0 ] }
					},
					"children": [
						{
							"name": "tip28",
							"from": [ 0.8, 4.0, 0.8 ], 
							"to": [ 1.2, 4.5, 1.2 ], 
							"rotationOrigin": [ 0.8, 4.0, 0.8 ],
							"faces": {
								"north": { "texture": "#candle", "uv": [ 0.0, 0.0, 0.0, 0.5 ], "glow": 196 },
								"east": { "texture": "#candle", "uv": [ 0.0, 0.0, 0.0, 0.5 ], "glow": 196 },
								"south": { "texture": "#candle", "uv": [ 0.0, 0.0, 0.0, 0.5 ], "glow": 196 },
								"west": { "texture": "#candle", "uv": [ 0.0, 0.0, 0.0, 0.5 ], "glow": 196 },
								"up": { "texture": "#candle", "uv": [ 0.0, 0.0, 0.0, 0.0 ], "glow": 196 },
								"down": { "texture": "#candle", "uv": [ 0.0, 0.0, 0.0, 0.0 ], "glow": 196 }
							}
						}
					]
				},
				{
					"name": "Candle upper 2",
					"from": [ 3.2, 7.0, -3.2 ], 
					"to": [ 5.2, 11.0, -1.2 ], 
					"rotationOrigin": [ 4.2, 7.0, -2.2 ],
					"rotationY": -45.0,
					"faces": {
						"north": { "texture": "#candle", "uv": [ 2.0, 12.0, 4.0, 16.0 ] },
						"east": { "texture": "#candle", "uv": [ 5.0, 12.0, 7.0, 16.0 ] },
						"south": { "texture": "#candle", "uv": [ 12.0, 12.0, 14.0, 16.0 ] },
						"west": { "texture": "#candle", "uv": [ 14.0, 12.0, 16.0, 16.0 ] },
						"up": { "texture": "#candle", "uv": [ 12.0, 1.0, 14.0, 3.0 ] },
						"down": { "texture": "#candle", "uv": [ 6.0, 14.0, 8.0, 16.0 ] }
					},
					"children": [
						{
							"name": "tip30",
							"from": [ 0.8, 4.0, 0.8 ], 
							"to": [ 1.2, 4.5, 1.2 ], 
							"rotationOrigin": [ 0.8, 4.0, 0.8 ],
							"faces": {
								"north": { "texture": "#candle", "uv": [ 0.0, 0.0, 0.0, 0.5 ], "glow": 196 },
								"east": { "texture": "#candle", "uv": [ 0.0, 0.0, 0.0, 0.5 ], "glow": 196 },
								"south": { "texture": "#candle", "uv": [ 0.0, 0.0, 0.0, 0.5 ], "glow": 196 },
								"west": { "texture": "#candle", "uv": [ 0.0, 0.0, 0.0, 0.5 ], "glow": 196 },
								"up": { "texture": "#candle", "uv": [ 0.0, 0.0, 0.0, 0.0 ], "glow": 196 },
								"down": { "texture": "#candle", "uv": [ 0.0, 0.0, 0.0, 0.0 ], "glow": 196 }
							}
						}
					]
				},
				{
					"name": "Base top",
					"from": [ -0.5, 13.0, -0.5 ], 
					"to": [ 2.5, 14.0, 2.5 ], 
					"rotationOrigin": [ 0.0, 14.0, 0.0 ],
					"faces": {
						"north": { "texture": "#blackbronze", "uv": [ 0.0, 0.0, 3.0, 1.0 ] },
						"east": { "texture": "#blackbronze", "uv": [ 0.0, 0.0, 3.0, 1.0 ] },
						"south": { "texture": "#blackbronze", "uv": [ 0.0, 0.0, 3.0, 1.0 ] },
						"west": { "texture": "#blackbronze", "uv": [ 0.0, 0.0, 3.0, 1.0 ] },
						"up": { "texture": "#blackbronze", "uv": [ 5.5, 4.0, 8.5, 7.0 ] },
						"down": { "texture": "#blackbronze", "uv": [ 0.0, 0.0, 3.0, 3.0 ] }
					}
				}
			]
		}
	]}