{
	"editor": {
		"backDropShape": "entity/bovinae/tragelaphuseurycerus/male",
		"allAngles": true,
		"entityTextureMode": true
	},
	"textureWidth": 64,
	"textureHeight": 76,
	"textureSizes": {
		"horn": [64,76]
	},
	"textures": {
		"horn": "entity/bovinae/tragelaphuseurycerus-male"
	},
	"elements": [
		{
			"name": "R Antler01",
			"stepParentName": "AntlerBase",
			"from": [ 0.5, -0.8, -1.2 ],
			"to": [ 2.0, 0.4, 0.0 ],
			"unwrapMode": 5,
			"unwrapRotation": 1,
			"uv": [ 8.5, 62.5 ],
			"rotationOrigin": [ 0.5, -0.3, -0.6 ],
			"rotationY": 10.0,
			"rotationZ": 8.0,
			"faces": {
				"north": { "texture": "#horn", "uv": [ 8.5, 63.5, 9.5, 65.0 ], "rotation": 270 },
				"east": { "texture": "#horn", "uv": [ 9.5, 62.5, 10.5, 63.5 ], "rotation": 180 },
				"south": { "texture": "#horn", "uv": [ 10.5, 63.5, 11.5, 65.0 ], "rotation": 90 },
				"up": { "texture": "#horn", "uv": [ 9.5, 63.5, 10.5, 65.0 ], "rotation": 90 },
				"down": { "texture": "#horn", "uv": [ 11.5, 63.5, 12.5, 65.0 ], "rotation": 270, "windMode": [-1,-1,-1,-1], "windData": [1,1,1,1] }
			},
			"children": [
				{
					"name": "R Antler06",
					"from": [ 1.4, 0.35, 0.35 ],
					"to": [ 2.4, 0.85, 0.95 ],
					"unwrapMode": 3,
					"unwrapRotation": 1,
					"uv": [ 60.5, 31.0 ],
					"rotationOrigin": [ 1.4, 0.65, 0.7 ],
					"rotationX": -15.0,
					"rotationY": 5.0,
					"rotationZ": -3.0,
					"faces": {
						"north": { "texture": "#horn", "uv": [ 62.0, 31.5, 62.5, 32.5 ], "rotation": 270 },
						"east": { "texture": "#horn", "uv": [ 61.0, 31.0, 61.5, 31.5 ], "rotation": 90 },
						"south": { "texture": "#horn", "uv": [ 61.0, 31.5, 61.5, 32.5 ], "rotation": 90 },
						"up": { "texture": "#horn", "uv": [ 60.5, 31.5, 61.0, 32.5 ], "rotation": 90 },
						"down": { "texture": "#horn", "uv": [ 61.5, 31.5, 62.0, 32.5 ], "rotation": 270, "windMode": [-1,-1,-1,-1], "windData": [1,1,1,1] }
					},
					"children": [
						{
							"name": "R Antler07",
							"from": [ 0.9, 0.15, 0.05 ],
							"to": [ 1.9, 0.55, 0.55 ],
							"unwrapMode": 3,
							"unwrapRotation": 1,
							"uv": [ 60.5, 29.0 ],
							"rotationOrigin": [ 0.9, 0.4, 0.35 ],
							"rotationX": -15.0,
							"rotationZ": -10.0,
							"faces": {
								"north": { "texture": "#horn", "uv": [ 62.0, 29.5, 62.5, 30.5 ], "rotation": 270 },
								"east": { "texture": "#horn", "uv": [ 61.0, 29.0, 61.5, 29.5 ], "rotation": 90 },
								"south": { "texture": "#horn", "uv": [ 61.0, 29.5, 61.5, 30.5 ], "rotation": 90 },
								"up": { "texture": "#horn", "uv": [ 60.5, 29.5, 61.0, 30.5 ], "rotation": 90 },
								"down": { "texture": "#horn", "uv": [ 61.5, 29.5, 62.0, 30.5 ], "rotation": 270, "windMode": [-1,-1,-1,-1], "windData": [1,1,1,1] }
							},
							"children": [
								{
									"name": "R Antler08",
									"from": [ 0.8, 0.05, 0.05 ],
									"to": [ 2.3, 0.35, 0.45 ],
									"unwrapMode": 3,
									"unwrapRotation": 1,
									"uv": [ 60.5, 27.0 ],
									"rotationOrigin": [ 0.8, 0.25, 0.3 ],
									"rotationX": -15.0,
									"rotationY": -5.0,
									"rotationZ": -2.0,
									"faces": {
										"north": { "texture": "#horn", "uv": [ 62.0, 27.5, 62.5, 29.0 ], "rotation": 270 },
										"east": { "texture": "#horn", "uv": [ 61.0, 27.0, 61.5, 27.5 ], "rotation": 90 },
										"south": { "texture": "#horn", "uv": [ 61.0, 27.5, 61.5, 29.0 ], "rotation": 90 },
										"up": { "texture": "#horn", "uv": [ 60.5, 27.5, 61.0, 29.0 ], "rotation": 90 },
										"down": { "texture": "#horn", "uv": [ 61.5, 27.5, 62.0, 29.0 ], "rotation": 270, "windMode": [-1,-1,-1,-1], "windData": [1,1,1,1] }
									},
									"children": [
										{
											"name": "R Antler09",
											"from": [ 1.3, 0.05, 0.05 ],
											"to": [ 2.3, 0.25, 0.35 ],
											"unwrapMode": 3,
											"unwrapRotation": 1,
											"uv": [ 60.5, 25.5 ],
											"rotationOrigin": [ 1.3, 0.25, 0.25 ],
											"rotationX": -15.0,
											"rotationY": -5.0,
											"rotationZ": -5.0,
											"faces": {
												"north": { "texture": "#horn", "uv": [ 62.0, 26.0, 62.5, 27.0 ], "rotation": 270 },
												"east": { "texture": "#horn", "uv": [ 61.0, 25.5, 61.5, 26.0 ], "rotation": 90 },
												"south": { "texture": "#horn", "uv": [ 61.0, 26.0, 61.5, 27.0 ], "rotation": 90 },
												"up": { "texture": "#horn", "uv": [ 60.5, 26.0, 61.0, 27.0 ], "rotation": 90 },
												"down": { "texture": "#horn", "uv": [ 61.5, 26.0, 62.0, 27.0 ], "rotation": 270, "windMode": [-1,-1,-1,-1], "windData": [1,1,1,1] }
											}
										}
									]
								}
							]
						}
					]
				}
			]
		},
		{
			"name": "L Antler01",
			"stepParentName": "AntlerBase",
			"from": [ 0.5, -0.8, 0.0 ],
			"to": [ 2.0, 0.4, 1.2 ],
			"unwrapMode": 5,
			"unwrapRotation": 1,
			"uv": [ 15.5, 62.5 ],
			"rotationOrigin": [ 0.5, -0.3, 0.6 ],
			"rotationY": -10.0,
			"rotationZ": 8.0,
			"faces": {
				"north": { "texture": "#horn", "uv": [ 15.5, 63.5, 16.5, 65.0 ], "rotation": 270 },
				"east": { "texture": "#horn", "uv": [ 16.5, 62.5, 17.5, 63.5 ], "rotation": 180 },
				"south": { "texture": "#horn", "uv": [ 17.5, 63.5, 18.5, 65.0 ], "rotation": 90 },
				"up": { "texture": "#horn", "uv": [ 16.5, 63.5, 17.5, 65.0 ], "rotation": 90 },
				"down": { "texture": "#horn", "uv": [ 18.5, 63.5, 19.5, 65.0 ], "rotation": 270, "windMode": [-1,-1,-1,-1], "windData": [1,1,1,1] }
			},
			"children": [
				{
					"name": "L Antler06",
					"from": [ 1.4, 0.35, 0.25 ],
					"to": [ 2.4, 0.85, 0.85 ],
					"unwrapMode": 5,
					"unwrapRotation": 1,
					"uv": [ 56.5, 31.0 ],
					"rotationOrigin": [ 1.4, 0.65, 0.6 ],
					"rotationX": 15.0,
					"rotationY": -5.0,
					"rotationZ": -8.0,
					"faces": {
						"north": { "texture": "#horn", "uv": [ 56.5, 31.5, 57.0, 32.5 ], "rotation": 270 },
						"east": { "texture": "#horn", "uv": [ 57.0, 31.0, 57.5, 31.5 ], "rotation": 180 },
						"south": { "texture": "#horn", "uv": [ 57.5, 31.5, 58.0, 32.5 ], "rotation": 90 },
						"up": { "texture": "#horn", "uv": [ 57.0, 31.5, 57.5, 32.5 ], "rotation": 90 },
						"down": { "texture": "#horn", "uv": [ 58.0, 31.5, 58.5, 32.5 ], "rotation": 270, "windMode": [-1,-1,-1,-1], "windData": [1,1,1,1] }
					},
					"children": [
						{
							"name": "L Antler07",
							"from": [ 0.8, 0.15, 0.05 ],
							"to": [ 1.8, 0.55, 0.55 ],
							"unwrapMode": 5,
							"unwrapRotation": 1,
							"uv": [ 56.5, 29.0 ],
							"rotationOrigin": [ 0.8, 0.4, 0.35 ],
							"rotationX": 15.0,
							"rotationZ": -10.0,
							"faces": {
								"north": { "texture": "#horn", "uv": [ 56.5, 29.5, 57.0, 30.5 ], "rotation": 270 },
								"east": { "texture": "#horn", "uv": [ 57.0, 29.0, 57.5, 29.5 ], "rotation": 180 },
								"south": { "texture": "#horn", "uv": [ 57.5, 29.5, 58.0, 30.5 ], "rotation": 90 },
								"up": { "texture": "#horn", "uv": [ 57.0, 29.5, 57.5, 30.5 ], "rotation": 90 },
								"down": { "texture": "#horn", "uv": [ 58.0, 29.5, 58.5, 30.5 ], "rotation": 270, "windMode": [-1,-1,-1,-1], "windData": [1,1,1,1] }
							},
							"children": [
								{
									"name": "L Antler08",
									"from": [ 0.8, 0.05, 0.05 ],
									"to": [ 2.3, 0.35, 0.45 ],
									"unwrapMode": 5,
									"unwrapRotation": 1,
									"uv": [ 56.5, 27.0 ],
									"rotationOrigin": [ 0.8, 0.25, 0.3 ],
									"rotationX": 15.0,
									"rotationY": 5.0,
									"rotationZ": -2.0,
									"faces": {
										"north": { "texture": "#horn", "uv": [ 56.5, 27.5, 57.0, 29.0 ], "rotation": 270 },
										"east": { "texture": "#horn", "uv": [ 57.0, 27.0, 57.5, 27.5 ], "rotation": 180 },
										"south": { "texture": "#horn", "uv": [ 57.5, 27.5, 58.0, 29.0 ], "rotation": 90 },
										"up": { "texture": "#horn", "uv": [ 57.0, 27.5, 57.5, 29.0 ], "rotation": 90 },
										"down": { "texture": "#horn", "uv": [ 58.0, 27.5, 58.5, 29.0 ], "rotation": 270, "windMode": [-1,-1,-1,-1], "windData": [1,1,1,1] }
									},
									"children": [
										{
											"name": "L Antler09",
											"from": [ 1.3, 0.05, 0.05 ],
											"to": [ 2.3, 0.25, 0.35 ],
											"unwrapMode": 5,
											"unwrapRotation": 1,
											"uv": [ 56.5, 25.5 ],
											"rotationOrigin": [ 1.3, 0.25, 0.25 ],
											"rotationX": 15.0,
											"rotationY": 5.0,
											"rotationZ": -5.0,
											"faces": {
												"north": { "texture": "#horn", "uv": [ 56.5, 26.0, 57.0, 27.0 ], "rotation": 270 },
												"east": { "texture": "#horn", "uv": [ 57.0, 25.5, 57.5, 26.0 ], "rotation": 180 },
												"south": { "texture": "#horn", "uv": [ 57.5, 26.0, 58.0, 27.0 ], "rotation": 90 },
												"up": { "texture": "#horn", "uv": [ 57.0, 26.0, 57.5, 27.0 ], "rotation": 90 },
												"down": { "texture": "#horn", "uv": [ 58.0, 26.0, 58.5, 27.0 ], "rotation": 270, "windMode": [-1,-1,-1,-1], "windData": [1,1,1,1] }
											}
										}
									]
								}
							]
						}
					]
				}
			]
		}
	]}