{
	"editor": {
		"collapsedPaths": "Root/Body/Left Shoulder,Root/Body/Right Shoulder",
		"allAngles": true,
		"entityTextureMode": true
	},
	"textureWidth": 28,
	"textureHeight": 36,
	"textureSizes": {
		"skin": [28,36]
	},
	"textures": {
	},
	"elements": [
		{
			"name": "Origin",
			"from": [ 10.0, -0.9, 8.0 ],
			"to": [ 10.0, -0.9, 8.0 ],
			"uv": [ 0.0, 0.0 ],
			"rotationOrigin": [ 8.0, 0.0, 8.0 ],
			"rotationZ": -2.0,
			"faces": {
			},
			"children": [
				{
					"name": "Rear",
					"from": [ 2.1, 5.4, -1.65 ],
					"to": [ 4.6, 8.7, 1.45 ],
					"unwrapMode": 7,
					"unwrapRotation": 1,
					"autoUnwrap": false,
					"uv": [ 0.5, 22.0 ],
					"rotationOrigin": [ 2.1, 7.3, -0.15 ],
					"rotationZ": -8.0,
					"faces": {
						"north": { "texture": "#skin", "uv": [ 6.5, 25.0, 9.5, 27.5 ], "rotation": 90 },
						"east": { "texture": "#skin", "uv": [ 3.5, 27.5, 6.5, 30.5 ], "windMode": [-1,-1,-1,-1] },
						"south": { "texture": "#skin", "uv": [ 0.5, 25.0, 3.5, 27.5 ], "rotation": 270 },
						"west": { "texture": "#skin", "uv": [ 11.5, 32.0, 14.5, 35.0 ], "windMode": [-1,-1,-1,-1] },
						"up": { "texture": "#skin", "uv": [ 3.5, 25.0, 6.5, 27.5 ], "rotation": 270 },
						"down": { "texture": "#skin", "uv": [ 9.5, 25.0, 12.5, 27.5 ], "rotation": 90 }
					},
					"children": [
						{
							"name": "L Haunch",
							"from": [ 0.7, -0.3, 2.4 ],
							"to": [ 2.7, 2.9, 3.5 ],
							"unwrapMode": 3,
							"uv": [ 13.5, 15.5 ],
							"rotationOrigin": [ 1.8, 2.1, 2.9 ],
							"rotationX": 3.0,
							"rotationZ": 15.0,
							"faces": {
								"north": { "texture": "#skin", "uv": [ 17.5, 16.5, 19.5, 19.5 ] },
								"east": { "texture": "#skin", "uv": [ 16.5, 16.5, 17.5, 19.5 ] },
								"south": { "texture": "#skin", "uv": [ 14.5, 16.5, 16.5, 19.5 ] },
								"west": { "texture": "#skin", "uv": [ 13.5, 16.5, 14.5, 19.5 ] },
								"up": { "texture": "#skin", "uv": [ 14.5, 15.5, 16.5, 16.5 ], "windMode": [-1,-1,-1,-1], "windData": [0,0,1,1] },
								"down": { "texture": "#skin", "uv": [ 14.5, 19.5, 16.5, 20.5 ], "rotation": 180 }
							},
							"children": [
								{
									"name": "L LegUp",
									"from": [ -0.1, -2.7, 0.2 ],
									"to": [ 0.9, 0.3, 0.9 ],
									"unwrapMode": 3,
									"uv": [ 14.5, 21.0 ],
									"rotationOrigin": [ 0.2, 0.3, 0.6 ],
									"rotationX": 1.0,
									"rotationZ": 66.0,
									"faces": {
										"north": { "texture": "#skin", "uv": [ 16.5, 21.5, 17.5, 24.5 ] },
										"east": { "texture": "#skin", "uv": [ 16.0, 21.5, 16.5, 24.5 ] },
										"south": { "texture": "#skin", "uv": [ 15.0, 21.5, 16.0, 24.5 ] },
										"west": { "texture": "#skin", "uv": [ 14.5, 21.5, 15.0, 24.5 ] },
										"up": { "texture": "#skin", "uv": [ 15.0, 21.0, 16.0, 21.5 ] },
										"down": { "texture": "#skin", "uv": [ 15.0, 24.5, 16.0, 25.0 ], "rotation": 180 }
									},
									"children": [
										{
											"name": "L LegLow",
											"from": [ 0.4, -2.7, 0.05 ],
											"to": [ 1.0, 0.3, 0.55 ],
											"unwrapMode": 3,
											"uv": [ 14.5, 25.5 ],
											"rotationOrigin": [ 0.8, 0.3, 0.35 ],
											"rotationX": -4.0,
											"rotationZ": -51.0,
											"faces": {
												"north": { "texture": "#skin", "uv": [ 16.0, 26.0, 16.5, 29.0 ] },
												"east": { "texture": "#skin", "uv": [ 15.5, 26.0, 16.0, 29.0 ] },
												"south": { "texture": "#skin", "uv": [ 15.0, 26.0, 15.5, 29.0 ] },
												"west": { "texture": "#skin", "uv": [ 14.5, 26.0, 15.0, 29.0 ] },
												"up": { "texture": "#skin", "uv": [ 15.0, 25.5, 15.5, 26.0 ] },
												"down": { "texture": "#skin", "uv": [ 15.0, 29.0, 15.5, 29.5 ], "rotation": 180 }
											},
											"children": [
												{
													"name": "L Hind Pastern",
													"from": [ 0.0, -0.6, 0.02 ],
													"to": [ 0.5, 0.4, 0.47 ],
													"unwrapMode": 3,
													"uv": [ 14.5, 30.0 ],
													"rotationOrigin": [ 0.3, 0.3, 0.3 ],
													"rotationX": -1.0,
													"rotationZ": -36.0,
													"faces": {
														"north": { "texture": "#skin", "uv": [ 16.0, 30.5, 16.5, 31.5 ] },
														"east": { "texture": "#skin", "uv": [ 15.5, 30.5, 16.0, 31.5 ] },
														"south": { "texture": "#skin", "uv": [ 15.0, 30.5, 15.5, 31.5 ] },
														"west": { "texture": "#skin", "uv": [ 14.5, 30.5, 15.0, 31.5 ] },
														"up": { "texture": "#skin", "uv": [ 15.0, 30.0, 15.5, 30.5 ] },
														"down": { "texture": "#skin", "uv": [ 15.0, 31.5, 15.5, 32.0 ], "rotation": 180 }
													},
													"children": [
														{
															"name": "L Hind Hoof",
															"from": [ 0.3, 0.4, 0.27 ],
															"to": [ 0.3, 0.4, 0.27 ],
															"uv": [ 0.0, 0.0 ],
															"rotationOrigin": [ 0.3, 0.4, 0.3 ],
															"rotationZ": -5.0,
															"faces": {
															},
															"children": [
																{
																	"name": "L Hind Hoof1",
																	"from": [ -0.9, -0.2, -0.25 ],
																	"to": [ -0.2, 0.1, 0.15 ],
																	"unwrapMode": 4,
																	"uv": [ 25.0, 30.0 ],
																	"rotationOrigin": [ -0.1, 0.0, 0.2 ],
																	"rotationZ": 55.0,
																	"faces": {
																		"north": { "texture": "#skin", "uv": [ 25.0, 30.5, 25.5, 31.0 ] },
																		"east": { "texture": "#skin", "uv": [ 26.5, 30.5, 27.0, 31.0 ] },
																		"south": { "texture": "#skin", "uv": [ 26.0, 30.5, 26.5, 31.0 ] },
																		"west": { "texture": "#skin", "uv": [ 25.5, 30.5, 26.0, 31.0 ] },
																		"up": { "texture": "#skin", "uv": [ 25.5, 30.0, 26.0, 30.5 ], "rotation": 90 },
																		"down": { "texture": "#skin", "uv": [ 25.5, 31.0, 26.0, 31.5 ], "rotation": 90 }
																	}
																},
																{
																	"name": "L Hind Hoof2",
																	"from": [ -0.5407, -0.4942, -0.25 ],
																	"to": [ 0.1593, -0.1942, 0.15 ],
																	"unwrapMode": 4,
																	"uv": [ 26.0, 31.0 ],
																	"rotationOrigin": [ 0.0602, -0.2942, 0.15 ],
																	"rotationZ": 27.0,
																	"faces": {
																		"north": { "texture": "#skin", "uv": [ 26.0, 31.5, 26.5, 32.0 ] },
																		"east": { "texture": "#skin", "uv": [ 27.5, 31.5, 28.0, 32.0 ] },
																		"south": { "texture": "#skin", "uv": [ 27.0, 31.5, 27.5, 32.0 ] },
																		"west": { "texture": "#skin", "uv": [ 26.5, 31.5, 27.0, 32.0 ] },
																		"up": { "texture": "#skin", "uv": [ 26.5, 31.0, 27.0, 31.5 ], "rotation": 90 },
																		"down": { "texture": "#skin", "uv": [ 26.5, 32.0, 27.0, 32.5 ], "rotation": 90 }
																	}
																}
															]
														}
													]
												}
											]
										}
									]
								}
							]
						},
						{
							"name": "Tail",
							"from": [ 2.1, 1.9, 1.25 ],
							"to": [ 2.6, 3.0, 1.85 ],
							"unwrapMode": 3,
							"uv": [ 7.5, 28.5 ],
							"rotationOrigin": [ 2.4, 3.0, 1.55 ],
							"rotationZ": 27.0,
							"faces": {
								"north": { "texture": "#skin", "uv": [ 9.0, 29.0, 9.5, 30.0 ], "windMode": [-1,-1,-1,-1], "windData": [0,1,1,0] },
								"east": { "texture": "#skin", "uv": [ 8.5, 29.0, 9.0, 30.0 ], "windMode": [-1,-1,-1,-1], "windData": [0,1,1,0] },
								"south": { "texture": "#skin", "uv": [ 8.0, 29.0, 8.5, 30.0 ] },
								"west": { "texture": "#skin", "uv": [ 7.5, 29.0, 8.0, 30.0 ], "windMode": [-1,-1,-1,-1], "windData": [0,0,1,1] },
								"up": { "texture": "#skin", "uv": [ 8.0, 28.5, 8.5, 29.0 ], "windMode": [-1,-1,-1,-1], "windData": [1,1,1,1] },
								"down": { "texture": "#skin", "uv": [ 8.0, 30.0, 8.5, 30.5 ], "rotation": 180, "windMode": [-1,-1,-1,-1] }
							},
							"children": [
								{
									"name": "Tail2",
									"from": [ 0.0, -1.2, -0.05 ],
									"to": [ 0.6, 0.2, 0.65 ],
									"unwrapMode": 3,
									"uv": [ 10.5, 28.5 ],
									"rotationOrigin": [ 0.0, 0.2, 0.25 ],
									"rotationZ": -22.0,
									"faces": {
										"north": { "texture": "#skin", "uv": [ 12.0, 29.0, 12.5, 30.0 ] },
										"east": { "texture": "#skin", "uv": [ 11.5, 29.0, 12.0, 30.0 ] },
										"south": { "texture": "#skin", "uv": [ 11.0, 29.0, 11.5, 30.0 ] },
										"west": { "texture": "#skin", "uv": [ 10.5, 29.0, 11.0, 30.0 ] },
										"up": { "texture": "#skin", "uv": [ 11.0, 28.5, 11.5, 29.0 ], "windMode": [-1,-1,-1,-1], "windData": [1,1,1,1] },
										"down": { "texture": "#skin", "uv": [ 11.0, 30.0, 11.5, 30.5 ], "rotation": 180 }
									}
								}
							]
						},
						{
							"name": "R Haunch",
							"from": [ 0.7, -0.3, -0.4 ],
							"to": [ 2.7, 2.9, 0.7 ],
							"unwrapMode": 1,
							"uv": [ 20.5, 15.5 ],
							"rotationOrigin": [ 1.8, 2.1, 0.1 ],
							"rotationX": -3.0,
							"rotationZ": 3.0,
							"faces": {
								"north": { "texture": "#skin", "uv": [ 21.5, 16.5, 23.5, 19.5 ] },
								"east": { "texture": "#skin", "uv": [ 20.5, 16.5, 21.5, 19.5 ] },
								"south": { "texture": "#skin", "uv": [ 24.5, 16.5, 26.5, 19.5 ] },
								"west": { "texture": "#skin", "uv": [ 23.5, 16.5, 24.5, 19.5 ] },
								"up": { "texture": "#skin", "uv": [ 21.5, 15.5, 23.5, 16.5 ], "rotation": 180 },
								"down": { "texture": "#skin", "uv": [ 21.5, 19.5, 23.5, 20.5 ] }
							},
							"children": [
								{
									"name": "R LegUp",
									"from": [ -0.1, -2.7, 0.2 ],
									"to": [ 0.9, 0.3, 0.9 ],
									"unwrapMode": 1,
									"uv": [ 21.5, 21.0 ],
									"rotationOrigin": [ 0.2, 0.3, 0.6 ],
									"rotationX": -1.0,
									"rotationZ": 60.0,
									"faces": {
										"north": { "texture": "#skin", "uv": [ 22.0, 21.5, 23.0, 24.5 ] },
										"east": { "texture": "#skin", "uv": [ 21.5, 21.5, 22.0, 24.5 ] },
										"south": { "texture": "#skin", "uv": [ 23.5, 21.5, 24.5, 24.5 ] },
										"west": { "texture": "#skin", "uv": [ 23.0, 21.5, 23.5, 24.5 ] },
										"up": { "texture": "#skin", "uv": [ 22.0, 21.0, 23.0, 21.5 ], "rotation": 180 },
										"down": { "texture": "#skin", "uv": [ 22.0, 24.5, 23.0, 25.0 ] }
									},
									"children": [
										{
											"name": "R LegLow",
											"from": [ 0.4, -2.7, 0.15 ],
											"to": [ 1.0, 0.3, 0.65 ],
											"unwrapMode": 1,
											"uv": [ 21.5, 25.5 ],
											"rotationOrigin": [ 0.8, 0.3, 0.4 ],
											"rotationX": 4.0,
											"rotationZ": -84.0,
											"faces": {
												"north": { "texture": "#skin", "uv": [ 22.0, 26.0, 22.5, 29.0 ] },
												"east": { "texture": "#skin", "uv": [ 21.5, 26.0, 22.0, 29.0 ] },
												"south": { "texture": "#skin", "uv": [ 23.0, 26.0, 23.5, 29.0 ] },
												"west": { "texture": "#skin", "uv": [ 22.5, 26.0, 23.0, 29.0 ] },
												"up": { "texture": "#skin", "uv": [ 22.0, 25.5, 22.5, 26.0 ], "rotation": 180 },
												"down": { "texture": "#skin", "uv": [ 22.0, 29.0, 22.5, 29.5 ] }
											},
											"children": [
												{
													"name": "R Hind Pastern",
													"from": [ 0.0, -0.6, 0.02 ],
													"to": [ 0.5, 0.4, 0.47 ],
													"unwrapMode": 1,
													"uv": [ 21.5, 29.83 ],
													"rotationOrigin": [ 0.3, 0.3, 0.3 ],
													"rotationX": 1.0,
													"rotationZ": -25.0,
													"faces": {
														"north": { "texture": "#skin", "uv": [ 22.0, 30.5, 22.5, 31.5 ] },
														"east": { "texture": "#skin", "uv": [ 21.5, 30.5, 22.0, 31.5 ] },
														"south": { "texture": "#skin", "uv": [ 23.0, 30.5, 23.5, 31.5 ] },
														"west": { "texture": "#skin", "uv": [ 22.5, 30.5, 23.0, 31.5 ] },
														"up": { "texture": "#skin", "uv": [ 22.0, 30.0, 22.5, 30.5 ], "rotation": 180 },
														"down": { "texture": "#skin", "uv": [ 22.0, 31.5, 22.5, 32.0 ] }
													},
													"children": [
														{
															"name": "R Hind Hoof",
															"from": [ 0.3, 0.4, 0.27 ],
															"to": [ 0.3, 0.4, 0.27 ],
															"uv": [ 0.0, 0.0 ],
															"rotationOrigin": [ 0.3, 0.4, 0.3 ],
															"rotationZ": 34.0,
															"faces": {
															},
															"children": [
																{
																	"name": "R Hind Hoof1",
																	"from": [ -0.9, -0.2, -0.25 ],
																	"to": [ -0.2, 0.1, 0.15 ],
																	"unwrapMode": 4,
																	"uv": [ 25.0, 33.5 ],
																	"rotationOrigin": [ -0.1, 0.0, 0.2 ],
																	"rotationZ": 55.0,
																	"faces": {
																		"north": { "texture": "#skin", "uv": [ 25.0, 34.0, 25.5, 34.5 ] },
																		"east": { "texture": "#skin", "uv": [ 26.5, 34.0, 27.0, 34.5 ] },
																		"south": { "texture": "#skin", "uv": [ 26.0, 34.0, 26.5, 34.5 ] },
																		"west": { "texture": "#skin", "uv": [ 25.5, 34.0, 26.0, 34.5 ] },
																		"up": { "texture": "#skin", "uv": [ 25.5, 33.5, 26.0, 34.0 ], "rotation": 90 },
																		"down": { "texture": "#skin", "uv": [ 25.5, 34.5, 26.0, 35.0 ], "rotation": 90 }
																	}
																},
																{
																	"name": "R Hind Hoof2",
																	"from": [ -0.5407, -0.4942, -0.25 ],
																	"to": [ 0.1593, -0.1942, 0.15 ],
																	"unwrapMode": 4,
																	"uv": [ 26.0, 34.5 ],
																	"rotationOrigin": [ 0.0602, -0.2942, 0.15 ],
																	"rotationZ": 27.0,
																	"faces": {
																		"north": { "texture": "#skin", "uv": [ 26.0, 35.0, 26.5, 35.5 ] },
																		"east": { "texture": "#skin", "uv": [ 27.5, 35.0, 28.0, 35.5 ] },
																		"south": { "texture": "#skin", "uv": [ 27.0, 35.0, 27.5, 35.5 ] },
																		"west": { "texture": "#skin", "uv": [ 26.5, 35.0, 27.0, 35.5 ] },
																		"up": { "texture": "#skin", "uv": [ 26.5, 34.5, 27.0, 35.0 ], "rotation": 90 },
																		"down": { "texture": "#skin", "uv": [ 26.5, 35.5, 27.0, 36.0 ], "rotation": 90 }
																	}
																}
															]
														}
													]
												}
											]
										}
									]
								}
							]
						},
						{
							"name": "Midsection",
							"from": [ -2.6, 0.2, 0.05 ],
							"to": [ 0.4, 3.2, 3.05 ],
							"unwrapMode": 7,
							"unwrapRotation": 1,
							"autoUnwrap": false,
							"uv": [ 0.5, 18.0 ],
							"rotationOrigin": [ 0.3, 2.2, 0.05 ],
							"rotationZ": 11.0,
							"faces": {
								"north": { "texture": "#skin", "uv": [ 6.5, 21.0, 9.5, 24.0 ], "rotation": 90 },
								"east": { "texture": "#skin", "uv": [ 8.0, 32.0, 11.0, 35.0 ], "windMode": [-1,-1,-1,-1] },
								"south": { "texture": "#skin", "uv": [ 0.5, 21.0, 3.5, 24.0 ], "rotation": 270 },
								"west": { "texture": "#skin", "uv": [ 4.5, 32.0, 7.5, 35.0 ], "windMode": [-1,-1,-1,-1] },
								"up": { "texture": "#skin", "uv": [ 3.5, 21.0, 6.5, 24.0 ], "rotation": 270 },
								"down": { "texture": "#skin", "uv": [ 9.5, 21.0, 12.5, 24.0 ], "rotation": 90 }
							},
							"children": [
								{
									"name": "Chest",
									"from": [ -2.5, -0.2, -0.1 ],
									"to": [ 0.5, 3.1, 3.1 ],
									"unwrapMode": 7,
									"unwrapRotation": 1,
									"autoUnwrap": false,
									"uv": [ 0.5, 14.0 ],
									"rotationOrigin": [ 0.5, 2.5, 1.5 ],
									"rotationZ": -5.0,
									"faces": {
										"north": { "texture": "#skin", "uv": [ 6.5, 17.0, 9.5, 20.0 ], "rotation": 90 },
										"east": { "texture": "#skin", "uv": [ 1.0, 32.0, 4.0, 35.0 ] },
										"south": { "texture": "#skin", "uv": [ 0.5, 17.0, 3.5, 20.0 ], "rotation": 270 },
										"west": { "texture": "#skin", "uv": [ 3.5, 14.0, 6.5, 17.0 ], "rotation": 180 },
										"up": { "texture": "#skin", "uv": [ 3.5, 17.0, 6.5, 20.0 ], "rotation": 270 },
										"down": { "texture": "#skin", "uv": [ 9.5, 17.0, 12.5, 20.0 ], "rotation": 90 }
									},
									"children": [
										{
											"name": "Neck",
											"from": [ 0.0, 2.0, 0.8 ],
											"to": [ 1.8, 4.5, 2.2 ],
											"unwrapMode": 2,
											"uv": [ 2.5, 7.5 ],
											"rotationOrigin": [ 1.7, 1.9, 1.4 ],
											"rotationZ": 26.0,
											"faces": {
												"north": { "texture": "#skin", "uv": [ 5.0, 9.0, 6.5, 11.5 ], "windMode": [-1,-1,-1,-1], "windData": [0,0,1,0] },
												"east": { "texture": "#skin", "uv": [ 4.0, 9.0, 5.0, 11.5 ], "windMode": [-1,-1,-1,-1], "windData": [1,0,0,1] },
												"south": { "texture": "#skin", "uv": [ 2.5, 9.0, 4.0, 11.5 ] },
												"west": { "texture": "#skin", "uv": [ 6.5, 9.0, 7.5, 11.5 ] },
												"up": { "texture": "#skin", "uv": [ 4.0, 7.5, 5.0, 9.0 ], "rotation": 270 }
											},
											"children": [
												{
													"name": "Neck2",
													"from": [ 0.2, 1.3, 0.05 ],
													"to": [ 1.8, 3.8, 1.35 ],
													"unwrapMode": 2,
													"uv": [ 2.5, 1.0 ],
													"rotationOrigin": [ 1.7, 2.2, 0.75 ],
													"rotationZ": -15.0,
													"faces": {
														"north": { "texture": "#skin", "uv": [ 5.0, 2.5, 6.5, 5.0 ], "windMode": [-1,-1,-1,-1], "windData": [1,1,1,1] },
														"east": { "texture": "#skin", "uv": [ 4.0, 2.5, 5.0, 5.0 ], "windMode": [-1,-1,-1,-1], "windData": [1,1,1,1] },
														"south": { "texture": "#skin", "uv": [ 2.5, 2.5, 4.0, 5.0 ], "windMode": [-1,-1,-1,-1], "windData": [1,1,1,1] },
														"west": { "texture": "#skin", "uv": [ 6.5, 2.5, 7.5, 5.0 ], "windMode": [-1,-1,-1,-1], "windData": [1,1,1,1] },
														"up": { "texture": "#skin", "uv": [ 4.0, 1.0, 5.0, 2.5 ], "rotation": 270, "windMode": [-1,-1,-1,-1], "windData": [1,1,1,1] },
														"down": { "texture": "#skin", "uv": [ 4.0, 5.0, 5.0, 6.5 ], "rotation": 270, "windMode": [-1,-1,-1,-1] }
													},
													"children": [
														{
															"name": "Head",
															"from": [ 0.2, 0.5, -0.2 ],
															"to": [ 1.7, 2.5, 1.4 ],
															"unwrapMode": 4,
															"uv": [ 9.0, 3.5 ],
															"rotationOrigin": [ 1.7, 2.5, 0.7 ],
															"rotationZ": -51.0,
															"faces": {
																"north": { "texture": "#skin", "uv": [ 9.0, 5.0, 10.5, 7.0 ] },
																"east": { "texture": "#skin", "uv": [ 13.5, 5.0, 15.0, 7.0 ] },
																"south": { "texture": "#skin", "uv": [ 12.0, 5.0, 13.5, 7.0 ] },
																"west": { "texture": "#skin", "uv": [ 10.5, 5.0, 12.0, 7.0 ] },
																"up": { "texture": "#skin", "uv": [ 10.5, 3.5, 12.0, 5.0 ], "rotation": 90 },
																"down": { "texture": "#skin", "uv": [ 10.5, 7.0, 12.0, 8.5 ], "rotation": 90 }
															},
															"children": [
																{
																	"name": "MouthUp",
																	"from": [ -0.9, 0.3, 0.35 ],
																	"to": [ 0.3, 0.6, 1.25 ],
																	"unwrapMode": 5,
																	"unwrapRotation": 1,
																	"uv": [ 10.0, 12.0 ],
																	"rotationOrigin": [ 0.2, 0.6, 0.75 ],
																	"rotationZ": 45.0,
																	"faces": {
																		"north": { "texture": "#skin", "uv": [ 10.0, 12.0, 10.5, 13.0 ], "rotation": 270 },
																		"south": { "texture": "#skin", "uv": [ 11.0, 12.0, 11.5, 13.0 ], "rotation": 90 },
																		"west": { "texture": "#skin", "uv": [ 10.5, 13.0, 11.0, 13.5 ] },
																		"up": { "texture": "#skin", "uv": [ 10.5, 12.0, 11.0, 13.0 ], "rotation": 90 },
																		"down": { "texture": "#skin", "uv": [ 11.5, 12.0, 12.0, 13.0 ], "rotation": 270 }
																	},
																	"children": [
																		{
																			"name": "Snout",
																			"from": [ -0.2, 0.1, 0.2 ],
																			"to": [ 0.3, 0.6, 0.7 ],
																			"unwrapMode": 4,
																			"uv": [ 13.0, 10.0 ],
																			"rotationOrigin": [ -0.2, 0.5, 0.5 ],
																			"rotationZ": 12.0,
																			"faces": {
																				"north": { "texture": "#skin", "uv": [ 13.0, 10.5, 13.5, 11.0 ], "windMode": [-1,-1,-1,-1], "windData": [1,1,1,1] },
																				"east": { "texture": "#skin", "uv": [ 14.5, 10.5, 15.0, 11.0 ], "windMode": [-1,-1,-1,-1], "windData": [1,1,1,1] },
																				"south": { "texture": "#skin", "uv": [ 14.0, 10.5, 14.5, 11.0 ], "windMode": [-1,-1,-1,-1], "windData": [1,1,1,1] },
																				"west": { "texture": "#skin", "uv": [ 13.5, 10.5, 14.0, 11.0 ], "windMode": [-1,-1,-1,-1], "windData": [1,1,1,1] },
																				"up": { "texture": "#skin", "uv": [ 13.5, 10.0, 14.0, 10.5 ], "rotation": 90, "windMode": [-1,-1,-1,-1], "windData": [1,1,1,1] },
																				"down": { "texture": "#skin", "uv": [ 13.5, 11.0, 14.0, 11.5 ], "rotation": 90, "windMode": [-1,-1,-1,-1], "windData": [1,1,1,1] }
																			}
																		},
																		{
																			"name": "Nose",
																			"from": [ 0.3, 0.0, 0.1 ],
																			"to": [ 2.3, 0.7, 0.8 ],
																			"unwrapMode": 5,
																			"unwrapRotation": 1,
																			"uv": [ 10.0, 9.0 ],
																			"rotationOrigin": [ 0.3, 0.0, 0.4 ],
																			"rotationZ": 15.0,
																			"faces": {
																				"north": { "texture": "#skin", "uv": [ 10.0, 9.0, 10.5, 11.0 ], "rotation": 270 },
																				"south": { "texture": "#skin", "uv": [ 11.0, 9.0, 11.5, 11.0 ], "rotation": 90 },
																				"west": { "texture": "#skin", "uv": [ 10.5, 11.0, 11.0, 11.5 ], "windMode": [-1,-1,-1,-1], "windData": [1,1,1,1] },
																				"up": { "texture": "#skin", "uv": [ 10.5, 9.0, 11.0, 11.0 ], "rotation": 90 }
																			}
																		},
																		{
																			"name": "Jaw",
																			"from": [ 0.1, -0.4, 0.05 ],
																			"to": [ 1.1, -0.1, 0.85 ],
																			"unwrapMode": 5,
																			"unwrapRotation": 1,
																			"uv": [ 10.0, 14.0 ],
																			"rotationOrigin": [ 1.1, -0.1, 0.5 ],
																			"rotationZ": -13.0,
																			"faces": {
																				"north": { "texture": "#skin", "uv": [ 10.0, 14.0, 10.5, 15.0 ], "rotation": 270 },
																				"south": { "texture": "#skin", "uv": [ 11.0, 14.0, 11.5, 15.0 ], "rotation": 90 },
																				"west": { "texture": "#skin", "uv": [ 10.5, 15.0, 11.0, 15.5 ] },
																				"up": { "texture": "#skin", "uv": [ 10.5, 14.0, 11.0, 15.0 ], "rotation": 90 },
																				"down": { "texture": "#skin", "uv": [ 11.5, 14.0, 12.0, 15.0 ], "rotation": 270 }
																			}
																		}
																	]
																},
																{
																	"name": "R Ear",
																	"from": [ 0.5, 1.4, -0.7 ],
																	"to": [ 0.7, 2.2, 0.3 ],
																	"unwrapMode": 4,
																	"unwrapRotation": 1,
																	"uv": [ 12.0, 1.0 ],
																	"rotationOrigin": [ 0.7, 1.7, 0.3 ],
																	"rotationX": 45.0,
																	"rotationZ": 22.0,
																	"faces": {
																		"north": { "texture": "#skin", "uv": [ 12.5, 2.0, 13.0, 2.5 ], "rotation": 90 },
																		"east": { "texture": "#skin", "uv": [ 13.5, 1.0, 14.0, 2.0 ], "rotation": 270 },
																		"west": { "texture": "#skin", "uv": [ 12.5, 1.0, 13.0, 2.0 ], "rotation": 90 },
																		"up": { "texture": "#skin", "uv": [ 12.0, 1.0, 12.5, 2.0 ], "rotation": 180 },
																		"down": { "texture": "#skin", "uv": [ 13.0, 1.0, 13.5, 2.0 ], "rotation": 180 }
																	},
																	"children": [
																		{
																			"name": "R Ear2",
																			"from": [ 0.0, 0.0, -1.0 ],
																			"to": [ 0.2, 0.8, 0.0 ],
																			"unwrapMode": 4,
																			"unwrapRotation": 1,
																			"uv": [ 12.0, 1.0 ],
																			"rotationOrigin": [ 0.2, 0.8, 0.0 ],
																			"rotationX": -40.0,
																			"rotationZ": 2.0,
																			"faces": {
																				"north": { "texture": "#skin", "uv": [ 12.5, 2.0, 13.0, 2.5 ], "rotation": 90 },
																				"east": { "texture": "#skin", "uv": [ 13.5, 1.0, 14.0, 2.0 ], "rotation": 270 },
																				"west": { "texture": "#skin", "uv": [ 12.5, 1.0, 13.0, 2.0 ], "rotation": 90 },
																				"up": { "texture": "#skin", "uv": [ 12.0, 1.0, 12.5, 2.0 ], "rotation": 180 },
																				"down": { "texture": "#skin", "uv": [ 13.0, 1.0, 13.5, 2.0 ], "rotation": 180 }
																			}
																		},
																		{
																			"name": "R Ear3",
																			"from": [ 0.0, 0.0, -0.3 ],
																			"to": [ 0.2, 0.5, 1.0 ],
																			"unwrapMode": 4,
																			"unwrapRotation": 1,
																			"uv": [ 12.0, 1.0 ],
																			"rotationOrigin": [ 0.2, 0.0, 1.0 ],
																			"rotationX": -21.0,
																			"rotationZ": -2.0,
																			"faces": {
																				"north": { "texture": "#skin", "uv": [ 12.5, 2.0, 13.0, 2.5 ], "rotation": 90 },
																				"east": { "texture": "#skin", "uv": [ 13.5, 1.0, 14.0, 2.0 ], "rotation": 270 },
																				"west": { "texture": "#skin", "uv": [ 12.5, 1.0, 13.0, 2.0 ], "rotation": 90 },
																				"up": { "texture": "#skin", "uv": [ 12.0, 1.0, 12.5, 2.0 ], "rotation": 180 },
																				"down": { "texture": "#skin", "uv": [ 13.0, 1.0, 13.5, 2.0 ], "rotation": 180 }
																			}
																		}
																	]
																},
																{
																	"name": "L Ear",
																	"from": [ 0.5, 1.4, 1.4 ],
																	"to": [ 0.7, 2.2, 2.4 ],
																	"unwrapMode": 4,
																	"unwrapRotation": 1,
																	"uv": [ 9.5, 0.5 ],
																	"rotationOrigin": [ 0.7, 1.7, 1.4 ],
																	"rotationX": -45.0,
																	"rotationZ": 22.0,
																	"faces": {
																		"east": { "texture": "#skin", "uv": [ 11.0, 1.0, 11.5, 2.0 ], "rotation": 270 },
																		"south": { "texture": "#skin", "uv": [ 10.0, 0.5, 10.5, 1.0 ], "rotation": 90 },
																		"west": { "texture": "#skin", "uv": [ 10.0, 1.0, 10.5, 2.0 ], "rotation": 90 },
																		"up": { "texture": "#skin", "uv": [ 9.5, 1.0, 10.0, 2.0 ], "rotation": 180 },
																		"down": { "texture": "#skin", "uv": [ 10.5, 1.0, 11.0, 2.0 ], "rotation": 180 }
																	},
																	"children": [
																		{
																			"name": "L Ear2",
																			"from": [ 0.0, 0.0, 1.0 ],
																			"to": [ 0.2, 0.8, 2.0 ],
																			"unwrapMode": 4,
																			"unwrapRotation": 1,
																			"uv": [ 9.5, 0.5 ],
																			"rotationOrigin": [ 0.2, 0.8, 1.0 ],
																			"rotationX": 40.0,
																			"rotationZ": 2.0,
																			"faces": {
																				"east": { "texture": "#skin", "uv": [ 11.0, 1.0, 11.5, 2.0 ], "rotation": 270 },
																				"south": { "texture": "#skin", "uv": [ 10.0, 0.5, 10.5, 1.0 ], "rotation": 90 },
																				"west": { "texture": "#skin", "uv": [ 10.0, 1.0, 10.5, 2.0 ], "rotation": 90 },
																				"up": { "texture": "#skin", "uv": [ 9.5, 1.0, 10.0, 2.0 ], "rotation": 180 },
																				"down": { "texture": "#skin", "uv": [ 10.5, 1.0, 11.0, 2.0 ], "rotation": 180 }
																			}
																		},
																		{
																			"name": "L Ear3",
																			"from": [ 0.0, 0.0, 0.0 ],
																			"to": [ 0.2, 0.5, 1.3 ],
																			"unwrapMode": 4,
																			"unwrapRotation": 1,
																			"uv": [ 9.5, 0.5 ],
																			"rotationOrigin": [ 0.2, 0.0, 0.0 ],
																			"rotationX": 21.0,
																			"rotationZ": -2.0,
																			"faces": {
																				"east": { "texture": "#skin", "uv": [ 11.0, 1.0, 11.5, 2.0 ], "rotation": 270 },
																				"south": { "texture": "#skin", "uv": [ 10.0, 0.5, 10.5, 1.0 ], "rotation": 90 },
																				"west": { "texture": "#skin", "uv": [ 10.0, 1.0, 10.5, 2.0 ], "rotation": 90 },
																				"up": { "texture": "#skin", "uv": [ 9.5, 1.0, 10.0, 2.0 ], "rotation": 180 },
																				"down": { "texture": "#skin", "uv": [ 10.5, 1.0, 11.0, 2.0 ], "rotation": 180 }
																			}
																		}
																	]
																},
																{
																	"name": "L Eye",
																	"from": [ 0.15, 1.05, 1.39 ],
																	"to": [ 0.55, 1.25, 1.61 ],
																	"unwrapMode": 3,
																	"uv": [ 1.0, 7.0 ],
																	"rotationOrigin": [ 0.35, 1.1, 1.4 ],
																	"rotationZ": 20.0,
																	"faces": {
																		"east": { "texture": "#skin", "uv": [ 2.0, 7.0, 2.5, 7.5 ], "windMode": [-1,-1,-1,-1] },
																		"south": { "texture": "#skin", "uv": [ 1.5, 7.0, 2.0, 7.5 ], "windMode": [-1,-1,-1,-1] },
																		"west": { "texture": "#skin", "uv": [ 1.0, 7.0, 1.5, 7.5 ], "windMode": [-1,-1,-1,-1] },
																		"down": { "texture": "#skin", "uv": [ 1.5, 7.5, 2.0, 8.0 ], "rotation": 180, "windMode": [-1,-1,-1,-1] }
																	},
																	"children": [
																		{
																			"name": "L Eye2",
																			"from": [ 0.0, 0.2, 0.0 ],
																			"to": [ 0.4, 0.4, 0.22 ],
																			"unwrapMode": 3,
																			"uv": [ 1.0, 6.0 ],
																			"rotationOrigin": [ 0.0, 0.2, 0.01 ],
																			"faces": {
																				"east": { "texture": "#skin", "uv": [ 2.0, 6.5, 2.5, 7.0 ], "windMode": [-1,-1,-1,-1] },
																				"south": { "texture": "#skin", "uv": [ 1.5, 6.5, 2.0, 7.0 ], "windMode": [-1,-1,-1,-1] },
																				"west": { "texture": "#skin", "uv": [ 1.0, 6.5, 1.5, 7.0 ], "windMode": [-1,-1,-1,-1] },
																				"up": { "texture": "#skin", "uv": [ 1.5, 6.0, 2.0, 6.5 ], "windMode": [-1,-1,-1,-1] }
																			}
																		},
																		{
																			"name": "L Pupil",
																			"from": [ 0.1, 0.1, 0.01 ],
																			"to": [ 0.3, 0.3, 0.23 ],
																			"unwrapMode": 3,
																			"uv": [ 0.5, 4.0 ],
																			"rotationOrigin": [ 0.1, 0.1, 0.01 ],
																			"faces": {
																				"east": { "texture": "#skin", "uv": [ 1.5, 4.5, 2.0, 5.0 ], "windMode": [-1,-1,-1,-1] },
																				"south": { "texture": "#skin", "uv": [ 1.0, 4.5, 1.5, 5.0 ], "windMode": [-1,-1,-1,-1] },
																				"west": { "texture": "#skin", "uv": [ 0.5, 4.5, 1.0, 5.0 ], "windMode": [-1,-1,-1,-1] },
																				"up": { "texture": "#skin", "uv": [ 1.0, 4.0, 1.5, 4.5 ], "windMode": [-1,-1,-1,-1] },
																				"down": { "texture": "#skin", "uv": [ 1.0, 5.0, 1.5, 5.5 ], "rotation": 180, "windMode": [-1,-1,-1,-1] }
																			}
																		}
																	]
																},
																{
																	"name": "R Eye",
																	"from": [ 0.15, 1.05, -0.01 ],
																	"to": [ 0.55, 1.25, 0.21 ],
																	"unwrapMode": 1,
																	"uv": [ 1.0, 7.0 ],
																	"rotationOrigin": [ 0.35, 1.1, 0.0 ],
																	"rotationZ": 20.0,
																	"faces": {
																		"north": { "texture": "#skin", "uv": [ 1.5, 7.0, 2.0, 7.5 ], "windMode": [-1,-1,-1,-1] },
																		"east": { "texture": "#skin", "uv": [ 1.0, 7.0, 1.5, 7.5 ], "windMode": [-1,-1,-1,-1] },
																		"west": { "texture": "#skin", "uv": [ 2.0, 7.0, 2.5, 7.5 ], "windMode": [-1,-1,-1,-1] },
																		"down": { "texture": "#skin", "uv": [ 1.5, 7.5, 2.0, 8.0 ], "windMode": [-1,-1,-1,-1] }
																	},
																	"children": [
																		{
																			"name": "R Eye2",
																			"from": [ 0.0, 0.2, 0.0 ],
																			"to": [ 0.4, 0.4, 0.22 ],
																			"unwrapMode": 1,
																			"uv": [ 1.0, 6.0 ],
																			"rotationOrigin": [ 0.0, 0.2, 0.01 ],
																			"faces": {
																				"north": { "texture": "#skin", "uv": [ 1.5, 6.5, 2.0, 7.0 ], "windMode": [-1,-1,-1,-1] },
																				"east": { "texture": "#skin", "uv": [ 1.0, 6.5, 1.5, 7.0 ], "windMode": [-1,-1,-1,-1] },
																				"west": { "texture": "#skin", "uv": [ 2.0, 6.5, 2.5, 7.0 ], "windMode": [-1,-1,-1,-1] },
																				"up": { "texture": "#skin", "uv": [ 1.5, 6.0, 2.0, 6.5 ], "rotation": 180, "windMode": [-1,-1,-1,-1] }
																			}
																		},
																		{
																			"name": "R Pupil",
																			"from": [ 0.1, 0.1, -0.01 ],
																			"to": [ 0.3, 0.3, 0.21 ],
																			"unwrapMode": 1,
																			"uv": [ 0.5, 4.0 ],
																			"rotationOrigin": [ 0.1, 0.1, 0.01 ],
																			"faces": {
																				"north": { "texture": "#skin", "uv": [ 1.0, 4.5, 1.5, 5.0 ], "windMode": [-1,-1,-1,-1] },
																				"east": { "texture": "#skin", "uv": [ 0.5, 4.5, 1.0, 5.0 ], "windMode": [-1,-1,-1,-1] },
																				"west": { "texture": "#skin", "uv": [ 1.5, 4.5, 2.0, 5.0 ], "windMode": [-1,-1,-1,-1] },
																				"up": { "texture": "#skin", "uv": [ 1.0, 4.0, 1.5, 4.5 ], "rotation": 180, "windMode": [-1,-1,-1,-1] },
																				"down": { "texture": "#skin", "uv": [ 1.0, 5.0, 1.5, 5.5 ], "windMode": [-1,-1,-1,-1] }
																			}
																		}
																	]
																}
															]
														}
													]
												}
											]
										},
										{
											"name": "L Shoulder",
											"from": [ -0.2, 0.0, 2.6 ],
											"to": [ 1.5, 2.8, 3.5 ],
											"unwrapMode": 3,
											"uv": [ 19.0, 0.5 ],
											"rotationOrigin": [ 0.6, 1.6, 3.2 ],
											"rotationX": 3.0,
											"rotationZ": -16.0,
											"faces": {
												"north": { "texture": "#skin", "uv": [ 21.5, 1.0, 23.0, 3.5 ] },
												"east": { "texture": "#skin", "uv": [ 21.0, 1.0, 21.5, 3.5 ] },
												"south": { "texture": "#skin", "uv": [ 19.5, 1.0, 21.0, 3.5 ] },
												"west": { "texture": "#skin", "uv": [ 19.0, 1.0, 19.5, 3.5 ] },
												"up": { "texture": "#skin", "uv": [ 19.5, 0.5, 21.0, 1.0 ], "windMode": [-1,-1,-1,-1] },
												"down": { "texture": "#skin", "uv": [ 19.5, 3.5, 21.0, 4.0 ], "rotation": 180 }
											},
											"children": [
												{
													"name": "L ArmUp",
													"from": [ 0.0, 0.0, -0.1 ],
													"to": [ 2.5, 1.2, 0.8 ],
													"unwrapMode": 3,
													"autoUnwrap": false,
													"uv": [ 19.0, 2.0 ],
													"rotationOrigin": [ 0.0, 0.0, 0.5 ],
													"rotationZ": -13.0,
													"faces": {
														"north": { "texture": "#skin", "uv": [ 20.5, 3.0, 23.0, 4.0 ] },
														"east": { "texture": "#skin", "uv": [ 22.0, 2.5, 22.5, 3.5 ] },
														"south": { "texture": "#skin", "uv": [ 19.5, 2.5, 22.0, 3.5 ] },
														"west": { "texture": "#skin", "uv": [ 19.0, 2.5, 19.5, 3.5 ] },
														"up": { "texture": "#skin", "uv": [ 19.5, 2.0, 22.0, 2.5 ], "windMode": [-1,-1,-1,-1] },
														"down": { "texture": "#skin", "uv": [ 19.5, 3.5, 22.0, 4.0 ], "rotation": 180 }
													},
													"children": [
														{
															"name": "L ArmMid",
															"from": [ 1.9, -1.5, 0.2 ],
															"to": [ 2.7, 0.9, 0.8 ],
															"unwrapMode": 3,
															"uv": [ 19.5, 5.0 ],
															"rotationOrigin": [ 2.4, 0.6, 0.6 ],
															"rotationZ": -9.0041,
															"faces": {
																"north": { "texture": "#skin", "uv": [ 21.0, 5.5, 21.5, 7.5 ] },
																"east": { "texture": "#skin", "uv": [ 20.5, 5.5, 21.0, 7.5 ] },
																"south": { "texture": "#skin", "uv": [ 20.0, 5.5, 20.5, 7.5 ] },
																"west": { "texture": "#skin", "uv": [ 19.5, 5.5, 20.0, 7.5 ] },
																"up": { "texture": "#skin", "uv": [ 20.0, 5.0, 20.5, 5.5 ] },
																"down": { "texture": "#skin", "uv": [ 20.0, 7.5, 20.5, 8.0 ], "rotation": 180 }
															},
															"children": [
																{
																	"name": "L ArmLow",
																	"from": [ 0.1, -2.1, 0.05 ],
																	"to": [ 0.6, 0.4, 0.55 ],
																	"unwrapMode": 3,
																	"uv": [ 19.5, 8.5 ],
																	"rotationOrigin": [ 0.5, 0.3, 0.4 ],
																	"rotationX": -3.0,
																	"rotationZ": 3.0,
																	"faces": {
																		"north": { "texture": "#skin", "uv": [ 21.0, 9.0, 21.5, 11.5 ] },
																		"east": { "texture": "#skin", "uv": [ 20.5, 9.0, 21.0, 11.5 ] },
																		"south": { "texture": "#skin", "uv": [ 20.0, 9.0, 20.5, 11.5 ] },
																		"west": { "texture": "#skin", "uv": [ 19.5, 9.0, 20.0, 11.5 ] },
																		"up": { "texture": "#skin", "uv": [ 20.0, 8.5, 20.5, 9.0 ] },
																		"down": { "texture": "#skin", "uv": [ 20.0, 11.5, 20.5, 12.0 ], "rotation": 180 }
																	},
																	"children": [
																		{
																			"name": "L Front Pastern",
																			"from": [ 0.0, -1.0, 0.0 ],
																			"to": [ 0.5, 0.4, 0.5 ],
																			"unwrapMode": 3,
																			"uv": [ 19.5, 13.0 ],
																			"rotationOrigin": [ 0.3, 0.3, 0.3 ],
																			"rotationX": -1.0,
																			"rotationZ": -6.0,
																			"faces": {
																				"north": { "texture": "#skin", "uv": [ 21.0, 13.5, 21.5, 14.5 ] },
																				"east": { "texture": "#skin", "uv": [ 20.5, 13.5, 21.0, 14.5 ] },
																				"south": { "texture": "#skin", "uv": [ 20.0, 13.5, 20.5, 14.5 ] },
																				"west": { "texture": "#skin", "uv": [ 19.5, 13.5, 20.0, 14.5 ] },
																				"up": { "texture": "#skin", "uv": [ 20.0, 13.0, 20.5, 13.5 ] },
																				"down": { "texture": "#skin", "uv": [ 20.0, 14.5, 20.5, 15.0 ], "rotation": 180 }
																			},
																			"children": [
																				{
																					"name": "L Front Hoof",
																					"from": [ 0.3, 0.4, 0.3 ],
																					"to": [ 0.3, 0.4, 0.3 ],
																					"uv": [ 0.0, 0.0 ],
																					"rotationOrigin": [ 0.3, 0.4, 0.3 ],
																					"rotationZ": 19.0,
																					"faces": {
																					},
																					"children": [
																						{
																							"name": "L Front Hoof1",
																							"from": [ -0.9, -0.2, -0.25 ],
																							"to": [ -0.2, 0.1, 0.15 ],
																							"unwrapMode": 4,
																							"uv": [ 25.0, 23.5 ],
																							"rotationOrigin": [ -0.1, 0.0, 0.15 ],
																							"rotationZ": 55.0,
																							"faces": {
																								"north": { "texture": "#skin", "uv": [ 25.0, 24.0, 25.5, 24.5 ] },
																								"east": { "texture": "#skin", "uv": [ 26.5, 24.0, 27.0, 24.5 ] },
																								"south": { "texture": "#skin", "uv": [ 26.0, 24.0, 26.5, 24.5 ] },
																								"west": { "texture": "#skin", "uv": [ 25.5, 24.0, 26.0, 24.5 ] },
																								"up": { "texture": "#skin", "uv": [ 25.5, 23.5, 26.0, 24.0 ], "rotation": 90 },
																								"down": { "texture": "#skin", "uv": [ 25.5, 24.5, 26.0, 25.0 ], "rotation": 90 }
																							}
																						},
																						{
																							"name": "L Front Hoof2",
																							"from": [ -0.55, -0.5, -0.25 ],
																							"to": [ 0.15, -0.2, 0.15 ],
																							"unwrapMode": 4,
																							"uv": [ 26.0, 24.5 ],
																							"rotationOrigin": [ 0.0602, -0.3, 0.15 ],
																							"rotationZ": 27.0,
																							"faces": {
																								"north": { "texture": "#skin", "uv": [ 26.0, 25.0, 26.5, 25.5 ] },
																								"east": { "texture": "#skin", "uv": [ 27.5, 25.0, 28.0, 25.5 ] },
																								"south": { "texture": "#skin", "uv": [ 27.0, 25.0, 27.5, 25.5 ] },
																								"west": { "texture": "#skin", "uv": [ 26.5, 25.0, 27.0, 25.5 ] },
																								"up": { "texture": "#skin", "uv": [ 26.5, 24.5, 27.0, 25.0 ], "rotation": 90 },
																								"down": { "texture": "#skin", "uv": [ 26.5, 25.5, 27.0, 26.0 ], "rotation": 90 }
																							}
																						}
																					]
																				}
																			]
																		}
																	]
																}
															]
														}
													]
												}
											]
										},
										{
											"name": "R Shoulder",
											"from": [ -0.2, -0.1, -0.2 ],
											"to": [ 1.5, 2.7, 0.7 ],
											"unwrapMode": 1,
											"uv": [ 23.5, 0.5 ],
											"rotationOrigin": [ 0.6, 1.6, 0.1 ],
											"rotationX": -3.0,
											"rotationZ": -7.0,
											"faces": {
												"north": { "texture": "#skin", "uv": [ 24.0, 1.0, 25.5, 3.5 ] },
												"east": { "texture": "#skin", "uv": [ 23.5, 1.0, 24.0, 3.5 ] },
												"south": { "texture": "#skin", "uv": [ 26.0, 1.0, 27.5, 3.5 ] },
												"west": { "texture": "#skin", "uv": [ 25.5, 1.0, 26.0, 3.5 ] },
												"up": { "texture": "#skin", "uv": [ 24.0, 0.5, 25.5, 1.0 ], "rotation": 180 },
												"down": { "texture": "#skin", "uv": [ 24.0, 3.5, 25.5, 4.0 ] }
											},
											"children": [
												{
													"name": "R ArmUp",
													"from": [ 0.0, 0.0, 0.1 ],
													"to": [ 2.5, 1.2, 1.0 ],
													"unwrapMode": 1,
													"autoUnwrap": false,
													"uv": [ 23.5, 2.0 ],
													"rotationOrigin": [ 0.0, 0.0, 0.3738 ],
													"rotationZ": 9.0,
													"faces": {
														"north": { "texture": "#skin", "uv": [ 24.0, 2.5, 26.5, 3.5 ] },
														"east": { "texture": "#skin", "uv": [ 23.5, 2.5, 24.0, 3.5 ] },
														"south": { "texture": "#skin", "uv": [ 25.0, 3.0, 27.5, 4.0 ] },
														"west": { "texture": "#skin", "uv": [ 26.5, 2.5, 27.0, 3.5 ] },
														"up": { "texture": "#skin", "uv": [ 24.0, 2.0, 26.5, 2.5 ], "rotation": 180 },
														"down": { "texture": "#skin", "uv": [ 24.0, 3.5, 26.5, 4.0 ] }
													},
													"children": [
														{
															"name": "R ArmMid",
															"from": [ 1.9, -1.5, 0.1 ],
															"to": [ 2.7, 0.9, 0.7 ],
															"unwrapMode": 1,
															"uv": [ 24.0, 5.0 ],
															"rotationOrigin": [ 2.4, 0.6, 0.4738 ],
															"rotationZ": 6.9959,
															"faces": {
																"north": { "texture": "#skin", "uv": [ 24.5, 5.5, 25.0, 7.5 ] },
																"east": { "texture": "#skin", "uv": [ 24.0, 5.5, 24.5, 7.5 ] },
																"south": { "texture": "#skin", "uv": [ 25.5, 5.5, 26.0, 7.5 ] },
																"west": { "texture": "#skin", "uv": [ 25.0, 5.5, 25.5, 7.5 ] },
																"up": { "texture": "#skin", "uv": [ 24.5, 5.0, 25.0, 5.5 ], "rotation": 180 },
																"down": { "texture": "#skin", "uv": [ 24.5, 7.5, 25.0, 8.0 ] }
															},
															"children": [
																{
																	"name": "R ArmLow",
																	"from": [ 0.1, -2.1, 0.05 ],
																	"to": [ 0.6, 0.4, 0.55 ],
																	"unwrapMode": 1,
																	"uv": [ 24.0, 8.5 ],
																	"rotationOrigin": [ 0.5, 0.3, 0.5 ],
																	"rotationX": 3.0,
																	"faces": {
																		"north": { "texture": "#skin", "uv": [ 24.5, 9.0, 25.0, 11.5 ] },
																		"east": { "texture": "#skin", "uv": [ 24.0, 9.0, 24.5, 11.5 ] },
																		"south": { "texture": "#skin", "uv": [ 25.5, 9.0, 26.0, 11.5 ] },
																		"west": { "texture": "#skin", "uv": [ 25.0, 9.0, 25.5, 11.5 ] },
																		"up": { "texture": "#skin", "uv": [ 24.5, 8.5, 25.0, 9.0 ], "rotation": 180 },
																		"down": { "texture": "#skin", "uv": [ 24.5, 11.5, 25.0, 12.0 ] }
																	},
																	"children": [
																		{
																			"name": "R Front Pastern",
																			"from": [ 0.0, -1.0, 0.0 ],
																			"to": [ 0.5, 0.4, 0.5 ],
																			"unwrapMode": 1,
																			"uv": [ 24.0, 13.0 ],
																			"rotationOrigin": [ 0.3, 0.3, 0.3 ],
																			"rotationX": 1.0,
																			"rotationZ": -39.0,
																			"faces": {
																				"north": { "texture": "#skin", "uv": [ 24.5, 13.5, 25.0, 14.5 ] },
																				"east": { "texture": "#skin", "uv": [ 24.0, 13.5, 24.5, 14.5 ] },
																				"south": { "texture": "#skin", "uv": [ 25.5, 13.5, 26.0, 14.5 ] },
																				"west": { "texture": "#skin", "uv": [ 25.0, 13.5, 25.5, 14.5 ] },
																				"up": { "texture": "#skin", "uv": [ 24.5, 13.0, 25.0, 13.5 ], "rotation": 180 },
																				"down": { "texture": "#skin", "uv": [ 24.5, 14.5, 25.0, 15.0 ] }
																			},
																			"children": [
																				{
																					"name": "R Front Hoof",
																					"from": [ 0.3, 0.4, 0.3 ],
																					"to": [ 0.3, 0.4, 0.3 ],
																					"uv": [ 0.0, 0.0 ],
																					"rotationOrigin": [ 0.3, 0.4, 0.3 ],
																					"rotationZ": 2.0,
																					"faces": {
																					},
																					"children": [
																						{
																							"name": "R Front Hoof1",
																							"from": [ -0.9, -0.2, -0.25 ],
																							"to": [ -0.2, 0.1, 0.15 ],
																							"unwrapMode": 4,
																							"uv": [ 25.0, 27.0 ],
																							"rotationOrigin": [ -0.1, 0.0, 0.15 ],
																							"rotationZ": 55.0,
																							"faces": {
																								"north": { "texture": "#skin", "uv": [ 25.0, 27.5, 25.5, 28.0 ] },
																								"east": { "texture": "#skin", "uv": [ 26.5, 27.5, 27.0, 28.0 ] },
																								"south": { "texture": "#skin", "uv": [ 26.0, 27.5, 26.5, 28.0 ] },
																								"west": { "texture": "#skin", "uv": [ 25.5, 27.5, 26.0, 28.0 ] },
																								"up": { "texture": "#skin", "uv": [ 25.5, 27.0, 26.0, 27.5 ], "rotation": 90 },
																								"down": { "texture": "#skin", "uv": [ 25.5, 28.0, 26.0, 28.5 ], "rotation": 90 }
																							}
																						},
																						{
																							"name": "R Front Hoof2",
																							"from": [ -0.55, -0.5, -0.25 ],
																							"to": [ 0.15, -0.2, 0.15 ],
																							"unwrapMode": 4,
																							"uv": [ 26.0, 28.0 ],
																							"rotationOrigin": [ 0.0602, -0.3, 0.15 ],
																							"rotationZ": 27.0,
																							"faces": {
																								"north": { "texture": "#skin", "uv": [ 26.0, 28.5, 26.5, 29.0 ] },
																								"east": { "texture": "#skin", "uv": [ 27.5, 28.5, 28.0, 29.0 ] },
																								"south": { "texture": "#skin", "uv": [ 27.0, 28.5, 27.5, 29.0 ] },
																								"west": { "texture": "#skin", "uv": [ 26.5, 28.5, 27.0, 29.0 ] },
																								"up": { "texture": "#skin", "uv": [ 26.5, 28.0, 27.0, 28.5 ], "rotation": 90 },
																								"down": { "texture": "#skin", "uv": [ 26.5, 29.0, 27.0, 29.5 ], "rotation": 90 }
																							}
																						}
																					]
																				}
																			]
																		}
																	]
																}
															]
														}
													]
												}
											]
										}
									],
									"attachmentpoints": [
										{
											"code": "Center",
											"posX": "4.0","posY": "2.0","posZ": "3.0",
											"rotationX": "0.0","rotationY": "0.0","rotationZ": "0.0"
										}
									]
								}
							]
						}
					]
				}
			]
		}
	]}