{
  "code": "crop",
  "class": "BlockCropV2",
  "entityClass": "BECropV2",
  "behaviors": [{ "name": "Unstable" }],
  "entityBehaviors": [{ "name": "CropWeeds" }, { "name": "CropBlight" }],
  "variantgroups": [
    { "code": "type", "states": ["beet"] },
    { "code": "stage", "states": ["1", "2", "3", "4", "5"] }
  ],
  "creativeinventory": { "general": ["*"], "plants": ["*"] },
  "renderpass": "OpaqueNoCull",
  "shapeByType": {
    "*-1": { "base": "cropsv2:block/plant/crop/beet/stage1" },
    "*-2": { "base": "cropsv2:block/plant/crop/beet/stage2" },
    "*-3": { "base": "cropsv2:block/plant/crop/beet/stage3" },
    "*-4": { "base": "cropsv2:block/plant/crop/beet/stage4" },
    "*-5": { "base": "cropsv2:block/plant/crop/beet/stage5" }
  },
  "blockmaterial": "Plant",
  "attributes": {
    "butterflyFeedByType": {
      "*-1": false,
      "*-5": false,
      "*": true
    },
    "beeFeedByType": {
      "*-1": false,
      "*-5": false,
      "*": true
    },
    "sitHeight": 0.3,
    "tickGrowthProbability": 0.05,
    "handbook": {
      "include": true
    }
  },
  "sideopaque": {
    "all": false
  },
  "sidesolid": {
    "all": false
  },
  "replaceable": 3000,
  "lightAbsorption": 0,
  "resistance": 0.5,
  "sounds": {
    "place": "game:block/plant",
    "break": "game:block/plant",
    "hit": "game:block/plant"
  },
  "rainPermeable": false,
  "dropsByType": {
    "*-4": [
      {
        "type": "item",
        "code": "cropsv2:seeds-{type}",
        "quantity": { "avg": 0.99 }
      },
      {
        "type": "item",
        "code": "cropsv2:vegetable-{type}",
        "quantity": { "avg": 2, "var": 1 }
      }
    ],
    "*-5": [
      {
        "type": "item",
        "code": "cropsv2:seeds-{type}",
        "quantity": { "avg": 1.1 }
      },
      {
        "type": "item",
        "code": "cropsv2:vegetable-{type}",
        "quantity": { "avg": 6, "var": 1 }
      }
    ],
    "*": [
      {
        "type": "item",
        "code": "cropsv2:seeds-{type}",
        "quantity": { "avg": 0.7 }
      }
    ]
  },
  "cropProps": {
    "requiredNutrient": "K",
    "nutrientConsumption": 30,
    "growthStages": 5,
    "totalGrowthDays": 12,
    "coldDamageBelow": -10,
    "heatDamageAbove": 30,
    "behaviors": [{ "name": "CropWeeds" }, { "name": "CropBlight" }]
  },
  "collisionbox": null,
  "selectionbox": {
    "x1": 0.0625,
    "y1": 0,
    "z1": 0.0625,
    "x2": 0.9375,
    "y2": 0.25,
    "z2": 0.9375
  },
  "materialDensity": 200,
  "combustibleProps": {
    "burnTemperature": 600,
    "burnDuration": 10
  }
}
