{
  "code": "crop",
  "class": "BlockCropV2",
  "entityClass": "BECropV2",
  "behaviors": [{ "name": "Unstable" }],
  "entityBehaviors": [{ "name": "CropWeeds" }, { "name": "CropBlight" }],
  "variantgroups": [
    { "code": "type", "states": ["corn"] },
    { "code": "stage", "states": ["1", "2", "3", "4", "5", "6", "7", "8", "9"] }
  ],
  "creativeinventory": { "general": ["*"], "plants": ["*"] },
  "renderpass": "OpaqueNoCull",
  "shape": { "base": "cropsv2:block/plant/crop/corn/stage{stage}" },
  "blockmaterial": "Plant",
  "faceCullMode": "NeverCull",
  "randomizeRotations": true,
  "attributes": {
    "sitHeight": 0.9,
    "tickGrowthProbability": 0.05,
    "handbook": {
      "include": true
    }
  },
  "sideopaque": {
    "all": false
  },
  "sidesolid": {
    "all": false
  },
  "replaceable": 3000,
  "lightAbsorption": 0,
  "resistance": 0.5,
  "sounds": {
    "place": "game:block/plant",
    "break": "game:block/plant",
    "hit": "game:block/plant"
  },
  "rainPermeable": false,
  "dropsByType": {
    "*-9": [
      { "type": "item", "code": "seeds-{type}", "quantity": { "avg": 1.1 } },
      {
        "type": "item",
        "code": "vegetable-{type}",
        "quantity": { "avg": 11, "var": 0 }
      }
    ],
    "*": [
      { "type": "item", "code": "seeds-{type}", "quantity": { "avg": 0.7 } }
    ]
  },
  "cropProps": {
    "requiredNutrient": "N",
    "nutrientConsumption": 40,
    "growthStages": 9,
    "totalGrowthDays": 20,
    "coldDamageBelow": 5,
    "heatDamageAbove": 40,
    "behaviors": [{ "name": "CropWeeds" }, { "name": "CropBlight" }]
  },
  "collisionbox": null,
  "selectionbox": {
    "x1": 0.0625,
    "y1": 0,
    "z1": 0.0625,
    "x2": 0.9375,
    "y2": 0.25,
    "z2": 0.9375
  },
  "materialDensity": 200,
  "combustibleProps": {
    "burnTemperature": 600,
    "burnDuration": 10
  }
}
