{
	"enabled": false,
	"code": "toolmold",
	"behaviors": [
		{
			"name": "GroundStorable",
			"properties": { "layout": "SingleCenter" }
		},
		{ "name": "RightClickPickup" }
	],
	"variantgroups": [
		{
			"code": "color",
			"states": [ "blue", "red", "fire" ]
		},
		{
			"code": "materialtype",
			"states": [ "raw" ]
		},
		{
			"code": "tooltype",
			"states": [ "instrumentstring" ]
		}
	],
	"shapebytype": {
		"*": {
			"base": "block/clay/mold/{tooltype}",
			"rotateY": 90
		}
	},
	"textures": { "all": { "base": "game:block/clay/{color}clay" } },
	"attributes": {
		"reinforcable": true,
		"onTongTransformByType": {
			"toolmold-*-anvil": {
				"translation": {
					"x": -0.9,
					"y": -1.2,
					"z": -0.94
				},
				"rotation": {
					"x": -6,
					"y": 93,
					"z": -34
				},
				"scale": 0.74
			},
			"*": {
				"translation": {
					"x": -0.9,
					"y": -1.5,
					"z": -0.6
				},
				"rotation": {
					"x": 117,
					"y": 0,
					"z": 0
				},
				"scale": 0.74
			}
		},
		"shelvableByType": {
			"*-helvehammer": "SingleCenter",
			"*": false
		},
		"handbook": {
			"groupBy": [ "toolmold-*-{materialtype}-{tooltype}" ]
		}
	},
	"attributesByType": {
		"toolmold-red-raw-*": {
			"beehivekiln": {
				"0": {
					"type": "block",
					"code": "instrumentssbc:toolmold-tan-fired-{tooltype}"
				},
				"1": {
					"type": "block",
					"code": "instrumentssbc:toolmold-orange-fired-{tooltype}"
				},
				"2": {
					"type": "block",
					"code": "instrumentssbc:toolmold-red-fired-{tooltype}"
				},
				"3": {
					"type": "block",
					"code": "instrumentssbc:toolmold-brown-fired-{tooltype}"
				}
			}
		},
		"toolmold-blue-raw-*": {
			"beehivekiln": {
				"0": {
					"type": "block",
					"code": "instrumentssbc:toolmold-cream-fired-{tooltype}"
				},
				"1": {
					"type": "block",
					"code": "instrumentssbc:toolmold-gray-fired-{tooltype}"
				},
				"2": {
					"type": "block",
					"code": "instrumentssbc:toolmold-black-fired-{tooltype}"
				},
				"3": {
					"type": "block",
					"code": "instrumentssbc:toolmold-black-fired-{tooltype}"
				}
			}
		},
		"toolmold-fire-raw-*": {
			"beehivekiln": {
				"0": {
					"type": "block",
					"code": "instrumentssbc:toolmold-fire-fired-{tooltype}"
				},
				"1": {
					"type": "block",
					"code": "instrumentssbc:toolmold-fire-fired-{tooltype}"
				},
				"2": {
					"type": "block",
					"code": "instrumentssbc:toolmold-fire-fired-{tooltype}"
				},
				"3": {
					"type": "block",
					"code": "instrumentssbc:toolmold-fire-fired-{tooltype}"
				}
			}
		}
	},
	"combustiblePropsByType": {
		"toolmold-fire-raw-*": {
			"meltingPoint": 650,
			"meltingDuration": 45,
			"smeltedRatio": 1,
			"smeltingType": "fire",
			"smeltedStack": {
				"type": "block",
				"code": "instrumentssbc:toolmold-fire-fired-{tooltype}"
			},
			"requiresContainer": false
		},
		"toolmold-*-raw-*": {
			"meltingPoint": 650,
			"meltingDuration": 45,
			"smeltedRatio": 1,
			"smeltingType": "fire",
			"smeltedStack": {
				"type": "block",
				"code": "instrumentssbc:toolmold-blue-fired-{tooltype}"
			},
			"requiresContainer": false
		}
	},
	"blockmaterial": "Ceramic",
	"creativeinventory": {
		"general": [ "*" ],
		"construction": [ "*" ],
		"instruments-sbc": [ "*" ]
	},
	"replaceable": 700,
	"resistance": 1.5,
	"maxStackSize": 8,
	"lightAbsorption": 0,
	"sounds": {
		"walk": "game:walk/stone"
	},
	"collisionboxByType": {
		"*": {
			"x1": 0.0625,
			"y1": 0,
			"z1": 0.0625,
			"x2": 0.9375,
			"y2": 0.125,
			"z2": 0.9375
		}
	},
	"selectionboxByType": {
		"*": {
			"x1": 0.0625,
			"y1": 0,
			"z1": 0.0625,
			"x2": 0.9375,
			"y2": 0.125,
			"z2": 0.9375
		}
	},
	"sideopaque": {
		"all": false
	},
	"sidesolid": {
		"all": false
	},
	"guiTransformByType": {
		"*": {
			"translation": {
				"x": 0,
				"y": 3,
				"z": 0
			},
			"origin": {
				"x": 0.5,
				"y": 0.0625,
				"z": 0.5
			},
			"scale": 1.33
		}
	},
	"tpHandTransformByType": {
		"*": {
			"translation": {
				"x": -1,
				"y": -0.6,
				"z": -1.05
			},
			"rotation": {
				"x": -87,
				"y": 9,
				"z": 4
			},
			"origin": {
				"x": 0.5,
				"y": 0.125,
				"z": 0.5
			},
			"scale": 0.5
		}
	},
	"fpHandTransformByType": {
		"*": {
			"translation": {
				"x": -0.3,
				"y": 0,
				"z": 0.5
			},
			"rotation": {
				"x": 16,
				"y": -51,
				"z": 91
			},
			"origin": {
				"x": 0.5,
				"y": 0.125,
				"z": 0.5
			}
		}
	},
	"groundTransform": {
		"translation": {
			"x": 0,
			"y": 0,
			"z": 0
		},
		"rotation": {
			"x": 0,
			"y": -45,
			"z": 0
		},
		"origin": {
			"x": 0.5,
			"y": 0,
			"z": 0.5
		},
		"scale": 2.2
	}
}