{
	"editor": {
		"allAngles": false,
		"entityTextureMode": false
	},
	"textureWidth": 16,
	"textureHeight": 16,
	"textureSizes": {
		"design": [16,16],
		"wood": [16,16],
		"transparent": [16,16],
		"metal": [8,8],
		"ebony": [16,16],
		"bituminous": [16,16]
	},
	"textures": {
		"design": "game:block/transparent",
		"transparent": "game:block/transparent",
		"bituminous": "game:block/coal/bituminous",
		"ebony": "game:block/wood/debarked/ebony",
		//"metal": "game:block/metal/ingot/{metal}",
		"wood": "game:block/wood/oak"
	},
	"elements": [
		{
			"name": "body",
			"from": [ 8.25, 7.58, 8.0 ],
			"to": [ 8.25, 7.58, 8.0 ],
			"rotationOrigin": [ 8.25, 7.58, 8.0 ],
			"faces": {
				"north": { "texture": "#null", "uv": [ 0.0, 0.0, 0.5, 0.5 ], "enabled": false },
				"east": { "texture": "#null", "uv": [ 0.0, 0.0, 0.5, 0.5 ], "enabled": false },
				"south": { "texture": "#null", "uv": [ 0.0, 0.0, 0.5, 0.5 ], "enabled": false },
				"west": { "texture": "#null", "uv": [ 0.0, 0.0, 0.5, 0.5 ], "enabled": false },
				"up": { "texture": "#null", "uv": [ 0.0, 0.0, 0.5, 0.5 ], "enabled": false },
				"down": { "texture": "#null", "uv": [ 0.0, 0.0, 0.5, 0.5 ], "enabled": false }
			},
			"children": [
				{
					"name": "designfaces",
					"from": [ -3.1, -7.501, -1.0 ],
					"to": [ 2.6, -5.999, 1.025 ],
					"rotationOrigin": [ 0.0, -6.5, 0.0 ],
					"faces": {
						"north": { "texture": "#transparent", "uv": [ 0.0, 4.0, 5.75, 5.5 ], "autoUv": false, "snapUv": false },
						"east": { "texture": "#transparent", "uv": [ 6.0, 0.0, 8.0, 1.5 ], "autoUv": false, "snapUv": false },
						"south": { "texture": "#transparent", "uv": [ 0.0, 6.0, 5.75, 7.5 ], "autoUv": false, "snapUv": false },
						"west": { "texture": "#transparent", "uv": [ 6.0, 2.0, 8.0, 3.5 ], "autoUv": false, "snapUv": false },
						"up": { "texture": "#design", "uv": [ 0.0, 0.0, 16.0, 8.1 ], "autoUv": false, "snapUv": false },
						"down": { "texture": "#design", "uv": [ 0.0, 0.0, 16.0, 8.1 ], "autoUv": false, "snapUv": false }
					}
				},
				{
					"name": "black",
					"from": [ -3.0, -7.0, -0.75 ],
					"to": [ 2.5, -6.5, 0.8 ],
					"rotationOrigin": [ 0.0, -7.0, -1.25 ],
					"faces": {
						"north": { "texture": "#bituminous", "uv": [ 0.0, 8.0, 6.0, 9.0 ], "autoUv": false, "snapUv": false },
						"east": { "texture": "#bituminous", "uv": [ 6.0, 5.0, 7.0, 6.0 ], "autoUv": false, "snapUv": false },
						"south": { "texture": "#bituminous", "uv": [ 6.0, 8.0, 12.0, 9.0 ], "autoUv": false, "snapUv": false },
						"west": { "texture": "#bituminous", "uv": [ 6.0, 7.0, 7.0, 8.0 ], "autoUv": false, "snapUv": false },
						"up": { "texture": "#bituminous", "uv": [ 6.0, 2.0, 0.0, 1.0 ], "autoUv": false, "snapUv": false },
						"down": { "texture": "#bituminous", "uv": [ 12.0, 1.0, 6.0, 2.0 ], "autoUv": false, "snapUv": false }
					}
				},
				{
					"name": "edge_trim",
					"from": [ 0.0, 0.0, 0.0 ],
					"to": [ 0.0, 0.0, 0.0 ],
					"faces": {
						"north": { "texture": "#ebony", "uv": [ 0.0, 0.0, 0.5, 0.5 ], "enabled": false },
						"east": { "texture": "#ebony", "uv": [ 0.0, 0.0, 0.5, 0.5 ], "enabled": false },
						"south": { "texture": "#ebony", "uv": [ 0.0, 0.0, 0.5, 0.5 ], "enabled": false },
						"west": { "texture": "#ebony", "uv": [ 0.0, 0.0, 0.5, 0.5 ], "enabled": false },
						"up": { "texture": "#ebony", "uv": [ 0.0, 0.0, 0.5, 0.5 ], "enabled": false },
						"down": { "texture": "#ebony", "uv": [ 0.0, 0.0, 0.5, 0.5 ], "enabled": false }
					},
					"children": [
						{
							"name": "topwest",
							"from": [ -4.15, -6.375, -0.9 ],
							"to": [ -3.9, -6.365, 0.9 ],
							"rotationOrigin": [ -4.025, -6.365, 0.0 ],
							"rotationX": 0.0231,
							"rotationY": 0.0096,
							"rotationZ": 22.5,
							"faces": {
								"north": { "texture": "#ebony", "uv": [ 0.0, 0.0, 1.0, 0.0 ], "autoUv": false, "snapUv": false },
								"east": { "texture": "#ebony", "uv": [ 0.0, 0.0, 2.0, 0.0 ], "autoUv": false, "snapUv": false },
								"south": { "texture": "#ebony", "uv": [ 0.0, 0.0, 1.0, 0.0 ], "autoUv": false, "snapUv": false },
								"west": { "texture": "#ebony", "uv": [ 0.0, 0.0, 2.0, 0.0 ], "autoUv": false, "snapUv": false },
								"up": { "texture": "#ebony", "uv": [ 5.0, 2.0, 4.0, 0.0 ], "autoUv": false, "snapUv": false },
								"down": { "texture": "#ebony", "uv": [ 6.0, 0.0, 5.0, 2.0 ], "autoUv": false, "snapUv": false }
							}
						},
						{
							"name": "topeast",
							"from": [ 3.425, -6.4, -0.9 ],
							"to": [ 3.675, -6.39, 0.9 ],
							"rotationOrigin": [ 3.55, -6.39, 0.0 ],
							"rotationX": 0.0231,
							"rotationY": -0.0096,
							"rotationZ": -22.5,
							"faces": {
								"north": { "texture": "#ebony", "uv": [ 0.0, 0.0, 1.0, 0.0 ], "autoUv": false, "snapUv": false },
								"east": { "texture": "#ebony", "uv": [ 0.0, 0.0, 2.0, 0.0 ], "autoUv": false, "snapUv": false },
								"south": { "texture": "#ebony", "uv": [ 0.0, 0.0, 1.0, 0.0 ], "autoUv": false, "snapUv": false },
								"west": { "texture": "#ebony", "uv": [ 0.0, 0.0, 2.0, 0.0 ], "autoUv": false, "snapUv": false },
								"up": { "texture": "#ebony", "uv": [ 7.0, 2.0, 6.0, 0.0 ], "autoUv": false, "snapUv": false },
								"down": { "texture": "#ebony", "uv": [ 8.0, 0.0, 7.0, 2.0 ], "autoUv": false, "snapUv": false }
							}
						},
						{
							"name": "bottomeast",
							"from": [ 3.45, -7.1, -0.9 ],
							"to": [ 3.7, -7.09, 0.9 ],
							"rotationOrigin": [ 3.575, -7.09, 0.0 ],
							"rotationX": 0.0231,
							"rotationY": 0.0096,
							"rotationZ": 22.5,
							"faces": {
								"north": { "texture": "#ebony", "uv": [ 0.0, 0.0, 1.0, 0.0 ], "autoUv": false, "snapUv": false },
								"east": { "texture": "#ebony", "uv": [ 0.0, 0.0, 2.0, 0.0 ], "autoUv": false, "snapUv": false },
								"south": { "texture": "#ebony", "uv": [ 0.0, 0.0, 1.0, 0.0 ], "autoUv": false, "snapUv": false },
								"west": { "texture": "#ebony", "uv": [ 0.0, 0.0, 2.0, 0.0 ], "autoUv": false, "snapUv": false },
								"up": { "texture": "#ebony", "uv": [ 9.0, 2.0, 8.0, 0.0 ], "autoUv": false, "snapUv": false },
								"down": { "texture": "#ebony", "uv": [ 10.0, 0.0, 9.0, 2.0 ], "autoUv": false, "snapUv": false }
							}
						},
						{
							"name": "bottomwest",
							"from": [ -4.3, -7.1, -0.9 ],
							"to": [ -4.05, -7.09, 0.9 ],
							"rotationOrigin": [ -4.175, -7.49, 0.0 ],
							"rotationX": 0.0231,
							"rotationY": -0.0096,
							"rotationZ": -22.5,
							"faces": {
								"north": { "texture": "#ebony", "uv": [ 0.0, 0.0, 1.0, 0.0 ], "autoUv": false, "snapUv": false },
								"east": { "texture": "#ebony", "uv": [ 0.0, 0.0, 2.0, 0.0 ], "autoUv": false, "snapUv": false },
								"south": { "texture": "#ebony", "uv": [ 0.0, 0.0, 1.0, 0.0 ], "autoUv": false, "snapUv": false },
								"west": { "texture": "#ebony", "uv": [ 0.0, 0.0, 2.0, 0.0 ], "autoUv": false, "snapUv": false },
								"up": { "texture": "#ebony", "uv": [ 1.0, 2.0, 0.0, 0.0 ], "autoUv": false, "snapUv": false },
								"down": { "texture": "#ebony", "uv": [ 2.0, 0.0, 1.0, 2.0 ], "autoUv": false, "snapUv": false }
							}
						}
					]
				},
				{
					"name": "comb",
					"from": [ 0.0, 0.0, 0.0 ],
					"to": [ 0.0, 0.0, 0.0 ],
					"faces": {
						"north": { "texture": "#null", "uv": [ 0.0, 0.0, 0.5, 0.5 ], "enabled": false },
						"east": { "texture": "#null", "uv": [ 0.0, 0.0, 0.5, 0.5 ], "enabled": false },
						"south": { "texture": "#null", "uv": [ 0.0, 0.0, 0.5, 0.5 ], "enabled": false },
						"west": { "texture": "#null", "uv": [ 0.0, 0.0, 0.5, 0.5 ], "enabled": false },
						"up": { "texture": "#null", "uv": [ 0.0, 0.0, 0.5, 0.5 ], "enabled": false },
						"down": { "texture": "#null", "uv": [ 0.0, 0.0, 0.5, 0.5 ], "enabled": false }
					},
					"children": [
						{
							"name": "comb",
							"from": [ 0.0, 0.0, 0.0 ],
							"to": [ 0.0, 0.0, 0.0 ],
							"faces": {
								"north": { "texture": "#wood", "uv": [ 0.0, 0.0, 0.5, 0.5 ], "autoUv": false, "snapUv": false },
								"east": { "texture": "#wood", "uv": [ 0.0, 0.0, 0.5, 0.5 ], "autoUv": false, "snapUv": false },
								"south": { "texture": "#wood", "uv": [ 0.0, 0.0, 0.5, 0.5 ], "autoUv": false, "snapUv": false },
								"west": { "texture": "#wood", "uv": [ 0.0, 0.0, 0.5, 0.5 ], "autoUv": false, "snapUv": false },
								"up": { "texture": "#wood", "uv": [ 0.0, 0.0, 0.5, 0.5 ], "autoUv": false, "snapUv": false },
								"down": { "texture": "#wood", "uv": [ 0.0, 0.0, 0.5, 0.5 ], "autoUv": false, "snapUv": false }
							}
						},
						{
							"name": "comb",
							"from": [ 0.0, 0.0, 0.0 ],
							"to": [ 0.0, 0.0, 0.0 ],
							"faces": {
								"north": { "texture": "#wood", "uv": [ 0.0, 0.0, 0.5, 0.5 ], "autoUv": false, "snapUv": false },
								"east": { "texture": "#wood", "uv": [ 0.0, 0.0, 0.5, 0.5 ], "autoUv": false, "snapUv": false },
								"south": { "texture": "#wood", "uv": [ 0.0, 0.0, 0.5, 0.5 ], "autoUv": false, "snapUv": false },
								"west": { "texture": "#wood", "uv": [ 0.0, 0.0, 0.5, 0.5 ], "autoUv": false, "snapUv": false },
								"up": { "texture": "#wood", "uv": [ 0.0, 0.0, 0.5, 0.5 ], "autoUv": false, "snapUv": false },
								"down": { "texture": "#wood", "uv": [ 0.0, 0.0, 0.5, 0.5 ], "autoUv": false, "snapUv": false }
							}
						},
						{
							"name": "edgeE",
							"from": [ 2.5, -7.0, -1.0 ],
							"to": [ 3.75, -6.5, 1.05 ],
							"rotationOrigin": [ 0.0, -7.0, 0.0 ],
							"faces": {
								"north": { "texture": "#wood", "uv": [ 5.0, 8.0, 6.0, 9.0 ], "autoUv": false, "snapUv": false },
								"east": { "texture": "#wood", "uv": [ 9.0, 2.0, 11.0, 3.0 ], "autoUv": false, "snapUv": false },
								"south": { "texture": "#wood", "uv": [ 9.0, 6.0, 10.0, 7.0 ], "autoUv": false, "snapUv": false },
								"west": { "texture": "#wood", "uv": [ 1.0, 2.0, 3.0, 3.0 ], "autoUv": false, "snapUv": false },
								"up": { "texture": "#wood", "uv": [ 12.0, 4.0, 11.0, 2.0 ], "autoUv": false, "snapUv": false },
								"down": { "texture": "#wood", "uv": [ 2.0, 1.0, 1.0, 3.0 ], "autoUv": false, "snapUv": false }
							}
						},
						{
							"name": "cube",
							"from": [ 1.5, -7.0, -1.0 ],
							"to": [ 2.0, -6.5, 1.0 ],
							"rotationOrigin": [ -1.0, -7.0, 0.0 ],
							"faces": {
								"north": { "texture": "#wood", "uv": [ 10.0, 6.0, 11.0, 7.0 ], "autoUv": false, "snapUv": false },
								"east": { "texture": "#wood", "uv": [ 2.0, 0.0, 4.0, 1.0 ], "autoUv": false, "snapUv": false },
								"south": { "texture": "#wood", "uv": [ 11.0, 6.0, 12.0, 7.0 ], "autoUv": false, "snapUv": false },
								"west": { "texture": "#wood", "uv": [ 2.0, 1.0, 4.0, 2.0 ], "autoUv": false, "snapUv": false },
								"up": { "texture": "#wood", "uv": [ 3.0, 4.0, 2.0, 2.0 ], "autoUv": false, "snapUv": false },
								"down": { "texture": "#wood", "uv": [ 3.0, 4.0, 2.0, 6.0 ], "autoUv": false, "snapUv": false }
							}
						},
						{
							"name": "cube",
							"from": [ 0.5, -7.0, -1.0 ],
							"to": [ 1.0, -6.5, 1.0 ],
							"rotationOrigin": [ -2.0, -7.0, 0.0 ],
							"faces": {
								"north": { "texture": "#wood", "uv": [ 5.0, 1.0, 6.0, 2.0 ], "autoUv": false, "snapUv": false },
								"east": { "texture": "#wood", "uv": [ 2.0, 6.0, 4.0, 7.0 ], "autoUv": false, "snapUv": false },
								"south": { "texture": "#wood", "uv": [ 1.0, 6.0, 2.0, 7.0 ], "autoUv": false, "snapUv": false },
								"west": { "texture": "#wood", "uv": [ 2.0, 7.0, 4.0, 8.0 ], "autoUv": false, "snapUv": false },
								"up": { "texture": "#wood", "uv": [ 3.0, 2.0, 2.0, 0.0 ], "autoUv": false, "snapUv": false },
								"down": { "texture": "#wood", "uv": [ 10.0, 3.0, 9.0, 5.0 ], "autoUv": false, "snapUv": false }
							}
						},
						{
							"name": "cube",
							"from": [ -0.5, -7.0, -1.0 ],
							"to": [ 0.0, -6.5, 1.0 ],
							"rotationOrigin": [ -3.0, -7.0, 0.0 ],
							"faces": {
								"north": { "texture": "#wood", "uv": [ 5.0, 2.0, 6.0, 3.0 ], "autoUv": false, "snapUv": false },
								"east": { "texture": "#wood", "uv": [ 2.0, 1.0, 4.0, 2.0 ], "autoUv": false, "snapUv": false },
								"south": { "texture": "#wood", "uv": [ 5.0, 3.0, 6.0, 4.0 ], "autoUv": false, "snapUv": false },
								"west": { "texture": "#wood", "uv": [ 1.0, 3.0, 3.0, 4.0 ], "autoUv": false, "snapUv": false },
								"up": { "texture": "#wood", "uv": [ 11.0, 5.0, 10.0, 3.0 ], "autoUv": false, "snapUv": false },
								"down": { "texture": "#wood", "uv": [ 1.0, 4.0, 0.0, 6.0 ], "autoUv": false, "snapUv": false }
							}
						},
						{
							"name": "cube",
							"from": [ -2.5, -7.0, -1.0 ],
							"to": [ -2.0, -6.5, 1.0 ],
							"rotationOrigin": [ -5.0, -7.0, 0.0 ],
							"faces": {
								"north": { "texture": "#wood", "uv": [ 3.0, 6.0, 4.0, 7.0 ], "autoUv": false, "snapUv": false },
								"east": { "texture": "#wood", "uv": [ 2.0, 2.0, 4.0, 3.0 ], "autoUv": false, "snapUv": false },
								"south": { "texture": "#wood", "uv": [ 4.0, 6.0, 5.0, 7.0 ], "autoUv": false, "snapUv": false },
								"west": { "texture": "#wood", "uv": [ 1.0, 4.0, 3.0, 5.0 ], "autoUv": false, "snapUv": false },
								"up": { "texture": "#wood", "uv": [ 4.0, 4.0, 3.0, 2.0 ], "autoUv": false, "snapUv": false },
								"down": { "texture": "#wood", "uv": [ 4.0, 4.0, 3.0, 6.0 ], "autoUv": false, "snapUv": false }
							}
						},
						{
							"name": "edgeW",
							"from": [ -4.25, -7.0, -1.0 ],
							"to": [ -3.0, -6.5, 1.05 ],
							"rotationOrigin": [ -6.0, -7.0, 0.0 ],
							"faces": {
								"north": { "texture": "#wood", "uv": [ 5.0, 5.0, 6.0, 6.0 ], "autoUv": false, "snapUv": false },
								"east": { "texture": "#wood", "uv": [ 4.0, 4.0, 6.0, 5.0 ], "autoUv": false, "snapUv": false },
								"south": { "texture": "#wood", "uv": [ 5.0, 6.0, 6.0, 7.0 ], "autoUv": false, "snapUv": false },
								"west": { "texture": "#wood", "uv": [ 3.0, 4.0, 5.0, 5.0 ], "autoUv": false, "snapUv": false },
								"up": { "texture": "#wood", "uv": [ 7.0, 6.0, 6.0, 4.0 ], "autoUv": false, "snapUv": false },
								"down": { "texture": "#wood", "uv": [ 8.0, 4.0, 7.0, 6.0 ], "autoUv": false, "snapUv": false }
							}
						},
						{
							"name": "cube",
							"from": [ -1.5, -7.0, -1.0 ],
							"to": [ -1.0, -6.5, 1.0 ],
							"rotationOrigin": [ -4.0, -7.0, 0.0 ],
							"faces": {
								"north": { "texture": "#wood", "uv": [ 6.0, 0.0, 7.0, 1.0 ], "autoUv": false, "snapUv": false },
								"east": { "texture": "#wood", "uv": [ 3.0, 5.0, 5.0, 6.0 ], "autoUv": false, "snapUv": false },
								"south": { "texture": "#wood", "uv": [ 1.0, 7.0, 2.0, 8.0 ], "autoUv": false, "snapUv": false },
								"west": { "texture": "#wood", "uv": [ 3.0, 8.0, 5.0, 9.0 ], "autoUv": false, "snapUv": false },
								"up": { "texture": "#wood", "uv": [ 9.0, 6.0, 8.0, 4.0 ], "autoUv": false, "snapUv": false },
								"down": { "texture": "#wood", "uv": [ 4.0, 1.0, 3.0, 3.0 ], "autoUv": false, "snapUv": false }
							}
						}
					]
				},
				{
					"name": "bottomplate",
					"from": [ 0.0, 0.0, 0.0 ],
					"to": [ 0.0, 0.0, 0.0 ],
					"faces": {
						"north": { "texture": "#metal", "uv": [ 0.0, 0.0, 0.5, 0.5 ], "enabled": false },
						"east": { "texture": "#metal", "uv": [ 0.0, 0.0, 0.5, 0.5 ], "enabled": false },
						"south": { "texture": "#metal", "uv": [ 0.0, 0.0, 0.5, 0.5 ], "enabled": false },
						"west": { "texture": "#metal", "uv": [ 0.0, 0.0, 0.5, 0.5 ], "enabled": false },
						"up": { "texture": "#metal", "uv": [ 0.0, 0.0, 0.5, 0.5 ], "enabled": false },
						"down": { "texture": "#metal", "uv": [ 0.0, 0.0, 0.5, 0.5 ], "enabled": false }
					},
					"children": [
						{
							"name": "BplateE",
							"from": [ 2.45, -7.275, -0.98 ],
							"to": [ 3.7, -6.775, 1.02 ],
							"rotationOrigin": [ 3.075, -7.025, -0.975 ],
							"rotationZ": 22.5,
							"faces": {
								"north": { "texture": "#metal", "uv": [ 6.0, 4.0, 7.0, 5.0 ], "autoUv": false, "snapUv": false },
								"east": { "texture": "#metal", "uv": [ 3.0, 5.0, 5.0, 6.0 ], "autoUv": false, "snapUv": false },
								"south": { "texture": "#metal", "uv": [ 5.0, 7.0, 6.0, 8.0 ], "autoUv": false, "snapUv": false },
								"west": { "texture": "#metal", "uv": [ 4.0, 4.0, 6.0, 5.0 ], "autoUv": false, "snapUv": false },
								"up": { "texture": "#metal", "uv": [ 1.0, 8.0, 0.0, 6.0 ], "autoUv": false, "snapUv": false },
								"down": { "texture": "#metal", "uv": [ 6.0, 1.0, 5.0, 3.0 ], "autoUv": false, "snapUv": false }
							}
						},
						{
							"name": "BplateW",
							"from": [ -4.2, -7.275, -0.98 ],
							"to": [ -2.95, -6.775, 1.02 ],
							"rotationOrigin": [ -3.575, -7.025, -0.975 ],
							"rotationZ": -22.5,
							"faces": {
								"north": { "texture": "#metal", "uv": [ 6.0, 3.0, 7.0, 4.0 ], "autoUv": false, "snapUv": false },
								"east": { "texture": "#metal", "uv": [ 4.0, 2.0, 6.0, 3.0 ], "autoUv": false, "snapUv": false },
								"south": { "texture": "#metal", "uv": [ 4.0, 7.0, 5.0, 8.0 ], "autoUv": false, "snapUv": false },
								"west": { "texture": "#metal", "uv": [ 0.0, 5.0, 2.0, 6.0 ], "autoUv": false, "snapUv": false },
								"up": { "texture": "#metal", "uv": [ 5.0, 3.0, 4.0, 1.0 ], "autoUv": false, "snapUv": false },
								"down": { "texture": "#metal", "uv": [ 3.0, 5.0, 2.0, 7.0 ], "autoUv": false, "snapUv": false }
							}
						},
						{
							"name": "bottomplate",
							"from": [ -3.1, -7.5, -1.0 ],
							"to": [ 2.6, -7.0, 1.025 ],
							"rotationOrigin": [ 0.0, -7.5, 0.0 ],
							"faces": {
								"north": { "texture": "#metal", "uv": [ 6.0, 6.0, 12.0, 7.0 ], "autoUv": false, "snapUv": false },
								"east": { "texture": "#metal", "uv": [ 9.0, 5.0, 11.0, 6.0 ], "autoUv": false, "snapUv": false },
								"south": { "texture": "#metal", "uv": [ 6.0, 7.0, 12.0, 8.0 ], "autoUv": false, "snapUv": false },
								"west": { "texture": "#metal", "uv": [ 4.0, 1.0, 6.0, 2.0 ], "autoUv": false, "snapUv": false },
								"up": { "texture": "#metal", "uv": [ 6.0, 6.0, 0.0, 4.0 ], "autoUv": false, "snapUv": false },
								"down": { "texture": "#metal", "uv": [ 6.0, 6.0, 0.0, 8.0 ], "autoUv": false, "snapUv": false }
							}
						}
					]
				},
				{
					"name": "topplate",
					"from": [ 0.0, 0.0, 0.0 ],
					"to": [ 0.0, 0.0, 0.0 ],
					"faces": {
						"north": { "texture": "#metal", "uv": [ 0.0, 0.0, 0.5, 0.5 ], "enabled": false },
						"east": { "texture": "#metal", "uv": [ 0.0, 0.0, 0.5, 0.5 ], "enabled": false },
						"south": { "texture": "#metal", "uv": [ 0.0, 0.0, 0.5, 0.5 ], "enabled": false },
						"west": { "texture": "#metal", "uv": [ 0.0, 0.0, 0.5, 0.5 ], "enabled": false },
						"up": { "texture": "#metal", "uv": [ 0.0, 0.0, 0.5, 0.5 ], "enabled": false },
						"down": { "texture": "#metal", "uv": [ 0.0, 0.0, 0.5, 0.5 ], "enabled": false }
					},
					"children": [
						{
							"name": "Tplate",
							"from": [ -3.1, -6.5, -1.0 ],
							"to": [ 2.6, -6.0, 1.025 ],
							"rotationOrigin": [ 0.0, -6.5, 0.0 ],
							"faces": {
								"north": { "texture": "#metal", "uv": [ 6.0, 4.0, 12.0, 5.0 ], "autoUv": false, "snapUv": false },
								"east": { "texture": "#metal", "uv": [ 0.0, 4.0, 2.0, 5.0 ], "autoUv": false, "snapUv": false },
								"south": { "texture": "#metal", "uv": [ 6.0, 5.0, 12.0, 6.0 ], "autoUv": false, "snapUv": false },
								"west": { "texture": "#metal", "uv": [ 2.0, 4.0, 4.0, 5.0 ], "autoUv": false, "snapUv": false },
								"up": { "texture": "#metal", "uv": [ 6.0, 2.0, 0.0, 0.0 ], "autoUv": false, "snapUv": false },
								"down": { "texture": "#metal", "uv": [ 6.0, 2.0, 0.0, 4.0 ], "autoUv": false, "snapUv": false }
							}
						},
						{
							"name": "TplateW",
							"from": [ -4.2, -6.725, -0.98 ],
							"to": [ -2.95, -6.225, 1.02 ],
							"rotationOrigin": [ -3.575, -6.475, -0.975 ],
							"rotationZ": 22.5,
							"faces": {
								"north": { "texture": "#metal", "uv": [ 6.0, 1.0, 7.0, 2.0 ], "autoUv": false, "snapUv": false },
								"east": { "texture": "#metal", "uv": [ 3.0, 3.0, 5.0, 4.0 ], "autoUv": false, "snapUv": false },
								"south": { "texture": "#metal", "uv": [ 2.0, 7.0, 3.0, 8.0 ], "autoUv": false, "snapUv": false },
								"west": { "texture": "#metal", "uv": [ 4.0, 0.0, 6.0, 1.0 ], "autoUv": false, "snapUv": false },
								"up": { "texture": "#metal", "uv": [ 2.0, 7.0, 1.0, 5.0 ], "autoUv": false, "snapUv": false },
								"down": { "texture": "#metal", "uv": [ 5.0, 1.0, 4.0, 3.0 ], "autoUv": false, "snapUv": false }
							}
						},
						{
							"name": "TplateE",
							"from": [ 2.45, -6.725, -0.98 ],
							"to": [ 3.7, -6.225, 1.02 ],
							"rotationOrigin": [ 3.075, -6.475, -0.975 ],
							"rotationZ": -22.5,
							"faces": {
								"north": { "texture": "#metal", "uv": [ 6.0, 2.0, 7.0, 3.0 ], "autoUv": false, "snapUv": false },
								"east": { "texture": "#metal", "uv": [ 4.0, 3.0, 6.0, 4.0 ], "autoUv": false, "snapUv": false },
								"south": { "texture": "#metal", "uv": [ 3.0, 7.0, 4.0, 8.0 ], "autoUv": false, "snapUv": false },
								"west": { "texture": "#metal", "uv": [ 4.0, 5.0, 6.0, 6.0 ], "autoUv": false, "snapUv": false },
								"up": { "texture": "#metal", "uv": [ 3.0, 7.0, 2.0, 5.0 ], "autoUv": false, "snapUv": false },
								"down": { "texture": "#metal", "uv": [ 5.0, 6.0, 4.0, 8.0 ], "autoUv": false, "snapUv": false }
							}
						}
					]
				}
			]
		}
	]}