{
	"editor": {
		"backDropShape": "entity/humanoid/seraph",
		"allAngles": true,
		"entityTextureMode": true
	},
	"textureWidth": 16,
	"textureHeight": 16,
	"textureSizes": {
		"snakearm": [32,32]
	},
	"textures": {
		"tinbronze": "block/metal/ingot/tinbronze",
		"snakearm": "entity/humanoid/seraphclothes/arm/snakearm"
	},
	"elements": [
		{
			"name": "Cube2",
			"stepParentName": "LowerArmL",
			"from": [ -7.3, -9.0, -2.5 ],
			"to": [ -7.3, -9.0, -2.5 ],
			"uv": [ 8.375, 3.375 ],
			"rotationOrigin": [ -7.3, -9.0, -2.5 ],
			"faces": {
				"north": { "texture": "#snakearm", "uv": [ 8.5, 4.0, 9.0, 4.5 ] },
				"east": { "texture": "#snakearm", "uv": [ 9.0, 4.0, 9.5, 4.5 ] },
				"south": { "texture": "#snakearm", "uv": [ 9.5, 4.0, 10.0, 4.5 ] },
				"west": { "texture": "#snakearm", "uv": [ 10.0, 4.0, 10.5, 4.5 ] },
				"up": { "texture": "#snakearm", "uv": [ 8.5, 3.5, 9.0, 4.0 ] },
				"down": { "texture": "#snakearm", "uv": [ 9.0, 3.5, 9.5, 4.0 ] }
			},
			"children": [
				{
					"name": "Snakearmbandthong",
					"from": [ 6.95, 12.79, 2.8689 ],
					"to": [ 6.95, 12.99, 3.5689 ],
					"uv": [ 4.875, 7.5 ],
					"rotationOrigin": [ 14.1174, 13.1663, 3.3434 ],
					"rotationX": -4.5495,
					"rotationY": 4.5782,
					"rotationZ": -6.0047,
					"faces": {
						"north": { "texture": "#snakearm", "uv": [ 5.0, 8.0, 5.5, 8.5 ] },
						"east": { "texture": "#snakearm", "uv": [ 5.5, 8.0, 6.0, 8.5 ] },
						"south": { "texture": "#snakearm", "uv": [ 6.0, 8.0, 6.5, 8.5 ] },
						"west": { "texture": "#snakearm", "uv": [ 6.5, 8.0, 7.0, 8.5 ] },
						"up": { "texture": "#snakearm", "uv": [ 5.0, 7.5, 5.5, 8.0 ] },
						"down": { "texture": "#snakearm", "uv": [ 5.5, 7.5, 6.0, 8.0 ] }
					}
				},
				{
					"name": "Snakearmbandeyebottom",
					"from": [ 6.6456, 13.06, 3.2195 ],
					"to": [ 6.7456, 13.16, 3.3195 ],
					"autoUnwrap": false,
					"uv": [ 6.625, 10.625 ],
					"rotationOrigin": [ 6.8456, 13.3944, 3.6945 ],
					"rotationX": 39.0,
					"rotationY": -21.0653,
					"rotationZ": -2.8008,
					"faces": {
						"north": { "texture": "#snakearm", "uv": [ 6.5, 11.5, 7.0, 12.0 ] },
						"east": { "texture": "#snakearm", "uv": [ 7.0, 11.5, 7.5, 12.0 ] },
						"south": { "texture": "#snakearm", "uv": [ 7.5, 11.5, 8.0, 12.0 ] },
						"west": { "texture": "#snakearm", "uv": [ 8.0, 11.5, 8.5, 12.0 ] },
						"up": { "texture": "#snakearm", "uv": [ 6.5, 11.0, 7.0, 11.5 ] },
						"down": { "texture": "#snakearm", "uv": [ 7.0, 11.0, 7.5, 11.5 ] }
					}
				},
				{
					"name": "Snakearmbandeyehigh",
					"from": [ 6.64, 13.26, 3.2 ],
					"to": [ 6.74, 13.36, 3.3 ],
					"uv": [ 7.25, 9.5 ],
					"rotationOrigin": [ 6.8456, 13.6444, 3.7195 ],
					"rotationX": 40.0,
					"rotationY": -23.0,
					"rotationZ": -4.0,
					"faces": {
						"north": { "texture": "#snakearm", "uv": [ 7.5, 10.0, 8.0, 10.5 ] },
						"east": { "texture": "#snakearm", "uv": [ 8.0, 10.0, 8.5, 10.5 ] },
						"south": { "texture": "#snakearm", "uv": [ 8.5, 10.0, 9.0, 10.5 ] },
						"west": { "texture": "#snakearm", "uv": [ 9.0, 10.0, 9.5, 10.5 ] },
						"up": { "texture": "#snakearm", "uv": [ 7.5, 9.5, 8.0, 10.0 ] },
						"down": { "texture": "#snakearm", "uv": [ 8.0, 9.5, 8.5, 10.0 ] }
					}
				},
				{
					"name": "Snakearmbandhead",
					"from": [ 6.8456, 13.1444, 2.7445 ],
					"to": [ 7.2456, 13.8444, 3.4445 ],
					"uv": [ 5.25, 5.25 ],
					"rotationOrigin": [ 7.0456, 13.4944, 3.2195 ],
					"rotationX": 33.0,
					"rotationY": -3.0,
					"rotationZ": -2.8008,
					"faces": {
						"north": { "texture": "#tinbronze", "uv": [ 5.5, 6.0, 6.0, 6.5 ], "windMode": [-1,-1,-1,-1] },
						"east": { "texture": "#tinbronze", "uv": [ 6.0, 6.0, 6.5, 6.5 ], "windMode": [-1,-1,-1,-1] },
						"south": { "texture": "#tinbronze", "uv": [ 6.5, 6.0, 7.0, 6.5 ], "windMode": [-1,-1,-1,-1] },
						"west": { "texture": "#tinbronze", "uv": [ 7.0, 6.0, 7.5, 6.5 ], "windMode": [-1,-1,-1,-1] },
						"up": { "texture": "#tinbronze", "uv": [ 5.5, 5.5, 6.0, 6.0 ], "windMode": [-1,-1,-1,-1] },
						"down": { "texture": "#tinbronze", "uv": [ 6.0, 5.5, 6.5, 6.0 ], "windMode": [-1,-1,-1,-1] }
					}
				},
				{
					"name": "Snakearmbandtail1",
					"from": [ 6.9456, 13.3444, 2.5445 ],
					"to": [ 7.3456, 13.8444, 3.0445 ],
					"uv": [ 5.0, 3.38 ],
					"rotationOrigin": [ 7.1456, 13.5944, 2.9195 ],
					"rotationX": 2.1485,
					"rotationY": -21.0653,
					"rotationZ": -2.8008,
					"faces": {
						"north": { "texture": "#tinbronze", "uv": [ 5.0, 4.0, 5.5, 4.5 ] },
						"east": { "texture": "#tinbronze", "uv": [ 5.5, 4.0, 5.75, 4.5 ], "autoUv": false, "windMode": [-1,-1,-1,-1] },
						"south": { "texture": "#tinbronze", "uv": [ 5.5, 4.0, 6.0, 4.5 ], "windMode": [-1,-1,-1,-1] },
						"west": { "texture": "#tinbronze", "uv": [ 6.0, 4.0, 6.5, 4.5 ], "windMode": [-1,-1,-1,-1] },
						"up": { "texture": "#tinbronze", "uv": [ 5.0, 3.5, 5.5, 4.0 ], "windMode": [-1,-1,-1,-1] },
						"down": { "texture": "#tinbronze", "uv": [ 5.5, 3.5, 6.0, 4.0 ], "windMode": [-1,-1,-1,-1] }
					}
				},
				{
					"name": "Snakearmbandtail2",
					"from": [ 7.048, 12.7536, 2.3191 ],
					"to": [ 10.048, 13.2536, 2.7191 ],
					"uv": [ 0.12, 2.12 ],
					"rotationOrigin": [ 8.548, 13.0035, 2.5191 ],
					"rotationX": 2.265,
					"rotationY": -0.229,
					"rotationZ": -24.5517,
					"faces": {
						"north": { "texture": "#tinbronze", "uv": [ 0.0, 3.0, 3.0, 3.5 ] },
						"east": { "texture": "#tinbronze", "uv": [ 3.5, 2.5, 3.5, 3.0 ], "autoUv": false, "windMode": [-1,-1,-1,-1] },
						"south": { "texture": "#tinbronze", "uv": [ 3.5, 3.0, 6.5, 3.5 ], "windMode": [-1,-1,-1,-1] },
						"west": { "texture": "#tinbronze", "uv": [ 6.5, 3.0, 7.0, 3.5 ], "windMode": [-1,-1,-1,-1] },
						"up": { "texture": "#tinbronze", "uv": [ 0.0, 2.0, 3.0, 2.5 ], "windMode": [-1,-1,-1,-1] },
						"down": { "texture": "#tinbronze", "uv": [ 3.5, 2.0, 6.5, 2.5 ], "windMode": [-1,-1,-1,-1] }
					}
				},
				{
					"name": "Snakearmbandtail3",
					"from": [ 9.8354, 12.1708, 2.5187 ],
					"to": [ 10.2354, 12.6708, 5.0187 ],
					"uv": [ 0.12, 6.5 ],
					"rotationOrigin": [ 8.6854, 18.1708, 3.5187 ],
					"rotationX": 2.0052,
					"rotationY": -1.0782,
					"rotationZ": -2.066,
					"faces": {
						"north": { "texture": "#tinbronze", "uv": [ 0.0, 9.0, 0.5, 9.5 ] },
						"east": { "texture": "#tinbronze", "uv": [ 1.0, 9.0, 3.5, 9.5 ], "windMode": [-1,-1,-1,-1] },
						"south": { "texture": "#tinbronze", "uv": [ 3.5, 9.0, 4.0, 9.5 ], "windMode": [-1,-1,-1,-1] },
						"west": { "texture": "#tinbronze", "uv": [ 4.0, 9.0, 6.5, 9.5 ], "windMode": [-1,-1,-1,-1] },
						"up": { "texture": "#tinbronze", "uv": [ 0.0, 6.5, 0.5, 9.0 ], "windMode": [-1,-1,-1,-1] },
						"down": { "texture": "#tinbronze", "uv": [ 1.0, 6.5, 1.5, 9.0 ], "windMode": [-1,-1,-1,-1] }
					}
				},
				{
					"name": "Snakearmbandtail4",
					"from": [ 7.0049, 11.7548, 4.5174 ],
					"to": [ 10.0049, 12.2548, 4.8174 ],
					"uv": [ 0.62, 0.38 ],
					"rotationOrigin": [ 8.5049, 12.0048, 4.6674 ],
					"rotationX": 1.6579,
					"rotationY": -1.5604,
					"rotationZ": 12.9303,
					"faces": {
						"north": { "texture": "#tinbronze", "uv": [ 0.5, 1.0, 3.5, 1.5 ] },
						"east": { "texture": "#tinbronze", "uv": [ 4.0, 1.0, 4.0, 1.25 ], "autoUv": false, "windMode": [-1,-1,-1,-1] },
						"south": { "texture": "#tinbronze", "uv": [ 4.0, 1.0, 7.0, 1.5 ], "windMode": [-1,-1,-1,-1] },
						"west": { "texture": "#tinbronze", "uv": [ 7.0, 1.0, 7.5, 1.5 ], "windMode": [-1,-1,-1,-1] },
						"up": { "texture": "#tinbronze", "uv": [ 0.5, 0.5, 3.5, 1.0 ], "windMode": [-1,-1,-1,-1] },
						"down": { "texture": "#tinbronze", "uv": [ 4.0, 0.5, 7.0, 1.0 ], "windMode": [-1,-1,-1,-1] }
					}
				},
				{
					"name": "Snakearmbandtail5",
					"from": [ 6.913, 11.5387, 3.9932 ],
					"to": [ 7.313, 11.8387, 4.6932 ],
					"uv": [ 8.0, 6.12 ],
					"rotationOrigin": [ 7.113, 11.6887, 4.1932 ],
					"rotationX": 8.7456,
					"rotationY": 19.7297,
					"rotationZ": 17.3747,
					"faces": {
						"north": { "texture": "#tinbronze", "uv": [ 8.0, 7.0, 8.5, 7.5 ] },
						"east": { "texture": "#tinbronze", "uv": [ 2.0, 6.5, 2.25, 6.5 ], "autoUv": false, "windMode": [-1,-1,-1,-1] },
						"south": { "texture": "#tinbronze", "uv": [ 8.5, 7.0, 9.0, 7.5 ], "windMode": [-1,-1,-1,-1] },
						"west": { "texture": "#tinbronze", "uv": [ 9.0, 7.0, 9.5, 7.5 ], "windMode": [-1,-1,-1,-1] },
						"up": { "texture": "#tinbronze", "uv": [ 8.0, 6.0, 8.5, 6.5 ], "windMode": [-1,-1,-1,-1] },
						"down": { "texture": "#tinbronze", "uv": [ 8.5, 6.0, 9.0, 6.5 ], "windMode": [-1,-1,-1,-1] }
					}
				},
				{
					"name": "Snakearmbandtailend",
					"from": [ 6.913, 11.5887, 3.5432 ],
					"to": [ 7.113, 11.7387, 4.1432 ],
					"uv": [ 1.5, 3.88 ],
					"rotationOrigin": [ 6.913, 11.6887, 3.8432 ],
					"rotationX": 18.4103,
					"rotationY": -10.1595,
					"rotationZ": 45.6029,
					"faces": {
						"north": { "texture": "#tinbronze", "uv": [ 1.5, 4.5, 1.75, 4.75 ], "autoUv": false, "windMode": [-1,-1,-1,-1] },
						"east": { "texture": "#tinbronze", "uv": [ 1.5, 4.5, 2.0, 5.0 ], "windMode": [-1,-1,-1,-1] },
						"south": { "texture": "#tinbronze", "uv": [ 2.0, 4.5, 2.5, 5.0 ], "windMode": [-1,-1,-1,-1] },
						"west": { "texture": "#tinbronze", "uv": [ 2.5, 4.5, 3.0, 5.0 ], "windMode": [-1,-1,-1,-1] },
						"up": { "texture": "#tinbronze", "uv": [ 1.5, 4.0, 2.0, 4.5 ], "windMode": [-1,-1,-1,-1] },
						"down": { "texture": "#tinbronze", "uv": [ 2.0, 4.0, 2.5, 4.5 ], "windMode": [-1,-1,-1,-1] }
					}
				}
			]
		}
	]}