{
	"editor": {
		"allAngles": true,
		"entityTextureMode": true
	},
	"textureWidth": 64,
	"textureHeight": 64,
	"textureSizes": {
		"armorheadx": [64,64]
	},
	"textures": {
    "armorhead": "entity/humanoid/serapharmor/armadura/armorheadx"
	},
	"elements": [
		{
			"name": "ArmorHelmet",
			"stepParentName": "Head",
			"from": [ -0.2, 0.0, 0.0 ],
			"to": [ -0.2, 0.0, 0.0 ],
			"unwrapMode": 4,
			"autoUnwrap": false,
			"uv": [ 26.5, 14.0 ],
			"rotationOrigin": [ -0.2, -0.5, -0.1 ],
			"faces": {
				"north": { "texture": "#null", "uv": [ 0.0, 0.5, 0.5, 1.0 ], "enabled": false },
				"east": { "texture": "#null", "uv": [ 0.5, 0.5, 1.0, 1.0 ], "enabled": false },
				"south": { "texture": "#null", "uv": [ 1.0, 0.5, 1.5, 1.0 ], "enabled": false },
				"west": { "texture": "#null", "uv": [ 1.5, 0.5, 2.0, 1.0 ], "enabled": false },
				"up": { "texture": "#null", "uv": [ 0.0, 0.0, 0.5, 0.5 ], "enabled": false },
				"down": { "texture": "#null", "uv": [ 0.5, 0.0, 1.0, 0.5 ], "enabled": false }
			},
			"children": [
				{
					"name": "casco",
					"from": [ -0.31, -2.41, -0.46 ],
					"to": [ 6.41, 5.61, 5.51 ],
					"autoUnwrap": false,
					"uv": [ 32.0, 20.0 ],
					"rotationOrigin": [ -0.1, -1.6, -0.3 ],
					"faces": {
						"north": { "texture": "#armorhead", "uv": [ 0.0, 7.0, 7.0, 15.0 ], "autoUv": false },
						"east": { "texture": "#armorhead", "uv": [ 20.0, 7.0, 26.0, 15.0 ], "autoUv": false },
						"south": { "texture": "#armorhead", "uv": [ 13.0, 7.0, 20.0, 15.0 ], "autoUv": false },
						"west": { "texture": "#armorhead", "uv": [ 7.0, 7.0, 13.0, 15.0 ], "autoUv": false },
						"up": { "texture": "#armorhead", "uv": [ 0.0, 0.0, 6.0, 7.0 ], "rotation": 90, "autoUv": false },
						"down": { "texture": "#null", "uv": [ 6.5, 0.0, 13.0, 5.5 ], "enabled": false }
					}
				},
				{
					"name": "cascooverlay",
					"from": [ -0.61, -2.71, -0.76 ],
					"to": [ 6.71, 5.91, 5.81 ],
					"autoUnwrap": false,
					"uv": [ 32.0, 20.0 ],
					"rotationOrigin": [ -0.4, -1.9, -0.6 ],
					"faces": {
						"north": { "texture": "#armorhead", "uv": [ 0.0, 15.0, 7.0, 23.0 ], "autoUv": false },
						"east": { "texture": "#armorhead", "uv": [ 20.0, 15.0, 26.0, 23.0 ], "autoUv": false },
						"south": { "texture": "#armorhead", "uv": [ 13.0, 15.0, 20.0, 23.0 ], "autoUv": false },
						"west": { "texture": "#armorhead", "uv": [ 7.0, 15.0, 13.0, 23.0 ], "autoUv": false },
						"up": { "texture": "#armorhead", "uv": [ 7.0, 0.0, 13.0, 7.0 ], "rotation": 90, "autoUv": false },
						"down": { "texture": "#null", "uv": [ 7.0, 0.0, 14.0, 6.5 ], "enabled": false }
					}
				},
				{
					"name": "mitadfrente",
					"from": [ -2.26, -2.41, 2.51 ],
					"to": [ 13.14, 13.59, 2.51 ],
					"shade": false,
					"autoUnwrap": false,
					"uv": [ 32.0, 20.0 ],
					"rotationOrigin": [ -2.1, -1.6, 2.9 ],
					"faces": {
						"north": { "texture": "#armorhead", "uv": [ 42.5, 0.0, 26.5, 16.0 ], "autoUv": false },
						"east": { "texture": "#null", "uv": [ 15.0, 0.5, 15.5, 16.5 ], "enabled": false },
						"south": { "texture": "#armorhead", "uv": [ 26.5, 0.0, 42.5, 16.0 ], "autoUv": false },
						"west": { "texture": "#null", "uv": [ 30.5, 0.5, 31.0, 16.5 ], "enabled": false },
						"up": { "texture": "#null", "uv": [ 0.0, 0.0, 15.0, 0.5 ], "enabled": false },
						"down": { "texture": "#null", "uv": [ 15.0, 0.0, 30.0, 0.5 ], "enabled": false }
					}
				},
				{
					"name": "horizontalarriba",
					"from": [ -4.61, 3.59, -5.35 ],
					"to": [ 10.71, 3.59, 10.41 ],
					"shade": false,
					"autoUnwrap": false,
					"uv": [ 32.0, 20.0 ],
					"rotationOrigin": [ -4.4, 4.4, -6.0 ],
					"faces": {
						"north": { "texture": "#null", "uv": [ 0.0, 15.5, 15.0, 16.0 ], "enabled": false },
						"east": { "texture": "#null", "uv": [ 15.0, 15.5, 30.5, 16.0 ], "enabled": false },
						"south": { "texture": "#null", "uv": [ 30.5, 15.5, 45.5, 16.0 ], "enabled": false },
						"west": { "texture": "#null", "uv": [ 45.5, 15.5, 61.0, 16.0 ], "enabled": false },
						"up": { "texture": "#armorhead", "uv": [ 48.0, 0.0, 64.0, 16.0 ], "rotation": 90, "autoUv": false },
						"down": { "texture": "#null", "uv": [ 15.0, 0.0, 30.0, 15.5 ], "enabled": false }
					}
				},
				{
					"name": "verticalfrente",
					"from": [ 3.1, -2.41, -5.5 ],
					"to": [ 3.1, 13.59, 10.46 ],
					"shade": false,
					"autoUnwrap": false,
					"uv": [ 32.0, 20.0 ],
					"rotationOrigin": [ 3.3, -1.6, -5.5 ],
					"faces": {
						"north": { "texture": "#null", "uv": [ 0.0, 15.5, 0.5, 31.5 ], "enabled": false },
						"east": { "texture": "#armorhead", "uv": [ 64.0, 33.0, 48.0, 49.0 ], "autoUv": false },
						"south": { "texture": "#null", "uv": [ 16.0, 15.5, 16.5, 31.5 ], "enabled": false },
						"west": { "texture": "#armorhead", "uv": [ 48.0, 33.0, 64.0, 49.0 ], "autoUv": false },
						"up": { "texture": "#null", "uv": [ 0.0, 0.0, 0.5, 15.5 ], "enabled": false },
						"down": { "texture": "#null", "uv": [ 0.5, 0.0, 1.0, 15.5 ], "enabled": false }
					}
				},
				{
					"name": "cascooverlay2",
					"from": [ -0.91, -3.01, -1.06 ],
					"to": [ 7.01, 6.21, 6.11 ],
					"autoUnwrap": false,
					"uv": [ 32.0, 20.0 ],
					"rotationOrigin": [ -0.7, -2.2, -0.9 ],
					"faces": {
						"north": { "texture": "#armorhead", "uv": [ 0.0, 23.0, 7.0, 31.0 ], "autoUv": false },
						"east": { "texture": "#armorhead", "uv": [ 20.0, 23.0, 26.0, 31.0 ], "autoUv": false },
						"south": { "texture": "#armorhead", "uv": [ 13.0, 23.0, 20.0, 31.0 ], "autoUv": false },
						"west": { "texture": "#armorhead", "uv": [ 7.0, 23.0, 13.0, 31.0 ], "autoUv": false },
						"up": { "texture": "#armorhead", "uv": [ 14.0, 0.0, 20.0, 7.0 ], "rotation": 90, "autoUv": false },
						"down": { "texture": "#null", "uv": [ 7.5, 0.0, 15.0, 7.0 ], "enabled": false }
					}
				},
				{
					"name": "cascooverlay3",
					"from": [ -1.21, -3.31, -1.36 ],
					"to": [ 7.31, 6.51, 6.41 ],
					"autoUnwrap": false,
					"uv": [ 32.0, 20.0 ],
					"rotationOrigin": [ -1.0, -2.5, -1.2 ],
					"faces": {
						"north": { "texture": "#armorhead", "uv": [ 0.0, 31.0, 7.0, 39.0 ], "autoUv": false },
						"east": { "texture": "#armorhead", "uv": [ 20.0, 31.0, 26.0, 39.0 ], "autoUv": false },
						"south": { "texture": "#armorhead", "uv": [ 13.0, 31.0, 20.0, 39.0 ], "autoUv": false },
						"west": { "texture": "#armorhead", "uv": [ 7.0, 31.0, 13.0, 39.0 ], "autoUv": false },
						"up": { "texture": "#armorhead", "uv": [ 20.0, 0.0, 26.0, 7.0 ], "rotation": 90, "autoUv": false },
						"down": { "texture": "#null", "uv": [ 8.5, 0.0, 17.0, 7.5 ], "enabled": false }
					}
				},
				{
					"name": "horizontalabajo",
					"from": [ -2.21, 2.09, -5.35 ],
					"to": [ 13.11, 2.09, 10.41 ],
					"shade": false,
					"renderPass": 1,
					"autoUnwrap": false,
					"uv": [ 32.0, 20.0 ],
					"rotationOrigin": [ -2.0, 2.9, -6.0 ],
					"faces": {
						"north": { "texture": "#armorhead", "uv": [ 0.0, 15.5, 15.0, 16.0 ], "enabled": false },
						"east": { "texture": "#armorhead", "uv": [ 15.0, 15.5, 30.5, 16.0 ], "enabled": false },
						"south": { "texture": "#armorhead", "uv": [ 30.5, 15.5, 45.5, 16.0 ], "enabled": false },
						"west": { "texture": "#armorhead", "uv": [ 45.5, 15.5, 61.0, 16.0 ], "enabled": false },
						"up": { "texture": "#armorhead", "uv": [ 48.0, 16.5, 64.0, 32.5 ], "rotation": 90, "autoUv": false, "windMode": [-1,-1,-1,-1] },
						"down": { "texture": "#armorhead", "uv": [ 48.0, 16.5, 64.0, 32.5 ], "rotation": 270, "autoUv": false, "windMode": [-1,-1,-1,-1], "enabled": false }
					}
				},
				{
					"name": "cascosuperior",
					"from": [ 0.19, 5.58, 0.05 ],
					"to": [ 5.91, 6.2, 4.97 ],
					"autoUnwrap": false,
					"uv": [ 32.0, 20.0 ],
					"rotationOrigin": [ 0.4, 6.4, 0.2 ],
					"faces": {
						"north": { "texture": "#armorhead", "uv": [ 5.0, 40.0, 11.0, 40.5 ], "autoUv": false },
						"east": { "texture": "#armorhead", "uv": [ 5.0, 39.5, 10.0, 40.0 ], "autoUv": false },
						"south": { "texture": "#armorhead", "uv": [ 5.0, 40.5, 11.0, 41.0 ], "autoUv": false },
						"west": { "texture": "#armorhead", "uv": [ 5.0, 39.0, 10.0, 39.5 ], "autoUv": false },
						"up": { "texture": "#armorhead", "uv": [ 0.0, 39.0, 5.0, 45.0 ], "rotation": 90, "autoUv": false },
						"down": { "texture": "#null", "uv": [ 5.5, 0.0, 11.0, 4.5 ], "enabled": false }
					}
				},
				{
					"name": "verticalfrente2",
					"from": [ 0.4, -2.41, -3.45 ],
					"to": [ 0.4, 9.59, 8.49 ],
					"shade": false,
					"autoUnwrap": false,
					"uv": [ 32.0, 20.0 ],
					"rotationOrigin": [ 0.6, -1.6, -3.3 ],
					"faces": {
						"north": { "texture": "#null", "uv": [ 0.0, 11.5, 0.5, 23.5 ], "enabled": false },
						"east": { "texture": "#armorhead", "uv": [ 64.0, 49.5, 52.0, 61.5 ], "autoUv": false },
						"south": { "texture": "#null", "uv": [ 12.0, 11.5, 12.5, 23.5 ], "enabled": false },
						"west": { "texture": "#armorhead", "uv": [ 52.0, 49.5, 64.0, 61.5 ], "autoUv": false },
						"up": { "texture": "#null", "uv": [ 0.0, 0.0, 0.5, 11.5 ], "enabled": false },
						"down": { "texture": "#null", "uv": [ 0.5, 0.0, 1.0, 11.5 ], "enabled": false }
					}
				},
				{
					"name": "lateralcentroR",
					"from": [ -2.21, -2.41, 2.03 ],
					"to": [ 13.09, 13.59, 2.03 ],
					"shade": false,
					"autoUnwrap": false,
					"uv": [ 32.0, 20.0 ],
					"rotationOrigin": [ -2.0, -1.6, 2.4 ],
					"faces": {
						"north": { "texture": "#armorhead", "uv": [ 42.5, 16.5, 26.5, 32.5 ], "autoUv": false },
						"east": { "texture": "#null", "uv": [ 15.0, 0.5, 15.5, 16.5 ], "enabled": false },
						"south": { "texture": "#armorhead", "uv": [ 26.5, 16.5, 42.5, 32.5 ], "autoUv": false },
						"west": { "texture": "#null", "uv": [ 30.5, 0.5, 31.0, 16.5 ], "enabled": false },
						"up": { "texture": "#null", "uv": [ 0.0, 0.0, 15.0, 0.5 ], "enabled": false },
						"down": { "texture": "#null", "uv": [ 15.0, 0.0, 30.0, 0.5 ], "enabled": false }
					}
				},
				{
					"name": "laterales",
					"from": [ -0.31, 5.59, -0.46 ],
					"to": [ 11.11, 13.61, 5.46 ],
					"autoUnwrap": false,
					"uv": [ 32.0, 20.0 ],
					"rotationOrigin": [ -0.1, 6.4, -0.3 ],
					"faces": {
						"north": { "texture": "#armorhead", "uv": [ 0.0, 45.0, 12.0, 53.0 ], "autoUv": false },
						"east": { "texture": "#null", "uv": [ 11.0, 5.5, 16.5, 13.5 ], "enabled": false },
						"south": { "texture": "#armorhead", "uv": [ 18.0, 45.0, 30.0, 53.0 ], "autoUv": false },
						"west": { "texture": "#armorhead", "uv": [ 12.0, 45.0, 18.0, 53.0 ], "autoUv": false },
						"up": { "texture": "#null", "uv": [ 0.0, 0.0, 11.0, 5.5 ], "enabled": false },
						"down": { "texture": "#null", "uv": [ 11.0, 0.0, 22.0, 5.5 ], "enabled": false }
					}
				},
				{
					"name": "lateralcentroL",
					"from": [ -2.21, -2.41, 3.02 ],
					"to": [ 13.09, 13.59, 3.02 ],
					"shade": false,
					"autoUnwrap": false,
					"uv": [ 32.0, 20.0 ],
					"rotationOrigin": [ -2.0, -1.6, 3.4 ],
					"faces": {
						"north": { "texture": "#armorhead", "uv": [ 42.5, 16.5, 26.5, 32.5 ], "autoUv": false },
						"east": { "texture": "#null", "uv": [ 15.0, 0.5, 15.5, 16.5 ], "enabled": false },
						"south": { "texture": "#armorhead", "uv": [ 26.5, 16.5, 42.5, 32.5 ], "autoUv": false },
						"west": { "texture": "#null", "uv": [ 30.5, 0.5, 31.0, 16.5 ], "enabled": false },
						"up": { "texture": "#null", "uv": [ 0.0, 0.0, 15.0, 0.5 ], "enabled": false },
						"down": { "texture": "#null", "uv": [ 15.0, 0.0, 30.0, 0.5 ], "enabled": false }
					}
				},
				{
					"name": "cascointerior",
					"from": [ -0.21, -3.21, -0.26 ],
					"to": [ 6.21, 5.51, 5.36 ],
					"autoUnwrap": false,
					"uv": [ 32.0, 20.0 ],
					"rotationOrigin": [ 0.0, -2.4, -0.1 ],
					"faces": {
						"north": { "texture": "#armorhead", "uv": [ 0.0, 56.0, 7.0, 64.0 ], "autoUv": false },
						"east": { "texture": "#armorhead", "uv": [ 20.0, 56.0, 26.0, 64.0 ], "autoUv": false },
						"south": { "texture": "#armorhead", "uv": [ 13.0, 56.0, 20.0, 64.0 ], "autoUv": false },
						"west": { "texture": "#armorhead", "uv": [ 7.0, 56.0, 13.0, 64.0 ], "autoUv": false },
						"up": { "texture": "#armorhead", "uv": [ 26.0, 56.0, 32.0, 63.0 ], "rotation": 90, "autoUv": false },
						"down": { "texture": "#null", "uv": [ 6.0, 0.0, 12.0, 5.5 ], "enabled": false }
					}
				},
				{
					"name": "horizontalinclinada",
					"from": [ -4.58, 5.09, -5.35 ],
					"to": [ 11.64, 5.09, 10.41 ],
					"shade": false,
					"autoUnwrap": false,
					"uv": [ 32.0, 20.0 ],
					"rotationOrigin": [ -4.4, 5.1, 2.0 ],
					"rotationZ": -19.6,
					"faces": {
						"north": { "texture": "#null", "uv": [ 0.0, 15.5, 16.0, 16.0 ], "enabled": false },
						"east": { "texture": "#null", "uv": [ 16.0, 15.5, 31.5, 16.0 ], "enabled": false },
						"south": { "texture": "#null", "uv": [ 31.5, 15.5, 47.5, 16.0 ], "enabled": false },
						"west": { "texture": "#null", "uv": [ 47.5, 15.5, 63.0, 16.0 ], "enabled": false },
						"up": { "texture": "#armorhead", "uv": [ 31.5, 33.0, 47.5, 49.0 ], "rotation": 90, "autoUv": false },
						"down": { "texture": "#null", "uv": [ 16.0, 0.0, 32.0, 15.5 ], "enabled": false }
					}
				}
			]
		}
	]}