[
  {
    "file": "cropsv2:recipes/kneading/hardtack.json",
    "op": "replace",
    "path": "/0/enabled",
    "value": true,
    "dependsOn": [{ "modid": "expandedfoods" }]
  },
  {
    "file": "cropsv2:recipes/kneading/hardtack.json",
    "op": "replace",
    "path": "/1/enabled",
    "value": true,
    "dependsOn": [{ "modid": "expandedfoods" }]
  },
  {
    "op": "addeach",
    "path": "/variantgroups/0/states/-",
    "value": ["oat"],
    "file": "expandedfoods:itemtypes/food/mixing/hardtack.json",
    "side": "server",
    "dependsOn": [{ "modid": "expandedfoods" }]
  },
  {
    "op": "add",
    "path": "/nutritionPropsByType/*-oat-bake1",
    "value": { "saturation": 140, "foodcategory": "Grain" },
    "file": "expandedfoods:itemtypes/food/mixing/hardtack.json",
    "side": "server",
    "dependsOn": [{ "modid": "expandedfoods" }]
  },
  {
    "op": "add",
    "path": "/nutritionPropsByType/*-oat-bake2",
    "value": { "saturation": 120, "foodcategory": "Grain" },
    "file": "expandedfoods:itemtypes/food/mixing/hardtack.json",
    "side": "server",
    "dependsOn": [{ "modid": "expandedfoods" }]
  },
  {
    "op": "add",
    "path": "/nutritionPropsByType/*-oat-bake3",
    "value": { "saturation": 100, "foodcategory": "Grain" },
    "file": "expandedfoods:itemtypes/food/mixing/hardtack.json",
    "side": "server",
    "dependsOn": [{ "modid": "expandedfoods" }]
  },
  {
    "op": "add",
    "path": "/nutritionPropsByType/*-oat-bake4",
    "value": { "saturation": 80, "foodcategory": "Grain" },
    "file": "expandedfoods:itemtypes/food/mixing/hardtack.json",
    "side": "server",
    "dependsOn": [{ "modid": "expandedfoods" }]
  },
  {
    "op": "add",
    "path": "/shapebytype/hardtack-oat-raw",
    "value": { "base": "cropsv2:item/food/hardtack/hardtack-{type}-raw" },
    "file": "expandedfoods:itemtypes/food/mixing/hardtack.json",
    "side": "server",
    "dependsOn": [{ "modid": "expandedfoods" }]
  },
  {
    "op": "add",
    "path": "/shapebytype/hardtack-oat-bake1",
    "value": {
      "base": "cropsv2:item/food/hardtack/hardtack-{type}-partbaked"
    },
    "file": "expandedfoods:itemtypes/food/mixing/hardtack.json",
    "side": "server",
    "dependsOn": [{ "modid": "expandedfoods" }]
  },
  {
    "op": "add",
    "path": "/shapebytype/hardtack-oat-bake2",
    "value": { "base": "cropsv2:item/food/hardtack/hardtack-{type}-baked" },
    "file": "expandedfoods:itemtypes/food/mixing/hardtack.json",
    "side": "server",
    "dependsOn": [{ "modid": "expandedfoods" }]
  },
  {
    "op": "add",
    "path": "/shapebytype/hardtack-oat-bake3",
    "value": { "base": "cropsv2:item/food/hardtack/hardtack-{type}-baked" },
    "file": "expandedfoods:itemtypes/food/mixing/hardtack.json",
    "side": "server",
    "dependsOn": [{ "modid": "expandedfoods" }]
  },
  {
    "op": "add",
    "path": "/shapebytype/hardtack-oat-bake4",
    "value": { "base": "cropsv2:item/food/hardtack/hardtack-{type}-charred" },
    "file": "expandedfoods:itemtypes/food/mixing/hardtack.json",
    "side": "server",
    "dependsOn": [{ "modid": "expandedfoods" }]
  }
]
