{
	"editor": {
		"allAngles": true,
		"entityTextureMode": true
	},
	"textureWidth": 48,
	"textureHeight": 56,
	"textureSizes": {
		"skin": [48,56]
	},
	"textures": {
	},
	"elements": [
		{
			"name": "Neck",
			"from": [ 14.2, 10.9, 6.55 ],
			"to": [ 18.7, 15.8, 9.45 ],
			"unwrapMode": 2,
			"autoUnwrap": false,
			"uv": [ 5.5, 5.0 ],
			"rotationOrigin": [ 18.3, 10.0, 8.0 ],
			"rotationZ": 100.0,
			"faces": {
				"north": { "texture": "#skin", "uv": [ 12.0, 8.5, 16.5, 13.0 ], "windMode": [-1,-1,-1,-1], "windData": [0,0,1,0] },
				"east": { "texture": "#skin", "uv": [ 9.5, 8.5, 12.0, 13.0 ], "windMode": [-1,-1,-1,-1], "windData": [1,0,0,1] },
				"south": { "texture": "#skin", "uv": [ 5.0, 8.5, 9.5, 13.0 ] },
				"west": { "texture": "#skin", "uv": [ 16.5, 8.5, 19.0, 13.0 ] },
				"up": { "texture": "#skin", "uv": [ 2.0, 8.5, 4.5, 13.0 ], "rotation": 90 }
			},
			"children": [
				{
					"name": "Neck2",
					"from": [ 0.6, 3.4, 0.5 ],
					"to": [ 4.4, 7.2, 2.4 ],
					"unwrapMode": 2,
					"uv": [ 6.5, 1.0 ],
					"rotationOrigin": [ 2.9, 3.5, 1.45 ],
					"rotationZ": -12.0,
					"faces": {
						"north": { "texture": "#skin", "uv": [ 11.5, 4.5, 15.0, 8.0 ] },
						"east": { "texture": "#skin", "uv": [ 10.0, 4.5, 11.5, 8.0 ] },
						"south": { "texture": "#skin", "uv": [ 6.5, 4.5, 10.0, 8.0 ] },
						"west": { "texture": "#skin", "uv": [ 15.0, 4.5, 16.5, 8.0 ] },
						"up": { "texture": "#skin", "uv": [ 10.0, 1.0, 11.5, 4.5 ], "rotation": 270 }
					},
					"children": [
						{
							"name": "Head",
							"from": [ 1.9933, 0.6, -0.4 ],
							"to": [ 3.6933, 4.0, 2.3 ],
							"unwrapMode": 4,
							"uv": [ 6.0, 38.0 ],
							"rotationOrigin": [ 3.6, 3.9, 0.95 ],
							"rotationZ": -55.0,
							"faces": {
								"north": { "texture": "#skin", "uv": [ 6.0, 39.5, 7.5, 42.5 ] },
								"east": { "texture": "#skin", "uv": [ 11.5, 39.5, 14.0, 42.5 ] },
								"south": { "texture": "#skin", "uv": [ 10.0, 39.5, 11.5, 42.5 ] },
								"west": { "texture": "#skin", "uv": [ 7.5, 39.5, 10.0, 42.5 ] },
								"up": { "texture": "#skin", "uv": [ 7.5, 38.0, 10.0, 39.5 ], "rotation": 90 },
								"down": { "texture": "#skin", "uv": [ 7.5, 42.5, 10.0, 44.0 ], "rotation": 90 }
							},
							"children": [
								{
									"name": "MouthUp",
									"from": [ -3.1, 1.0, 0.45 ],
									"to": [ 0.0, 1.7, 2.25 ],
									"unwrapMode": 5,
									"unwrapRotation": 1,
									"uv": [ 10.5, 43.0 ],
									"rotationOrigin": [ -1.0, 1.6, 1.3 ],
									"rotationZ": 4.0,
									"faces": {
										"north": { "texture": "#skin", "uv": [ 10.5, 43.0, 11.0, 46.0 ], "rotation": 270 },
										"south": { "texture": "#skin", "uv": [ 12.5, 43.0, 13.0, 46.0 ], "rotation": 90 },
										"west": { "texture": "#skin", "uv": [ 11.0, 46.0, 12.5, 46.5 ] },
										"up": { "texture": "#skin", "uv": [ 11.0, 43.0, 12.5, 46.0 ], "rotation": 90, "windMode": [-1,-1,-1,-1], "windData": [1,1,1,1] },
										"down": { "texture": "#skin", "uv": [ 13.0, 43.0, 14.5, 46.0 ], "rotation": 270 }
									},
									"children": [
										{
											"name": "Nose",
											"from": [ 0.6, -0.2, 0.1 ],
											"to": [ 3.6, 1.2, 1.7 ],
											"unwrapMode": 5,
											"unwrapRotation": 1,
											"uv": [ 14.0, 47.0 ],
											"rotationOrigin": [ 0.6, 1.2, 0.4 ],
											"rotationZ": 12.0,
											"faces": {
												"north": { "texture": "#skin", "uv": [ 14.0, 47.0, 15.0, 50.0 ], "rotation": 270, "windMode": [-1,-1,-1,-1], "windData": [1,1,1,1] },
												"south": { "texture": "#skin", "uv": [ 16.5, 47.0, 17.5, 50.0 ], "rotation": 90 },
												"west": { "texture": "#skin", "uv": [ 15.0, 50.0, 16.5, 51.0 ], "windMode": [-1,-1,-1,-1], "windData": [1,1,1,1] },
												"up": { "texture": "#skin", "uv": [ 15.0, 47.0, 16.5, 50.0 ], "rotation": 90 }
											},
											"children": [
												{
													"name": "Snout",
													"from": [ -1.0, 0.1, -0.05 ],
													"to": [ 0.1, 1.4, 1.65 ],
													"unwrapMode": 4,
													"uv": [ 8.0, 47.5 ],
													"rotationOrigin": [ 0.0, 1.3, 0.7 ],
													"rotationZ": -2.0,
													"faces": {
														"north": { "texture": "#skin", "uv": [ 8.0, 48.5, 9.0, 49.5 ], "windMode": [-1,-1,-1,-1], "windData": [1,1,1,1] },
														"east": { "texture": "#skin", "uv": [ 11.5, 48.5, 13.0, 49.5 ], "windMode": [-1,-1,-1,-1], "windData": [1,1,1,1] },
														"south": { "texture": "#skin", "uv": [ 10.5, 48.5, 11.5, 49.5 ], "windMode": [-1,-1,-1,-1], "windData": [1,1,1,1] },
														"west": { "texture": "#skin", "uv": [ 9.0, 48.5, 10.5, 49.5 ], "windMode": [-1,-1,-1,-1], "windData": [1,1,1,1] },
														"up": { "texture": "#skin", "uv": [ 9.0, 47.5, 10.5, 48.5 ], "rotation": 90, "windMode": [-1,-1,-1,-1], "windData": [1,1,1,1] },
														"down": { "texture": "#skin", "uv": [ 9.0, 49.5, 10.5, 50.5 ], "rotation": 90, "windMode": [-1,-1,-1,-1], "windData": [1,1,1,1] }
													}
												},
												{
													"name": "NoseBridge",
													"from": [ 1.9, 0.1, -0.2 ],
													"to": [ 2.9, 1.4, 1.8 ],
													"unwrapMode": 7,
													"unwrapRotation": 1,
													"uv": [ 4.5, 44.5 ],
													"rotationOrigin": [ 1.9, 1.5, -0.2 ],
													"rotationZ": 33.0,
													"faces": {
														"north": { "texture": "#skin", "uv": [ 7.5, 45.5, 8.5, 46.5 ], "rotation": 90 },
														"east": { "texture": "#skin", "uv": [ 5.5, 46.5, 7.5, 47.5 ] },
														"south": { "texture": "#skin", "uv": [ 4.5, 45.5, 5.5, 46.5 ], "rotation": 270 },
														"west": { "texture": "#skin", "uv": [ 5.5, 44.5, 7.5, 45.5 ], "rotation": 180 },
														"up": { "texture": "#skin", "uv": [ 5.5, 45.5, 7.5, 46.5 ], "rotation": 270 }
													}
												}
											]
										}
									]
								},
								{
									"name": "L Ear",
									"from": [ 1.3, 2.1, 2.1 ],
									"to": [ 1.5, 3.1, 3.2 ],
									"unwrapMode": 4,
									"uv": [ 2.0, 49.5 ],
									"rotationOrigin": [ 1.3, 2.1, 2.5 ],
									"rotationX": 90.0,
									"rotationY": 14.0,
									"faces": {
										"north": { "texture": "#skin", "uv": [ 2.0, 50.0, 2.5, 51.0 ], "windMode": [-1,-1,-1,-1], "windData": [1,1,1,1] },
										"east": { "texture": "#skin", "uv": [ 4.0, 50.0, 5.0, 51.0 ] },
										"south": { "texture": "#skin", "uv": [ 3.5, 50.0, 4.0, 51.0 ], "windMode": [-1,-1,-1,-1], "windData": [1,1,1,1] },
										"west": { "texture": "#skin", "uv": [ 2.5, 50.0, 3.5, 51.0 ] },
										"up": { "texture": "#skin", "uv": [ 2.5, 49.5, 3.5, 50.0 ], "rotation": 90 },
										"down": { "texture": "#skin", "uv": [ 2.5, 51.0, 3.5, 51.5 ], "rotation": 90 }
									},
									"children": [
										{
											"name": "L Ear3",
											"from": [ 0.0, 1.0, 0.0 ],
											"to": [ 0.2, 2.1, 0.5 ],
											"unwrapMode": 4,
											"uv": [ 3.0, 47.0 ],
											"rotationOrigin": [ 0.2, 1.0, 0.0 ],
											"rotationX": 8.0,
											"rotationY": 1.0,
											"faces": {
												"north": { "texture": "#skin", "uv": [ 3.0, 47.5, 3.5, 48.5 ] },
												"east": { "texture": "#skin", "uv": [ 4.5, 47.5, 5.0, 48.5 ] },
												"south": { "texture": "#skin", "uv": [ 4.0, 47.5, 4.5, 48.5 ] },
												"west": { "texture": "#skin", "uv": [ 3.5, 47.5, 4.0, 48.5 ] },
												"up": { "texture": "#skin", "uv": [ 3.5, 47.0, 4.0, 47.5 ], "rotation": 90 },
												"down": { "texture": "#skin", "uv": [ 3.5, 48.5, 4.0, 49.0 ], "rotation": 90 }
											}
										},
										{
											"name": "L Ear2",
											"from": [ 0.0, 1.0, 0.5 ],
											"to": [ 0.2, 2.1, 1.1 ],
											"unwrapMode": 4,
											"uv": [ 0.5, 47.5 ],
											"rotationOrigin": [ 0.2, 1.0, 1.2 ],
											"rotationX": -10.0,
											"rotationY": -1.0,
											"faces": {
												"north": { "texture": "#skin", "uv": [ 0.5, 48.0, 1.0, 49.0 ] },
												"east": { "texture": "#skin", "uv": [ 2.0, 48.0, 2.5, 49.0 ] },
												"south": { "texture": "#skin", "uv": [ 1.5, 48.0, 2.0, 49.0 ] },
												"west": { "texture": "#skin", "uv": [ 1.0, 48.0, 1.5, 49.0 ] },
												"up": { "texture": "#skin", "uv": [ 1.0, 47.5, 1.5, 48.0 ], "rotation": 90 },
												"down": { "texture": "#skin", "uv": [ 1.0, 49.0, 1.5, 49.5 ], "rotation": 90 }
											}
										}
									]
								},
								{
									"name": "R Eye",
									"from": [ -0.01, 2.5, -0.01 ],
									"to": [ 0.39, 2.7, 0.19 ],
									"unwrapMode": 5,
									"uv": [ 0.5, 36.0 ],
									"rotationOrigin": [ -0.01, 2.7, -0.01 ],
									"faces": {
										"north": { "texture": "#skin", "uv": [ 1.0, 36.0, 1.5, 36.5 ], "rotation": 180 },
										"east": { "texture": "#skin", "uv": [ 1.5, 36.5, 2.0, 37.0 ], "rotation": 90 },
										"west": { "texture": "#skin", "uv": [ 0.5, 36.5, 1.0, 37.0 ], "rotation": 270 },
										"up": { "texture": "#skin", "uv": [ 1.0, 36.5, 1.5, 37.0 ] },
										"down": { "texture": "#skin", "uv": [ 2.0, 36.5, 2.5, 37.0 ] }
									},
									"children": [
										{
											"name": "R Eye2",
											"from": [ 0.0, 0.2, 0.0 ],
											"to": [ 0.4, 0.4, 0.2 ],
											"unwrapMode": 5,
											"uv": [ 0.5, 34.0 ],
											"rotationOrigin": [ 0.0, 0.4, -0.1 ],
											"faces": {
												"north": { "texture": "#skin", "uv": [ 1.0, 34.0, 1.5, 34.5 ], "rotation": 180 },
												"east": { "texture": "#skin", "uv": [ 1.5, 34.5, 2.0, 35.0 ], "rotation": 90 },
												"west": { "texture": "#skin", "uv": [ 0.5, 34.5, 1.0, 35.0 ], "rotation": 270 },
												"up": { "texture": "#skin", "uv": [ 1.0, 34.5, 1.5, 35.0 ] },
												"down": { "texture": "#skin", "uv": [ 2.0, 34.5, 2.5, 35.0 ] }
											},
											"children": [
												{
													"name": "R Pupil",
													"from": [ -0.01, -0.1, -0.01 ],
													"to": [ 0.29, 0.1, 0.19 ],
													"unwrapMode": 5,
													"uv": [ 0.5, 38.0 ],
													"rotationOrigin": [ -0.01, -0.1, -0.01 ],
													"faces": {
														"north": { "texture": "#skin", "uv": [ 1.0, 38.0, 1.5, 38.5 ], "rotation": 180, "windMode": [-1,-1,-1,-1], "windData": [1,1,1,1] },
														"east": { "texture": "#skin", "uv": [ 1.5, 38.5, 2.0, 39.0 ], "rotation": 90 },
														"west": { "texture": "#skin", "uv": [ 0.5, 38.5, 1.0, 39.0 ], "rotation": 270 },
														"up": { "texture": "#skin", "uv": [ 1.0, 38.5, 1.5, 39.0 ] },
														"down": { "texture": "#skin", "uv": [ 2.0, 38.5, 2.5, 39.0 ] }
													}
												}
											]
										}
									]
								},
								{
									"name": "R Ear",
									"from": [ 1.3, 2.1, -0.6 ],
									"to": [ 1.5, 3.1, 0.5 ],
									"unwrapMode": 4,
									"uv": [ 0.5, 45.0 ],
									"rotationOrigin": [ 1.3, 2.1, 0.2 ],
									"rotationX": -90.0,
									"rotationY": -15.0,
									"faces": {
										"north": { "texture": "#skin", "uv": [ 0.5, 45.5, 1.0, 46.5 ] },
										"east": { "texture": "#skin", "uv": [ 2.5, 45.5, 3.5, 46.5 ] },
										"south": { "texture": "#skin", "uv": [ 2.0, 45.5, 2.5, 46.5 ], "windMode": [-1,-1,-1,-1], "windData": [1,1,1,1] },
										"west": { "texture": "#skin", "uv": [ 1.0, 45.5, 2.0, 46.5 ] },
										"up": { "texture": "#skin", "uv": [ 1.0, 45.0, 2.0, 45.5 ], "rotation": 90 },
										"down": { "texture": "#skin", "uv": [ 1.0, 46.5, 2.0, 47.0 ], "rotation": 90 }
									},
									"children": [
										{
											"name": "R Ear2",
											"from": [ 0.0, 1.0, 0.0 ],
											"to": [ 0.2, 2.1, 0.6 ],
											"unwrapMode": 4,
											"uv": [ 1.0, 42.5 ],
											"rotationOrigin": [ 0.2, 1.0, 0.0 ],
											"rotationX": 10.0,
											"rotationY": 1.0,
											"faces": {
												"north": { "texture": "#skin", "uv": [ 1.0, 43.0, 1.5, 44.0 ] },
												"east": { "texture": "#skin", "uv": [ 2.5, 43.0, 3.0, 44.0 ] },
												"south": { "texture": "#skin", "uv": [ 2.0, 43.0, 2.5, 44.0 ] },
												"west": { "texture": "#skin", "uv": [ 1.5, 43.0, 2.0, 44.0 ] },
												"up": { "texture": "#skin", "uv": [ 1.5, 42.5, 2.0, 43.0 ], "rotation": 90 },
												"down": { "texture": "#skin", "uv": [ 1.5, 44.0, 2.0, 44.5 ], "rotation": 90 }
											}
										},
										{
											"name": "R Ear3",
											"from": [ 0.0, 1.0, 0.6 ],
											"to": [ 0.2, 2.1, 1.1 ],
											"unwrapMode": 4,
											"uv": [ 3.5, 42.5 ],
											"rotationOrigin": [ 0.2, 1.0, 1.1 ],
											"rotationX": -8.0,
											"rotationY": -1.0,
											"faces": {
												"north": { "texture": "#skin", "uv": [ 3.5, 43.0, 4.0, 44.0 ] },
												"east": { "texture": "#skin", "uv": [ 5.0, 43.0, 5.5, 44.0 ] },
												"south": { "texture": "#skin", "uv": [ 4.5, 43.0, 5.0, 44.0 ] },
												"west": { "texture": "#skin", "uv": [ 4.0, 43.0, 4.5, 44.0 ] },
												"up": { "texture": "#skin", "uv": [ 4.0, 42.5, 4.5, 43.0 ], "rotation": 90 },
												"down": { "texture": "#skin", "uv": [ 4.0, 44.0, 4.5, 44.5 ], "rotation": 90 }
											}
										}
									]
								},
								{
									"name": "L Eye",
									"from": [ -0.01, 2.5, 2.51 ],
									"to": [ 0.39, 2.7, 2.71 ],
									"unwrapMode": 5,
									"uv": [ 0.5, 36.5 ],
									"rotationOrigin": [ -0.01, 2.7, 2.51 ],
									"faces": {
										"east": { "texture": "#skin", "uv": [ 1.5, 36.5, 2.0, 37.0 ], "rotation": 90 },
										"south": { "texture": "#skin", "uv": [ 1.0, 37.0, 1.5, 37.5 ] },
										"west": { "texture": "#skin", "uv": [ 0.5, 36.5, 1.0, 37.0 ], "rotation": 270 },
										"up": { "texture": "#skin", "uv": [ 1.0, 36.5, 1.5, 37.0 ] },
										"down": { "texture": "#skin", "uv": [ 2.0, 36.5, 2.5, 37.0 ] }
									},
									"children": [
										{
											"name": "L Eye2",
											"from": [ 0.0, 0.2, 0.0 ],
											"to": [ 0.4, 0.4, 0.2 ],
											"unwrapMode": 5,
											"uv": [ 0.5, 34.5 ],
											"rotationOrigin": [ 0.0, 0.5, -0.1 ],
											"faces": {
												"east": { "texture": "#skin", "uv": [ 1.5, 34.5, 2.0, 35.0 ], "rotation": 90 },
												"south": { "texture": "#skin", "uv": [ 1.0, 35.0, 1.5, 35.5 ] },
												"west": { "texture": "#skin", "uv": [ 0.5, 34.5, 1.0, 35.0 ], "rotation": 270 },
												"up": { "texture": "#skin", "uv": [ 1.0, 34.5, 1.5, 35.0 ] },
												"down": { "texture": "#skin", "uv": [ 2.0, 34.5, 2.5, 35.0 ] }
											},
											"children": [
												{
													"name": "L Pupil",
													"from": [ -0.01, -0.1, 0.01 ],
													"to": [ 0.29, 0.1, 0.21 ],
													"unwrapMode": 5,
													"uv": [ 0.5, 38.5 ],
													"rotationOrigin": [ -0.01, -0.1, 0.01 ],
													"faces": {
														"east": { "texture": "#skin", "uv": [ 1.5, 38.5, 2.0, 39.0 ], "rotation": 90 },
														"south": { "texture": "#skin", "uv": [ 1.0, 39.0, 1.5, 39.5 ] },
														"west": { "texture": "#skin", "uv": [ 0.5, 38.5, 1.0, 39.0 ], "rotation": 270 },
														"up": { "texture": "#skin", "uv": [ 1.0, 38.5, 1.5, 39.0 ] },
														"down": { "texture": "#skin", "uv": [ 2.0, 38.5, 2.5, 39.0 ] }
													}
												}
											]
										}
									]
								},
								{
									"name": "Jaw",
									"from": [ -2.2, -0.4, 0.6 ],
									"to": [ 1.4, 1.1, 2.1 ],
									"unwrapMode": 5,
									"unwrapRotation": 1,
									"uv": [ 18.5, 47.0 ],
									"rotationOrigin": [ 1.2, 0.5, 1.3 ],
									"rotationZ": -10.0,
									"faces": {
										"north": { "texture": "#skin", "uv": [ 18.5, 47.0, 20.0, 50.5 ], "rotation": 270 },
										"south": { "texture": "#skin", "uv": [ 21.5, 47.0, 23.0, 50.5 ], "rotation": 90 },
										"west": { "texture": "#skin", "uv": [ 20.0, 50.5, 21.5, 52.0 ] },
										"up": { "texture": "#skin", "uv": [ 20.0, 47.0, 21.5, 50.5 ], "rotation": 90 },
										"down": { "texture": "#skin", "uv": [ 23.0, 47.0, 24.5, 50.5 ], "rotation": 270 }
									},
									"children": [
										{
											"name": "Jaw2",
											"from": [ -0.9, 0.1, 0.1 ],
											"to": [ 0.6, 0.8, 1.4 ],
											"unwrapMode": 5,
											"unwrapRotation": 1,
											"uv": [ 10.5, 37.0 ],
											"rotationOrigin": [ 0.6, 0.5, 0.75 ],
											"rotationZ": -4.0,
											"faces": {
												"north": { "texture": "#skin", "uv": [ 10.5, 37.0, 11.0, 38.5 ], "rotation": 270 },
												"south": { "texture": "#skin", "uv": [ 12.0, 37.0, 12.5, 38.5 ], "rotation": 90 },
												"west": { "texture": "#skin", "uv": [ 11.0, 38.5, 12.0, 39.0 ] },
												"up": { "texture": "#skin", "uv": [ 11.0, 37.0, 12.0, 38.5 ], "rotation": 90 },
												"down": { "texture": "#skin", "uv": [ 12.5, 37.0, 13.5, 38.5 ], "rotation": 270 }
											}
										},
										{
											"name": "Tongue",
											"from": [ -0.4, 0.6, 0.4 ],
											"to": [ 0.9, 1.2, 1.1 ],
											"unwrapMode": 7,
											"unwrapRotation": 1,
											"uv": [ 0.5, 40.0 ],
											"rotationOrigin": [ 0.7, 1.1, 0.8 ],
											"rotationZ": 20.0,
											"faces": {
												"north": { "texture": "#skin", "uv": [ 1.5, 40.5, 2.0, 41.5 ], "rotation": 90 },
												"south": { "texture": "#skin", "uv": [ 0.5, 40.5, 1.0, 41.5 ], "rotation": 270 },
												"west": { "texture": "#skin", "uv": [ 1.0, 40.0, 1.5, 40.5 ], "rotation": 180 },
												"up": { "texture": "#skin", "uv": [ 1.0, 40.5, 1.5, 41.5 ], "rotation": 270 },
												"down": { "texture": "#skin", "uv": [ 2.0, 40.5, 2.5, 41.5 ], "rotation": 90 }
											}
										}
									]
								},
								{
									"name": "AntlerBase",
									"from": [ 0.8, 2.6, 1.35 ],
									"to": [ 0.8, 2.6, 1.35 ],
									"uv": [ 0.0, 0.0 ],
									"rotationOrigin": [ 0.8, 2.6, 1.35 ],
									"faces": {
									}
								}
							]
						}
					],
					"attachmentpoints": [
						{
							"code": "rope",
							"posX": "0.0","posY": "2.0","posZ": "1.1",
							"rotationX": "0.0","rotationY": "0.0","rotationZ": "0.0"
						}
					]
				}
			]
		}
	]}