[
  {
    "ingredientPattern": "BC,_R,_C",
    "width": 2,
    "height": 3,
    "shapeless": true,
    "ingredients": {
      "B": {
        "type": "item",
        "code": "schematic-woodwind"
      },
      "R": {
        "type": "item",
        "code": "instrumentreed-brass",
        "quantity": 10
      },
      "C": {
        "type": "item",
        "code": "harmonicacase-*",
        "name": "metal",
        "skipVariants": [ "silver", "gold"]
      }
    },
    "output": {
      "type": "item",
      "code": "harmonica-{metal}"
    }
  }
]