{
  "ingredientPattern": "BT_,KSK,PNP",
  "width": 3,
  "height": 3,
  "ingredients": {
    "B": {
      "type": "item",
      "code": "schematic-woodwind"
    },
    "T": {
      "type": "item",
      "code": "game:knife-*",
      "isTool": true,
      "toolDurabilityCost": 32
    },
    "K": {
      "type": "item",
      "code": "pianokeys",
      "quantity": 8
    },
    "P": {
      "type": "item",
      "code": "game:plank-*",
      "quantity": 2
    },
    "S": {
      "type": "item",
      "code": "instrumentreed-brass",
      "quantity": 32
    },
    "N": {
      "type": "item",
      "code": "game:metalnailsandstrips-*",
      "quantity": 1
    }
  },
  "output": {
    "type": "item",
    "code": "reedorgan"
  }
}