{
  "code": "rat",
  "class": "EntityAgent",
  "tags": [ "animal", "huntable", "adult", "habitat-land", "tamed" ],
  "variantgroups": [
    {
      "code": "tame",
      "states": [ "tamed" ]
    },
    {
      "code": "age",
      "states": [ "adult" ]
    },
    {
      "code": "gender",
      "states": [ "male", "female" ]
    }
  ],
  "canClimb": true,
  "hitboxSize": {
    "x": 0.75,
    "y": 0.5
  },
  "eyeHeight": 0.25,
  "attributes": {
    "tamed": true,
    "killedByInfoText": "deadcreature-killed",
    "creatureDiet": {
      "foodCategories": [ "Grain", "Fruit", "Vegetable" ],
      "weightedFoodTags": [
        {
          "weight": 0.8,
          "code": "grain"
        },
        {
          "weight": 0.6,
          "code": "fruitmash"
        },
        {
          "weight": 0.7,
          "code": "fruit"
        },
        {
          "weight": 0.8,
          "code": "sweetBerryBush"
        },
        {
          "weight": 0.5,
          "code": "nibbleCrop"
        },
        {
          "weight": 1,
          "code": "tastyvegetable"
        },
        {
          "weight": 1,
          "code": "seed"
        },
        {
          "weight": 0.3,
          "code": "cheese"
        }
      ]
    },
    "minGenerationToAllowHealing": 0,
    "handbook": {
      "groupcode": "creaturegroup-rat"
    }
  },
  "drops": [],
  "client": {
    "renderer": "Shape",
    "shape": { "base": "entity/animal/mammal/rat/rat" },
    "texture": {
      "base": "entity/animal/mammal/rat/rat-albino",
      "alternates": [
        { "base": "entity/animal/mammal/rat/rat-agouti" },
        { "base": "entity/animal/mammal/rat/rat-black" },
        { "base": "entity/animal/mammal/rat/rat-chocolate" },
        { "base": "entity/animal/mammal/rat/rat-blue-agouti" },
        { "base": "entity/animal/mammal/rat/rat-chinchilla" },
        { "base": "entity/animal/mammal/rat/rat-cinnamon" },
        { "base": "entity/animal/mammal/rat/rat-lynx" },
        { "base": "entity/animal/mammal/rat/rat-blue" },
        { "base": "entity/animal/mammal/rat/rat-silver-blue" },
        { "base": "entity/animal/mammal/rat/rat-cocoa" }
      ]
    },
    "size": 0.75,
    "behaviors": [
      {
        "code": "repulseagents"
      },
      {
        "code": "controlledphysics",
        "stepHeight": 1.1251,
        "climbUpSpeed": 0.1,
        "climbDownSpeed": 0.1
      },
      {
        "code": "floatupwhenstuck",
        "onlyWhenDead": true
      },
      {
        "code": "interpolateposition"
      },
      {
        "code": "harvestable"
      },
      {
        "code": "mouthinventory",
        "acceptStacks": [
          {
            "type": "item",
            "code": "fruit-blueberry"
          }
        ]
      },
      {
        "code": "genelib.multiply",
        "enabledByType": {
          "*-adult-female": true,
          "*": false
        }
      },
      {
        "code": "genelib.genetics",
        "genomeType": "rats:rat"
      },
      {
        "code": "genelib.info",
        "showtagonlywhentargeted": true
      }
    ],
    "animations": [
      {
        "code": "hurt",
        "animation": "hurt",
        "animationSpeed": 2.2,
        "weight": 10,
        "blendMode": "AddAverage"
      },
      {
        "code": "dig",
        "animation": "dig",
        "animationSpeed": 1
      },
      {
        "code": "longdig",
        "animation": "longdig",
        "animationSpeed": 1
      },
      {
        "code": "die",
        "animation": "death",
        "animationSpeed": 1.25,
        "weight": 10,
        "blendMode": "Average",
        "triggeredBy": { "onControls": [ "dead" ] }
      },
      {
        "code": "idle",
        "animation": "idle",
        "blendMode": "AddAverage",
        "easeOutSpeed": 4,
        "triggeredBy": { "defaultAnim": true }
      },
      {
        "code": "sleep",
        "animation": "sleep",
        "easeInSpeed": 4,
        "easeOutSpeed": 4,
        "blendMode": "Average"
      },
      {
        "code": "sit",
        "animation": "sit",
        "easeInSpeed": 4,
        "easeOutSpeed": 4,
        "blendMode": "Average"
      }
    ]
  },
  "server": {
    "behaviors": [
      { "code": "repulseagents" },
      {
        "code": "controlledphysics",
        "stepHeight": 1.1251,
        "climbUpSpeed": 0.1,
        "climbDownSpeed": 0.1
      },
      {
        "code": "health",
        "currenthealth": 5,
        "maxhealth": 5
      },
      {
        "code": "deaddecay",
        "hoursToDecay": 96,
        "decayedBlock": "carcass-tiny"
      },
      {
        "code": "floatupwhenstuck",
        "onlyWhenDead": true
      },
      {
        "code": "harvestable",
        "drops": [
          {
            "type": "item",
            "code": "bushmeat-raw",
            "quantity": {
              "avg": 1,
              "var": 0
            }
          }
        ]
      },
      { "code": "breathe" },
      {
        "code": "genelib.multiply",
        "enabledByType": {
          "*-adult-female": true,
          "*": false
        },
        "spawnEntityCodes": [
          { "code": "rats:rat-baby-male" },
          { "code": "rats:rat-baby-female" }
        ],
        "sireCodes": [ "rat-adult-male", "rat-tamed-adult-male" ],
        "requiresNearbyEntityRange": 10,
        "spawnQuantityMin": 2,
        "spawnQuantityMax": 4,
        "eatAnyway": true,
        "pregnancyDays": 1,
        "multiplyCooldownDaysMin": 2,
        "multiplyCooldownDaysMax": 4,
        "portionsEatenForMultiply": 2
      },
      {
        "code": "emotionstates",
        "states": [
          {
            "code": "aggressiveondamage",
            "duration": 10,
            "chance": 0.3,
            "slot": 0,
            "priority": 2,
            "accumType": "noaccum"
          },
          {
            "code": "fleeondamage",
            "duration": 25,
            "chance": 1,
            "slot": 0,
            "priority": 1,
            "accumType": "max"
          },
          {
            "code": "saturated",
            "duration": 1200,
            "chance": 1,
            "slot": 0,
            "priority": 1,
            "accumType": "sum"
          }
        ]
      },
      {
        "code": "taskai",
        "aiCreatureType": "LandCreature",
        "aitasks": [
          {
            "code": "meleeattack",
            "entityCodes": [ "fox-*" ],
            "priority": 3,
            "damage": 1,
            "slot": 1,
            "mincooldown": 1500,
            "maxcooldown": 4500,
            "attackDurationMs": 1000,
            "damagePlayerAtMs": 500,
            "animation": "Attack",
            "animationSpeed": 1.5,
            "damageType": "PiercingAttack",
            "whenInEmotionState": "aggressiveondamage"
          },
          {
            "code": "seekentity",
            "entityCodes": [ "fox-*" ],
            "priority": 2.5,
            "movespeed": 0.022,
            "seekingRange": 20,
            "animation": "Run",
            "animationSpeed": 1.5,
            "sound": "creature/rat/rat-aggro",
            "whenInEmotionState": "aggressiveondamage"
          },
          {
            "code": "stayclosetoentity",
            "priority": 0.7,
            "movespeed": 0.015,
            "entityCode": "player",
            "animationSpeed": 2,
            "maxDistance": 5,
            "searchRange": 15,
            "animation": "Walk",
            "whenNotInEmotionState": "aggressiveondamage"
          },
          {
            "code": "fleeentity",
            "entityCodes": [ "wolf-*", "fox-*", "hyena-*", "bear-*" ],
            "priority": 2,
            "movespeed": 0.06,
            "seekingRange": 14,
            "instafleeOnDamageChance": 1,
            "animation": "Run",
            "animationSpeed": 2
          },
          {
            "code": "followleadholder",
            "minGeneration": 2,
            "priority": 1.45,
            "animation": "walk",
            "animationSpeed": 2,
            "movespeed": 0.015
          },
          {
            "code": "getoutofwater",
            "priority": 1.4,
            "movespeed": 0.015,
            "animation": "Walk",
            "animationSpeed": 2.2
          },
          {
            "code": "idle",
            "priority": 1.38,
            "minduration": 200000,
            "maxduration": 800000,
            "mincooldown": 10000,
            "maxcooldown": 30000,
            "priorityForCancel": 1.38,
            "animation": "Sleep",
            "whenNotInEmotionState": "aggressiveondamage",
            "duringDayTimeFrames": [
              {
                "fromHour": 10,
                "toHour": 16
              },
              {
                "fromHour": 1,
                "toHour": 4
              }
            ],
            "stopOnNearbyEntityCodes": [ "wolf-*", "fox-*", "hyena-*", "bear-*" ],
            "stopRange": 8,
            "stopOnHurt": true
          },
          {
            "code": "seekfoodandeat",
            "movespeed": 0.010,
            "priority": 1.25,
            "eatTime": 2.3,
            "eatLooseItems": true,
            "animationSpeed": 1.4,
            "animation": "Walk",
            "eatAnimation": "longdig",
            "mincooldownHours": 1,
            "maxcooldownHours": 4
          },
          {
            "code": "useinventory",
            "animation": "Sit",
            "priority": 1.5,
            "priorityForCancel": 1.7,
            "eatItemCategories": [ "Fruit" ],
            "useTime": 3,
            "mincooldownHours": 0,
            "maxcooldownHours": 0.5
          },
          {
            "code": "idle",
            "priority": 1.2,
            "priorityForCancel": 1.35,
            "minduration": 2500,
            "maxduration": 2500,
            "mincooldown": 6000,
            "maxcooldown": 20000,
            "animation": "Sniff",
            "animationSpeed": 1.25
          },
          {
            "code": "idle",
            "priority": 1.1,
            "priorityForCancel": 1.35,
            "minduration": 2500,
            "maxduration": 2500,
            "mincooldown": 6000,
            "maxcooldown": 20000,
            "animation": "Dig",
            "animationSpeed": 1
          },
          {
            "code": "idle",
            "priority": 1.1,
            "priorityForCancel": 1.35,
            "minduration": 2500,
            "maxduration": 2500,
            "mincooldown": 12000,
            "maxcooldown": 40000,
            "animation": "longDig",
            "animationSpeed": 1
          },
          {
            "code": "idle",
            "priority": 1.1,
            "minduration": 1000,
            "maxduration": 3000,
            "mincooldown": 2000,
            "maxcooldown": 30000,
            "animation": "Idle"
          },
          {
            "code": "wander",
            "priority": 1.0,
            "priorityForCancel": 1.35,
            "movespeed": 0.01,
            "animation": "Walk",
            "preferredLightLevel": 20
          },
          {
            "code": "idle",
            "priority": 0.9,
            "minduration": 5000,
            "maxduration": 30000,
            "mincooldown": 2000,
            "maxcooldown": 120000,
            "priorityForCancel": 1.28,
            "animation": "Sit"
          },
          {
            "code": "lookaround",
            "priority": 0.5
          }
        ]
      },
      { "code": "collectitems" },
      {
        "code": "mouthinventory",
        "acceptStacks": [
          {
            "type": "item",
            "code": "fruit-blueberry"
          },
          {
            "type": "item",
            "code": "fruit-cranberry"
          },
          {
            "type": "item",
            "code": "fruit-redcurrant"
          },
          {
            "type": "item",
            "code": "fruit-whitecurrant"
          },
          {
            "type": "item",
            "code": "fruit-blackcurrant"
          }
        ]
      },
      { "code": "entitystatetags" },
      {
        "code": "genelib.genetics",
        "genomeType": "rats:rat"
      },
      {
        "code": "genelib.info",
        "showtagonlywhentargeted": true
      }
    ],
    "sounds": {
      "hurt": "creature/rat/rat-hurt",
      "death": "creature/rat/rat-hurt",
      "idle": "creature/rat/rat-idle"
    },
    "idleSoundChance": 0.02
  }
}