[
	{
		"ingredientPattern": "CDC,_A_,CDC",
		"ingredients": {
			"A": { "type": "item", "code": "game:arrow-flint" },
			"C": { "type": "item", "code": "game:stick" },
			"D": { "type": "item", "code": "game:plank-*", "name": "wood" }
		},
		"width": 3,
		"height": 3,
		"shapeless": false,
		"output": { "type": "block", "code": "arrowbarrels:arrowbarrel", "attributes": { "fillState": "empty", "type": "wood-{wood}" } }
	},
	{
		"ingredientPattern": "CDC,DSD,CDC",
		"ingredients": {
			"S": { "type": "item", "code": "game:spear-generic-flint" },
			"C": { "type": "item", "code": "game:stick" },
			"D": { "type": "item", "code": "game:plank-*", "name": "wood" }
		},
		"width": 3,
		"height": 3,
		"shapeless": false,
		"output": { "type": "block", "code": "arrowbarrels:spearbarrel", "attributes": { "fillState": "empty", "type": "wood-{wood}" } }
	},
	{
		"ingredientPattern": "CDC,_C_,CDC",
		"ingredients": {
			"C": { "type": "item", "code": "game:stick" },
			"D": { "type": "item", "code": "game:plank-*", "name": "wood" }
		},
		"width": 3,
		"height": 3,
		"shapeless": false,
		"output": { "type": "block", "code": "arrowbarrels:stickbarrel", "attributes": { "fillState": "empty", "type": "wood-{wood}" } }
	}
]