{
	"editor": {
		"backDropShape": "entity/bovinae/bubaluscebuensis/adult",
		"collapsedPaths": "",
		"allAngles": true,
		"entityTextureMode": true
	},
	"textureWidth": 40,
	"textureHeight": 44,
	"textureSizes": {
		"skin": [40,44]
	},
	"textures": {
		"skin": "entity/bovinae/bubaluscebuensis-male"
	},
	"elements": [
		{
			"name": "RHorn1",
			"stepParentName": "AntlerBase",
			"from": [ 0.0, 0.2, -0.9 ],
			"to": [ 0.8, 1.2, -0.1 ],
			"unwrapMode": 2,
			"uv": [ 36.5, 21.5 ],
			"rotationOrigin": [ 0.4, 0.2, -0.5 ],
			"rotationX": -83.0,
			"rotationY": -3.0,
			"rotationZ": -35.0,
			"faces": {
				"north": { "texture": "#skin", "uv": [ 37.5, 22.0, 38.0, 23.0 ] },
				"east": { "texture": "#skin", "uv": [ 37.0, 22.0, 37.5, 23.0 ] },
				"south": { "texture": "#skin", "uv": [ 36.5, 22.0, 37.0, 23.0 ] },
				"west": { "texture": "#skin", "uv": [ 38.0, 22.0, 38.5, 23.0 ] },
				"up": { "texture": "#skin", "uv": [ 37.0, 21.5, 37.5, 22.0 ], "rotation": 270 }
			},
			"children": [
				{
					"name": "RHorn2",
					"from": [ 0.05, 0.9, 0.0 ],
					"to": [ 0.75, 1.4, 0.7 ],
					"unwrapMode": 2,
					"uv": [ 36.5, 21.0 ],
					"rotationOrigin": [ 0.4, 0.9, 0.4 ],
					"rotationX": 1.0,
					"rotationY": -1.0,
					"rotationZ": -15.0,
					"faces": {
						"north": { "texture": "#skin", "uv": [ 37.5, 21.5, 38.0, 22.0 ] },
						"east": { "texture": "#skin", "uv": [ 37.0, 21.5, 37.5, 22.0 ] },
						"south": { "texture": "#skin", "uv": [ 36.5, 21.5, 37.0, 22.0 ] },
						"west": { "texture": "#skin", "uv": [ 38.0, 21.5, 38.5, 22.0 ] },
						"up": { "texture": "#skin", "uv": [ 37.0, 21.0, 37.5, 21.5 ], "rotation": 270 }
					},
					"children": [
						{
							"name": "RHorn3",
							"from": [ 0.0, 0.4, 0.0 ],
							"to": [ 0.7, 0.9, 0.7 ],
							"unwrapMode": 2,
							"uv": [ 36.5, 20.5 ],
							"rotationOrigin": [ 0.3, 0.4, 0.3 ],
							"rotationY": 1.0,
							"rotationZ": -15.0,
							"faces": {
								"north": { "texture": "#skin", "uv": [ 37.5, 21.0, 38.0, 21.5 ] },
								"east": { "texture": "#skin", "uv": [ 37.0, 21.0, 37.5, 21.5 ] },
								"south": { "texture": "#skin", "uv": [ 36.5, 21.0, 37.0, 21.5 ] },
								"west": { "texture": "#skin", "uv": [ 38.0, 21.0, 38.5, 21.5 ] },
								"up": { "texture": "#skin", "uv": [ 37.0, 20.5, 37.5, 21.0 ], "rotation": 270 }
							},
							"children": [
								{
									"name": "RHorn4",
									"from": [ 0.05, 0.3, 0.0 ],
									"to": [ 0.65, 0.8, 0.6 ],
									"unwrapMode": 3,
									"uv": [ 36.5, 20.0 ],
									"rotationOrigin": [ 0.3, 0.3, 0.3 ],
									"rotationX": 4.0,
									"rotationY": 1.0,
									"rotationZ": -12.0,
									"faces": {
										"north": { "texture": "#skin", "uv": [ 38.0, 20.5, 38.5, 21.0 ] },
										"east": { "texture": "#skin", "uv": [ 37.5, 20.5, 38.0, 21.0 ] },
										"south": { "texture": "#skin", "uv": [ 37.0, 20.5, 37.5, 21.0 ] },
										"west": { "texture": "#skin", "uv": [ 36.5, 20.5, 37.0, 21.0 ] },
										"up": { "texture": "#skin", "uv": [ 37.0, 20.0, 37.5, 20.5 ] }
									},
									"children": [
										{
											"name": "RHorn5",
											"from": [ 0.0, 0.4, 0.0 ],
											"to": [ 0.6, 0.9, 0.6 ],
											"unwrapMode": 1,
											"uv": [ 36.5, 19.5 ],
											"rotationOrigin": [ 0.3, 0.4, 0.3 ],
											"rotationX": 5.0,
											"rotationY": 1.0,
											"rotationZ": -12.0,
											"faces": {
												"north": { "texture": "#skin", "uv": [ 37.0, 20.0, 37.5, 20.5 ] },
												"east": { "texture": "#skin", "uv": [ 36.5, 20.0, 37.0, 20.5 ] },
												"south": { "texture": "#skin", "uv": [ 38.0, 20.0, 38.5, 20.5 ] },
												"west": { "texture": "#skin", "uv": [ 37.5, 20.0, 38.0, 20.5 ] },
												"up": { "texture": "#skin", "uv": [ 37.0, 19.5, 37.5, 20.0 ], "rotation": 180 }
											},
											"children": [
												{
													"name": "RHorn6",
													"from": [ 0.0, 0.4, 0.1 ],
													"to": [ 0.4, 0.9, 0.5 ],
													"unwrapMode": 1,
													"uv": [ 36.5, 19.0 ],
													"rotationOrigin": [ 0.2, 0.4, 0.3 ],
													"rotationX": 1.0,
													"rotationY": 1.0,
													"rotationZ": -18.0,
													"faces": {
														"north": { "texture": "#skin", "uv": [ 37.0, 19.5, 37.5, 20.0 ] },
														"east": { "texture": "#skin", "uv": [ 36.5, 19.5, 37.0, 20.0 ] },
														"south": { "texture": "#skin", "uv": [ 38.0, 19.5, 38.5, 20.0 ] },
														"west": { "texture": "#skin", "uv": [ 37.5, 19.5, 38.0, 20.0 ] },
														"up": { "texture": "#skin", "uv": [ 37.0, 19.0, 37.5, 19.5 ], "rotation": 180 }
													},
													"children": [
														{
															"name": "RHorn7",
															"from": [ 0.05, 0.4, 0.1 ],
															"to": [ 0.35, 0.9, 0.4 ],
															"unwrapMode": 1,
															"uv": [ 36.5, 18.5 ],
															"rotationOrigin": [ 0.2, 0.4, 0.2 ],
															"rotationX": 1.0,
															"rotationY": 1.0,
															"rotationZ": -18.0,
															"faces": {
																"north": { "texture": "#skin", "uv": [ 37.0, 19.0, 37.5, 19.5 ] },
																"east": { "texture": "#skin", "uv": [ 36.5, 19.0, 37.0, 19.5 ] },
																"south": { "texture": "#skin", "uv": [ 38.0, 19.0, 38.5, 19.5 ] },
																"west": { "texture": "#skin", "uv": [ 37.5, 19.0, 38.0, 19.5 ] },
																"up": { "texture": "#skin", "uv": [ 37.0, 18.5, 37.5, 19.0 ], "rotation": 180 }
															},
															"children": [
																{
																	"name": "RHorn8",
																	"from": [ 0.05, 0.4, 0.1 ],
																	"to": [ 0.25, 0.7, 0.3 ],
																	"unwrapMode": 1,
																	"uv": [ 36.5, 18.0 ],
																	"rotationOrigin": [ 0.1, 0.4, 0.1 ],
																	"rotationX": 1.0,
																	"rotationY": 1.0,
																	"rotationZ": -5.0,
																	"faces": {
																		"north": { "texture": "#skin", "uv": [ 37.0, 18.5, 37.5, 19.0 ] },
																		"east": { "texture": "#skin", "uv": [ 36.5, 18.5, 37.0, 19.0 ] },
																		"south": { "texture": "#skin", "uv": [ 38.0, 18.5, 38.5, 19.0 ] },
																		"west": { "texture": "#skin", "uv": [ 37.5, 18.5, 38.0, 19.0 ] },
																		"up": { "texture": "#skin", "uv": [ 37.0, 18.0, 37.5, 18.5 ], "rotation": 180 }
																	}
																}
															]
														}
													]
												}
											]
										}
									]
								}
							]
						}
					]
				}
			]
		},
		{
			"name": "LHorn1",
			"stepParentName": "AntlerBase",
			"from": [ 0.0, 0.2, 0.2 ],
			"to": [ 0.8, 1.2, 1.0 ],
			"unwrapMode": 2,
			"uv": [ 34.5, 21.5 ],
			"rotationOrigin": [ 0.4, 0.2, 0.6 ],
			"rotationX": 83.0,
			"rotationY": 3.0,
			"rotationZ": -35.0,
			"faces": {
				"north": { "texture": "#skin", "uv": [ 35.5, 22.0, 36.0, 23.0 ] },
				"east": { "texture": "#skin", "uv": [ 35.0, 22.0, 35.5, 23.0 ] },
				"south": { "texture": "#skin", "uv": [ 34.5, 22.0, 35.0, 23.0 ] },
				"west": { "texture": "#skin", "uv": [ 36.0, 22.0, 36.5, 23.0 ] },
				"up": { "texture": "#skin", "uv": [ 35.0, 21.5, 35.5, 22.0 ], "rotation": 270 }
			},
			"children": [
				{
					"name": "LHorn2",
					"from": [ 0.05, 0.9, 0.0 ],
					"to": [ 0.75, 1.4, 0.7 ],
					"unwrapMode": 2,
					"uv": [ 34.5, 21.0 ],
					"rotationOrigin": [ 0.4, 0.9, 0.4 ],
					"rotationX": -1.0,
					"rotationY": 1.0,
					"rotationZ": -15.0,
					"faces": {
						"north": { "texture": "#skin", "uv": [ 35.5, 21.5, 36.0, 22.0 ] },
						"east": { "texture": "#skin", "uv": [ 35.0, 21.5, 35.5, 22.0 ] },
						"south": { "texture": "#skin", "uv": [ 34.5, 21.5, 35.0, 22.0 ] },
						"west": { "texture": "#skin", "uv": [ 36.0, 21.5, 36.5, 22.0 ] },
						"up": { "texture": "#skin", "uv": [ 35.0, 21.0, 35.5, 21.5 ], "rotation": 270 }
					},
					"children": [
						{
							"name": "LHorn3",
							"from": [ 0.0, 0.4, 0.0 ],
							"to": [ 0.7, 0.9, 0.7 ],
							"unwrapMode": 2,
							"uv": [ 34.5, 20.5 ],
							"rotationOrigin": [ 0.3, 0.4, 0.3 ],
							"rotationY": -1.0,
							"rotationZ": -15.0,
							"faces": {
								"north": { "texture": "#skin", "uv": [ 35.5, 21.0, 36.0, 21.5 ] },
								"east": { "texture": "#skin", "uv": [ 35.0, 21.0, 35.5, 21.5 ] },
								"south": { "texture": "#skin", "uv": [ 34.5, 21.0, 35.0, 21.5 ] },
								"west": { "texture": "#skin", "uv": [ 36.0, 21.0, 36.5, 21.5 ] },
								"up": { "texture": "#skin", "uv": [ 35.0, 20.5, 35.5, 21.0 ], "rotation": 270 }
							},
							"children": [
								{
									"name": "LHorn4",
									"from": [ 0.05, 0.3, 0.0 ],
									"to": [ 0.65, 0.8, 0.6 ],
									"unwrapMode": 1,
									"uv": [ 34.5, 20.0 ],
									"rotationOrigin": [ 0.3, 0.3, 0.3 ],
									"rotationX": -4.0,
									"rotationY": -1.0,
									"rotationZ": -12.0,
									"faces": {
										"north": { "texture": "#skin", "uv": [ 35.0, 20.5, 35.5, 21.0 ] },
										"east": { "texture": "#skin", "uv": [ 34.5, 20.5, 35.0, 21.0 ] },
										"south": { "texture": "#skin", "uv": [ 36.0, 20.5, 36.5, 21.0 ] },
										"west": { "texture": "#skin", "uv": [ 35.5, 20.5, 36.0, 21.0 ] },
										"up": { "texture": "#skin", "uv": [ 35.0, 20.0, 35.5, 20.5 ], "rotation": 180 }
									},
									"children": [
										{
											"name": "LHorn5",
											"from": [ 0.0, 0.4, 0.0 ],
											"to": [ 0.6, 0.9, 0.6 ],
											"unwrapMode": 3,
											"uv": [ 34.5, 19.5 ],
											"rotationOrigin": [ 0.3, 0.4, 0.3 ],
											"rotationX": -5.0,
											"rotationY": -1.0,
											"rotationZ": -12.0,
											"faces": {
												"north": { "texture": "#skin", "uv": [ 36.0, 20.0, 36.5, 20.5 ] },
												"east": { "texture": "#skin", "uv": [ 35.5, 20.0, 36.0, 20.5 ] },
												"south": { "texture": "#skin", "uv": [ 35.0, 20.0, 35.5, 20.5 ] },
												"west": { "texture": "#skin", "uv": [ 34.5, 20.0, 35.0, 20.5 ] },
												"up": { "texture": "#skin", "uv": [ 35.0, 19.5, 35.5, 20.0 ] }
											},
											"children": [
												{
													"name": "LHorn6",
													"from": [ 0.0, 0.4, 0.1 ],
													"to": [ 0.4, 0.9, 0.5 ],
													"unwrapMode": 3,
													"uv": [ 34.5, 19.0 ],
													"rotationOrigin": [ 0.2, 0.4, 0.3 ],
													"rotationX": -1.0,
													"rotationY": -1.0,
													"rotationZ": -18.0,
													"faces": {
														"north": { "texture": "#skin", "uv": [ 36.0, 19.5, 36.5, 20.0 ] },
														"east": { "texture": "#skin", "uv": [ 35.5, 19.5, 36.0, 20.0 ] },
														"south": { "texture": "#skin", "uv": [ 35.0, 19.5, 35.5, 20.0 ] },
														"west": { "texture": "#skin", "uv": [ 34.5, 19.5, 35.0, 20.0 ] },
														"up": { "texture": "#skin", "uv": [ 35.0, 19.0, 35.5, 19.5 ] }
													},
													"children": [
														{
															"name": "LHorn7",
															"from": [ 0.05, 0.4, 0.1 ],
															"to": [ 0.35, 0.9, 0.4 ],
															"unwrapMode": 3,
															"uv": [ 34.5, 18.5 ],
															"rotationOrigin": [ 0.2, 0.4, 0.2 ],
															"rotationX": -1.0,
															"rotationY": -1.0,
															"rotationZ": -18.0,
															"faces": {
																"north": { "texture": "#skin", "uv": [ 36.0, 19.0, 36.5, 19.5 ] },
																"east": { "texture": "#skin", "uv": [ 35.5, 19.0, 36.0, 19.5 ] },
																"south": { "texture": "#skin", "uv": [ 35.0, 19.0, 35.5, 19.5 ] },
																"west": { "texture": "#skin", "uv": [ 34.5, 19.0, 35.0, 19.5 ] },
																"up": { "texture": "#skin", "uv": [ 35.0, 18.5, 35.5, 19.0 ] }
															},
															"children": [
																{
																	"name": "LHorn8",
																	"from": [ 0.05, 0.4, 0.1 ],
																	"to": [ 0.25, 0.7, 0.3 ],
																	"unwrapMode": 3,
																	"uv": [ 34.5, 18.0 ],
																	"rotationOrigin": [ 0.1, 0.4, 0.1 ],
																	"rotationX": -1.0,
																	"rotationY": -1.0,
																	"rotationZ": -5.0,
																	"faces": {
																		"north": { "texture": "#skin", "uv": [ 36.0, 18.5, 36.5, 19.0 ] },
																		"east": { "texture": "#skin", "uv": [ 35.5, 18.5, 36.0, 19.0 ] },
																		"south": { "texture": "#skin", "uv": [ 35.0, 18.5, 35.5, 19.0 ] },
																		"west": { "texture": "#skin", "uv": [ 34.5, 18.5, 35.0, 19.0 ] },
																		"up": { "texture": "#skin", "uv": [ 35.0, 18.0, 35.5, 18.5 ] }
																	}
																}
															]
														}
													]
												}
											]
										}
									]
								}
							]
						}
					]
				}
			]
		}
	],
	"animations": [
	]
}