{
	"editor": {
		"allAngles": true,
		"entityTextureMode": false
	},
	"textureWidth": 8,
	"textureHeight": 8,
	"textureSizes": {
	},
	"textures": {
		"plain": "block/leather/plain",
		"bone": "block/bone"
	},
	"elements": [
		{
			"name": "bone",
			"stepParentName": "UpperTorso",
			"from": [ 2.0, 5.0, 3.0 ], 
			"to": [ 2.0, 5.0, 3.0 ], 
			"rotationOrigin": [ 2.0, 5.0, 3.0 ],
			"faces": {
				"north": { "texture": "#plain", "uv": [ 0.0, 0.0, 0.5, 0.5 ], "enabled": false },
				"east": { "texture": "#plain", "uv": [ 0.0, 0.0, 0.5, 0.5 ], "enabled": false },
				"south": { "texture": "#plain", "uv": [ 0.0, 0.0, 0.5, 0.5 ], "enabled": false },
				"west": { "texture": "#plain", "uv": [ 0.0, 0.0, 0.5, 0.5 ], "enabled": false },
				"up": { "texture": "#plain", "uv": [ 0.0, 0.0, 0.5, 0.5 ], "enabled": false },
				"down": { "texture": "#plain", "uv": [ 0.0, 0.0, 0.5, 0.5 ], "enabled": false }
			},
			"children": [
				{
					"name": "string back",
					"from": [ 2.2, 0.2, -1.4 ], 
					"to": [ 2.4, 0.4, 1.6 ], 
					"rotationOrigin": [ 2.3, 0.3, 0.1 ],
					"rotationZ": 45.0,
					"faces": {
						"north": { "texture": "#plain", "uv": [ 0.0, 0.0, 0.25, 0.25 ] },
						"east": { "texture": "#plain", "uv": [ 0.0, 0.0, 3.0, 0.25 ] },
						"south": { "texture": "#plain", "uv": [ 0.0, 0.0, 0.25, 0.25 ] },
						"west": { "texture": "#plain", "uv": [ 0.0, 0.0, 3.0, 0.25 ] },
						"up": { "texture": "#plain", "uv": [ 0.0, 0.0, 0.25, 3.0 ] },
						"down": { "texture": "#plain", "uv": [ 0.0, 0.0, 0.25, 3.0 ] }
					}
				},
				{
					"name": "string R2",
					"from": [ -1.0, 0.2, -1.5 ], 
					"to": [ 2.3, 0.4, -1.3 ], 
					"rotationOrigin": [ 0.4, 0.3, -1.4 ],
					"rotationX": 45.0,
					"faces": {
						"north": { "texture": "#plain", "uv": [ 0.0, 0.0, 3.25, 0.25 ] },
						"east": { "texture": "#plain", "uv": [ 0.0, 0.0, 0.25, 0.25 ] },
						"south": { "texture": "#plain", "uv": [ 0.0, 0.0, 3.25, 0.25 ] },
						"west": { "texture": "#plain", "uv": [ 0.0, 0.0, 0.25, 0.25 ] },
						"up": { "texture": "#plain", "uv": [ 0.0, 0.0, 3.25, 0.25 ] },
						"down": { "texture": "#plain", "uv": [ 0.0, 0.0, 3.25, 0.25 ] }
					}
				},
				{
					"name": "string L2",
					"from": [ -1.0, 0.2, 1.5 ], 
					"to": [ 2.3, 0.4, 1.7 ], 
					"rotationOrigin": [ 0.4, 0.3, 1.6 ],
					"rotationX": 45.0,
					"faces": {
						"north": { "texture": "#plain", "uv": [ 0.0, 0.0, 3.25, 0.25 ] },
						"east": { "texture": "#plain", "uv": [ 0.0, 0.0, 0.25, 0.25 ] },
						"south": { "texture": "#plain", "uv": [ 0.0, 0.0, 3.25, 0.25 ] },
						"west": { "texture": "#plain", "uv": [ 0.0, 0.0, 0.25, 0.25 ] },
						"up": { "texture": "#plain", "uv": [ 0.0, 0.0, 3.25, 0.25 ] },
						"down": { "texture": "#plain", "uv": [ 0.0, 0.0, 3.25, 0.25 ] }
					}
				},
				{
					"name": "string R3",
					"from": [ -2.3, -0.1, -1.0 ], 
					"to": [ -0.8, 0.1, -0.8 ], 
					"rotationOrigin": [ -1.8, 0.0, -0.9 ],
					"rotationY": 33.0,
					"rotationZ": 17.0,
					"faces": {
						"north": { "texture": "#plain", "uv": [ 0.0, 0.0, 1.5, 0.25 ] },
						"east": { "texture": "#plain", "uv": [ 0.0, 0.0, 0.25, 0.25 ] },
						"south": { "texture": "#plain", "uv": [ 0.0, 0.0, 1.5, 0.25 ] },
						"west": { "texture": "#plain", "uv": [ 0.0, 0.0, 0.25, 0.25 ] },
						"up": { "texture": "#plain", "uv": [ 0.0, 0.0, 1.5, 0.25 ] },
						"down": { "texture": "#plain", "uv": [ 0.0, 0.0, 1.5, 0.25 ] }
					}
				},
				{
					"name": "string L3",
					"from": [ -2.3, -0.1, 1.0 ], 
					"to": [ -0.8, 0.1, 1.2 ], 
					"rotationOrigin": [ -1.8, 0.0, 1.1 ],
					"rotationY": -33.0,
					"rotationZ": 17.0,
					"faces": {
						"north": { "texture": "#plain", "uv": [ 0.0, 0.0, 1.5, 0.25 ] },
						"east": { "texture": "#plain", "uv": [ 0.0, 0.0, 0.25, 0.25 ] },
						"south": { "texture": "#plain", "uv": [ 0.0, 0.0, 1.5, 0.25 ] },
						"west": { "texture": "#plain", "uv": [ 0.0, 0.0, 0.25, 0.25 ] },
						"up": { "texture": "#plain", "uv": [ 0.0, 0.0, 1.5, 0.25 ] },
						"down": { "texture": "#plain", "uv": [ 0.0, 0.0, 1.5, 0.25 ] }
					}
				},
				{
					"name": "string L1",
					"from": [ -2.6457, -1.0799, 0.2085 ], 
					"to": [ -2.4457, 0.1201, 0.4085 ], 
					"rotationOrigin": [ -2.5457, -0.8799, 0.3085 ],
					"rotationX": 48.451,
					"rotationY": 27.226,
					"rotationZ": -25.146,
					"faces": {
						"north": { "texture": "#plain", "uv": [ 0.0, 0.0, 0.25, 1.0 ] },
						"east": { "texture": "#plain", "uv": [ 0.0, 0.0, 0.25, 1.0 ] },
						"south": { "texture": "#plain", "uv": [ 0.0, 0.0, 0.25, 1.0 ] },
						"west": { "texture": "#plain", "uv": [ 0.0, 0.0, 0.25, 1.0 ] },
						"up": { "texture": "#plain", "uv": [ 0.0, 0.0, 0.25, 0.25 ] },
						"down": { "texture": "#plain", "uv": [ 0.0, 0.0, 0.25, 0.25 ], "enabled": false }
					}
				},
				{
					"name": "string R1",
					"from": [ -2.6345, -1.0985, -0.2196 ], 
					"to": [ -2.4345, 0.2015, -0.0196 ], 
					"rotationOrigin": [ -2.5345, -0.7985, -0.1196 ],
					"rotationX": -12.47,
					"rotationY": 47.177,
					"rotationZ": -36.443,
					"faces": {
						"north": { "texture": "#plain", "uv": [ 0.0, 0.0, 0.25, 1.25 ] },
						"east": { "texture": "#plain", "uv": [ 0.0, 0.0, 0.25, 1.25 ] },
						"south": { "texture": "#plain", "uv": [ 0.0, 0.0, 0.25, 1.25 ] },
						"west": { "texture": "#plain", "uv": [ 0.0, 0.0, 0.25, 1.25 ] },
						"up": { "texture": "#plain", "uv": [ 0.0, 0.0, 0.25, 0.25 ] },
						"down": { "texture": "#plain", "uv": [ 0.0, 0.0, 0.25, 0.25 ], "enabled": false }
					}
				},
				{
					"name": "pinecone1",
					"from": [ -2.9, -1.4, -0.13 ], 
					"to": [ -2.4, -0.9, 0.37 ], 
					"rotationOrigin": [ -2.4, -0.4, 0.3 ],
					"faces": {
						"north": { "texture": "#plain", "uv": [ 2.5, 4.75, 3.0, 5.25 ] },
						"east": { "texture": "#plain", "uv": [ 2.5, 4.75, 3.0, 5.25 ] },
						"south": { "texture": "#plain", "uv": [ 2.5, 4.75, 3.0, 5.25 ] },
						"west": { "texture": "#plain", "uv": [ 2.5, 4.75, 3.0, 5.25 ] },
						"up": { "texture": "#plain", "uv": [ 2.5, 4.75, 3.0, 5.25 ] },
						"down": { "texture": "#plain", "uv": [ 2.5, 4.75, 3.0, 5.25 ] }
					},
					"children": [
						{
							"name": "pinecone10",
							"from": [ 0.05, -0.6, 0.05 ], 
							"to": [ 0.45, 0.1, 0.45 ], 
							"rotationOrigin": [ 0.3, 0.1, 0.03 ],
							"faces": {
								"north": { "texture": "#bone", "uv": [ 2.5, 1.75, 2.75, 2.25 ] },
								"east": { "texture": "#bone", "uv": [ 2.5, 1.75, 2.75, 2.25 ] },
								"south": { "texture": "#bone", "uv": [ 2.25, 2.25, 2.5, 2.75 ] },
								"west": { "texture": "#bone", "uv": [ 2.5, 1.75, 2.75, 2.25 ] },
								"up": { "texture": "#bone", "uv": [ 2.25, 2.25, 2.5, 2.5 ] },
								"down": { "texture": "#bone", "uv": [ 2.5, 2.0, 2.75, 2.25 ] }
							},
							"children": [
								{
									"name": "pinecone11",
									"from": [ 0.03, -0.7, 0.02 ], 
									"to": [ 0.38, 0.0, 0.37 ], 
									"rotationOrigin": [ 0.2, 0.0, -0.02 ],
									"rotationX": -20.0,
									"rotationZ": -5.0,
									"faces": {
										"north": { "texture": "#bone", "uv": [ 5.75, 4.5, 6.0, 5.0 ] },
										"east": { "texture": "#bone", "uv": [ 6.25, 4.25, 6.5, 4.75 ] },
										"south": { "texture": "#bone", "uv": [ 6.0, 4.25, 6.25, 4.75 ] },
										"west": { "texture": "#bone", "uv": [ 6.0, 4.5, 6.25, 5.0 ] },
										"up": { "texture": "#bone", "uv": [ 6.0, 4.75, 6.25, 5.0 ] },
										"down": { "texture": "#bone", "uv": [ 6.0, 4.5, 6.25, 4.75 ] }
									},
									"children": [
										{
											"name": "pinecone12",
											"from": [ 0.08, -0.7, 0.08 ], 
											"to": [ 0.28, 0.0, 0.28 ], 
											"rotationOrigin": [ 0.2, 0.0, 0.06 ],
											"rotationX": -40.0,
											"rotationZ": -10.0,
											"faces": {
												"north": { "texture": "#bone", "uv": [ 7.75, 6.5, 8.0, 7.0 ] },
												"east": { "texture": "#bone", "uv": [ 7.75, 6.25, 8.0, 6.75 ] },
												"south": { "texture": "#bone", "uv": [ 7.75, 6.5, 8.0, 7.0 ] },
												"west": { "texture": "#bone", "uv": [ 7.75, 6.25, 8.0, 6.75 ] },
												"up": { "texture": "#bone", "uv": [ 7.75, 6.5, 8.0, 6.75 ] },
												"down": { "texture": "#bone", "uv": [ 7.75, 6.5, 8.0, 6.75 ] }
											}
										}
									]
								}
							]
						}
					]
				},
				{
					"name": "pinecone13",
					"from": [ -2.7, -1.0, 0.27 ], 
					"to": [ -2.2, -0.5, 0.77 ], 
					"rotationOrigin": [ -2.45, -0.5, 0.53 ],
					"rotationX": -15.0,
					"faces": {
						"north": { "texture": "#plain", "uv": [ 2.5, 4.75, 3.0, 5.25 ] },
						"east": { "texture": "#plain", "uv": [ 2.5, 4.75, 3.0, 5.25 ] },
						"south": { "texture": "#plain", "uv": [ 2.5, 4.75, 3.0, 5.25 ] },
						"west": { "texture": "#plain", "uv": [ 2.5, 4.75, 3.0, 5.25 ] },
						"up": { "texture": "#plain", "uv": [ 2.5, 4.75, 3.0, 5.25 ] },
						"down": { "texture": "#plain", "uv": [ 2.5, 4.75, 3.0, 5.25 ] }
					},
					"children": [
						{
							"name": "pinecone14",
							"from": [ 0.05, -0.6, 0.05 ], 
							"to": [ 0.45, 0.1, 0.45 ], 
							"rotationOrigin": [ 0.3, 0.1, 0.03 ],
							"faces": {
								"north": { "texture": "#bone", "uv": [ 2.5, 1.75, 2.75, 2.25 ] },
								"east": { "texture": "#bone", "uv": [ 2.5, 1.75, 2.75, 2.25 ] },
								"south": { "texture": "#bone", "uv": [ 2.25, 2.25, 2.5, 2.75 ] },
								"west": { "texture": "#bone", "uv": [ 2.5, 1.75, 2.75, 2.25 ] },
								"up": { "texture": "#bone", "uv": [ 2.25, 2.25, 2.5, 2.5 ] },
								"down": { "texture": "#bone", "uv": [ 2.5, 2.0, 2.75, 2.25 ] }
							},
							"children": [
								{
									"name": "pinecone15",
									"from": [ 0.03, -0.7, 0.02 ], 
									"to": [ 0.38, 0.0, 0.37 ], 
									"rotationOrigin": [ 0.2, 0.0, -0.02 ],
									"rotationX": -20.0,
									"rotationZ": -5.0,
									"faces": {
										"north": { "texture": "#bone", "uv": [ 5.75, 4.5, 6.0, 5.0 ] },
										"east": { "texture": "#bone", "uv": [ 6.25, 4.25, 6.5, 4.75 ] },
										"south": { "texture": "#bone", "uv": [ 6.0, 4.25, 6.25, 4.75 ] },
										"west": { "texture": "#bone", "uv": [ 6.0, 4.5, 6.25, 5.0 ] },
										"up": { "texture": "#bone", "uv": [ 6.0, 4.75, 6.25, 5.0 ] },
										"down": { "texture": "#bone", "uv": [ 6.0, 4.5, 6.25, 4.75 ] }
									},
									"children": [
										{
											"name": "pinecone16",
											"from": [ 0.08, -0.7, 0.08 ], 
											"to": [ 0.28, 0.0, 0.28 ], 
											"rotationOrigin": [ 0.2, 0.0, 0.06 ],
											"rotationX": -40.0,
											"rotationZ": -10.0,
											"faces": {
												"north": { "texture": "#bone", "uv": [ 7.75, 6.5, 8.0, 7.0 ] },
												"east": { "texture": "#bone", "uv": [ 7.75, 6.25, 8.0, 6.75 ] },
												"south": { "texture": "#bone", "uv": [ 7.75, 6.5, 8.0, 7.0 ] },
												"west": { "texture": "#bone", "uv": [ 7.75, 6.25, 8.0, 6.75 ] },
												"up": { "texture": "#bone", "uv": [ 7.75, 6.5, 8.0, 6.75 ] },
												"down": { "texture": "#bone", "uv": [ 7.75, 6.5, 8.0, 6.75 ] }
											}
										}
									]
								}
							]
						}
					]
				},
				{
					"name": "pinecone17",
					"from": [ -2.7, -1.0, -0.53 ], 
					"to": [ -2.2, -0.5, -0.03 ], 
					"rotationOrigin": [ -2.45, -0.5, -0.27 ],
					"rotationX": 15.0,
					"rotationY": -180.0,
					"faces": {
						"north": { "texture": "#plain", "uv": [ 2.5, 4.75, 3.0, 5.25 ] },
						"east": { "texture": "#plain", "uv": [ 2.5, 4.75, 3.0, 5.25 ] },
						"south": { "texture": "#plain", "uv": [ 2.5, 4.75, 3.0, 5.25 ] },
						"west": { "texture": "#plain", "uv": [ 2.5, 4.75, 3.0, 5.25 ] },
						"up": { "texture": "#plain", "uv": [ 2.5, 4.75, 3.0, 5.25 ] },
						"down": { "texture": "#plain", "uv": [ 2.5, 4.75, 3.0, 5.25 ] }
					},
					"children": [
						{
							"name": "pinecone18",
							"from": [ 0.05, -0.6, 0.05 ], 
							"to": [ 0.45, 0.1, 0.45 ], 
							"rotationOrigin": [ 0.3, 0.1, 0.03 ],
							"faces": {
								"north": { "texture": "#bone", "uv": [ 2.5, 1.75, 2.75, 2.25 ] },
								"east": { "texture": "#bone", "uv": [ 2.5, 1.75, 2.75, 2.25 ] },
								"south": { "texture": "#bone", "uv": [ 2.25, 2.25, 2.5, 2.75 ] },
								"west": { "texture": "#bone", "uv": [ 2.5, 1.75, 2.75, 2.25 ] },
								"up": { "texture": "#bone", "uv": [ 2.25, 2.25, 2.5, 2.5 ] },
								"down": { "texture": "#bone", "uv": [ 2.5, 2.0, 2.75, 2.25 ] }
							},
							"children": [
								{
									"name": "pinecone19",
									"from": [ 0.03, -0.7, 0.02 ], 
									"to": [ 0.38, 0.0, 0.37 ], 
									"rotationOrigin": [ 0.2, 0.0, -0.02 ],
									"rotationX": -20.0,
									"rotationZ": -5.0,
									"faces": {
										"north": { "texture": "#bone", "uv": [ 5.75, 4.5, 6.0, 5.0 ] },
										"east": { "texture": "#bone", "uv": [ 6.25, 4.25, 6.5, 4.75 ] },
										"south": { "texture": "#bone", "uv": [ 6.0, 4.25, 6.25, 4.75 ] },
										"west": { "texture": "#bone", "uv": [ 6.0, 4.5, 6.25, 5.0 ] },
										"up": { "texture": "#bone", "uv": [ 6.0, 4.75, 6.25, 5.0 ] },
										"down": { "texture": "#bone", "uv": [ 6.0, 4.5, 6.25, 4.75 ] }
									},
									"children": [
										{
											"name": "pinecone20",
											"from": [ 0.08, -0.7, 0.08 ], 
											"to": [ 0.28, 0.0, 0.28 ], 
											"rotationOrigin": [ 0.2, 0.0, 0.06 ],
											"rotationX": -40.0,
											"rotationZ": -10.0,
											"faces": {
												"north": { "texture": "#bone", "uv": [ 7.75, 6.5, 8.0, 7.0 ] },
												"east": { "texture": "#bone", "uv": [ 7.75, 6.25, 8.0, 6.75 ] },
												"south": { "texture": "#bone", "uv": [ 7.75, 6.5, 8.0, 7.0 ] },
												"west": { "texture": "#bone", "uv": [ 7.75, 6.25, 8.0, 6.75 ] },
												"up": { "texture": "#bone", "uv": [ 7.75, 6.5, 8.0, 6.75 ] },
												"down": { "texture": "#bone", "uv": [ 7.75, 6.5, 8.0, 6.75 ] }
											}
										}
									]
								}
							]
						}
					]
				}
			]
		}
	]}