{
	"editor": {
		"allAngles": true,
		"entityTextureMode": false
	},
	"textureWidth": 8,
	"textureHeight": 8,
	"textureSizes": {
	},
	"textures": {
		"plain": "block/leather/plain",
		"rabbit": "item/medieval/rabbit"
	},
	"elements": [
		{
			"name": "bone",
			"stepParentName": "UpperTorso",
			"from": [ 2.0, 5.0, 3.0 ],
			"to": [ 2.0, 5.0, 3.0 ],
			"rotationOrigin": [ 2.0, 5.0, 3.0 ],
			"faces": {
			},
			"children": [
				{
					"name": "string back",
					"from": [ 2.2, 0.2, -1.4 ],
					"to": [ 2.4, 0.4, 1.6 ],
					"rotationOrigin": [ 2.3, 0.3, 0.1 ],
					"rotationZ": 45.0,
					"faces": {
						"north": { "texture": "#plain", "uv": [ 0.0, 0.0, 0.25, 0.25 ] },
						"east": { "texture": "#plain", "uv": [ 0.0, 0.0, 3.0, 0.25 ] },
						"south": { "texture": "#plain", "uv": [ 0.0, 0.0, 0.25, 0.25 ] },
						"west": { "texture": "#plain", "uv": [ 0.0, 0.0, 3.0, 0.25 ] },
						"up": { "texture": "#plain", "uv": [ 0.0, 0.0, 0.25, 3.0 ] },
						"down": { "texture": "#plain", "uv": [ 0.0, 0.0, 0.25, 3.0 ] }
					}
				},
				{
					"name": "string R2",
					"from": [ -1.0, 0.2, -1.5 ],
					"to": [ 2.3, 0.4, -1.3 ],
					"rotationOrigin": [ 0.4, 0.3, -1.4 ],
					"rotationX": 45.0,
					"faces": {
						"north": { "texture": "#plain", "uv": [ 0.0, 0.0, 3.25, 0.25 ] },
						"east": { "texture": "#plain", "uv": [ 0.0, 0.0, 0.25, 0.25 ] },
						"south": { "texture": "#plain", "uv": [ 0.0, 0.0, 3.25, 0.25 ] },
						"west": { "texture": "#plain", "uv": [ 0.0, 0.0, 0.25, 0.25 ] },
						"up": { "texture": "#plain", "uv": [ 0.0, 0.0, 3.25, 0.25 ] },
						"down": { "texture": "#plain", "uv": [ 0.0, 0.0, 3.25, 0.25 ] }
					}
				},
				{
					"name": "string L2",
					"from": [ -1.0, 0.2, 1.5 ],
					"to": [ 2.3, 0.4, 1.7 ],
					"rotationOrigin": [ 0.4, 0.3, 1.6 ],
					"rotationX": 45.0,
					"faces": {
						"north": { "texture": "#plain", "uv": [ 0.0, 0.0, 3.25, 0.25 ] },
						"east": { "texture": "#plain", "uv": [ 0.0, 0.0, 0.25, 0.25 ] },
						"south": { "texture": "#plain", "uv": [ 0.0, 0.0, 3.25, 0.25 ] },
						"west": { "texture": "#plain", "uv": [ 0.0, 0.0, 0.25, 0.25 ] },
						"up": { "texture": "#plain", "uv": [ 0.0, 0.0, 3.25, 0.25 ] },
						"down": { "texture": "#plain", "uv": [ 0.0, 0.0, 3.25, 0.25 ] }
					}
				},
				{
					"name": "string R3",
					"from": [ -2.3, -0.1, -1.0 ],
					"to": [ -0.8, 0.1, -0.8 ],
					"rotationOrigin": [ -1.8, 0.0, -0.9 ],
					"rotationY": 33.0,
					"rotationZ": 17.0,
					"faces": {
						"north": { "texture": "#plain", "uv": [ 0.0, 0.0, 1.5, 0.25 ] },
						"east": { "texture": "#plain", "uv": [ 0.0, 0.0, 0.25, 0.25 ] },
						"south": { "texture": "#plain", "uv": [ 0.0, 0.0, 1.5, 0.25 ] },
						"west": { "texture": "#plain", "uv": [ 0.0, 0.0, 0.25, 0.25 ] },
						"up": { "texture": "#plain", "uv": [ 0.0, 0.0, 1.5, 0.25 ] },
						"down": { "texture": "#plain", "uv": [ 0.0, 0.0, 1.5, 0.25 ] }
					}
				},
				{
					"name": "string L3",
					"from": [ -2.3, -0.1, 1.0 ],
					"to": [ -0.8, 0.1, 1.2 ],
					"rotationOrigin": [ -1.8, 0.0, 1.1 ],
					"rotationY": -33.0,
					"rotationZ": 17.0,
					"faces": {
						"north": { "texture": "#plain", "uv": [ 0.0, 0.0, 1.5, 0.25 ] },
						"east": { "texture": "#plain", "uv": [ 0.0, 0.0, 0.25, 0.25 ] },
						"south": { "texture": "#plain", "uv": [ 0.0, 0.0, 1.5, 0.25 ] },
						"west": { "texture": "#plain", "uv": [ 0.0, 0.0, 0.25, 0.25 ] },
						"up": { "texture": "#plain", "uv": [ 0.0, 0.0, 1.5, 0.25 ] },
						"down": { "texture": "#plain", "uv": [ 0.0, 0.0, 1.5, 0.25 ] }
					}
				},
				{
					"name": "string L1",
					"from": [ -2.6457, -1.0799, 0.2085 ],
					"to": [ -2.4457, 0.1201, 0.4085 ],
					"rotationOrigin": [ -2.5457, -0.8799, 0.3085 ],
					"rotationX": 48.451,
					"rotationY": 27.226,
					"rotationZ": -25.146,
					"faces": {
						"north": { "texture": "#plain", "uv": [ 0.0, 0.0, 0.25, 1.0 ] },
						"east": { "texture": "#plain", "uv": [ 0.0, 0.0, 0.25, 1.0 ] },
						"south": { "texture": "#plain", "uv": [ 0.0, 0.0, 0.25, 1.0 ] },
						"west": { "texture": "#plain", "uv": [ 0.0, 0.0, 0.25, 1.0 ] },
						"up": { "texture": "#plain", "uv": [ 0.0, 0.0, 0.25, 0.25 ] }
					}
				},
				{
					"name": "string R1",
					"from": [ -2.6345, -1.0985, -0.2196 ],
					"to": [ -2.4345, 0.2015, -0.0196 ],
					"rotationOrigin": [ -2.5345, -0.7985, -0.1196 ],
					"rotationX": -12.47,
					"rotationY": 47.177,
					"rotationZ": -36.443,
					"faces": {
						"north": { "texture": "#plain", "uv": [ 0.0, 0.0, 0.25, 1.25 ] },
						"east": { "texture": "#plain", "uv": [ 0.0, 0.0, 0.25, 1.25 ] },
						"south": { "texture": "#plain", "uv": [ 0.0, 0.0, 0.25, 1.25 ] },
						"west": { "texture": "#plain", "uv": [ 0.0, 0.0, 0.25, 1.25 ] },
						"up": { "texture": "#plain", "uv": [ 0.0, 0.0, 0.25, 0.25 ] }
					}
				},
				{
					"name": "pinecone1",
					"from": [ -2.9, -1.4, -0.13 ],
					"to": [ -2.4, -0.9, 0.37 ],
					"rotationOrigin": [ -2.4, -0.4, 0.3 ],
					"faces": {
						"north": { "texture": "#plain", "uv": [ 2.5, 4.75, 3.0, 5.25 ] },
						"east": { "texture": "#plain", "uv": [ 2.5, 4.75, 3.0, 5.25 ] },
						"south": { "texture": "#plain", "uv": [ 2.5, 4.75, 3.0, 5.25 ] },
						"west": { "texture": "#plain", "uv": [ 2.5, 4.75, 3.0, 5.25 ] },
						"up": { "texture": "#plain", "uv": [ 2.5, 4.75, 3.0, 5.25 ] },
						"down": { "texture": "#plain", "uv": [ 2.5, 4.75, 3.0, 5.25 ] }
					}
				},
				{
					"name": "cube0",
					"from": [ -3.04, -2.92, -0.28 ],
					"to": [ -2.24, -2.12, 0.52 ],
					"rotationOrigin": [ -3.04, -2.92, -0.94 ],
					"rotationZ": 10.0,
					"faces": {
						"north": { "texture": "#rabbit", "uv": [ 1.25, 6.25, 2.25, 7.25 ], "autoUv": false },
						"east": { "texture": "#rabbit", "uv": [ 6.5, 0.75, 7.5, 1.75 ], "autoUv": false },
						"south": { "texture": "#rabbit", "uv": [ 3.25, 6.25, 4.25, 7.25 ], "autoUv": false },
						"west": { "texture": "#rabbit", "uv": [ 2.25, 6.25, 3.25, 7.25 ], "autoUv": false },
						"up": { "texture": "#rabbit", "uv": [ 2.25, 5.25, 3.25, 6.25 ], "autoUv": false },
						"down": { "texture": "#rabbit", "uv": [ 6.5, 1.0, 7.5, 2.0 ], "autoUv": false, "windMode": [-1,-1,-1,-1] }
					},
					"children": [
						{
							"name": "cube1",
							"from": [ 0.16, 0.8, 0.12 ],
							"to": [ 0.8, 1.6, 0.68 ],
							"rotationOrigin": [ 0.16, 0.8, 0.08 ],
							"rotationZ": -11.0,
							"faces": {
								"north": { "texture": "#rabbit", "uv": [ 1.25, 5.25, 2.25, 6.25 ], "autoUv": false },
								"east": { "texture": "#rabbit", "uv": [ 6.5, 1.0, 7.5, 2.0 ], "autoUv": false },
								"south": { "texture": "#rabbit", "uv": [ 3.25, 5.25, 4.25, 6.25 ], "autoUv": false },
								"west": { "texture": "#rabbit", "uv": [ 2.25, 5.25, 3.25, 6.25 ], "autoUv": false },
								"up": { "texture": "#rabbit", "uv": [ 3.25, 1.5, 4.25, 2.5 ], "autoUv": false },
								"down": { "texture": "#rabbit", "uv": [ 6.5, 0.75, 7.5, 1.75 ], "autoUv": false }
							}
						}
					]
				}
			]
		}
	]}