{
  "code": "cornflour",
  "maxstacksize": 64,
  "attributes": {
    "dissolveInWater": true
  },
  "variantgroups": [{ "code": "type", "states": ["corn"] }],
  "texture": { "base": "cropsv2:item/food/grain/corn-flour" },
  "creativeinventory": { "general": ["*"], "items": ["*"] },
  "materialDensity": 600,
  "transitionableProps": [
    {
      "type": "Perish",
      "freshHours": { "avg": 4320 },
      "transitionHours": { "avg": 336 },
      "transitionedStack": { "type": "item", "code": "game:rot" },
      "transitionRatio": 0.25
    }
  ]
}
