{
  "code": "apiary",
  "class": "BlockApiary",
  "entityClass": "BlockEntityApiary",

  "behaviors": [
    { "name": "HarvestDropsHandbook" }
  ],
  "attributes":{
    "handbook": {
        "description": "An apiary is used to give space to active brood box colonies so they can build their hive. If an apiary is placed on top of a populated brood box, then the bees will constuct honeycomb in any hive frames inside."
      }

  },
  "shape": { "base": "block/apiary" },

  "sidesolid": { "all": false, "up": true },
  "sideopaque": { "all": false, "up": true },
  blockmaterial: "Wood",
  replaceable: 700,
  resistance: 1.5,
  lightAbsorption: 4,
  sounds: {
    "place": "block/planks",
    "hit": "block/planks",
    "break": "block/planks",
    "walk": "walk/wood"
  },
  combustibleProps: {
    burnTemperature: 600,
    burnDuration: 10,
  },
  materialDensity: 600,

  "creativeinventory": { "general": [ "*" ] },

  "collisionSelectionBoxes": [
    { "x1": 0,    "y1": 0.0625, "z1": 0, "x2": 0.25, "y2": 1, "z2": 1 },
    { "x1": 0.25, "y1": 0.0625, "z1": 0, "x2": 0.5,  "y2": 1, "z2": 1 },
    { "x1": 0.5,  "y1": 0.0625, "z1": 0, "x2": 0.75, "y2": 1, "z2": 1 },
    { "x1": 0.75, "y1": 0.0625, "z1": 0, "x2": 1,    "y2": 1, "z2": 1 },
  ],
  heldTpIdleAnimation: "holdbothhandslarge", heldRightReadyAnimation: "heldblockready", heldTpUseAnimation: "twohandplaceblock",
  tpHandTransform: {
    translation: { x: -1.23, y: -0.91, z: -0.8 },
    rotation: { x: -2, y: 25, z: -78 },
    scale: 0.4
  }
}
