{
  "code": "hivesmoker",
  "class": "BlockHiveSmoker",
  "entityClass": "BlockEntityHiveSmoker",
  "maxStackSize": 1,
  "materialDensity": 1200,
  "attributes":{
    "handbook": {
        "description": "Hive smokers can be filled with dry grass and ignited to produce smoke for a short period. Normally, bees are provoked by being in their vicinity or disturbing their hives, but they become much less aggressive if a lit hive smoker is held in the hands or placed near the colony.",
        "groupBy": [ "hivesmoker-*" ]
    }
  },
  "behaviors": [
    { "name": "UnstableFalling" },
    { "name": "HarvestDropsHandbook" }
  ],
  "variantgroups": [
    {
      "code": "metal",
      "states": [
        "copper",
        "gold",
        "silver",
        "tinbronze",
        "blackbronze",
        "bismuthbronze",
        "iron",
        "meteoriciron",
        "steel"
      ]
    },
    { "code": "state", "states": ["empty", "filled", "lit"] }
  ],

  "shapeByType": {
    "*-empty":  { "base": "expandedbeekeeping:block/hivesmoker/{metal}/empty" },
    "*-filled": { "base": "expandedbeekeeping:block/hivesmoker/{metal}/filled" },
    "*-lit":    { "base": "expandedbeekeeping:block/hivesmoker/{metal}/lit" }
  },

  "sidesolid": { "all": false },
  "sideopaque": { "all": false },

  "blockmaterial": "Metal",
  "resistance": 1.0,
  "replaceable": 1,
  "rainPermeable": true,
  "lightAbsorption": 0,

  "selectionBox": { "x1": 0.125, "y1": 0, "z1": 0.125, "x2": 0.875, "y2": 0.71875, "z2": 0.875 },
  "collisionBox": { "x1": 0.125, "y1": 0, "z1": 0.125, "x2": 0.875, "y2": 0.71875, "z2": 0.875 },

  "particlePropertiesByType": {
    "*-lit": [
      {
        "hsvaColor": [
          { "avg": 0, "var": 0 },
          { "avg": 0, "var": 0 },
          { "avg": 100, "var": 30 },
          { "avg": 90, "var": 30 }
        ],
        "opacityEvolve": { "transform": "quadratic", "factor": -16 },
        "gravityEffect": { "avg": 0, "var": 0 },
        "posOffset": [
          { "avg": 0.0, "var": 0.025 },
          { "avg": 0.0, "var": 0.025 },
          { "avg": 0.0, "var": 0.025 }
        ],
        "velocity": [
          { "avg": 0, "var": 0.025 },
          { "avg": 0.15, "var": 0.1 },
          { "avg": 0, "var": 0.025 }
        ],
        "quantity": { "avg": 0.5 },
        "lifeLength": { "avg": 2.5 },
        "size": { "avg": 0.35, "var": 0.05 },
        "sizeEvolve": { "transform": "linear", "factor": 0.5 },
        "particleModel": "Quad",
        "windAffectednes": 0.7
      }
    ]
  },

  "creativeinventory": { "general": ["*-empty"], "tools": ["*-empty"] },

  "guiTransform": {
    "translation": { "x": 0, "y": 0, "z": 0 },
    "rotation": { "x": -35, "y": 200, "z": 0 },
    "origin": { "x": 0.5, "y": 0.4, "z": 0.5 },
    "scale": 1.5
  },

  "tpHandTransform": {
    "translation": { "x": -0.7, "y": -0.3, "z": -0.75 },
    "rotation": { "x": 180, "y": 0, "z": -90 },
    "origin": { "x": 0.5, "y": 0, "z": 0.5 },
    "scale": 0.55
  },

  "tpOffHandTransform": {
    "translation": { "x": -0.7, "y": -0.3, "z": -1.075 },
    "rotation": { "x": 180, "y": 0, "z": -90 },
    "origin": { "x": 0.5, "y": 0, "z": 0.5 },
    "scale": 0.55
  },

  "groundTransform": {
    "translation": { "x": 0, "y": 0, "z": 0 },
    "rotation": { "x": 0, "y": 0, "z": 0 },
    "origin": { "x": 0.5, "y": 0, "z": 0.5 },
    "scale": 2.5
  },

  "heldRightTpIdleAnimation": "holdinglanternrighthand",
  "heldLeftTpIdleAnimation": "holdinglanternlefthand"
}
