{
  "code": "broodbox",
  "class": "BlockBroodBox",
  "entityClass": "BlockEntityBroodBox",

"behaviors": [
    { "name": "HarvestDropsHandbook" }
  ],

  attributes: {
    "handbook": { "description": "expandedbeekeeping:handbook-desc-broodbox"},
    "humanoidTraversalCost": 100
  },
 

  heldTpIdleAnimation: "holdunderarm",

  "shape": { "base": "block/broodbox" },

  "sidesolid": { "all": false, "up": true },
  "sideopaque": { "all": false, "up": true },

  "creativeinventory": { "general": [ "*" ] },

  "collisionbox": { "x1": 0, "y1": 0, "z1": 0, "x2": 1, "y2": 1, "z2": 1 },
  "selectionBoxes": [
    { "x1": 0, "y1": 0, "z1": 0, "x2": 1, "y2": 1, "z2": 1 }
  ],

  "replaceable": 700,
  "resistance": 1.5,
  "lightAbsorption": 1,
  blockmaterial: "Wood",

  sounds: {	
    "place": "game:block/planks",
    "hit": "game:block/planks",
    "break": "game:block/planks",
    "walk": "game:walk/wood"
  },

  combustibleProps: {
    burnTemperature: 600,
    burnDuration: 10,
  },

  materialDensity: 600,
  tpHandTransform: {
    translation: { x: -0.7, y: -0.6, z: -0.9 },
    rotation: { x: 80, y: 0, z: 0 },
    scale: 0.56
  },
  fpHandTransform: {
    translation: { x: 0.08, y: -0.2, z: 0.6 },
    rotation: { x: 33, y: 134, z: -102 }
  }

}
