{
  "code": "hiveframe",
  "class": "BlockHiveFrame",
  "entityClass": "BlockEntityHiveFrame",

  "behaviors": [
    { "name": "UnstableFalling" },
    { "name": "HarvestDropsHandbook" }
  ],

  "variantgroups": [
    { "code": "state", "states": [ "empty", "wax", "honey", "brood" ] }
  ],

  "attributes": {
    "apiaryframeable": true
  },

  "attributesByType": {
  "*-empty": {
    "handbook": {
      "canBePlacedIntoHeading": "expandedbeekeeping:handbook-can-be-placed-into",
      "canBePlacedIntoCodes": ["expandedbeekeeping:apiary", "expandedbeekeeping:broodbox"]
    }
  },
  "*-wax": {
    "handbook": {
      "dropsWhenHarvestedHeading": "expandedbeekeeping:handbook-drops-when-harvested",
      "dropsWhenHarvestedCodes": ["game:beeswax"],
      "canBePlacedIntoHeading": "expandedbeekeeping:handbook-can-be-placed-into",
      "canBePlacedIntoCodes": ["expandedbeekeeping:apiary", "expandedbeekeeping:broodbox"]
    }
  },
  "*-honey": {
    "handbook": {
      "dropsWhenHarvestedHeading": "expandedbeekeeping:handbook-drops-when-harvested",
      "dropsWhenHarvestedCodes": ["game:honeycomb"],
      "canBePlacedIntoHeading": "expandedbeekeeping:handbook-can-be-placed-into",
      "canBePlacedIntoCodes": ["expandedbeekeeping:apiary"]
    }
  },
  "*-brood": {
    "handbook": {
      "dropsWhenHarvestedHeading": "expandedbeekeeping:handbook-drops-when-harvested",
      "dropsWhenHarvestedCodes": ["game:beeswax"],
      "description": "expandedbeekeeping:handbook-desc-hiveframe-brood",
      "canBePlacedIntoHeading": "expandedbeekeeping:handbook-can-be-placed-into",
      "canBePlacedIntoCodes": ["expandedbeekeeping:apiary", "expandedbeekeeping:broodbox"]
    }
  }
},

  "creativeinventory": {
    "general": [
      "hiveframe-empty",
      "hiveframe-wax",
      "hiveframe-honey",
      "hiveframe-brood"
    ]
  },

  "shapeByType": {
    "*-empty": { "base": "block/hiveframe/empty" },
    "*-wax":   { "base": "block/hiveframe/wax" },
    "*-honey": { "base": "block/hiveframe/honey" },
    "*-brood": { "base": "block/hiveframe/brood" }
  },

  "sideopaque": { "all": false },
  "sidesolid":  { "all": false },
  "blockmaterial": "Wood",

  "maxStackSize": 4,
  "replaceable": 700,
  "resistance": 1.5,
  "lightAbsorption": 0,

  "sounds": {
    "place": "block/planks",
    "hit": "block/planks",
    "break": "block/planks",
    "walk": "walk/wood"
  },

  "combustibleProps": {
    "burnTemperature": 600,
    "burnDuration": 10
  },

  "collisionbox": { "x1": 0.09375, "y1": 0, "z1": 0.09375, "x2": 0.90625, "y2": 0.125, "z2": 0.90625 },
  "selectionbox": { "x1": 0.09375, "y1": 0, "z1": 0.09375, "x2": 0.90625, "y2": 0.125, "z2": 0.90625 },

  "tpHandTransform": {
    "translation": { "x": -1, "y": -0.6, "z": -1.05 },
    "rotation": { "x": -87, "y": 9, "z": 4 },
    "origin": { "x": 0.5, "y": 0.125, "z": 0.5 },
    "scale": 0.5
  },

  "fpHandTransform": {
    "translation": { "x": -0.3, "y": 0, "z": 0.5 },
    "rotation": { "x": 16, "y": -51, "z": 91 },
    "origin": { "x": 0.5, "y": 0.125, "z": 0.5 }
  },
  "guiTransform": {
    translation: { x: 0, y: 3, z: 0 },
    origin: { x: 0.5, y: 0.0625, z: 0.5 },
    scale: 1.33
  }

}
